Ticker,Company,Sector,Region,Manual_Rating,Default_Event,ReportDate,Year,TotalAssets,TotalLiabilities,TotalEquity,TotalDebt,Cash,Revenue,EBITDA,EBIT,NetIncome,InterestExpense,OperatingCashFlow,MarketCap,SharePrice,Return_1Y,Volatility_1Y,ROA,ROE,NetMargin,EBITDAMargin,DebtToEquity,DebtToAssets,InterestCoverage,OCF_to_Debt,CurrentRatio,MarketCap_to_Assets,X1,X2,X3,X4,Z_Score,O_Score,ROA_Lag1,DE_Lag1,Slope_Leverage,default_within_1y,PD_Logistic,PD_RF,PD_XGB
AAL,American Airlines,Travel,US,B-,0,2021-12-31,2021,66467000000.0,73807000000.0,-7340000000.0,46177000000.0,273000000.0,29882000000.0,1587000000.0,-748000000.0,-1993000000.0,1800000000.0,704000000.0,11704437443.979223,18.06999969482422,0.1458464914582955,0.4725991528781389,-0.0299848044894458,0.2715258855585831,-0.0666956696338933,0.0531088949869486,-6.291144414168938,0.6947357335218981,-0.4155555555555553,0.0152456850813175,0.9005514382104678,0.1760939630791103,-0.1104307400664991,-0.0112537048460138,0.1585816717110738,0.449576481562279,0.3750713705172787,5.642108113800834,0.0,0.0,0.6947357335218981,0.0,0.0018873417785288328,0.01,0.005057236
AAL,American Airlines,Travel,US,B-,0,2022-12-31,2022,64716000000.0,70515000000.0,-5799000000.0,43687000000.0,440000000.0,48971000000.0,4446000000.0,2148000000.0,127000000.0,1962000000.0,2173000000.0,8276172277.660281,12.720000267028809,-0.2917594145076597,0.5633789638579724,0.001962420421534,-0.021900327642697,0.0025933715872659,0.0907884258030262,-7.53354026556303,0.6750571728784226,1.0948012232415896,0.0497401973127017,0.9177621782599448,0.1278844841717702,-0.089606897830521,0.0331911737437418,0.1173675427591332,0.7567062241176834,0.8291293457308864,5.442147227888003,-0.0299848044894458,-6.291144414168938,-0.0196785606434755,0.0,0.10724289522978568,0.009974293059125963,0.0044954405
AAL,American Airlines,Travel,US,B-,0,2023-12-31,2023,63058000000.0,68260000000.0,-5202000000.0,40663000000.0,578000000.0,52788000000.0,5520000000.0,3266000000.0,822000000.0,2145000000.0,3803000000.0,8989713508.32875,13.739999771118164,0.0784929370459661,0.3527462796050452,0.0130356180024739,-0.1580161476355248,0.0155717208456467,0.1045692202773357,-7.816801230296042,0.6448507723048622,1.522610722610722,0.0935248260089024,0.9237913858775272,0.1425626170878992,-0.0824954803514225,0.0517935868565447,0.1316981176139576,0.8371340670493831,0.9880771978226484,5.3733705477496905,0.001962420421534,-7.53354026556303,-0.0302064005735603,0.0,0.12023671565247133,0.01,0.0042947484
AAL,American Airlines,Travel,US,B-,0,2024-12-31,2024,61783000000.0,65760000000.0,-3977000000.0,37544000000.0,804000000.0,54211000000.0,5333000000.0,3088000000.0,846000000.0,1934000000.0,3983000000.0,11586316396.771488,17.6200008392334,0.3110120081366019,0.443882048857032,0.0136930870951556,-0.2127231581594167,0.0156056888823301,0.0983748685691096,-9.44028161931104,0.6076752504734312,1.596690796277145,0.1060888557425953,0.939522506082725,0.1875324344361958,-0.0643704578929479,0.0499813864655325,0.176190942773289,0.8774420147937135,1.070850606322407,5.280773028179272,0.0130356180024739,-7.816801230296042,-0.037175521831431,0.0,0.14724203407537853,0.01,0.0042947484
AAPL,Apple Inc.,Technology,US,AA+,0,2022-09-30,2022,352755000000.0,302083000000.0,50672000000.0,132480000000.0,23646000000.0,394328000000.0,130541000000.0,119437000000.0,99803000000.0,2931000000.0,122151000000.0,2234152466376.114,140.13002014160156,0.0125684004237907,0.3184678221980702,0.2829244092925685,1.969588727502368,0.2530964070519973,0.3310467428130896,2.614461635617304,0.3755581069013904,40.74957352439439,0.9220335144927536,1.167741978198045,6.333439544091831,0.1436464401638531,0.3385834360958739,7.395823222015518,1.1178523337727315,6.8450473342950495,3.4329945713030288,0.0,0.0,0.3755581069013904,0.0,1.1528861041831024e-05,0.0,0.0013169803
AAPL,Apple Inc.,Technology,US,AA+,0,2023-09-30,2023,352583000000.0,290437000000.0,62146000000.0,111088000000.0,29965000000.0,383285000000.0,125820000000.0,114301000000.0,96995000000.0,3933000000.0,110543000000.0,2633948183441.468,169.38507080078125,0.2462062278541095,0.2757814556605049,0.2750983456377647,1.5607601454639075,0.2530623426432028,0.3282674772036474,1.7875325845589418,0.3150690759338936,29.06203915586066,0.995093979547746,1.2139741148682848,7.470434432293865,0.1762592070519565,0.3241818238542414,9.0689140276255,1.087077369016657,7.809736852773303,3.293408927826923,0.2829244092925685,2.614461635617304,-0.0604890309674968,0.0,0.005398170556614608,0.0,0.0014012667
AAPL,Apple Inc.,Technology,US,AA+,0,2024-09-30,2024,364980000000.0,308030000000.0,56950000000.0,106629000000.0,29943000000.0,391035000000.0,134661000000.0,123216000000.0,93736000000.0,0.0,118254000000.0,3424181308865.7827,226.51516723632807,0.3177302466484857,0.2225284178148521,0.2568250315085758,1.6459350307287095,0.2397125576994386,0.3443707085043538,1.872326602282704,0.2921502548084826,1.23216e+17,1.109022873702276,1.1848845891633932,9.381832727452965,0.1560359471751876,0.3375965806345553,11.116389016867782,1.0713874732862074,9.042532736111134,3.449345169598334,0.2750983456377647,1.7875325845589418,-0.0229188211254109,0.0,0.004175303739812587,0.0,0.0014012667
AAPL,Apple Inc.,Technology,US,AA+,0,2025-09-30,2025,359241000000.0,285508000000.0,73733000000.0,98657000000.0,35934000000.0,416161000000.0,144748000000.0,133050000000.0,112010000000.0,0.0,111482000000.0,3709040893617.5527,251.06448364257807,0.0835942420232931,0.1780143486222183,0.3117962593356549,1.5191298333175105,0.2691506412181824,0.3478173110887373,1.3380304612588665,0.2746262258483859,1.3305e+17,1.1299958441874374,1.2582519579136136,10.324659194294506,0.2052466171734295,0.3703641844889642,12.991022646011857,1.1584451663368045,10.421556503365617,3.038378136125888,0.2568250315085758,1.872326602282704,-0.0175240289600967,0.0,0.0007965932437257324,0.0,0.0014012667
ABBV,AbbVie,Healthcare,US,A-,0,2021-12-31,2021,146529000000.0,131093000000.0,15408000000.0,76684000000.0,9746000000.0,56197000000.0,23933000000.0,15412000000.0,11542000000.0,2423000000.0,22777000000.0,211368889814.74097,117.21907806396484,0.3294439402686691,0.2016145268212033,0.0787693903595875,0.7490913811007268,0.2053846290727263,0.4258768261650977,4.976895119418483,0.5233366773812692,6.360709863805198,0.2970241510614991,1.1177484686443977,1.4425055095901902,0.1051532461151034,0.1051805444656006,1.6123583243555413,0.3835213507223826,1.8242160374103136,4.236970156078319,0.0,0.0,0.5233366773812692,0.0,0.0005415542847551531,0.0,0.0011834404
ABBV,AbbVie,Healthcare,US,A-,0,2022-12-31,2022,138805000000.0,121518000000.0,17254000000.0,63271000000.0,9201000000.0,58054000000.0,24174000000.0,15707000000.0,11836000000.0,2230000000.0,24943000000.0,262622873731.05807,144.7938995361328,0.240076668969297,0.2238425971389052,0.0852707035049169,0.6859858583516866,0.2038791470010679,0.4164054156475006,3.667033731308682,0.4558265192176074,7.043497757847531,0.3942248423448341,1.142258760019092,1.8920274754587956,0.1243038795432441,0.1131587478837217,2.161184958039616,0.4182414178163611,2.2375409161083053,4.121479773783365,0.0787693903595875,4.976895119418483,-0.0675101581636618,0.0,0.016551625645998935,0.0,0.001259191
ABBV,AbbVie,Healthcare,US,A-,0,2023-12-31,2023,134711000000.0,124314000000.0,10360000000.0,59385000000.0,12814000000.0,54318000000.0,17172000000.0,8474000000.0,4863000000.0,2224000000.0,22839000000.0,263346095159.9565,144.45388793945312,-0.0070792927566596,0.1961534813884203,0.0360995018966528,0.4694015444015443,0.0895283331492323,0.3161382966972274,5.732142857142856,0.4408325971895391,3.810251798561149,0.3845920687042182,1.0836349888186367,1.954896743101577,0.0769053752106361,0.0629050337388928,2.1183945103524664,0.4032187423447231,1.9741285101473127,4.505801307985243,0.0852707035049169,3.667033731308682,-0.0149939220280683,0.0,0.03589961627158895,0.0,0.001259191
ABBV,AbbVie,Healthcare,US,A-,0,2024-12-31,2024,135161000000.0,131797000000.0,3325000000.0,67144000000.0,5524000000.0,56334000000.0,14910000000.0,6524000000.0,4278000000.0,2808000000.0,18806000000.0,311823820187.3181,170.2471923828125,0.1427919418322576,0.2369579693971081,0.0316511419714266,1.286616541353383,0.0759399297049739,0.2646714240068165,20.19368421052631,0.4967705181228313,2.3233618233618225,0.2800845943047778,1.025524101459062,2.307054699116743,0.024600291504206,0.0482683614356212,2.3659401973286047,0.4167918260444951,2.025161886984255,4.780602392702036,0.0360995018966528,5.732142857142856,0.0559379209332921,0.0,0.005344593804541015,0.0,0.0011834404
ADANIENT.NS,Adani Enterprises,Diverse,IN,A,0,2022-03-31,2022,1017601900000.0,748318200000.0,222565100000.0,416040300000.0,9122300000.0,693043600000.0,41599600000.0,29121800000.0,7765600000.0,19601300000.0,13852800000.0,2281519323396.1694,2011.1612548828125,0.8208511877053171,0.4426329445555105,0.0076312750595296,0.0348913643693463,0.0112050670405152,0.0600245063946914,1.869297118011764,0.4088438710658854,1.4857075806196527,0.0332967743749824,1.3598518651557585,2.242054897299395,0.2187152952446334,0.0286180676352903,3.048862533874185,0.6810557252300727,2.867271223044602,3.653977257707557,0.0,0.0,0.4088438710658854,0.0,0.0006940238766851291,0.0,0.002335288
ADANIENT.NS,Adani Enterprises,Diverse,IN,A,0,2023-03-31,2023,1414878200000.0,1035977700000.0,330510100000.0,530126000000.0,18823300000.0,1273896500000.0,86774300000.0,62412900000.0,24639800000.0,30033700000.0,176264600000.0,2055508217667.684,1748.0521240234375,-0.1431158058756229,0.7167806605921768,0.0174147852444118,0.0745508231064648,0.0193420737084998,0.0681172293039505,1.6039630861507712,0.3746796013960777,2.0780956059359985,0.3324956708405172,1.3657419459897642,1.45278103632361,0.2335961498311303,0.0441118535857008,1.9841239996456332,0.9003577127699048,2.5167166091874544,3.608769362620754,0.0076312750595296,1.869297118011764,-0.0341642696698076,0.0,0.010439909086948406,0.0,0.0013919869
ADANIENT.NS,Adani Enterprises,Diverse,IN,A,0,2024-03-31,2024,1607318500000.0,1165455600000.0,390760900000.0,653101500000.0,23065500000.0,963161500000.0,116865200000.0,86443700000.0,32407800000.0,37194600000.0,103121900000.0,3756090657918.638,3194.26708984375,0.8624407538834129,0.432014141692158,0.0201626497797418,0.0829351145419104,0.0336473166753446,0.1213349993744559,1.6713583677384305,0.4063298593278183,2.324092744645728,0.1578956716528747,1.3791331904879087,2.336867682365777,0.2431135459462452,0.0537813134111254,3.2228517825292,0.5992349991616471,3.002160658071376,3.564977694215552,0.0174147852444118,1.6039630861507712,0.0316502579317405,0.0,0.005605386138501084,0.0,0.0020550212
ADANIENT.NS,Adani Enterprises,Diverse,IN,A,0,2025-03-31,2025,1981355400000.0,1416650900000.0,503139700000.0,918191700000.0,31057800000.0,977110800000.0,195776700000.0,153663400000.0,70990000000.0,48876000000.0,45131000000.0,3084691950627.8184,2591.065673828125,-0.2025572106511798,0.4889513755085424,0.035829008768442,0.1410940142469377,0.072652968322528,0.2003628452372034,1.8249239724076636,0.4634159525343106,3.1439438579261805,0.0491520452646217,1.398619377575661,1.5568594865049543,0.2539371280891858,0.0775546880685817,2.1774538459883224,0.4931527175790875,2.360280049505424,3.467467017779849,0.0201626497797418,1.6713583677384305,0.0570860932064922,0.0,0.008247995454325398,0.0,0.0011076477
ADANIGREEN.NS,Adani Green,Energy,IN,A-,0,2022-03-31,2022,591670000000.0,565530000000.0,26140000000.0,528320000000.0,5670000000.0,51330000000.0,35800000000.0,27310000000.0,4890000000.0,21780000000.0,31270000000.0,2994618065548.115,1914.699951171875,0.6505321930774386,0.4117356271817334,0.0082647421704666,0.1870696250956388,0.0952659263588544,0.6974478862263783,20.211170619739864,0.8929301806750385,1.253902662993572,0.0591876135675348,1.0462221279154067,5.061297793614878,0.0441800327885476,0.0461574864366961,5.295241747649312,0.0867544408200517,3.469235233996993,4.754305609545862,0.0,0.0,0.8929301806750385,0.0,0.001974255923112207,0.0,0.0021243577
ADANIGREEN.NS,Adani Green,Energy,IN,A-,0,2023-03-31,2023,673610000000.0,600110000000.0,73040000000.0,542240000000.0,10020000000.0,77750000000.0,53610000000.0,40610000000.0,9740000000.0,26350000000.0,72650000000.0,1395770256662.368,881.1500244140625,-0.5469898537484548,0.6738832154496656,0.0144594052938644,0.1333515881708653,0.1252733118971061,0.6895176848874598,7.423877327491786,0.8049761731565743,1.5411764705882354,0.1339812629094128,1.122477545783273,2.072074726714817,0.108430694318671,0.0602871097519336,2.325857353922394,0.1154228708006116,1.840001578517834,4.411053873903297,0.0082647421704666,20.211170619739864,-0.0879540075184641,0.0,0.03250187633119856,0.0,0.0013860079
ADANIGREEN.NS,Adani Green,Energy,IN,A-,0,2024-03-31,2024,885380000000.0,710900000000.0,106420000000.0,648580000000.0,16080000000.0,92200000000.0,77630000000.0,58600000000.0,11000000000.0,41890000000.0,77130000000.0,2906937240674.368,1835.1500244140625,1.1913547049544777,0.4868427041725637,0.0124240439133479,0.1033640293177974,0.1193058568329718,0.8419739696312365,6.094531103176095,0.7325442183017461,1.398901885891621,0.1189213358413765,1.2454353636235758,3.28326508468044,0.1201969775689534,0.0661862703020172,4.089094444611575,0.1041360771646073,2.9202438090109526,3.977388240077706,0.0144594052938644,7.423877327491786,-0.0724319548548282,0.0,0.23548714709078925,0.0,0.0022601988
ADANIGREEN.NS,Adani Green,Energy,IN,A-,0,2025-03-31,2025,1113980000000.0,888250000000.0,121370000000.0,800400000000.0,22120000000.0,112120000000.0,95500000000.0,70520000000.0,14440000000.0,48370000000.0,83640000000.0,1703864573633.368,1075.6500244140625,-0.4303606436479157,0.5824485011062138,0.0129625307456148,0.1189750350168905,0.1287905815198002,0.8517659650374598,6.5947103897173935,0.7185048205533313,1.457928468058714,0.1044977511244377,1.254128905150577,1.5295288727206664,0.1089516867448248,0.0633045476579471,1.9182263705413656,0.1006481265372807,1.5912309802271156,3.9479434101150823,0.0124240439133479,6.094531103176095,-0.0140393977484147,0.0,0.339891751814836,0.0,0.0013860079
ADANIPORTS.NS,Adani Ports,Infrastructure,IN,AA,0,2022-03-31,2022,996858200000.0,573048300000.0,419882200000.0,473536300000.0,86530200000.0,169790800000.0,113463400000.0,82470400000.0,48860300000.0,25299000000.0,104201400000.0,1598632302136.4502,756.79443359375,0.0589119544137315,0.3917837113475772,0.0490142931060806,0.1163666857037521,0.2877676528999215,0.6682541103522688,1.1277836974275166,0.4750287453120213,3.259828451717459,0.2200494449950299,1.739570992532392,1.6036707147881717,0.4212055435768096,0.0827303221260556,2.7896990570191904,0.1703259300068956,2.622602079526565,2.727229008097641,0.0,0.0,0.4750287453120213,0.0,0.004095012035606066,0.0,0.0011834404
ADANIPORTS.NS,Adani Ports,Infrastructure,IN,AA,0,2023-03-31,2023,1147630900000.0,678461100000.0,455559200000.0,524428400000.0,11211100000.0,208519100000.0,114686600000.0,80439500000.0,53088500000.0,25570600000.0,118995000000.0,1343547489335.1406,621.9727172851562,-0.1902290155193375,0.4769726022385314,0.0462592110407623,0.1165347994289216,0.2545977802513055,0.5500052513175052,1.1511750832822605,0.4569660855245358,3.1457807012741195,0.2269041874925156,1.6915205602797272,1.1707139371509956,0.3969561990706245,0.0700917864794334,1.980286694896937,0.181695264566334,2.077517615771376,2.8171426893437603,0.0490142931060806,1.1277836974275166,-0.0180626597874855,0.0,0.07025921248471693,0.0,0.001259191
ADANIPORTS.NS,Adani Ports,Infrastructure,IN,AA,0,2024-03-31,2024,1189178700000.0,643748700000.0,529447700000.0,491666600000.0,15757300000.0,267105600000.0,166937000000.0,128052400000.0,81106400000.0,27115100000.0,150175800000.0,2872225373002.1484,1329.6484375,1.1517535762042188,0.3219233276174716,0.0682037106786389,0.153190579541662,0.3036491934276181,0.6249850246494271,0.9286405437213155,0.4134505604582389,4.722549428178395,0.3054423465006571,1.8472716139077248,2.4153017313563963,0.4452213111452467,0.1076813770714191,4.461718327356853,0.224613508465969,3.79125862259006,2.502083412694829,0.0462592110407623,1.1511750832822605,-0.0435155250662968,0.0,0.035612829553735764,0.0,0.0023848622
ADANIPORTS.NS,Adani Ports,Infrastructure,IN,AA,0,2025-03-31,2025,1353322300000.0,703588900000.0,624353900000.0,513048200000.0,34063200000.0,304753300000.0,200952300000.0,157163000000.0,110923100000.0,26866800000.0,172262800000.0,2619385486724.577,1212.6004638671875,-0.110598187947387,0.4357679979635989,0.0819635499984002,0.1776606184409195,0.3639766985295975,0.659393351934171,0.8217265880776912,0.3791027458869184,5.849710423273334,0.3357633844149536,1.9234560124527265,1.935522297034917,0.4613490075497906,0.1161312423507689,3.722891999468122,0.2251890033881803,3.39577611188634,2.3535969221818034,0.0682037106786389,0.9286405437213155,-0.0343478145713205,0.0,0.06388778618836795,0.0,0.0013772184
ADBE,Adobe,Technology,US,A+,0,2021-11-30,2021,27241000000.0,12444000000.0,14797000000.0,4673000000.0,3844000000.0,15785000000.0,6606000000.0,5818000000.0,4822000000.0,113000000.0,7230000000.0,413181484130.8594,687.489990234375,0.4368507711672764,0.2432400703691074,0.1770125913145626,0.3258768669324863,0.3054798859676908,0.4184985745961355,0.3158072582280191,0.1715428949010682,51.48672566371636,1.5471859619088375,2.1890871102539373,15.167632764247251,0.5431885760434639,0.2135751257295987,33.20326937727896,0.5794574354832789,21.858043268010483,1.7530193458389929,0.0,0.0,0.0,0.0,0.0004392391904464423,0.0,0.0024204913
ADBE,Adobe,Technology,US,A+,0,2022-11-30,2022,27165000000.0,13114000000.0,14051000000.0,4633000000.0,4236000000.0,17606000000.0,6976000000.0,6120000000.0,4756000000.0,112000000.0,7838000000.0,196394779266.35745,326.7799987792969,-0.5121594227223002,0.4699157255728979,0.1750782256580158,0.3384812468863425,0.2701351811882312,0.3962285584459843,0.3297274215358337,0.1705503405116878,54.642857142856656,1.6917763867904163,2.0714503583956074,7.229699218345572,0.5172464568378428,0.225289895085588,14.975963036934376,0.64811338118903,10.997843605337508,1.8885330388367385,0.1770125913145626,0.3158072582280191,-0.0009925543893804,0.0,0.01205250033804974,0.0,0.0015815008
ADBE,Adobe,Technology,US,A+,0,2023-11-30,2023,29779000000.0,13261000000.0,16518000000.0,4080000000.0,7141000000.0,19409000000.0,7784000000.0,6912000000.0,5428000000.0,113000000.0,7302000000.0,371051398803.7109,617.3900146484375,0.7898994803526884,0.3181358256831973,0.1822761006078108,0.3286112120111393,0.2796640733680251,0.4010510587871606,0.2470032691609153,0.1370093018570133,61.16814159291982,1.7897058823529408,2.2456074202548826,12.460169878226631,0.5546861882534672,0.2321098760871755,27.9806499361821,0.6517680244467577,18.871744003147857,1.6797407569092315,0.1750782256580158,0.3297274215358337,-0.0335410386546745,0.0,0.0063049159220035815,0.0,0.0034216177
ADBE,Adobe,Technology,US,A+,0,2024-11-30,2024,30230000000.0,16125000000.0,14105000000.0,6056000000.0,7613000000.0,21505000000.0,7957000000.0,7100000000.0,5560000000.0,169000000.0,8056000000.0,310073925598.14453,515.9299926757812,-0.1576240185563945,0.3444410412802141,0.1839232550446576,0.3941864587025876,0.2585445245291792,0.3700069751220646,0.4293512938674228,0.2003307972213033,42.01183431952637,1.330250990752972,1.8747286821705424,10.257159298648512,0.4665894806483625,0.2348660271253721,19.22939073476865,0.711379424412835,13.583979131565789,2.115282831624214,0.1822761006078108,0.2470032691609153,0.06332149536429,0.0,0.005100175121943853,0.0,0.0014742622
AMC,AMC Entertainment,Consumer,US,CCC,1,2021-12-31,2021,10821500000.0,12611000000.0,-1789500000.0,10751400000.0,1592500000.0,2527900000.0,-396900000.0,-821900000.0,-1269100000.0,458100000.0,-614100000.0,33715657541.528656,289.3999938964844,12.65094261705857,3.534667028064712,-0.1172757935591184,0.7091925118748258,-0.5020372641322836,-0.1570077930297875,-6.008046940486173,0.993522154969274,-1.7941497489631044,-0.0571181427535018,0.8581000713662674,3.1156177555356144,-0.1653652451138936,-0.075950653791064,2.673511818375121,0.2335997782192856,1.3886314175971743,6.178653606246822,0.0,0.0,0.993522154969274,0.0,0.003826550400656025,0.05,0.07680401
AMC,AMC Entertainment,Consumer,US,CCC,1,2022-12-31,2022,9135600000.0,11760100000.0,-2624500000.0,10019600000.0,631500000.0,3911400000.0,-196400000.0,-592400000.0,-973600000.0,378700000.0,-628500000.0,5333075027.370842,40.70000076293945,-0.8503676442538991,1.1772345773584385,-0.1065720915977056,0.3709658982663366,-0.2489134325305516,-0.0502122002352098,-3.817717660506765,1.0967643066684178,-1.5642989173488209,-0.0627270549722543,0.7768301289955016,0.583768447323749,-0.2872827181575375,-0.0648452208940846,0.4534889182380117,0.4281492184421384,0.141514078645421,6.756129865580803,-0.1172757935591184,-6.008046940486173,0.1032421516991438,0.0,0.41987453439491523,0.0,0.023182444
AMC,AMC Entertainment,Consumer,US,CCC,1,2023-12-31,2023,9009200000.0,10857100000.0,-1847900000.0,9142300000.0,884300000.0,4812600000.0,383000000.0,18000000.0,-396600000.0,411200000.0,-215200000.0,1594715249.2196274,6.119999885559082,-0.844274809049161,1.1978211870677968,-0.044021666740665,0.21462200335516,-0.0824086772222914,0.0795827619166354,-4.947399751068783,1.0147737867957196,0.0437743190661477,-0.0235389344038152,0.8297980123605749,0.1770096400590093,-0.2051125516139057,0.0019979576432979,0.1468822474896268,0.5341872752297651,0.3827748220097375,6.157627758291524,-0.1065720915977056,-3.817717660506765,-0.0819905198726982,0.0,0.3245418275895471,0.029872252242799435,0.015378938
AMC,AMC Entertainment,Consumer,US,CCC,1,2024-12-31,2024,8247500000.0,10008000000.0,-1760500000.0,8276900000.0,632300000.0,4637200000.0,412700000.0,93200000.0,-352600000.0,443700000.0,-50800000.0,1645238665.9465885,3.9700000286102295,-0.3502455086974393,1.128180958625073,-0.0427523491967262,0.2002840102243681,-0.0760372638661261,0.0889976710083671,-4.701448452144279,1.003564716580782,0.2100518368266842,-0.0061375635805676,0.8240907274180654,0.1994833180899167,-0.2134586238254016,0.0113003940588056,0.1643923527124888,0.5622552288572294,0.4420315922882996,6.195550166717186,-0.044021666740665,-4.947399751068783,-0.0112090702149376,1.0,0.4480259532718265,0.049568191224452704,0.015378938
AMD,AMD,Technology,US,A-,0,2021-12-31,2021,12419000000.0,4922000000.0,7497000000.0,661000000.0,2535000000.0,16434000000.0,4166000000.0,3703000000.0,3162000000.0,34000000.0,3521000000.0,178824792480.46875,145.14999389648438,0.582706306242452,0.4260037332681898,0.2546098719703679,0.4217687074829931,0.1924059875867104,0.2534988438602896,0.0881686007736427,0.053224897334729,108.91176470587916,5.326777609682292,2.523161316537992,14.3992908028399,0.6036717932200659,0.2981721555680811,36.33173353930693,1.3232949512843222,24.830709340107227,1.2178114179885655,0.0,0.0,0.053224897334729,0.0,3.465568363707913e-05,0.0,0.003986172
AMD,AMD,Technology,US,A-,0,2022-12-31,2022,67580000000.0,12830000000.0,54750000000.0,2863000000.0,4835000000.0,23601000000.0,5534000000.0,1272000000.0,1320000000.0,88000000.0,3565000000.0,106546644477.84424,64.7699966430664,-0.5498957651821776,0.6110929839810626,0.0195324060372891,0.0241095890410958,0.0559298334816321,0.2344815897631456,0.0522922374429223,0.042364604912696,14.45454545454529,1.245197345441844,5.26734216679657,1.5766002438272304,0.81015093222847,0.0188221367268422,8.304492944492925,0.3492305415803492,6.366220478148847,0.8906481207457828,0.2546098719703679,0.0881686007736427,-0.0108602924220329,0.0,0.9053951538164862,0.01,0.003119666
AMD,AMD,Technology,US,A-,0,2023-12-31,2023,67885000000.0,11993000000.0,55892000000.0,3003000000.0,3933000000.0,22680000000.0,4149000000.0,598000000.0,854000000.0,106000000.0,1667000000.0,245142836090.0879,147.41000366210938,1.3025618774079455,0.4693961396618852,0.0125800986963246,0.0152794675445502,0.0376543209876543,0.1829365079365079,0.0537286194804265,0.0442365765633055,5.641509433962211,0.555111555111555,5.660385224714416,3.6111487970845975,0.8233335788465788,0.0088090152463725,20.44049329526289,0.334094424394196,13.615460446480853,0.8455918096781322,0.0195324060372891,0.0522922374429223,0.0018719716506095,0.0,0.12831984052171813,0.0,0.004777147
AMD,AMD,Technology,US,A-,0,2024-12-31,2024,69226000000.0,11658000000.0,57568000000.0,2212000000.0,3787000000.0,25785000000.0,5258000000.0,2081000000.0,1641000000.0,92000000.0,3041000000.0,205699204101.56247,122.44000244140624,-0.1164670167151895,0.476754991515234,0.0237049663421257,0.0285054196775986,0.0636416521233275,0.2039170060112468,0.0384241245136186,0.0319533123392944,22.61956521739106,1.3747739602169975,5.938068279293188,2.9714154234184047,0.8315950654378412,0.0300609597550053,17.644467670403365,0.3724756594343166,12.056271507393262,0.7709097737844163,0.0125800986963246,0.0537286194804265,-0.0122832642240111,0.0,0.19026507438707985,0.0,0.0028346733
AMGN,Amgen,Healthcare,US,A-,0,2021-12-31,2021,61165000000.0,54465000000.0,6700000000.0,33309000000.0,7989000000.0,25979000000.0,11296000000.0,7898000000.0,5893000000.0,1197000000.0,9261000000.0,111361767480.46877,199.4658203125,0.0154673951740682,0.1999633068510528,0.0963459494809122,0.87955223880597,0.2268370607028754,0.4348127333615613,4.971492537313432,0.5445761464890051,6.598162071846277,0.2780329640637665,1.123014780134031,1.8206779609330297,0.1095397694760075,0.1291261342270906,2.0446482599920826,0.4247363688383879,2.2090892911542457,4.163263304177225,0.0,0.0,0.5445761464890051,0.0,0.00037427669132771506,0.0,0.0011834404
AMGN,Amgen,Healthcare,US,A-,0,2022-12-31,2022,65121000000.0,61460000000.0,3661000000.0,38945000000.0,7629000000.0,26323000000.0,12169000000.0,8752000000.0,6552000000.0,1406000000.0,9721000000.0,127428080383.30078,238.62936401367188,0.2043190587856231,0.217414223311532,0.1006127055788455,1.7896749521988522,0.2489077992630019,0.4622953310792843,10.637803878721655,0.5980405706300579,6.224751066856326,0.2496084221337784,1.0595671981776766,1.956789367228709,0.056218424164248,0.1343959705778473,2.0733498272583923,0.4042167657130572,2.159195473972087,4.417069762442223,0.0963459494809122,4.971492537313432,0.0534644241410527,0.0,0.011009846561246454,0.0,0.0011834404
AMGN,Amgen,Healthcare,US,A-,0,2023-12-31,2023,97154000000.0,90922000000.0,6232000000.0,64613000000.0,10944000000.0,28190000000.0,14801000000.0,10730000000.0,6717000000.0,2875000000.0,8471000000.0,144964451733.39844,270.7591552734375,0.138936403929637,0.207660636640529,0.0691376577392593,1.077824133504493,0.2382759843916282,0.5250443419652359,10.367939666238764,0.6650575375177553,3.732173913043477,0.1311036478727191,1.0685422669980862,1.4921099669946525,0.064145583300739,0.1104432138666447,1.5943825667429052,0.2901578936533751,1.6882247394199326,4.471859110278527,0.1006127055788455,10.637803878721655,0.0670169668876974,0.0,0.011374970058742528,0.0,0.0011834404
AMGN,Amgen,Healthcare,US,A-,0,2024-12-31,2024,91839000000.0,85962000000.0,5877000000.0,60099000000.0,11973000000.0,33424000000.0,13356000000.0,7764000000.0,4090000000.0,3155000000.0,11490000000.0,134854534698.48631,251.12576293945312,-0.1017352822160071,0.2564716704254123,0.0445344570389485,0.695933299302365,0.1223671613212063,0.399593106749641,10.22613578356304,0.6543951915852743,2.460855784469096,0.1911845454999251,1.0683674181615133,1.4683798244589588,0.0639924215202691,0.0845392480318818,1.5687691619376738,0.3639412450048454,1.660973166496983,4.5464345212818085,0.0691376577392593,10.367939666238764,-0.010662345932481,0.0,0.013309539881705058,0.0,0.001259191
AMZN,Amazon,Technology,US,AA,0,2021-12-31,2021,420549000000.0,282304000000.0,138245000000.0,116395000000.0,36220000000.0,469822000000.0,74393000000.0,39960000000.0,33364000000.0,1809000000.0,46327000000.0,1794377487792.9688,168.64450073242188,0.0356041073777106,0.2411263669051386,0.079334393851846,0.2413396506202756,0.0710141287551455,0.1583429469032952,0.8419472675322797,0.2767691755300809,22.08955223880596,0.3980153786674685,1.48970259011562,4.266750099971629,0.3287250712758798,0.0950186541877403,6.356188675303817,1.1171635172120251,5.638908366744914,3.1183714620650624,0.0,0.0,0.2767691755300809,0.0,0.00042250868066855867,0.0,0.0012326456
AMZN,Amazon,Technology,US,AA,0,2022-12-31,2022,462675000000.0,316632000000.0,146043000000.0,140118000000.0,53888000000.0,513983000000.0,38352000000.0,-3569000000.0,-2722000000.0,2367000000.0,46752000000.0,903588000000.0,84.0,-0.4961521476592685,0.5007732387318875,-0.0058831793375479,-0.0186383462404908,-0.0052958950004183,0.0746172538780465,0.9594297569893798,0.3028432485005674,-1.5078158005914657,0.3336616280563525,1.4612389145759117,1.952964824120603,0.3156492138109904,-0.0077138380072405,2.8537481998029257,1.1108942562273734,3.176466567258424,3.439403468957692,0.079334393851846,0.8419472675322797,0.0260740729704864,0.0,0.03515980860774371,0.0,0.0021019303
AMZN,Amazon,Technology,US,AA,0,2023-12-31,2023,527854000000.0,325979000000.0,201875000000.0,135611000000.0,73387000000.0,574785000000.0,89402000000.0,40739000000.0,30425000000.0,3182000000.0,84946000000.0,1655842146606.4453,151.94000244140625,0.7704498133500892,0.3302668231225628,0.0576390441296267,0.1507120743034055,0.0529328357559783,0.1555398975269013,0.6717572755417957,0.2569100546742091,12.802954116907602,0.6263946140062384,1.6192883590660747,3.1369320808527457,0.3824447669241874,0.077178538004827,5.07959760170577,1.0889090543976174,4.850290511146033,2.914859032990183,-0.0058831793375479,0.9594297569893798,-0.0459331938263582,0.0,0.002632553285776395,0.0,0.0023540682
AMZN,Amazon,Technology,US,AA,0,2024-12-31,2024,624894000000.0,338924000000.0,285970000000.0,130900000000.0,78779000000.0,637959000000.0,123815000000.0,71020000000.0,59248000000.0,2406000000.0,115877000000.0,2458200433898.926,221.3000030517578,0.4760222361266428,0.2814515816225288,0.0948128802644928,0.2071825715984194,0.0928711719718665,0.194079870336495,0.4577403224114417,0.2094755270493875,29.517871986699905,0.8852330022918258,1.8437584827276912,3.933787864660128,0.4576296139825314,0.1136512752562834,7.252954744718361,1.020907545919788,6.296885137875577,2.4274132892938645,0.0576390441296267,0.6717572755417957,-0.0474345276248215,0.0,0.003700234051933327,0.0,0.002483896
ASIANPAINT.NS,Asian Paints,Consumer,IN,AAA,0,2022-03-31,2022,229844500000.0,87853600000.0,138115600000.0,15868400000.0,6217200000.0,289413500000.0,50994900000.0,42831300000.0,30305700000.0,954100000.0,9864900000.0,2845107336059.0405,2966.132080078125,0.214402835094672,0.2700818394831688,0.1318530571756122,0.219422715464437,0.1047141892137028,0.1762008337551634,0.1148921627969613,0.0690397203326596,44.89183523739646,0.6216694814852158,2.61622175983682,12.378400771212888,0.6009088753483334,0.1863490316279049,32.38464144962802,1.2591708742214844,22.025998198788383,1.5155938036368068,0.0,0.0,0.0690397203326596,0.0,0.00042096749255001543,0.0,0.0019627626
ASIANPAINT.NS,Asian Paints,Consumer,IN,AAA,0,2023-03-31,2023,257980000000.0,93521100000.0,159922300000.0,19326200000.0,5231000000.0,343887100000.0,66913000000.0,58332800000.0,41064500000.0,1444500000.0,41934300000.0,2569481054893.437,2678.78125,-0.1067953893877508,0.2369084386807565,0.1591770679897666,0.2567778227301633,0.1194127374943695,0.1945783950604719,0.1208474365363679,0.0749135591906349,40.382692973347154,2.169816104562718,2.758521873673428,9.96000098803565,0.6199019303822002,0.2261136522211024,27.474880587305293,1.3329990696953251,19.30798479086678,1.3350337235444605,0.1318530571756122,0.1148921627969613,0.0058738388579752,0.0,0.002880452791177991,0.0,0.0019627626
ASIANPAINT.NS,Asian Paints,Consumer,IN,AAA,0,2024-03-31,2024,299240900000.0,105004100000.0,187283000000.0,24743800000.0,8293400000.0,353954200000.0,84059400000.0,75529400000.0,54602300000.0,2051700000.0,61036000000.0,2670952284774.7217,2784.56884765625,0.0337451028819639,0.1647032391755694,0.1824693750085633,0.2915496868375666,0.1542637437272958,0.2374866578783356,0.1321198400281926,0.0826885629604776,36.81308183457619,2.466718935652568,2.8498020553483148,8.925759429191404,0.6258603018504489,0.25240333122912,25.436647566854266,1.1828403136068633,18.02879220899605,1.2070996979356767,0.1591770679897666,0.1208474365363679,0.0077750037698427,0.0,0.002897211124686375,0.0,0.0017633034
ASIANPAINT.NS,Asian Paints,Consumer,IN,AAA,0,2025-03-31,2025,303713700000.0,103123200000.0,193998100000.0,22902900000.0,4452800000.0,338151700000.0,63564300000.0,53300900000.0,36672300000.0,2270200000.0,44239600000.0,2171430130404.646,2263.798095703125,-0.1938870802395809,0.2192787415436714,0.1207462817778717,0.1890343255939104,0.1084492551715694,0.1879756925663836,0.1180573417987083,0.0754095057285858,23.47850409655536,1.9316156469268084,2.9451539517780674,7.149595590862862,0.6387532073791864,0.1754971869889307,21.056659708044805,1.1133896824542324,15.09303007319961,1.3354652753563636,0.1824693750085633,0.1321198400281926,-0.0072790572318918,0.0,0.017021506326198758,0.0,0.0020882923
AXISBANK.NS,Axis Bank,Financial,IN,AA+,0,2022-03-31,2022,11957791500000.0,10772571400000.0,1182606600000.0,1816761600000.0,1539971200000.0,511976400000.0,0.0,0.0,141192900000.0,349226600000.0,281373000000.0,2326823330591.0674,757.9851684570312,0.0675317010306175,0.2822765285296342,0.0118076067809009,0.1193912667154064,0.2757800945512332,0.0,1.5362349575928294,0.1519311990010864,0.0,0.1548761268401974,1.1100220231541005,0.1945863774753948,0.098898412804739,0.0,0.2159951644034652,0.0428152974568924,0.2910904914646584,4.468992313505383,0.0,0.0,0.1519311990010864,0.0,0.0010189770304656312,0.0,0.0012161777
AXISBANK.NS,Axis Bank,Financial,IN,AA+,0,2023-03-31,2023,13444179600000.0,12142428600000.0,1297817100000.0,1984445700000.0,1392721300000.0,624158400000.0,0.0,0.0,108184500000.0,433891500000.0,220747800000.0,2634498196432.007,856.231689453125,0.1100726641213769,0.2502849355847619,0.0080469395097935,0.0833588184344311,0.1733285973560557,0.0,1.529064226384442,0.1476063068958109,0.0,0.1112390225643362,1.1072068070468208,0.1959582715208599,0.0965337520483585,0.0,0.2169663321250253,0.0464259195109235,0.2924462212439689,4.491727371746805,0.0118076067809009,1.5362349575928294,-0.0043248921052755,0.0,0.003076397489010511,0.0,0.0013373921
AXISBANK.NS,Axis Bank,Financial,IN,AA+,0,2024-03-31,2024,15182385300000.0,13607155700000.0,1570235200000.0,2281995500000.0,1380502800000.0,766030400000.0,0.0,0.0,263862000000.0,613907400000.0,-55546700000.0,3227005559276.397,1045.498779296875,0.2124317799506772,0.1965121506660479,0.0173794825243962,0.1680397942932371,0.344453692699402,0.0,1.4532826037780835,0.1503054661641343,0.0,-0.0243412837580091,1.1157647957243555,0.2125493126087635,0.1034248024254792,0.0,0.2371550403642693,0.0504552074567624,0.316857994585899,4.429092739465649,0.0080469395097935,1.529064226384442,0.0026991592683233,0.0,0.0012690436620203414,0.0,0.0012161777
AXISBANK.NS,Axis Bank,Financial,IN,AA+,0,2025-03-31,2025,16569626100000.0,14690919900000.0,1872354900000.0,2206867500000.0,1171491700000.0,848908400000.0,0.0,0.0,280551100000.0,710363100000.0,443836800000.0,3311200204403.3247,1069.036376953125,0.0167845488106848,0.2544230061247833,0.0169316494112078,0.1498386336906534,0.3304845375543462,0.0,1.1786587574823555,0.1331875255772971,0.0,0.2011161975061937,1.1278821348688994,0.1998355415155279,0.1129992245268588,0.0,0.2253909371872162,0.051232803617699,0.3220664353622593,4.382292380152139,0.0173794825243962,1.4532826037780835,-0.0171179405868371,0.0,0.0019211461733027173,0.0,0.0013485799
AZN,AstraZeneca,Healthcare,UK,A,0,2021-12-31,2021,105363000000.0,66076000000.0,39268000000.0,30688000000.0,6329000000.0,37417000000.0,5113000000.0,1011000000.0,112000000.0,1276000000.0,5963000000.0,83054416197.19171,53.60422134399414,0.201794461013419,0.2212132690761862,0.0010629917523229,0.002852195171641,0.0029932918192265,0.1366491167116551,0.7815014770296425,0.2912597401364805,0.7923197492163003,0.1943104796663191,1.5945729160360798,0.7882692804608041,0.3726925011626472,0.009595398764272,1.2569528451660468,0.3551246642559532,1.5881921886728558,3.1324468741398785,0.0,0.0,0.2912597401364805,0.0,0.00190227489325636,0.0,0.0013010678
AZN,AstraZeneca,Healthcare,UK,A,0,2022-12-31,2022,96483000000.0,59425000000.0,37037000000.0,29143000000.0,6166000000.0,44351000000.0,9085000000.0,3831000000.0,3288000000.0,1330000000.0,9808000000.0,98617088294.30956,63.632137298583984,0.1915566742899854,0.2749106235499136,0.0340785423338826,0.0887760887760887,0.0741358706680796,0.2048431827918198,0.7868617868617869,0.3020532114465761,2.880451127819547,0.336547369865834,1.6236095919225917,1.022118801180618,0.3838707337043832,0.039706476788657,1.6595218896812711,0.4596768342609579,2.047066221917549,2.9773224298581096,0.0010629917523229,0.7815014770296425,0.0107934713100955,0.0,0.005363728404695122,0.0,0.0011447793
AZN,AstraZeneca,Healthcare,UK,A,0,2023-12-31,2023,101119000000.0,61953000000.0,39143000000.0,28407000000.0,5840000000.0,45811000000.0,13422000000.0,8488000000.0,5955000000.0,1589000000.0,10345000000.0,100060376688.91888,64.54830932617188,-0.0079880608817176,0.2195491157369254,0.0588910096025474,0.1521344812610173,0.1299906136080854,0.292986400646133,0.7257236287458805,0.2809264332123538,5.341724354940211,0.3641708029710986,1.6321889174051296,0.9895309159398222,0.3870983692481136,0.0839407035275269,1.6151013944267247,0.4530404770616798,2.1636236784562897,2.8866978510467867,0.0340785423338826,0.7868617868617869,-0.0211267782342223,0.0,0.009042704420905125,0.0,0.001259191
AZN,AstraZeneca,Healthcare,UK,A,0,2024-12-31,2024,104035000000.0,63164000000.0,40786000000.0,30114000000.0,5488000000.0,54073000000.0,15438000000.0,10373000000.0,7035000000.0,1682000000.0,11861000000.0,99545288576.75934,64.20014190673828,-0.0206619216849914,0.2082213171163151,0.0676214735425577,0.1724856568430343,0.1301018992843008,0.2855029312226065,0.7383415877997352,0.289460277791128,6.167063020214028,0.3938699608155675,1.647061617376987,0.9568442214327808,0.3920411400009612,0.0997068294324025,1.5759813909308995,0.5197577738261162,2.2648285135127377,2.8328447157206704,0.0588910096025474,0.7257236287458805,0.0085338445787742,0.0,0.008964839947681985,0.0,0.0011834404
BA,Boeing,Industrial,US,BBB-,0,2021-12-31,2021,138552000000.0,153398000000.0,-14999000000.0,58370000000.0,8052000000.0,62286000000.0,-175000000.0,-2319000000.0,-4202000000.0,2714000000.0,-3416000000.0,205195466337.07697,202.7100067138672,-0.053022474886368,0.3598971559190782,-0.0303279635082856,0.280152010134009,-0.0674629932890216,-0.0028096201393571,-3.891592772851524,0.4212858710087187,-0.8544583640383195,-0.0585232139797841,0.9032190771718016,1.4809996704275432,-0.1082553842600612,-0.0167373982331543,1.3376671556153077,0.4495496275766499,1.0670100456643516,5.6267394191350535,0.0,0.0,0.4212858710087187,0.0,0.0042084592406838595,0.01,0.005057236
BA,Boeing,Industrial,US,BBB-,0,2022-12-31,2022,137100000000.0,152948000000.0,-15883000000.0,57277000000.0,14614000000.0,66608000000.0,-482000000.0,-2461000000.0,-4935000000.0,2561000000.0,3512000000.0,192825633738.42664,190.4900054931641,-0.0537949604462973,0.4677819648388843,-0.0359956236323851,0.3107095636844425,-0.0740901993754504,-0.0072363680038433,-3.606182711074734,0.4177753464624362,-0.9609527528309252,0.0613160605478638,0.8963830844470015,1.4064597646858252,-0.1158497447118891,-0.0179504011670313,1.2607267420196842,0.4858351568198395,1.0440151845261796,5.685959153902262,-0.0303279635082856,-3.891592772851524,-0.0035105245462825,0.0,0.0664196319194418,0.04959795918367346,0.005379608
BA,Boeing,Industrial,US,BBB-,0,2023-12-31,2023,137012000000.0,154240000000.0,-17233000000.0,52603000000.0,12691000000.0,77794000000.0,2315000000.0,454000000.0,-2222000000.0,2459000000.0,5960000000.0,263855997411.95108,260.6600036621094,0.3340498719297242,0.2713146488255332,-0.0162175575861968,0.1289386641907967,-0.0285626140833483,0.029758079029231,-3.05245749434225,0.3839298747554959,0.1846278975193167,0.1133015227268406,0.8883039419087136,1.9257875033716103,-0.1257773041777362,0.0033135783726972,1.7106846305235417,0.5677896826555339,1.4542025045862763,5.67735672787785,-0.0359956236323851,-3.606182711074734,-0.0338454717069403,0.0,0.03352795318128244,0.0,0.0033340806
BA,Boeing,Industrial,US,BBB-,0,2024-12-31,2024,156363000000.0,160277000000.0,-3908000000.0,54188000000.0,13801000000.0,66517000000.0,-7649000000.0,-9485000000.0,-11817000000.0,2725000000.0,-12080000000.0,178714710710.62592,176.5500030517578,-0.2987368648557704,0.3423197456117252,-0.0755741447784962,3.023797338792222,-0.1776538328547589,-0.1149931596433994,-13.86591606960082,0.3465525731790769,-3.4807339449541272,-0.2229275854432715,0.9755797775101857,1.142947568866202,-0.0249931249720202,-0.0606601305935547,1.1150365349402966,0.4254011498884007,0.8642528899274238,5.351879920441537,-0.0162175575861968,-3.05245749434225,-0.037377301576419,0.0,0.1805374787484737,0.08969593898165326,0.049142383
BABA,Alibaba,Technology,CN,A+,0,2022-03-31,2022,1695553000000.0,613360000000.0,948479000000.0,176597000000.0,189898000000.0,853062000000.0,128226000000.0,80161000000.0,62249000000.0,20611000000.0,142759000000.0,2364585563795.432,110.71544647216795,-0.4858201072373901,0.6203439370273431,0.0367130959633818,0.0656303407877243,0.0729712494519741,0.150312638471764,0.1861896784219787,0.1041530403355129,3.889233904225899,0.8083885909726666,2.764368397026216,1.3945807437428568,0.5593921275241764,0.0472772010075768,3.85513493510407,0.5031172720640404,3.643483549480498,1.6985921407352056,0.0,0.0,0.1041530403355129,0.0,0.005714058733083225,0.0,0.001780687
BABA,Alibaba,Technology,CN,A+,0,2023-03-31,2023,1753044000000.0,630123000000.0,989657000000.0,195569000000.0,193086000000.0,868687000000.0,153112000000.0,106174000000.0,72783000000.0,16989000000.0,199752000000.0,2015233463152.0933,98.1794662475586,-0.0498162442952221,0.6264822357265014,0.041518068000575,0.07354366209707,0.083785068730164,0.1762568105658309,0.1976129103315593,0.1115596642183539,6.249573253281534,1.0213888704242493,2.782066358472869,1.1495623972656095,0.5645363151181602,0.060565507768202,3.198158872398077,0.4955306312904867,3.291735708506192,1.6726710795621789,0.0367130959633818,0.1861896784219787,0.0074066238828409,0.0,0.014942339143936736,0.0,0.001780687
BABA,Alibaba,Technology,CN,A+,0,2024-03-31,2024,1764829000000.0,652230000000.0,986544000000.0,205614000000.0,248125000000.0,941168000000.0,164011000000.0,119507000000.0,80009000000.0,17911000000.0,182593000000.0,1355902327168.7317,69.64371490478516,-0.2546731221146504,0.3616655878440705,0.0453352704426321,0.0811002854408926,0.0850103275929483,0.1742632558693028,0.2084184790541526,0.1165064717318221,6.672268438389816,0.8880377795286313,2.705838431228248,0.7682910509566262,0.5590026002519224,0.0677159090200807,2.078871452047179,0.5332913273750601,2.6748798186719407,1.7118502699128355,0.041518068000575,0.1976129103315593,0.0049468075134682,0.0,0.010813020197409831,0.0,0.0016178164
BABA,Alibaba,Technology,CN,A+,0,2025-03-31,2025,1804227000000.0,714121000000.0,1009858000000.0,248110000000.0,145487000000.0,996347000000.0,207510000000.0,165051000000.0,130109000000.0,9596000000.0,163509000000.0,1571760295177.6526,82.73168182373047,0.1715746766822021,0.3823646617311031,0.0721134314030329,0.1288389060640208,0.1305860307704043,0.2082708132809151,0.2456880076208734,0.1375159555865198,17.19997915798249,0.6590181774213051,2.5265004109947755,0.8711544030643885,0.5597178182124534,0.0914801740579206,2.200971957382086,0.552229292655525,2.8463584233308588,1.7626817468090217,0.0453352704426321,0.2084184790541526,0.0210094838546977,0.0,0.005504726572686399,0.0,0.0015077429
BAJFINANCE.NS,Bajaj Finance,Financial,IN,AAA,0,2022-03-31,2022,2125058600000.0,1687931700000.0,437126900000.0,1328883000000.0,37603500000.0,201322100000.0,0.0,0.0,70282300000.0,97537000000.0,-370899000000.0,4312516326190.787,712.3072509765625,0.3792629814518018,0.338392323338737,0.0330731114897255,0.1607823723499972,0.3491037496628537,0.0,3.0400394027455184,0.6253394612270927,0.0,-0.2791058355024483,1.2589719121928926,2.029363484936739,0.2057011039601449,0.0,2.5549116271652386,0.0947371992471172,1.8745255002984345,3.872275145730099,0.0,0.0,0.6253394612270927,0.0,4.040724355535665e-05,0.0,0.0011076477
BAJFINANCE.NS,Bajaj Finance,Financial,IN,AAA,0,2023-03-31,2023,2752263100000.0,2208543300000.0,543719800000.0,1644669400000.0,27332500000.0,269669000000.0,0.0,0.0,115076900000.0,125598900000.0,-421117900000.0,3348579423606.2305,553.091796875,-0.2390490430692321,0.3037773418779719,0.0418117366759013,0.2116474331080089,0.4267338848736784,0.0,3.024847357039416,0.5975698326224699,0.0,-0.2560501824865228,1.246189332126746,1.21666399684181,0.1975537149773217,0.0,1.516193693646953,0.0979808216736256,1.2447614958345834,3.886796215085688,0.0330731114897255,3.0400394027455184,-0.0277696286046228,0.0,0.001153603371404604,0.0,0.0011785525
BAJFINANCE.NS,Bajaj Finance,Financial,IN,AAA,0,2024-03-31,2024,3757416200000.0,2990462700000.0,766953500000.0,2184371100000.0,73683700000.0,343263200000.0,0.0,0.0,144511700000.0,187246900000.0,-698433100000.0,4435014937067.969,716.48486328125,0.2731361267617089,0.2299460073660075,0.0384603920108717,0.1884230269501345,0.4209938612703022,0.0,2.8481141294746037,0.5813492527125422,0.0,-0.3197410458323679,1.256466499314638,1.180336353760323,0.2041172601534001,0.0,1.4830530864230371,0.0913561824745419,1.2261287465124444,3.864032523200384,0.0418117366759013,3.024847357039416,-0.0162205799099276,0.0,0.0010262548897519742,0.0,0.0011785525
BAJFINANCE.NS,Bajaj Finance,Financial,IN,AAA,0,2025-03-31,2025,4661268300000.0,3671899400000.0,966928700000.0,2753601500000.0,107680700000.0,423563300000.0,0.0,0.0,166378200000.0,247707900000.0,-681544700000.0,4254304951355.405,684.6007080078125,-0.0452519908710531,0.2578715028712707,0.0356937617171704,0.1720687368158583,0.3928059867320894,0.0,2.8477813307227304,0.5907408290571903,0.0,-0.2475102878902412,1.269443356754273,0.9126925715379663,0.2074389710628757,0.0,1.1586115216978452,0.090868680526285,1.034962358820443,3.831652943041275,0.0384603920108717,2.8481141294746037,0.009391576344648,0.0,0.0011364710647889563,0.0,0.0011076477
BBBY,Bed Bath & Beyond,Retail,US,D,1,2021-12-31,2021,1065966000.0,321580000.0,744386000.0,51346000.0,503341000.0,2756446000.0,143663000.0,125099000.0,389372000.0,2083000.0,80919000.0,2827339971.5423584,60.63999938964844,0.2641233655728392,0.7766216860807211,0.36527619079783,0.5230780804582562,0.1412587077708033,0.0521189241508812,0.0689776540665729,0.0481685156937462,60.05712914063368,1.5759552837611193,3.314777038373023,2.652373501164536,0.6983205843338337,0.1173574016432042,8.792026778849275,2.585866716199201,9.08634691013194,0.4125685059373374,0.0,0.0,0.0481685156937462,0.0,5.606358004476738e-06,0.01,0.002374145
BBBY,Bed Bath & Beyond,Retail,US,D,1,2022-12-31,2022,878546000.0,232720000.0,645826000.0,8036000.0,371263000.0,1929334000.0,-15208000.0,-31914000.0,-35236000.0,1938000.0,-12535000.0,989334751.1901852,19.36000061035156,-0.6719199938820037,0.8065183548683895,-0.0401071770857757,-0.0545595872572487,-0.0182632970755711,-0.0078825128256693,0.0124429799977083,0.0091469314071203,-16.467492260053422,-1.5598556495767095,3.7751203162598665,1.126104667473512,0.735107780355268,-0.0363259294334047,4.251180608414321,2.19605347927143,5.509015613616109,1.444782629480982,0.36527619079783,0.0689776540665729,-0.0390215842866258,1.0,0.961026545552322,0.7095521752868161,0.9442799
BBBY,Bed Bath & Beyond,Retail,US,D,1,2023-12-31,2023,635818000.0,276686000.0,359132000.0,3754000.0,302605000.0,1561122000.0,-244913000.0,-264360000.0,-307842000.0,1762000.0,-18586000.0,1433511327.6481628,27.690000534057617,0.4666314494122729,0.7480906184284256,-0.4841668527786246,-0.8571834311617988,-0.1971927882638255,-0.1568826779713564,0.0104529810765957,0.0059042052914513,-150.0340522133087,-4.950985615342315,2.2979767678885006,2.2545938108832413,0.5648345910307658,-0.4157793582440252,5.181004198434896,2.455296956047167,4.86962910213974,3.628327603182037,-0.0401071770857757,0.0124429799977083,-0.003242726115669,1.0,0.9857912842611395,0.719933225297319,0.99027795
BHARTIARTL.NS,Bharti Airtel,Telecom,IN,AA+,0,2022-03-31,2022,3636560000000.0,2717210000000.0,665543000000.0,1696779000000.0,60959000000.0,1165469000000.0,588239000000.0,257332000000.0,42549000000.0,132501000000.0,550166000000.0,4341787957800.94,737.8578491210938,0.4768130323398256,0.2722472808782386,0.0117003431814682,0.0639312561322108,0.0365080495491514,0.5047229913451151,2.549465624309774,0.4665890291924236,1.942113644425325,0.3242414009131419,1.338343374269931,1.193927216325577,0.1830144422201201,0.0707624788261434,1.5978845793298788,0.3204866687198891,1.7323509271082336,3.7008609785071607,0.0,0.0,0.4665890291924236,0.0,0.005923650881491815,0.0,0.0023803
BHARTIARTL.NS,Bharti Airtel,Telecom,IN,AA+,0,2023-03-31,2023,4466332000000.0,3401889000000.0,775629000000.0,2260203000000.0,71794000000.0,1391448000000.0,672880000000.0,308562000000.0,83459000000.0,142955000000.0,653246000000.0,4387824064038.449,735.29638671875,-0.0081354964869241,0.2143086108279066,0.0186862508205838,0.1076017013288569,0.0599799633187873,0.4835825700996372,2.9140259067157106,0.5060535132632326,2.1584554580112623,0.2890209419242431,1.312897628347074,0.9824222794092444,0.1736612952194328,0.0690862210870127,1.2898198806717236,0.3115415513222035,1.5218115635756992,3.752311292577444,0.0117003431814682,2.549465624309774,0.0394644840708089,0.0,0.03790972193832514,0.0,0.0011834404
BHARTIARTL.NS,Bharti Airtel,Telecom,IN,AA+,0,2024-03-31,2024,4445310000000.0,3389671000000.0,820188000000.0,2155923000000.0,69155000000.0,1499824000000.0,681725000000.0,286349000000.0,74670000000.0,159559000000.0,788982000000.0,7327372617823.058,1211.6617431640625,0.6228301999850077,0.1777548874344419,0.0167974786910249,0.0910401030007754,0.0497858415387405,0.4545366656354345,2.628571742088399,0.4849882235434649,1.7946276925776672,0.3659601943112068,1.3114281592520336,1.6483378252187266,0.1845063673849517,0.0644159799878973,2.161676639952095,0.3373946923836582,2.0683810511769183,3.762244927800311,0.0186862508205838,2.9140259067157106,-0.0210652897197676,0.0,0.038175109028497835,0.0,0.002335877
BHARTIARTL.NS,Bharti Airtel,Telecom,IN,AA+,0,2025-03-31,2025,5143604000000.0,3608927000000.0,1136719000000.0,2136421000000.0,61056000000.0,1729852000000.0,1015829000000.0,560126000000.0,335561000000.0,176141000000.0,983322000000.0,9591012268737.057,1573.74365234375,0.310833789864082,0.238117985115916,0.0652384981425475,0.2952013646292531,0.1939824909876683,0.5872346304770582,1.879462734413694,0.4153548756863864,3.179986488097604,0.460266024346325,1.4252446779887762,1.8646482638898827,0.2209966008269688,0.1088975745411194,2.6575800144300663,0.3363112712409431,2.55541719687704,3.3124540691701774,0.0167974786910249,2.628571742088399,-0.0696333478570784,0.0,0.030502532577410976,0.0,0.001259191
BIDU,Baidu,Technology,CN,A,0,2021-12-31,2021,380034000000.0,156082000000.0,211459000000.0,91507000000.0,36850000000.0,124493000000.0,36758000000.0,14199000000.0,10226000000.0,3421000000.0,20122000000.0,416336163490.3349,150.61000061035156,-0.3035053792804646,0.5683667977422922,0.0269081187472699,0.0483592564043147,0.0821411645634694,0.2952615809724241,0.4327410987472749,0.2407863506949378,4.150540777550423,0.2198957456806583,2.434835535167412,1.095523462348987,0.5564212675707964,0.0373624465179431,2.667419455736952,0.3275838477609898,2.719037115797329,1.9728024334664795,0.0,0.0,0.2407863506949378,0.0,0.0064597952615743645,0.0,0.0017363952
BIDU,Baidu,Technology,CN,A,0,2022-12-31,2022,390973000000.0,153168000000.0,223478000000.0,91354000000.0,53156000000.0,123675000000.0,33109000000.0,13025000000.0,7559000000.0,2913000000.0,26170000000.0,325524812439.4033,114.37999725341795,-0.2312655258108803,0.7148525498715673,0.0193338158900998,0.0338243585498348,0.0611198706286638,0.2677097230644835,0.4087829674509348,0.2336580786908559,4.471335393065567,0.2864680254832848,2.552576256137052,0.8326017715786086,0.57159445792932,0.0333143209377629,2.1252795129492017,0.3163261913226745,2.387344507701997,1.9008038918288477,0.0269081187472699,0.4327410987472749,-0.0071282720040819,0.0,0.045273097300122966,0.0,0.0019364514
BIDU,Baidu,Technology,CN,A,0,2023-12-31,2023,406759000000.0,144151000000.0,243626000000.0,84595000000.0,25231000000.0,134598000000.0,49903000000.0,28446000000.0,20315000000.0,3248000000.0,36615000000.0,338974677810.7468,119.08999633789062,-0.0003357753416399,0.469932147055471,0.0499435783842521,0.0833860097033978,0.1509309202216972,0.3707558804737069,0.3472330539433393,0.2079732716424221,8.758004926108372,0.4328269992316331,2.821756352713474,0.8333550771113776,0.5989443380478366,0.0699333020289655,2.351524982905057,0.3309035571431732,2.691331649239197,1.6221153066066147,0.0193338158900998,0.4087829674509348,-0.0256848070484337,0.0,0.026987335338714995,0.0,0.0015481042
BIDU,Baidu,Technology,CN,A,0,2024-12-31,2024,427780000000.0,144168000000.0,263620000000.0,79324000000.0,24832000000.0,133125000000.0,51967000000.0,31446000000.0,23760000000.0,2824000000.0,21234000000.0,235739865003.6402,84.05000305175781,-0.2712848472308617,0.4010790420280501,0.0555425686100332,0.0901297321902738,0.1784788732394366,0.390362441314554,0.3009028146574615,0.1854317639908364,11.135269121813028,0.2676869547677878,2.9672326729926195,0.5510773411651788,0.6162513441488615,0.073509748001309,1.6351746920512191,0.3111996820795736,2.2743882786932588,1.518444060030857,0.0499435783842521,0.3472330539433393,-0.0225415076515857,0.0,0.042632105106897834,0.0,0.0016422988
BMY,Bristol-Myers,Healthcare,US,A+,0,2021-12-31,2021,109314000000.0,73308000000.0,35946000000.0,45596000000.0,13979000000.0,46385000000.0,20118000000.0,9432000000.0,6994000000.0,1334000000.0,16207000000.0,153969264221.1914,53.09284973144531,0.0316037690747574,0.1868443960393797,0.0639808258777466,0.1945696322261169,0.1507815026409399,0.4337177967015199,1.2684582429199354,0.4171103426825475,7.070464767616187,0.3554478463023072,1.491160582746767,1.4085045302631996,0.3288325374608924,0.0862835501399637,2.1003064361487342,0.4243280824048155,2.3638467045090072,3.1611504473351992,0.0,0.0,0.4171103426825475,0.0,0.0011737402421623808,0.0,0.0011834404
BMY,Bristol-Myers,Healthcare,US,A+,0,2022-12-31,2022,96820000000.0,65702000000.0,31061000000.0,40717000000.0,9123000000.0,46159000000.0,19221000000.0,8945000000.0,6327000000.0,1232000000.0,13066000000.0,182696017456.0547,62.998626708984375,0.1898101198519552,0.1971557020178256,0.0653480685808717,0.2036959531244969,0.1370696938841829,0.416408501050716,1.310872154792183,0.4205432761826069,7.260551948051942,0.3208979050519439,1.4736233295790082,1.8869656832891413,0.3208118157405494,0.0923879363767816,2.780676653009873,0.4767506713488948,2.8350110320868573,3.196953108861805,0.0639808258777466,1.2684582429199354,0.0034329335000593,0.0,0.021594587616918706,0.0,0.0011834404
BMY,Bristol-Myers,Healthcare,US,A+,0,2023-12-31,2023,95159000000.0,65674000000.0,29430000000.0,41464000000.0,11464000000.0,45006000000.0,19366000000.0,9606000000.0,8025000000.0,1166000000.0,13860000000.0,136000451614.37988,46.52769470214844,-0.2646175647846709,0.1935786479165988,0.0843325381729526,0.2726809378185525,0.1783095587255032,0.4302981824645603,1.4089024804621135,0.4357338769848359,8.23842195540308,0.3342658691877291,1.4489600146176569,1.4291916856459177,0.3092718502716506,0.1009468363475866,2.070841605724943,0.4729557897834151,2.419711533491397,3.197753234060888,0.0653480685808717,1.310872154792183,0.015190600802229,0.0,0.01599378117370033,0.0,0.0011834404
BMY,Bristol-Myers,Healthcare,US,A+,0,2024-12-31,2024,92603000000.0,76215000000.0,16335000000.0,51200000000.0,10346000000.0,48300000000.0,3168000000.0,-6432000000.0,-8948000000.0,1947000000.0,15190000000.0,156103881866.45508,53.405364990234375,0.1162734178959254,0.2851297381950959,-0.0966275390646091,-0.5477808386899296,-0.1852587991718426,0.0655900621118012,3.1343740434649523,0.5528978542811788,-3.3035439137134035,0.2966796875,1.2150232893787312,1.6857324478305786,0.1763981728453721,-0.069457792944073,2.04820418377557,0.5215813742535339,1.7329709752178817,4.405030074619612,0.0843325381729526,1.4089024804621135,0.1171639772963428,0.0,0.15017468443167328,0.029699999999999997,0.011500758
BP,BP,Energy,UK,A-,0,2021-12-31,2021,287272000000.0,196833000000.0,75463000000.0,69787000000.0,25941000000.0,157739000000.0,32549000000.0,17744000000.0,7565000000.0,2517000000.0,23612000000.0,453565453336.298,21.82903480529785,0.3668799150589434,0.3333431206925227,0.0263339274276643,0.1002478035593602,0.0479589701976049,0.2063471937821338,0.9247843313941932,0.2429300453925199,7.049662296384582,0.3383438176164615,1.459470718832716,1.5788710815404845,0.2626883232615778,0.061767244980367,2.304316112320078,0.5490928458046729,2.4507404095458245,3.346897713665098,0.0,0.0,0.2429300453925199,0.0,0.0022233236468753065,0.0,0.0011447793
BP,BP,Energy,UK,A-,0,2022-12-31,2022,288120000000.0,205130000000.0,67553000000.0,55493000000.0,23329000000.0,241392000000.0,32346000000.0,18028000000.0,-2487000000.0,2623000000.0,40932000000.0,569877009833.0936,29.839956283569336,0.370064868366861,0.3565057461061512,-0.0086318200749687,-0.0368155374298698,-0.0103027440843109,0.1339978126864187,0.8214735096886889,0.1926037762043592,6.8730461303850525,0.7376065449696358,1.4045727099887877,1.9779154860235095,0.23446133555463,0.0625711509093433,2.778126114332831,0.8378175760099958,2.9925316452760837,3.5856969318339584,0.0263339274276643,0.9247843313941932,-0.0503262691881606,0.0,0.02173007668451661,0.0,0.0014685818
BP,BP,Energy,UK,A-,0,2023-12-31,2023,280294000000.0,194801000000.0,70283000000.0,63075000000.0,27748000000.0,210130000000.0,43503000000.0,27575000000.0,15239000000.0,3826000000.0,32039000000.0,566213708102.089,31.63063621520996,0.0788499120451329,0.2507941551733781,0.0543679136906248,0.2168234139123258,0.0725217722362347,0.2070289820587255,0.8974431939444816,0.2250315739901674,7.207266074228958,0.5079508521601268,1.438873517076401,2.020070740372926,0.2507474294847553,0.0983788450698195,2.906626290943522,0.7496771247333157,3.11920000341154,3.3118368570144208,-0.0086318200749687,0.8214735096886889,0.0324277977858081,0.0,0.002797792092173658,0.0,0.0011076477
BP,BP,Energy,UK,A-,0,2024-12-31,2024,282228000000.0,203910000000.0,59246000000.0,71547000000.0,34360000000.0,189185000000.0,27983000000.0,11361000000.0,381000000.0,4579000000.0,27297000000.0,457260832787.5615,27.442567825317383,-0.13484915129848,0.2145204306639735,0.0013499723627705,0.0064308138946089,0.0020139017363955,0.1479134180828289,1.2076258312797488,0.2535078022024746,2.481109412535488,0.3815254308356745,1.3840812122995438,1.6201823801591675,0.2099224740280907,0.0402546876993069,2.242463992877061,0.6703268279547033,2.4005526619223616,3.608454866278328,0.0543679136906248,0.8974431939444816,0.0284762282123071,0.0,0.019420106819143343,0.0,0.0013010678
BUD,Anheuser-Busch,Consumer,BE,BBB+,0,2021-12-31,2021,217627000000.0,138287000000.0,68669000000.0,88830000000.0,12019000000.0,54304000000.0,17788000000.0,12736000000.0,4670000000.0,4273000000.0,14799000000.0,115772836127.84843,57.33480072021485,-0.1266195772599003,0.258207684055744,0.02145873444012,0.0680073978068706,0.0859973482616381,0.3275633470830878,1.29359681952555,0.40817545617042,2.9805757079335358,0.1665991219182708,1.5737343351146529,0.5319782753419771,0.3155352966313922,0.0585221502846613,0.837192477440746,0.2495278618921365,1.3236088002536377,3.112780123789787,0.0,0.0,0.40817545617042,0.0,0.0020803358594334233,0.0,0.0012698681
BUD,Anheuser-Busch,Consumer,BE,BBB+,0,2022-12-31,2022,212943000000.0,128665000000.0,73398000000.0,79991000000.0,9900000000.0,57786000000.0,18981000000.0,13903000000.0,5969000000.0,4379000000.0,13298000000.0,115913088652.5844,57.404258728027344,0.0012114458747565,0.3074251630040419,0.0280309754253485,0.0813237417913294,0.1032949157235316,0.3284705638043816,1.0898253358402137,0.3756451256909126,3.174925782142041,0.1662437024165218,1.6550188473943963,0.5443385725409353,0.3446837886194897,0.0652897723804022,0.90089059691901,0.2713683943590538,1.440979547709175,2.93702070507131,0.02145873444012,1.29359681952555,-0.0325303304795074,0.0,0.02159394126488519,0.0,0.0013013962
BUD,Anheuser-Busch,Consumer,BE,BBB+,0,2023-12-31,2023,219340000000.0,126664000000.0,81848000000.0,78168000000.0,10332000000.0,59380000000.0,19067000000.0,13656000000.0,5341000000.0,4532000000.0,13265000000.0,126390948992.27097,62.59326553344727,0.098444085283468,0.2079657445388554,0.0243503236983678,0.065255107027661,0.0899461098012798,0.3211013809363422,0.9550386081516958,0.3563782255858485,3.013239187996469,0.1696985978917204,1.7316680351165288,0.5762330126391491,0.3731558311297528,0.0622595057900975,0.9978442887661132,0.2707212546731102,1.5226711943958031,2.814338469955321,0.0280309754253485,1.0898253358402137,-0.0192669001050641,0.0,0.020463817101293746,0.0,0.0013511433
BUD,Anheuser-Busch,Consumer,BE,BBB+,0,2024-12-31,2024,206637000000.0,117937000000.0,78237000000.0,72170000000.0,11174000000.0,59768000000.0,20296000000.0,14752000000.0,5855000000.0,4184000000.0,15055000000.0,98803813491.36682,48.9311408996582,-0.2137664434275847,0.2058965406507936,0.0283347125635776,0.0748367140866853,0.0979621201980993,0.3395797082050595,0.9224535705612434,0.3492598131022034,3.5258126195028674,0.2086046833864486,1.7520964582785723,0.4781516063984999,0.3786204793913965,0.0713908932088638,0.8377677360910216,0.2892415201536994,1.481836684667239,2.7687200259392077,0.0243503236983678,0.9550386081516958,-0.007118412483645,0.0,0.020393424959135584,0.0,0.0013511433
CCL,Carnival Corp,Travel,US,B,0,2021-11-30,2021,53344000000.0,41200000000.0,12144000000.0,34607000000.0,8939000000.0,1908000000.0,-5688000000.0,-7921000000.0,-9501000000.0,1601000000.0,-4109000000.0,22990559806.82373,18.15999984741211,-0.0910910779040242,0.5000302136178801,-0.1781081283743251,-0.7823616600790513,-4.97955974842767,-2.981132075471697,2.8497200263504605,0.64875149970006,-4.947532792004994,-0.118733204265033,1.294757281553398,0.4309867990181413,0.2276544691061787,-0.1484890521895621,0.5580232962821294,0.0357678464307138,0.153753314901851,4.396052039592081,0.0,0.0,0.0,0.0,0.010579764156890274,0.059597959183673464,0.022086099
CCL,Carnival Corp,Travel,US,B,0,2022-11-30,2022,51703000000.0,44639000000.0,7064000000.0,35881000000.0,4029000000.0,12169000000.0,-2196000000.0,-4471000000.0,-6093000000.0,1609000000.0,-1670000000.0,13542750000.0,9.75,-0.4466515587053628,0.7852622516578871,-0.1178461597973038,-0.862542468856172,-0.5006984961788149,-0.1804585421973867,5.079416761041902,0.6939829410285671,-2.7787445618396505,-0.0465427384966974,1.1582472725643496,0.2619335435081136,0.1366265013635572,-0.0864746726495561,0.303383812361388,0.2353635185579173,0.2959791878674837,4.670405972574125,-0.1781081283743251,2.8497200263504605,0.045231441328507,0.0,0.00832984220442681,0.0,0.012029789
CCL,Carnival Corp,Travel,US,B,0,2023-11-30,2023,49120000000.0,42237000000.0,6883000000.0,31891000000.0,2415000000.0,21593000000.0,4374000000.0,2004000000.0,-74000000.0,2066000000.0,4281000000.0,20784539787.29248,14.90999984741211,0.5015105125062909,0.5034833506730406,-0.0015065146579804,-0.0107511259625163,-0.0034270365396193,0.2025656462742555,4.633299433386604,0.6492467426710098,0.9699903194578892,0.1342384998902511,1.1629613845680329,0.4231380249855961,0.1401262214983713,0.0407980456026058,0.4920931834006317,0.4395969055374593,1.0376378318644832,4.303888436482085,-0.1178461597973038,5.079416761041902,-0.0447361983575572,0.0,0.0028602956706288507,0.0,0.0024845838
CCL,Carnival Corp,Travel,US,B,0,2024-11-30,2024,49057000000.0,39805000000.0,9252000000.0,28876000000.0,1210000000.0,25021000000.0,6227000000.0,3670000000.0,1916000000.0,1755000000.0,5923000000.0,36568340438.84277,25.43000030517578,0.613578676133054,0.4251797434481713,0.0390566076197076,0.2070903588413315,0.0765756764317972,0.2488709484033412,3.1210549070471245,0.5886213995963879,2.09116809116809,0.2051184374567114,1.2324331114181637,0.7454255343547868,0.1885969382554987,0.0748109342193774,0.918687110635417,0.5100393419899301,1.5344440172017242,3.939845485863383,-0.0015065146579804,4.633299433386604,-0.0606253430746218,0.0,0.007419740437806539,0.0,0.0021155917
CHTR,Charter,Media,US,BB+,0,2021-12-31,2021,142491000000.0,124335000000.0,14050000000.0,91830000000.0,601000000.0,51682000000.0,19770000000.0,10425000000.0,4654000000.0,4037000000.0,16239000000.0,113530719819.65771,657.22998046875,-0.0065301298525164,0.2463285208817544,0.0326617119677734,0.3312455516014234,0.0900506946325606,0.3825316357726094,6.535943060498219,0.6444617554792934,2.582363140946246,0.1768376347598824,1.1460248522137773,0.796757127254758,0.0986027187682029,0.0731625155272964,0.9131034690124076,0.362703609350766,1.2703252545201325,4.264921995073373,0.0,0.0,0.6444617554792934,0.0,0.0008491042180159955,0.0,0.0011834404
CHTR,Charter,Media,US,BB+,0,2022-12-31,2022,144523000000.0,131974000000.0,9119000000.0,97603000000.0,645000000.0,54022000000.0,20921000000.0,12018000000.0,5055000000.0,4556000000.0,14925000000.0,51764089654.41019,339.1000061035156,-0.4798840110108,0.4067514391419472,0.0349771316676238,0.5543370983660488,0.0935729887823479,0.3872681500129576,10.703256936067548,0.6753457927111948,2.6378402107111496,0.152915381699333,1.0950869110582389,0.3581719840745777,0.0630972232793396,0.0831563142198819,0.3922294516678299,0.3737951744704995,0.9592653503320154,4.4609162555441,0.0326617119677734,6.535943060498219,0.0308840372319013,0.0,0.018549890346616162,0.0,0.0011834404
CHTR,Charter,Media,US,BB+,0,2023-12-31,2023,147193000000.0,132475000000.0,11086000000.0,98202000000.0,709000000.0,54607000000.0,20738000000.0,12042000000.0,4557000000.0,5188000000.0,14433000000.0,58540692726.38929,388.6799926757813,0.1378886584549679,0.3161260862527083,0.0309593526866087,0.4110589933249142,0.0834508396359441,0.3797681615910048,8.858199530939922,0.6671648787646152,2.3211256746337696,0.146972566750168,1.111100207586337,0.3977138364350838,0.0753160816071416,0.0818109556840338,0.4418999262229801,0.3709891095364589,0.9964845169561288,4.407166101648856,0.0349771316676238,10.703256936067548,-0.0081809139465796,0.0,0.00929146927734119,0.0,0.001259191
CHTR,Charter,Media,US,BB+,0,2024-12-31,2024,150020000000.0,130313000000.0,15587000000.0,95763000000.0,459000000.0,55085000000.0,21404000000.0,12731000000.0,5083000000.0,5229000000.0,14430000000.0,50097757138.08325,343.17999267578125,-0.1234451633018941,0.4076821126333576,0.0338821490467937,0.3261050875729774,0.0922755741127348,0.3885631297086321,6.1437736575351245,0.6383348886815091,2.4346911455345186,0.1506845023652141,1.1512281967263436,0.3339405221842638,0.103899480069324,0.0848620183975469,0.3844417451680434,0.3671843754166111,1.002573459312531,4.24154112784962,0.0309593526866087,8.858199530939922,-0.028829990083106,0.0,0.01593986593196674,0.0,0.001259191
CMCSA,Comcast,Media,US,A-,0,2021-12-31,2021,275905000000.0,177896000000.0,96092000000.0,100020000000.0,8711000000.0,116385000000.0,37178000000.0,23374000000.0,14159000000.0,4281000000.0,29146000000.0,242129308426.41968,44.788818359375,-0.0171660602389598,0.2449522130884898,0.0513183885757779,0.1473483744744619,0.1216565708639429,0.3194397903509902,1.0408774924031137,0.3625160834345155,5.459939266526511,0.2914017196560688,1.5509342537212754,0.8775821693206708,0.3482792990340878,0.0847175658288178,1.3610722468544525,0.4218299777097189,1.9359764518983948,3.06990812054874,0.0,0.0,0.3625160834345155,0.0,0.0011629421137677376,0.0,0.0011834404
CMCSA,Comcast,Media,US,A-,0,2022-12-31,2022,257275000000.0,175237000000.0,80943000000.0,99983000000.0,4749000000.0,121427000000.0,27001000000.0,13180000000.0,5370000000.0,3896000000.0,26413000000.0,161853211484.2776,31.780101776123047,-0.2867802492641759,0.2978851306226541,0.0208726071324458,0.0663429820985137,0.0442241017236693,0.2223640541230533,1.2352272586882127,0.3886230687008065,3.3829568788501017,0.2641749097346549,1.46815455640076,0.6291058652580996,0.3146166553298999,0.0512292294237683,0.9236246425371216,0.4719735691380818,1.57274479815467,3.3430181712175684,0.0513183885757779,1.0408774924031137,0.026106985266291,0.0,0.02132227778977444,0.0,0.0011885468
CMCSA,Comcast,Media,US,A-,0,2023-12-31,2023,264811000000.0,181344000000.0,82703000000.0,97090000000.0,6215000000.0,121572000000.0,38901000000.0,24565000000.0,15388000000.0,4087000000.0,28501000000.0,199014291872.5417,41.02073669433594,0.2591971885180959,0.2398696291837815,0.0581093685685262,0.1860633834322818,0.126575198236436,0.3199832198203534,1.173959832170538,0.3666388480841052,6.01052116466846,0.2935523740858997,1.46026888124228,0.751533327061722,0.3123095339695103,0.0927642733874348,1.0974407307247094,0.4590896903829524,1.7984476717597253,3.2496988418154835,0.0208726071324458,1.2352272586882127,-0.0219842206167013,0.0,0.00889676845770034,0.0,0.001259191
CMCSA,Comcast,Media,US,A-,0,2024-12-31,2024,266211000000.0,179937000000.0,85560000000.0,99093000000.0,7322000000.0,123731000000.0,37609000000.0,22807000000.0,16192000000.0,4134000000.0,27673000000.0,167913752877.50427,36.028839111328125,-0.1239045030952193,0.2411185566916282,0.0608239328953349,0.1892473118279569,0.1308645367773638,0.3039577793762275,1.1581697054698457,0.3722348062251372,5.516932752781808,0.2792629146357462,1.4794678137348072,0.6307543748286294,0.3213991908673946,0.0856726431289465,0.9331807959313776,0.4647854521413465,1.6930926810665703,3.1971218319303105,0.0581093685685262,1.173959832170538,0.0055959581410319,0.0,0.012936941273255715,0.0,0.0011834404
COIN,Coinbase,Financial,US,BB-,0,2021-12-31,2021,21274425000.0,14892736000.0,6381689000.0,3511299000.0,7123478000.0,7839444000.0,3119758000.0,3056107000.0,3624120000.0,29160000.0,4038172000.0,55753476285.2478,256.7900085449219,-0.2177713857079602,0.5898479728823324,0.1703510200628219,0.567893546677063,0.4622929891456587,0.3979565387545341,0.5502146845451101,0.1650478920111824,104.8047668038373,1.1500507362090209,1.4285101810708252,2.6206807603612225,0.2999699874379684,0.1436516850631685,3.743669147512438,0.3684914633415474,3.4487074974830283,2.9890970026216928,0.0,0.0,0.0,0.0,0.0007021237277337872,0.0,0.0014302465
COIN,Coinbase,Financial,US,BB-,0,2022-12-31,2022,89724873000.0,84270316000.0,5454557000.0,3489745000.0,4425021000.0,3194208000.0,-2821612000.0,-2975681000.0,-2624949000.0,88901000.0,-1585419000.0,8170347599.090576,35.38999938964844,-0.8597693859239679,1.0708115616938392,-0.0292555331897767,-0.4812396313761135,-0.8217839915246594,-0.8833526182390123,0.6397852291212649,0.0388938416218209,-33.47185071034034,-0.454307979522859,1.064726908108426,0.0910600073971748,0.0607920280923663,-0.0331645050085498,0.0969540401283243,0.0356000280992317,0.0572800193588514,4.783806459107499,0.1703510200628219,0.5502146845451101,-0.1261540503893614,0.0,0.05742990381926441,0.01,0.0036191228
COIN,Coinbase,Financial,US,BB-,0,2023-12-31,2023,14753901000.0,8472252000.0,6281649000.0,2983778000.0,5139351000.0,3108383000.0,145563000.0,5921000.0,94871000.0,82766000.0,922951000.0,42096987716.79688,173.9199981689453,4.176190656761472,0.9010043217330131,0.0064302315706198,0.0151028814249252,0.0305210136588702,0.0468291713086836,0.4749991602523477,0.2022365474731055,0.0715390377691313,0.3093229456078836,1.7414379317329085,2.853278445937578,0.4257619052750861,0.0004013175905138,4.968807315551624,0.2106821104465862,3.70420513415636,2.851899778912709,-0.0292555331897767,0.6397852291212649,0.1633427058512846,0.0,0.0006804234990738993,0.0,0.002592303
COIN,Coinbase,Financial,US,BB-,0,2024-12-31,2024,22541951000.0,12265109000.0,10276842000.0,4319870000.0,8543903000.0,6564028000.0,3150807000.0,3023289000.0,2579066000.0,80645000.0,2556844000.0,64820237780.76171,255.5599975585937,0.6290157419965279,0.8638172149987254,0.1144118359586532,0.250959000829243,0.39290904913873,0.4800112065335492,0.4203499479703978,0.1916369173191797,37.48885857771669,0.5918798482361737,1.837892431286179,2.8755380481823294,0.4558985156165054,0.1341183378492837,5.284929614629736,0.2911916541740331,4.451818156594317,2.377271914041513,0.0064302315706198,0.4749991602523477,-0.0105996301539258,0.0,0.0048386857972434,0.0,0.0029455563
COST,Costco,Retail,US,A+,0,2022-08-31,2022,64166000000.0,43519000000.0,20642000000.0,9039000000.0,10203000000.0,226954000000.0,9898000000.0,7998000000.0,5844000000.0,158000000.0,7392000000.0,222283468226.5625,502.1494140625,0.1581990512787014,0.295537103957868,0.0910762709222953,0.2831121015405484,0.0257497113952607,0.0436123619764357,0.4378936149597907,0.1408689960415173,50.62025316455664,0.817789578493196,1.4744364530434984,3.464193938013317,0.3216968487984291,0.1246454508618271,5.107733822619143,3.5369822024124926,7.398988702386123,3.117897328803416,0.0,0.0,0.1408689960415173,0.0,0.0003759931116562087,0.0,0.0013534068
COST,Costco,Retail,US,A+,0,2023-08-31,2023,68994000000.0,43936000000.0,25058000000.0,8884000000.0,13700000000.0,242290000000.0,10724000000.0,8647000000.0,6292000000.0,160000000.0,11068000000.0,231770055709.28955,523.4275512695312,0.0464470367359799,0.2308826329396606,0.0911963359132678,0.2510974539069359,0.025968880267448,0.0442610095340294,0.354537473062495,0.1287648201292866,54.043749999999655,1.2458352093651506,1.5703295702840496,3.3592784257948454,0.363191002116126,0.1253297388178682,5.275174246842898,3.5117546453314783,7.526276534075533,2.9104559816795663,0.0910762709222953,0.4378936149597907,-0.0121041759122307,0.0,0.0028642264281878273,0.0,0.0015007263
COST,Costco,Retail,US,A+,0,2024-08-31,2024,69831000000.0,46209000000.0,23622000000.0,8169000000.0,9906000000.0,254453000000.0,12146000000.0,9909000000.0,7367000000.0,169000000.0,11339000000.0,392862031741.6992,886.569580078125,0.687584085523604,0.1939688702964488,0.1054975583909725,0.3118702904072475,0.0289523016038325,0.0477337661572078,0.3458216916433833,0.1169824290071744,58.63313609467421,1.3880523931937812,1.5111991170551191,5.625897262558165,0.3382738325385573,0.1418997293465652,8.50185097582071,3.643840128309777,9.619148419692136,2.992138162134296,0.0911963359132678,0.354537473062495,-0.0117823911221121,0.0,0.001694085252602293,0.0,0.0026932277
COST,Costco,Retail,US,A+,0,2025-08-31,2025,77099000000.0,47935000000.0,29164000000.0,8173000000.0,14161000000.0,275235000000.0,13398000000.0,10972000000.0,8099000000.0,154000000.0,13335000000.0,406635725404.96826,917.4227905273438,0.0510664253928776,0.1735902608147422,0.1050467580643069,0.2777053902071046,0.0294257634385161,0.048678402092757,0.2802427650528048,0.1060065629904408,71.24675324675277,1.6315918267466043,1.6084072181078544,5.274202329536936,0.3782669035914863,0.1423105358046148,8.483065096588469,3.569890660060442,9.583274770478535,2.793525207849648,0.1054975583909725,0.3458216916433833,-0.0109758660167336,0.0,0.002382464318110011,0.0,0.0015007263
CRM,Salesforce,Technology,US,A+,0,2022-01-31,2022,95209000000.0,37078000000.0,58131000000.0,13985000000.0,5464000000.0,26492000000.0,3846000000.0,548000000.0,1444000000.0,0.0,6000000000.0,217399723602.2949,219.8177185058593,-0.0277072220439675,0.3020561671478747,0.0151666334065056,0.0248404465775575,0.0545070209874679,0.1451759021591424,0.2405773167500989,0.1468873740927853,548000000000000.0,0.4290311047550947,2.5678030098710827,2.283394674897277,0.6105620266991566,0.0057557583841863,5.863307718924832,0.2782510056822359,4.547904071743938,1.9016899662847,0.0,0.0,0.1468873740927853,0.0,0.0037587771640431545,0.0,0.0018909277
CRM,Salesforce,Technology,US,A+,0,2023-01-31,2023,98849000000.0,40490000000.0,58359000000.0,14088000000.0,7016000000.0,31352000000.0,5644000000.0,1858000000.0,208000000.0,0.0,7111000000.0,164502318695.06836,163.03500366210938,-0.291793915253452,0.4688879667415168,0.0021042195672186,0.0035641460614472,0.0066343454963,0.1800204133707578,0.2414023543926386,0.142520409918158,1858000000000000.0,0.5047558205565019,2.4413188441590514,1.6641778742836888,0.5903853352082469,0.01879634594179,4.062788804521323,0.317170633997309,3.525334260567906,2.041760665257109,0.0151666334065056,0.2405773167500989,-0.0043669641746273,0.0,0.02428854425537148,0.0,0.001807999
CRM,Salesforce,Technology,US,A+,0,2024-01-31,2024,99823000000.0,40177000000.0,59646000000.0,12588000000.0,8472000000.0,34857000000.0,9958000000.0,5999000000.0,4136000000.0,0.0,10234000000.0,294700583496.09375,284.73486328125,0.7129844394263622,0.2838384809938729,0.0414333370065015,0.0693424538108171,0.118656224000918,0.2856814986946668,0.2110451664822452,0.1261032026687236,5999000000000000.0,0.8129965046075627,2.4845807302685614,2.952231284334209,0.5975176061629084,0.0600963705759193,7.335056960352783,0.3491880628712822,5.665561389378976,1.8881119581659536,0.0021042195672186,0.2414023543926386,-0.0164172072494343,0.0,0.007266768637582369,0.0,0.003670901
CRM,Salesforce,Technology,US,A+,0,2025-01-31,2025,102928000000.0,41755000000.0,61173000000.0,11392000000.0,8848000000.0,37895000000.0,11143000000.0,7666000000.0,6197000000.0,0.0,13092000000.0,352810412109.375,334.10076904296875,0.1896238006170545,0.3684974906550831,0.0602071350847194,0.1013028623739231,0.1635308088138276,0.2940493468795355,0.1862259493567423,0.1106793098087983,7666000000000000.0,1.1492275280898874,2.465046102263202,3.4277398969121617,0.5943280739934712,0.0744792476294108,8.449536872455395,0.3681699829006684,6.396867312343126,1.847738224778486,0.0414333370065015,0.2110451664822452,-0.0154238928599252,0.0,0.010390833457966722,0.0,0.0019072182
CSCO,Cisco,Technology,US,AA-,0,2022-07-31,2022,94002000000.0,54229000000.0,39773000000.0,9515000000.0,7079000000.0,51557000000.0,16794000000.0,14837000000.0,11812000000.0,360000000.0,13226000000.0,169244235420.22702,41.17864608764648,-0.1582210524452467,0.273488914624011,0.1256569009170017,0.2969853921001684,0.2291056500572182,0.3257365634152491,0.239232645261861,0.1012212506116891,41.213888888888775,1.3900157645822382,1.7334267642774162,1.800432282507043,0.4231080189783196,0.1578370672964405,3.1209175057667857,0.5484670538924704,3.449609502204779,2.5074892023573967,0.0,0.0,0.1012212506116891,0.0,0.0006849203193736141,0.0,0.001354172
CSCO,Cisco,Technology,US,AA-,0,2023-07-31,2023,101852000000.0,57499000000.0,44353000000.0,8391000000.0,10123000000.0,56998000000.0,17471000000.0,15745000000.0,12613000000.0,427000000.0,19886000000.0,198530627166.74805,48.82701110839844,0.188092957771057,0.2277750576075045,0.1238365471468405,0.2843776069262507,0.2212884662619741,0.3065195270009474,0.1891867517417085,0.0823842438047362,36.87353629976572,2.3699201525443927,1.7713699368684672,1.949206958790677,0.4354651847779131,0.1545870478733849,3.452766607536619,0.5596159132859443,3.663971357523581,2.451164434669913,0.1256569009170017,0.239232645261861,-0.0188370068069528,0.0,0.006357564108781667,0.0,0.0016355802
CSCO,Cisco,Technology,US,AA-,0,2024-07-31,2024,124413000000.0,78956000000.0,45457000000.0,30973000000.0,7508000000.0,53803000000.0,15747000000.0,13240000000.0,10320000000.0,1006000000.0,10880000000.0,186621381267.5476,46.5738410949707,-0.0564706327855905,0.1847495717482749,0.0829495309975645,0.2270277405020128,0.1918108655651172,0.2926788469044477,0.6813692060628727,0.2489530836809658,13.161033797216689,0.3512736899880541,1.575725720654542,1.500015121149298,0.3653717859066174,0.1064197471325343,2.3636124077656877,0.4324548077773223,2.640253561062039,2.9242924774742187,0.1238365471468405,0.1891867517417085,0.1665688398762295,0.0,0.006883774346701726,0.0,0.0011834404
CSCO,Cisco,Technology,US,AA-,0,2025-07-31,2025,122291000000.0,75448000000.0,46843000000.0,28093000000.0,8346000000.0,56654000000.0,15504000000.0,12693000000.0,10180000000.0,1593000000.0,14193000000.0,228499753228.238,57.70198440551758,0.2310083259044795,0.2023688545818049,0.0832440653850242,0.2173216916081378,0.1796872242030571,0.2736611713206481,0.599726746792477,0.2297225470394387,7.967984934086624,0.5052148221977005,1.620864701516276,1.868491984105437,0.3830453590206965,0.1037934107988323,3.028572702102614,0.4632720314659296,3.0825883391884803,2.835041008741444,0.0829495309975645,0.6813692060628727,-0.019230536641527,0.0,0.007820402169098808,0.0,0.001259191
CVNA,Carvana,Auto,US,CCC,0,2021-12-31,2021,7015000000.0,6490000000.0,306000000.0,5774000000.0,403000000.0,12814000000.0,-5000000.0,-110000000.0,-135000000.0,176000000.0,-2594000000.0,20960884564.666748,233.0800018310547,-0.0269683210993564,0.5143045011726135,-0.0192444761225944,-0.4411764705882338,-0.010535351958795,-0.0003901982206961,18.86928104575157,0.8230933713471132,-0.6249999999999964,-0.4492552822999653,1.0808936825885975,2.988009203801389,0.0436208125445473,-0.0156806842480399,3.229720271905508,1.826657163221668,3.7650880433998974,4.683535281539558,0.0,0.0,0.8230933713471132,0.0,0.00012472922910649923,0.0,0.0021019303
CVNA,Carvana,Auto,US,CCC,0,2022-12-31,2022,8698000000.0,9751000000.0,-518000000.0,8816000000.0,434000000.0,13604000000.0,-2146000000.0,-2407000000.0,-1587000000.0,486000000.0,-1324000000.0,502615355.7300568,4.739999771118164,-0.9795504555484978,1.548005332855403,-0.1824557369510231,3.0637065637065697,-0.1166568656277565,-0.1577477212584533,-17.01930501930505,1.0135663370889858,-4.952674897119331,-0.1501814882032667,0.8920110757870986,0.0577851639146995,-0.0595539204414807,-0.2767302828236375,0.0515450062280849,1.5640377098183489,0.6102900757074189,6.152678776730282,-0.0192444761225944,18.86928104575157,0.1904729657418725,0.0,0.10067809405921294,0.0,0.0374068
CVNA,Carvana,Auto,US,CCC,0,2023-12-31,2023,7071000000.0,7455000000.0,243000000.0,6706000000.0,530000000.0,10771000000.0,1159000000.0,807000000.0,450000000.0,632000000.0,803000000.0,6047812503.116607,52.93999862670898,10.434124690751029,1.527833161021453,0.0636402206194314,1.851851851851844,0.0417788506173985,0.1076037508123665,27.596707818929925,0.9483807099420164,1.2768987341772131,0.1197435132716969,0.948490945674044,0.8552980488073265,0.0343657191344929,0.1141281289775137,0.811242455146426,1.5232640362042142,2.4278711978792566,5.080610946117945,-0.1824557369510231,-17.01930501930505,-0.0651856271469693,0.0,0.001283000750694244,0.0,0.0022138762
CVNA,Carvana,Auto,US,CCC,0,2024-12-31,2024,8484000000.0,7109000000.0,1260000000.0,6046000000.0,1716000000.0,13673000000.0,1356000000.0,1051000000.0,210000000.0,651000000.0,918000000.0,28060209456.71081,210.5500030517578,3.3083692992345552,0.7775099961481253,0.0247524752475247,0.1666666666666665,0.0153587361954216,0.0991735537190082,4.798412698412695,0.7126355492692126,1.6144393241167412,0.1518359245782335,1.193416795611197,3.3074268572266394,0.1485148514851485,0.1238802451673738,3.947138761669828,1.6116218764733614,4.56692776430977,4.115393682225365,0.0636402206194314,27.596707818929925,-0.2357451606728039,0.0,0.0004718110123274958,0.0,0.0024634043
CVX,Chevron,Energy,US,AA-,0,2021-12-31,2021,239535000000.0,99595000000.0,139067000000.0,31369000000.0,5640000000.0,155606000000.0,39364000000.0,22351000000.0,15625000000.0,712000000.0,29187000000.0,244085005159.11423,99.92522430419922,0.4634099440911079,0.2455133922845332,0.0652305508589558,0.1123559147748926,0.1004138657892369,0.2529722504273614,0.2255675321967109,0.1309578975932536,31.391853932584223,0.9304408811246772,2.4050906169988453,1.018995157948167,0.5805706890433548,0.0933099547039054,2.450775693148393,0.6496169662053562,3.1246900594693057,1.8832320955184003,0.0,0.0,0.1309578975932536,0.0,0.0017949560590476712,0.0,0.0028906376
CVX,Chevron,Energy,US,AA-,0,2022-12-31,2022,257709000000.0,97467000000.0,159282000000.0,23339000000.0,17678000000.0,235717000000.0,65485000000.0,50190000000.0,35465000000.0,516000000.0,49602000000.0,386519315553.5391,158.23597717285156,0.5846235715008814,0.329203696816544,0.1376164588741565,0.2226554161801082,0.1504558432357445,0.2778119524684261,0.1465262867116183,0.0905633873865484,97.26744186046491,2.125283859634089,2.6440641447874667,1.4998285490748835,0.6180692176059044,0.1947545487352013,3.965642889937509,0.9146634382190766,4.678422244134831,1.4781788761742898,0.0652305508589558,0.2255675321967109,-0.0403945102067052,0.0,0.003031495268443041,0.0,0.003595635
CVX,Chevron,Energy,US,AA-,0,2023-12-31,2023,261632000000.0,99703000000.0,160957000000.0,20836000000.0,8178000000.0,196913000000.0,45042000000.0,30053000000.0,21369000000.0,469000000.0,35609000000.0,333826179340.9796,136.66409301757812,-0.1090258354532276,0.2299215089571366,0.0816757888943248,0.1327621662928608,0.1085200062971972,0.2287406113359707,0.1294507228638704,0.0796385763209393,64.0788912579956,1.709013246304473,2.624113617443808,1.2759378796973595,0.6152037977005871,0.114867447407045,3.348205965126221,0.7526334699119374,3.878864182671623,1.6603779354207435,0.1376164588741565,0.1465262867116183,-0.010924811065609,0.0,0.02227355901658156,0.0,0.001776986
CVX,Chevron,Energy,US,AA-,0,2024-12-31,2024,256938000000.0,103781000000.0,152318000000.0,24541000000.0,6781000000.0,193414000000.0,44725000000.0,28100000000.0,17661000000.0,594000000.0,31492000000.0,333990997392.688,136.7315673828125,-0.0016482401131775,0.1926270438853854,0.0687364266865936,0.1159482136057458,0.0913119008965224,0.2312397241151106,0.1611168739085334,0.0955133144961041,47.30639730639723,1.283240291756652,2.475771094901764,1.2998894573503643,0.5928200577571243,0.1093649051522157,3.2182287450755727,0.752765258544863,3.7559907619010673,1.8133635351719093,0.0816757888943248,0.1294507228638704,0.0158747381751647,0.0,0.010188278120355533,0.0,0.0015077429
DEO,Diageo,Consumer,UK,A,0,2022-06-30,2022,44183000000.0,32672000000.0,9435000000.0,19385000000.0,2765000000.0,20516000000.0,8089000000.0,7025000000.0,4280000000.0,1217000000.0,5213000000.0,393256538757.3242,157.42855834960938,-0.0669411124731911,0.2232194745721488,0.0968698368150646,0.4536301006889241,0.2086176642620393,0.3942776369662702,2.054583995760466,0.4387434080981373,5.772391125718976,0.2689192674748517,1.3523200293829578,8.900630078476432,0.2135436706425548,0.158997804585474,12.036500329252087,0.4643414888079125,8.467186846262294,3.4067401489260574,0.0,0.0,0.4387434080981373,0.0,0.0003974849838344201,0.0,0.0013169803
DEO,Diageo,Consumer,UK,A,0,2023-06-30,2023,44883000000.0,33174000000.0,9856000000.0,21355000000.0,1813000000.0,20555000000.0,7890000000.0,6593000000.0,4445000000.0,951000000.0,3636000000.0,382389049987.79297,155.4427032470703,-0.006660104267071,0.2053187970953782,0.0990352694784216,0.4509943181818181,0.2162490878131841,0.3838482121138409,2.1667004870129865,0.4757926163580865,6.932702418506828,0.170264575040974,1.3529571351058058,8.519685626802865,0.2195931644497916,0.146893032996903,11.526769457641317,0.4579684958670321,8.122288976681352,3.3985027738787514,0.0968698368150646,2.054583995760466,0.0370492082599492,0.0,0.009772720007043819,0.0,0.0013169803
DEO,Diageo,Consumer,UK,A,0,2024-06-30,2024,45474000000.0,33404000000.0,10032000000.0,22105000000.0,1130000000.0,20269000000.0,7087000000.0,6594000000.0,3870000000.0,1134000000.0,4105000000.0,288839173114.1289,118.7459945678711,-0.2564545758813299,0.2158087031467498,0.0851035756696134,0.3857655502392343,0.190931965069811,0.3496472445606591,2.203448963317384,0.4861019483660993,5.8148148148148096,0.18570459172133,1.3613339719794038,6.351743262394531,0.2206095791001451,0.1450059374587676,8.646843884388963,0.4457272287460966,6.3770846479135805,3.4175572854818133,0.0990352694784216,2.1667004870129865,0.0103093320080127,0.0,0.014747275199711826,0.0,0.0013169803
DEO,Diageo,Consumer,UK,A,0,2025-06-30,2025,49322000000.0,36144000000.0,11090000000.0,24401000000.0,2200000000.0,20245000000.0,6359000000.0,4641000000.0,2354000000.0,1104000000.0,4297000000.0,295842072973.4503,121.62432861328124,0.0259482489486819,0.2323926756017255,0.0477271805685089,0.2122633002705139,0.1162756236107681,0.3141022474685107,2.2002705139765557,0.4947285187137585,4.203804347826083,0.1760993401909757,1.3645971668880037,5.998176736009293,0.2248489517862211,0.0940959409594096,8.185094980451813,0.4104659178459916,5.901858253426596,3.520903450792749,0.0851035756696134,2.203448963317384,0.0086265703476592,0.0,0.023574485123118813,0.0,0.0013169803
DIS,Disney,Media,US,A-,0,2022-09-30,2022,203631000000.0,95253000000.0,95008000000.0,51608000000.0,11615000000.0,82722000000.0,11997000000.0,6834000000.0,3145000000.0,1549000000.0,6010000000.0,172533732604.98047,95.8520736694336,-0.4239523067221046,0.318753500386263,0.0154446032283886,0.0331024755810037,0.0380189066995478,0.1450279248567491,0.5431963624115864,0.2534388182545879,4.411878631375078,0.1164548132072546,2.13779093571856,0.8472861823837258,0.4665694319627169,0.0335607053935795,1.811320720659512,0.4062348070775078,2.163660885627288,2.292529133579858,0.0,0.0,0.2534388182545879,0.0,0.0023284571746780692,0.0,0.0014801106
DIS,Disney,Media,US,A-,0,2023-09-30,2023,205579000000.0,92567000000.0,99277000000.0,49895000000.0,14182000000.0,88898000000.0,12111000000.0,6742000000.0,2354000000.0,1973000000.0,9866000000.0,147404116134.64355,79.72099304199219,-0.1407824797476189,0.3257372909321924,0.011450585906148,0.0237114336654008,0.0264797858219532,0.1362347859344417,0.5025836800064466,0.2427047509716459,3.4171312721743523,0.1977352440124261,2.220867047651971,0.7170193265588585,0.4829141108770837,0.032795178495858,1.5924045948841763,0.4324274366545221,2.07559121567386,2.2170211937989777,0.0154446032283886,0.5431963624115864,-0.010734067282942,0.0,0.011505047803213158,0.0,0.0015748207
DIS,Disney,Media,US,A-,0,2024-09-30,2024,196219000000.0,90697000000.0,100696000000.0,48743000000.0,6002000000.0,91361000000.0,14629000000.0,9639000000.0,4972000000.0,2070000000.0,13971000000.0,176615855013.2878,95.1805648803711,0.1848572938940207,0.2644276459760599,0.0253390344462055,0.0493763406689441,0.0544214708683136,0.1601230284256958,0.4840609358862318,0.2484112140006829,4.656521739130433,0.2866257719057095,2.163456343649735,0.9000955820449997,0.5131817000392419,0.0491236832314913,1.9473174968663551,0.4656073061222409,2.4119239989530654,2.235099557127495,0.011450585906148,0.5025836800064466,0.0057064630290369,0.0,0.006531573467226241,0.0,0.001412072
DIS,Disney,Media,US,A-,0,2025-09-30,2025,197514000000.0,82902000000.0,109869000000.0,44877000000.0,5695000000.0,94425000000.0,19141000000.0,13815000000.0,12404000000.0,1812000000.0,18101000000.0,206316190338.1348,110.32951354980467,0.156990892876387,0.2341148054450812,0.0628006116022155,0.1128980877226515,0.1313635160180037,0.2027111464124966,0.4084591650055976,0.2272092104863452,7.624172185430459,0.4033469260422934,2.3824998190634727,1.044564893314574,0.5562593031380054,0.0699444090039187,2.488675669322028,0.4780673775023543,2.8696004925741097,1.910234211245785,0.0253390344462055,0.4840609358862318,-0.0212020035143376,0.0,0.004698375894003487,0.0,0.0014020056
DMART.NS,Avenue Supermarts,Retail,IN,AA+,0,2022-03-31,2022,154726400000.0,17947500000.0,136776400000.0,6469400000.0,951200000.0,308852100000.0,26158100000.0,21177300000.0,14925500000.0,536100000.0,13723500000.0,2593268872474.097,4003.35009765625,0.374446446516254,0.309989318053975,0.0964638225926538,0.1091233575382887,0.0483257196567548,0.0846945835887144,0.0472990954579883,0.041811869209133,39.50251818690536,2.1212940921878376,8.62105585736175,16.760351643120355,0.8839887698544011,0.136869338393448,144.49192770436537,1.9961176631783584,90.20372962632123,0.2905838951853077,0.0,0.0,0.041811869209133,0.0,0.08984927060304562,0.0,0.0022687616
DMART.NS,Avenue Supermarts,Retail,IN,AA+,0,2023-03-31,2023,181062900000.0,20275100000.0,160787000000.0,6430400000.0,2071500000.0,427353800000.0,37660500000.0,31271800000.0,23785100000.0,670900000.0,26302700000.0,2204778234030.4146,3401.050048828125,-0.1668585347340011,0.2895457443565314,0.1313637415505882,0.1479292480113442,0.0556566947573649,0.0881248745184903,0.0399932830390516,0.0355147299640069,46.61171560590245,4.0903676287633735,8.93030860513635,12.17686358735232,0.8880173685498244,0.1727123557614508,108.74314967770393,2.360250498583641,69.24171192147855,0.1657998408287949,0.0964638225926538,0.0472990954579883,-0.006297139245126,0.0,0.30142707770479743,0.0,0.0024138144
DMART.NS,Avenue Supermarts,Retail,IN,AA+,0,2024-03-31,2024,211772000000.0,24798600000.0,186978200000.0,5922200000.0,12717700000.0,507006700000.0,42500300000.0,35192700000.0,25361700000.0,579400000.0,27458400000.0,2944957636088.951,4525.60009765625,0.2734717123197328,0.2117599547119144,0.1197594582853257,0.1356398767342931,0.0500224158773444,0.0838259139376264,0.031673211101615,0.0279649812062029,60.73990334829124,4.636520212083346,8.539675626849903,13.906265399056302,0.882922199346467,0.1661820259524394,118.75499568882724,2.394115841565457,75.25502057972061,0.2262239578414521,0.1313637415505882,0.0399932830390516,-0.007549748757804,0.0,0.31095362392412146,0.0,0.0024138144
DMART.NS,Avenue Supermarts,Retail,IN,AA+,0,2025-03-31,2025,243202900000.0,28935900000.0,214277500000.0,8196800000.0,6912600000.0,592331500000.0,46113200000.0,37418000000.0,27080200000.0,691300000.0,24629700000.0,2335188182945.476,3588.550048828125,-0.1995739287664573,0.2955704839546558,0.1113481788251702,0.1263791111992626,0.0457179805564958,0.077850325366792,0.0382531997059887,0.0337035454758146,54.12700708809482,3.0047945539722813,8.404884589731095,9.601810599073762,0.8810647405931425,0.1538550732742085,80.70210993767175,2.4355445597071417,52.42180995282685,0.260847629695205,0.1197594582853257,0.031673211101615,0.0057385642696117,0.0,0.3728341121051439,0.0,0.0022687616
F,Ford,Auto,US,BB+,0,2021-12-31,2021,257035000000.0,208413000000.0,48519000000.0,139485000000.0,20540000000.0,136341000000.0,25543000000.0,19583000000.0,17937000000.0,1803000000.0,15787000000.0,64328164050.10224,15.609843254089355,1.3405080991374865,0.4175682278914087,0.0697842706246231,0.3696902244481543,0.1315598389332629,0.1873464328411849,2.8748531503122488,0.5426692862839692,10.861342207432052,0.1131806287414417,1.2332963874614349,0.2502700568020006,0.1887641760849689,0.0761880677728714,0.3086571569436755,0.5304374890579104,1.1935694181765542,3.844822689516992,0.0,0.0,0.5426692862839692,0.0,0.00014792612330035972,0.0,0.0019884242
F,Ford,Auto,US,BB+,0,2022-12-31,2022,255884000000.0,212717000000.0,43242000000.0,140474000000.0,25134000000.0,158057000000.0,4759000000.0,-1734000000.0,-1981000000.0,1282000000.0,6853000000.0,36631039661.60236,9.157851219177246,-0.4218021820703277,0.4918835855608808,-0.0077417892482531,-0.0458119420933351,-0.0125334531213423,0.0301093909159353,3.248554645946071,0.5489753169404886,-1.3525741029641176,0.0487848285091903,1.2029315945599082,0.1431548657266666,0.1689906363821106,-0.0067765081052351,0.1722055108975886,0.6176900470525707,0.9014396405023806,4.179737693642432,0.0697842706246231,2.8748531503122488,0.0063060306565194,0.0,0.02690896819736096,0.0,0.0021019303
F,Ford,Auto,US,BB+,0,2023-12-31,2023,273310000000.0,230512000000.0,42773000000.0,151107000000.0,24862000000.0,176191000000.0,11808000000.0,5285000000.0,4347000000.0,1318000000.0,14918000000.0,42146994082.06554,10.606688499450684,0.1532488268080767,0.3531286854929669,0.0159050162818777,0.101629532649101,0.0246720888127089,0.0670181791351431,3.5327659972412504,0.5528776846803996,4.00986342943854,0.0987247447173195,1.1856649545359894,0.1542094840366819,0.1564999451172661,0.0193370165745856,0.1828407808793708,0.6446562511433903,1.0059728085078647,4.16932786945227,-0.0077417892482531,3.248554645946071,0.0039023677399109,0.0,0.003963650745998237,0.0,0.0011076477
F,Ford,Auto,US,BB+,0,2024-12-31,2024,285196000000.0,240338000000.0,44835000000.0,160862000000.0,22935000000.0,184992000000.0,14236000000.0,8369000000.0,5879000000.0,1136000000.0,15423000000.0,36457409648.557785,9.19841480255127,-0.1306328783051136,0.3614967054693574,0.0206138936029958,0.1311252369800379,0.0317797526379519,0.0769546791212592,3.58786662205866,0.5640401688663235,7.367077464788726,0.0958772115229202,1.1866454742903745,0.1278328225099853,0.1572076747219456,0.0293447313426555,0.1516922402972388,0.6486486486486487,1.02515081592409,4.151716714119413,0.0159050162818777,3.5327659972412504,0.0111624841859239,0.0,0.005472492806768061,0.0,0.0011076477
GE,General Electric,Industrial,US,BBB,0,2021-12-31,2021,198874000000.0,157262000000.0,40310000000.0,38032000000.0,15770000000.0,56469000000.0,-1545000000.0,-3905000000.0,-6337000000.0,1790000000.0,3481000000.0,63658454725.25873,57.92254638671875,0.0995232686672702,0.3258654248768954,-0.031864396552591,-0.157206648474324,-0.1122208645451486,-0.0273601445040641,0.9434879682460928,0.1912366624093647,-2.181564245810055,0.0915281867900715,1.2646030191654691,0.3200944051271595,0.2026911511811499,-0.0196355481360057,0.4047923511417807,0.2839436024819735,0.7052510857356029,4.049403139676378,0.0,0.0,0.1912366624093647,0.0,0.004554822729259816,0.009974293059125963,0.0022297474
GE,General Electric,Industrial,US,BBB,0,2022-12-31,2022,188851000000.0,153939000000.0,33696000000.0,26148000000.0,15810000000.0,29139000000.0,4045000000.0,2861000000.0,336000000.0,1339000000.0,5917000000.0,75249459678.64992,51.47021865844727,-0.1092323516538071,0.3492455290357799,0.0017791804120708,0.0099715099715099,0.0115309379182538,0.1388173924980267,0.7759971509971509,0.1384583613536597,2.13666915608663,0.2262888175003824,1.2267911315521085,0.3984594186880129,0.1784263784676808,0.0151495094015917,0.4888264811298626,0.1542962441289694,0.7116971679933567,4.070335873254576,-0.031864396552591,0.9434879682460928,-0.0527783010557049,0.0,0.009976767889705716,0.0,0.0015840055
GE,General Electric,Industrial,US,BBB,0,2023-12-31,2023,173300000000.0,144695000000.0,27403000000.0,20525000000.0,15204000000.0,35348000000.0,12649000000.0,11470000000.0,9482000000.0,1029000000.0,5189000000.0,147272485061.6455,100.73357391357422,0.9297172205619986,0.242982990194996,0.0547143681477207,0.3460205087034266,0.2682471426954849,0.3578420278375014,0.7490055833302923,0.1184362377380265,11.146744412050523,0.2528136419001218,1.1976916963267563,0.849812377735981,0.1581246393537218,0.0661858049624927,1.0178132282500814,0.2039699942296595,1.2228206547804008,4.010553952683209,0.0017791804120708,0.7759971509971509,-0.0200221236156332,0.0,0.00579022156351113,0.0,0.0025858693
GE,General Electric,Industrial,US,BBB,0,2024-12-31,2024,123140000000.0,103575000000.0,19342000000.0,19273000000.0,13619000000.0,38702000000.0,9790000000.0,8606000000.0,6556000000.0,986000000.0,4710000000.0,244649156127.9297,167.33868408203125,0.683359053069587,0.3053220885296764,0.053240214390125,0.3389515044979836,0.1693969303911942,0.2529585034365149,0.996432633646986,0.156512912132532,8.72819472616632,0.2443833341981009,1.1888969345884626,1.986756180996668,0.1570732499593958,0.0698879324346272,2.362048333361619,0.3142926750040604,2.150639752006577,4.045858372584051,0.0547143681477207,0.7490055833302923,0.0380766743945055,0.0,0.008202634679825882,0.0,0.0021830664
GILD,Gilead,Healthcare,US,A-,0,2021-12-31,2021,67952000000.0,46888000000.0,21069000000.0,26695000000.0,5338000000.0,27305000000.0,11329000000.0,9279000000.0,6225000000.0,1001000000.0,11384000000.0,79690852340.69824,63.54932403564453,0.3129728216069647,0.1908930291884012,0.09160878267012,0.2954577815748255,0.2279802234023072,0.4149056949276689,1.267027386207224,0.3928508358841535,9.26973026973026,0.4264469001685709,1.4492407439003585,1.1727521241567318,0.3100570991287968,0.1365522721921356,1.6996001608236273,0.4018277607723098,2.24427887445509,3.175256063103367,0.0,0.0,0.3928508358841535,0.0,0.0005066845663451874,0.0,0.0011834404
GILD,Gilead,Healthcare,US,A-,0,2022-12-31,2022,63171000000.0,41962000000.0,21240000000.0,25230000000.0,5412000000.0,27281000000.0,8852000000.0,6749000000.0,4592000000.0,935000000.0,9072000000.0,96969871749.87791,77.76252746582031,0.2362954378439956,0.2537278417426806,0.0726915831631603,0.2161958568738229,0.1683222755764085,0.3244749092775191,1.1878531073446328,0.3993921261338272,7.218181818181811,0.3595719381688466,1.505433487441018,1.5350377823665593,0.3362302322268129,0.1068369979895838,2.310897282061816,0.4318595558088363,2.574436297083728,3.103227746909183,0.09160878267012,1.267027386207224,0.0065412902496737,0.0,0.015128961636406896,0.0,0.0011834404
GILD,Gilead,Healthcare,US,A-,0,2023-12-31,2023,62125000000.0,39376000000.0,22833000000.0,24987000000.0,6085000000.0,27116000000.0,10496000000.0,7803000000.0,5665000000.0,944000000.0,8006000000.0,94964445151.2575,76.21288299560547,-0.0146483317317489,0.2026862629671938,0.0911871227364185,0.2481058117636753,0.208917244431332,0.3870777400796578,1.094337143607936,0.40220523138833,8.265889830508467,0.3204066114379477,1.5777377082486794,1.5286027388532395,0.367533199195171,0.1256016096579477,2.411734182020965,0.4364748490945674,2.739040509212579,2.895533199195171,0.0726915831631603,1.1878531073446328,0.0028131052545027,0.0,0.010414144685073191,0.0,0.0011834404
GILD,Gilead,Healthcare,US,A-,0,2024-12-31,2024,58995000000.0,39749000000.0,19330000000.0,26711000000.0,9991000000.0,28754000000.0,4434000000.0,1667000000.0,480000000.0,977000000.0,10828000000.0,112287135084.21603,90.09886169433594,0.1505288787723262,0.2475718957654919,0.008136282735825,0.0248318675633729,0.0166933296237045,0.1542046323989706,1.3818416968442837,0.4527671836596322,1.7062436028659145,0.4053760622964322,1.4841882814662004,1.9033330805020088,0.3276548860072887,0.0282566319179591,2.8249046538080465,0.4873972370539876,2.668772777876827,3.344435969149928,0.0911871227364185,1.094337143607936,0.0505619522713022,0.0,0.025590392990474498,0.0,0.0013010678
GM,General Motors,Auto,US,BBB,0,2021-12-31,2021,244718000000.0,178903000000.0,59744000000.0,110391000000.0,20067000000.0,127004000000.0,25717000000.0,13666000000.0,10019000000.0,950000000.0,15188000000.0,84128534317.01659,56.08568954467773,0.3960134051222985,0.3866276924410228,0.0409410014792536,0.167698848419925,0.0788872791408144,0.2024896853642405,1.8477336636314945,0.4510947294436862,14.385263157894723,0.1375836798289715,1.367880918710139,0.3437774676035951,0.2441340645150745,0.0558438692699351,0.4702466382174507,0.5189810312277805,1.2783746601671264,3.532465940388529,0.0,0.0,0.4510947294436862,0.0,0.0006071234078303937,0.0,0.0014641951
GM,General Motors,Auto,US,BBB,0,2022-12-31,2022,264037000000.0,191753000000.0,67792000000.0,115666000000.0,19153000000.0,156735000000.0,23874000000.0,12584000000.0,9934000000.0,987000000.0,16043000000.0,45644756317.13867,32.603397369384766,-0.423643445955756,0.4411790026898653,0.0376235148861712,0.1465364644795846,0.0633808657925798,0.1523207962484448,1.7061895208874205,0.4380673920700508,12.749746707193504,0.1387010876143378,1.3769641152941543,0.1728725758781484,0.2567518946208296,0.0476599870472698,0.2380393335026762,0.5936099864791677,1.2018138173817596,3.518306146487045,0.0409410014792536,1.8477336636314945,-0.0130273373736354,0.0,0.012135177298038431,0.0,0.0011785525
GM,General Motors,Auto,US,BBB,0,2023-12-31,2023,273064000000.0,204757000000.0,64286000000.0,122648000000.0,18853000000.0,171842000000.0,23202000000.0,11314000000.0,10127000000.0,911000000.0,20930000000.0,42223443603.515625,35.18620300292969,0.073474978286339,0.3405327513975911,0.0370865438139044,0.1575304109759512,0.0589320422248344,0.1350193782660816,1.9078492984475623,0.4491547769021182,12.41931942919867,0.1706509686256604,1.3336003164726968,0.1546283787079791,0.2354246623502182,0.041433510092872,0.206212454780621,0.6293103448275862,1.1722779958226983,3.6379896288049687,0.0376235148861712,1.7061895208874205,0.0110873848320673,0.0,0.007418594820011369,0.0,0.0011076477
GM,General Motors,Auto,US,BBB,0,2024-12-31,2024,279761000000.0,214171000000.0,63072000000.0,130693000000.0,19872000000.0,187442000000.0,21754000000.0,9365000000.0,6008000000.0,846000000.0,20129000000.0,53110008239.74609,53.110008239746094,0.5039557172261175,0.314341637448105,0.0214754737079149,0.0952562151192288,0.0320525815985744,0.1160572337042925,2.0721239218670724,0.467159468260408,11.069739952718663,0.1540174301607584,1.306250612828067,0.1898406434054285,0.2254495801773657,0.0334750018766018,0.2479794567880156,0.6700076136416441,1.1998022901200782,3.763322979257295,0.0370865438139044,1.9078492984475623,0.0180046913582898,0.0,0.007842844197063317,0.0,0.0020550212
GME,GameStop,Retail,US,B-,0,2022-01-31,2022,3499300000.0,1896800000.0,1602500000.0,649000000.0,1271400000.0,6010700000.0,-284600000.0,-361800000.0,-381300000.0,26900000.0,-434300000.0,7431369277.954102,24.477500915527344,-0.5648444281684029,1.795730773773104,-0.1089646500728716,-0.237940717628705,-0.0634368709135375,-0.0473488944715257,0.4049921996879873,0.1854656645614836,-13.449814126393552,-0.6691833590138665,1.844843947701391,2.1236730997496926,0.4579487326036635,-0.1033921069928271,3.917845464969474,1.717686394421741,4.276738199451492,3.037150287200296,0.0,0.0,0.1854656645614836,0.0,0.11097835008026957,0.05973120509529878,0.0078045083
GME,GameStop,Retail,US,B-,0,2023-01-31,2023,3113400000.0,1791100000.0,1322300000.0,616600000.0,1139000000.0,5927200000.0,-247200000.0,-308900000.0,-313100000.0,0.0,108200000.0,6472750000.0,21.25,-0.2196823670075649,1.003447927187929,-0.1005652983876148,-0.2367843908341524,-0.0528242677824267,-0.0417060332028613,0.4663087045299853,0.1980471510246032,-308900000000000.0,0.1754784301005511,1.7382614036067212,2.0789972377465142,0.4247125329222071,-0.0992162908717157,3.6138406565797534,1.9037707971992028,4.254316470777042,3.1781332305518077,-0.1089646500728716,0.4049921996879873,0.0125814864631196,0.0,0.014154846118920133,0.01995893223819302,0.0066682426
GME,GameStop,Retail,US,B-,0,2024-01-31,2024,2709000000.0,1370400000.0,1338600000.0,602800000.0,921700000.0,5272800000.0,26500000.0,-29700000.0,6700000.0,0.0,-203700000.0,4447935058.307648,14.550000190734863,-0.3347050922543595,0.7380378870950363,0.0024732373569582,0.0050052293440908,0.0012706721286602,0.0050257927476862,0.4503212311370085,0.222517534145441,-29700000000000.0,-0.3379230258792297,1.9767950963222405,1.6419103205270011,0.4941306755260242,-0.0109634551495016,3.245720270218655,1.9464008859357689,4.450610456704835,2.5219269102990025,-0.1005652983876148,0.4663087045299853,0.0244703831208377,0.0,0.0016596552211070913,0.0,0.0028150787
GME,GameStop,Retail,US,B-,0,2025-01-31,2025,5875400000.0,945600000.0,4929800000.0,410700000.0,4756900000.0,3823000000.0,22400000.0,-16500000.0,131300000.0,0.0,145700000.0,14302078933.710424,32.0099983215332,1.2198334363504406,1.5568710904883565,0.0223474146441093,0.0266339405249705,0.0343447554276745,0.0058592728223907,0.0833096677349993,0.0699016237192361,-16500000000000.0,0.3547601655709755,6.213409475465307,2.4342306793938158,0.8390577662797425,-0.0028083194335704,15.124871968813885,0.6506791026993906,10.723204149392627,0.7376689246689585,0.0024732373569582,0.4503212311370085,-0.1526159104262049,0.0,0.35700999396571814,0.06,0.011980144
GOOGL,Alphabet,Technology,US,AA+,0,2021-12-31,2021,359268000000.0,107633000000.0,251635000000.0,28395000000.0,20945000000.0,257637000000.0,103521000000.0,91080000000.0,76033000000.0,346000000.0,91652000000.0,1922786815663.147,145.1990509033203,0.6683459824058438,0.2434150153518584,0.2116330984112139,0.30215590041131,0.2951167728237792,0.4018095227005437,0.1128420132334532,0.0790357059354019,263.2369942196524,3.22775136467688,3.337898228238551,5.351956800113417,0.7004102786777558,0.2535154814790073,17.86428712070784,0.7171164701559838,13.112782165874718,0.8630493113775787,0.0,0.0,0.0790357059354019,0.0,0.00022149383332698382,0.0,0.0035619505
GOOGL,Alphabet,Technology,US,AA+,0,2022-12-31,2022,365264000000.0,109120000000.0,256144000000.0,29679000000.0,21879000000.0,282836000000.0,85160000000.0,71685000000.0,59972000000.0,357000000.0,91495000000.0,1125901761497.4976,87.6256332397461,-0.3908955075703273,0.38650587042635,0.1641880940908493,0.2341339246673746,0.2120380715326196,0.3010932130280445,0.1158684177650071,0.0812535590696044,200.79831932773047,3.0828195020047846,3.3473607038123165,3.082432874571536,0.7012571728941259,0.1962553112269481,10.31801467648,0.7743330851110429,8.454293025520922,1.0011498532568224,0.2116330984112139,0.1128420132334532,0.0022178531342024,0.0,0.026537396436458104,0.0,0.001985564
GOOGL,Alphabet,Technology,US,AA+,0,2023-12-31,2023,402392000000.0,119013000000.0,283379000000.0,27121000000.0,24048000000.0,307394000000.0,97971000000.0,86025000000.0,73795000000.0,308000000.0,101746000000.0,1728614912414.5508,138.73313903808594,0.567436913871449,0.3039816145674642,0.1833908228791824,0.2604109690555757,0.2400664944663851,0.318714743944254,0.0957057509554342,0.0673994512813376,279.30194805194714,3.751557833413222,3.381076016905716,4.295848109342509,0.704236167717052,0.2137840712539016,14.52458901476772,0.7639167776695361,11.029241022928506,0.9286466927771924,0.1641880940908493,0.1158684177650071,-0.0138541077882668,0.0,0.006282877725099813,0.0,0.0040015304
GOOGL,Alphabet,Technology,US,AA+,0,2024-12-31,2024,450256000000.0,125172000000.0,325084000000.0,25461000000.0,23466000000.0,350018000000.0,135394000000.0,120083000000.0,100118000000.0,268000000.0,125299000000.0,2327643245819.092,190.6185607910156,0.3891097623706754,0.2810984390560079,0.2223579474787676,0.3079757847202569,0.28603671811164,0.3868201063945283,0.0783212954190301,0.0565478305674993,448.0708955223864,4.921212835316759,3.597098392611766,5.16959961848169,0.7219981521623254,0.2666993887921538,18.59555847808689,0.7773755374720159,13.681216389933043,0.7229353967520697,0.1833908228791824,0.0957057509554342,-0.0108516207138382,0.0,0.005453131751625219,0.0,0.0030234624
HDFCBANK.NS,HDFC Bank,Financial,IN,AAA,0,2022-03-31,2022,21113705500000.0,18604252100000.0,2504838400000.0,2186639000000.0,1599220700000.0,1019413700000.0,0.0,0.0,386000400000.0,584297500000.0,581018200000.0,7756587832162.107,699.3535766601562,-0.0067505576415706,0.2266574779230608,0.0182819827623341,0.1541019173133085,0.3786494138738767,0.0,0.8729660963357956,0.1035649095323414,0.0,0.2657129045992503,1.1348860135044074,0.3673721712260364,0.1186356606139078,0.0,0.4169255388751751,0.0482820838814863,0.4408001999432808,4.350882856635469,0.0,0.0,0.1035649095323414,0.0,0.000773556241409526,0.0,0.0012674587
HDFCBANK.NS,HDFC Bank,Financial,IN,AAA,0,2023-03-31,2023,25755624000000.0,22837786100000.0,2912200700000.0,3151792800000.0,2363920200000.0,1205375000000.0,0.0,0.0,495446900000.0,775538200000.0,477200600000.0,8642614946309.503,774.4635620117188,0.0811848203446072,0.231411160583354,0.0192364549195158,0.1701280066308616,0.4110313387949808,0.0,1.0822718365530233,0.12237299317617,0.0,0.1514060822779974,1.127763605772628,0.335562242495445,0.1130704773450645,0.0,0.378434884557812,0.0468004580281184,0.409545961576883,4.3758438855917445,0.0182819827623341,0.8729660963357956,0.0188080836438285,0.0,0.0012615739362319975,0.0,0.0012674587
HDFCBANK.NS,HDFC Bank,Financial,IN,AAA,0,2024-03-31,2024,44118573000000.0,36232390200000.0,6947327400000.0,8093552100000.0,3425973300000.0,1986934300000.0,0.0,0.0,622656600000.0,1533922800000.0,1022322400000.0,10706665052298.871,704.6723022460938,-0.0906805346336613,0.1906139295533694,0.0141132533910378,0.0896253428332742,0.3133755353662172,0.0,1.164987862814699,0.1834499973514556,0.0,0.1263131919543706,1.2176556047356766,0.242679314498655,0.1574694494311953,0.0,0.2954998274526992,0.0450362322462242,0.4112994680352782,4.063911613823048,0.0192364549195158,1.0822718365530233,0.0610770041752855,0.0,0.0013068359731892556,0.0,0.0012144633
HDFCBANK.NS,HDFC Bank,Financial,IN,AAA,0,2025-03-31,2025,48187671100000.0,39564780100000.0,7676891400000.0,7326106100000.0,3222323100000.0,2371508200000.0,0.0,0.0,673508300000.0,1823477000000.0,1195617400000.0,13423440948850.783,877.0943603515625,0.2255547048972248,0.2127519507905741,0.0139767763128108,0.0877319040881573,0.2839999878558294,0.0,0.9543063355044986,0.1520327903956329,0.0,0.1631995747372536,1.2179436099026872,0.2785658788322472,0.1593123557282684,0.0,0.3392775320606618,0.0492140032058947,0.4439553493162139,4.063350046398071,0.0141132533910378,1.164987862814699,-0.0314172069558226,0.0,0.0019949059497225943,0.0,0.0013373921
HINDUNILVR.NS,HUL,Consumer,IN,AAA,0,2022-03-31,2022,705170000000.0,214300000000.0,490610000000.0,10430000000.0,11470000000.0,515480000000.0,130860000000.0,119800000000.0,88790000000.0,1060000000.0,90480000000.0,4485939621237.784,1909.2425537109373,-0.134611362554915,0.2080955940409772,0.125912900435356,0.1809787815168871,0.1722472258865523,0.2538604795530379,0.0212592486904058,0.0147907596749719,113.0188679245282,8.674976030680726,3.2905739617358845,6.361500944790312,0.6957329438291476,0.1698881120864472,20.932989366485227,0.7310010352113675,14.686304957582756,1.1417530524554362,0.0,0.0,0.0147907596749719,0.0,0.0008141140941176196,0.0,0.002493737
HINDUNILVR.NS,HUL,Consumer,IN,AAA,0,2023-03-31,2023,730870000000.0,225650000000.0,503040000000.0,12190000000.0,7140000000.0,595490000000.0,146100000000.0,134580000000.0,101200000000.0,1140000000.0,99910000000.0,5693859268992.804,2423.34033203125,0.2512503519377265,0.2270775550627705,0.1384651169154569,0.201176844783715,0.1699440796654855,0.2453441703471091,0.024232665394402,0.0166787527193618,118.05263157894728,8.196062346185396,3.2389541325060933,7.7905226223443345,0.6882756167307456,0.1841367137794683,25.23314544202439,0.8147687003160616,17.388237861079837,1.1283128326514975,0.125912900435356,0.0212592486904058,0.0018879930443898,0.0,0.003898522571337127,0.0,0.002493737
HINDUNILVR.NS,HUL,Consumer,IN,AAA,0,2024-03-31,2024,784990000000.0,270760000000.0,512180000000.0,14840000000.0,8250000000.0,609660000000.0,154760000000.0,142600000000.0,102770000000.0,3340000000.0,154690000000.0,5113958806469.9375,2176.53125,-0.0932586383834808,0.1605231082900473,0.1309188652084739,0.2006521144909992,0.1685693665321654,0.2538464061936161,0.0289741887617634,0.0189046994229225,42.6946107784431,10.423854447439352,2.8992096321465506,6.514680195250815,0.652466910406502,0.1816583650747143,18.887423572425533,0.7766468362654302,13.491533876955108,1.3318513611638367,0.1384651169154569,0.024232665394402,0.0022259467035607,0.0,0.004142869664424493,0.0,0.002493737
HINDUNILVR.NS,HUL,Consumer,IN,AAA,0,2025-03-31,2025,798800000000.0,302710000000.0,494020000000.0,16480000000.0,60710000000.0,622880000000.0,161730000000.0,148100000000.0,106490000000.0,3950000000.0,118860000000.0,5406464562407.203,2301.0234375,0.0472311074903366,0.2108295357034569,0.1333124687030545,0.2155580745718796,0.1709639095812997,0.259648728487028,0.0333589733209181,0.0206309464196294,37.49367088607594,7.212378640776698,2.6388292425093325,6.7682330525878855,0.6184526790185277,0.1854031046569854,17.860211299287116,0.7797696544817225,12.849869894244277,1.4948422633950926,0.1309188652084739,0.0289741887617634,0.0017262469967068,0.0,0.0039500273607216375,0.0,0.0022687616
HMC,Honda,Auto,JP,A-,0,2022-03-31,2022,23973153000000.0,13200607000000.0,10472824000000.0,3068237000000.0,3674931000000.0,14552696000000.0,1698120000000.0,1087057000000.0,707067000000.0,16867000000.0,1679622000000.0,137705629649.0122,25.34015464782715,-0.0259765938877946,0.2249923333537613,0.0294941178575884,0.0675144545539961,0.048586667377646,0.1166876570499376,0.2929713131816213,0.1279863770944105,64.448746072212,0.5474225100603376,1.8160644430972,0.005744160129834,0.4368563450956993,0.0453447654549236,0.0104317649672482,0.6070413850026319,1.2871657840990682,2.664723910117288,0.0,0.0,0.1279863770944105,0.0,0.0019199816890169013,0.0,0.0014350981
HMC,Honda,Auto,JP,A-,0,2023-03-31,2023,24670067000000.0,13167776000000.0,11184250000000.0,3249762000000.0,3803014000000.0,16907725000000.0,1637307000000.0,915677000000.0,651416000000.0,36112000000.0,2129022000000.0,131195449406.0436,24.14217185974121,-0.0378363803929641,0.2629356195959983,0.0264051167757266,0.0582440485504168,0.038527714402736,0.096837806387317,0.2905659297673067,0.1317289490944633,25.356585068675237,0.6551316681036949,1.8735181248526709,0.0053180013417087,0.453353045210619,0.0371169239224198,0.009963371901682,0.6853538338586596,1.357841360196397,2.5895605390937937,0.0294941178575884,0.2929713131816213,0.0037425720000527,0.0,0.005813921806923643,0.0,0.001498717
HMC,Honda,Auto,JP,A-,0,2024-03-31,2024,29774150000000.0,16768278000000.0,12696995000000.0,4026291000000.0,4954565000000.0,20428802000000.0,2496381000000.0,1702015000000.0,1107174000000.0,59631000000.0,747278000000.0,187870808715.8203,35.58159255981445,0.4424774018985955,0.2209359662127877,0.0371857466963792,0.0871996878001448,0.0541967169685231,0.1221990893053836,0.3171058191327948,0.1352277394988605,28.542452751085843,0.185599600227604,1.7756235911642209,0.0063098630428012,0.4264435760550679,0.0571641843679836,0.0112039416758131,0.6861254477457794,1.393221912431695,2.7043548850261048,0.0264051167757266,0.2905659297673067,0.0034987904043972,0.0,0.004188405459745282,0.0,0.0020545607
HMC,Honda,Auto,JP,A-,0,2025-03-31,2025,30775867000000.0,18148045000000.0,12326529000000.0,4422236000000.0,4528795000000.0,21688767000000.0,2115410000000.0,1372547000000.0,835837000000.0,54907000000.0,292152000000.0,146755918579.10156,27.794681549072266,-0.2103628076161497,0.2976511638654306,0.0271588449482186,0.0678079774119705,0.0385377831759638,0.0975348206746838,0.3587576032149845,0.1436916789379158,24.99766878540077,0.0660643167845406,1.6958227180944283,0.0047685388872749,0.4005258080950246,0.0445981586806311,0.0080865965771575,0.7047329324629588,1.3373897837693658,2.866944869497909,0.0371857466963792,0.3171058191327948,0.0084639394390552,0.0,0.007298960161401377,0.0,0.0013049932
IBM,IBM,Technology,US,A-,0,2021-12-31,2021,132001000000.0,113005000000.0,18901000000.0,55139000000.0,6650000000.0,57351000000.0,12409000000.0,5992000000.0,5742000000.0,1155000000.0,12796000000.0,257126846345.80923,114.3508758544922,0.1687105054676341,0.2291439073816779,0.0434996704570419,0.3037934500820062,0.1001203117643981,0.21636937455319,2.9172530553938945,0.4177165324505117,5.187878787878784,0.2320680462104862,1.1680987566921817,1.9479158971963035,0.1431883091794759,0.0453935955030643,2.275358137655937,0.4344739812577177,2.1213137000267634,4.149960985144053,0.0,0.0,0.4177165324505117,0.0,0.000721788158068261,0.0,0.0011076477
IBM,IBM,Technology,US,A-,0,2022-12-31,2022,127243000000.0,105222000000.0,21944000000.0,54013000000.0,7886000000.0,60530000000.0,7174000000.0,2372000000.0,1640000000.0,1216000000.0,10435000000.0,285024537336.50726,126.27814483642578,0.106369801929304,0.238621743959401,0.0128887247235604,0.0747356908494349,0.027094002973732,0.118519742276557,2.461401749908859,0.4244870051790668,1.9506578947368405,0.1931942310184585,1.209281328999639,2.240001708042936,0.1724574239840305,0.0186414969782227,2.7087922424636224,0.4757039679982396,2.369445162285385,4.096020999190525,0.0434996704570419,2.9172530553938945,0.0067704727285551,0.0,0.010127387658511499,0.0,0.0011885468
IBM,IBM,Technology,US,A-,0,2023-12-31,2023,135241000000.0,112628000000.0,22533000000.0,59935000000.0,13068000000.0,61860000000.0,14693000000.0,10297000000.0,7502000000.0,1607000000.0,13931000000.0,348805942392.5928,153.86837768554688,0.2128062995239779,0.15804117003414,0.0554713437493067,0.3329339191408157,0.1212738441642418,0.237520206918849,2.6598766253938666,0.4431718191968412,6.407591785936524,0.2324351380662384,1.2007760059665449,2.5791434727086666,0.1666136748471247,0.0761381533706494,3.096973597973797,0.4574056683993759,2.7667821431233466,3.99755991156528,0.0128887247235604,2.461401749908859,0.0186848140177743,0.0,0.0038460430243422122,0.0,0.0011076477
IBM,IBM,Technology,US,A-,0,2024-12-31,2024,137175000000.0,109782000000.0,27307000000.0,58396000000.0,13947000000.0,62753000000.0,12176000000.0,7509000000.0,6023000000.0,1712000000.0,13445000000.0,489342552739.0909,214.7026214599609,0.4130777128162721,0.2344653515678625,0.0439074175323491,0.2205661551983008,0.0959794750848565,0.1940305642758115,2.138499285897389,0.4257043921997449,4.386098130841119,0.2302383724912665,1.2495217795266984,3.567286697569461,0.1990668853654091,0.0547402952433023,4.457402422428912,0.4574667395662475,3.551431429764984,3.869808638600329,0.0554713437493067,2.6598766253938666,-0.0174674269970963,0.0,0.00871818831079885,0.0,0.0016707645
ICICIBANK.NS,ICICI Bank,Financial,IN,AAA,0,2022-03-31,2022,17526373837000.0,15646040029000.0,1820524873000.0,1585022231000.0,2135554549000.0,1163639822000.0,0.0,0.0,251100960000.0,411666711000.0,581114301000.0,4922546285961.548,708.4052734375,0.2322313987290294,0.2802165746909025,0.0143270343503628,0.1379277832036519,0.2157892461676169,0.0,0.8706402502417224,0.0904364043435986,0.0,0.3666284861085964,1.1201795345349237,0.2808650740730829,0.1038734475215108,0.0,0.3146193079423028,0.0663936438205737,0.3798133656117684,4.420589106768806,0.0,0.0,0.0904364043435986,0.0,0.001467177618545923,0.0,0.0013320658
ICICIBANK.NS,ICICI Bank,Financial,IN,AAA,0,2023-03-31,2023,19584904970000.0,17373059551000.0,2144977893000.0,1835094403000.0,1635673702000.0,1355811552000.0,0.0,0.0,340366408000.0,505433879000.0,-37711921000.0,5977682367205.27,856.05615234375,0.1986611486551448,0.2030608386017515,0.0173790175914241,0.1586806134975862,0.2510425637677411,0.0,0.8555306835509656,0.0936994285042987,0.0,-0.0205503983546289,1.1273146743385614,0.3052188599516737,0.1095219964705297,0.0,0.3440776997084081,0.0692273745559052,0.4071003901455857,4.383181775070926,0.0143270343503628,0.8706402502417224,0.0032630241607001,0.0,0.002003129907291631,0.0,0.0012674587
ICICIBANK.NS,ICICI Bank,Financial,IN,AAA,0,2024-03-31,2024,23640630275000.0,20940307767000.0,2561438346000.0,2009987053000.0,1901295868000.0,1612101952000.0,0.0,0.0,442563735000.0,741081627000.0,1572844783000.0,7553704945861.361,1075.66845703125,0.2472272087321854,0.154616054783322,0.0187204710640905,0.1727793822135588,0.2745258973546606,0.0,0.7847103000307781,0.0850225662183619,0.0,0.7825148826966101,1.1289533343084603,0.319522147167515,0.108348987154912,0.0,0.3607255934301647,0.0681920039037538,0.414646144547747,4.3727196114275335,0.0173790175914241,0.8555306835509656,-0.0086768622859367,0.0,0.001776501618457941,0.0,0.0014173163
ICICIBANK.NS,ICICI Bank,Financial,IN,AAA,0,2025-03-31,2025,26422414134000.0,23134987600000.0,3139059061000.0,2036497477000.0,2383044013000.0,2047152637000.0,0.0,0.0,510291955000.0,890276529000.0,1228052582000.0,9149803756365.229,1284.7369384765625,0.1874645720392604,0.214129219592555,0.0193128437247285,0.162562075158101,0.2492691291196573,0.0,0.6487604844081014,0.0770746180372467,0.0,0.6030219020006181,1.1420976138323065,0.3462894688563444,0.1188028862571154,0.0,0.3954963760760878,0.077477880204964,0.4573391693591552,4.31997097449627,0.0187204710640905,0.7847103000307781,-0.0079479481811152,0.0,0.002122639641298514,0.0,0.0014938576
IDEA.NS,Vodafone Idea,Telecom,IN,B-,1,2022-03-31,2022,1940291000000.0,2559939000000.0,-619648000000.0,2137611000000.0,14532000000.0,384984000000.0,156482000000.0,-79498000000.0,-282454000000.0,202843000000.0,173870000000.0,309946869837.88184,9.649999618530272,-0.0350000381469728,0.7866029464326397,-0.1455730094094133,0.4558297614129312,-0.7336772437296095,0.4064636452423997,-3.4497182271224958,1.1016960857933165,-0.3919188732172172,0.0813384661662014,0.7579442322649095,0.1597424663815282,-0.3193582818247366,-0.0409722046847612,0.1210758810416505,0.1984155984849695,-0.247377086539436,7.033510437351924,0.0,0.0,1.1016960857933165,0.0,0.31669889936842016,0.07974669774669774,0.051515173
IDEA.NS,Vodafone Idea,Telecom,IN,B-,1,2023-03-31,2023,2072427000000.0,2816018000000.0,-743591000000.0,2377660000000.0,2288000000.0,421426000000.0,165494000000.0,-65003000000.0,-293011000000.0,227973000000.0,188687000000.0,282342206673.9139,5.800000190734863,-0.4257425770620752,0.4239614005477383,-0.1413854384255754,0.3940486100557968,-0.6952845813974459,0.3927000232543792,-3.1975373558851574,1.1472828717247945,-0.2851346431375645,0.0793582766249169,0.7359423838910121,0.1362374677968941,-0.3588020229421833,-0.0313656403820255,0.1002629268257212,0.2033490202549957,-0.2705622644408757,7.218166429987643,-0.1455730094094133,-3.4497182271224958,0.0455867859314778,1.0,0.9497875059300034,0.08959389816532674,0.07477989
IDEA.NS,Vodafone Idea,Telecom,IN,B-,1,2024-03-31,2024,1849977000000.0,2891645000000.0,-1041668000000.0,2438090000000.0,1678000000.0,425727000000.0,177667000000.0,-48668000000.0,-312384000000.0,255430000000.0,208261000000.0,664087619968.75,13.25,1.1544715113062742,0.5633830450403454,-0.1688583155358147,0.2998882561430321,-0.7337660049750192,0.4173261268371515,-2.340563404078843,1.3179028712248857,-0.1905336099909955,0.0854197343002104,0.6397662921970021,0.3589707439437085,-0.5630707841232621,-0.0263073540914292,0.2296573818600658,0.2301255637232246,-0.3945792166103667,8.321928867223754,-0.1413854384255754,-3.1975373558851574,0.1706199995000912,1.0,0.9697067019241934,0.5691501344704897,0.9447937
IDFCFIRSTB.NS,IDFC First Bank,Financial,IN,AA,0,2022-03-31,2022,1901457329000.0,1690636133000.0,210821196000.0,529625993000.0,157023727000.0,132972419000.0,0.0,0.0,1323070000.0,74650703000.0,26039246000.0,246037728200.91687,39.57048416137695,-0.3041191692899586,0.3893787184891381,0.0006958189278408,0.0062757921172214,0.0099499581187584,0.0,2.512204669401458,0.2785368805928119,0.0,0.0491653475172242,1.1246993317396463,0.1293942937600977,0.1108734825571255,0.0,0.1455296757229054,0.0699318448917977,0.2902978293940916,4.44354513043085,0.0,0.0,0.2785368805928119,0.0,0.0018377122543694203,0.0,0.0013010678
IDFCFIRSTB.NS,IDFC First Bank,Financial,IN,AA,0,2023-03-31,2023,2398820511000.0,2140345002000.0,258475509000.0,572120920000.0,137786800000.0,171927766000.0,0.0,0.0,24849294000.0,100906368000.0,35630047000.0,363139013064.9099,54.87040328979492,0.3201438690453573,0.3516711304359836,0.0103589634514343,0.0961379052744219,0.144533338495191,0.0,2.2134434407864925,0.2385009288425248,0.0,0.0622771266605667,1.1207634791393315,0.1513823195189904,0.1077510834240152,0.0,0.1696637751042856,0.0716717925378786,0.3027713577092684,4.430167692525621,0.0006958189278408,2.512204669401458,-0.040035951750287,0.0,0.0030371056888655896,0.0,0.0012180582
IDFCFIRSTB.NS,IDFC First Bank,Financial,IN,AA,0,2024-03-31,2024,2962097800000.0,2639362000000.0,322735800000.0,439357300000.0,124811600000.0,224796900000.0,0.0,0.0,29423500000.0,138703000000.0,115428900000.0,531333160380.1858,75.15401458740234,0.3573357074039698,0.2583812352824093,0.0099333317083588,0.0911689995346038,0.1308892604835742,0.0,1.3613528465078866,0.1483263989460442,0.0,0.2627221625770187,1.1222779595978118,0.1793773184599731,0.1089551465856394,0.0,0.2013112109593855,0.0758911133859253,0.3274240158643239,4.425424271946727,0.0103589634514343,2.2134434407864925,-0.0901745298964805,0.0,0.00427055811848872,0.0,0.0013373921
IDFCFIRSTB.NS,IDFC First Bank,Financial,IN,AA,0,2025-03-31,2025,3439087400000.0,3057529600000.0,381557800000.0,331237900000.0,150990800000.0,264015000000.0,0.0,0.0,14903500000.0,172078000000.0,144650900000.0,465772357583.4,63.611793518066406,-0.1765161077497743,0.2555719309051105,0.0043335624445019,0.0390596129865514,0.0564494441603696,0.0,0.86811984973181,0.0963156388523304,0.0,0.4366979140973904,1.12479283929091,0.1354348707693209,0.1109473984290134,0.0,0.1523361728316219,0.0767689125900086,0.3013074944037979,4.432262320521427,0.0099333317083588,1.3613528465078866,-0.0520107600937138,0.0,0.006277583441100822,0.0,0.0015840055
INFY.NS,Infosys,Technology,IN,AAA,0,2022-03-31,2022,15555000000.0,5561000000.0,9941000000.0,722000000.0,2305000000.0,16311000000.0,4529000000.0,4063000000.0,2963000000.0,27000000.0,3345000000.0,7201054329638.919,1711.790283203125,0.4037745285393062,0.2110805179345932,0.1904853744776599,0.2980585454179659,0.1816565507939427,0.2776653791919563,0.0726285081983703,0.0464159434265509,150.48148148147592,4.632963988919662,2.797158784391296,462.9414548144595,0.6390871102539376,0.2612021857923497,1294.9207569931518,1.0486017357762776,779.6299276770868,1.2160720025715204,0.0,0.0,0.0464159434265509,0.0,2.2887865106111237e-07,0.0,0.003102216
INFY.NS,Infosys,Technology,IN,AAA,0,2023-03-31,2023,15312000000.0,6088000000.0,9172000000.0,1010000000.0,1481000000.0,18212000000.0,4684000000.0,4160000000.0,2981000000.0,35000000.0,2853000000.0,5433003761109.254,1309.6119384765625,-0.2336196952906469,0.2626039758959688,0.194683908045977,0.3250109027474923,0.1636832857456622,0.2571930595211948,0.1101177496729175,0.0659613375130616,118.85714285713946,2.824752475247522,2.515111695137976,354.819994847783,0.5990073145245558,0.2716823406478578,892.4119187104554,1.1893939393939392,538.2519056672346,1.4039315569487982,0.1904853744776599,0.0726285081983703,0.0195453940865107,0.0,3.3909862326008326e-05,0.0,0.0022224593
INFY.NS,Infosys,Technology,IN,AAA,0,2024-03-31,2024,16523000000.0,5918000000.0,10559000000.0,1002000000.0,1773000000.0,18562000000.0,4967000000.0,4402000000.0,3167000000.0,56000000.0,3148000000.0,5854348103726.944,1410.3914794921875,0.0900067897078331,0.2470662106079283,0.1916722144888942,0.2999337058433563,0.1706173903674173,0.267589699385842,0.0948953499384411,0.0606427404224414,78.60714285714145,3.1417165668662643,2.791990537343697,354.31508223246044,0.6390485989227137,0.2664165103189493,989.2443568311834,1.1234037402408763,596.3160506417107,1.2158203716032197,0.194683908045977,0.1101177496729175,-0.0053185970906202,0.0,3.463338518079644e-05,0.0,0.0023645589
INFY.NS,Infosys,Technology,IN,AAA,0,2025-03-31,2025,17419000000.0,6164000000.0,11205000000.0,962000000.0,2861000000.0,19277000000.0,5065000000.0,4496000000.0,3158000000.0,49000000.0,4351000000.0,7688581436929.906,1851.2144775390625,0.3148357884641177,0.2170223368591843,0.1812962856650783,0.281838464970995,0.1638221714997146,0.2627483529594854,0.0858545292280231,0.0552270509214076,91.75510204081446,4.522869022869019,2.8259247242050614,441.3905182231992,0.643263103507664,0.2581089614788449,1247.3363784766232,1.1066651357712842,751.1321675188345,1.2254434812560997,0.1916722144888942,0.0948953499384411,-0.0054156895010337,0.0,9.141979967024157e-06,0.0,0.0023645589
INTC,Intel,Technology,US,A-,0,2021-12-31,2021,168406000000.0,73015000000.0,95391000000.0,38110000000.0,4827000000.0,79024000000.0,34092000000.0,22300000000.0,19868000000.0,597000000.0,29456000000.0,195307553787.23145,47.98711395263672,0.0654678890130946,0.3150577299018539,0.1179767941759794,0.2082796070908157,0.2514172909495849,0.4314132415468718,0.3995135809457915,0.2262983504150683,37.35343383584584,0.7729204933088428,2.3064575772101623,1.1597422525755106,0.5664346876002043,0.1324180848663349,2.674896306063568,0.4692469389451682,3.1908860277624598,1.8138961794710404,0.0,0.0,0.2262983504150683,0.0,0.0008839700523989016,0.0,0.001407819
INTC,Intel,Technology,US,A-,0,2022-12-31,2022,182103000000.0,78817000000.0,101423000000.0,42007000000.0,11144000000.0,63054000000.0,21299000000.0,8264000000.0,8014000000.0,496000000.0,15433000000.0,105435014122.0093,25.4858627319336,-0.4664268916464914,0.3831404718426244,0.0440080613718609,0.0790156078995888,0.1270974085704317,0.3377898309385606,0.4141762716543585,0.2306771442535268,16.661290322580612,0.3673911490941985,2.3104533285966227,0.5789855967337677,0.5569540315096402,0.0453809108032267,1.3377191991830353,0.3462545921813479,1.9669879551533855,2.032053288523528,0.1179767941759794,0.3995135809457915,0.0043787938384584,0.0,0.07781347679459223,0.0,0.0015106085
INTC,Intel,Technology,US,A-,0,2023-12-31,2023,191572000000.0,81607000000.0,105590000000.0,49266000000.0,7079000000.0,54228000000.0,11242000000.0,1640000000.0,1689000000.0,878000000.0,11471000000.0,209649198593.13965,49.58590316772461,0.92378744376036,0.3850994521154806,0.0088165285114734,0.0159958329387252,0.0311462712989599,0.2073098768164048,0.4665782744578085,0.257167018144614,1.867881548974941,0.2328380627613364,2.3474947002095408,1.0943624255796236,0.5511765811287662,0.0085607500052199,2.5690099941566245,0.2830685068799198,2.51413687574564,2.103480675672854,0.0440080613718609,0.4141762716543585,0.0264898738910871,0.0,0.019322385000242682,0.0,0.002777448
INTC,Intel,Technology,US,A-,0,2024-12-31,2024,196485000000.0,91453000000.0,99270000000.0,50011000000.0,8249000000.0,53101000000.0,1203000000.0,-10176000000.0,-18756000000.0,1034000000.0,8288000000.0,85820598678.58887,19.81999969482422,-0.5798024130111057,0.5115408751376553,-0.0954576685243148,-0.1889392565729827,-0.3532136871245362,0.022654940584923,0.5037876498438602,0.2545283354963483,-9.84139264990328,0.1657235408210193,2.1484806403289123,0.4367793911931642,0.5052294068249484,-0.0517902129933582,0.938412066073162,0.2702547268239306,1.2686695517796835,2.6135990024683817,0.0088165285114734,0.4665782744578085,-0.0026386826482656,0.0,0.165817166164108,0.03959795918367347,0.013890742
ITC.NS,ITC,Consumer,IN,AAA,0,2022-03-31,2022,772595500000.0,144376800000.0,624555700000.0,2497400000.0,2713700000.0,600813600000.0,225122400000.0,207798300000.0,152426600000.0,393600000.0,157755100000.0,2722353829553.71,220.91189575195312,0.1977907151061952,0.2393261134400635,0.1972915969611523,0.2440560545680713,0.253700315705237,0.3746959123428631,0.0039986825834749,0.0032324806447876,527.9428353658523,63.16773444382155,5.351244105701193,3.5236470178168395,0.8083864065995725,0.2689613128732953,18.85589533466395,0.7776560955894772,13.948829316789208,0.3424873688754336,0.0,0.0,0.0032324806447876,0.0,4.7983458115355686e-05,0.0,0.017685521
ITC.NS,ITC,Consumer,IN,AAA,0,2023-03-31,2023,858829800000.0,163441900000.0,691552600000.0,3063400000.0,4633500000.0,702452200000.0,277673300000.0,259583200000.0,191916600000.0,432000000.0,188775500000.0,4367005481460.561,351.3839111328125,0.5739657329891816,0.2006579236539396,0.2234629026612723,0.2775155497933201,0.2732094795916363,0.3952913806804221,0.004429742582126,0.0035669465591436,600.8870370370356,61.62287001371024,5.25464889970075,5.084832269980106,0.8052266001948233,0.30225220410377,26.71900829261384,0.8179178226000076,18.81302699194454,0.2811496527018506,0.1972915969611523,0.0039986825834749,0.000334465914356,0.0,0.000515928142016178,0.0,0.029125577
ITC.NS,ITC,Consumer,IN,AAA,0,2024-03-31,2024,918261600000.0,169361900000.0,745070000000.0,3037300000.0,6258900000.0,673910400000.0,282557800000.0,264393900000.0,204587800000.0,391100000.0,171788600000.0,5079389575500.4375,406.8484497070313,0.1719026279709485,0.1788565150208158,0.222799036788645,0.2745886963641,0.3035830876033372,0.4192809607924139,0.0040765297220395,0.0033076630886013,676.0263359754521,56.559641787113534,5.421890047289266,5.531527808089152,0.81139187351404,0.2879287340339616,29.991335568982382,0.7338980525810945,20.652534464499443,0.2537905320226828,0.2234629026612723,0.004429742582126,-0.0002592834705422,0.0,0.0014835819372507407,0.0,0.022434076
ITC.NS,ITC,Consumer,IN,AAA,0,2025-03-31,2025,880906800000.0,176927400000.0,700300500000.0,2848400000.0,6200000000.0,746533200000.0,289225800000.0,269720000000.0,347466300000.0,450600000.0,176270400000.0,5770162558937.809,461.0921630859375,0.1377089210164441,0.1839501535712433,0.3944416140277269,0.4961674309814144,0.4654398491587514,0.3874252344035068,0.00406739678181,0.0032334862212438,598.5796715490444,61.884005055469714,4.978916776033559,6.550253169731246,0.7949768352338749,0.3061844907997078,32.6131653940419,0.8474599128988447,22.379740171243668,-0.1790903419067715,0.222799036788645,0.0040765297220395,-7.417686735749444e-05,0.0,1.0583063220584868e-05,0.0,0.017685521
JNJ,Johnson & Johnson,Healthcare,US,AAA,0,2021-12-31,2021,182018000000.0,107995000000.0,74023000000.0,33751000000.0,14487000000.0,78740000000.0,26751000000.0,19361000000.0,20878000000.0,183000000.0,23410000000.0,478152500410.15625,153.26171875,0.1224580680193836,0.1450434721788109,0.1147029414673274,0.282047471731759,0.2651511303022606,0.3397383794767589,0.4559528795104224,0.185426716039073,105.7978142076497,0.6936090782495333,1.68542988101301,2.6269517323020595,0.4066795591644782,0.1063686009076025,4.42754294560078,0.4325945785581646,3.928152199911094,2.6224933797756265,0.0,0.0,0.185426716039073,0.0,0.00044532510457512427,0.0,0.0012554749
JNJ,Johnson & Johnson,Healthcare,US,AAA,0,2022-12-31,2022,187378000000.0,110574000000.0,76804000000.0,39642000000.0,12889000000.0,79990000000.0,26605000000.0,19635000000.0,17941000000.0,276000000.0,21194000000.0,503075112195.2362,161.25013732910156,0.0597487013985924,0.1740723753169524,0.095747633126621,0.233594604447685,0.2242905363170396,0.3326040755094386,0.51614499244831,0.2115616561175805,71.14130434782582,0.5346349830987337,1.6945936657803824,2.684814184137072,0.4098880338140016,0.1047881821772033,4.549669110236007,0.4268910971405394,3.994359205043717,2.6633169315501286,0.1147029414673274,0.4559528795104224,0.0261349400785074,0.0,0.00978878158229379,0.0,0.0011834404
JNJ,Johnson & Johnson,Healthcare,US,AAA,0,2023-12-31,2023,167558000000.0,98784000000.0,68774000000.0,29332000000.0,21859000000.0,85159000000.0,23320000000.0,15834000000.0,35153000000.0,772000000.0,22791000000.0,459919489728.1189,147.41751098632812,-0.0936846464971483,0.1655176616372764,0.2097960109335274,0.511137930031698,0.4127925410115196,0.2738406979884686,0.4264983860179719,0.1750558015731866,20.510362694300493,0.777001227328515,1.6962058632977,2.744837547166467,0.4104489191802241,0.0944986213728977,4.655809541303439,0.5082359541173802,4.106105832446275,2.318367371298297,0.095747633126621,0.51614499244831,-0.0365058545443939,0.0,0.0004142325858217285,0.0,0.0013358301
JNJ,Johnson & Johnson,Healthcare,US,AAA,0,2024-12-31,2024,180104000000.0,108614000000.0,71490000000.0,36634000000.0,24105000000.0,88821000000.0,24781000000.0,17442000000.0,14066000000.0,755000000.0,24266000000.0,433915815402.0386,139.08258056640625,-0.0755891107348977,0.150087549290438,0.078099320392662,0.1967547908798433,0.1583634500850024,0.2789993357426735,0.512435305637152,0.2034046995069515,23.10198675496686,0.6623901293880002,1.6582024416741856,2.409251406976184,0.3969373251010527,0.0968440456625061,3.9950265656548742,0.4931650601874472,3.6860911403879055,2.7810154133167506,0.2097960109335274,0.4264983860179719,0.0283488979337649,0.0,0.050144603055080526,0.0,0.0012554749
JPM,JPMorgan,Financial,US,A-,0,2021-12-31,2021,3743567000000.0,3449440000000.0,294127000000.0,354599000000.0,740834000000.0,121685000000.0,0.0,0.0,48334000000.0,5553000000.0,78084000000.0,585709163061.2815,142.68418884277344,0.2785063915400199,0.2140706607931077,0.0129112154263567,0.1643303742940974,0.3972059004807495,0.0,1.2055982619752692,0.0947222261548945,0.0,0.220203666677007,1.0852680435085116,0.1564575077890369,0.0785686485643238,0.0,0.1697983333704257,0.0325050947398564,0.2286664730393004,4.568423110899311,0.0,0.0,0.0947222261548945,0.0,0.0008326024469416641,0.0,0.0012674587
JPM,JPMorgan,Financial,US,A-,0,2022-12-31,2022,3665743000000.0,3373411000000.0,292332000000.0,339892000000.0,567234000000.0,127727000000.0,0.0,0.0,37676000000.0,26097000000.0,107119000000.0,511248671254.81445,124.544921875,-0.1264122314206326,0.2987253625222212,0.0102778618140988,0.1288808614862553,0.2949728718281961,0.0,1.1626917340557996,0.0927211754888436,0.0,0.315155990726466,1.0866576886125052,0.1394665886983387,0.0797469980846993,0.0,0.1515524409136077,0.0348434137363148,0.2214712759861187,4.570431424134207,0.0129112154263567,1.2055982619752692,-0.0020010506660509,0.0,0.0025219647713880205,0.0,0.0013485799
JPM,JPMorgan,Financial,US,A-,0,2023-12-31,2023,3875393000000.0,3547515000000.0,327878000000.0,436537000000.0,624151000000.0,154952000000.0,0.0,0.0,49552000000.0,81321000000.0,12974000000.0,667827195584.291,162.68890380859375,0.296406156469537,0.2077683776556537,0.0127863161232938,0.1511293834902006,0.319789354122567,0.0,1.3314007039203606,0.1126432854680802,0.0,0.0297202757154605,1.0924246972881018,0.1723250249934112,0.0846050968250187,0.0,0.1882521132635918,0.0399835577965899,0.2544609419447675,4.538615567505024,0.0102778618140988,1.1626917340557996,0.0199221099792366,0.0,0.0015078090834741453,0.0,0.0012674587
JPM,JPMorgan,Financial,US,A-,0,2024-12-31,2024,4002814000000.0,3658056000000.0,344758000000.0,454311000000.0,469317000000.0,169439000000.0,0.0,0.0,58471000000.0,101350000000.0,-42012000000.0,962027737686.2622,234.35888671875,0.4239588462433132,0.235657960859674,0.0146074736422926,0.1696001253052866,0.3450858421024675,0.0,1.3177678255471954,0.1134979042243781,0.0,-0.0924740981398205,1.0942462335185683,0.2403378567393494,0.0861289083130018,0.0,0.2629887945089583,0.0423299708654961,0.3034779375464733,4.525533037508113,0.0127863161232938,1.3314007039203606,0.0008546187562978,0.0,0.0015200258853675108,0.0,0.0018653627
KO,Coca-Cola,Consumer,US,A+,0,2021-12-31,2021,94354000000.0,69494000000.0,22999000000.0,42761000000.0,9684000000.0,38655000000.0,15474000000.0,14022000000.0,9771000000.0,1597000000.0,12625000000.0,367252360159.97394,52.16557312011719,0.1056365432297601,0.1523986349185632,0.1035568179409458,0.4248445584590634,0.2527745440434614,0.4003104384943733,1.8592547502065304,0.4531975326960171,8.780212899185969,0.2952456677813896,1.3577287247819956,3.892281833944231,0.2437522521567713,0.148610551751913,5.284662850893227,0.4096805646819424,4.363395798587318,3.3719503147720284,0.0,0.0,0.4531975326960171,0.0,0.0002658254038936187,0.0,0.0013169803
KO,Coca-Cola,Consumer,US,A+,0,2022-12-31,2022,92763000000.0,66937000000.0,24105000000.0,39149000000.0,9519000000.0,43004000000.0,13828000000.0,12568000000.0,9542000000.0,882000000.0,11018000000.0,409180395507.8125,58.122215270996094,0.1060956389615046,0.1968239326241993,0.102864288563328,0.3958514830947936,0.2218863361547763,0.3215514835829225,1.6241028832192492,0.4220324914028222,14.249433106575948,0.2814375846126338,1.3858254776879753,4.411030211483161,0.2598557614566152,0.1354850533078921,6.112918049924743,0.4635900089475329,4.890268428566361,3.299365048564622,0.1035568179409458,1.8592547502065304,-0.0311650412931949,0.0,0.009527897457759407,0.0,0.0014012667
KO,Coca-Cola,Consumer,US,A+,0,2023-12-31,2023,97703000000.0,70223000000.0,25941000000.0,42064000000.0,9366000000.0,45754000000.0,15607000000.0,14479000000.0,10714000000.0,1527000000.0,11599000000.0,391035148925.78125,55.54476547241211,-0.0343258146706439,0.1345270996714676,0.1096588641085739,0.4130141474885316,0.2341653188792236,0.3411067884775101,1.6215257700165762,0.4305292570340726,9.48199083169613,0.2757464815519209,1.3913247796306054,4.002283951626677,0.2655087356580657,0.1481940165603922,5.568476837016095,0.4682967769669304,4.6170336166155606,3.2647206329386,0.102864288563328,1.6241028832192492,0.0084967656312504,0.0,0.007237907912677666,0.0,0.0013169803
KO,Coca-Cola,Consumer,US,A+,0,2024-12-31,2024,100549000000.0,74177000000.0,24856000000.0,44522000000.0,10828000000.0,47061000000.0,15817000000.0,14742000000.0,10631000000.0,1656000000.0,6805000000.0,424176596679.6876,60.25235748291016,0.0686141068103032,0.1275437137089195,0.1057295447990532,0.4277035725780496,0.225898302203523,0.3360957055736172,1.791197296427422,0.4427890879073884,8.902173913043473,0.1528457841067337,1.355527993852542,4.218605820840462,0.2472028563188097,0.1466150831932689,5.718438285178527,0.4680404578862047,4.67957663111368,3.3714109538632906,0.1096588641085739,1.6215257700165762,0.0122598308733157,0.0,0.008440350881370783,0.0,0.0013169803
KSS,Kohl's,Retail,US,BB-,0,2022-01-31,2022,15054000000.0,10393000000.0,4661000000.0,6785000000.0,1587000000.0,19433000000.0,2317000000.0,1479000000.0,938000000.0,260000000.0,2271000000.0,17176134899.139404,45.56003952026367,0.4201729565133016,0.6046696270019797,0.0623090208582436,0.2012443681613387,0.0482684094066793,0.1192301754747079,1.4556962025316451,0.4507107745449714,5.6884615384615165,0.3347089167280765,1.4484749350524389,1.1409681745143752,0.3096187059917629,0.09824631327222,1.6526638024766094,1.2908861432177492,2.978239705692157,3.2649794074664533,0.0,0.0,0.4507107745449714,0.0,0.00032255683172524997,0.0,0.001728388
KSS,Kohl's,Retail,US,BB-,0,2023-01-31,2023,14345000000.0,10582000000.0,3763000000.0,7566000000.0,153000000.0,18098000000.0,1054000000.0,246000000.0,-19000000.0,304000000.0,282000000.0,9504680397.033691,25.14465713500977,-0.443939137280415,0.632908894859258,-0.0013245033112582,-0.0050491629019399,-0.0010498397612995,0.0582384793899878,2.0106298166356624,0.5274311606831648,0.8092105263157868,0.0372720063441712,1.3556038556038554,0.6625779293854088,0.2623213663297316,0.017148832345765,0.8981931957128794,1.261624259323806,2.171916963088236,3.692366678285116,0.0623090208582436,1.4556962025316451,0.0767203861381933,0.0,0.022296845556288795,0.0,0.001432096
KSS,Kohl's,Retail,US,BB-,0,2024-01-31,2024,14009000000.0,10116000000.0,3893000000.0,7376000000.0,183000000.0,17476000000.0,1466000000.0,717000000.0,317000000.0,344000000.0,1168000000.0,3760150195.759461,23.396804809570312,-0.0968199194250295,0.5587033367942215,0.0226283103719037,0.0814282044695607,0.0181391622796978,0.0838864728770885,1.894682763935268,0.5265186665714897,2.084302325581389,0.158351409978308,1.3848359035191773,0.2684096078063716,0.277892783210793,0.051181383396388,0.3717032617397647,1.247483760439717,1.972875622544608,3.542651152830323,-0.0013245033112582,2.0106298166356624,-0.000912494111675,0.0,0.006500829219052178,0.0,0.0012600877
KSS,Kohl's,Retail,US,BB-,0,2025-01-31,2025,13559000000.0,9757000000.0,3802000000.0,7159000000.0,134000000.0,16221000000.0,1176000000.0,433000000.0,109000000.0,319000000.0,648000000.0,1689391931.2551882,13.374171257019045,-0.4157460378458038,0.5368956491758756,0.0080389409248469,0.0286691215149921,0.0067196843597805,0.0724986129091917,1.8829563387690684,0.5279887897337561,1.3573667711598705,0.0905154351166363,1.3896689556216046,0.1245956140759044,0.2804041595987904,0.0319345084445755,0.1731466568878946,1.1963271627701155,1.7420840262885002,3.5738623792315063,0.0226283103719037,1.894682763935268,0.0014701231622663,0.0,0.013053526008637835,0.0,0.0013010678
LICI.NS,LIC,Financial,IN,AAA,0,2023-03-31,2023,45784913600000.0,45321413900000.0,462328700000.0,0.0,309023300000.0,7852170800000.0,0.0,361583700000.0,359966500000.0,774300000.0,0.0,3288984520772.7505,519.9977416992188,-0.3881315382716059,0.267963161381694,0.0078621203295226,0.778594320447768,0.045842927920009,0.0,0.0,0.0,466.9814025571478,0.0,1.0102269470458864,0.0718355515423043,0.0100978393022456,0.0078974420080591,0.0725702099239395,0.1715012693613557,0.2532223611050095,4.925796561948738,0.0,0.0,0.0,0.0,0.007397251346321277,0.05,0.015261759
LICI.NS,LIC,Financial,IN,AAA,0,2024-03-31,2024,53160474200000.0,52331478200000.0,827468700000.0,0.0,361653100000.0,8490308700000.0,0.0,411844800000.0,409158500000.0,1278800000.0,0.0,5687894703813.408,899.272216796875,0.6969839231021557,0.3015489866919449,0.0076966676117422,0.4944700627346992,0.0481912395011031,0.0,0.0,0.0,322.0556771973723,0.0,1.0158412494451572,0.1069948075033049,0.0155654875629382,0.0077471995161397,0.1086897389383013,0.1597109286131988,0.2691691154549667,4.898938909389939,0.0078621203295226,0.0,0.0,0.0,0.0058750735235671946,0.04,0.025174173
LICI.NS,LIC,Financial,IN,AAA,0,2025-03-31,2025,56605684600000.0,55330648000000.0,1272263900000.0,0.0,544536300000.0,8911252600000.0,0.0,484932600000.0,483203300000.0,1426500000.0,0.0,5651713199935.794,893.5518188476562,-0.0621036109767544,0.3476924198942767,0.0085363034369166,0.3797980120319377,0.0542239482696293,0.0,0.0,0.0,339.9457413249209,0.0,1.0230439484460765,0.0998435623537321,0.0224759034183644,0.0085668533721788,0.1021443522572841,0.1574268143380073,0.2739551259226052,4.861766659032687,0.0076966676117422,0.0,0.0,0.0,0.007382086121628813,0.04,0.015261759
LLY,Eli Lilly,Healthcare,US,A+,0,2021-12-31,2021,48806000000.0,39651200000.0,8979200000.0,16884700000.0,3818500000.0,28318400000.0,8042900000.0,6495300000.0,5581700000.0,339800000.0,7365900000.0,254836673336.42572,267.0919189453125,0.6669738887863546,0.3171980629706284,0.1143650370856042,0.621625534568781,0.1971050624329058,0.2840167523588903,1.8804236457590875,0.3459554153177888,19.11506768687457,0.4362470165297576,1.230883302396901,5.221421000213616,0.1839773798303487,0.1330840470433963,6.426959923947465,0.5802237429824202,5.0963499083905255,3.7190283981477688,0.0,0.0,0.3459554153177888,0.0,0.0002486224652866751,0.0,0.0023638199
LLY,Eli Lilly,Healthcare,US,A+,0,2022-12-31,2022,49489800000.0,38714400000.0,10649800000.0,16238600000.0,2067000000.0,28541400000.0,8660500000.0,7138000000.0,6244800000.0,331600000.0,7585700000.0,339616183098.6328,357.2530517578125,0.3425538376283552,0.2725971398212502,0.126183577221973,0.5863772089616706,0.2187979566524417,0.3034364116686637,1.5247798080715127,0.3281201378869989,21.525934861278586,0.4671400243863386,1.2783305436736718,6.862347051283958,0.2151918173037676,0.1442317406819183,8.77234783694524,0.5767127771783277,6.574316404360324,3.5328006983257154,0.1143650370856042,1.8804236457590875,-0.0178352774307898,0.0,0.006169844678796979,0.0,0.0014012667
LLY,Eli Lilly,Healthcare,US,A+,0,2023-12-31,2023,64006300000.0,53142600000.0,10771900000.0,25225300000.0,2818600000.0,34124100000.0,8567800000.0,7040500000.0,5240400000.0,485900000.0,4240100000.0,545983845493.2251,574.8523559570312,0.6128378273086681,0.2889231130415478,0.0818731906077995,0.4864879919048634,0.1535688853332395,0.2510776841000934,2.3417688615750234,0.3941065176396698,14.489606915003057,0.1680891803070726,1.204425451521002,8.530157898413517,0.1682943710228524,0.1099969846718213,10.27393927834214,0.5331365818677224,7.262443443517441,3.905737403974297,0.126183577221973,1.5247798080715127,0.0659863797526709,0.0,0.011089746907636885,0.0,0.0022125978
LLY,Eli Lilly,Healthcare,US,A+,0,2024-12-31,2024,78714900000.0,64443300000.0,14192100000.0,33644200000.0,3268400000.0,45042700000.0,15227600000.0,13461000000.0,10590000000.0,780600000.0,8817900000.0,728094511565.0024,768.1107788085938,0.3152491105545989,0.3035519577743725,0.1345361551624914,0.7461897816390808,0.235110239839086,0.3380703199408561,2.370628730068136,0.4274184430139656,17.244427363566466,0.2620927232628506,1.221459794889461,9.249767344746706,0.1802975040303678,0.1710095547348723,11.298218923689545,0.5722258428836218,8.131845732558869,3.689854144513936,0.0818731906077995,2.3417688615750234,0.0333119253742957,0.0,0.0030727622120683418,0.0,0.0013169803
LT.NS,L&T,Construction,IN,AAA,0,2022-03-31,2022,3200672400000.0,2246935100000.0,824076600000.0,1251223400000.0,137702400000.0,1556724600000.0,204884200000.0,175503900000.0,86693300000.0,30554200000.0,191635800000.0,2383469828004.31,1696.3846435546875,0.2374761574861486,0.2425490221731975,0.0270859648116439,0.1052005359695931,0.0556895548512562,0.1316123609789425,1.5183338539160074,0.3909251693487905,5.744018825562443,0.1531587404775198,1.4244614363806058,0.7446778458189942,0.2574698366505738,0.054833446871976,1.0607648738961395,0.4863742381132164,1.6127473411091096,3.428840639860549,0.0,0.0,0.3909251693487905,0.0,0.000622797753004917,0.0,0.0011076477
LT.NS,L&T,Construction,IN,AAA,0,2023-03-31,2023,3303523100000.0,2267850900000.0,893259500000.0,1206504400000.0,169266900000.0,1816614200000.0,236709100000.0,202867100000.0,104707200000.0,31776800000.0,227769600000.0,2956493894154.353,2103.544189453125,0.2244649202882882,0.2282448670667256,0.031695616113597,0.1172192403215415,0.0576386554723617,0.1303023503834771,1.3506762592505313,0.3652174855383938,6.384126154930641,0.188784723868392,1.4566756130220024,0.8949517847035345,0.2703960205394053,0.0614093178279879,1.3036544396081564,0.5499020727295656,1.859220709974106,3.3373863497427942,0.0270859648116439,1.5183338539160074,-0.0257076838103967,0.0,0.006214202378497724,0.0,0.0011785525
LT.NS,L&T,Construction,IN,AAA,0,2024-03-31,2024,3401359700000.0,2375863100000.0,863592400000.0,1163222200000.0,119585000000.0,2191156900000.0,277283200000.0,240536200000.0,130591100000.0,35365100000.0,182662800000.0,5086322554106.093,3700.035400390625,0.754130446231136,0.2108175900597854,0.0383937929293394,0.1512184451831674,0.0595991551312459,0.12654648327557,1.3469574303803509,0.3419874116812755,6.801513356388077,0.1570317347794772,1.431631182789951,1.4953792020603092,0.2538962286170439,0.0707176603521233,2.140831495765094,0.6442002884905116,2.4667429394520277,3.377338245055353,0.031695616113597,1.3506762592505313,-0.0232300738571182,0.0,0.004748339683232392,0.0,0.0021155917
LT.NS,L&T,Construction,IN,AAA,0,2025-03-31,2025,3795241000000.0,2641204200000.0,976556000000.0,1324089200000.0,121870000000.0,2542086500000.0,310078500000.0,269096300000.0,150371100000.0,33308400000.0,91607100000.0,4876266232874.868,3545.8798828125,-0.0601658152097984,0.2915498394583323,0.0396209621470678,0.1539810312977443,0.0591526291493228,0.1219779500028814,1.3558763655130888,0.348881454432011,8.078932041166793,0.0691849914643212,1.4369358491857616,1.2848370453615114,0.2573106688086474,0.0709036132356285,1.8462284108418685,0.6698089791926257,2.3203007519456977,3.360763572063013,0.0383937929293394,1.3469574303803509,0.0068940427507354,0.0,0.006132653406149951,0.0,0.0011076477
M,Macy's,Retail,US,BB,0,2022-01-31,2022,17590000000.0,13969000000.0,3621000000.0,6826000000.0,1712000000.0,25399000000.0,2999000000.0,2125000000.0,1430000000.0,259000000.0,2712000000.0,7284384759.521484,21.83568572998047,0.752359458617375,0.6628399926749046,0.0812961910176236,0.3949185307925986,0.0563014291901255,0.1180755147840466,1.8851146092239708,0.3880613985218874,8.204633204633172,0.3973044242601816,1.259216837282554,0.414120793605542,0.205855599772598,0.1208072768618533,0.521467875976912,1.4439454235361,2.402516882493481,3.726833428084139,0.0,0.0,0.3880613985218874,0.0,0.00033310598048240923,0.0,0.0021885233
M,Macy's,Retail,US,BB,0,2023-01-31,2023,16866000000.0,12784000000.0,4082000000.0,5959000000.0,862000000.0,25449000000.0,2496000000.0,1639000000.0,1146000000.0,162000000.0,1615000000.0,6886389514.160156,20.642654418945312,-0.0605451924916503,0.6261301940284646,0.0679473496976165,0.2807447329740323,0.0450312389484852,0.0980785099610986,1.459823615874571,0.3533143602513933,10.11728395061722,0.2710186272864574,1.3193053817271587,0.4083001016340659,0.2420253764970947,0.0971777540614253,0.5386725214455691,1.5088936321593738,2.4432141852259326,3.586031068421676,0.0812961910176236,1.8851146092239708,-0.0347470382704941,0.0,0.011758615967482802,0.0,0.0012972585
M,Macy's,Retail,US,BB,0,2024-01-31,2024,16246000000.0,12211000000.0,4035000000.0,5984000000.0,1034000000.0,23866000000.0,1075000000.0,178000000.0,45000000.0,135000000.0,1305000000.0,4716459344.100952,17.2007999420166,-0.1776664211020353,0.5033277688329659,0.0027699125938692,0.0111524163568773,0.0018855275287019,0.0450431576301014,1.4830235439900863,0.3683368213714144,1.3185185185185089,0.218081550802139,1.3304397674228152,0.2903151141266128,0.2483688292502769,0.0109565431490828,0.3862467729179388,1.4690385325618611,2.03498578380493,3.749846115967007,0.0679473496976165,1.459823615874571,0.0150224611200211,0.0,0.020656592936382313,0.0,0.0013010678
M,Macy's,Retail,US,BB,0,2025-01-31,2025,16402000000.0,11850000000.0,4552000000.0,5706000000.0,1306000000.0,23006000000.0,1759000000.0,878000000.0,582000000.0,115000000.0,1278000000.0,5377041165.161133,16.118228912353516,-0.0532820237054961,0.4529957303441824,0.0354834776246799,0.1278558875219683,0.0252977484134573,0.0764583152221159,1.2535149384885762,0.347884404340934,7.634782608695586,0.22397476340694,1.3841350210970462,0.3278283846580375,0.2775271308377027,0.0535300573100841,0.4537587481148634,1.402633825143275,2.184570820140714,3.5059139129374466,0.0027699125938692,1.4830235439900863,-0.0204524170304804,0.0,0.004721094096381871,0.0,0.0011785525
MA,Mastercard,Financial,US,AA-,0,2021-12-31,2021,37669000000.0,30257000000.0,7312000000.0,13901000000.0,7421000000.0,18884000000.0,11464000000.0,10738000000.0,8687000000.0,431000000.0,9463000000.0,495449701843.26166,352.6332397460937,0.0163075021933343,0.2848434357742701,0.2306140327590326,1.1880470459518595,0.4600190637576785,0.6070747722940055,1.901121444201313,0.3690302370649606,24.91415313225052,0.6807423926336233,1.2449681065538554,13.15271713725508,0.1941118691762457,0.2850619873105205,16.374713350406903,0.5013140778889803,11.499780889269331,3.3243250418115693,0.0,0.0,0.3690302370649606,0.0,7.696150914543759e-05,0.0,0.0013169803
MA,Mastercard,Financial,US,AA-,0,2022-12-31,2022,38724000000.0,32347000000.0,6298000000.0,14023000000.0,7008000000.0,22237000000.0,12953000000.0,12203000000.0,9930000000.0,471000000.0,11195000000.0,480730181213.3789,341.6703491210937,-0.0265855338255941,0.324182222351412,0.2564301208552835,1.576691013020006,0.4465530422269191,0.5824976390700184,2.226579866624325,0.3621268464001653,25.90870488322712,0.798331312843186,1.1971434754382169,12.41426973487705,0.1626381572151637,0.3151275694659642,14.861662015438185,0.5742433632889165,10.726327340447703,3.4073184588368965,0.2306140327590326,1.901121444201313,-0.0069033906647952,0.0,0.009324575147608804,0.0,0.0014012667
MA,Mastercard,Financial,US,AA-,0,2023-12-31,2023,42448000000.0,35451000000.0,6929000000.0,15681000000.0,8588000000.0,25098000000.0,15013000000.0,14214000000.0,11195000000.0,575000000.0,11980000000.0,594083083770.752,421.6345520019531,0.2373481897403453,0.1720634923621846,0.2637344515642669,1.615673257324289,0.4460514782054346,0.5981751533986772,2.2630971280127,0.3694166980776479,24.71999999999996,0.763981888910146,1.1973710191531974,13.995549466894834,0.1632350169619298,0.3348567659253675,16.757865328784856,0.5912646061062947,11.946893151285236,3.3846117602713903,0.2564301208552835,2.226579866624325,0.0072898516774826,0.0,0.008576945194472201,0.0,0.0013169803
MA,Mastercard,Financial,US,AA-,0,2024-12-31,2024,48081000000.0,41566000000.0,6485000000.0,18226000000.0,8442000000.0,28167000000.0,16797000000.0,15900000000.0,12874000000.0,646000000.0,14780000000.0,737001231591.7969,522.5476684570312,0.2529095494569444,0.1589095219742134,0.2677564942492876,1.985196607555898,0.4570596797671033,0.5963361380338694,2.810485736314572,0.3790686549780578,24.613003095975195,0.8109294414572589,1.1567386806524564,15.328325775083648,0.1348765624675027,0.3306919573220191,17.7308673336813,0.5858239221314032,12.47747965646385,3.5192279694681883,0.2637344515642669,2.2630971280127,0.0096519569004099,0.0,0.008804179930387008,0.0,0.0013169803
MARUTI.NS,Maruti Suzuki,Auto,IN,AAA,0,2022-03-31,2022,746555000000.0,193220000000.0,553335000000.0,4255000000.0,351000000.0,851688000000.0,76128000000.0,48238000000.0,38795000000.0,1266000000.0,18405000000.0,2203142595094.4434,7293.24072265625,0.099020674886548,0.2953655984541786,0.0519653608910261,0.070111234604715,0.045550718103343,0.0893848451545636,0.0076897358742895,0.0056995130968247,38.10268562401261,4.325499412455933,3.863756339923403,2.9510787485107506,0.7411845075044705,0.0646141275592555,11.402249224171635,1.140824185759924,9.084821750213813,1.138181379804569,0.0,0.0,0.0056995130968247,0.0,0.004686687668053271,0.0,0.019766834
MARUTI.NS,Maruti Suzuki,Auto,IN,AAA,0,2023-03-31,2023,1003854000000.0,257852000000.0,746002000000.0,12476000000.0,17852000000.0,1137648000000.0,155365000000.0,106905000000.0,82637000000.0,2523000000.0,108146000000.0,2431998625550.4785,8050.84130859375,0.0839859301148544,0.2210766451395036,0.0823197397231071,0.110773161466055,0.0726384611057198,0.1365668466872002,0.0167238157538451,0.0124281020945276,42.372175980975015,8.66832318050657,3.893140250996696,2.4226616874072118,0.7431379463547488,0.1064945699274994,9.431761729792589,1.1332803375789706,8.03553499184097,1.0373510490569346,0.0519653608910261,0.0076897358742895,0.0067285889977029,0.0,0.004817663834959424,0.0,0.017685521
MARUTI.NS,Maruti Suzuki,Auto,IN,AAA,0,2024-03-31,2024,1153508000000.0,297148000000.0,856360000000.0,1186000000.0,26595000000.0,1364838000000.0,228739000000.0,176181000000.0,134882000000.0,1936000000.0,168011000000.0,3882492295168.1016,12348.79296875,0.4958074167900637,0.1803530041345832,0.1169320022054463,0.1575061889859405,0.0988263808598529,0.167594249280867,0.0013849315708346,0.0010281679884318,91.00258264462803,141.6618887015176,3.881930889657679,3.3658130634274763,0.7423962382575586,0.1527349615260579,13.06585369973246,1.1832063583434185,10.417619437127955,0.9372228020958676,0.0823197397231071,0.0167238157538451,-0.0113999341060958,0.0,4.776912118175455e-07,0.01,0.030934464
MARUTI.NS,Maruti Suzuki,Auto,IN,AAA,0,2025-03-31,2025,1319718000000.0,357319000000.0,962399000000.0,870000000.0,1845000000.0,1474686000000.0,254224000000.0,198142000000.0,145002000000.0,1942000000.0,161362000000.0,3358863405116.4844,10683.3203125,-0.1327527860435264,0.223245175544142,0.1098734729692252,0.1506672388479206,0.0983273727424007,0.172391953270052,0.0009039909642466,0.0006592317449636,102.0298661174047,185.4735632183906,3.693388820633664,2.545137222585798,0.7292459449670309,0.150139651046663,9.400181364877,1.11742508626843,8.128089887609054,1.0241498562571705,0.1169320022054463,0.0013849315708346,-0.0003689362434681,0.0,5.309712637360197e-08,0.0,0.017685521
META,Meta Platforms,Technology,US,A+,0,2021-12-31,2021,165987000000.0,41108000000.0,124879000000.0,13873000000.0,16601000000.0,117929000000.0,55274000000.0,47307000000.0,39370000000.0,23000000.0,57683000000.0,938107500946.0448,342.2500915527344,0.2606531382867749,0.2952413386434009,0.2371872496038846,0.3152651766910369,0.3338449405998525,0.4687057466780859,0.111091536607436,0.0835788344870381,2056.8260869564324,4.157932674980176,4.037827186922254,5.651692608132232,0.7523420508835029,0.2850042473205733,22.820558065243866,0.7104713019694313,16.246130618333847,0.5267279967708316,0.0,0.0,0.0835788344870381,0.0,0.00034124205292508983,0.0,0.0018838763
META,Meta Platforms,Technology,US,A+,0,2022-12-31,2022,185727000000.0,60014000000.0,125713000000.0,26591000000.0,14681000000.0,116609000000.0,37690000000.0,29004000000.0,23200000000.0,185000000.0,50475000000.0,312641416030.8838,119.6026840209961,-0.6422179399668924,0.6425739334748192,0.1249145250825135,0.1845473419614518,0.1989554837105197,0.3232169043555815,0.2115214814696968,0.1431725058822896,156.7783783783775,1.8981986386371328,3.0947278968240743,1.6833385346819998,0.6768698142973288,0.1561646933402251,5.209474723079345,0.6278516316959839,5.081123730723129,1.2409073532658148,0.2371872496038846,0.111091536607436,0.0595936713952514,0.0,0.10201132266563351,0.0,0.0018932087
META,Meta Platforms,Technology,US,A+,0,2023-12-31,2023,229623000000.0,76455000000.0,153168000000.0,37234000000.0,41862000000.0,134902000000.0,59052000000.0,47874000000.0,39098000000.0,446000000.0,71113000000.0,900937572570.8008,351.79132080078125,1.837582148202061,0.398289068793363,0.1702703997421861,0.2552621957589052,0.2898252064461609,0.4377399890290729,0.2430925519690797,0.1621527460228287,107.34080717488764,1.9098941827362088,3.003374534039631,3.923551092751165,0.6670411936086542,0.2084895676826798,11.783893434972216,0.5874934131162819,9.146294479782838,1.1539828327301709,0.1249145250825135,0.2115214814696968,0.0189802401405391,0.0,0.0046678387046316,0.0,0.0030863157
META,Meta Platforms,Technology,US,A+,0,2024-12-31,2024,276054000000.0,93417000000.0,182637000000.0,49060000000.0,43889000000.0,164501000000.0,86876000000.0,71378000000.0,62360000000.0,715000000.0,91328000000.0,1494998269430.8022,589.8621215820312,0.7138767912770929,0.3653101229307234,0.2258978315836756,0.3414423145364849,0.3790858414234564,0.5281183701010936,0.2686202686202686,0.1777188521086454,99.8293706293705,1.8615572768039133,2.9550724172259866,5.415600822414463,0.6615988176226391,0.258565353155542,16.00349261302335,0.5959015265129286,11.845181340887391,1.0143124171357778,0.1702703997421861,0.2430925519690797,0.0155661060858166,0.0,0.005325878106605342,0.0,0.0029821952
MRK,Merck,Healthcare,US,A,0,2021-12-31,2021,105694000000.0,67437000000.0,38184000000.0,33102000000.0,8096000000.0,48704000000.0,17899000000.0,14685000000.0,13049000000.0,806000000.0,14109000000.0,246069991616.4099,68.79029083251953,0.0241868309730926,0.2354403656839639,0.123460177493519,0.3417399958097633,0.2679246057818659,0.3675057490144546,0.8669076052796983,0.313187125096978,18.21960297766747,0.4262280224759833,1.5672998502305855,2.3281358602797693,0.3612693246541903,0.1389388233958408,3.6488869851329375,0.4608019376691203,3.542155435540186,2.819819478872973,0.0,0.0,0.313187125096978,0.0,0.00028631167605013686,0.0,0.0011834404
MRK,Merck,Healthcare,US,A,0,2022-12-31,2022,109160000000.0,63102000000.0,45991000000.0,30691000000.0,12694000000.0,59283000000.0,21315000000.0,17406000000.0,14519000000.0,962000000.0,19095000000.0,365298078908.3598,102.1211929321289,0.4942136908936128,0.1993038116807443,0.1330065958226456,0.3156922006479528,0.2449100079280738,0.3595465816507261,0.6673262159987824,0.2811561011359472,18.093555093555075,0.6221693656120687,1.7298976260657348,3.346446307331988,0.4213173323561744,0.1594540124587761,5.78900952281005,0.543083547086845,5.048268300714246,2.4913246610480027,0.123460177493519,0.8669076052796983,-0.0320310239610308,0.0,0.006969082079405829,0.0,0.0025149349
MRK,Merck,Healthcare,US,A,0,2023-12-31,2023,106675000000.0,69040000000.0,37581000000.0,35055000000.0,6841000000.0,60115000000.0,6907000000.0,3035000000.0,365000000.0,1146000000.0,13006000000.0,368987157953.3607,103.15249633789062,0.0083720722098128,0.1885841020355004,0.0034216076868994,0.0097123546472951,0.0060716959161606,0.1148964484737586,0.9327851840025544,0.3286149519568783,2.6483420593368217,0.371016973327628,1.5451187717265351,3.4589843726586427,0.3522943520037497,0.0284509022732599,5.344541685303603,0.5635340988985236,4.286900309986942,3.225732364659011,0.1330065958226456,0.6673262159987824,0.0474588508209311,0.0,0.040290636284059954,0.0,0.0014478615
MRK,Merck,Healthcare,US,A,0,2024-12-31,2024,117106000000.0,70734000000.0,46313000000.0,37111000000.0,13242000000.0,64168000000.0,25706000000.0,21207000000.0,17117000000.0,1271000000.0,21468000000.0,342028893866.8878,95.61615753173828,-0.1076034634034565,0.2085306086066127,0.1461667207487234,0.3695938505387256,0.2667528986410672,0.4006046627602543,0.8013084878975666,0.3169009273649514,16.685287175452387,0.5784807738945327,1.6555828880029406,2.920677795047972,0.3954793093436715,0.1810923436886239,4.835424178851582,0.5479480129113794,4.521382425607193,2.581584205762301,0.0034216076868994,0.9327851840025544,-0.0117140245919269,0.0,0.0011661942138279605,0.0,0.0014012667
MSFT,Microsoft,Technology,US,AAA,0,2022-06-30,2022,364840000000.0,198298000000.0,166542000000.0,61270000000.0,13931000000.0,198270000000.0,100239000000.0,85779000000.0,72738000000.0,2063000000.0,89035000000.0,1887881310058.5933,252.9315795898437,-0.0314314956768837,0.2864486620301926,0.1993695866681284,0.4367546925099975,0.3668633681343622,0.5055681646239976,0.3678951855988279,0.1679366297555092,41.57973824527385,1.4531581524400197,1.8398571846412972,5.174545855878175,0.4564795526806271,0.2351140225852428,9.520425370193312,0.5434437013485364,7.579350661212577,2.1194934765924787,0.0,0.0,0.1679366297555092,0.0,0.00020652095606958875,0.0,0.0015258155
MSFT,Microsoft,Technology,US,AAA,0,2023-06-30,2023,411976000000.0,205753000000.0,206223000000.0,59965000000.0,34704000000.0,211915000000.0,105140000000.0,91279000000.0,72361000000.0,1968000000.0,87582000000.0,2443366846435.547,328.7630310058594,0.3171693708832752,0.3222558170686314,0.175643726819038,0.350887146438564,0.3414623787839464,0.4961423212136941,0.2907774593522546,0.145554595413325,46.38160569105689,1.4605519886600518,2.002284292331096,5.930847540719719,0.500570421577956,0.2215638775074276,11.875242870993604,0.5143867603938094,8.97137778465803,1.970216711653106,0.1993695866681284,0.3678951855988279,-0.0223820343421842,0.0,0.017614872482893163,0.0,0.0016826878
MSFT,Microsoft,Technology,US,AAA,0,2024-06-30,2024,512163000000.0,243686000000.0,268477000000.0,67127000000.0,18315000000.0,245122000000.0,133009000000.0,110722000000.0,88136000000.0,2935000000.0,118548000000.0,3285845816270.623,441.994140625,0.3327209842171648,0.2014153550523089,0.1720858398595759,0.3282813797829981,0.3595597294408498,0.5426236731097168,0.2500288665323286,0.1310656958819751,37.72470187393525,1.7660255932784126,2.1017333781998144,6.415625135495191,0.524202255922431,0.2161850817025048,13.48393348928795,0.4786015389631816,9.911415109261132,1.862731200809117,0.175643726819038,0.2907774593522546,-0.0144888995313499,0.0,0.013467997718548367,0.0,0.0018239409
MSFT,Microsoft,Technology,US,AAA,0,2025-06-30,2025,619003000000.0,275524000000.0,343479000000.0,60588000000.0,30242000000.0,281724000000.0,160165000000.0,126012000000.0,101832000000.0,2385000000.0,136162000000.0,3135059229309.082,421.7190246582031,-0.0663027657362592,0.2070253864527388,0.1645097035070912,0.2964722734140952,0.3614601524896707,0.5685174142068123,0.1763950634536609,0.0978799779645656,52.835220125786144,2.2473427081270216,2.2466391312553533,5.0646914947247135,0.554890687121064,0.2035725190346412,11.378534099784709,0.4551254194244616,8.61990401665488,1.7320174538734063,0.1720858398595759,0.2500288665323286,-0.0331857179174094,0.0,0.02206128336782287,0.0,0.0019072182
MSTR,MicroStrategy,Tech,US,B-,0,2021-12-31,2021,3557124000.0,2578166000.0,978958000.0,2231759000.0,63356000.0,510762000.0,-770882000.0,-782240000.0,-535480000.0,29149000.0,93833000.0,11229930031.585691,56.23400115966797,0.4472783894525656,0.9947450123947452,-0.1505373442140335,-0.5469897584983211,-1.04839435979967,-1.5092782939999425,2.2797290588564554,0.6274054545188752,-26.835912038147903,0.0420444142938372,1.379711003868641,3.1570251786515424,0.2752105352526366,-0.2199079930865496,4.355782378475896,0.1435884720352734,2.361614164238361,4.075559356378917,0.0,0.0,0.6274054545188752,0.0,2.0224327945844873e-05,0.04995893223819301,0.010743744
MSTR,MicroStrategy,Tech,US,B-,0,2022-12-31,2022,2410272000.0,2793392000.0,-383120000.0,2446358000.0,43835000.0,499264000.0,-1258455000.0,-1269329000.0,-1469797000.0,53136000.0,3211000.0,2864385726.6426086,14.156999588012695,-0.7399952387221083,1.0787372883797643,-0.6098054493434764,3.836388076842775,-2.943927461222914,-2.5206203531598463,-6.385357068281495,1.0149717542252488,-23.88830548027657,0.0013125634105883,0.8628477492596811,1.1884076679489315,-0.1589530144315661,-0.5266330936923299,1.025414881492683,0.2071401070086694,-1.1062437905982891,7.624181420188258,-0.1505373442140335,2.2797290588564554,0.3875662997063736,0.0,0.34453828809581516,0.029797979797979796,0.042580493
MSTR,MicroStrategy,Tech,US,B-,0,2023-12-31,2023,4762528000.0,2597556000.0,2164972000.0,2243677000.0,46817000.0,496261000.0,-61038000.0,-75565000.0,429121000.0,48960000.0,12712000.0,16139153920.288086,63.1619987487793,3.3553992125314727,0.7312252755007028,0.0901036172385758,0.1982108775540745,0.8647082885820145,-0.1229957623105581,1.036353818894655,0.4711105110563128,-1.5434027777777464,0.0056656996528466,1.8334649955573616,3.388778799891168,0.4545846239644154,-0.0158665733828756,6.213207307287343,0.1042011721505889,4.325267413116803,2.456766028462194,-0.6098054493434764,-6.385357068281495,-0.5438612431689359,0.0,1.101267794943734e-07,0.01,0.0071382457
MSTR,MicroStrategy,Tech,US,B-,0,2024-12-31,2024,25843685000.0,7613701000.0,18229984000.0,7248078000.0,38117000.0,463456000.0,-1854597000.0,-1872405000.0,-1166661000.0,61941000.0,-53032000.0,74461051653.92194,302.9599914550781,3.4218053587379984,1.1032306908658511,-0.0451429817380919,-0.0639968197448774,-2.5173069288130856,-4.001667903749214,0.3975910236673822,0.2804583789037825,-30.22884680583087,-0.0073166983026396,3.3943656311168504,2.8812087615957997,0.7053941417410095,-0.0724511616667669,9.779875996433525,0.0179330463128613,6.4932427807618565,1.6084582365092286,0.0901036172385758,1.036353818894655,-0.1906521321525303,0.0,1.0417633802529226e-08,0.10995893223819302,0.027315909
NCLH,Norwegian Cruise,Travel,US,B-,0,2021-12-31,2021,18729837000.0,16297187000.0,2432650000.0,12446590000.0,1506647000.0,647986000.0,-1669791000.0,-2428395000.0,-4506587000.0,2072925000.0,-2468009000.0,8763068244.137974,21.020000457763672,-0.1734172156700502,0.5608592646104826,-0.240610049089055,-1.8525422892730143,-6.9547598250579385,-2.5768936365909103,5.116473804287503,0.6645327452662829,-1.1714823256991926,-0.198287964816066,1.1492680914810631,0.4678667648916524,0.1298810021678245,-0.1296538245367538,0.5377043439544489,0.0345964569793106,0.0852186449820817,5.072425136428043,0.0,0.0,0.6645327452662829,0.0,0.810929901843904,0.039658932238193015,0.024259506
NCLH,Norwegian Cruise,Travel,US,B-,0,2022-12-31,2022,18557694000.0,18489103000.0,68591000.0,13621530000.0,946987000.0,4843760000.0,-665138000.0,-1475191000.0,-2269909000.0,801512000.0,210020000.0,5158101939.14609,12.239999771118164,-0.4098360700966265,0.7497280555101162,-0.1223163287421379,-33.093394177078146,-0.4686254067088377,-0.137318529406907,198.59063142394487,0.734009839800139,-1.8405101857489323,0.0154182386266447,1.0037098067980907,0.2779495091979687,0.0036960949997343,-0.0794921502639282,0.2789806481767173,0.2610108777523759,0.1705104847871242,5.3484685112277415,-0.240610049089055,5.116473804287503,0.069477094533856,0.0,2.630344270269542e-08,0.01,0.012029789
NCLH,Norwegian Cruise,Travel,US,B-,0,2023-12-31,2023,19492990000.0,19192183000.0,300807000.0,14058925000.0,402415000.0,8549924000.0,1773943000.0,890707000.0,166178000.0,727531000.0,2005714000.0,8527953652.399521,20.040000915527344,0.6897134481993608,0.4915203450545032,0.0085250133509533,0.5524406014487676,0.0194361961580009,0.2074805577219165,46.73735983537601,0.7212297856819297,1.2242873499548457,0.1426648196786027,1.015673412451309,0.4374882279424306,0.0154315474434655,0.0456937083536184,0.4443451613815646,0.4386153176090481,0.8745295089370864,4.897267222729813,-0.1223163287421379,198.59063142394487,-0.0127800541182092,0.0,1.6929586070581015e-18,0.0,0.0021155917
NCLH,Norwegian Cruise,Travel,US,B-,0,2024-12-31,2024,19969811000.0,18544372000.0,1425439000.0,13100490000.0,190765000.0,9479651000.0,2493642000.0,1520130000.0,910257000.0,747223000.0,2049823000.0,11326427985.75,25.75,0.4055677090035603,0.497907561914617,0.0455816532264626,0.638580114617321,0.0960222058807861,0.263052089153915,9.190494998382947,0.6560147214212493,2.034372603627027,0.1564691855037483,1.0768663937500822,0.5671775254032199,0.0713796940792279,0.0761214014494178,0.6107744163970611,0.4746990845331486,1.1780199920495376,4.506356569924473,0.0085250133509533,46.73735983537601,-0.0652150642606804,0.0,7.624419932777461e-06,0.0,0.0017850209
NFLX,Netflix,Media,US,BBB+,0,2021-12-31,2021,44584663000.0,28735415000.0,15849248000.0,15392895000.0,6027804000.0,29697844000.0,19044502000.0,6605723000.0,5116228000.0,765620000.0,392610000.0,272702977871.07925,61.20899963378906,0.1319696988616439,0.3205646052501542,0.1147530934572725,0.3228057255460952,0.1722760749904942,0.64127557542561,0.9712066465235448,0.345250899395606,8.627939447767812,0.0255059233497012,1.551557999075357,6.11651988647036,0.3554865492647101,0.1481613307248728,9.490135356356582,0.6660999994549696,7.275697463778651,2.878307973304632,0.0,0.0,0.345250899395606,0.0,0.0022096775316421814,0.0,0.0013169803
NFLX,Netflix,Media,US,BBB+,0,2022-12-31,2022,48594768000.0,27817367000.0,20777401000.0,14353076000.0,5147176000.0,31615550000.0,20332955000.0,5970141000.0,4491924000.0,706212000.0,2026257000.0,131785194466.535,29.488000869750977,-0.5105238509446479,0.7006307030690294,0.0924363709278332,0.2161927759877185,0.1420795779292152,0.6431314653706799,0.6908022808049957,0.2953625789508862,8.453751847887025,0.1411723173485599,1.7469219139252108,2.711921465836302,0.4275645682679255,0.1228556333471949,4.737515037513616,0.6505957596093472,4.41160585408477,2.584868045876873,0.1147530934572725,0.9712066465235448,-0.0498883204447198,0.0,0.2460970960844399,0.0,0.0015423703
NFLX,Netflix,Media,US,BBB+,0,2023-12-31,2023,48731992000.0,28143679000.0,20588313000.0,14543261000.0,7116913000.0,33723297000.0,21508387000.0,6954003000.0,5407990000.0,748598000.0,7274301000.0,218530172148.99,48.6879997253418,0.6507204048144466,0.3758599002899301,0.1109741214765035,0.262672808597771,0.1603636204372306,0.6377901603155824,0.7063842967609828,0.2984335423842308,9.289368926980824,0.5001836245667323,1.7315430580344524,4.484326685208969,0.4224804313355382,0.142698927636695,7.764804741732237,0.6920155654626226,6.328781389305703,2.554675478892798,0.0924363709278332,0.6908022808049957,0.0030709634333446,0.0,0.047061843340335814,0.0,0.0023638199
NFLX,Netflix,Media,US,BBB+,0,2024-12-31,2024,53630374000.0,28886807000.0,24743567000.0,15582804000.0,7804733000.0,39000966000.0,26314821000.0,10684390000.0,8711631000.0,718733000.0,7361364000.0,407481808067.7081,90.04299926757812,0.9219424162268844,0.2953930270055163,0.1624383786695203,0.3520766023750739,0.2233696211524606,0.6747222876479521,0.6297719322359626,0.2905593013392,14.865589864386338,0.4724030411984903,1.856569817494886,7.597966929481196,0.4613722626659288,0.1992227389650499,14.106156075599085,0.7272178635189082,10.401993262662137,2.205823550661795,0.1109741214765035,0.7063842967609828,-0.0078742410450308,0.0,0.01973586196758892,0.0,0.002653611
NIO,NIO,Auto,CN,B+,0,2021-12-31,2021,82883601000.0,48098044000.0,34709924000.0,20158353000.0,15333719000.0,36136423000.0,-985360000.0,-3337274000.0,-10572309000.0,637410000.0,1966386000.0,55444931864.1561,32.41999816894531,-0.3348379759439281,0.6717860394908591,-0.1275561012364798,-0.3045903817017865,-0.2925665608906559,-0.0272677791047553,0.5807662673072981,0.2432128039417592,-5.235678762491951,0.0975469573332702,1.7232218632425051,0.6689493602498774,0.4187791502929512,-0.0402645874423337,1.1527481629846756,0.4359900217173238,1.4973007612999694,3.284209948841388,0.0,0.0,0.2432128039417592,0.0,0.05730106507779774,0.11940549815442475,0.014021922
NIO,NIO,Auto,CN,B+,0,2022-12-31,2022,96263925000.0,72174386000.0,23868165000.0,36265457000.0,19887575000.0,49268561000.0,-10054730000.0,-14048785000.0,-14559445000.0,333216000.0,-3866008000.0,16382153697.0,9.75,-0.6922348514495729,0.9459333080101632,-0.1512450796079632,-0.6099943166975761,-0.29551187825437,-0.2040800420373552,1.5194070009152358,0.3767294653734511,-42.161195740900666,-0.1066030410150353,1.3337685338951135,0.1701795734695006,0.2479450635323668,-0.1459402886387605,0.2269801602053116,0.5118071073873208,0.4639263272414381,4.202511636628156,-0.1275561012364798,0.5807662673072981,0.1335166614316919,0.0,0.015728007925195298,0.01,0.005652898
NIO,NIO,Auto,CN,B+,0,2023-12-31,2023,117383202000.0,87787186000.0,25546233000.0,34725056000.0,32935111000.0,55617933000.0,-15147947000.0,-20055388000.0,-21146967000.0,403530000.0,-1381546000.0,19034526050.66055,9.06999969482422,-0.0581516524363208,0.6567447627450208,-0.1801532641782935,-0.827791987961591,-0.3802184989506891,-0.2723572449195478,1.3593024067384023,0.2958264505342085,-49.69986865908346,-0.0397852778120789,1.3371336677769805,0.1621571547405952,0.2176310797860157,-0.1708539864162165,0.2168257910745715,0.473815094940075,0.3012497101545223,4.279801730063557,-0.1512450796079632,1.5194070009152358,-0.0809030148392426,0.0,0.023696084453215426,0.02,0.023272261
NIO,NIO,Auto,CN,B+,0,2024-12-31,2024,107604612000.0,94098069000.0,5967023000.0,33823303000.0,19328920000.0,65731559000.0,-13925480000.0,-21626161000.0,-22657692000.0,798363000.0,-7849168000.0,9176007506.3913,4.380000114440918,-0.4798099673689349,0.6919200529848667,-0.2105643204215075,-3.797151779036213,-0.3447003592292706,-0.2118537915706518,5.668371481055125,0.314329491750781,-27.088130336701443,-0.2320639116765148,1.1435368774676982,0.0852752250655511,0.0554532272278441,-0.2009780119833525,0.0975153645968154,0.6108619117552322,0.0726875636416711,5.004092398939182,-0.1801532641782935,1.3593024067384023,0.0185030412165725,0.0,0.019242183347936745,0.04,0.021901295
NKE,Nike,Consumer,US,AA-,0,2022-05-31,2022,40321000000.0,25040000000.0,15281000000.0,12627000000.0,8574000000.0,46710000000.0,7515000000.0,6675000000.0,6046000000.0,0.0,5188000000.0,171355058296.2036,109.0738754272461,-0.1327350219905018,0.3348221241646275,0.149946677909774,0.3956547346377854,0.1294369514022693,0.1608863198458574,0.826320266998233,0.313161875945537,6675000000000000.0,0.4108656054486417,1.6102635782747603,4.249772036809692,0.3789836561593214,0.1655464894223853,6.843253126845192,1.158453411373726,6.265489089965898,2.655241685474071,0.0,0.0,0.313161875945537,0.0,8.047840365461345e-05,0.0,0.0012326456
NKE,Nike,Consumer,US,AA-,0,2023-05-31,2023,37531000000.0,23527000000.0,14004000000.0,12144000000.0,7441000000.0,51217000000.0,6774000000.0,5915000000.0,5070000000.0,0.0,5841000000.0,155195111145.01956,101.3022918701172,-0.0936001502350287,0.3765814515348017,0.1350883269830273,0.3620394173093401,0.0989905695374582,0.1322607727902844,0.8671808054841472,0.3235725133889318,5915000000000000.0,0.4809782608695651,1.595231011178646,4.135117933042539,0.3731315445898057,0.1576030481468652,6.596468361670403,1.3646585489328822,6.2903874783275455,2.7290772961018885,0.149946677909774,0.826320266998233,0.0104106374433947,0.0,0.0048113642553507755,0.0,0.0012326456
NKE,Nike,Consumer,US,AA-,0,2024-05-31,2024,38110000000.0,23680000000.0,14430000000.0,11952000000.0,9860000000.0,51362000000.0,7155000000.0,6311000000.0,5700000000.0,0.0,7429000000.0,135399278732.29982,90.08601379394533,-0.0859209619457901,0.2697560001742176,0.1495670427709262,0.395010395010395,0.110976986877458,0.1393053230014407,0.8282744282744282,0.3136184728417738,6311000000000000.0,0.621569611780455,1.609375,3.552854335667799,0.3786407766990291,0.1655995801626869,5.717874946465364,1.347730254526371,5.779302768981292,2.658094988192075,0.1350883269830273,0.8671808054841472,-0.009954040547158,0.0,0.0027377071575764504,0.0,0.0013115417
NKE,Nike,Consumer,US,AA-,0,2025-05-31,2025,36579000000.0,23366000000.0,13213000000.0,11018000000.0,7464000000.0,46309000000.0,4510000000.0,3702000000.0,3219000000.0,0.0,3698000000.0,107654466247.5586,72.93663024902344,-0.2039956629193762,0.369941511462649,0.0880013122283277,0.2436237039279497,0.0695113260921203,0.0973892763825606,0.8338757284492544,0.3012110773941332,3702000000000000.0,0.3356326011980395,1.5654797569117522,2.943067504512386,0.3612181852975751,0.101205609776101,4.607312601538928,1.2659996172667378,4.797827512808318,2.9299051368271414,0.1495670427709262,0.8282744282744282,-0.0124073954476405,0.0,0.012945600225421098,0.0,0.0013115417
NVDA,Nvidia,Technology,US,A,0,2022-01-31,2022,44187000000.0,17575000000.0,26612000000.0,11831000000.0,1990000000.0,26914000000.0,11351000000.0,10177000000.0,9752000000.0,236000000.0,9108000000.0,571263780899.0479,22.795841217041016,0.7269732892192358,0.4587026858753709,0.220698395455677,0.3664512250112731,0.3623393029649996,0.4217507616853682,0.4445738764467157,0.2677484327969764,43.122881355932016,0.7698419406643562,2.514196301564722,12.92832237760083,0.6022585828411071,0.2303166089573856,32.504340307200444,0.6090931721999683,21.59445246548893,1.3266118994274334,0.0,0.0,0.2677484327969764,0.0,5.622506118670046e-05,0.0,0.0028113667
NVDA,Nvidia,Technology,US,A,0,2023-01-31,2023,41182000000.0,19081000000.0,22101000000.0,12031000000.0,3389000000.0,26974000000.0,5986000000.0,4443000000.0,4368000000.0,262000000.0,5641000000.0,472088517108.1146,19.142837524414062,-0.2166984900758183,0.6363249652907601,0.1060657568840755,0.1976381159223564,0.1619337139467635,0.2219174019426114,0.5443645083932853,0.2921421980476907,16.958015267175508,0.4688720804588147,2.1582726272207955,11.4634674641376,0.5366665047836433,0.1078869408965081,24.741288040884367,0.6549949006847652,16.499794435914232,1.9984702054295564,0.220698395455677,0.4445738764467157,0.0243937652507142,0.0,0.047784860794995394,0.0,0.0015434921
NVDA,Nvidia,Technology,US,A,0,2024-01-31,2024,65728000000.0,22750000000.0,42978000000.0,11056000000.0,7280000000.0,60922000000.0,35583000000.0,34075000000.0,29760000000.0,257000000.0,28090000000.0,1545890048828.125,62.739044189453125,2.214508367283896,0.4670409417954918,0.4527750730282376,0.6924472986178976,0.4884934834706674,0.5840747184924986,0.2572478942714877,0.1682083739045764,132.58754863813178,2.5407018813314037,2.889142857142857,23.51950536800336,0.653876582278481,0.5184244157740994,67.9512109375,0.9268804771178188,44.19305951040652,0.3722918695228823,0.1060657568840755,0.5443645083932853,-0.1239338241431143,0.0,2.0948458027609675e-05,0.0,0.0032834667
NVDA,Nvidia,Technology,US,A,0,2025-01-31,2025,111601000000.0,32274000000.0,79327000000.0,10270000000.0,8589000000.0,130497000000.0,86137000000.0,84273000000.0,72880000000.0,247000000.0,64089000000.0,3364422213134.7656,137.452392578125,1.1820645119172837,0.5397733047413396,0.6530407433625147,0.9187288060811576,0.5584802715771244,0.6600688138424639,0.1294641168832806,0.0920242650155464,341.1862348178124,6.240408958130476,3.457922786143645,30.146882314090067,0.7108090429297228,0.755127642225428,104.24559128508292,1.169317479234057,67.06156432114338,-0.5131674447361585,0.4527750730282376,0.2572478942714877,-0.0761841088890299,0.0,0.00010821264626546814,0.0,0.0034216177
NVS,Novartis,Healthcare,CH,AA,0,2021-12-31,2021,131795000000.0,63973000000.0,67655000000.0,31025000000.0,12407000000.0,43974000000.0,30914000000.0,25317000000.0,24021000000.0,787000000.0,15071000000.0,181943442990.492,74.73728942871094,-0.0366456506652193,0.1472596195960645,0.1822603285405364,0.355051363535585,0.54625460499386,0.7030063219174967,0.4585766018771709,0.2354034675063545,32.16899618805587,0.4857695406929895,2.060166007534429,1.3805033801774875,0.5133351037596267,0.1920937820099396,2.8440661371280385,0.3336545392465571,3.290005826667733,1.880207898630449,0.0,0.0,0.2354034675063545,0.0,0.00039200053542462796,0.0,0.0012943767
NVS,Novartis,Healthcare,CH,AA,0,2022-12-31,2022,117453000000.0,58030000000.0,59342000000.0,27909000000.0,7517000000.0,43461000000.0,14682000000.0,7977000000.0,6955000000.0,800000000.0,14236000000.0,194145439835.4857,80.7686996459961,0.0805779391953893,0.1850870337447092,0.0592151754318748,0.1172019817330052,0.1600285313269367,0.3378201145854904,0.4703077078628964,0.2376184516359735,9.971249999999989,0.5100863520728081,2.0240048250904703,1.6529628007414514,0.5052403940299524,0.067916528313453,3.3456046843957554,0.3700288626088733,3.207804689516664,2.292704315768861,0.1822603285405364,0.4585766018771709,0.0022149841296189,0.0,0.08008036619330769,0.0,0.0012943767
NVS,Novartis,Healthcare,CH,AA,0,2023-12-31,2023,99945000000.0,53195000000.0,46667000000.0,26348000000.0,13393000000.0,46660000000.0,18255000000.0,9978000000.0,14850000000.0,855000000.0,14458000000.0,213630009078.5801,93.80113983154295,0.1425890829783196,0.1899966689415484,0.1485817199459702,0.3182120127713373,0.3182597513930562,0.3912344620660094,0.564595967171663,0.2636249937465606,11.67017543859648,0.5487323516016396,1.878841996428236,2.137475702422133,0.4669268097453599,0.09983490920006,4.015979116055647,0.4668567712241733,3.766211612912192,2.2154685076792235,0.0592151754318748,0.4703077078628964,0.026006542110587,0.0,0.0016108063145276134,0.0,0.0012487884
NVS,Novartis,Healthcare,CH,AA,0,2024-12-31,2024,102246000000.0,58120000000.0,44046000000.0,31258000000.0,11459000000.0,51722000000.0,20715000000.0,14646000000.0,11941000000.0,1006000000.0,17619000000.0,205500630473.5264,93.83888244628906,0.0001052173152249,0.1666155887077892,0.116786964771238,0.2711029378377151,0.2308688759135377,0.4005065542709098,0.7096671661444853,0.3057136709504528,14.558648111331994,0.5636637020922644,1.759222298692361,2.0098647426161063,0.430784578369814,0.1432427674432251,3.535798872565836,0.5058584198892866,3.616980370035209,2.491804080355222,0.1485817199459702,0.564595967171663,0.0420886772038922,0.0,0.015173671248926188,0.0,0.0011834404
ORCL,Oracle,Technology,US,BBB+,0,2022-05-31,2022,109297000000.0,115065000000.0,-6220000000.0,75882000000.0,21383000000.0,42440000000.0,13526000000.0,10404000000.0,6717000000.0,2755000000.0,9539000000.0,185105529823.3032,69.4579849243164,-0.0717266756210812,0.3075154934161402,0.0614563986202732,-1.079903536977492,0.1582704995287464,0.3187087653157399,-12.19967845659164,0.6942734018317063,3.776406533575316,0.1257083366279223,0.9498718115847564,1.6936011951224936,-0.0569091557865266,0.0951901699040229,1.6087040353131117,0.3882997703505128,1.5993587652778236,5.079498979843912,0.0,0.0,0.6942734018317063,0.0,0.00056432921872403,0.03,0.0043125045
ORCL,Oracle,Technology,US,BBB+,0,2023-05-31,2023,134384000000.0,132828000000.0,1073000000.0,90481000000.0,9765000000.0,49954000000.0,18739000000.0,12631000000.0,8503000000.0,3505000000.0,17165000000.0,277060302238.4644,102.12322235107422,0.4878688980873615,0.2778645607036686,0.0632739016549589,7.924510717614159,0.1702165992713296,0.3751251151058974,84.32525629077345,0.6733018811763305,3.603708987161197,0.1897083365568461,1.0117143975667782,2.0617060233246844,0.0079845814977973,0.0939918442671746,2.085857667347731,0.3717258006905584,1.9429949849782304,4.752284498154542,0.0614563986202732,-12.19967845659164,-0.0209715206553757,0.0,0.05116171221180562,0.01,0.0022601988
ORCL,Oracle,Technology,US,BBB+,0,2024-05-31,2024,140976000000.0,131737000000.0,8704000000.0,93124000000.0,10454000000.0,52961000000.0,21394000000.0,15255000000.0,10467000000.0,3514000000.0,18673000000.0,317792167434.6924,115.35105895996094,0.1205763885605151,0.3237207772712857,0.0742466802860061,1.202550551470588,0.1976359962991635,0.4039576291988444,10.698988970588234,0.6605663375326297,4.341206602162776,0.2005175894506249,1.070132157252708,2.2542288576402534,0.0617410055612302,0.1082099080694586,2.412322790367872,0.375673873567132,2.254249451090545,4.449580070366587,0.0632739016549589,84.32525629077345,-0.0127355436437007,0.0,1.7414107180558017e-08,0.0,0.001259191
ORCL,Oracle,Technology,US,BBB+,0,2025-05-31,2025,168361000000.0,147392000000.0,20451000000.0,104104000000.0,10786000000.0,57399000000.0,23912000000.0,17738000000.0,12443000000.0,3578000000.0,20821000000.0,463902279800.41504,165.26622009277344,0.4315012059046506,0.3502417873203504,0.0739066648451838,0.6084299056280866,0.2167807801529643,0.4165926235648705,5.090411226834874,0.6183379761346155,4.957518166573504,0.2000019211557673,1.1422668801563178,2.7554022594330934,0.1214711245478465,0.1053569413343945,3.147404742458309,0.3409281246844578,2.7228142260203607,4.155540772506697,0.0742466802860061,10.698988970588234,-0.0422283613980142,0.0,0.007239158350864096,0.0,0.0018532022
PEP,PepsiCo,Consumer,US,A+,0,2021-12-31,2021,92377000000.0,76226000000.0,16043000000.0,40780000000.0,5596000000.0,79474000000.0,14899000000.0,11684000000.0,7618000000.0,1863000000.0,11616000000.0,284378006607.05566,152.3181610107422,0.1983467383682675,0.1479563949043418,0.0824664148002208,0.4748488437324689,0.0958552482572916,0.187470116012784,2.541918593779218,0.4414518765493575,6.271604938271602,0.2848455125061304,1.2118830845118465,3.0784503351164862,0.1736687703649176,0.1264816999902573,3.730721887637495,0.8603223746170584,3.724547641605305,3.8784112928542815,0.0,0.0,0.4414518765493575,0.0,0.0002093897665705642,0.0,0.0011076477
PEP,PepsiCo,Consumer,US,A+,0,2022-12-31,2022,92187000000.0,74914000000.0,17149000000.0,39554000000.0,4954000000.0,86392000000.0,14924000000.0,11644000000.0,8910000000.0,939000000.0,10811000000.0,305497646438.59863,163.63023376464844,0.0678345693867807,0.1946404473294911,0.0966513716684565,0.5195638229634381,0.1031345494953236,0.1727474766182054,2.306490174354189,0.4290626661025958,12.400425985090507,0.2733225463922739,1.230571054809515,3.3138907485719096,0.1860240597915107,0.1263084816731209,4.077978033993628,0.9371386421078894,4.023972323775178,3.773200125831191,0.0824664148002208,2.541918593779218,-0.0123892104467617,0.0,0.004278851869105279,0.0,0.0011785525
PEP,PepsiCo,Consumer,US,A+,0,2023-12-31,2023,100495000000.0,81858000000.0,18503000000.0,44661000000.0,9711000000.0,91471000000.0,15754000000.0,12236000000.0,9074000000.0,819000000.0,13442000000.0,295445684936.52344,158.2462158203125,-0.0261656115597822,0.1503134717667257,0.090293049405443,0.4904069610333459,0.0992008396103683,0.1722294497709656,2.4137166945900663,0.4444101696601821,14.940170940170924,0.3009784823447751,1.2276747538420192,2.93990432296655,0.1841186128663117,0.1217573013582765,3.609246316017047,0.910204487785462,3.698493707317577,3.801860789093985,0.0966513716684565,2.306490174354189,0.0153475035575862,0.0,0.0053278528646298635,0.0,0.0011076477
PEP,PepsiCo,Consumer,US,A+,0,2024-12-31,2024,99467000000.0,81296000000.0,18041000000.0,44948000000.0,8505000000.0,91854000000.0,16680000000.0,12865000000.0,9578000000.0,919000000.0,12507000000.0,272375113181.70547,145.89004516601562,-0.0944506433666749,0.1631128141624314,0.0962932429851106,0.5309018347098277,0.1042741742330219,0.1815925272715396,2.491436173161133,0.4518885660570843,13.998911860718158,0.2782548722968764,1.223516532178705,2.7383465187620564,0.1813767380136125,0.1293393788894809,3.3504122365393805,0.9234620527411102,3.57818143061636,3.797701750329255,0.090293049405443,2.4137166945900663,0.0074783963969021,0.0,0.004834724226067125,0.0,0.0011076477
PFE,Pfizer,Healthcare,US,A+,0,2021-12-31,2021,181476000000.0,104014000000.0,77201000000.0,36998000000.0,1944000000.0,81288000000.0,30793000000.0,25602000000.0,21979000000.0,1291000000.0,32580000000.0,450351028575.8972,47.5505256652832,0.6486013898150591,0.2611417935882302,0.1211124336000352,0.284698384735949,0.2703843125676606,0.3788136010235213,0.4792424968588489,0.203872688399568,19.831138652207574,0.8805881398994541,1.744726671409618,2.4816010303064715,0.425406114307126,0.1410765059842623,4.329715505373288,0.4479269986113866,4.0217961087519765,2.50244109413917,0.0,0.0,0.203872688399568,0.0,0.00043369212508318676,0.0,0.0022535352
PFE,Pfizer,Healthcare,US,A+,0,2022-12-31,2022,197205000000.0,101289000000.0,95661000000.0,34859000000.0,416000000.0,101175000000.0,41031000000.0,35967000000.0,31372000000.0,1238000000.0,29267000000.0,410037032695.7703,43.07564163208008,-0.1040797618246652,0.2695991669794549,0.1590831875459547,0.3279497391831572,0.3100765999505807,0.4055448480355819,0.364401375691243,0.1767652949975913,29.05250403877219,0.8395823173355518,1.9469537659568168,2.079242578513579,0.485084049593063,0.1823838137978246,4.048189168574774,0.5130448010953069,4.125925747284668,2.090864836084278,0.1211124336000352,0.4792424968588489,-0.0271073934019766,0.0,0.005628226877135199,0.0,0.0014610306
PFE,Pfizer,Healthcare,US,A+,0,2023-12-31,2023,226501000000.0,137213000000.0,89014000000.0,70845000000.0,2853000000.0,59554000000.0,9557000000.0,3267000000.0,2119000000.0,2209000000.0,8700000000.0,241926836311.3403,25.30086135864257,-0.4128701414057864,0.2301529737541876,0.009355367084472,0.0238052441189026,0.0355811532390771,0.1604762064680794,0.7958860403981396,0.3127800760261544,1.47894975101856,0.1228033029853906,1.6507255143463082,1.0681049368936133,0.39299605741255,0.0144237773784663,1.7631480713295409,0.2629304064882716,1.8400129835299948,3.000905073266785,0.1590831875459547,0.364401375691243,0.1360147810285631,0.0,0.04994674088620644,0.0,0.0013010678
PFE,Pfizer,Healthcare,US,A+,0,2024-12-31,2024,213396000000.0,124899000000.0,88203000000.0,63649000000.0,1043000000.0,63627000000.0,18127000000.0,11114000000.0,8031000000.0,3091000000.0,12744000000.0,236345835532.06885,24.637348175048828,-0.0570136269850557,0.2321272113314579,0.0376342574368779,0.0910513247848712,0.1262200009429959,0.284894777374385,0.7216194460505878,0.2982670715477328,3.5956001294079574,0.2002230985561438,1.708548507193813,1.1075457624888416,0.4133301467693865,0.0520815760370391,1.8922956591491435,0.2981639768318057,2.1014067493667845,2.8135578923691167,0.009355367084472,0.7958860403981396,-0.0145130044784215,0.0,0.009168437797266544,0.0,0.0013013962
PG,P&G,Consumer,US,AA-,0,2022-06-30,2022,117208000000.0,70354000000.0,46589000000.0,32293000000.0,7214000000.0,80187000000.0,21241000000.0,18434000000.0,14742000000.0,439000000.0,16723000000.0,521414947247.31445,130.0546112060547,0.0788628854787609,0.1912890669748459,0.1257763975155279,0.3164266243104595,0.1838452617007744,0.2648933118834723,0.6931464508789629,0.2755187359224626,41.99088838268783,0.5178521661041092,1.6659749267987605,4.448629336285189,0.3974899324278206,0.1572759538598047,7.411304932872537,0.6841427206334039,6.126924247007667,2.6239164562145927,0.0,0.0,0.2755187359224626,0.0,0.0001968247709222765,0.0,0.0013169803
PG,P&G,Consumer,US,AA-,0,2023-06-30,2023,120829000000.0,73764000000.0,46777000000.0,35424000000.0,8246000000.0,82006000000.0,21823000000.0,19109000000.0,14653000000.0,756000000.0,16848000000.0,562192725018.3105,140.2256622314453,0.0662833312564208,0.1775317895938882,0.1212705559095912,0.3132522393483977,0.1786820476550496,0.2661146745360095,0.757295251940056,0.2931746517806156,25.276455026454997,0.4756097560975609,1.6380483704788245,4.652796307329454,0.3871338834220261,0.1581491198305042,7.6215054093909025,0.6786946842231584,6.238050685404796,2.688601246389525,0.1257763975155279,0.6931464508789629,0.0176559158581529,0.0,0.005576222409573978,0.0,0.0013169803
PG,P&G,Consumer,US,AA-,0,2024-06-30,2024,122370000000.0,71812000000.0,50286000000.0,33369000000.0,9482000000.0,84039000000.0,22582000000.0,19686000000.0,14879000000.0,925000000.0,19846000000.0,636592097734.2374,158.7808074951172,0.1091574520754028,0.136537088561396,0.1215902590504208,0.2958875233663445,0.1770487511750496,0.2687085757802925,0.6635842978164896,0.2726893846531013,21.28216216216214,0.5947436243219755,1.7040327521862642,5.20219087794588,0.4109340524638392,0.1608727629320912,8.864703639144397,0.6867614611424369,7.029584625261582,2.5694451254392416,0.1212705559095912,0.757295251940056,-0.0204852671275143,0.0,0.0057851192151837675,0.0,0.0014012667
PG,P&G,Consumer,US,AA-,0,2025-06-30,2025,125231000000.0,72947000000.0,52012000000.0,35463000000.0,9556000000.0,84284000000.0,23921000000.0,21074000000.0,15974000000.0,907000000.0,17817000000.0,652661194446.167,162.78909301757812,0.0391054955621128,0.1698814583209641,0.1275562760019484,0.3071214335153426,0.1895258886621423,0.2838142470694319,0.6818234253633777,0.2831806820994801,23.234840132304274,0.5024109635394637,1.716739550632651,5.2116584108261295,0.4153284729819294,0.1682810166811731,8.947060118252526,0.6730282438054476,7.094985837383149,2.5298288762367145,0.1215902590504208,0.6635842978164896,0.0104912974463788,0.0,0.005040186288050457,0.0,0.0013169803
PNB.NS,PNB,Financial,IN,AA+,0,2022-03-31,2022,13393011300000.0,12412457500000.0,975819100000.0,593716800000.0,1341938800000.0,411535100000.0,0.0,0.0,38607400000.0,468230800000.0,200323300000.0,358091882186.1587,32.521240234375,-0.0824607546785606,0.4060891814343069,0.0028826526861811,0.0395640954353117,0.0938131401185463,0.0,0.608429164790892,0.0443303441400068,0.0,0.3374054768199249,1.078997555480049,0.0267372194471424,0.0728603208152299,0.0,0.0288493944238003,0.0307276004463611,0.1354696220789173,4.625282836877767,0.0,0.0,0.0443303441400068,0.0,0.004679794219287835,0.0,0.0020132305
PNB.NS,PNB,Financial,IN,AA+,0,2023-03-31,2023,14936489400000.0,13903090600000.0,1028805000000.0,701486200000.0,1573284800000.0,470921000000.0,0.0,0.0,33484500000.0,518169900000.0,225921000000.0,486560884991.5156,44.18855667114258,0.3101660497239817,0.3908265862609141,0.0022417918363065,0.0325469841223555,0.0711042828839656,0.0,0.6818456364422801,0.0469645966474558,0.0,0.32206050525299,1.0743287107688129,0.0325753175302032,0.068878634895292,0.0,0.034996598885108,0.0315282250995337,0.135180546304949,4.64734367233575,0.0028826526861811,0.608429164790892,0.002634252507449,0.0,0.005249554899326673,0.0,0.0020132305
PNB.NS,PNB,Financial,IN,AA+,0,2024-03-31,2024,15986359600000.0,14876884600000.0,1103867300000.0,725856200000.0,1314001900000.0,552605200000.0,0.0,0.0,91072000000.0,685341600000.0,-279394400000.0,1315656073096.3696,119.48544311523438,1.6611610102056051,0.3331936932781369,0.005696856712769,0.082502670384384,0.1648048190643157,0.0,0.657557479961586,0.0454047211599068,0.0,-0.3849170124881484,1.0745771060158658,0.0822986662389584,0.06905057359025,0.0,0.0884362625960256,0.0345672944827288,0.1704897403486442,4.635902660415571,0.0022417918363065,0.6818456364422801,-0.001559875487549,0.0,0.0023772641160682323,0.0,0.003381584
PNB.NS,PNB,Financial,IN,AA+,0,2025-03-31,2025,18575436300000.0,17237772400000.0,1331379600000.0,719990700000.0,1507595800000.0,597605500000.0,0.0,0.0,184802900000.0,807038400000.0,220752800000.0,1136587220435.1372,98.89435577392578,-0.1802389764706745,0.3724386692168698,0.0099487784305771,0.1388055667970276,0.3092389544607605,0.0,0.540785437902158,0.038760365483313,0.0,0.306605071426617,1.0776007403369592,0.0611876459900507,0.0716742034209985,0.0,0.0659358526183544,0.0321718149898853,0.1577423706660962,4.610091085720555,0.005696856712769,0.657557479961586,-0.0066443556765938,0.0,0.002776245485378684,0.0,0.0018237766
PTON,Peloton,Consumer,US,CCC+,0,2022-06-30,2022,4028500000.0,3435600000.0,592900000.0,2373300000.0,1253900000.0,3582200000.0,-2622300000.0,-2765100000.0,-2827700000.0,43000000.0,-2020000000.0,3196689386.679352,9.449999809265137,-0.9238026119573076,0.9311690878737016,-0.7019237929750526,-4.769269691347605,-0.7893752442633016,-0.7320361788844842,4.002867262607516,0.5891274667990566,-64.3046511627892,-0.851135549656596,1.172575387123064,0.7935185271637957,0.1471763683753257,-0.6863845103636588,0.9304602941784116,0.8892143477721234,-0.6409667178705126,6.369889537048528,0.0,0.0,0.5891274667990566,0.0,0.9907114685359157,0.01995893223819302,0.010915267
PTON,Peloton,Consumer,US,CCC+,0,2023-06-30,2023,2769100000.0,3064300000.0,-295200000.0,2363700000.0,813900000.0,2800300000.0,-1036600000.0,-1160900000.0,-1261700000.0,97100000.0,-387600000.0,2661486511.029605,7.460000038146973,-0.1873638572821236,0.9668112086171128,-0.4556354050052362,4.274051490514919,-0.4505588686926399,-0.3701746241474126,-8.007113821138239,0.8535986421581017,-11.955715756951474,-0.1639802005330625,0.9036647847795578,0.9611377382649972,-0.1066050341266115,-0.4192336860351737,0.8685463273927501,1.0112671987288284,0.0209977902964713,6.899931385648764,-0.7019237929750526,4.002867262607516,0.2644711753590451,0.0,0.0014701414668359522,0.019797979797979797,0.0374068
PTON,Peloton,Consumer,US,CCC+,0,2024-06-30,2024,2185200000.0,2704400000.0,-519200000.0,2078700000.0,697600000.0,2700400000.0,-330800000.0,-439600000.0,-551900000.0,112500000.0,-66100000.0,1271764632.9997358,3.380000114440918,-0.587301552183629,0.8233599650897832,-0.2525626944902067,1.0629815100154103,-0.2043771293141756,-0.1225003703155087,-4.003659476117111,0.9512630422844588,-3.907555555555521,-0.0317987203540674,0.8080165655968049,0.5819900388979202,-0.2375983891634632,-0.2011715174812373,0.4702575924418486,1.2357678930990292,0.5689383738798994,6.945680029287934,-0.4556354050052362,-8.007113821138239,0.097664400126357,0.0,0.032429482779176566,0.08969593898165326,0.04136395
PTON,Peloton,Consumer,US,CCC+,0,2025-06-30,2025,2125300000.0,2539000000.0,-413700000.0,1976600000.0,1039500000.0,2490800000.0,108600000.0,18900000.0,-118900000.0,134500000.0,333000000.0,3641492213.9035606,8.960000038146973,1.7569230886606069,0.96679240772812,-0.0559450430527454,0.287406333091613,-0.0477356672555002,0.0436004496547293,-4.777858351462424,0.9300334070484164,0.1405204460966532,0.168471112010523,0.837061835368255,1.7134015028012797,-0.1946548722533288,0.0088928621841622,1.4342230066575656,1.1719757210746713,1.8282701235729517,6.141109490424878,-0.2525626944902067,-4.003659476117111,-0.0212296352360423,0.0,0.010099979737984738,0.029872252242799435,0.032650623
QCOM,Qualcomm,Technology,US,A,0,2022-09-30,2022,49014000000.0,31001000000.0,18013000000.0,15482000000.0,2773000000.0,44200000000.0,17250000000.0,15488000000.0,12936000000.0,490000000.0,9096000000.0,119502002204.895,106.60303497314452,-0.0927483751160632,0.4546486233139928,0.2639245929734362,0.718148004219175,0.2926696832579185,0.3902714932126697,0.8594903680675068,0.3158689354062104,31.608163265306057,0.5875209921198811,1.581045772717009,2.438119765881075,0.3675072428285796,0.3159913494103725,3.8547789492240576,0.9017831639939607,4.69843067797692,2.370690006936793,0.0,0.0,0.3158689354062104,0.0,2.4355774841051736e-05,0.0,0.0013169803
QCOM,Qualcomm,Technology,US,A,0,2023-09-30,2023,51040000000.0,29459000000.0,21581000000.0,15398000000.0,8450000000.0,35820000000.0,9946000000.0,8137000000.0,7232000000.0,694000000.0,11299000000.0,117921819305.4199,105.85441589355467,0.0093250840731409,0.3773475981822853,0.141692789968652,0.3351095871368333,0.2018983807928531,0.2776661083193746,0.7134979843380752,0.3016849529780564,11.724783861671453,0.7337965969606441,1.7325774805662106,2.310380472284873,0.4228252351097178,0.1594239811912225,4.002913177820697,0.7018025078369906,4.137039834592105,2.4607954545454542,0.2639245929734362,0.8594903680675068,-0.014183982428154,0.0,0.04507179775892461,0.0,0.0012937654
QCOM,Qualcomm,Technology,US,A,0,2024-09-30,2024,55154000000.0,28880000000.0,26274000000.0,14634000000.0,7849000000.0,38962000000.0,12739000000.0,11033000000.0,10142000000.0,697000000.0,12202000000.0,184245010528.56445,165.53909301757812,0.5632743633491786,0.3687814185562174,0.1838851216593538,0.3860089822638349,0.2603049124788255,0.3269596016631589,0.5569764786480932,0.2653298038220256,15.829268292682904,0.8338116714500478,1.909764542936288,3.3405557263038848,0.4763752402364289,0.2000398883127243,6.379674879797938,0.7064220183486238,5.766008865943092,2.0664684338397943,0.141692789968652,0.7134979843380752,-0.0363551491560308,0.0,0.003252345220878193,0.0,0.0027503425
QCOM,Qualcomm,Technology,US,A,0,2025-09-30,2025,50143000000.0,28937000000.0,21206000000.0,14811000000.0,5520000000.0,44284000000.0,14929000000.0,13327000000.0,5541000000.0,664000000.0,14012000000.0,162383978668.2129,151.1955108642578,-0.0862181346352295,0.3261078455863198,0.1105039586781804,0.2612939734037536,0.1251241983560654,0.3371195014000542,0.6984344053569744,0.2953752268512055,20.07078313253009,0.946053608804267,1.7328333966893597,3.238417698745845,0.4229104760385298,0.2657798695730211,5.611638340816701,0.8831541790479229,5.634703324375149,2.5539357437728096,0.1838851216593538,0.5569764786480932,0.0300454230291799,0.0,0.034914139675439625,0.0,0.0013169803
RCL,Royal Caribbean,Travel,US,B+,0,2021-12-31,2021,32258355000.0,27172799000.0,5085556000.0,21693988000.0,2701770000.0,1532000000.0,-2675000000.0,-3968000000.0,-5260000000.0,1292000000.0,-1878000000.0,21562791501.920105,76.27359008789062,0.035613907945817,0.4784946587679133,-0.1630585316579224,-1.0343018541138862,-3.433420365535246,-1.746083550913837,4.265804564928593,0.6725075720693136,-3.071207430340555,-0.0865677624602724,1.187156133602578,0.6684405172526654,0.1576508163543987,-0.1230068923229346,0.7935432600049817,0.047491572338391,0.3068757633009742,4.700921513201774,0.0,0.0,0.6725075720693136,0.0,0.0036098741480974977,0.0197,0.0127537055
RCL,Royal Caribbean,Travel,US,B+,0,2022-12-31,2022,33776000000.0,30907000000.0,2869000000.0,23994000000.0,1935000000.0,8840000000.0,615000000.0,-792000000.0,-2156000000.0,1364000000.0,481000000.0,13806552407.209051,48.74212265014648,-0.3572172022412335,0.6778907375373133,-0.0638323069635243,-0.7514813523875913,-0.243891402714932,0.0695701357466063,8.363192750087135,0.7103860729512079,-0.5806451612903222,0.0200466783362507,1.0928268676998738,0.4087681314308696,0.0849419706300331,-0.0234486025580293,0.4467127966871275,0.2617243012790147,0.5543019556058341,4.766787067740408,-0.1630585316579224,4.265804564928593,0.0378785008818943,0.0,0.005191041097943182,0.029699999999999997,0.0126459785
RCL,Royal Caribbean,Travel,US,B+,0,2023-12-31,2023,35131000000.0,30232000000.0,4724000000.0,22130000000.0,497000000.0,13900000000.0,4561000000.0,3106000000.0,1697000000.0,1402000000.0,4477000000.0,36349250803.19731,127.6880111694336,1.6583869528708508,0.364838876175496,0.0483049158862543,0.3592294665537679,0.1220863309352517,0.3281294964028776,4.684589331075359,0.6299279838319433,2.215406562054207,0.2023045639403524,1.1620468377877746,1.0346773733510948,0.1344681335572571,0.0884119438672397,1.2023435698332003,0.3956619509834619,1.5701892679139815,4.157837807064985,-0.0638323069635243,8.363192750087135,-0.0804580891192646,0.0,0.0014377027073974732,0.0,0.0022601988
RCL,Royal Caribbean,Travel,US,B+,0,2024-12-31,2024,37070000000.0,29335000000.0,7563000000.0,20820000000.0,388000000.0,16485000000.0,6087000000.0,4487000000.0,2877000000.0,1590000000.0,5265000000.0,68567395044.75609,230.5807647705078,0.9463530435503892,0.3327413499171263,0.0776099271648233,0.3804046013486711,0.1745222929936305,0.3692447679708825,2.752875842919476,0.5616401402751551,2.8220125786163504,0.2528818443804034,1.2636782001022668,1.849673456831834,0.2040194227137847,0.1210412732667925,2.3373920247061903,0.4446992176962503,2.4913939415569217,3.723873752360399,0.0483049158862543,4.684589331075359,-0.0682878435567881,0.0,0.008958639460289656,0.0,0.0022601988
RELIANCE.NS,Reliance Industries,Energy,IN,AAA,0,2022-03-31,2022,14996650000000.0,6106810000000.0,7794850000000.0,2819740000000.0,335090000000.0,6959630000000.0,1263740000000.0,965920000000.0,607050000000.0,144380000000.0,1106540000000.0,16222729361318.582,1198.843017578125,0.3076813942995637,0.2523136537392457,0.0404790403190045,0.0778783427519451,0.0872244645189471,0.1815814921195523,0.3617439719815006,0.1880246588404743,6.690123285773653,0.3924262520657933,2.455725657094293,1.0817568831251367,0.5197727492473319,0.0644090513548025,2.6564981326287507,0.4640789776383392,2.8942550257832367,1.9146209320081484,0.0,0.0,0.1880246588404743,0.0,0.001693569807197864,0.0,0.0014999326
RELIANCE.NS,Reliance Industries,Energy,IN,AAA,0,2023-03-31,2023,16074310000000.0,7785500000000.0,7158720000000.0,3343920000000.0,341560000000.0,8778350000000.0,1533070000000.0,1130040000000.0,667020000000.0,189580000000.0,1150320000000.0,14399823953806.004,1064.116455078125,-0.1194323471188801,0.249895563378471,0.0414960268901122,0.0931758750167627,0.0759846668223527,0.1746421594035325,0.4671114389164543,0.2080288360744566,5.960755353940289,0.3440034450584942,2.064647100378909,0.8958284339300414,0.4453516200695395,0.0703009958125729,1.8495695785506396,0.5461105328937914,2.4222675102891134,2.2972332871519834,0.0404790403190045,0.3617439719815006,0.0200041772339823,0.0,0.0072486928945114165,0.0,0.0012520959
RELIANCE.NS,Reliance Industries,Energy,IN,AAA,0,2024-03-31,2024,17559860000000.0,8301980000000.0,7934810000000.0,3461420000000.0,935400000000.0,9010640000000.0,1769440000000.0,1261120000000.0,696210000000.0,217720000000.0,1587880000000.0,19959119663682.41,1474.933349609375,0.3858260220687901,0.1825405431620141,0.0396478104039553,0.0877412313590369,0.0772653218861257,0.1963722887608427,0.4362322475270359,0.1971211615582356,5.792393900422561,0.4587365878743406,2.115141207278264,1.1366331886292038,0.4518720536496304,0.0718183402373367,2.4041396948297167,0.513138487436688,2.7348692914972856,2.244964937078086,0.0414960268901122,0.4671114389164543,-0.010907674516221,0.0,0.007868289936044028,0.0,0.001880124
RELIANCE.NS,Reliance Industries,Energy,IN,AAA,0,2025-03-31,2025,19501210000000.0,9404930000000.0,8432000000000.0,3695750000000.0,1006450000000.0,9646930000000.0,1812740000000.0,1281380000000.0,696480000000.0,221210000000.0,1787030000000.0,16319070346845.312,1205.8837890625,-0.1818228274462471,0.2221326814743335,0.0357147069335697,0.0825996204933586,0.0721970616558843,0.1879084848754992,0.4383005218216318,0.1895138814463307,5.792595271461507,0.4835364946222011,2.0735093190486267,0.8368234764327604,0.4323834264643065,0.0657077176236756,1.7351612767819975,0.4946836632188464,2.2714760092033424,2.30422676336494,0.0396478104039553,0.4362322475270359,-0.0076072801119048,0.0,0.009775418766151445,0.0,0.0014133138
SAP,SAP,Technology,DE,A,0,2021-12-31,2021,71174000000.0,29651000000.0,38853000000.0,15143000000.0,8898000000.0,26953000000.0,10987000000.0,9450000000.0,5256000000.0,945000000.0,6223000000.0,161316924001.4969,131.31431579589844,0.0944503902608353,0.2291831073674138,0.0738471913901143,0.1352791290247857,0.1950061217675212,0.4076355136719474,0.3897511131701541,0.2127602776294714,9.99999999999999,0.4109489533117612,2.4003912178341373,2.2665147947494435,0.545887543203979,0.1327732036979796,5.440522208407706,0.3786916570657824,4.736221606158513,1.8614522156967437,0.0,0.0,0.2127602776294714,0.0,0.0021907268150021856,0.0,0.0015666382
SAP,SAP,Technology,DE,A,0,2022-12-31,2022,72159000000.0,29311000000.0,40186000000.0,13085000000.0,9008000000.0,29519000000.0,8282000000.0,6713000000.0,2284000000.0,2200000000.0,5647000000.0,122047600858.1424,99.34650421142578,-0.2418791132784663,0.3334207497588162,0.0316523233415097,0.0568357139302244,0.0773738947796334,0.2805650597919983,0.3256109092718857,0.1813356615252428,3.051363636363635,0.4315628582346197,2.4618402647470234,1.691370457713416,0.5569090480743912,0.093030668385094,4.16388389540249,0.4090827201042143,3.882705120705788,1.9360440139137185,0.0738471913901143,0.3897511131701541,-0.0314246161042285,0.0,0.0465906177484456,0.0,0.0017806201
SAP,SAP,Technology,DE,A,0,2023-12-31,2023,68331000000.0,24925000000.0,43157000000.0,8791000000.0,8124000000.0,31207000000.0,8027000000.0,6654000000.0,6139000000.0,1313000000.0,6332000000.0,185880136009.012,151.30606079101562,0.5114422926989945,0.2167177652022408,0.0898420921690009,0.1422480709965938,0.1967186849104367,0.2572179318742589,0.2036981254489422,0.1286531735229983,5.067783701447064,0.720282106700034,2.741464393179539,2.7202900002782338,0.6315874200582459,0.0973789348904596,7.457578174885135,0.45670339962828,6.010505693767773,1.5543164888557173,0.0316523233415097,0.3256109092718857,-0.0526824880022445,0.0,0.003994328737350641,0.0,0.0034216177
SAP,SAP,Technology,DE,A,0,2024-12-31,2024,74122000000.0,28314000000.0,45440000000.0,10651000000.0,9609000000.0,34176000000.0,7075000000.0,5795000000.0,3124000000.0,1031000000.0,5220000000.0,302949582255.5944,246.6003570556641,0.6773352900790812,0.2498529997203382,0.0421467310650009,0.06875,0.0914091760299625,0.2070166198501872,0.2343970070422535,0.1436955289927416,5.620756547041702,0.4900948267768283,2.6178568905841635,4.087174958252535,0.6130433609454683,0.0781819163001538,10.69963912748444,0.4610776827392677,7.874513516155,1.7835190631661315,0.0898420921690009,0.2036981254489422,0.0150423554697433,0.0,0.016554676165172793,0.0,0.0030996068
SBIN.NS,SBI,Financial,IN,AAA,0,2022-03-31,2022,53608835294000.0,50440880615000.0,3055880451000.0,4576896083000.0,5945234169000.0,2360910738000.0,0.0,0.0,353738798000.0,1561943441000.0,576948464000.0,4101852560141.4336,459.611328125,0.3438734655879543,0.295294329936114,0.0065985167568001,0.1157567528154588,0.1498315003216356,0.0,1.497734010341362,0.0853757791584077,0.0,0.1260567103856616,1.0628053007872729,0.0765144875400887,0.0570032986958405,0.0,0.081320002944628,0.0440395827488577,0.1612355429506432,4.684734993843606,0.0,0.0,0.0853757791584077,0.0,0.0023278922762448623,0.0,0.0013320658
SBIN.NS,SBI,Financial,IN,AAA,0,2023-03-31,2023,59544183170000.0,55826503795000.0,3589313181000.0,5220926306000.0,5369031044000.0,2703369068000.0,0.0,0.0,556481728000.0,1899808167000.0,-860136796000.0,4420773893073.377,495.3463439941406,0.0466818626703084,0.248224926639401,0.0093456942118297,0.1550384989935488,0.2058474866000057,0.0,1.4545753024943409,0.0876815505402792,0.0,-0.1647479289281506,1.0665934479553234,0.0742435895115391,0.0602798290263287,0.0,0.0791877261256922,0.045401060591961,0.1652494910989708,4.659784701367665,0.0065985167568001,1.497734010341362,0.0023057713818714,0.0,0.002655621261998194,0.0,0.0013320658
SBIN.NS,SBI,Financial,IN,AAA,0,2024-03-31,2024,67337787997000.0,63032216658000.0,4149391715000.0,5565032351000.0,5975677770000.0,3236135037000.0,0.0,0.0,670846661000.0,2597360481000.0,216324310000.0,6473700731211.844,725.3761596679688,0.4560418463559024,0.2046527862500749,0.0099624101259442,0.1616734950751691,0.2072987231156757,0.0,1.3411682321730378,0.0826435277506877,0.0,0.0388720669271811,1.0683074714373628,0.0961377099512127,0.0616205527152876,0.0,0.1027046338277587,0.0480582319862389,0.1836256755412392,4.650413276434789,0.0093456942118297,1.4545753024943409,-0.0050380227895914,0.0,0.0023341348482319,0.0,0.0025674112
SBIN.NS,SBI,Financial,IN,AAA,0,2025-03-31,2025,73141853408000.0,68091227433000.0,4870367587000.0,6181254399000.0,6208491788000.0,3495234156000.0,0.0,0.0,775613371000.0,3009433353000.0,484862946000.0,6896793188254.597,772.7828369140625,0.0569952814834979,0.3048128937424473,0.0106042345778889,0.1592515055886684,0.2219059829421053,0.0,1.2691556209225403,0.0845104972185995,0.0,0.0784408656725794,1.074174400512455,0.0942933883529433,0.0665879706360749,0.0,0.101287543906311,0.0477870602554036,0.1884651513624801,4.622924923242601,0.0099624101259442,1.3411682321730378,0.0018669694679117,0.0,0.002802053917180914,0.0,0.0013320658
SHEL,Shell,Energy,UK,AA-,0,2021-12-31,2021,404379000000.0,229054000000.0,171965000000.0,89086000000.0,36857000000.0,261504000000.0,56506000000.0,33435000000.0,20101000000.0,3606000000.0,45104000000.0,287752680329.0795,37.44764709472656,0.2842544514255636,0.3049370569656084,0.0497083181866516,0.1168900648387753,0.0768668930494371,0.2160808247674987,0.5180472770621929,0.2203032303853563,9.2720465890183,0.5062972857688076,1.7654308590987278,0.7115915523038524,0.4252569990034102,0.0826823351360975,1.2562656855111871,0.6466804656028132,2.18359998166274,2.683044866325897,0.0,0.0,0.2203032303853563,0.0,0.0013737787391584237,0.0,0.0011351055
SHEL,Shell,Energy,UK,AA-,0,2022-12-31,2022,443024000000.0,250427000000.0,190472000000.0,83795000000.0,40090000000.0,381314000000.0,92554000000.0,70161000000.0,42309000000.0,5346000000.0,68414000000.0,353560411800.99493,50.48336410522461,0.3481051019713801,0.3415585522188336,0.0955004695005236,0.2221271367970095,0.1109558002066538,0.2427238443907121,0.4399334285354278,0.1891432518328578,13.124017957351288,0.816444895280148,1.7690744208891214,0.7980615312059729,0.4299360756979306,0.1583683953916717,1.411830241152092,0.8607073205966268,2.7463444609179155,2.539835313662465,0.0497083181866516,0.5180472770621929,-0.0311599785524984,0.0,0.004498204731905253,0.0,0.0012812793
SHEL,Shell,Energy,UK,AA-,0,2023-12-31,2023,406270000000.0,217908000000.0,186607000000.0,81541000000.0,38314000000.0,316620000000.0,60361000000.0,37255000000.0,19359000000.0,4628000000.0,54191000000.0,395867832371.2435,60.67768478393555,0.2227610663579045,0.2184869839693262,0.0476505772023531,0.103742088989159,0.061142694712905,0.190641778788453,0.436966458921691,0.2007064267605287,8.04991356957649,0.664585913834758,1.86441066872258,0.9743959248067628,0.4593176951288552,0.0917001009181086,1.8166741577695336,0.77933394048293,2.723130002329035,2.538860856080931,0.0955004695005236,0.4399334285354278,0.0115631749276708,0.0,0.014233497448461481,0.0,0.0012399607
SHEL,Shell,Energy,UK,AA-,0,2024-12-31,2024,387609000000.0,207441000000.0,178307000000.0,77078000000.0,37836000000.0,284312000000.0,61652000000.0,34780000000.0,16094000000.0,4858000000.0,54687000000.0,362702077725.5204,59.31320190429688,-0.0241189228516317,0.171363971505614,0.0415212237073958,0.0902600570925426,0.0566068263034975,0.2168462815498466,0.4322769156567044,0.1988550317459089,7.159324825030875,0.7095020628454293,1.8685264725873865,0.9357421466620238,0.4600176982474607,0.0897295986419304,1.74845897255374,0.7335020600656847,2.630706357013252,2.5513416871125285,0.0476505772023531,0.436966458921691,-0.0018513950146198,0.0,0.01009678297557391,0.0,0.0013635422
SIEGY,Siemens,Industrial,DE,A+,0,2021-09-30,2021,139372000000.0,90381000000.0,44160000000.0,48700000000.0,9545000000.0,62265000000.0,11215000000.0,8140000000.0,6161000000.0,644000000.0,9996000000.0,63454570007.32422,74.65243530273438,0.3406074836684072,0.2670042702953299,0.0442054358120712,0.1395153985507246,0.098948044647876,0.1801172408255039,1.102807971014493,0.3494245616049135,12.639751552795012,0.2052566735112936,1.5420497670970668,0.4552892260089847,0.3168498694142295,0.058404844588583,0.7020786449289588,0.446754010848664,1.440957028245439,3.109821197945068,0.0,0.0,0.0,0.0,0.004217519927683714,0.0,0.0011076477
SIEGY,Siemens,Industrial,DE,A+,0,2022-09-30,2022,151502000000.0,96697000000.0,48895000000.0,50636000000.0,10465000000.0,71977000000.0,11404000000.0,7843000000.0,3723000000.0,689000000.0,10241000000.0,38082496070.86182,44.80293655395508,-0.392174451540997,0.371267307820766,0.0245739330173859,0.0761427548829123,0.0517248565513983,0.1584395015074259,1.0356069127722671,0.3342266108698235,11.3831640058055,0.2022474129078126,1.566770427210772,0.251366292661891,0.322735013399163,0.0517682934878747,0.3938332737402589,0.4750894377631978,1.2695067865963354,3.1175562038784967,0.0442054358120712,1.102807971014493,-0.0151979507350899,0.0,0.015688686423877853,0.0,0.0012646237
SIEGY,Siemens,Industrial,DE,A+,0,2023-09-30,2023,145071000000.0,92019000000.0,47782000000.0,46596000000.0,10084000000.0,74882000000.0,16039000000.0,12495000000.0,7949000000.0,1369000000.0,12239000000.0,54298736572.265625,67.87342071533203,0.5025529519441061,0.29935814096644,0.0547938595584231,0.1663597170482608,0.1061536817926871,0.2141903261130845,0.9751789376752752,0.3211944496143268,9.127100073046012,0.2626620310756288,1.576533107293059,0.3742907719135156,0.3293697568776668,0.0861302396757449,0.5900817936759324,0.5161748385273418,1.5496974139160598,3.0071344376202003,0.0245739330173859,1.0356069127722671,-0.0130321612554967,0.0,0.0051690686431621,0.0,0.0021155917
SIEGY,Siemens,Industrial,DE,A+,0,2024-09-30,2024,147812000000.0,91581000000.0,51264000000.0,47919000000.0,9156000000.0,75930000000.0,16170000000.0,13012000000.0,8301000000.0,1785000000.0,11665000000.0,79541387939.45312,99.4267349243164,0.4884244475083854,0.2654998526217029,0.0561591751684572,0.1619264981273408,0.1093243777163176,0.2129593046226787,0.934749531835206,0.324188834465402,7.289635854341733,0.2434316241991694,1.6140029045325996,0.5381253750673364,0.3468189321570644,0.0880307417530376,0.8685359183613754,0.5136930695748654,1.741498786965192,2.9294103320434064,0.0547938595584231,0.9751789376752752,0.0029943848510751,0.0,0.00688355796585245,0.0,0.0019884242
SONY,Sony,Consumer,JP,A,0,2022-03-31,2022,29651955000000.0,23945373000000.0,5653804000000.0,3351608000000.0,2049636000000.0,9921513000000.0,1967336000000.0,1132103000000.0,882178000000.0,14600000000.0,1233643000000.0,130028216545.20192,20.621694564819336,-0.0029250905502643,0.2840854114923418,0.0297510906110575,0.156032646338642,0.0889156724382662,0.1982899180800347,0.5928058347972445,0.1130316028066277,77.541301369863,0.3680749658074572,1.2383166885727777,0.0043851481814673,0.1906722170595497,0.0381797085554729,0.0054302021749755,0.3345989497151199,0.6926567697246258,3.9484860610371215,0.0,0.0,0.1130316028066277,0.0,0.004324641447036318,0.0,0.0012674587
SONY,Sony,Consumer,JP,A,0,2023-03-31,2023,31154095000000.0,24496945000000.0,6598537000000.0,3870572000000.0,1480900000000.0,10974373000000.0,2305484000000.0,1300894000000.0,1005277000000.0,26398000000.0,314691000000.0,111187228321.46948,17.63362693786621,-0.124252259632317,0.305511236850386,0.03226789287251,0.1523484675466698,0.0916022263868742,0.2100788810440469,0.5865803283364176,0.1242395903331488,49.28002121372831,0.0813034869264801,1.2717542942599578,0.003568944253443,0.2118031995472826,0.0417567578194776,0.0045388201802906,0.3522610109521717,0.7469454433213616,3.83477337409416,0.0297510906110575,0.5928058347972445,0.011207987526521,0.0,0.011494710880045124,0.0,0.0012674587
SONY,Sony,Consumer,JP,A,0,2024-03-31,2024,34107490000000.0,26351385000000.0,7587177000000.0,4088433000000.0,1907113000000.0,13020768000000.0,2454639000000.0,1309658000000.0,970573000000.0,40996000000.0,1373213000000.0,107464011150.3945,17.041118621826172,-0.0549755431551931,0.2434583629044369,0.0284563009473872,0.1279228097617862,0.0745403804138127,0.1885172211040086,0.5388608964836329,0.1198690668823768,31.945994731193288,0.3358775843948036,1.2943338651839362,0.0031507452219554,0.2224489987389866,0.0383979589233919,0.0040781162413434,0.3817568516475413,0.7778557843263247,3.777622041375663,0.03226789287251,0.5865803283364176,-0.0043705234507719,0.0,0.011181436146152106,0.0,0.0013485799
SONY,Sony,Consumer,JP,A,0,2025-03-31,2025,35293173000000.0,26783022000000.0,8179745000000.0,4198246000000.0,2980956000000.0,12957064000000.0,2667589000000.0,1514602000000.0,1141600000000.0,40876000000.0,2321675000000.0,130073560083.60736,21.15082359313965,0.2349705616085777,0.2896826143140379,0.0323461990793516,0.1395642529198648,0.0881063796551441,0.2058791250857447,0.5132490071512009,0.1189534871234161,37.053576670907134,0.5530107097106745,1.3177442411091624,0.0036855161785427,0.2317656448741517,0.042914871949881,0.0048565677197893,0.3671266394778389,0.7897784313933021,3.697324408887804,0.0284563009473872,0.5388608964836329,-0.0009155797589606,0.0,0.009663530111294243,0.0,0.0012674587
SUNPHARMA.NS,Sun Pharma,Healthcare,IN,AA+,0,2022-03-31,2022,697998700000.0,187337600000.0,480112200000.0,12903000000.0,45082500000.0,384264200000.0,67524100000.0,46086700000.0,32727300000.0,1273500000.0,89845400000.0,2124747894429.994,885.5570068359375,0.5135443182963308,0.2537528467426,0.0468873366096527,0.0681659412112418,0.0851687458784867,0.1757231092566,0.0268749679762355,0.0184857077814041,36.18900667451901,6.96314035495621,3.725886848128726,3.044057094132115,0.6878411091596589,0.0660269138037076,11.341812291979794,0.5505228018332985,8.398908323565001,1.2013003749147384,0.0,0.0,0.0184857077814041,0.0,0.004580942579164075,0.0,0.0044503333
SUNPHARMA.NS,Sun Pharma,Healthcare,IN,AA+,0,2023-03-31,2023,807435900000.0,214281200000.0,559953800000.0,68858700000.0,46237300000.0,432788700000.0,121108600000.0,95804300000.0,84735800000.0,1720000000.0,49593300000.0,2308207396038.702,962.0196533203124,0.0935768707790725,0.2005563869340232,0.1049443057956674,0.1513264130005011,0.1957902320462618,0.2798330917604826,0.1229721094847467,0.08528070153928,55.70017441860462,0.720218360207207,3.7681135815927855,2.8586880965271697,0.6934962886837209,0.1186525147073594,10.771861442061656,0.5360037868021474,8.222869496993892,1.012090990752331,0.0468873366096527,0.0268749679762355,0.0667949937578759,0.0,0.005238528748669167,0.0,0.0018838763
SUNPHARMA.NS,Sun Pharma,Healthcare,IN,AA+,0,2024-03-31,2024,854996500000.0,183737100000.0,636667500000.0,32736700000.0,92856500000.0,477584500000.0,138831500000.0,113263600000.0,95763800000.0,2384700000.0,121349800000.0,3840091100574.424,1600.4814453125,0.6705502402815047,0.1730666695065033,0.1120049029440471,0.1504141486725802,0.2005169765769199,0.2906951544700467,0.0514188332214224,0.0382886947490428,47.49595336939655,3.706842778899522,4.653368862358228,4.491353006210463,0.7446433991250256,0.132472589069078,20.89992222895879,0.5585806491605522,14.429265609413813,0.738475654578703,0.1049443057956674,0.1229721094847467,-0.0469920067902372,0.0,0.027648749248658,0.0,0.0043287245
SUNPHARMA.NS,Sun Pharma,Healthcare,IN,AA+,0,2025-03-31,2025,921005800000.0,196146300000.0,722180200000.0,23621900000.0,102687700000.0,520412500000.0,165588800000.0,139834900000.0,109290400000.0,2313600000.0,140720900000.0,4478287256938.022,1866.47021484375,0.1599657126323186,0.1841604853558107,0.1186641821365294,0.1513339745398724,0.2100072538611198,0.3181875915739918,0.032709149323119,0.0256479383734608,60.44039591977867,5.95722190001651,4.695504325087957,4.862387681964677,0.7841212292039854,0.1518284683983531,22.831362390919544,0.5650480159842641,15.705844871295335,0.7088557965650162,0.1120049029440471,0.0514188332214224,-0.0126407563755819,0.0,0.027061307180043796,0.0,0.0024138144
SUZLON.NS,Suzlon Energy,Energy,IN,B+,0,2022-03-31,2022,64748600000.0,100366700000.0,-35257300000.0,64652200000.0,4373800000.0,65199500000.0,9628100000.0,7029700000.0,-1995900000.0,7025700000.0,13019000000.0,84362895643.2046,8.401657104492188,0.7941176290896383,0.5443053730240851,-0.0308253769193465,0.056609553198912,-0.0306121979463032,0.1476713778479896,-1.833725214352772,0.998511164720164,1.0005693382865763,0.201369790973857,0.6451203436996533,1.3029300346757244,-0.544526059250702,0.1085691428077209,0.8405466717866046,1.0069638571335906,1.21613876037019,7.842968033285661,0.0,0.0,0.998511164720164,0.0,0.0017855515589826959,0.04997429305912596,0.025474397
SUZLON.NS,Suzlon Energy,Energy,IN,B+,0,2023-03-31,2023,55233800000.0,44242400000.0,10991400000.0,19379200000.0,3673100000.0,58542900000.0,35343600000.0,32746800000.0,28490100000.0,3829700000.0,4910800000.0,98537389145.22627,7.900000095367432,-0.0895598806060962,0.6641542857214883,0.5158091603329845,2.592035591462416,0.4866533772669273,0.6037213735568275,1.7631238968648213,0.3508576270327227,8.550748100373395,0.25340571334214,1.248435889553912,1.784005249416594,0.1989977151671621,0.5928761012278714,2.2272161805242545,1.0599107792692155,4.591528879836338,2.457583943165236,-0.0308253769193465,-1.833725214352772,-0.6476535376874412,0.0,0.00011479014146109444,0.01,0.0015423703
SUZLON.NS,Suzlon Energy,Energy,IN,B+,0,2024-03-31,2024,71790200000.0,32587100000.0,39203100000.0,1502400000.0,2495700000.0,64025700000.0,9547400000.0,7651400000.0,6603500000.0,1056500000.0,795300000.0,549952624940.1138,40.400001525878906,3.987654274474049,0.5431895906038687,0.091983306913757,0.1684433118809482,0.1031382710380362,0.1491182447048607,0.0383234999273016,0.0209276475062055,7.242214860388067,0.5293530351437696,2.203025123438416,7.660552901929703,0.5460787126933759,0.1065800067418672,16.8763905023802,0.8918445693144746,12.024687348222807,1.9936565157918489,0.5158091603329845,1.7631238968648213,-0.3299299795265171,0.0,0.8472480249172994,0.0,0.0041401526
SUZLON.NS,Suzlon Energy,Energy,IN,B+,0,2025-03-31,2025,129595900000.0,68538700000.0,61057200000.0,7401200000.0,9010700000.0,107633700000.0,18115000000.0,15523100000.0,20716300000.0,1056800000.0,10919600000.0,838313697424.7288,61.41999816894531,0.4853688134326062,0.4450681499316267,0.159853050906703,0.33929331839652,0.192470387991865,0.1683023068053964,0.1212174813126052,0.0571098314067034,14.688777441332311,1.475382370426417,1.890842691793104,6.468674529246131,0.47113527511287,0.1197807955344266,12.231245959213243,0.8305332190293057,9.129919749956304,2.1647644717155403,0.091983306913757,0.0383234999273016,0.0361821839004978,0.0,0.0007959707121636325,0.0,0.003310896
T,AT&T,Telecom,US,BBB,0,2021-12-31,2021,551622000000.0,367767000000.0,166332000000.0,195832000000.0,19223000000.0,134038000000.0,53739000000.0,35887000000.0,20081000000.0,6716000000.0,41958000000.0,112107585950.89638,14.71083641052246,-0.0521239849944196,0.1932223977926048,0.0364035517075098,0.1207284226727268,0.1498157238991927,0.400923618675301,1.1773561311112717,0.3550112214523713,5.343508040500297,0.2142550757792393,1.4999225052818768,0.203232622975328,0.3015325712172466,0.0650572312199296,0.3048331850081611,0.242988858312395,1.0024167178037553,3.224294897592917,0.0,0.0,0.3550112214523713,0.0,0.0024002309945270407,0.0,0.0011834404
T,AT&T,Telecom,US,BBB,0,2022-12-31,2022,402853000000.0,296396000000.0,97500000000.0,154679000000.0,3701000000.0,120741000000.0,21035000000.0,3014000000.0,-8524000000.0,6108000000.0,32023000000.0,118498567484.84532,15.548632621765137,0.0646848050528361,0.2744433825095452,-0.021159082841632,-0.087425641025641,-0.0705973944227727,0.174215883585526,1.586451282051282,0.3839589130526519,0.4934512115258676,0.2070287498626187,1.359171513785611,0.2941484052119391,0.2420237654926238,0.0074816372225104,0.3997981331895346,0.2997147843009733,0.8547115856401272,3.742188838112165,0.0364035517075098,1.1773561311112717,0.0289476916002806,0.0,0.036186375262250214,0.00989795918367347,0.0013010678
T,AT&T,Telecom,US,BBB,0,2023-12-31,2023,407060000000.0,287645000000.0,103297000000.0,154899000000.0,6722000000.0,122428000000.0,45329000000.0,26552000000.0,14400000000.0,6704000000.0,38314000000.0,115256104234.3833,15.123987197875977,-0.0444392263733605,0.2702955536167623,0.0353756203016754,0.139403854903821,0.1176201522527526,0.3702502695461822,1.4995498417185398,0.3805311256325849,3.960620525059665,0.2473482720998844,1.4151471431799614,0.2831427903365187,0.2537635729376504,0.0652287132118115,0.4006887108567272,0.3007615584926055,1.0609458261308002,3.427074632732276,-0.021159082841632,1.586451282051282,-0.003427787420067,0.0,0.010414164091684847,0.0,0.001259191
T,AT&T,Telecom,US,BBB,0,2024-12-31,2024,394795000000.0,274570000000.0,104372000000.0,140923000000.0,3298000000.0,122336000000.0,44037000000.0,23457000000.0,10948000000.0,6759000000.0,38771000000.0,164917442849.25656,21.64058303833008,0.3918920394370504,0.2021723501089429,0.0277308476551121,0.1048940328823822,0.0894912372482343,0.3599676301334031,1.35019928716514,0.356952342354893,3.4704837993786057,0.2751218750665257,1.437866482135703,0.4177293097664777,0.2643701161362226,0.0594156460948087,0.6006389731189007,0.3098722121607417,1.1835713675084178,3.394181790549525,0.0353756203016754,1.4995498417185398,-0.0235787832776918,0.0,0.025374835926719606,0.0,0.0016105721
TATAMOTORS.NS,Tata Motors,Auto,IN,AA,0,2022-03-31,2022,3306199300000.0,2817876300000.0,445612400000.0,1476990300000.0,381590100000.0,2752352300000.0,271441400000.0,23084500000.0,-114414700000.0,93118600000.0,142828300000.0,1631477928908.8433,426.0784606933594,0.4094233249081314,0.4596485011621291,-0.0346061110109121,-0.2567583397589474,-0.0415697874142056,0.0986216045089867,3.3145179532706,0.4467335952796312,0.2479042855025741,0.0967022599945307,1.173294690047253,0.4934602487239179,0.1347808645413481,0.0069821864640767,0.5789742895771696,0.8324822705031726,1.3646450970305453,4.36532232040579,0.0,0.0,0.4467335952796312,0.0,0.002681426942009647,0.009974293059125963,0.0018443528
TATAMOTORS.NS,Tata Motors,Auto,IN,AA,0,2023-03-31,2023,3360813800000.0,2834818700000.0,453217900000.0,1366134500000.0,318869500000.0,3428745900000.0,384797700000.0,136194100000.0,24142900000.0,102254800000.0,353880100000.0,1583096007203.0168,413.35748291015625,-0.0461294430051184,0.3140147822164366,0.0071836470083525,0.0532699613144141,0.0070413208514518,0.1122269515510029,3.0142995234742496,0.4064891961583828,1.331909113313018,0.2590375252217113,1.1855480563889325,0.4710454376267489,0.1348536178945706,0.0405241432893426,0.5584470030492662,1.02021299127015,1.650835207428025,4.195907788762353,-0.0346061110109121,3.3145179532706,-0.0402443991212483,0.0,0.005016811322221064,0.0,0.0013206953
TATAMOTORS.NS,Tata Motors,Auto,IN,AA,0,2024-03-31,2024,3706640000000.0,2775700000000.0,849180000000.0,1098120000000.0,400150000000.0,4312120000000.0,632930000000.0,360230000000.0,313990000000.0,75940000000.0,679150000000.0,3749006650875.804,978.2802734375,1.3474229436562777,0.2383095402058107,0.0847101417995812,0.3697567064697708,0.0728156915855774,0.1467793104088012,1.2931533950399208,0.2962575270325686,4.743613378983408,0.6184661057079373,1.3353892711748387,1.0114299340847248,0.2290969719206613,0.0971850516910193,1.350652682521816,1.1633500960438563,2.5693687424421032,3.490096151770876,0.0071836470083525,3.0142995234742496,-0.1102316691258142,0.0,0.0015125256229711968,0.0,0.0021155917
TATAMOTORS.NS,Tata Motors,Auto,IN,AA,0,2025-03-31,2025,3786420000000.0,2558880000000.0,1161440000000.0,740040000000.0,343490000000.0,4368210000000.0,621190000000.0,388630000000.0,278300000000.0,50830000000.0,631020000000.0,2677798335155.5635,727.39599609375,-0.2560422716023488,0.2955807244488109,0.0734995061298007,0.2396163383386141,0.0637103069678426,0.1422069909642622,0.6371745419479267,0.1954458300980874,7.645681684044855,0.8526836387222312,1.4797176889889327,0.7072111216282302,0.3067382910506494,0.1026378478879786,1.0464728065229958,1.1536517343559352,2.488326265560841,3.158524410921134,0.0847101417995812,1.2931533950399208,-0.1008116969344812,0.0,0.011744303021125505,0.0,0.0012502898
TCS.NS,TCS,Technology,IN,AAA,0,2022-03-31,2022,1415140000000.0,516680000000.0,891390000000.0,78180000000.0,124560000000.0,1917540000000.0,570750000000.0,524710000000.0,383270000000.0,7840000000.0,399490000000.0,12380729956765.385,3383.590087890625,0.1944088896825271,0.2087364620089659,0.2708353943779414,0.4299689249374572,0.1998758826413008,0.2976469851997872,0.0877057180358765,0.0552454174145314,66.92729591836734,5.109874648247634,2.738909963613842,8.748766875903009,0.6298952753791144,0.3707831027318852,23.962084765745495,1.3550178780898003,17.71172730700726,1.0130375793207738,0.0,0.0,0.0552454174145314,0.0,3.272111052453454e-05,0.0,0.0022224593
TCS.NS,TCS,Technology,IN,AAA,0,2023-03-31,2023,1436510000000.0,524450000000.0,904240000000.0,76880000000.0,71150000000.0,2254580000000.0,627080000000.0,576860000000.0,421470000000.0,7790000000.0,419650000000.0,10984355196421.326,3001.968017578125,-0.1172235958299791,0.2204430403005185,0.2933985840683323,0.4661041316464655,0.1869394743145064,0.2781360608184229,0.0850216756613288,0.0535185971556062,74.05134788189986,5.458506763787721,2.7390790351797123,7.646556721791931,0.6294700350154193,0.4015704728821936,20.944523207972782,1.5694843753263117,16.21674490263972,0.94523532728627,0.2708353943779414,0.0877057180358765,-0.0017268202589251,0.0,0.0017887568248165038,0.0,0.0023645589
TCS.NS,TCS,Technology,IN,AAA,0,2024-03-31,2024,1464490000000.0,551300000000.0,904890000000.0,80210000000.0,90070000000.0,2408930000000.0,677600000000.0,627750000000.0,459080000000.0,7780000000.0,443380000000.0,13391699939453.96,3701.320068359375,0.2352377884197345,0.1936972336153823,0.3134743152906472,0.507332382941573,0.1905742383547882,0.2812867123577688,0.0886406082507266,0.0547699199038573,80.68766066838046,5.527739683331255,2.656430255759114,9.144275440224217,0.6178874557013022,0.4286475155173473,24.291129946406603,1.6448934441341354,18.375573160026903,0.941802265635136,0.2933985840683323,0.0850216756613288,0.001251322748251,0.0,0.0013425379236333187,0.0,0.0022224593
TCS.NS,TCS,Technology,IN,AAA,0,2025-03-31,2025,1596290000000.0,638580000000.0,947560000000.0,93920000000.0,83310000000.0,2553240000000.0,713690000000.0,661270000000.0,485530000000.0,7960000000.0,489080000000.0,14541098151452.74,4019.001220703125,0.0746153209932547,0.2040538399779017,0.3041615245350155,0.5124002701675884,0.1901623035828986,0.2795232723911579,0.0991177339693528,0.0588364269650251,83.07412060301506,5.207410562180579,2.4997494440790504,9.109308553867242,0.5936014132770361,0.4142543021631408,22.770988993474177,1.599483803068365,17.341438092223676,1.0877158912227731,0.3134743152906472,0.0886406082507266,0.0040665070611678,0.0,0.002170929347051256,0.0,0.0022224593
TGT,Target,Retail,US,A,0,2022-01-31,2022,53811000000.0,40984000000.0,12827000000.0,16467000000.0,5911000000.0,106005000000.0,11970000000.0,9328000000.0,6946000000.0,421000000.0,8625000000.0,90511682018.6962,192.0574188232422,0.2020426370862504,0.2262141910497302,0.1290814145806619,0.5415139939190768,0.0655252110749493,0.1129192019244375,1.2837764091369763,0.3060154986898589,22.15676959619947,0.5237748223720167,1.3129757954323638,1.6820293623737934,0.2383713367155414,0.1733474568396796,2.2084638400033234,1.9699503818921784,4.153120897523765,3.4208990726803066,0.0,0.0,0.3060154986898589,0.0,0.00011189347394343758,0.0,0.0012326456
TGT,Target,Retail,US,A,0,2023-01-31,2023,53335000000.0,42103000000.0,11232000000.0,19073000000.0,2229000000.0,109120000000.0,6596000000.0,3896000000.0,2780000000.0,478000000.0,4018000000.0,69964060887.8546,151.9811553955078,-0.2185764590619123,0.463905576551045,0.0521233711446517,0.2475071225071224,0.0254765395894428,0.0604472140762463,1.698094729344729,0.3576075747632886,8.150627615062744,0.2106642898337964,1.2667743391207278,1.3117851483613874,0.2105934189556576,0.0730477172588356,1.6617357643838824,2.0459360644979845,3.536747092829261,3.790662791787757,0.1290814145806619,1.2837764091369763,0.0515920760734296,0.0,0.017011913699765867,0.0,0.0011076477
TGT,Target,Retail,US,A,0,2024-01-31,2024,55356000000.0,41924000000.0,13432000000.0,19646000000.0,3805000000.0,107412000000.0,8600000000.0,5799000000.0,4138000000.0,502000000.0,8621000000.0,60343296405.86615,130.70501708984375,-0.1572781664107936,0.306246070355805,0.0747525110195823,0.3080702799285288,0.0385245596395188,0.0800655420250996,1.4626265634306133,0.3549028108967411,11.551792828685237,0.4388170619973531,1.320389275832459,1.0900949563889395,0.2426475901437965,0.1047582917840884,1.4393496900550078,1.940385866030783,3.440875151123835,3.56250451622227,0.0521233711446517,1.698094729344729,-0.0027047638665475,0.0,0.003440992471834092,0.0,0.0011785525
TGT,Target,Retail,US,A,0,2025-01-31,2025,57769000000.0,43103000000.0,14666000000.0,19875000000.0,4762000000.0,106566000000.0,8653000000.0,5672000000.0,4091000000.0,411000000.0,7367000000.0,58924729606.72989,129.34371948242188,-0.0371381318139583,0.3827600294224314,0.0708165278955841,0.278944497477158,0.0383893549537375,0.0811985060901225,1.3551752352379651,0.3440426526337655,13.800486618004832,0.3706666666666666,1.340254738649282,1.0200060518051184,0.253873184579965,0.0981841472069795,1.367067944382755,1.8446917897142063,3.29358806362285,3.5181844934134223,0.0747525110195823,1.4626265634306133,-0.0108601582629755,0.0,0.0060373466138087615,0.0,0.0011785525
TITAN.NS,Titan,Consumer,IN,AA+,0,2022-03-31,2022,211940000000.0,118610000000.0,93030000000.0,72760000000.0,2190000000.0,287360000000.0,35210000000.0,31220000000.0,21730000000.0,2180000000.0,-7240000000.0,2222393837208.926,2503.298583984375,0.6303164600888513,0.2993503833900487,0.1025290176465037,0.2335805654090078,0.0756194320712694,0.1225292316258351,0.7821132967859831,0.3433047088798717,14.321100917431188,-0.0995052226498075,1.7868645139532924,10.485957521982286,0.4389449844295555,0.1473058412758328,18.736985390851743,1.355855430782297,13.61088992281906,2.4906105501557043,0.0,0.0,0.3433047088798717,0.0,0.00012048677291896182,0.0,0.0023346415
TITAN.NS,Titan,Consumer,IN,AA+,0,2023-03-31,2023,270230000000.0,151190000000.0,118510000000.0,93670000000.0,2320000000.0,404470000000.0,51880000000.0,47470000000.0,32500000000.0,3000000000.0,13700000000.0,2217083867187.5,2491.10546875,0.0011689957292506,0.2594262162283477,0.120267919920068,0.2742384608893764,0.0803520656661804,0.1282666205157366,0.7903974348156274,0.346630647966547,15.823333333333329,0.1462581402797053,1.7873536609564125,8.204432769076343,0.4385523442993006,0.1756651741109425,14.664222945879358,1.4967620175406136,11.401253672793498,2.436628057580579,0.1025290176465037,0.7821132967859831,0.0033259390866753,0.0,0.0027617972651306603,0.0,0.0013007071
TITAN.NS,Titan,Consumer,IN,AA+,0,2024-03-31,2024,315500000000.0,221570000000.0,93930000000.0,155280000000.0,4090000000.0,509360000000.0,58260000000.0,52420000000.0,34960000000.0,6190000000.0,16950000000.0,3354083639052.832,3778.031005859375,0.5031597816268842,0.1745223547168718,0.1108082408874801,0.3721920579154689,0.068635149992147,0.1143788283335951,1.653145959757266,0.4921711568938193,8.46849757673667,0.1091576506955177,1.4239292322967911,10.6310099494543,0.2977179080824089,0.1661489698890649,15.137805835866011,1.6144532488114105,11.60268984066382,3.1789857369255152,0.120267919920068,0.7903974348156274,0.1455405089272723,0.0,0.001730394529691035,0.0,0.0022125978
TITAN.NS,Titan,Consumer,IN,AA+,0,2025-03-31,2025,406470000000.0,290230000000.0,116240000000.0,207770000000.0,4070000000.0,602980000000.0,61810000000.0,54880000000.0,33370000000.0,9530000000.0,-5410000000.0,2883153612425.742,3247.57666015625,-0.1258269258661063,0.2415769287090152,0.0820970797352818,0.2870784583620096,0.0553418023815051,0.1025075458555839,1.7874225739848588,0.5111570349595296,5.758656873032527,-0.0260384078548394,1.4005099403921029,7.093152292729457,0.2859743646517578,0.1350161143503825,9.93403029468264,1.4834551135385146,8.23259570528647,3.323836937535365,0.1108082408874801,1.653145959757266,0.0189858780657102,0.0,0.006390081895861491,0.0,0.0012326456
TM,Toyota,Auto,JP,A+,0,2022-03-31,2022,67688771000000.0,40533951000000.0,26245969000000.0,26496357000000.0,6113655000000.0,31379507000000.0,5844870000000.0,4022990000000.0,2850110000000.0,32458000000.0,3722615000000.0,2700752294116.619,165.53811645507812,0.1847850647291973,0.2496291476052119,0.0421060976273302,0.1085922946872336,0.0908271121021754,0.186263920589957,1.0095400554652794,0.3914439072915063,123.94448209994454,0.1404953518704477,1.6699277847353198,0.0398995616882543,0.3877448003894176,0.0594336392959476,0.0666293866619767,0.4635851196057319,1.1649875217468462,2.8678231578469644,0.0,0.0,0.3914439072915063,0.0,0.0005495148096917012,0.0,0.0011076477
TM,Toyota,Auto,JP,A+,0,2023-03-31,2023,74303180000000.0,45038967000000.0,28338706000000.0,29380272000000.0,7516966000000.0,37154298000000.0,5755993000000.0,3716089000000.0,2451318000000.0,47356000000.0,2955076000000.0,2153397609232.696,131.98892211914062,-0.2010308426106613,0.2346597712769691,0.0329907549044334,0.086500703313694,0.0659767007305588,0.1549213229651116,1.0367541834831835,0.3954106944009664,78.47134470816792,0.100580280536545,1.6497532014888352,0.0289812308064432,0.3813929094286408,0.0500125162879973,0.0478118783060165,0.5000364452773085,1.1514363673256789,2.9317840905328683,0.0421060976273302,1.0095400554652794,0.0039667871094601,0.0,0.008907109301792147,0.0,0.0011447793
TM,Toyota,Auto,JP,A+,0,2024-03-31,2024,90114296000000.0,54874958000000.0,34220991000000.0,36561781000000.0,9412060000000.0,45095325000000.0,9116884000000.0,7029818000000.0,4944933000000.0,64733000000.0,4206373000000.0,3969594580122.044,243.3096923828125,0.8081837110941923,0.2502245957279827,0.0548740124430423,0.1444999941702448,0.1096551139170191,0.2021691605504561,1.0684021687156868,0.4057267561630843,108.59712974835092,0.1150483615664127,1.6421752158789806,0.0440506640602512,0.3797509664837197,0.0780100196310694,0.0723389087627555,0.5004236508711115,1.2569612206917578,2.880120053315403,0.0329907549044334,1.0367541834831835,0.0103160617621178,0.0,0.00422858274714665,0.0,0.0019884242
TM,Toyota,Auto,JP,A+,0,2025-03-31,2025,93601350000000.0,56722436000000.0,35924826000000.0,38792879000000.0,8982404000000.0,48036704000000.0,8749929000000.0,6498696000000.0,4765086000000.0,84106000000.0,3696934000000.0,3030785412165.1216,191.8827362060547,-0.1803268035075773,0.2658350850976638,0.0509083042071508,0.1326404754194216,0.0991967725346018,0.1821509027763437,1.079834847355976,0.414447857856751,77.26792381042969,0.0952992944916514,1.6501644957561414,0.032379719012227,0.3838067079160717,0.0694295114333286,0.0534318626965372,0.5132052475738865,1.2349498024210797,2.8772760435613374,0.0548740124430423,1.0684021687156868,0.0087211016936666,0.0,0.008166874447768398,0.0,0.0011076477
TMUS,T-Mobile,Telecom,US,BBB-,0,2021-12-31,2021,206563000000.0,137461000000.0,69102000000.0,108817000000.0,6631000000.0,80118000000.0,23076000000.0,6693000000.0,3024000000.0,3342000000.0,13917000000.0,140785796341.9392,112.56099700927734,-0.1360029276214809,0.2389281448880337,0.0146396014775153,0.0437613961969262,0.0377443271175016,0.288025162884745,1.5747301091140633,0.5267981197019795,2.0026929982046675,0.1278936195631197,1.5027025847331243,0.6815634762369795,0.3345323218582224,0.032401737000334,1.0241871974010026,0.3878622986691711,1.5107391354407418,3.2834195862763416,0.0,0.0,0.5267981197019795,0.0,0.001210180561138041,0.0,0.0013900773
TMUS,T-Mobile,Telecom,US,BBB-,0,2022-12-31,2022,211338000000.0,141682000000.0,69656000000.0,111792000000.0,4507000000.0,79571000000.0,20161000000.0,6510000000.0,2590000000.0,3364000000.0,16781000000.0,169998591477.09796,135.2548065185547,0.2071046295640617,0.294797496623304,0.0122552498840719,0.0371827265418628,0.0325495469454952,0.2533712030764977,1.6049155851613643,0.528972546347557,1.9351961950059449,0.1501091312437383,1.4916361993760676,0.8043919762517766,0.3295952455308558,0.0308037361950997,1.199860190264804,0.376510613330305,1.5935933515700436,3.315258022693505,0.0146396014775153,1.5747301091140633,0.0021744266455774,0.0,0.017442778925078808,0.0,0.0013900773
TMUS,T-Mobile,Telecom,US,BBB-,0,2023-12-31,2023,207682000000.0,142967000000.0,64715000000.0,113826000000.0,5135000000.0,78558000000.0,27152000000.0,14334000000.0,8317000000.0,3335000000.0,18559000000.0,196472436556.46588,155.57192993164062,0.1581553096647987,0.1884511911870468,0.0400468023227819,0.1285173452831646,0.1058708215585936,0.3456299803966496,1.7588812485513403,0.5480783120347454,4.298050974512742,0.1630471069878586,1.452656906838641,0.9460253491225328,0.311606205641317,0.0690189809420171,1.374250257447284,0.3782609951753161,1.8045012335219237,3.321828564825069,0.0122552498840719,1.6049155851613643,0.0191057656871884,0.0,0.01122522960429172,0.0,0.0011834404
TMUS,T-Mobile,Telecom,US,BBB-,0,2024-12-31,2024,208035000000.0,146294000000.0,61741000000.0,114404000000.0,5409000000.0,81400000000.0,31042000000.0,18123000000.0,11339000000.0,3411000000.0,22293000000.0,276166565237.5628,217.2701873779297,0.3829612678121949,0.1737948127089881,0.0545052515201768,0.1836542977923907,0.1392997542997543,0.3813513513513513,1.852966424256167,0.5499266950272791,5.3131046613896205,0.1948620677598685,1.4220337129342284,1.327500493847491,0.2967817915254644,0.087115148893215,1.8877504561879692,0.3912803134088014,2.1675487282997503,3.352575287812147,0.0400468023227819,1.7588812485513403,0.0018483829925336,0.0,0.01429482980714476,0.0,0.0013894492
TSLA,Tesla,Auto,US,BBB,0,2021-12-31,2021,62131000000.0,30548000000.0,30189000000.0,8873000000.0,17576000000.0,53823000000.0,9625000000.0,6714000000.0,5524000000.0,371000000.0,11497000000.0,1105661216217.041,356.7799987792969,0.516771326908152,0.5484686682567682,0.0889089182533678,0.1829805558315942,0.1026327034910725,0.1788268955650929,0.2939150021531021,0.1428111570713492,18.097035040431216,1.2957286148991318,2.033881105146,17.79564494724117,0.4858927105631649,0.1080619980364069,36.19422601208069,0.8662825320693374,23.52249398551369,2.191627367980557,0.0,0.0,0.1428111570713492,0.0,0.0006840639385720164,0.0,0.0026565276
TSLA,Tesla,Auto,US,BBB,0,2022-12-31,2022,82338000000.0,36440000000.0,44704000000.0,5748000000.0,16253000000.0,81462000000.0,17657000000.0,13910000000.0,12583000000.0,191000000.0,14724000000.0,389741520965.5762,123.18000030517578,-0.6503151169866452,0.6667583163955574,0.1528212975782749,0.2814736936292054,0.1544646583683189,0.2167513687363433,0.128579098067287,0.0698098083509436,72.82722513088967,2.561586638830897,2.259549945115258,4.733434391964538,0.5429327892346183,0.168937792999587,10.695431420570149,0.9893609269110252,8.615633843233292,1.754366149287085,0.0889089182533678,0.2939150021531021,-0.0730013487204055,0.0,0.004581166393263742,0.0,0.0022984182
TSLA,Tesla,Auto,US,BBB,0,2023-12-31,2023,106618000000.0,43009000000.0,62634000000.0,9573000000.0,16398000000.0,96773000000.0,14796000000.0,10129000000.0,14999000000.0,156000000.0,13256000000.0,791408786392.2118,248.47999572753903,1.2986123888523884,0.5264877423242792,0.140679810163387,0.2394705750870134,0.1549915782294648,0.1528938856912568,0.1528403103745569,0.0897878407023204,64.92948717948676,1.3847278804972316,2.478969518007859,7.422844045022527,0.5874617794368681,0.0950027199909959,18.401004124537,0.9076609953291188,12.966726581345846,1.5949276857566264,0.1528212975782749,0.128579098067287,0.0199780323513767,0.0,0.0033707545160467445,0.0,0.003163792
TSLA,Tesla,Auto,US,BBB,0,2024-12-31,2024,122070000000.0,48390000000.0,72913000000.0,13623000000.0,16139000000.0,97690000000.0,14708000000.0,9340000000.0,7130000000.0,350000000.0,14923000000.0,1342390571777.3438,417.4100036621094,0.6802592655130666,0.6365042721562959,0.0584091095273203,0.0977877744709448,0.0729859760466782,0.1505578871941857,0.1868391096237982,0.1115999016957483,26.68571428571421,1.0954268516479482,2.522628642281463,10.996891716042793,0.5973048251003522,0.0765134758744982,27.7410740189573,0.8002785287130335,18.41418320059368,1.8068321454902925,0.140679810163387,0.1528403103745569,0.0218120609934279,0.0,0.025438940793970213,0.0,0.0034240491
UAL,United Airlines,Travel,US,B+,0,2021-12-31,2021,68175000000.0,63146000000.0,5029000000.0,39366000000.0,18283000000.0,24634000000.0,1505000000.0,-980000000.0,-1964000000.0,1577000000.0,2067000000.0,14289772053.117275,44.130001068115234,0.0203468455055546,0.4510909748345638,-0.0288082141547488,-0.390534897593955,-0.0797272063002354,0.061094422343103,7.827798767150526,0.5774257425742574,-0.6214331008243497,0.0525072397500381,1.0796408323567606,0.2096042838741074,0.0737660432709937,-0.0143747708104143,0.2262973435073841,0.3613348001466813,0.5381957145019369,4.717594426109278,0.0,0.0,0.5774257425742574,0.0,0.0012309691156479816,0.009974293059125963,0.0021019303
UAL,United Airlines,Travel,US,B+,0,2022-12-31,2022,67358000000.0,60462000000.0,6896000000.0,36433000000.0,7166000000.0,44955000000.0,5119000000.0,2663000000.0,737000000.0,1673000000.0,6066000000.0,12325273351.12804,37.70000076293945,-0.1388761577406119,0.5445591897835619,0.0109415362688915,0.1068735498839907,0.0163941719497275,0.1138694249805361,5.283207656612528,0.5408860120549898,1.5917513448894194,0.1664974061976779,1.114055108994079,0.1829815812691594,0.1023783366489503,0.0395350218236883,0.2038515654647223,0.6674040203093916,1.0430345355851371,4.455283707948573,-0.0288082141547488,7.827798767150526,-0.0365397305192676,0.0,0.0036229970110954997,0.0,0.0011785525
UAL,United Airlines,Travel,US,B+,0,2023-12-31,2023,71104000000.0,61780000000.0,9324000000.0,36739000000.0,6058000000.0,53717000000.0,7832000000.0,5161000000.0,2618000000.0,1774000000.0,6911000000.0,13534052620.571438,41.2599983215332,0.1088416913923162,0.3638180752428551,0.036819306930693,0.2807807807807807,0.0487368989332985,0.145801143027347,3.9402616902616896,0.5166938568856886,2.909244644870348,0.1881107270203326,1.1509226286824217,0.1903416491417,0.1311318631863186,0.0725838208820882,0.2190685111779125,0.7554708595859586,1.2837968110271796,4.233882763276328,0.0109415362688915,5.283207656612528,-0.0241921551693011,0.0,0.004510803926715403,0.0,0.0011785525
UAL,United Airlines,Travel,US,B+,0,2024-12-31,2024,74083000000.0,61408000000.0,12675000000.0,33633000000.0,8769000000.0,57063000000.0,8498000000.0,5570000000.0,3149000000.0,1402000000.0,9445000000.0,32203036209.7088,98.20999908447266,1.4118368403815298,0.4481146908709936,0.0425063779814532,0.2484418145956607,0.0551846205071587,0.1489231200602842,2.6534911242603547,0.4539907941093098,3.972895863052779,0.2808253798352808,1.206406331422616,0.4346886088537019,0.1710918834280469,0.0751859400942186,0.5244110899183949,0.7702576839490841,1.538328200324699,4.017021448915405,0.036819306930693,3.9402616902616896,-0.0627030627763787,0.0,0.006322053792731733,0.0,0.0021155917
UL,Unilever,Consumer,UK,A+,0,2021-12-31,2021,75095000000.0,55349000000.0,17107000000.0,29672000000.0,3415000000.0,52444000000.0,10817000000.0,9054000000.0,6049000000.0,498000000.0,7972000000.0,122372379436.25992,46.54280471801758,-0.0796652073667715,0.1678647524669226,0.0805513016845329,0.3535979423627754,0.1153420791701624,0.2062581038822362,1.734494651312328,0.3951261735135495,18.180722891566223,0.2686708007549204,1.356754412907189,1.6295676068481246,0.2278047806112257,0.1205672814435049,2.2109230417218,0.6983687329382782,2.696160323468395,3.4436114255276653,0.0,0.0,0.3951261735135495,0.0,0.00028577984037361374,0.0,0.0011076477
UL,Unilever,Consumer,UK,A+,0,2022-12-31,2022,77821000000.0,56120000000.0,19021000000.0,28439000000.0,4326000000.0,60073000000.0,13072000000.0,11126000000.0,7642000000.0,789000000.0,7282000000.0,119390709640.16426,45.40876388549805,-0.0281743380030672,0.302266127011947,0.0981997147299572,0.4017664686399242,0.1272118921978259,0.2176019176668386,1.4951369538930657,0.3654412048161807,14.101394169835215,0.2560568233763494,1.3866892373485389,1.534170849001738,0.244419886662983,0.1429691214453682,2.1274182045645804,0.7719381657907248,2.813491053294768,3.3111113966667096,0.0805513016845329,1.734494651312328,-0.0296849686973688,0.0,0.006290249665424222,0.0,0.0011785525
UL,Unilever,Consumer,UK,A+,0,2023-12-31,2023,75266000000.0,54502000000.0,18102000000.0,28593000000.0,4159000000.0,59604000000.0,11992000000.0,10414000000.0,6487000000.0,1075000000.0,9426000000.0,114082363569.25598,45.33198928833008,-0.004064363030354,0.1397553635252715,0.0861876544522095,0.358358192464921,0.1088349775182873,0.2011945507012952,1.5795492210805435,0.3798926474105173,9.687441860465109,0.3296611058650718,1.380976844886426,1.515722418744931,0.2405070018334971,0.1383626072861584,2.0931775635619974,0.7919113543964074,2.7930228987781254,3.36206255148407,0.0981997147299572,1.4951369538930657,0.0144514425943366,0.0,0.006551364212714361,0.0,0.0011076477
UL,Unilever,Consumer,UK,A+,0,2024-12-31,2024,79750000000.0,57195000000.0,19990000000.0,30655000000.0,6136000000.0,60761000000.0,11744000000.0,9987000000.0,5744000000.0,1118000000.0,9519000000.0,138344571981.34772,54.86603927612305,0.2100663791454153,0.1620055864658592,0.0720250783699059,0.2873436718359179,0.0945343230032422,0.1932818748868517,1.5335167583791895,0.3843887147335423,8.932915921288007,0.310520306638395,1.3943526532039514,1.734728175314705,0.2506583072100313,0.1252288401253918,2.418822833837708,0.7618934169278997,2.927232258296355,3.3698181818181814,0.0861876544522095,1.5795492210805435,0.0044960673230249,0.0,0.007152385771912823,0.0,0.0011076477
ULTRACEMCO.NS,UltraTech Cement,Materials,IN,AAA,0,2022-03-31,2022,838277900000.0,333955800000.0,504352700000.0,102987000000.0,1205400000.0,517078500000.0,119648400000.0,92500900000.0,73443100000.0,8856900000.0,92832400000.0,1863458694641.381,6455.30615234375,-0.0383153072317662,0.2609409765226895,0.0876118766819452,0.145618532427803,0.1420347200666823,0.2313931056889814,0.2041963887573121,0.1228554397056155,10.44393636599713,0.9013992057249944,2.510146252887358,2.2229605416549583,0.6016533419287327,0.1103463421855687,5.579956073951646,0.6168342264540196,5.050934810351863,1.7290801773493014,0.0,0.0,0.1228554397056155,0.0,0.0011396941145947815,0.0,0.0016778159
ULTRACEMCO.NS,UltraTech Cement,Materials,IN,AAA,0,2023-03-31,2023,913869600000.0,370067900000.0,543245400000.0,110577400000.0,3703700000.0,623376000000.0,110661900000.0,81782000000.0,50639600000.0,7619500000.0,90685100000.0,2163770970876.333,7495.2314453125,0.1492163998391571,0.2349279018041651,0.055412282014852,0.0932168040447282,0.0812344395677729,0.1775203087703087,0.2035496296885348,0.120999100965827,10.733250213268583,0.8201051932854272,2.4694646577020056,2.367702099814167,0.5944452031230714,0.0894897915413752,5.846956655457912,0.6821279534848298,5.198952502593801,1.8584934874734864,0.0876118766819452,0.2041963887573121,-0.0018563387397884,0.0,0.01226069004299033,0.0,0.001844956
ULTRACEMCO.NS,UltraTech Cement,Materials,IN,AAA,0,2024-03-31,2024,1008020100000.0,405185900000.0,602274800000.0,114029500000.0,5535800000.0,698095300000.0,135273000000.0,103820000000.0,70050000000.0,9597800000.0,108975400000.0,2780337017818.623,9630.6298828125,0.2818149382700805,0.1893828956057841,0.0694926619022775,0.1163090336836274,0.1003444658630419,0.1937744030077269,0.1893313484143783,0.1131222482567559,10.817062243430785,0.9556772589549196,2.487796589170551,2.7582158508730363,0.5974829271757577,0.1029939779970657,6.861879985998089,0.6925410515127625,5.866528683112842,1.801332632156839,0.055412282014852,0.2035496296885348,-0.007876852709071,0.0,0.005468088629912127,0.0,0.0017851543
ULTRACEMCO.NS,UltraTech Cement,Materials,IN,AAA,0,2025-03-31,2025,1336971600000.0,598038000000.0,707067700000.0,241021800000.0,4672100000.0,749364500000.0,131690300000.0,91540800000.0,60391100000.0,16259500000.0,106734300000.0,3305469314009.7754,11217.2470703125,0.1407309104317868,0.2386838113933848,0.0451700694315421,0.0854106332392216,0.0805897530507516,0.1757359736149764,0.3408751382646952,0.1802744351488094,5.629988622036348,0.4428408550595838,2.235596400228748,2.472355668594438,0.5288576810457305,0.0684687692692948,5.527189432794865,0.560493955144597,4.737383770665065,2.101029445950834,0.0694926619022775,0.1893313484143783,0.0671521868920534,0.0,0.0075595338005494655,0.0,0.0015374713
V,Visa,Financial,US,AA-,0,2022-09-30,2022,85501000000.0,49920000000.0,35581000000.0,22450000000.0,15689000000.0,29310000000.0,19535000000.0,18674000000.0,14957000000.0,538000000.0,18849000000.0,366468477986.7554,175.64337158203125,-0.1859208204212518,0.3166798707452284,0.1749336265072923,0.4203648014389702,0.5103036506311839,0.6664960764244285,0.6309547230263343,0.2625700284207202,34.71003717472113,0.8395991091314031,1.7127604166666666,4.286130898898906,0.4161471795651513,0.2184068022596227,7.341115344285965,0.3428030081519514,5.9675912776584665,2.3944632226523668,0.0,0.0,0.2625700284207202,0.0,0.00043151765637683187,0.0,0.0013169803
V,Visa,Financial,US,AA-,0,2023-09-30,2023,90499000000.0,51766000000.0,38733000000.0,20463000000.0,16286000000.0,32653000000.0,22624000000.0,21681000000.0,17273000000.0,644000000.0,20755000000.0,459531369298.6527,226.1738739013672,0.3051566545724018,0.1992920271709635,0.1908639874473751,0.4459504815015619,0.5289866168499066,0.6928612991149359,0.5283091937107892,0.2261129957237096,33.66614906832293,1.0142696574304844,1.7482324305528725,5.077750796126506,0.4279936794881711,0.2395717079746737,8.877088616054026,0.3608106166918971,6.991242838026541,2.287439640217019,0.1749336265072923,0.6309547230263343,-0.0364570326970105,0.0,0.01629705493349861,0.0,0.0014012667
V,Visa,Financial,US,AA-,0,2024-09-30,2024,94511000000.0,55374000000.0,39137000000.0,20836000000.0,11975000000.0,35926000000.0,25591000000.0,24557000000.0,19743000000.0,641000000.0,19950000000.0,540107438058.9688,272.7109375,0.1991887399455529,0.1599092802578637,0.2088963189470009,0.504458696374275,0.5495462895952792,0.7123253354116795,0.5323862329764673,0.2204611103469437,38.310452418096666,0.9574774428873104,1.7067757431285442,5.71475741510479,0.4140999460380273,0.2598321888457428,9.753809333964837,0.3801250648072711,7.586776823622755,2.3028113129688608,0.1908639874473751,0.5283091937107892,-0.0056518853767659,0.0,0.012920034984152527,0.0,0.0014012667
V,Visa,Financial,US,AA-,0,2025-09-30,2025,99627000000.0,61718000000.0,37909000000.0,25171000000.0,17164000000.0,40000000000.0,26003000000.0,24783000000.0,20058000000.0,589000000.0,23059000000.0,605276970643.2693,313.0862731933594,0.148970561916693,0.175537944970361,0.2013309644975759,0.5291091825160252,0.50145,0.650075,0.6639848057189586,0.2526523934274845,42.07640067911708,0.9160939176035916,1.6142292362033763,6.075431064302541,0.3805092996878356,0.2487578668433256,9.807138446535358,0.4014975859957642,7.5632927741253555,2.4934606080680943,0.2088963189470009,0.5323862329764673,0.0321912830805407,0.0,0.013683792857262272,0.0,0.0013169803
VEDL.NS,Vedanta,Materials,IN,AA-,0,2022-03-31,2022,1983820000000.0,1156780000000.0,653830000000.0,535580000000.0,86710000000.0,1311920000000.0,463810000000.0,374620000000.0,188020000000.0,44980000000.0,349630000000.0,835920958762.86,224.87925720214844,0.9949494409407028,0.4513311880037605,0.0947767438578096,0.2875671045990548,0.1433166656503445,0.3535352765412525,0.8191425905816496,0.2699740903912653,8.328590484659848,0.6528063034467306,1.714950120161137,0.4213693574834712,0.3295813128207196,0.1888376969684749,0.7226274302485002,0.6613099978828725,2.113548431412804,2.6312064602635323,0.0,0.0,0.2699740903912653,0.0,0.0008021334962463013,0.0,0.0021243577
VEDL.NS,Vedanta,Materials,IN,AA-,0,2023-03-31,2023,1953770000000.0,1459500000000.0,394230000000.0,666180000000.0,69260000000.0,1454040000000.0,367190000000.0,261220000000.0,105740000000.0,58460000000.0,330650000000.0,735086206114.425,197.75271606445312,-0.1259363362187051,0.4217967304290026,0.0541210070786223,0.2682190599396291,0.0727215207284531,0.2525308794806195,1.689825736245339,0.3409715575528337,4.468354430379747,0.4963373262481612,1.3386570743405275,0.3762398880699494,0.2017791244619377,0.1337004867512552,0.5036561878139261,0.7442227078929454,1.7297629762147686,3.572723503790108,0.0947767438578096,0.8191425905816496,0.0709974671615684,0.0,0.022229747168657825,0.0,0.0011076477
VEDL.NS,Vedanta,Materials,IN,AA-,0,2024-03-31,2024,1908070000000.0,1487380000000.0,307220000000.0,727700000000.0,28120000000.0,1417930000000.0,395420000000.0,287980000000.0,42390000000.0,84330000000.0,356540000000.0,871799948059.2166,234.5309600830078,0.1525938011892016,0.2801333328319559,0.0222161660735717,0.1379792982227719,0.0298956930172857,0.2788713124061131,2.368660894473016,0.3813801380452499,3.4149175856753238,0.4899546516421602,1.282839624036897,0.456901449139296,0.1610108643812858,0.1509273768782068,0.5861312832357679,0.7431226317692747,1.7860747826663608,3.830954839183049,0.0541210070786223,1.689825736245339,0.0404085804924161,0.0,0.024528835638564374,0.0,0.0011834404
VEDL.NS,Vedanta,Materials,IN,AA-,0,2025-03-31,2025,2032930000000.0,1495400000000.0,382990000000.0,751850000000.0,39930000000.0,1507250000000.0,468920000000.0,357530000000.0,149880000000.0,88760000000.0,395620000000.0,1632314093341.9836,417.4302062988281,0.6817273567119944,0.3709436400164809,0.0737260997673309,0.3913418104911355,0.099439376347653,0.3111096367556809,1.963106086320792,0.3698356559251917,4.028053177106805,0.5261953847176963,1.3594556640363782,0.8029366940042124,0.1883931074852552,0.1758693117815173,1.0915568365266708,0.7414175598766313,2.202792119653947,3.456764374572661,0.0222161660735717,2.368660894473016,-0.0115444821200581,0.0,0.005804037552237365,0.0,0.0022601988
VZ,Verizon,Telecom,US,BBB+,0,2021-12-31,2021,366596000000.0,283396000000.0,81790000000.0,177930000000.0,2921000000.0,133613000000.0,49111000000.0,32905000000.0,22065000000.0,3485000000.0,39539000000.0,173711878865.5138,40.47875213623047,-0.0703288375367257,0.1428957965342135,0.0601888727645691,0.2697762562660472,0.1651411165081242,0.367561539670541,2.175449321432938,0.4853571779288372,9.44189383070301,0.2222166020345079,1.293582125365213,0.4738509936429033,0.2231066350969459,0.0897582079455313,0.6129651754630051,0.3644693340898428,1.2961784877042344,3.684669227160144,0.0,0.0,0.4853571779288372,0.0,0.0006541693654430005,0.0,0.0011834404
VZ,Verizon,Telecom,US,BBB+,0,2022-12-31,2022,379680000000.0,287217000000.0,91144000000.0,176331000000.0,2605000000.0,136835000000.0,48983000000.0,31884000000.0,21256000000.0,3613000000.0,37141000000.0,138160838684.02615,32.19456481933594,-0.2002162926842582,0.2262898005156169,0.0559839865149599,0.2332133766347757,0.1553403734424672,0.3579712792779625,1.9346418853682088,0.4644200379266751,8.824799335732076,0.2106322767976135,1.3219273232434012,0.3638875860830861,0.2400547829751369,0.0839759797724399,0.4810329426323169,0.360395596291614,1.21420183469022,3.614404235145386,0.0601888727645691,2.175449321432938,-0.0209371400021621,0.0,0.021770637428091263,0.0,0.001259191
VZ,Verizon,Telecom,US,BBB+,0,2023-12-31,2023,380255000000.0,286456000000.0,92430000000.0,174942000000.0,2065000000.0,133974000000.0,40135000000.0,22511000000.0,11614000000.0,5524000000.0,37475000000.0,141909442250.8799,33.06807327270508,0.0086993747611661,0.2296680263257855,0.0305426621609183,0.1256518446391864,0.0866884619403765,0.299573051487602,1.89269717624148,0.4600649564108295,4.075126719768283,0.2142138537343805,1.3274464490183484,0.3731954668600805,0.2430737268411986,0.0591997475378364,0.4953969972731585,0.3523267281166585,1.1366125655648522,3.675002301087428,0.0559839865149599,1.9346418853682088,-0.0043550815158455,0.0,0.025714782155698286,0.0,0.001259191
VZ,Verizon,Telecom,US,BBB+,0,2024-12-31,2024,384711000000.0,284136000000.0,99237000000.0,168357000000.0,4194000000.0,134788000000.0,47520000000.0,29628000000.0,17506000000.0,6649000000.0,36912000000.0,158994175500.95502,37.049198150634766,0.0863882354217668,0.2103917202597388,0.0455042876340941,0.1764059776091578,0.1298780306852242,0.3525536397898923,1.6965144049094592,0.4376194078152171,4.456008422319145,0.2192483829006219,1.353967818227891,0.4132821143688509,0.2579520731146237,0.0770136544055147,0.5595706827046028,0.3503617000813597,1.2497916569798686,3.556337094598283,0.0305426621609183,1.89269717624148,-0.0224455485956124,0.0,0.016272395888301962,0.0,0.001259191
WEN,Wendy's,Consumer,US,B+,0,2021-12-31,2021,5101391000.0,4664986000.0,436405000.0,3856409000.0,249438000.0,1896998000.0,475303000.0,349763000.0,200392000.0,109185000.0,345772000.0,9303436573.287964,19.776704788208008,0.1107107262160016,0.3793213424208047,0.0392818350916446,0.4591881394576128,0.1056363791632884,0.25055535113901,8.836766306527172,0.755952445127221,3.203397902642275,0.0896616515520008,1.0935490481643455,1.8237058428354076,0.0855462755158347,0.0685622803662765,1.994311788564416,0.3718589694457844,1.8973570984121488,4.454423117145892,0.0,0.0,0.755952445127221,0.0,0.00021582019520914472,0.0,0.0011076477
WEN,Wendy's,Consumer,US,B+,0,2022-12-31,2022,5499344000.0,5033624000.0,465720000.0,4281810000.0,745889000.0,2095505000.0,501632000.0,365824000.0,177370000.0,122319000.0,259904000.0,9038300866.470337,19.21309471130371,-0.0276840680146588,0.3054860726339253,0.0322529378049454,0.3808511552005488,0.0846430812620346,0.239384778370846,9.19395774284976,0.7786037752866523,2.990737334347052,0.0606995639694428,1.0925218093365732,1.643523457792481,0.0846864644219383,0.0665213887329106,1.7955852217945432,0.3810463575291888,1.779541830730846,4.479808864475471,0.0392818350916446,8.836766306527172,0.0226513301594312,0.0,0.005398337692248035,0.0,0.0011076477
WEN,Wendy's,Consumer,US,B+,0,2023-12-31,2023,5182826000.0,4873047000.0,309779000.0,4139774000.0,516037000.0,2181578000.0,552046000.0,403479000.0,204440000.0,124061000.0,345416000.0,8166101528.686523,17.359024047851562,-0.0706272508966825,0.2130481749248607,0.0394456614981865,0.6599543545559877,0.0937119827941058,0.2530489398041233,13.363636657100663,0.7987484048277907,3.2522629996533703,0.0834383712734076,1.0635698773272655,1.575607888184269,0.0597702874840868,0.0778492274292056,1.675769088352015,0.4209244145954349,1.7550126631039265,4.582811578085005,0.0322529378049454,9.19395774284976,0.0201446295411384,0.0,0.003612535695380132,0.0,0.0011834404
WEN,Wendy's,Consumer,US,B+,0,2024-12-31,2024,5034843000.0,4775491000.0,259352000.0,4092566000.0,450512000.0,2246492000.0,554229000.0,396294000.0,194357000.0,123881000.0,355307000.0,7213687365.486144,15.334437370300291,-0.1106953781091991,0.2518776804832214,0.0386023953477794,0.7493946451155158,0.0865157765974683,0.2467086461914842,15.779966994663562,0.8128487819779086,3.1989893526852127,0.0868176591409887,1.054308970533082,1.4327531892228105,0.0515114373973528,0.0787102994075485,1.5105645399574918,0.4461890867302117,1.6740855236264405,4.626635626969897,0.0394456614981865,13.363636657100663,0.0141003771501178,0.0,0.002070448725313927,0.01,0.0011076477
WIPRO.NS,Wipro,Technology,IN,A-,0,2022-03-31,2022,1079182000000.0,420509000000.0,658158000000.0,175929000000.0,103836000000.0,790934000000.0,187511000000.0,156600000000.0,122191000000.0,5325000000.0,110797000000.0,3088562055927.0527,280.9438781738281,0.4237841420906096,0.2846350338068543,0.1132255727022874,0.185656027883882,0.1544895022846407,0.2370754070503986,0.2673051151851075,0.1630206953044065,29.40845070422535,0.6297824690642247,2.5663707554416195,2.8619473415300223,0.609867473697671,0.1451099073186914,7.344817960916538,0.7329014012464997,6.350495840385309,1.608599846921094,0.0,0.0,0.1630206953044065,0.0,0.000515092754615363,0.0,0.0022819324
WIPRO.NS,Wipro,Technology,IN,A-,0,2023-03-31,2023,1175822000000.0,394069000000.0,781164000000.0,174666000000.0,91880000000.0,904876000000.0,188883000000.0,155481000000.0,113500000000.0,7824000000.0,130601000000.0,1923392909310.8647,175.23886108398438,-0.3865106700401903,0.2339498226322378,0.0965282160054838,0.1452959941830396,0.1254315508423253,0.2087390979537527,0.2235970935680599,0.148547994509373,19.87231595092024,0.7477185027423768,2.983797253780429,1.6357857816156398,0.6643556592749583,0.132231749363424,4.880853122957819,0.7695688633143452,4.931672301118286,1.3861324248057956,0.1132255727022874,0.2673051151851075,-0.0144727007950334,0.0,0.014575567218368016,0.0,0.0017129635
WIPRO.NS,Wipro,Technology,IN,A-,0,2024-03-31,2024,1152459000000.0,401236000000.0,749883000000.0,164649000000.0,96953000000.0,897603000000.0,189541000000.0,155470000000.0,110452000000.0,8260000000.0,176216000000.0,2412264130822.2466,230.8325653076172,0.3075795628241107,0.231358681963074,0.0958402858583255,0.147292310933839,0.1230521733995987,0.2111635099258803,0.2195662523353643,0.1428675553750719,18.822033898305083,1.07025247648027,2.872272178966992,2.0931452926501044,0.650680848516086,0.1349028468691727,6.012082990614617,0.7788589442227446,5.6121051514790885,1.4532612440008714,0.0965282160054838,0.2235970935680599,-0.005680439134301,0.0,0.008161327689690696,0.0,0.0017129635
WIPRO.NS,Wipro,Technology,IN,A-,0,2025-03-31,2025,1286520000000.0,456073000000.0,828309000000.0,192035000000.0,121974000000.0,890884000000.0,213783000000.0,184204000000.0,131354000000.0,9247000000.0,169426000000.0,3058267361190.504,292.0385437011719,0.2525002509707366,0.275459635613562,0.102100239405528,0.1585809160591035,0.1474423157223611,0.2399672684659282,0.2318398085738534,0.1492670148928893,19.92040661836271,0.8822662535475304,2.8208642037568548,2.377162703409589,0.6438368622330006,0.1431800516121008,6.705653176553981,0.6924758262599882,5.96096613719191,1.4662057332960234,0.0958402858583255,0.2195662523353643,0.0063994595178174,0.0,0.007822715670520081,0.0,0.0016099588
WMT,Walmart,Retail,US,AA,0,2022-01-31,2022,244860000000.0,152969000000.0,83253000000.0,57323000000.0,14760000000.0,572754000000.0,31348000000.0,20690000000.0,13673000000.0,1994000000.0,24181000000.0,361124442260.7422,43.5982666015625,0.0031371998987823,0.1670576640126269,0.0558400718778077,0.1642343218862983,0.0238723780191845,0.0547320490123159,0.6885397523212377,0.2341052029731275,10.37612838515546,0.421837656786979,1.6007164850394524,1.474820069675497,0.3400024503798088,0.0844972637425467,2.360768797996602,2.339108061749571,4.442413251353708,2.9560810258923467,0.0,0.0,0.2341052029731275,0.0,0.0004568423247262321,0.0,0.0012326456
WMT,Walmart,Retail,US,AA,0,2023-01-31,2023,243197000000.0,159206000000.0,76693000000.0,58923000000.0,8625000000.0,611289000000.0,30089000000.0,19144000000.0,11680000000.0,2128000000.0,28841000000.0,370773680877.6856,45.77452850341797,0.0327194143557207,0.2672787264038146,0.0480269082266639,0.152295515888021,0.0191071653505952,0.0492222173145598,0.7682969762559816,0.2422850610821679,8.996240601503755,0.4894693074011846,1.5275617753099755,1.5245816390732023,0.3153533966290702,0.0787180762920595,2.3288926351876538,2.5135548547062667,4.54908416353754,3.129109322894608,0.0558400718778077,0.6885397523212377,0.0081798581090404,0.0,0.004428034445595243,0.0,0.0012326456
WMT,Walmart,Retail,US,AA,0,2024-01-31,2024,252399000000.0,161828000000.0,83861000000.0,61321000000.0,9867000000.0,648125000000.0,36384000000.0,24531000000.0,15511000000.0,2683000000.0,35726000000.0,436010588745.84735,54.13590621948242,0.1685252807971073,0.151991752004794,0.0614542846841707,0.1849608280368705,0.0239321118611378,0.056137319189971,0.731221902910769,0.2429526265951925,9.14312336936265,0.5826062849594755,1.55967446918951,1.727465595132498,0.3322556745470465,0.09719135178824,2.6942839851314195,2.567858826698997,4.903867488135496,3.021434316300778,0.0480269082266639,0.7682969762559816,0.0006675655130245,0.0,0.0025554919237148438,0.0,0.0012326456
WMT,Walmart,Retail,US,AA,0,2025-01-31,2025,260823000000.0,163131000000.0,91013000000.0,60114000000.0,9037000000.0,680985000000.0,42010000000.0,29037000000.0,19436000000.0,2728000000.0,36443000000.0,721310719055.1758,89.89415740966797,0.6336922871290205,0.1810618821140975,0.0745179681239767,0.2135519101666795,0.0285410104481009,0.0616900519101008,0.6604990495863229,0.2304781403480521,10.64406158357771,0.6062314934956915,1.5988561340272542,2.7655180680199822,0.3489454534301039,0.1113283721144224,4.421665526816949,2.610908547175671,6.05002603535956,2.9036818072025854,0.0614542846841707,0.731221902910769,-0.0124744862471403,0.0,0.0023163404740796215,0.0,0.0023540682
XOM,Exxon Mobil,Energy,US,AA-,0,2021-12-31,2021,338923000000.0,163240000000.0,168577000000.0,47704000000.0,6802000000.0,276692000000.0,52788000000.0,32181000000.0,23040000000.0,947000000.0,48129000000.0,422917423770.9045,52.73942184448242,0.5654545707771053,0.2951523015297621,0.067980042664558,0.1366734489283828,0.0832694837581137,0.1907825307562199,0.2829804777638705,0.1407517341697081,33.982048574445585,1.0089091061546205,2.0762251899044357,1.2478274527574242,0.4973902626850346,0.0949507705289992,2.5907707900692505,0.8163860227839361,3.281054354793225,2.204276487579775,0.0,0.0,0.1407517341697081,0.0,0.0010614083529876198,0.0,0.002587748
XOM,Exxon Mobil,Energy,US,AA-,0,2022-12-31,2022,369067000000.0,166594000000.0,195049000000.0,41193000000.0,29640000000.0,398675000000.0,102591000000.0,78551000000.0,55740000000.0,798000000.0,76797000000.0,797800871131.897,99.48882293701172,0.874090760083108,0.3508704760680466,0.151029487870766,0.2857743438828192,0.1398131309964256,0.2573299053113438,0.211193084814585,0.1116138804065386,98.43483709273173,1.864321608040201,2.2153679004045763,2.16166948313422,0.5284921166075537,0.2128366936084776,4.788893184219702,1.080223915982735,5.290111455351596,1.8038730095077589,0.067980042664558,0.2829804777638705,-0.0291378537631695,0.0,0.0016150201850898922,0.0,0.003272432
XOM,Exxon Mobil,Energy,US,AA-,0,2023-12-31,2023,376317000000.0,163779000000.0,204802000000.0,41573000000.0,31539000000.0,334697000000.0,74273000000.0,53632000000.0,36010000000.0,849000000.0,55369000000.0,747846389739.9902,93.25930786132812,-0.0292598677522972,0.2488637077028723,0.0956906012749889,0.1758283610511616,0.107589849923961,0.2219111614385548,0.2029911817267409,0.1104733509248851,63.17078916372196,1.3318499987972965,2.297712160899749,1.9872777199541616,0.5442273402477167,0.142518142948631,4.566192184223803,0.889401754371979,4.752499744934003,1.8890058115896973,0.151029487870766,0.211193084814585,-0.0011405294816535,0.0,0.01652555115207652,0.0,0.0016778159
XOM,Exxon Mobil,Energy,US,AA-,0,2024-12-31,2024,453475000000.0,182869000000.0,263705000000.0,41710000000.0,23029000000.0,339247000000.0,73311000000.0,49869000000.0,33680000000.0,996000000.0,55022000000.0,818075021172.549,102.01588439941406,0.0684606474452691,0.1910245599400529,0.0742709079883124,0.1277184732940217,0.099278696642859,0.2160991843700902,0.1581691663032555,0.0919786096256684,50.06927710843369,1.3191560776792135,2.4797806079762017,1.804013498368265,0.5815204807321241,0.1099707811897017,4.473557689780931,0.7481051877170737,4.4929679563901965,1.7934946799713327,0.0956906012749889,0.2029911817267409,-0.0184947412992166,0.0,0.011591407917354435,0.0,0.0017851543
YESBANK.NS,Yes Bank,Financial,IN,BBB,0,2022-03-31,2022,3185777353000.0,2848787667000.0,336989686000.0,652801826000.0,639516141000.0,91172932000.0,0.0,0.0,10640534000.0,125284351000.0,235977447000.0,308175926445.153,12.300000190734863,-0.2165604878876375,0.3842851761659486,0.0033400118153203,0.0315752512378079,0.1167071604102849,0.0,1.9371566938698528,0.2049113147801324,0.0,0.3614840486061998,1.1182923142723644,0.0967349228454236,0.1057794216795036,0.0,0.1081779207397674,0.0286187394464788,0.2204607979057437,4.461082856156521,0.0,0.0,0.2049113147801324,0.0,0.0017804462586458844,0.0,0.0013010678
YESBANK.NS,Yes Bank,Financial,IN,BBB,0,2023-03-31,2023,3552041341000.0,3144859584000.0,407181757000.0,710169839000.0,502655747000.0,93697163000.0,0.0,0.0,7358186000.0,147997602000.0,-258162578000.0,432759374261.23816,15.050000190734863,0.1897233711129102,0.4588286904886439,0.0020715372636762,0.0180710109760639,0.078531577311471,0.0,1.744110159139571,0.1999328754434111,0.0,-0.3635223066689544,1.1294753378089135,0.1218339914195379,0.1146331694679451,0.0,0.1376084886151909,0.0263783987867724,0.2465032953174211,4.420619540869246,0.0033400118153203,1.9371566938698528,-0.0049784393367212,0.0,0.004946286953546545,0.0,0.0014685818
YESBANK.NS,Yes Bank,Financial,IN,BBB,0,2024-03-31,2024,4063615459000.0,3642063603000.0,421551856000.0,788626097000.0,634057001000.0,139782765000.0,0.0,0.0,12852015000.0,195272521000.0,96445510000.0,667414886807.3523,23.200000762939453,0.5114006636081989,0.4398390631518218,0.0031627045249903,0.0304873880095074,0.091942772773167,0.0,1.870768888276464,0.1940700602596068,0.0,0.122295610514142,1.1157453306561598,0.1642416447966742,0.1037381268609845,0.0,0.1832518482811768,0.0343986202460206,0.2688354814479082,4.471821252120106,0.0020715372636762,1.744110159139571,-0.0058628151838042,0.0,0.004107998564602182,0.0,0.0026356082
YESBANK.NS,Yes Bank,Financial,IN,BBB,0,2025-03-31,2025,4241159328000.0,3762802626000.0,478324161000.0,708674469000.0,655842846000.0,168299614000.0,0.0,0.0,24464926000.0,219983652000.0,63863986000.0,612659442097.4299,19.540000915527344,-0.200817983402869,0.3335973420482736,0.0057684524697017,0.0511471675377067,0.1453653126025589,0.0,1.4815778227017051,0.1670945168980928,0.0,0.090117520517026,1.127127768726076,0.144455653446611,0.1127814646910619,0.0,0.162819978349146,0.0396824549572781,0.2727121995960401,4.418748955804379,0.0031627045249903,1.870768888276464,-0.026975543361514,0.0,0.003958374991490603,0.0,0.0014500701
