Date,Open,High,Low,Close,Volume,Dividends,Stock Splits
2015-01-02 00:00:00-05:00,41.80394753019646,42.41720776642987,41.80394753019646,42.09141159057617,5086100,0.0,0.0
2015-01-05 00:00:00-05:00,41.84230333952693,42.22559063964033,40.80742567971575,41.299312591552734,8007400,0.0,0.0
2015-01-06 00:00:00-05:00,41.91895315224061,42.00199717156187,40.69242968628854,41.09488296508789,5483700,0.0,0.0
2015-01-07 00:00:00-05:00,41.248194036347314,42.832453911847814,41.19070315164206,42.755794525146484,8283300,0.0,0.0
2015-01-08 00:00:00-05:00,43.54153626178393,43.624580273220474,43.06881070011507,43.20296096801758,7949000,0.0,0.0
2015-01-09 00:00:00-05:00,42.602475137981955,42.92826652353595,41.59314860834787,42.02115249633789,8779900,0.0,0.0
2015-01-12 00:00:00-05:00,42.37889289738607,42.75579546474919,41.72091565346317,42.008384704589844,6159800,0.0,0.0
2015-01-13 00:00:00-05:00,42.298008056147665,42.523270350776926,40.48946486507105,40.798397064208984,13908400,0.49,0.0
2015-01-14 00:00:00-05:00,40.30281788034122,41.23605195367092,39.81367584162232,40.99791717529297,9448300,0.0,0.0
2015-01-15 00:00:00-05:00,41.19099204936773,41.261789459780495,40.46371290854724,40.476585388183594,6149100,0.0,0.0
2015-01-16 00:00:00-05:00,40.515197401874815,41.59002598342799,40.31567767698973,41.538536071777344,8106000,0.0,0.0
2015-01-20 00:00:00-05:00,41.87323004598058,42.021262382863995,40.3864937593778,40.83702087402344,9065300,0.0,0.0
2015-01-21 00:00:00-05:00,40.61174752485944,40.837012262265795,40.08398807348131,40.354305267333984,7979500,0.0,0.0
2015-01-22 00:00:00-05:00,40.67611021936709,40.83701255215321,39.826546098670335,40.534515380859375,8941700,0.0,0.0
2015-01-23 00:00:00-05:00,40.9721775067155,40.9721775067155,40.129048242983615,40.180538177490234,6881100,0.0,0.0
2015-01-26 00:00:00-05:00,40.07110968692001,40.57312655718406,39.6978176092102,40.43796920776367,8181100,0.0,0.0
2015-01-27 00:00:00-05:00,40.116166949996334,40.86918861689472,40.032497057505005,40.61174392700195,6532300,0.0,0.0
2015-01-28 00:00:00-05:00,40.83057072864583,40.90780560787054,39.70425451928439,39.80723190307617,6910100,0.0,0.0
2015-01-29 00:00:00-05:00,39.98100922707758,40.79195832400216,39.63989708203967,40.62461853027344,8485600,0.0,0.0
2015-01-30 00:00:00-05:00,39.96170886012754,40.34143851493839,38.69379752106543,38.841827392578125,17582500,0.0,0.0
2015-02-02 00:00:00-05:00,39.57554493449504,39.57554493449504,37.74769405492555,39.06709289550781,11491100,0.0,0.0
2015-02-03 00:00:00-05:00,39.646337768731456,39.74931517377329,38.603691235786,39.67852020263672,10721800,0.0,0.0
2015-02-04 00:00:00-05:00,37.94077126633817,37.94077126633817,36.460470268260366,36.6278076171875,31250600,0.0,0.0
2015-02-05 00:00:00-05:00,37.039713029089874,37.496675021938145,36.13866152342526,37.32290267944336,18964700,0.0,0.0
2015-02-06 00:00:00-05:00,37.14269034506662,37.21992522511452,36.48620859570656,36.621368408203125,13890900,0.0,0.0
2015-02-09 00:00:00-05:00,35.82972429120092,36.26737875956359,35.51435714660609,35.70743942260742,22522000,0.0,0.0
2015-02-10 00:00:00-05:00,35.99706866959362,36.69216544316265,35.784676420197044,36.614933013916016,18917000,0.0,0.0
2015-02-11 00:00:00-05:00,36.91743323137665,37.2199304158143,36.209461463250754,36.48621368408203,14681600,0.0,0.0
2015-02-12 00:00:00-05:00,36.943179337056144,37.05902922169135,36.145102626810825,36.71791458129883,11940900,0.0,0.0
2015-02-13 00:00:00-05:00,36.910995633725115,37.39370265136847,36.621373387278986,37.36152267456055,11303200,0.0,0.0
2015-02-17 00:00:00-05:00,37.94078120532414,37.97296118987369,37.26499170908182,37.79275131225586,12789700,0.0,0.0
2015-02-18 00:00:00-05:00,38.0694859612489,38.28187572501692,37.52885412369264,38.127410888671875,10781700,0.0,0.0
2015-02-19 00:00:00-05:00,37.92147148604173,38.02445136552077,37.74769907735951,37.97296142578125,8665500,0.0,0.0
2015-02-20 00:00:00-05:00,38.36555943547467,39.47900348146393,38.11455214458131,39.4532585144043,15534000,0.0,0.0
2015-02-23 00:00:00-05:00,39.607715480391704,39.83941521284937,38.77102391165257,38.98341369628906,11582700,0.0,0.0
2015-02-24 00:00:00-05:00,39.16362974557712,39.453254457276714,38.951239927114045,39.1765022277832,7900700,0.0,0.0
2015-02-25 00:00:00-05:00,39.32452664708066,39.32452664708066,38.751714771660744,39.015594482421875,9983900,0.0,0.0
2015-02-26 00:00:00-05:00,38.84181805870277,39.1378801857581,38.790330594328694,38.95123291015625,7328200,0.0,0.0
2015-02-27 00:00:00-05:00,38.95768106443046,39.25374329135891,38.854703645769575,38.93837356567383,8649100,0.0,0.0
2015-03-02 00:00:00-05:00,38.93836932478595,39.09927167736771,38.65518206810508,38.91262435913086,6150900,0.0,0.0
2015-03-03 00:00:00-05:00,38.84182861382603,38.906191030752,38.256144123263105,38.37199401855469,7421000,0.0,0.0
2015-03-04 00:00:00-05:00,38.17890346833471,38.88687271605622,37.992256182147806,38.79033279418945,8536000,0.0,0.0
2015-03-05 00:00:00-05:00,36.82089295225957,38.281886575655406,36.46047326184738,36.59563064575195,47051800,0.0,0.0
2015-03-06 00:00:00-05:00,36.653561768758486,36.943186536790506,35.681710042159416,35.81043243408203,22853000,0.0,0.0
2015-03-09 00:00:00-04:00,35.99706664000487,36.06142658488587,35.56584715274365,35.74605941772461,14779900,0.0,0.0
2015-03-10 00:00:00-04:00,35.540107047928224,36.23520382924633,35.25691737890907,35.939144134521484,17907700,0.0,0.0
2015-03-11 00:00:00-04:00,36.16440609610349,36.6084980894864,35.82329394886417,36.441158294677734,14629000,0.0,0.0
2015-03-12 00:00:00-04:00,36.54414143888601,37.91503016681185,36.46047398348435,37.329345703125,18227800,0.0,0.0
2015-03-13 00:00:00-04:00,37.40657814471693,37.88928520122286,36.91099860541651,37.329345703125,10114500,0.0,0.0
2015-03-16 00:00:00-04:00,37.62540406129476,38.42348077904464,37.54173660896309,38.05018615722656,12098700,0.0,0.0
2015-03-17 00:00:00-04:00,37.7927540410338,38.73242340671078,37.77988155524945,38.44279861450195,10983600,0.0,0.0
2015-03-18 00:00:00-04:00,38.462095017228464,38.88687710483729,38.13385531755683,38.5457649230957,11889200,0.0,0.0
2015-03-19 00:00:00-04:00,38.674492131574105,39.56910887847615,38.610132168339874,39.38246154785156,14110500,0.0,0.0
2015-03-20 00:00:00-04:00,39.58197752638109,39.730007391614855,38.82251824897311,38.87400817871094,13313100,0.0,0.0
2015-03-23 00:00:00-04:00,38.64873155416957,39.38244564146714,38.371979404725856,38.92548370361328,7926400,0.0,0.0
2015-03-24 00:00:00-04:00,39.034915178891474,39.14432760986257,38.26258332699598,38.37843322753906,7970000,0.0,0.0
2015-03-25 00:00:00-04:00,38.668053499722646,38.67448851337395,37.46450216740417,37.47093963623047,11619200,0.0,0.0
2015-03-26 00:00:00-04:00,37.31647057290191,37.38726799566138,36.8273285372886,36.8595085144043,10853900,0.0,0.0
2015-03-27 00:00:00-04:00,37.09121153188204,37.36152630957814,36.88525671406355,37.10408401489258,6830100,0.0,0.0
2015-03-30 00:00:00-04:00,37.28429443257298,37.54817420035639,37.1941895053067,37.48381423950195,5781900,0.0,0.0
2015-03-31 00:00:00-04:00,37.335784267740685,37.85067380778876,37.1427019178103,37.67689895629883,12313600,0.0,0.0
2015-04-01 00:00:00-04:00,37.63828092433445,37.64471839383227,36.25452205850741,36.750099182128906,14903300,0.0,0.0
2015-04-02 00:00:00-04:00,36.96891757214622,37.20705478257259,36.62137041359698,36.69216537475586,8787000,0.0,0.0
2015-04-06 00:00:00-04:00,36.56345158441386,37.25854847277466,36.47978167339379,37.078338623046875,10280100,0.0,0.0
2015-04-07 00:00:00-04:00,37.490238942274914,37.812043568388866,37.194179275491955,37.59965133666992,10171500,0.0,0.0
2015-04-08 00:00:00-04:00,37.651138678350456,37.96007080365447,37.297154104888,37.85065841674805,11075800,0.0,0.0
2015-04-09 00:00:00-04:00,38.1016718369034,38.89331099761045,38.0051294578423,38.822513580322266,12698000,0.0,0.0
2015-04-10 00:00:00-04:00,38.93836036805184,40.116166496511376,38.82251050442714,39.90377426147461,17894700,0.0,0.0
2015-04-13 00:00:00-04:00,40.111438282818334,40.33856887466225,39.6247277498347,39.715579986572266,11400900,0.51,0.0
2015-04-14 00:00:00-04:00,39.84537655370514,40.11144492343004,39.26781121282787,40.05303955078125,13071400,0.0,0.0
2015-04-15 00:00:00-04:00,40.29964518938022,40.68901523682511,40.215283783308344,40.25421905517578,11534200,0.0,0.0
2015-04-16 00:00:00-04:00,40.10495327842881,40.82528536850562,40.00761264294214,40.61762237548828,9815600,0.0,0.0
2015-04-17 00:00:00-04:00,40.31261694117362,40.747413041959554,40.1503800704624,40.42293930053711,9905600,0.0,0.0
2015-04-20 00:00:00-04:00,40.82528562684259,41.53263847488958,40.75390100837777,41.23412322998047,12779200,0.0,0.0
2015-04-21 00:00:00-04:00,41.46125314304858,41.68838376558489,41.058906407896494,41.27954864501953,8457300,0.0,0.0
2015-04-22 00:00:00-04:00,41.27305997340377,42.00637381644634,41.24710395483572,41.87009048461914,13874300,0.0,0.0
2015-04-23 00:00:00-04:00,42.350308248267694,42.38275264726828,40.708469660814075,41.69486999511719,18405300,0.0,0.0
2015-04-24 00:00:00-04:00,41.73381231270106,43.07064753494412,41.62349242550464,42.87596130371094,14859500,0.0,0.0
2015-04-27 00:00:00-04:00,42.84352007449492,43.25885110997543,42.09074340316844,42.19457244873047,18141700,0.0,0.0
2015-04-28 00:00:00-04:00,41.92200723768938,43.14851760864258,41.66242724915888,43.14851760864258,13084900,0.0,0.0
2015-04-29 00:00:00-04:00,42.63584589317942,42.947342850638215,42.51254924322954,42.59041976928711,9864300,0.0,0.0
2015-04-30 00:00:00-04:00,42.434674002470814,42.77861536401073,41.74030041849129,41.96094512939453,10298600,0.0,0.0
2015-05-01 00:00:00-04:00,42.239982715798554,42.50605351892183,41.45475945328382,41.74029541015625,9870800,0.0,0.0
2015-05-04 00:00:00-04:00,41.74030883017989,42.46713191405416,41.5391366614346,41.97393035888672,8493500,0.0,0.0
2015-05-05 00:00:00-04:00,41.66243132807656,42.11669759024851,41.38987454141956,41.44179153442383,7635900,0.0,0.0
2015-05-06 00:00:00-04:00,41.6040281210726,41.87658490574339,41.14327595144048,41.49370574951172,8476300,0.0,0.0
2015-05-07 00:00:00-04:00,41.26657444942042,42.05828877026072,41.26657444942042,41.98690414428711,8638200,0.0,0.0
2015-05-08 00:00:00-04:00,42.24647381190768,42.70073995246835,42.116686315219276,42.33732604980469,7541100,0.0,0.0
2015-05-11 00:00:00-04:00,42.304884940023676,42.700743272096325,42.233500325972805,42.311370849609375,7978700,0.0,0.0
2015-05-12 00:00:00-04:00,42.01934568374728,42.35679616559123,41.91551171944088,42.05828094482422,5927000,0.0,0.0
2015-05-13 00:00:00-04:00,42.16861110507517,42.38925088052895,41.94147551718545,42.37627410888672,8519200,0.0,0.0
2015-05-14 00:00:00-04:00,42.73968105556554,43.00574694548182,42.14265056743878,42.811065673828125,5868900,0.0,0.0
2015-05-15 00:00:00-04:00,42.78511182028548,43.16798849514313,42.77213504786524,42.82404708862305,6786400,0.0,0.0
2015-05-18 00:00:00-04:00,42.69424908191356,42.772124550553016,42.27243229116553,42.57743835449219,7858100,0.0,0.0
2015-05-19 00:00:00-04:00,42.64233367837921,42.908404492754805,42.44116156580554,42.65531539916992,7674600,0.0,0.0
2015-05-20 00:00:00-04:00,42.77861145919154,42.960315939186984,42.43467012904648,42.7591438293457,9956000,0.0,0.0
2015-05-21 00:00:00-04:00,42.473612526203226,42.707234025763576,42.09722673342406,42.6034049987793,10553400,0.0,0.0
2015-05-22 00:00:00-04:00,42.493080139160156,42.74616924222905,42.382755312608175,42.493080139160156,14041500,0.0,0.0
2015-05-26 00:00:00-04:00,42.64882185678082,43.47947369642096,42.60988659900878,42.89542007446289,21034300,0.0,0.0
2015-05-27 00:00:00-04:00,43.31723913736885,44.12193253054835,43.200428406820556,43.72607421875,40778800,0.0,0.0
2015-05-28 00:00:00-04:00,43.75204313437299,43.82342776177759,43.23937396986584,43.78449249267578,12891500,0.0,0.0
2015-05-29 00:00:00-04:00,43.62225334725767,43.816934633775084,43.08362571418045,43.21341323852539,9451000,0.0,0.0
2015-06-01 00:00:00-04:00,43.349690130497706,43.648205352970855,42.99925792557464,43.434051513671875,12426700,0.0,0.0
2015-06-02 00:00:00-04:00,43.28478021250448,43.62872641881732,43.04467289526445,43.23286819458008,11133200,0.0,0.0
2015-06-03 00:00:00-04:00,43.414584928638114,43.67416489606363,43.232880436763075,43.48596954345703,20804000,0.0,0.0
2015-06-04 00:00:00-04:00,43.18745968606278,44.04407021937109,43.16798710144583,43.75204086303711,10539000,0.0,0.0
2015-06-05 00:00:00-04:00,43.466506496382635,43.972684763152884,43.2328849961692,43.73906326293945,8908900,0.0,0.0
2015-06-08 00:00:00-04:00,44.037579296280626,44.25821907753078,43.8234254254837,43.99215316772461,10276700,0.0,0.0
2015-06-09 00:00:00-04:00,43.816925395379194,44.180339298860595,43.81043948628312,43.914268493652344,8132800,0.0,0.0
2015-06-10 00:00:00-04:00,43.9077900868184,44.41396834303569,43.829914604678635,44.284175872802734,7349300,0.0,0.0
2015-06-11 00:00:00-04:00,44.56320431964016,44.56320431964016,43.90128033504231,44.15436935424805,7552200,0.0,0.0
2015-06-12 00:00:00-04:00,44.05704204052736,44.08300053268955,43.21340837402241,43.51192855834961,8249900,0.0,0.0
2015-06-15 00:00:00-04:00,43.25883705982643,43.51192615558691,42.895423140699805,43.42107391357422,7028400,0.0,0.0
2015-06-16 00:00:00-04:00,43.29778249046855,43.739067034357575,43.232888723941905,43.33022689819336,5200700,0.0,0.0
2015-06-17 00:00:00-04:00,43.46001670166156,44.121941001128356,43.401608849636325,43.97917175292969,7377100,0.0,0.0
2015-06-18 00:00:00-04:00,43.99214762819385,44.82279956066547,43.99214762819385,44.76439666748047,9079000,0.0,0.0
2015-06-19 00:00:00-04:00,44.4529040836475,45.26408846473596,44.4529040836475,45.08887481689453,9979500,0.0,0.0
2015-06-22 00:00:00-04:00,45.3289813860146,45.81569200565916,45.2511108555604,45.50419998168945,10124900,0.0,0.0
2015-06-23 00:00:00-04:00,45.432810812907896,45.74430280569275,45.147272360291815,45.43929672241211,8720000,0.0,0.0
2015-06-24 00:00:00-04:00,45.76377961158796,45.91303972840149,44.79684913647158,44.92015075683594,9308200,0.0,0.0
2015-06-25 00:00:00-04:00,45.21216997931768,45.67292209839332,44.9655717180181,45.309513092041016,6191200,0.0,0.0
2015-06-26 00:00:00-04:00,45.39388123417549,45.815698151331496,45.218667566074096,45.72484588623047,9669500,0.0,0.0
2015-06-29 00:00:00-04:00,44.95259627086699,45.43930695134924,43.53140445059122,43.59629821777344,12057200,0.0,0.0
2015-06-30 00:00:00-04:00,44.128429082855746,44.27119832206074,43.25884182744556,43.602783203125,11459600,0.0,0.0
2015-07-01 00:00:00-04:00,44.06353419489606,44.51779544337978,43.920764959350805,44.45939254760742,7694900,0.0,0.0
2015-07-02 00:00:00-04:00,44.569711756368996,44.71248098975889,43.99214891298348,44.264705657958984,6245700,0.0,0.0
2015-07-06 00:00:00-04:00,43.82341914705214,44.777372661135445,43.797460655728166,44.27119445800781,17029100,0.0,0.0
2015-07-07 00:00:00-04:00,44.40097287825395,44.641085160562156,43.68713184167615,44.491825103759766,7821600,0.0,0.0
2015-07-08 00:00:00-04:00,43.992141065978764,44.413957830005636,43.855862717799376,43.907779693603516,5027200,0.0,0.0
2015-07-09 00:00:00-04:00,44.43991994219983,44.72545343025863,43.99863551402634,44.10895538330078,6516800,0.0,0.0
2015-07-10 00:00:00-04:00,44.73844038085515,45.101849381454834,44.4723695403616,44.9266357421875,6891400,0.0,0.0
2015-07-13 00:00:00-04:00,45.38426479145068,45.56731778880119,45.220823902699145,45.482330322265625,5507000,0.51,0.0
2015-07-14 00:00:00-04:00,45.57386055534074,46.103407482185276,45.37119543278453,45.6327018737793,6628300,0.0,0.0
2015-07-15 00:00:00-04:00,45.63922650113662,45.7895942947224,45.31234476429921,45.60000228881836,16761400,0.0,0.0
2015-07-16 00:00:00-04:00,45.85497776743209,45.95958233590341,45.65231265079434,45.75691223144531,6843800,0.0,0.0
2015-07-17 00:00:00-04:00,45.75691223144531,45.84843873494754,45.5673201919563,45.75691223144531,6141200,0.0,0.0
2015-07-20 00:00:00-04:00,45.76344804651948,46.489125978854176,45.671921549452044,46.286460876464844,9633000,0.0,0.0
2015-07-21 00:00:00-04:00,46.29298808766733,46.8094618093546,45.90727004807642,46.11647415161133,5028500,0.0,0.0
2015-07-22 00:00:00-04:00,45.93344007057174,46.188407520718435,45.783072221290226,46.12956619262695,5701700,0.0,0.0
2015-07-23 00:00:00-04:00,45.92689482870483,46.37145429488697,45.85498043065915,46.10340881347656,5636600,0.0,0.0
2015-07-24 00:00:00-04:00,44.14864496540496,45.12275110898363,44.03096734493229,44.508216857910156,13495200,0.0,0.0
2015-07-27 00:00:00-04:00,44.756659984270684,46.391069149579224,44.756659984270684,45.33197021484375,12841500,0.0,0.0
2015-07-28 00:00:00-04:00,45.436568008663855,46.70487092759809,45.161988506983306,46.56758117675781,10098300,0.0,0.0
2015-07-29 00:00:00-04:00,46.606805553063374,46.750634336666515,46.24723359405552,46.266845703125,6793300,0.0,0.0
2015-07-30 00:00:00-04:00,46.32568592988398,46.33875900634979,45.286199283238915,45.8680534362793,6820400,0.0,0.0
2015-07-31 00:00:00-04:00,46.01187834279704,46.01187834279704,45.586936011797626,45.769989013671875,6181300,0.0,0.0
2015-08-03 00:00:00-04:00,45.88766760107359,46.279924754285744,45.29274034490924,45.586936950683594,9872300,0.0,0.0
2015-08-04 00:00:00-04:00,45.7895999805956,46.018416227230894,45.54770566968395,45.73075866699219,5410900,0.0,0.0
2015-08-05 00:00:00-04:00,45.82881615765537,46.181849013880104,45.796130978338894,45.959571838378906,10090200,0.0,0.0
2015-08-06 00:00:00-04:00,46.005353930088695,46.27339445671628,44.978945107985474,45.266597747802734,6172200,0.0,0.0
2015-08-07 00:00:00-04:00,45.16199779464745,45.30582660734079,44.30556395210654,44.86126708984375,6214500,0.0,0.0
2015-08-10 00:00:00-04:00,45.05737911727727,45.39079989808501,44.782799644997795,45.246971130371094,8189400,0.0,0.0
2015-08-11 00:00:00-04:00,44.78280659210988,45.29928043455733,44.416700572276916,44.61936569213867,7473200,0.0,0.0
2015-08-12 00:00:00-04:00,44.34478955489837,45.05738953889601,43.95906640792011,44.946250915527344,8337600,0.0,0.0
2015-08-13 00:00:00-04:00,44.90047882546487,45.16851927543048,44.59320917251857,44.80895233154297,7184900,0.0,0.0
2015-08-14 00:00:00-04:00,44.82201426436982,45.39732921207569,44.72395375084595,44.880855560302734,5864800,0.0,0.0
2015-08-17 00:00:00-04:00,44.920110327926295,45.64578854864287,44.652069762230454,45.35159683227539,17669900,0.0,0.0
2015-08-18 00:00:00-04:00,45.38427163831222,45.593475807962804,44.893948898085455,45.018165588378906,6376500,0.0,0.0
2015-08-19 00:00:00-04:00,44.946245036833325,45.16198821008697,44.59321211364196,44.84164047241211,6270300,0.0,0.0
2015-08-20 00:00:00-04:00,44.455921650147054,44.73704017774167,44.115966796875,44.115966796875,9600900,0.0,0.0
2015-08-21 00:00:00-04:00,43.632182111762354,43.906766619819535,43.037259817916286,43.08302307128906,16277100,0.0,0.0
2015-08-24 00:00:00-04:00,39.99071031519858,42.396560087462255,35.21823747673008,41.481292724609375,24292600,0.0,0.0
2015-08-25 00:00:00-04:00,42.56653571950344,42.57307475014596,39.65075153030816,39.68997573852539,15267000,0.0,0.0
2015-08-26 00:00:00-04:00,40.840608930521846,41.330931582984675,39.80112480754424,41.278629302978516,15289600,0.0,0.0
2015-08-27 00:00:00-04:00,41.86047341948066,42.23311839104384,41.187097855762936,42.17428207397461,12592100,0.0,0.0
2015-08-28 00:00:00-04:00,41.782037491766054,42.35081120599847,41.47476775821138,41.82780075073242,7316400,0.0,0.0
2015-08-31 00:00:00-04:00,41.93239071936164,42.04352931789024,40.696778096657376,40.8013801574707,15581100,0.0,0.0
2015-09-01 00:00:00-04:00,39.879581861259524,40.291453650908416,39.33042030636445,39.55270004272461,12703200,0.0,0.0
2015-09-02 00:00:00-04:00,40.24568105839764,40.2718297024418,39.408862101240175,39.86649703979492,12044500,0.0,0.0
2015-09-03 00:00:00-04:00,40.17377620276653,40.716398727484105,40.108398342378024,40.258766174316406,11777400,0.0,0.0
2015-09-04 00:00:00-04:00,39.650767437699834,39.74883049149403,38.545905243347676,39.07545471191406,9281400,0.0,0.0
2015-09-08 00:00:00-04:00,39.36964868077155,39.84035682343051,39.16698104693516,39.59846496582031,9263200,0.0,0.0
2015-09-09 00:00:00-04:00,40.21953035764898,40.21953035764898,38.643960440488996,38.74202346801758,8436900,0.0,0.0
2015-09-10 00:00:00-04:00,38.80740793391686,39.310806208284916,38.5001382419741,38.951236724853516,9306600,0.0,0.0
2015-09-11 00:00:00-04:00,38.97738929283902,39.06891580757985,38.552444403840845,38.800872802734375,9365400,0.0,0.0
2015-09-14 00:00:00-04:00,38.85317457590463,38.97738877369698,37.61756165553975,38.53282928466797,9095600,0.0,0.0
2015-09-15 00:00:00-04:00,38.55899478189766,38.85972557938024,38.16019840119141,38.702823638916016,10474700,0.0,0.0
2015-09-16 00:00:00-04:00,38.8989352628997,38.99046177037499,38.33016161365302,38.90547180175781,8044200,0.0,0.0
2015-09-17 00:00:00-04:00,38.93816400574724,39.8272804774642,38.827022888088614,39.13429260253906,10281700,0.0,0.0
2015-09-18 00:00:00-04:00,38.84663054868111,40.42220316342179,38.55243893415605,40.023406982421875,28957000,0.0,0.0
2015-09-21 00:00:00-04:00,40.03649466147232,40.36337654883476,38.76165480197663,38.827030181884766,11038100,0.0,0.0
2015-09-22 00:00:00-04:00,38.02943381945116,38.0882726531166,37.20569264204559,37.74831771850586,14192000,0.0,0.0
2015-09-23 00:00:00-04:00,37.85290484367938,38.17978656946622,37.36258225499913,37.54563522338867,9827000,0.0,0.0
2015-09-24 00:00:00-04:00,37.21875368024703,37.57832308159516,36.558451194327894,36.9833984375,8625500,0.0,0.0
2015-09-25 00:00:00-04:00,37.8136751525746,37.839826287110675,36.00928926604659,36.440773010253906,8673500,0.0,0.0
2015-09-28 00:00:00-04:00,36.21196632736828,36.23811747057286,34.217987795359555,34.32258987426758,15123000,0.0,0.0
2015-09-29 00:00:00-04:00,34.714853118269254,35.42745568481021,33.91726306231467,34.51218795776367,12842800,0.0,0.0
2015-09-30 00:00:00-04:00,35.00250398083093,35.63011644256518,34.88482633251697,35.5712776184082,11895500,0.0,0.0
2015-10-01 00:00:00-04:00,35.747794250702555,36.107363735975994,35.257471545172336,36.041988372802734,9255800,0.0,0.0
2015-10-02 00:00:00-04:00,35.21824075359184,36.512692247059526,35.120177720185026,36.493080139160156,6942600,0.0,0.0
2015-10-05 00:00:00-04:00,36.865724903602796,37.231833376680314,36.24464905391645,37.05531692504883,9332800,0.0,0.0
2015-10-06 00:00:00-04:00,36.78073508797694,37.04877803542943,35.27707946827006,36.00929641723633,9008300,0.0,0.0
2015-10-07 00:00:00-04:00,35.8589399998429,36.97033885223658,35.24440298447734,36.36887741088867,11056100,0.0,0.0
2015-10-08 00:00:00-04:00,36.04198476151912,36.715360411592734,35.82624159562563,36.63690948486328,6737300,0.0,0.0
2015-10-09 00:00:00-04:00,36.728441133271744,36.93764529650016,36.2642695519781,36.37540817260742,7178500,0.0,0.0
2015-10-12 00:00:00-04:00,36.4800117394397,36.78728145777714,36.29695871263975,36.46039962768555,6515000,0.0,0.0
2015-10-13 00:00:00-04:00,36.40101868240166,36.526381790048525,35.43771515305528,35.49709701538086,9467900,0.51,0.0
2015-10-14 00:00:00-04:00,35.688429047907576,36.038120742805994,35.34533421726557,35.58945846557617,8727400,0.0,0.0
2015-10-15 00:00:00-04:00,35.840177500754876,37.08059672684848,35.53007206499994,37.04100799560547,7781600,0.0,0.0
2015-10-16 00:00:00-04:00,37.139989904285144,37.58865226098041,36.81009126065197,37.29833984375,7342800,0.0,0.0
2015-10-19 00:00:00-04:00,37.139985003607904,37.410501755014934,36.74410517332889,37.0542106628418,6463000,0.0,0.0
2015-10-20 00:00:00-04:00,37.047609710680725,37.19936274795321,36.04471777499074,36.17667770385742,6494600,0.0,0.0
2015-10-21 00:00:00-04:00,36.4735955943823,36.69132992139177,35.01544409924879,35.51689147949219,11638800,0.0,0.0
2015-10-22 00:00:00-04:00,35.54987004483942,35.91935482655403,29.987780041387257,31.848407745361328,46517700,0.0,0.0
2015-10-23 00:00:00-04:00,32.60057608986806,34.131305229984605,32.09253199777984,33.21418762207031,26214800,0.0,0.0
2015-10-26 00:00:00-04:00,33.102026583346316,34.62615912584214,32.56099304363994,34.22368240356445,13890400,0.0,0.0
2015-10-27 00:00:00-04:00,34.31604439816024,35.29254627366467,34.31604439816024,34.69213104248047,11710800,0.0,0.0
2015-10-28 00:00:00-04:00,34.850490591767,35.523484089727475,34.36224203557182,35.14080047607422,7869000,0.0,0.0
2015-10-29 00:00:00-04:00,35.10121044641868,36.40760855956055,34.982446752776106,35.69502639770508,9304400,0.0,0.0
2015-10-30 00:00:00-04:00,38.18246824487347,40.069488885976334,38.04391141884402,39.29092788696289,27465600,0.0,0.0
2015-11-02 00:00:00-05:00,40.643514071184,42.35898610341777,40.537946600230036,41.817955017089844,17008700,0.0,0.0
2015-11-03 00:00:00-05:00,41.64639838115083,42.042278209613706,40.85464124115163,41.191139221191406,8754700,0.0,0.0
2015-11-04 00:00:00-05:00,41.191155697684295,42.32600813618918,41.10538132300187,42.09507751464844,10342600,0.0,0.0
2015-11-05 00:00:00-05:00,42.029077843166,42.34578016473131,40.702884197377074,41.41546630859375,10237200,0.0,0.0
2015-11-06 00:00:00-05:00,41.072380478266574,42.42496690916464,40.99320550979498,42.31279754638672,7261100,0.0,0.0
2015-11-09 00:00:00-05:00,41.97629556264293,42.31279101439624,41.639800110889624,41.71897506713867,8239400,0.0,0.0
2015-11-10 00:00:00-05:00,41.78496246996553,41.976301766100555,41.09217332039164,41.105369567871094,6897600,0.0,0.0
2015-11-11 00:00:00-05:00,41.03940212619256,41.08558774660036,39.96393157185196,40.1552734375,8212500,0.0,0.0
2015-11-12 00:00:00-05:00,40.109073222205744,40.72928169694872,39.686803408174214,39.739585876464844,7765500,0.0,0.0
2015-11-13 00:00:00-05:00,39.59443240364134,40.2278396851217,38.85546017832886,39.49546432495117,7834400,0.0,0.0
2015-11-16 00:00:00-05:00,39.416293581395166,40.12227652277826,39.29752986070203,39.59443664550781,6965100,0.0,0.0
2015-11-17 00:00:00-05:00,39.65380566364263,40.729275667429796,39.40968143546929,39.83855056762695,8405400,0.0,0.0
2015-11-18 00:00:00-05:00,39.75937371503829,40.28721342950845,39.488856993989174,40.24102783203125,5470200,0.0,0.0
2015-11-19 00:00:00-05:00,40.39279105017402,40.72928656188374,39.68020876618601,39.95072555541992,5571200,0.0,0.0
2015-11-20 00:00:00-05:00,40.208035056057966,40.485151151602366,39.96391082961917,40.3202018737793,7490200,0.0,0.0
2015-11-23 00:00:00-05:00,40.452178503671774,40.59733221658574,40.14207292789358,40.34661102294922,6405000,0.0,0.0
2015-11-24 00:00:00-05:00,39.95732032904279,40.67649939555563,39.93752470104178,40.333404541015625,5213500,0.0,0.0
2015-11-25 00:00:00-05:00,40.31360893945913,40.333404567473124,39.72638981921904,39.7791748046875,4879800,0.0,0.0
2015-11-27 00:00:00-05:00,39.70000537540666,39.88475034507549,39.33052046992331,39.58784103393555,2404100,0.0,0.0
2015-11-30 00:00:00-05:00,39.56143391100277,39.726383187666656,38.24183969769173,38.36720275878906,12660200,0.0,0.0
2015-12-01 00:00:00-05:00,38.41999414914198,38.994017060622994,37.71401128227089,38.94123458862305,11290500,0.0,0.0
2015-12-02 00:00:00-05:00,39.04020786398094,39.185364085923965,37.8525731412418,38.08350372314453,7663000,0.0,0.0
2015-12-03 00:00:00-05:00,38.07689438184699,38.10328687292089,36.638536338363565,37.02781677246094,9701500,0.0,0.0
2015-12-04 00:00:00-05:00,37.27853731111478,37.92513818722332,37.08059867833482,37.72719955444336,6748100,0.0,0.0
2015-12-07 00:00:00-05:00,38.20226316900784,38.26164502434124,36.79029488851661,37.126792907714844,7890900,0.0,0.0
2015-12-08 00:00:00-05:00,36.658332350589596,37.52266504847315,36.62534047793707,37.39070510864258,6896200,0.0,0.0
2015-12-09 00:00:00-05:00,37.1333941622057,37.898758989788064,36.763909255948306,36.96844482421875,6207900,0.0,0.0
2015-12-10 00:00:00-05:00,36.94864205528069,37.37751122876438,36.71771404920579,36.80348587036133,6736900,0.0,0.0
2015-12-11 00:00:00-05:00,36.803483064922844,36.803483064922844,35.53007440408945,35.65543746948242,9388600,0.0,0.0
2015-12-14 00:00:00-05:00,35.437702446518976,36.605543642229684,35.127599513944425,36.57915115356445,9419500,0.0,0.0
2015-12-15 00:00:00-05:00,37.04761321867269,37.60843982330219,36.889260785653214,37.205963134765625,6990000,0.0,0.0
2015-12-16 00:00:00-05:00,37.390716740657346,38.06371037792346,37.08061368004989,38.02412414550781,6282500,0.0,0.0
2015-12-17 00:00:00-05:00,38.0439188531784,38.22206445728289,37.17958333332195,37.199378967285156,7848900,0.0,0.0
2015-12-18 00:00:00-05:00,36.88266706808631,37.01462450378039,36.526375951088106,36.777099609375,13807000,0.0,0.0
2015-12-21 00:00:00-05:00,36.94864840594189,37.12019459466448,36.7507097214383,37.08060836791992,4572100,0.0,0.0
2015-12-22 00:00:00-05:00,37.3049360367179,38.261642524845904,37.225758556827834,37.99772262573242,8390800,0.0,0.0
2015-12-23 00:00:00-05:00,38.1890698665403,38.67072161164303,38.010924286801966,38.65092849731445,6634400,0.0,0.0
2015-12-24 00:00:00-05:00,38.51896435470663,38.749892386604785,38.268240693698075,38.571746826171875,2152900,0.0,0.0
2015-12-28 00:00:00-05:00,38.446378283014155,38.90823676797978,38.10988034409833,38.76308059692383,5585800,0.0,0.0
2015-12-29 00:00:00-05:00,38.941235850697296,39.3898982034085,38.941235850697296,39.22494888305664,5073900,0.0,0.0
2015-12-30 00:00:00-05:00,39.19196179372373,39.667014152358234,39.13257993427854,39.45587921142578,5220300,0.0,0.0
2015-12-31 00:00:00-05:00,39.25792230626132,39.54163522344216,39.05998370558132,39.08637619018555,6104800,0.0,0.0
2016-01-04 00:00:00-05:00,38.30782691140303,38.47937307852268,37.21256364368854,38.01091766357422,10308400,0.0,0.0
2016-01-05 00:00:00-05:00,38.261637997598896,38.43318414987605,37.489674020035714,37.852561950683594,7179600,0.0,0.0
2016-01-06 00:00:00-05:00,37.192761094811175,37.97792123928706,37.06740055435652,37.85915756225586,8952700,0.0,0.0
2016-01-07 00:00:00-05:00,37.29173866380373,38.162670780877406,37.17297496448217,37.74699783325195,9292600,0.0,0.0
2016-01-08 00:00:00-05:00,37.97133336699882,38.14288207111385,36.60555318413585,36.71772003173828,7985200,0.0,0.0
2016-01-11 00:00:00-05:00,36.85626753318012,36.93544248285639,34.85708306460208,35.549869537353516,10483300,0.0,0.0
2016-01-12 00:00:00-05:00,35.939152880437184,36.26905146750365,35.345334416946955,36.18327713012695,6799600,0.0,0.0
2016-01-13 00:00:00-05:00,36.36996223132073,36.41663292412673,33.989746724766306,34.12309265136719,10432200,0.57,0.0
2016-01-14 00:00:00-05:00,34.216435696159465,37.8901035625107,33.8097317448183,36.37663269042969,16704900,0.0,0.0
2016-01-15 00:00:00-05:00,35.34320341422333,38.27680375144238,35.34320341422333,38.230133056640625,27008800,0.0,0.0
2016-01-19 00:00:00-05:00,38.356819234740335,38.49016519812735,36.15661974062417,36.663333892822266,13644500,0.0,0.0
2016-01-20 00:00:00-05:00,36.14328253490592,38.62350864486317,35.80325276661946,38.10346221923828,11993100,0.0,0.0
2016-01-21 00:00:00-05:00,38.196804084997446,39.183560092281176,37.950113175654586,38.91020202636719,12097000,0.0,0.0
2016-01-22 00:00:00-05:00,39.403574429622424,39.62359561486102,38.55016447239653,39.22356033325195,10383800,0.0,0.0
2016-01-25 00:00:00-05:00,39.356908292784986,39.87695727118219,38.79019115426585,39.103553771972656,9681900,0.0,0.0
2016-01-26 00:00:00-05:00,39.343574188684215,39.51692469922417,38.14346563865525,38.843528747558594,7421100,0.0,0.0
2016-01-27 00:00:00-05:00,38.910179344358575,39.29021344511055,37.63673116352835,38.0767707824707,9077700,0.0,0.0
2016-01-28 00:00:00-05:00,38.15680157410013,38.490165210997766,36.523319244629164,37.236717224121094,10521100,0.0,0.0
2016-01-29 00:00:00-05:00,35.61656266813718,36.876679101643376,35.61656266813718,36.60332107543945,17768700,0.0,0.0
2016-02-01 00:00:00-05:00,36.10994725979107,36.5899916870404,35.009846295132206,36.2632942199707,11693300,0.0,0.0
2016-02-02 00:00:00-05:00,35.763238625241954,36.52330705679557,35.54988617229223,35.96992492675781,7918300,0.0,0.0
2016-02-03 00:00:00-05:00,36.3566335386003,38.12346164257763,36.03660478660246,37.89677429199219,16435700,0.0,0.0
2016-02-04 00:00:00-05:00,37.83010107476953,38.21013536151456,36.91001686000466,37.84343338012695,10351200,0.0,0.0
2016-02-05 00:00:00-05:00,37.50339854201291,37.56340408141461,35.083178510626986,35.416542053222656,13263200,0.0,0.0
2016-02-08 00:00:00-05:00,35.05651126971746,36.069934198434794,34.62980379987198,35.2631950378418,9369400,0.0,0.0
2016-02-09 00:00:00-05:00,34.87648963582561,35.9632527943577,34.70980788893105,35.656558990478516,7655800,0.0,0.0
2016-02-10 00:00:00-05:00,36.076599079087515,36.4632994240657,35.03650402323421,35.14984893798828,9302800,0.0,0.0
2016-02-11 00:00:00-05:00,34.869831991173626,35.416548090761495,34.549803240929194,34.789825439453125,8551100,0.0,0.0
2016-02-12 00:00:00-05:00,35.02317253675738,35.316534078354046,34.403116151752364,35.05651092529297,9976200,0.0,0.0
2016-02-16 00:00:00-05:00,35.62988876328442,35.91658156708876,35.156513219649,35.67655944824219,8313000,0.0,0.0
2016-02-17 00:00:00-05:00,36.22994513361642,36.76999491701875,35.5698842872358,36.67665100097656,10005600,0.0,0.0
2016-02-18 00:00:00-05:00,37.02336853448893,37.02336853448893,36.116618941277196,36.36997604370117,6555000,0.0,0.0
2016-02-19 00:00:00-05:00,36.336625386335584,36.66998892199004,35.98992700405152,36.19661331176758,8532500,0.0,0.0
2016-02-22 00:00:00-05:00,36.19661951951946,36.883347706866296,35.829920076082665,36.8566780090332,9381800,0.0,0.0
2016-02-23 00:00:00-05:00,37.13669831219089,37.54340223187828,36.669988854461714,36.71665954589844,8629700,0.0,0.0
2016-02-24 00:00:00-05:00,36.44330604478603,36.716664075508056,36.00993237842469,36.59665298461914,6633800,0.0,0.0
2016-02-25 00:00:00-05:00,36.783327891917,37.490059437570615,36.28995132918812,37.47005844116211,7076300,0.0,0.0
2016-02-26 00:00:00-05:00,37.510063616333355,37.86343069082068,37.2033697763618,37.33671569824219,5298000,0.0,0.0
2016-02-29 00:00:00-05:00,37.25003659728803,37.33671181900914,36.316620327829796,36.40996170043945,8395100,0.0,0.0
2016-03-01 00:00:00-05:00,36.523316332836075,37.563411712646484,36.163285566645456,37.563411712646484,7106000,0.0,0.0
2016-03-02 00:00:00-05:00,37.45007122213507,37.62342174442727,36.93669343926762,37.13671112060547,7054800,0.0,0.0
2016-03-03 00:00:00-05:00,37.13003486806398,37.396726751156244,36.770004132260404,37.2900505065918,9283900,0.0,0.0
2016-03-04 00:00:00-05:00,37.33671173512265,37.80342114048401,36.870002329761284,37.43672180175781,6439700,0.0,0.0
2016-03-07 00:00:00-05:00,37.13669934279544,37.67008050499015,36.55664748786881,37.60340881347656,7741800,0.0,0.0
2016-03-08 00:00:00-05:00,37.45672845235052,37.6500799205747,36.82333720255249,36.88334274291992,5303700,0.0,0.0
2016-03-09 00:00:00-05:00,37.01001640796329,37.770087360471294,36.69665643257253,37.596736907958984,8402500,0.0,0.0
2016-03-10 00:00:00-05:00,37.71009921512946,38.25014673204849,36.88335619556526,37.49007797241211,5627900,0.0,0.0
2016-03-11 00:00:00-05:00,37.60340484009032,38.58349182726101,37.57006645449424,38.490150451660156,6537400,0.0,0.0
2016-03-14 00:00:00-04:00,38.45014935071073,38.49015389098363,37.98344243100344,38.143455505371094,4650800,0.0,0.0
2016-03-15 00:00:00-04:00,37.770101029354315,37.95678385190124,36.75667526928311,37.083370208740234,5779600,0.0,0.0
2016-03-16 00:00:00-04:00,37.05668562097831,37.69674289153877,36.8366645035823,37.54339599609375,6245400,0.0,0.0
2016-03-17 00:00:00-04:00,37.64341122533275,37.64341122533275,36.27662118736565,36.88334274291992,8308800,0.0,0.0
2016-03-18 00:00:00-04:00,37.06334386428966,37.73673683048123,36.53662906837451,37.71673583984375,11029800,0.0,0.0
2016-03-21 00:00:00-04:00,37.68341603468344,37.85676396177655,37.15670101475268,37.3433837890625,6632900,0.0,0.0
2016-03-22 00:00:00-04:00,37.170031157783846,38.363473127337436,37.170031157783846,38.3368034362793,7661600,0.0,0.0
2016-03-23 00:00:00-04:00,38.11011757450034,38.336804870250205,37.48339507136216,37.57673645019531,5116400,0.0,0.0
2016-03-24 00:00:00-04:00,37.43004855808763,37.50338892559104,37.11668609452261,37.41671371459961,5278900,0.0,0.0
2016-03-28 00:00:00-04:00,37.57005865061166,37.803414584503884,37.20335937547953,37.4100456237793,3803100,0.0,0.0
2016-03-29 00:00:00-04:00,37.40339004462878,38.07011715803294,36.81667201605383,38.036781311035156,4567900,0.0,0.0
2016-03-30 00:00:00-04:00,38.29013368441098,38.35680537032405,37.81675810168758,38.003440856933594,3650300,0.0,0.0
2016-03-31 00:00:00-04:00,38.01678624238054,38.31014530243398,37.88344029022443,38.083457946777344,4930300,0.0,0.0
2016-04-01 00:00:00-04:00,37.723410535850064,38.383468765542354,37.576729798868946,38.2834587097168,4525700,0.0,0.0
2016-04-04 00:00:00-04:00,38.43015204308217,39.603593236831266,38.33014449783816,39.47691345214844,8108100,0.0,0.0
2016-04-05 00:00:00-04:00,39.03020477294922,39.71026671542279,38.73017707136352,39.03020477294922,6779400,0.0,0.0
2016-04-06 00:00:00-04:00,39.01686351954671,39.93694747221758,39.01686351954671,39.93027877807617,6322800,0.0,0.0
2016-04-07 00:00:00-04:00,39.6169290066996,39.936960300886916,39.17688915639507,39.536922454833984,7827600,0.0,0.0
2016-04-08 00:00:00-04:00,39.66359385725804,39.87027761778741,38.78351179952352,38.9835319519043,5750000,0.0,0.0
2016-04-11 00:00:00-04:00,39.06353030474677,39.50356996976412,38.83684305044321,39.00352478027344,4894000,0.0,0.0
2016-04-12 00:00:00-04:00,39.3235573226498,40.036954994084276,39.13020588633461,39.93027877807617,7243700,0.0,0.0
2016-04-13 00:00:00-04:00,40.300504625047424,40.38801270489222,39.51293960984636,39.75526809692383,7023000,0.57,0.0
2016-04-14 00:00:00-04:00,39.81585294144462,40.04471846513501,39.71488187565734,39.903358459472656,5185600,0.0,0.0
2016-04-15 00:00:00-04:00,40.085103907290126,40.213000930027086,39.56679074602128,40.05817794799805,4660800,0.0,0.0
2016-04-18 00:00:00-04:00,40.051451843302075,40.603421226306686,39.916824600856806,40.30724334716797,6089400,0.0,0.0
2016-04-19 00:00:00-04:00,40.4485882519555,41.21595995776809,40.16587087371912,40.502437591552734,6149300,0.0,0.0
2016-04-20 00:00:00-04:00,40.502448261033656,41.1351955006364,40.36109081857809,40.71112060546875,4443600,0.0,0.0
2016-04-21 00:00:00-04:00,40.77169348289599,41.350588669572936,40.75150030078413,41.31019973754883,5702400,0.0,0.0
2016-04-22 00:00:00-04:00,41.26308151348886,41.72754525473862,41.034216029223884,41.34385681152344,5103000,0.0,0.0
2016-04-25 00:00:00-04:00,41.14865968305343,41.26309116805993,40.89286818366106,41.040958404541016,4320500,0.0,0.0
2016-04-26 00:00:00-04:00,41.034219826272796,41.25635512617341,40.74477219974811,41.0140266418457,4281700,0.0,0.0
2016-04-27 00:00:00-04:00,41.014031391422236,41.384254366329124,40.556300327529776,40.85921096801758,6679200,0.0,0.0
2016-04-28 00:00:00-04:00,39.41869460378516,41.801584995579965,38.72536542445424,41.19576644897461,16235400,0.0,0.0
2016-04-29 00:00:00-04:00,41.08134660004356,41.364064073545784,40.71112359923451,41.061153411865234,13052700,0.0,0.0
2016-05-02 00:00:00-04:00,40.91978366964054,41.73427454036591,40.859201555498956,41.35731887817383,9512000,0.0,0.0
2016-05-03 00:00:00-04:00,41.054424324081026,41.794870345881236,40.87267792211889,41.5794677734375,9316600,0.0,0.0
2016-05-04 00:00:00-04:00,41.263094915320096,41.49869324882481,41.067885527850805,41.37079620361328,8691400,0.0,0.0
2016-05-05 00:00:00-04:00,41.33713555163062,42.0035389660714,41.121732998393405,41.96315002441406,8646200,0.0,0.0
2016-05-06 00:00:00-04:00,41.734290065047574,42.239140348092505,41.498694293413806,42.07758712768555,10880700,0.0,0.0
2016-05-09 00:00:00-04:00,41.97661335615792,42.99304400226226,41.92276143349758,42.87861251831055,9917400,0.0,0.0
2016-05-10 00:00:00-04:00,42.750706062595576,42.918989432113875,42.62281162616983,42.9055290222168,12103400,0.0,0.0
2016-05-11 00:00:00-04:00,42.92572755947517,42.966116497605896,42.16508591538491,42.205474853515625,9375200,0.0,0.0
2016-05-12 00:00:00-04:00,42.313172293386174,42.45452971235638,41.996798726147645,42.06411361694336,9589500,0.0,0.0
2016-05-13 00:00:00-04:00,41.835254514984214,42.31317875754359,41.61311919312369,41.734283447265625,7339600,0.0,0.0
2016-05-16 00:00:00-04:00,41.6736967609838,42.15162095125702,41.397712116254134,42.03718948364258,6707400,0.0,0.0
2016-05-17 00:00:00-04:00,42.03045493223162,42.26605319856575,39.378309859279774,40.55629348754883,31528900,0.0,0.0
2016-05-18 00:00:00-04:00,40.30050959552571,40.926524075085325,40.091839814206516,40.69765853881836,10622000,0.0,0.0
2016-05-19 00:00:00-04:00,40.428404406645264,40.62361119653932,39.64756954366641,39.903358459472656,9917900,0.0,0.0
2016-05-20 00:00:00-04:00,40.13895018239252,40.42166501180758,39.73506855319901,40.17933654785156,11259400,0.0,0.0
2016-05-23 00:00:00-04:00,40.21973883604385,40.28032097214911,39.80239665831948,39.91682815551758,6468900,0.0,0.0
2016-05-24 00:00:00-04:00,40.20627053938843,41.00056841097823,40.06491309642777,40.85921096801758,8888100,0.0,0.0
2016-05-25 00:00:00-04:00,41.11500166623102,41.37752336031309,40.9197923052671,41.2092399597168,5857600,0.0,0.0
2016-05-26 00:00:00-04:00,41.06114429575821,41.84870927347684,40.99383197157392,41.66696548461914,6537100,0.0,0.0
2016-05-27 00:00:00-04:00,41.727545802425816,42.54203670178265,41.66696368615462,42.21220016479492,5768000,0.0,0.0
2016-05-31 00:00:00-04:00,42.21221554400484,42.737261598912475,42.16509638838256,42.36030578613281,7147900,0.0,0.0
2016-06-01 00:00:00-04:00,42.360292518812315,42.521843125261796,42.15835297685016,42.2929801940918,5284400,0.0,0.0
2016-06-02 00:00:00-04:00,42.31990758410423,43.85465389726848,42.29298419235112,43.81426239013672,11628000,0.0,0.0
2016-06-03 00:00:00-04:00,43.59213816845619,44.00275012046555,42.91227171971247,43.75368881225586,10621600,0.0,0.0
2016-06-06 00:00:00-04:00,41.82179737035782,42.40069276141174,41.64678117093157,42.286258697509766,16403400,0.0,0.0
2016-06-07 00:00:00-04:00,42.131430636589506,42.80456421278183,41.936221283221535,42.474727630615234,10980100,0.0,0.0
2016-06-08 00:00:00-04:00,41.875651357393174,41.936233499610616,41.3102188859642,41.552547454833984,13173000,0.0,0.0
2016-06-09 00:00:00-04:00,41.39771054114824,41.84870875677584,40.738040014644874,40.892860412597656,11503700,0.0,0.0
2016-06-10 00:00:00-04:00,40.38128954258325,41.06788361865763,40.19954314557492,41.061153411865234,11052300,0.0,0.0
2016-06-13 00:00:00-04:00,40.697648893698755,41.32366322489641,40.287037067020684,40.34088897705078,11673600,0.0,0.0
2016-06-14 00:00:00-04:00,40.024524973595206,40.643809247679144,39.822585398407334,40.32070541381836,11560200,0.0,0.0
2016-06-15 00:00:00-04:00,40.58322722861021,41.24289787884349,40.39474806582855,40.65727233886719,7739300,0.0,0.0
2016-06-16 00:00:00-04:00,40.34089506447758,41.02075884049613,40.32743208493849,40.99383544921875,7011200,0.0,0.0
2016-06-17 00:00:00-04:00,40.98037680453777,41.040958934971556,40.09857080995733,40.39474868774414,12574700,0.0,0.0
2016-06-20 00:00:00-04:00,40.81882668557257,41.18231949564545,40.42841047933971,40.462066650390625,7076500,0.0,0.0
2016-06-21 00:00:00-04:00,40.522632410471374,40.65725960807431,40.21972185781482,40.374542236328125,6366500,0.0,0.0
2016-06-22 00:00:00-04:00,40.388036644339834,41.18233490376936,40.334184696268984,40.65055847167969,6718600,0.0,0.0
2016-06-23 00:00:00-04:00,40.96692189920359,41.276562818991735,40.80536866360019,41.269832611083984,5328200,0.0,0.0
2016-06-24 00:00:00-04:00,39.8898957675557,40.791894888872186,39.836046415134284,40.29377746582031,9878500,0.0,0.0
2016-06-27 00:00:00-04:00,39.970671390606256,40.17261094443389,39.26388166830916,39.49947738647461,7945500,0.0,0.0
2016-06-28 00:00:00-04:00,39.903363573323105,40.47552873977587,39.81585804408072,40.381290435791016,9897600,0.0,0.0
2016-06-29 00:00:00-04:00,40.77843408507943,41.7544757356287,40.5428357880703,41.606388092041016,9308000,0.0,0.0
2016-06-30 00:00:00-04:00,41.592930732016406,41.74775117038651,41.15539281259565,41.6737060546875,7920600,0.0,0.0
2016-07-01 00:00:00-04:00,41.72081302961765,42.555499679598526,41.619844547699294,42.21220016479492,6533700,0.0,0.0
2016-07-05 00:00:00-04:00,42.07085008732158,42.21220752734276,41.57946286643777,41.6804313659668,6293600,0.0,0.0
2016-07-06 00:00:00-04:00,41.62658149160017,42.91899675754646,41.59965553160941,42.65647506713867,9202200,0.0,0.0
2016-07-07 00:00:00-04:00,42.811300387847744,42.912271465475214,42.54877866737773,42.696868896484375,7081900,0.0,0.0
2016-07-08 00:00:00-04:00,42.73051790323713,43.40365402824287,42.232400508873845,43.18825149536133,7921700,0.0,0.0
2016-07-11 00:00:00-04:00,43.24882689905238,43.74694424560237,43.12766266496173,43.316139221191406,9641500,0.0,0.0
2016-07-12 00:00:00-04:00,43.53154602147931,44.298917867776495,43.29595030298482,44.090248107910156,11870500,0.0,0.0
2016-07-13 00:00:00-04:00,44.008771684011954,44.164953841135095,43.62850929197166,43.98160934448242,7684200,0.57,0.0
2016-07-14 00:00:00-04:00,43.25502351568068,43.5538013919321,42.73894957720528,43.20069885253906,12090100,0.0,0.0
2016-07-15 00:00:00-04:00,43.336507761525816,43.57417168604478,42.867969200184504,42.996986389160156,8827500,0.0,0.0
2016-07-18 00:00:00-04:00,42.935876330998596,43.302560068078506,42.901924708752546,43.15996170043945,6384800,0.0,0.0
2016-07-19 00:00:00-04:00,43.05810033979967,43.43836520937251,42.84080686871305,42.996986389160156,5794500,0.0,0.0
2016-07-20 00:00:00-04:00,43.16674456858951,43.3908299047023,43.00377576990962,43.05809783935547,7502800,0.0,0.0
2016-07-21 00:00:00-04:00,42.93588404752661,43.45874741318265,42.8951405393032,43.38405227661133,6145500,0.0,0.0
2016-07-22 00:00:00-04:00,43.45873290956179,43.51984426598722,43.17353621820711,43.329715728759766,4972900,0.0,0.0
2016-07-25 00:00:00-04:00,43.397610411997945,43.79824563068298,43.261801380346064,43.67601776123047,7241200,0.0,0.0
2016-07-26 00:00:00-04:00,43.73715177486932,43.954445276261744,43.431579388711214,43.76430892944336,4885200,0.0,0.0
2016-07-27 00:00:00-04:00,43.74393480937969,44.21247598716783,43.67603156726039,44.06987762451172,6220400,0.0,0.0
2016-07-28 00:00:00-04:00,43.995176060619876,44.17851530555938,43.41119893868731,43.9476432800293,6556100,0.0,0.0
2016-07-29 00:00:00-04:00,44.32111403230013,45.08843558652161,44.23963222525684,44.972999572753906,10525000,0.0,0.0
2016-08-01 00:00:00-04:00,44.97300416462515,45.550189473080536,44.97300416462515,45.45512390136719,7599000,0.0,0.0
2016-08-02 00:00:00-04:00,45.4483349650267,45.53660866427867,44.850779164051296,45.34647750854492,8763200,0.0,0.0
2016-08-03 00:00:00-04:00,45.366849136230165,45.49586892982068,44.96621635924888,45.203880310058594,6355100,0.0,0.0
2016-08-04 00:00:00-04:00,45.2106741398187,45.48229231561614,44.87115271524335,44.88473129272461,4901900,0.0,0.0
2016-08-05 00:00:00-04:00,44.91868733387552,45.224254556143556,44.898316876482454,45.18351364135742,5045600,0.0,0.0
2016-08-08 00:00:00-04:00,45.07484985857127,45.27177285144726,44.647054848265434,45.04768753051758,5309300,0.0,0.0
2016-08-09 00:00:00-04:00,45.04770665506988,45.6656382240882,44.986595276518116,45.332908630371094,5717300,0.0,0.0
2016-08-10 00:00:00-04:00,45.292153519366785,45.46870610120051,44.94584541510149,45.10881423950195,4506100,0.0,0.0
2016-08-11 00:00:00-04:00,45.40080269632195,45.57056339884164,45.292153359980304,45.4619140625,4246600,0.0,0.0
2016-08-12 00:00:00-04:00,45.40080399667063,45.76069586741056,45.19030237733648,45.6248893737793,5215400,0.0,0.0
2016-08-15 00:00:00-04:00,45.815040177634415,46.25641924217974,45.71318267340275,45.76071548461914,5215400,0.0,0.0
2016-08-16 00:00:00-04:00,45.58414315232622,45.91008598908008,45.156348035979555,45.31931686401367,7147600,0.0,0.0
2016-08-17 00:00:00-04:00,45.28537035689075,45.73353595415295,45.0544930886698,45.380435943603516,7945400,0.0,0.0
2016-08-18 00:00:00-04:00,45.20388465735336,45.787861953039126,45.190306079152194,45.339691162109375,8205800,0.0,0.0
2016-08-19 00:00:00-04:00,45.20387844344079,45.618094960898596,45.16313753375162,45.56377029418945,6709400,0.0,0.0
2016-08-22 00:00:00-04:00,45.706368572741866,46.03231139169773,45.44154229889007,45.50265884399414,7884800,0.0,0.0
2016-08-23 00:00:00-04:00,45.67243342537763,45.828610413491205,44.81004591806781,44.932273864746094,10227800,0.0,0.0
2016-08-24 00:00:00-04:00,45.02733142659494,45.17672168814791,44.029137570478284,44.17852783203125,8551100,0.0,0.0
2016-08-25 00:00:00-04:00,44.1649367313983,44.42976296335789,43.6420709642174,43.9476432800293,6379000,0.0,0.0
2016-08-26 00:00:00-04:00,43.920495748265,44.151367851578144,43.60134475076695,43.872962951660156,7041600,0.0,0.0
2016-08-29 00:00:00-04:00,44.02912240128765,44.198883061713374,43.58774882872814,43.8050422668457,5099200,0.0,0.0
2016-08-30 00:00:00-04:00,43.825428689433636,43.94086473722977,43.5334400398583,43.5673942565918,5531800,0.0,0.0
2016-08-31 00:00:00-04:00,43.601325503400716,43.764294279721206,43.119205870468114,43.52663040161133,6750000,0.0,0.0
2016-09-01 00:00:00-04:00,43.52663968884016,43.553802020803175,43.19391018849223,43.47910690307617,5126700,0.0,0.0
2016-09-02 00:00:00-04:00,43.70999434095564,43.784689476124385,43.3704702928223,43.54023361206055,4100800,0.0,0.0
2016-09-06 00:00:00-04:00,43.93407432700083,44.06988601779057,43.49270057882143,43.872962951660156,6286300,0.0,0.0
2016-09-07 00:00:00-04:00,43.70998791383546,44.2328486024489,43.65566324521222,44.11741256713867,5714300,0.0,0.0
2016-09-08 00:00:00-04:00,43.43158176434838,43.56060156871803,43.078479157685834,43.49948501586914,8238800,0.0,0.0
2016-09-09 00:00:00-04:00,42.929100498953076,43.45875322497249,42.820453719504386,43.024166107177734,8848500,0.0,0.0
2016-09-12 00:00:00-04:00,42.76612042789566,43.614926621341596,42.54882691272876,43.51306915283203,6653000,0.0,0.0
2016-09-13 00:00:00-04:00,43.22785634428163,43.560588392914845,42.786477571871856,43.010562896728516,7640400,0.0,0.0
2016-09-14 00:00:00-04:00,43.05809567648437,43.4315686275699,42.82043177770509,43.010562896728516,5890000,0.0,0.0
2016-09-15 00:00:00-04:00,42.89512897119441,43.33650779171424,42.72536828489332,43.017356872558594,7806800,0.0,0.0
2016-09-16 00:00:00-04:00,43.13958556071851,43.31613812828348,42.89512975353167,42.963035583496094,11165300,0.0,0.0
2016-09-19 00:00:00-04:00,43.20070577410285,43.26181973475753,42.664263886515045,42.71858596801758,7903500,0.0,0.0
2016-09-20 00:00:00-04:00,43.02415422922453,43.153171434718885,42.61672697601533,42.96982955932617,4826500,0.0,0.0
2016-09-21 00:00:00-04:00,43.11241658409726,43.62848782956813,42.91549360489651,43.52663040161133,7587400,0.0,0.0
2016-09-22 00:00:00-04:00,43.54023142447173,44.27359379913066,43.51306908753087,44.19211196899414,5416100,0.0,0.0
2016-09-23 00:00:00-04:00,44.17173933510178,44.361870503633895,43.96802440842549,44.12420654296875,5154200,0.0,0.0
2016-09-26 00:00:00-04:00,43.81184622861025,44.056302090413574,43.472324773959656,43.50627899169922,5567700,0.0,0.0
2016-09-27 00:00:00-04:00,43.42478129851642,43.968014941892186,43.24822874545534,43.845787048339844,4358300,0.0,0.0
2016-09-28 00:00:00-04:00,44.097050790549304,44.097050790549304,43.3840536214258,43.60813903808594,5645600,0.0,0.0
2016-09-29 00:00:00-04:00,43.66245637879546,43.669243077054254,42.64388953557887,42.657470703125,6431200,0.0,0.0
2016-09-30 00:00:00-04:00,42.555621765592434,42.95625722225044,42.406234073348394,42.827239990234375,7325400,0.0,0.0
2016-10-03 00:00:00-04:00,42.793276575949,42.97661843854479,42.270413321214946,42.935874938964844,4239600,0.0,0.0
2016-10-04 00:00:00-04:00,42.99020929068271,43.1395969754473,42.47413520777015,42.77970504760742,4719400,0.0,0.0
2016-10-05 00:00:00-04:00,42.834019728187634,43.288977146599194,42.77969506252156,43.04452133178711,4442500,0.0,0.0
2016-10-06 00:00:00-04:00,42.8883436438894,42.92229526621628,42.48091899528138,42.66426086425781,4446100,0.0,0.0
2016-10-07 00:00:00-04:00,42.84760233015586,43.17354517409215,42.44017766074981,42.7321662902832,3812700,0.0,0.0
2016-10-10 00:00:00-04:00,42.82723243332452,43.22786781928999,42.7253749694708,42.990203857421875,3135300,0.0,0.0
2016-10-11 00:00:00-04:00,42.83401969038217,42.95624500733771,42.1346038674332,42.365478515625,5308400,0.0,0.0
2016-10-12 00:00:00-04:00,42.48883940840969,42.646458982830445,41.817241937919455,41.94744873046875,4563800,0.57,0.0
2016-10-13 00:00:00-04:00,41.77612070827734,42.221569241963394,41.58423647307799,41.90633010864258,5988600,0.0,0.0
2016-10-14 00:00:00-04:00,42.11191264608918,42.159883695675695,41.22101836404886,41.23472213745117,5606500,0.0,0.0
2016-10-17 00:00:00-04:00,41.18675577021064,41.60479149061165,41.022284328423424,41.214168548583984,6138700,0.0,0.0
2016-10-18 00:00:00-04:00,41.54311766500325,42.22842149867179,41.3923525992703,42.180450439453125,6655100,0.0,0.0
2016-10-19 00:00:00-04:00,42.51624508498772,42.59848080263215,41.920028942943205,42.098209381103516,5588900,0.0,0.0
2016-10-20 00:00:00-04:00,42.11192498825502,42.47513521706721,42.02968925260878,42.32436752319336,4391300,0.0,0.0
2016-10-21 00:00:00-04:00,42.063951845054994,42.10506840373194,41.563680338746856,41.78982925415039,4341700,0.0,0.0
2016-10-24 00:00:00-04:00,41.89262339257132,42.26953997202149,41.81723955383596,41.88576889038086,3934800,0.0,0.0
2016-10-25 00:00:00-04:00,41.84465302492247,42.25583427943293,41.769269184942665,42.180450439453125,6432800,0.0,0.0
2016-10-26 00:00:00-04:00,42.15303909467105,42.2901003889192,41.6047965319052,41.81724166870117,4560800,0.0,0.0
2016-10-27 00:00:00-04:00,42.111922525753855,42.29695488080826,41.52941267890255,42.1187744140625,6612500,0.0,0.0
2016-10-28 00:00:00-04:00,39.43922319551254,40.01487834653545,37.732818628919325,39.473487854003906,24865300,0.0,0.0
2016-10-31 00:00:00-04:00,39.10343653907299,39.2679079903446,38.18512932442235,38.22624588012695,14185800,0.0,0.0
2016-11-01 00:00:00-04:00,38.377014668642694,38.79505042527382,38.15771765110287,38.685401916503906,9799400,0.0,0.0
2016-11-02 00:00:00-04:00,38.69225590805056,39.19252741989931,38.65113934891824,38.91840744018555,9746200,0.0,0.0
2016-11-03 00:00:00-04:00,39.14455145435892,39.26105445716841,38.27421533398761,38.30162811279297,9842600,0.0,0.0
2016-11-04 00:00:00-04:00,38.42498866942665,38.97323125524637,38.287927369415,38.4044303894043,11187000,0.0,0.0
2016-11-07 00:00:00-05:00,38.93210941839424,41.91317987201953,38.81560641419561,40.371246337890625,17763100,0.0,0.0
2016-11-08 00:00:00-05:00,40.295864613955445,40.85096165645133,39.76818035202824,40.30271911621094,9353200,0.0,0.0
2016-11-09 00:00:00-05:00,43.92796430292444,44.332296187954825,41.39919469589622,42.92742156982422,18694000,0.0,0.0
2016-11-10 00:00:00-05:00,43.21525902684925,44.579014753553565,43.03022668518224,43.85944366455078,15948700,0.0,0.0
2016-11-11 00:00:00-05:00,43.544203492898944,43.756645994932484,43.03022564982193,43.24266815185547,10201600,0.0,0.0
2016-11-14 00:00:00-05:00,43.448272067658955,43.612743553932646,42.6601714687305,43.15359115600586,8315700,0.0,0.0
2016-11-15 00:00:00-05:00,43.44141465361893,43.44141465361893,42.47513624026133,43.08505630493164,5610300,0.0,0.0
2016-11-16 00:00:00-05:00,42.94799070566892,43.15358395052323,42.09136089953166,42.17359924316406,6571200,0.0,0.0
2016-11-17 00:00:00-05:00,42.3175135716973,42.481987649199304,41.89262590830505,42.28324890136719,4879500,0.0,0.0
2016-11-18 00:00:00-05:00,42.24899217425068,42.58478966653636,41.38550767991869,41.4745979309082,7023200,0.0,0.0
2016-11-21 00:00:00-05:00,41.59794612962975,41.66647547208857,41.25529418888193,41.40605926513672,6328300,0.0,0.0
2016-11-22 00:00:00-05:00,41.45403131413833,41.502002374821174,40.16565933553405,40.38495635986328,8518600,0.0,0.0
2016-11-23 00:00:00-05:00,40.30272671662157,41.37865372169076,40.15881089860924,41.24159240722656,5546600,0.0,0.0
2016-11-25 00:00:00-05:00,41.145636684859326,41.577376153652224,40.89207242184934,41.46772766113281,2941600,0.0,0.0
2016-11-28 00:00:00-05:00,40.52202001949353,41.07711450101175,40.43978166989855,40.7481689453125,6274600,0.0,0.0
2016-11-29 00:00:00-05:00,40.91264273552091,42.55737050216772,40.78928782624404,42.20786666870117,11858800,0.0,0.0
2016-11-30 00:00:00-05:00,42.235280703473705,42.379193897153066,41.54997679350307,41.66647720336914,9025200,0.0,0.0
2016-12-01 00:00:00-05:00,41.6870228628704,41.6870228628704,40.26158999625946,40.542564392089844,8266200,0.0,0.0
2016-12-02 00:00:00-05:00,40.56312605536837,41.11822300708547,40.39865462730671,40.72760009765625,8020700,0.0,0.0
2016-12-05 00:00:00-05:00,40.84410397469167,41.95429797326053,40.82354569797884,41.70758819580078,10227700,0.0,0.0
2016-12-06 00:00:00-05:00,41.63906608257338,42.29695984923321,41.34438779460569,42.22842788696289,7610400,0.0,0.0
2016-12-07 00:00:00-05:00,41.296403616897294,41.56367428047426,40.295860750118976,41.11137390136719,13095600,0.0,0.0
2016-12-08 00:00:00-05:00,41.13194008032794,41.789831191933075,40.49460724901456,41.735008239746094,9192300,0.0,0.0
2016-12-09 00:00:00-05:00,41.933741328909605,42.44086732440262,41.74870897707675,42.17359924316406,7102900,0.0,0.0
2016-12-12 00:00:00-05:00,42.16674040670679,42.79722123861874,42.15303401751019,42.5162467956543,5984500,0.0,0.0
2016-12-13 00:00:00-05:00,42.71498657849061,42.790367799604404,42.050241064191425,42.48198318481445,8599600,0.0,0.0
2016-12-14 00:00:00-05:00,42.180448144825085,42.69442599211595,42.15303536555521,42.2626838684082,5115700,0.0,0.0
2016-12-15 00:00:00-05:00,42.35178052312836,42.564225673380335,42.18045454802329,42.50254821777344,6416900,0.0,0.0
2016-12-16 00:00:00-05:00,42.571070713579594,42.824634998186774,42.372334601241484,42.63960266113281,10555800,0.0,0.0
2016-12-19 00:00:00-05:00,42.74239666112291,43.400290286501374,42.571070713579594,42.63960266113281,5976800,0.0,0.0
2016-12-20 00:00:00-05:00,42.72184275800278,42.97540445434412,42.31751337583464,42.598487854003906,5751800,0.0,0.0
2016-12-21 00:00:00-05:00,42.646455535223105,42.76981042944571,42.09821301324848,42.11191940307617,5498700,0.0,0.0
2016-12-22 00:00:00-05:00,42.20100972690886,42.43401051183576,42.043387550641214,42.25583267211914,5626000,0.0,0.0
2016-12-23 00:00:00-05:00,42.33806504707531,42.762955256412,42.125622556633324,42.72183609008789,4795900,0.0,0.0
2016-12-27 00:00:00-05:00,42.84519213743764,43.18784402342397,42.76980830424442,42.831485748291016,5396200,0.0,0.0
2016-12-28 00:00:00-05:00,42.838333884178425,43.00280792530765,42.660156069329105,42.67386245727539,5190400,0.0,0.0
2016-12-29 00:00:00-05:00,42.75611701407538,43.2152720628417,42.75611701407538,42.98912048339844,4990000,0.0,0.0
2016-12-30 00:00:00-05:00,42.98911829200685,43.126179610662,42.7698212278495,42.913734436035156,5999200,0.0,0.0
2017-01-03 00:00:00-05:00,43.119309662069725,43.19469349103981,42.447712316867786,42.769805908203125,9328200,0.0,0.0
2017-01-04 00:00:00-05:00,42.927438054436806,43.72239051417723,42.927438054436806,43.372886657714844,8674800,0.0,0.0
2017-01-05 00:00:00-05:00,43.434559912521685,43.82518290838365,43.194701990038176,43.70182800292969,5359400,0.0,0.0
2017-01-06 00:00:00-05:00,43.77720784259339,43.85944356729864,43.53049805425109,43.71553039550781,4722300,0.0,0.0
2017-01-09 00:00:00-05:00,43.72239005724643,44.11986497584921,43.688125383712446,44.00336456298828,8794500,0.0,0.0
2017-01-10 00:00:00-05:00,43.89369445340029,44.202078959411075,43.70180768179458,43.90739822387695,6523500,0.0,0.0
2017-01-11 00:00:00-05:00,43.87280557885603,44.05970487500683,41.94151549256823,42.322235107421875,13565200,0.64,0.0
2017-01-12 00:00:00-05:00,42.066121012452186,42.52298514344284,41.82384293897576,42.419151306152344,8194400,0.0,0.0
2017-01-13 00:00:00-05:00,42.46759962970246,43.201352116213876,42.25993462879659,42.910621643066406,7295100,0.0,0.0
2017-01-17 00:00:00-05:00,42.74449229191894,42.94523629027372,42.29454921155187,42.82063674926758,8446700,0.0,0.0
2017-01-18 00:00:00-05:00,42.75141073084591,43.01445448380357,42.446835560466006,42.68218994140625,5519400,0.0,0.0
2017-01-19 00:00:00-05:00,42.53682788709432,42.83448205707916,42.30839451173682,42.488372802734375,5384200,0.0,0.0
2017-01-20 00:00:00-05:00,42.50913441600658,42.758333477613874,42.2807037032691,42.329158782958984,6730000,0.0,0.0
2017-01-23 00:00:00-05:00,42.23916588937927,42.40529682193924,42.00381153441635,42.1976318359375,5244700,0.0,0.0
2017-01-24 00:00:00-05:00,42.16303157739402,42.17687626520168,41.30467941754849,41.934600830078125,6642000,0.0,0.0
2017-01-25 00:00:00-05:00,41.94844057034577,42.661427429906766,41.76846491995226,42.488372802734375,8052800,0.0,0.0
2017-01-26 00:00:00-05:00,42.33607936559543,42.84832216919919,42.27377960084097,42.41222381591797,7765300,0.0,0.0
2017-01-27 00:00:00-05:00,41.533103942871094,42.39837694168091,41.20083942820056,41.533103942871094,14151200,0.0,0.0
2017-01-30 00:00:00-05:00,41.47080326469212,41.85844651020804,41.027783921590256,41.83075714111328,7792700,0.0,0.0
2017-01-31 00:00:00-05:00,41.540026052263045,42.446833129367775,41.36005042566553,42.30146789550781,8149800,0.0,0.0
2017-02-01 00:00:00-05:00,42.273788551251066,42.29455426369791,41.72001421429907,42.14918899536133,5888700,0.0,0.0
2017-02-02 00:00:00-05:00,41.98305801457789,42.30839895219725,41.86537948263566,42.14918899536133,5365300,0.0,0.0
2017-02-03 00:00:00-05:00,42.1561112432128,42.26686610688116,41.83768869963754,41.99689865112305,6470300,0.0,0.0
2017-02-06 00:00:00-05:00,41.886138496053114,42.20456099940263,41.77538364637621,41.98305130004883,5358100,0.0,0.0
2017-02-07 00:00:00-05:00,41.9830494295119,42.135335690655154,41.80999481956437,41.92074966430664,4210300,0.0,0.0
2017-02-08 00:00:00-05:00,41.63002641212085,42.2391795228646,41.567726632151555,41.893070220947266,5357800,0.0,0.0
2017-02-09 00:00:00-05:00,41.89306092485018,42.225325464088584,41.82383749546479,42.11457061767578,4324600,0.0,0.0
2017-02-10 00:00:00-05:00,42.12149526543548,42.22532909814796,41.72000990286228,41.8238410949707,5749200,0.0,0.0
2017-02-13 00:00:00-05:00,41.93458900058037,42.12840929400366,41.830755191615914,41.886131286621094,6396000,0.0,0.0
2017-02-14 00:00:00-05:00,41.83767953279678,42.211478106003,41.636938201796696,42.10072326660156,13562200,0.0,0.0
2017-02-15 00:00:00-05:00,42.169948269604504,42.80679064032404,41.80999698599372,42.675270080566406,8927600,0.0,0.0
2017-02-16 00:00:00-05:00,42.68910721454678,42.85524079145517,42.09380161208383,42.557586669921875,5662000,0.0,0.0
2017-02-17 00:00:00-05:00,42.59912518265251,42.972923789364785,42.34300244808823,42.75833511352539,8124400,0.0,0.0
2017-02-21 00:00:00-05:00,42.80679056023142,42.99368986518189,42.571436173323846,42.799869537353516,8503500,0.0,0.0
2017-02-22 00:00:00-05:00,42.72371684749876,42.88292674904139,42.4329837711923,42.474517822265625,6422200,0.0,0.0
2017-02-23 00:00:00-05:00,42.69603905390832,43.08368238052921,42.53682910920799,42.876014709472656,8057700,0.0,0.0
2017-02-24 00:00:00-05:00,42.862157022970635,43.07674565236759,42.56450557530861,42.979835510253906,6536400,0.0,0.0
2017-02-27 00:00:00-05:00,42.93139143553151,43.173666852871506,42.69603704128523,43.0698356628418,5214100,0.0,0.0
2017-02-28 00:00:00-05:00,42.99368869807025,43.19443268393103,42.70295557361603,42.80678939819336,6756100,0.0,0.0
2017-03-01 00:00:00-05:00,43.028296789650724,43.56130528878446,42.882931555506175,43.49208450317383,7737400,0.0,0.0
2017-03-02 00:00:00-05:00,43.457474317558095,44.02509324669354,43.33287478281091,43.78281784057617,8190000,0.0,0.0
2017-03-03 00:00:00-05:00,43.6859133405588,43.976643865583206,43.492092990542524,43.845123291015625,6125800,0.0,0.0
2017-03-06 00:00:00-05:00,43.609762707819215,44.19814733890539,43.526697232506734,43.990482330322266,6837000,0.0,0.0
2017-03-07 00:00:00-05:00,43.706671290902655,44.39888972158684,43.58899542517615,44.0873908996582,9638000,0.0,0.0
2017-03-08 00:00:00-05:00,44.12891908999664,44.77268235620486,43.955864505329984,44.39888381958008,7049700,0.0,0.0
2017-03-09 00:00:00-05:00,44.398891296168216,44.80037926769339,44.336594170176916,44.64809036254883,6957000,0.0,0.0
2017-03-10 00:00:00-05:00,45.201868888055145,45.99791591564485,45.07034568677676,45.60335159301758,12788100,0.0,0.0
2017-03-13 00:00:00-04:00,45.59643552358928,45.644890608432725,45.20187118094749,45.58258819580078,7577400,0.0,0.0
2017-03-14 00:00:00-04:00,45.60335782071895,45.72103899218995,45.40953746470827,45.45799255371094,3727200,0.0,0.0
2017-03-15 00:00:00-04:00,45.4787450148869,46.23326578803745,45.46490297115154,46.067134857177734,5241200,0.0,0.0
2017-03-16 00:00:00-04:00,45.96330818451555,45.997915939833184,45.374923532036746,45.6171989440918,5162800,0.0,0.0
2017-03-17 00:00:00-04:00,45.71410767987204,45.74871543410783,45.34030907815455,45.471832275390625,11288000,0.0,0.0
2017-03-20 00:00:00-04:00,45.53412630709311,45.69333886562186,45.38183741142406,45.5479736328125,4252100,0.0,0.0
2017-03-21 00:00:00-04:00,45.65872674585864,45.686416116643926,45.021887061419456,45.236473083496094,5187400,0.0,0.0
2017-03-22 00:00:00-04:00,45.257242514326364,45.49952320832675,45.06342218409239,45.35415267944336,5662600,0.0,0.0
2017-03-23 00:00:00-04:00,45.35415341841332,45.73487570272465,45.2434012055642,45.44414520263672,4099500,0.0,0.0
2017-03-24 00:00:00-04:00,45.34723353637837,45.76256356294224,45.215710336836814,45.423377990722656,4056300,0.0,0.0
2017-03-27 00:00:00-04:00,45.2503253881476,45.880241478894945,45.16033360289223,45.75564193725586,4962300,0.0,0.0
2017-03-28 00:00:00-04:00,45.65872957744173,45.83178419467637,45.43721987862971,45.672576904296875,5067400,0.0,0.0
2017-03-29 00:00:00-04:00,45.65180213153473,45.873311811993574,45.46490548413808,45.52720260620117,3649900,0.0,0.0
2017-03-30 00:00:00-04:00,45.52028589921357,45.561817315450206,45.16725301757943,45.312618255615234,3749600,0.0,0.0
2017-03-31 00:00:00-04:00,45.312623782985725,45.354155204288496,45.09803773131047,45.10496139526367,4057800,0.0,0.0
2017-04-03 00:00:00-04:00,45.16032647143145,45.40260185269092,44.91112742750537,45.01496124267578,5229600,0.0,0.0
2017-04-04 00:00:00-04:00,45.077270495994405,45.201870036896544,44.87652649780718,45.07034683227539,3457900,0.0,0.0
2017-04-05 00:00:00-04:00,45.153420376505004,45.52029537955653,44.89729760021966,44.96651840209961,4396300,0.0,0.0
2017-04-06 00:00:00-04:00,45.01496658412829,45.12572407510774,44.75192546486387,45.04957962036133,4628400,0.0,0.0
2017-04-07 00:00:00-04:00,45.035729048033545,45.637960979118795,44.876521767733145,45.36799621582031,6089300,0.0,0.0
2017-04-10 00:00:00-04:00,45.34030169751383,45.53412198954827,44.93189540804224,44.973426818847656,7136200,0.0,0.0
2017-04-11 00:00:00-04:00,45.04333321799399,45.04333321799399,44.26732627825437,44.86855697631836,5404500,0.64,0.0
2017-04-12 00:00:00-04:00,44.86157576498859,45.02936483967807,44.512023193342266,45.001399993896484,6122000,0.0,0.0
2017-04-13 00:00:00-04:00,44.910512526470484,45.246085339222276,44.798658478052495,44.83361053466797,3896700,0.0,0.0
2017-04-17 00:00:00-04:00,45.29501489519021,45.420854012166075,44.78466588363584,44.959442138671875,4189500,0.0,0.0
2017-04-18 00:00:00-04:00,44.76370109235344,44.79865848272147,44.1275155240224,44.498043060302734,4755800,0.0,0.0
2017-04-19 00:00:00-04:00,44.67282081698545,44.69379311839791,44.260348665668225,44.35822296142578,4057100,0.0,0.0
2017-04-20 00:00:00-04:00,44.54697599578401,44.74272456234452,44.24636060178082,44.58892059326172,5708600,0.0,0.0
2017-04-21 00:00:00-04:00,44.57494649612504,44.945474066576956,44.428135043787805,44.61689376831055,4154900,0.0,0.0
2017-04-24 00:00:00-04:00,45.02236708510269,45.55368842597378,44.924492803067004,45.20413589477539,7121000,0.0,0.0
2017-04-25 00:00:00-04:00,45.39989520466874,45.88227418494921,45.3160006571745,45.511749267578125,5352900,0.0,0.0
2017-04-26 00:00:00-04:00,45.574662056224376,46.085005779788176,45.4558101384951,45.46979522705078,5008900,0.0,0.0
2017-04-27 00:00:00-04:00,45.75642189005201,47.189589329101736,45.52572128475827,46.18986892700195,11692900,0.0,0.0
2017-04-28 00:00:00-04:00,46.182888234617906,46.36465708175786,45.74944642018729,46.0989990234375,5521100,0.0,0.0
2017-05-01 00:00:00-04:00,46.14094387586764,46.609343086628854,46.09899927005305,46.47651672363281,4575800,0.0,0.0
2017-05-02 00:00:00-04:00,46.49748591605296,46.61633251374362,46.26677993200701,46.58137512207031,4342800,0.0,0.0
2017-05-03 00:00:00-04:00,46.45552687712008,46.756142251863025,46.28774316421064,46.658267974853516,4993400,0.0,0.0
2017-05-04 00:00:00-04:00,46.65825873913671,47.11967052548911,46.57436956616138,47.000823974609375,4287400,0.0,0.0
2017-05-05 00:00:00-04:00,46.972870170179654,46.99384246834864,46.36464685453779,46.833045959472656,4587800,0.0,0.0
2017-05-08 00:00:00-04:00,46.798107051904715,46.80509426409146,46.23882071947915,46.287757873535156,4497400,0.0,0.0
2017-05-09 00:00:00-04:00,46.28076081519853,46.805089700568985,46.043067614030235,46.259788513183594,4395200,0.0,0.0
2017-05-10 00:00:00-04:00,46.252799896410124,46.301737044207904,45.6935136355077,46.12696075439453,5140200,0.0,0.0
2017-05-11 00:00:00-04:00,46.071023698827545,46.11296829487978,45.20413493334266,45.65156173706055,7853800,0.0,0.0
2017-05-12 00:00:00-04:00,45.630575434865996,46.27375601002725,45.5886308467838,46.18286895751953,6093500,0.0,0.0
2017-05-15 00:00:00-04:00,46.18987863009925,46.73517981238714,46.105984089074504,46.60934066772461,8527900,0.0,0.0
2017-05-16 00:00:00-04:00,46.65128688583829,46.784113231351405,46.371643771799526,46.73517608642578,6313500,0.0,0.0
2017-05-17 00:00:00-04:00,46.73517690926543,46.73517690926543,45.16918291032507,45.700504302978516,12771400,0.0,0.0
2017-05-18 00:00:00-04:00,45.700503507814645,46.21084725732341,45.58165158404316,45.882266998291016,6001000,0.0,0.0
2017-05-19 00:00:00-04:00,45.95915931971054,46.1479206488598,45.658543968702304,45.84730529785156,6731800,0.0,0.0
2017-05-22 00:00:00-04:00,45.826341226846665,45.875278370270706,45.302012404268325,45.74943923950195,5541700,0.0,0.0
2017-05-23 00:00:00-04:00,45.74944165080748,46.32270764702486,45.74244910602161,46.02907943725586,4676500,0.0,0.0
2017-05-24 00:00:00-04:00,45.99412476750944,46.22483072859499,45.840320793452406,46.09199905395508,3174600,0.0,0.0
2017-05-25 00:00:00-04:00,46.182878104352326,46.539423174908826,46.001114630831836,46.364646911621094,4058300,0.0,0.0
2017-05-26 00:00:00-04:00,46.238798630793944,46.42755994465826,46.036057565484626,46.18286895751953,4083000,0.0,0.0
2017-05-30 00:00:00-04:00,46.06404073043034,46.2807616334152,46.00811103490221,46.15492248535156,4803900,0.0,0.0
2017-05-31 00:00:00-04:00,46.30872648117927,46.427578417613894,45.868292129831204,46.15492248535156,6935800,0.0,0.0
2017-06-01 00:00:00-04:00,46.322711013884415,46.64429875867302,46.22483671476394,46.637306213378906,4554700,0.0,0.0
2017-06-02 00:00:00-04:00,46.70721971365834,47.056772336173374,46.574393344052446,47.014827728271484,5646000,0.0,0.0
2017-06-05 00:00:00-04:00,47.01481779015176,47.44127232617496,46.756146984019274,47.19658660888672,4918100,0.0,0.0
2017-06-06 00:00:00-04:00,47.17561451327698,47.609056261847165,47.09871252554705,47.448265075683594,5494500,0.0,0.0
2017-06-07 00:00:00-04:00,47.546144045496106,48.461970110247336,47.546144045496106,48.063480377197266,8406300,0.0,0.0
2017-06-08 00:00:00-04:00,48.063495428743444,48.27322917866011,47.76987244586078,48.07048797607422,6082500,0.0,0.0
2017-06-09 00:00:00-04:00,48.09843930668797,48.81851680050296,48.042509611270475,48.70665740966797,6159800,0.0,0.0
2017-06-12 00:00:00-04:00,48.79055639640795,48.86745840117356,48.413038918581314,48.608787536621094,6084300,0.0,0.0
2017-06-13 00:00:00-04:00,48.67170535034402,48.95833570529739,48.531881111800274,48.70665740966797,5269000,0.0,0.0
2017-06-14 00:00:00-04:00,48.573834744882724,49.48966090856961,48.49693274127164,49.300899505615234,6639100,0.0,0.0
2017-06-15 00:00:00-04:00,49.17505033279471,49.3917765414445,48.85346262580478,49.35681915283203,4682700,0.0,0.0
2017-06-16 00:00:00-04:00,49.49665997562616,49.72037347003716,49.27993369428237,49.67143630981445,9342300,0.0,0.0
2017-06-19 00:00:00-04:00,49.71335815559559,50.04892557665439,49.59451158287677,49.874149322509766,6396300,0.0,0.0
2017-06-20 00:00:00-04:00,49.94406427254692,50.20272971602163,49.74831572059372,49.790260314941406,6542800,0.0,0.0
2017-06-21 00:00:00-04:00,49.71335815559559,50.125827555177864,49.67141356140024,49.874149322509766,6096800,0.0,0.0
2017-06-22 00:00:00-04:00,49.97902915382163,51.503078700100005,49.923104791583874,51.160518646240234,9998900,0.0,0.0
2017-06-23 00:00:00-04:00,51.17450199261198,51.37724315447305,50.5173466867948,50.78300476074219,7064500,0.0,0.0
2017-06-26 00:00:00-04:00,50.88786266316942,50.99272949861637,50.6222046359528,50.8529052734375,4019500,0.0,0.0
2017-06-27 00:00:00-04:00,50.824943857890574,51.076622146446084,50.51034866407077,50.60822296142578,4490600,0.0,0.0
2017-06-28 00:00:00-04:00,50.83891039819923,51.41217621657013,50.74103613655644,50.978729248046875,4196200,0.0,0.0
2017-06-29 00:00:00-04:00,51.139549438824794,51.153529196792995,50.27266043355465,50.67115020751953,4444700,0.0,0.0
2017-06-30 00:00:00-04:00,50.73406038577898,50.90883667280919,50.48238210575556,50.692115783691406,4729100,0.0,0.0
2017-07-03 00:00:00-04:00,50.86688320538366,51.02767437452851,50.594232671835364,50.62918472290039,2570700,0.0,0.0
2017-07-05 00:00:00-04:00,50.67115020751953,50.8529137298546,50.328584799177136,50.67115020751953,4751900,0.0,0.0
2017-07-06 00:00:00-04:00,50.50335989232805,50.650171349329774,49.92310661001156,50.146820068359375,4372100,0.0,0.0
2017-07-07 00:00:00-04:00,50.41246273147397,50.41246273147397,50.07688997960073,50.35653305053711,4333700,0.0,0.0
2017-07-10 00:00:00-04:00,50.19574446836374,50.48936730777173,50.041940504745774,50.21671676635742,3158300,0.0,0.0
2017-07-11 00:00:00-04:00,50.25865886113268,50.45440741099623,49.867161761405576,50.22370147705078,3535100,0.0,0.0
2017-07-12 00:00:00-04:00,50.44237860467872,50.879716424563625,50.29424753197331,50.703369140625,4860200,0.64,0.0
2017-07-13 00:00:00-04:00,50.74570314903705,51.42287616697898,50.55524504236081,51.232418060302734,5189800,0.0,0.0
2017-07-14 00:00:00-04:00,51.225367560825134,51.65565541948343,51.147774315382314,51.571006774902344,4335700,0.0,0.0
2017-07-17 00:00:00-04:00,51.56394460216037,51.82494051906394,51.274737855795,51.28178787231445,3461600,0.0,0.0
2017-07-18 00:00:00-04:00,51.23240767835282,51.39464953702585,50.61166721645203,50.95025634765625,5269100,0.0,0.0
2017-07-19 00:00:00-04:00,51.126603399658265,51.33116149902344,50.80211968371183,51.33116149902344,3904100,0.0,0.0
2017-07-20 00:00:00-04:00,51.48636384802672,52.353995060834464,51.45109761180438,52.20586395263672,5329700,0.0,0.0
2017-07-21 00:00:00-04:00,52.18469741347939,52.9324082724173,52.092993369629696,52.64319610595703,4961500,0.0,0.0
2017-07-24 00:00:00-04:00,52.64320601896139,52.7278546796026,52.085947778550974,52.13533020019531,5497800,0.0,0.0
2017-07-25 00:00:00-04:00,52.48096629368333,52.58677576763762,51.119564695761355,51.15483093261719,6354200,0.0,0.0
2017-07-26 00:00:00-04:00,51.049015834174945,51.274740151820964,50.7527482946396,51.20419692993164,4877000,0.0,0.0
2017-07-27 00:00:00-04:00,51.33822392579172,51.35233472321268,49.997983400496956,50.59756851196289,7389300,0.0,0.0
2017-07-28 00:00:00-04:00,50.534079285153794,51.09839276910583,48.93989826742769,49.68761444091797,8012400,0.0,0.0
2017-07-31 00:00:00-04:00,49.744048983301404,49.78637599907892,49.25733404625086,49.31376647949219,7770400,0.0,0.0
2017-08-01 00:00:00-04:00,49.39840522902478,49.96976876367279,49.271434956692715,49.64529037475586,6681700,0.0,0.0
2017-08-02 00:00:00-04:00,49.55359243765254,49.89923164671384,49.32786810373806,49.87807083129883,4922200,0.0,0.0
2017-08-03 00:00:00-04:00,49.80754600620125,50.089702842776084,49.631198656053726,50.075592041015625,4400400,0.0,0.0
2017-08-04 00:00:00-04:00,50.2025623483896,50.34364345752404,49.62414325517349,50.075592041015625,4732500,0.0,0.0
2017-08-07 00:00:00-04:00,50.04030015765473,50.24486362480387,49.82868129324078,50.23780822753906,3551100,0.0,0.0
2017-08-08 00:00:00-04:00,50.315419056726476,50.72454613417007,50.0896947004978,50.4141731262207,4398000,0.0,0.0
2017-08-09 00:00:00-04:00,50.2660283718354,50.88676883747391,50.15316353352383,50.802120208740234,4536300,0.0,0.0
2017-08-10 00:00:00-04:00,50.79507521327775,50.922045478082346,49.65234283003638,49.68761444091797,5940300,0.0,0.0
2017-08-11 00:00:00-04:00,49.89922179956112,50.08967986409631,49.68055290783481,49.82162857055664,3248300,0.0,0.0
2017-08-14 00:00:00-04:00,50.244870085425035,50.28719171107315,49.87100932599619,49.955657958984375,2648800,0.0,0.0
2017-08-15 00:00:00-04:00,50.139068789516166,50.181390422043485,49.57475524125198,49.6170768737793,3724100,0.0,0.0
2017-08-16 00:00:00-04:00,49.72287708369257,49.906279760002334,49.45483115807971,49.673500061035156,4751600,0.0,0.0
2017-08-17 00:00:00-04:00,49.80046897520185,49.856901394345016,49.25732174060107,49.271427154541016,5086000,0.0,0.0
2017-08-18 00:00:00-04:00,49.03866793195334,49.68763025961132,49.003401691536524,49.34904098510742,4016400,0.0,0.0
2017-08-21 00:00:00-04:00,49.32080716094329,49.96271385874098,49.31375714439247,49.871009826660156,4666400,0.0,0.0
2017-08-22 00:00:00-04:00,50.01915091576171,50.7033739213362,49.91334145908359,50.61167526245117,3589000,0.0,0.0
2017-08-23 00:00:00-04:00,50.287203478365385,50.7174913787825,50.27309267871942,50.449440002441406,3071300,0.0,0.0
2017-08-24 00:00:00-04:00,50.590518280234306,51.00669535788766,50.36479393367642,50.86561965942383,4088300,0.0,0.0
2017-08-25 00:00:00-04:00,50.943214711789714,51.33823098682879,50.93615931210884,51.126617431640625,3871200,0.0,0.0
2017-08-28 00:00:00-04:00,51.26063501467624,51.8954864099312,51.18304176738437,51.719139099121094,4574400,0.0,0.0
2017-08-29 00:00:00-04:00,51.33822573886662,52.12826358987762,51.33822573886662,52.12120819091797,3390800,0.0,0.0
2017-08-30 00:00:00-04:00,51.930747187460575,52.32576335909848,51.90253097781619,52.14236068725586,3189100,0.0,0.0
2017-08-31 00:00:00-04:00,52.27639174631915,53.186344420153,52.14236608206456,53.115806579589844,6177600,0.0,0.0
2017-09-01 00:00:00-04:00,53.32036576673632,53.609577915016516,53.087591426402064,53.2004508972168,3831700,0.0,0.0
2017-09-05 00:00:00-04:00,53.179293765305104,53.31331944151509,52.713739670705955,53.08053970336914,6309100,0.0,0.0
2017-09-06 00:00:00-04:00,53.334484139377565,54.63945323710795,53.151081418850545,54.35024642944336,7755200,0.0,0.0
2017-09-07 00:00:00-04:00,54.51952253100794,58.1593273781184,54.31495905241015,57.68671798706055,15377300,0.0,0.0
2017-09-08 00:00:00-04:00,57.34107281134953,60.72693680332918,57.214102575294596,60.19789505004883,14809100,0.0,0.0
2017-09-11 00:00:00-04:00,59.57717659046884,61.439403816856895,59.52074415774363,61.368865966796875,12687000,0.0,0.0
2017-09-12 00:00:00-04:00,61.34769693651022,62.05308610605649,61.01616316575271,61.89789962768555,11155600,0.0,0.0
2017-09-13 00:00:00-04:00,61.77798863717718,62.66677517176041,61.665123779754964,62.405784606933594,9172200,0.0,0.0
2017-09-14 00:00:00-04:00,62.236484544560554,63.00535610361877,62.18005212324658,62.934818267822266,10272200,0.0,0.0
2017-09-15 00:00:00-04:00,63.05473992031544,63.266358832196545,61.03027098652018,61.62985610961914,20441500,0.0,0.0
2017-09-18 00:00:00-04:00,61.70039916652618,61.940228930676724,60.01451927295006,60.18381118774414,9656700,0.0,0.0
2017-09-19 00:00:00-04:00,60.338987092652694,61.129024859153134,60.22612224814178,60.924461364746094,7786400,0.0,0.0
2017-09-20 00:00:00-04:00,60.945625045746155,61.70744663696989,60.839815594460816,61.6580696105957,6559400,0.0,0.0
2017-09-21 00:00:00-04:00,61.62279799960317,61.86262773293717,61.136077752705965,61.6580696105957,7340300,0.0,0.0
2017-09-22 00:00:00-04:00,61.52404055729384,61.897895933771835,61.20661222092599,61.70744323730469,6807000,0.0,0.0
2017-09-25 00:00:00-04:00,61.312425447214125,61.91906056476498,60.94562544626565,61.0655403137207,8287000,0.0,0.0
2017-09-26 00:00:00-04:00,60.910368281116085,61.305389970084896,60.07095862815617,60.204978942871094,5862400,0.0,0.0
2017-09-27 00:00:00-04:00,60.20496306685761,60.233179278750036,58.68132529651147,59.78173065185547,6581200,0.0,0.0
2017-09-28 00:00:00-04:00,61.13608096066037,64.15514588982495,60.93151744589272,62.75142288208008,14809300,0.0,0.0
2017-09-29 00:00:00-04:00,62.56098567105,63.026539862154024,61.84148549157941,62.68090057373047,6769400,0.0,0.0
2017-10-02 00:00:00-04:00,63.3016277617761,63.774242634233815,62.71615879310416,63.7601318359375,6600100,0.0,0.0
2017-10-03 00:00:00-04:00,63.79538346320474,63.936459111813306,62.79372698399627,63.27339172363281,4286900,0.0,0.0
2017-10-04 00:00:00-04:00,63.14644980326257,63.79541207026548,62.9983186912915,63.41450119018555,3251200,0.0,0.0
2017-10-05 00:00:00-04:00,63.2663640978225,63.88004930630792,63.11823299985385,63.612003326416016,4382900,0.0,0.0
2017-10-06 00:00:00-04:00,63.62611348716026,64.42320685021357,63.44976615999885,63.8306770324707,3461800,0.0,0.0
2017-10-09 00:00:00-04:00,63.88709384177175,64.32443704356604,63.59083169621369,64.03522491455078,4331500,0.0,0.0
2017-10-10 00:00:00-04:00,63.98583967800405,64.34558959811918,63.27339523510308,64.31031799316406,3560200,0.0,0.0
2017-10-11 00:00:00-04:00,64.52195509196997,65.32609840061924,64.16926046952054,65.16385650634766,6298500,0.0,0.0
2017-10-12 00:00:00-04:00,65.18517674607816,65.34144588610727,64.57431484660454,64.93656921386719,4818200,0.64,0.0
2017-10-13 00:00:00-04:00,64.92944960517077,65.24198236776265,64.31147785998449,64.40381622314453,6803900,0.0,0.0
2017-10-16 00:00:00-04:00,64.64532516955644,65.3414260484105,64.32568236583946,64.66663360595703,4640300,0.0,0.0
2017-10-17 00:00:00-04:00,64.70216288867212,65.90258903470584,64.60271987980704,65.46929931640625,5280500,0.0,0.0
2017-10-18 00:00:00-04:00,65.5971393152025,68.50231056019085,65.49059171202816,68.21818542480469,10979700,0.0,0.0
2017-10-19 00:00:00-04:00,67.83462481338705,68.63017419667872,67.13141922537804,68.53073120117188,9303700,0.0,0.0
2017-10-20 00:00:00-04:00,68.74382970034176,69.7950913247296,67.40134367208675,68.26081848144531,6882600,0.0,0.0
2017-10-23 00:00:00-04:00,68.14005547115056,68.18977696675269,67.08879402511569,67.13141632080078,4483900,0.0,0.0
2017-10-24 00:00:00-04:00,66.76914862316434,66.86859160246847,64.47484464239393,65.12833404541016,10301100,0.0,0.0
2017-10-25 00:00:00-04:00,65.19225476428778,65.40534994450553,64.44643247199674,65.18515014648438,6924800,0.0,0.0
2017-10-26 00:00:00-04:00,65.24908712445334,65.24908712445334,60.546832246314615,63.61537170410156,10307500,0.0,0.0
2017-10-27 00:00:00-04:00,65.84574930193695,67.4581563910358,64.46064666525415,65.29881286621094,9066300,0.0,0.0
2017-10-30 00:00:00-04:00,65.13542248033347,65.3911345046388,63.15366242081978,64.60979461669922,6526200,0.0,0.0
2017-10-31 00:00:00-04:00,64.55299276860374,65.22068612948009,63.95633476723625,64.10549926757812,7065600,0.0,0.0
2017-11-01 00:00:00-04:00,64.48195433111147,66.30034657478535,64.11969463845456,65.66107177734375,7048800,0.0,0.0
2017-11-02 00:00:00-04:00,65.40536011980569,65.59003685754051,64.06287436559192,64.65242767333984,4981900,0.0,0.0
2017-11-03 00:00:00-04:00,64.85130117318653,65.74628781621058,64.57428072378839,65.56871032714844,3620800,0.0,0.0
2017-11-06 00:00:00-05:00,65.5048207765151,66.4708432776841,64.93657033374353,66.03044891357422,5633600,0.0,0.0
2017-11-07 00:00:00-05:00,66.04464458526357,67.96247995190053,66.03043534653298,66.7407455444336,7014000,0.0,0.0
2017-11-08 00:00:00-05:00,66.98935218820682,68.45259486257912,66.65550553231006,67.9837875366211,6802600,0.0,0.0
2017-11-09 00:00:00-05:00,67.68544833560775,68.45258452446156,67.66413990023446,68.11163330078125,5187000,0.0,0.0
2017-11-10 00:00:00-05:00,67.72810885378425,68.14719489007085,66.45665233783986,67.7849349975586,6170100,0.0,0.0
2017-11-13 00:00:00-05:00,67.7422824363991,67.7777946931331,66.79756861564309,67.56470489501953,4035700,0.0,0.0
2017-11-14 00:00:00-05:00,67.2237529612397,67.41553973879095,66.14408390487466,67.30188751220703,4717300,0.0,0.0
2017-11-15 00:00:00-05:00,67.2166526271874,67.26637412467839,65.85996295608352,66.59868621826172,4745700,0.0,0.0
2017-11-16 00:00:00-05:00,67.08170364393541,67.6002271063474,66.25774112936665,67.10301208496094,4301600,0.0,0.0
2017-11-17 00:00:00-05:00,66.62708711306766,67.11719737907801,66.46371341157368,66.49212646484375,3386400,0.0,0.0
2017-11-20 00:00:00-05:00,66.71233782206302,66.98935838786225,65.98071912678618,66.48503875732422,4352200,0.0,0.0
2017-11-21 00:00:00-05:00,66.55606795117882,67.76359862216704,66.48503801035295,67.2521743774414,4346200,0.0,0.0
2017-11-22 00:00:00-05:00,67.25928121146448,67.76360085293855,66.92543451743187,67.10301208496094,2560700,0.0,0.0
2017-11-24 00:00:00-05:00,66.7691468642319,67.45814850214266,66.44950949906553,67.28057098388672,1932900,0.0,0.0
2017-11-27 00:00:00-05:00,67.25927807543654,67.92696601313288,67.0817005161872,67.77780151367188,3044600,0.0,0.0
2017-11-28 00:00:00-05:00,68.14716587168324,68.82195842913593,67.35872107507721,67.77780151367188,5105400,0.0,0.0
2017-11-29 00:00:00-05:00,68.01930329003807,68.43838368844807,67.50077448228625,68.06192016601562,4081400,0.0,0.0
2017-11-30 00:00:00-05:00,68.44548974994612,69.27655136444136,68.33894213852032,68.84326171875,7889600,0.0,0.0
2017-12-01 00:00:00-05:00,69.0350479164683,69.9797563343489,66.98225193610782,68.41707611083984,4823200,0.0,0.0
2017-12-04 00:00:00-05:00,68.45257688596827,68.65146281957354,67.2308428146956,67.6357192993164,4934400,0.0,0.0
2017-12-05 00:00:00-05:00,68.38867264986406,68.70121090611654,67.4794763617521,67.77070617675781,5553000,0.0,0.0
2017-12-06 00:00:00-05:00,67.97668369611237,68.04061443185573,66.3926949913208,67.05328369140625,5114200,0.0,0.0
2017-12-07 00:00:00-05:00,66.79046411635632,67.17403225673227,65.9878155788067,66.93962860107422,4524500,0.0,0.0
2017-12-08 00:00:00-05:00,67.96246975842848,68.57333687053996,67.20954279573867,68.15425109863281,5297000,0.0,0.0
2017-12-11 00:00:00-05:00,68.46679449321037,69.12027852647277,68.0264002520624,68.52362060546875,4181100,0.0,0.0
2017-12-12 00:00:00-05:00,67.99088898719982,68.67989070547405,67.30899188787053,68.40287017822266,4195200,0.0,0.0
2017-12-13 00:00:00-05:00,68.61595667869545,70.22836368987527,68.61595667869545,69.14868927001953,6148700,0.0,0.0
2017-12-14 00:00:00-05:00,69.13448877169357,69.21262332237848,67.9411674930582,68.40287017822266,3985800,0.0,0.0
2017-12-15 00:00:00-05:00,68.80063856410308,69.52515250106366,68.6443694708357,69.21971893310547,11564700,0.0,0.0
2017-12-18 00:00:00-05:00,69.37598939477007,70.39173310180678,69.29075564711479,69.74535369873047,4768300,0.0,0.0
2017-12-19 00:00:00-05:00,69.90870570398134,70.00104946807103,69.39728166027999,69.55355072021484,2817700,0.0,0.0
2017-12-20 00:00:00-05:00,69.51093676956863,70.24965981707153,69.0563388048338,69.19129943847656,3411900,0.0,0.0
2017-12-21 00:00:00-05:00,69.48253228705266,69.85899576496598,69.41150236241096,69.54646301269531,2249500,0.0,0.0
2017-12-22 00:00:00-05:00,69.51095976329576,70.10051855669516,69.40441214460814,69.75956726074219,2835600,0.0,0.0
2017-12-26 00:00:00-05:00,69.71694834962847,69.86611284375014,68.93560820074676,69.43282318115234,2363800,0.0,0.0
2017-12-27 00:00:00-05:00,69.41860975118165,69.77376480780048,69.2126191680344,69.67431640625,1927300,0.0,0.0
2017-12-28 00:00:00-05:00,69.74535254937886,69.88741240595414,69.2694406494558,69.46122741699219,1870400,0.0,0.0
2017-12-29 00:00:00-05:00,69.70984323842217,69.91583384863347,68.69409942626953,68.69409942626953,3214400,0.0,0.0
2018-01-02 00:00:00-05:00,68.99952210329324,70.24966938622208,68.72250160014934,69.90161895751953,4561300,0.0,0.0
2018-01-03 00:00:00-05:00,70.00107628648256,71.10205390641795,69.63881654686806,70.9955062866211,4702300,0.0,0.0
2018-01-04 00:00:00-05:00,71.08073769417513,71.11625536996952,69.8590033484641,70.59062194824219,3579000,0.0,0.0
2018-01-05 00:00:00-05:00,70.56219854132736,71.88337568238748,70.0081575633155,71.81945037841797,4599300,0.0,0.0
2018-01-08 00:00:00-05:00,71.94020261667767,71.94020261667767,69.73824249594699,70.66874694824219,5582000,0.0,0.0
2018-01-09 00:00:00-05:00,70.66873694728378,71.49980372550294,70.10759142425381,71.20146942138672,4055400,0.0,0.0
2018-01-10 00:00:00-05:00,70.78241610284857,71.1730834811152,70.4485694248431,70.81082916259766,4608600,0.0,0.0
2018-01-11 00:00:00-05:00,71.08982492407156,71.17567006482653,70.5103429334297,71.01828002929688,4240900,0.71,0.0
2018-01-12 00:00:00-05:00,71.06836237509977,71.99839148096777,70.58189199381988,71.78376770019531,4372600,0.0,0.0
2018-01-16 00:00:00-05:00,71.72653346926104,73.68674236906067,71.54052657190356,73.32188415527344,8528600,0.0,0.0
2018-01-17 00:00:00-05:00,73.68673929943795,75.00308231363276,73.36480912651886,74.6596908569336,5384900,0.0,0.0
2018-01-18 00:00:00-05:00,74.60962469213047,75.01024994199533,74.00153123555427,74.26622772216797,6371200,0.0,0.0
2018-01-19 00:00:00-05:00,74.63824195580841,75.02456150226787,74.08022665251464,74.86001586914062,4991300,0.0,0.0
2018-01-22 00:00:00-05:00,74.90293366858509,76.21928227535368,74.73123792269679,76.18350982666016,4538100,0.0,0.0
2018-01-23 00:00:00-05:00,75.9545904801501,76.52691698695142,75.13902875572977,75.38941955566406,5095300,0.0,0.0
2018-01-24 00:00:00-05:00,75.30355531043911,75.99749925013118,74.47368263176567,75.48240661621094,4436500,0.0,0.0
2018-01-25 00:00:00-05:00,75.79718679002023,77.52847170567063,75.64695233707086,77.4783935546875,6327500,0.0,0.0
2018-01-26 00:00:00-05:00,81.91392273796748,90.0409289589247,81.19851729920794,88.14510345458984,19614500,0.0,0.0
2018-01-29 00:00:00-05:00,86.92176689195765,88.81759252895993,85.11894746169317,87.5012435913086,10182700,0.0,0.0
2018-01-30 00:00:00-05:00,85.43371224394191,86.8859843443036,82.89402632841855,82.90117645263672,11851400,0.0,0.0
2018-01-31 00:00:00-05:00,83.13724122171386,83.34470939363243,79.61744879589455,80.28277587890625,15744800,0.0,0.0
2018-02-01 00:00:00-05:00,80.29710166778585,84.081596940606,80.28995154352712,83.23026275634766,9943500,0.0,0.0
2018-02-02 00:00:00-05:00,82.62933463490793,84.36777020529146,82.21439813805011,82.39324951171875,7184400,0.0,0.0
2018-02-05 00:00:00-05:00,80.84081088528076,82.65794127165762,78.26535251507082,78.34404754638672,9827800,0.0,0.0
2018-02-06 00:00:00-05:00,75.05317537093292,81.2128102063634,72.25593792636619,79.55307006835938,14107800,0.0,0.0
2018-02-07 00:00:00-05:00,79.78199961140474,83.59511131167693,79.68184330234138,81.28435516357422,10030800,0.0,0.0
2018-02-08 00:00:00-05:00,81.07688475231095,81.55620499805502,77.4927026359679,77.60717010498047,7212400,0.0,0.0
2018-02-09 00:00:00-05:00,78.38694983772737,80.66193865857288,76.12627217784109,79.62460327148438,8909300,0.0,0.0
2018-02-12 00:00:00-05:00,80.5331686762123,81.07687819382141,79.15959190782931,80.07530975341797,4823300,0.0,0.0
2018-02-13 00:00:00-05:00,79.79629334217178,80.41869780518887,78.97357630478825,80.02522277832031,5316200,0.0,0.0
2018-02-14 00:00:00-05:00,79.43861315770737,81.32012732104963,78.89490354674498,80.89804077148438,6189100,0.0,0.0
2018-02-15 00:00:00-05:00,81.28436284045536,83.22311080344292,80.39725622195515,82.20008087158203,7401100,0.0,0.0
2018-02-16 00:00:00-05:00,82.43616379452854,85.27631854955877,82.41469704845801,84.84707641601562,8717000,0.0,0.0
2018-02-20 00:00:00-05:00,84.21751938531347,86.95752320886004,83.85981670729777,84.40352630615234,8751400,0.0,0.0
2018-02-21 00:00:00-05:00,84.76840091370447,86.77869419279494,84.31054180471352,84.35346984863281,5122500,0.0,0.0
2018-02-22 00:00:00-05:00,84.82561115539238,85.65548397173866,83.40195605353998,84.1030502319336,5185700,0.0,0.0
2018-02-23 00:00:00-05:00,84.71115626272794,85.3550167579792,83.6237369952488,84.95439147949219,4685700,0.0,0.0
2018-02-26 00:00:00-05:00,85.32639002789307,87.07913633497286,85.161849861002,86.95036315917969,4473500,0.0,0.0
2018-02-27 00:00:00-05:00,86.71429524437241,87.27946621335016,84.53231186390497,84.60385131835938,4754300,0.0,0.0
2018-02-28 00:00:00-05:00,85.13322801172698,85.84863328913646,82.82962214517103,82.86539459228516,6660000,0.0,0.0
2018-03-01 00:00:00-05:00,82.92263624890298,83.42341780770302,79.98946996472964,81.44174194335938,7148900,0.0,0.0
2018-03-02 00:00:00-05:00,80.79790426397078,82.60787942546102,80.04672625601192,82.30025482177734,5439700,0.0,0.0
2018-03-05 00:00:00-05:00,81.5562065907518,83.21594671708132,80.76210624782468,82.74378204345703,3975700,0.0,0.0
2018-03-06 00:00:00-05:00,82.99418161541746,83.2016498354736,81.43459763198678,81.95684051513672,3650500,0.0,0.0
2018-03-07 00:00:00-05:00,80.54033727730062,82.26446136821238,80.27563532741112,82.07130432128906,5286200,0.0,0.0
2018-03-08 00:00:00-05:00,82.27161322145815,84.23897788544954,81.8065986638019,83.70957946777344,6179400,0.0,0.0
2018-03-09 00:00:00-05:00,84.31052794602984,85.60541547220878,84.1817547516615,85.34071350097656,5835600,0.0,0.0
2018-03-12 00:00:00-04:00,85.41940640129351,85.55532971665335,84.36775958322859,84.63246154785156,4892900,0.0,0.0
2018-03-13 00:00:00-04:00,85.3192374776973,86.88597137082198,84.94007354256617,85.66978454589844,5403200,0.0,0.0
2018-03-14 00:00:00-04:00,86.0918799277169,86.32796501064574,84.38206152367442,85.09031677246094,3556100,0.0,0.0
2018-03-15 00:00:00-04:00,85.13323420143448,85.49093686614638,82.18576227928891,82.2215347290039,5812400,0.0,0.0
2018-03-16 00:00:00-04:00,82.1929258424389,83.50927461462358,81.26289664063091,81.34874725341797,8879300,0.0,0.0
2018-03-19 00:00:00-04:00,81.37021616587715,82.25732287346199,79.00938140319566,80.1468734741211,8598900,0.0,0.0
2018-03-20 00:00:00-04:00,80.7692596506138,81.66351627770628,80.18977764474357,80.59040832519531,4933800,0.0,0.0
2018-03-21 00:00:00-04:00,80.89803550836046,81.40597263443503,79.93223941066631,80.44732666015625,4618000,0.0,0.0
2018-03-22 00:00:00-04:00,74.53808839318691,74.75986231470235,68.3355195917366,70.18126678466797,26861200,0.0,0.0
2018-03-23 00:00:00-04:00,70.81796548074298,71.76945579081026,69.65901244746945,69.72339630126953,14253600,0.0,0.0
2018-03-26 00:00:00-04:00,71.17568208326423,71.47615650097102,65.64560136940517,68.16382598876953,13760600,0.0,0.0
2018-03-27 00:00:00-04:00,68.32121868816043,68.47860875634179,65.18774486403152,65.82445526123047,10821300,0.0,0.0
2018-03-28 00:00:00-04:00,65.95322228191205,69.28700844135824,65.51682457303697,67.4412612915039,11154200,0.0,0.0
2018-03-29 00:00:00-04:00,67.62010569643158,68.34982214971375,66.89039470125863,67.7131118774414,7399400,0.0,0.0
2018-04-02 00:00:00-04:00,67.24811506988954,67.70597414009951,64.60111697910624,65.43098449707031,7816500,0.0,0.0
2018-04-03 00:00:00-04:00,66.06052250211555,66.14637310267102,63.11305617179808,64.80856323242188,10449200,0.0,0.0
2018-04-04 00:00:00-04:00,63.46360950481231,66.82601800739764,63.406375765457966,66.48977661132812,8841700,0.0,0.0
2018-04-05 00:00:00-04:00,66.58277835903718,66.72585725149402,65.56690403150796,65.967529296875,7045000,0.0,0.0
2018-04-06 00:00:00-04:00,65.42380561549686,66.36814029377544,63.520830556013564,64.22908020019531,6761200,0.0,0.0
2018-04-09 00:00:00-04:00,65.38088963910975,66.80454465149744,64.68694562790347,64.72987365722656,8302100,0.0,0.0
2018-04-10 00:00:00-04:00,65.4596033269114,67.52712478769176,65.05182240975671,66.97626495361328,6253700,0.0,0.0
2018-04-11 00:00:00-04:00,66.2322419907845,67.59151352195722,66.10346878345001,66.99057006835938,7135700,0.0,0.0
2018-04-12 00:00:00-04:00,67.73504371701802,67.73504371701802,66.54962667039544,66.58576965332031,6402500,0.96,0.0
2018-04-13 00:00:00-04:00,66.95442424655074,66.96165394850911,65.84128727477469,66.37617492675781,4630000,0.0,0.0
2018-04-16 00:00:00-04:00,67.14232587990223,67.57601404161592,66.72309160056652,66.93270874023438,3922500,0.0,0.0
2018-04-17 00:00:00-04:00,67.36641016395144,67.95189453643754,66.94718131672894,67.64830780029297,4474700,0.0,0.0
2018-04-18 00:00:00-04:00,67.94465599009796,68.37834418072288,67.23629438418313,68.17595672607422,5289700,0.0,0.0
2018-04-19 00:00:00-04:00,68.25549251584908,68.32777298900285,66.06536164287488,67.22909545898438,4972900,0.0,0.0
2018-04-20 00:00:00-04:00,67.51819299745982,67.80009057830594,66.51347446089866,66.93270874023438,4754800,0.0,0.0
2018-04-23 00:00:00-04:00,67.17125236663455,67.80010390928403,67.02669145585422,67.3447265625,4716300,0.0,0.0
2018-04-24 00:00:00-04:00,67.18574326932352,67.5688403717932,65.37147912644686,66.03646850585938,6378300,0.0,0.0
2018-04-25 00:00:00-04:00,65.74733285289173,66.70144960943135,65.42929209582933,66.40509796142578,5487800,0.0,0.0
2018-04-26 00:00:00-04:00,67.94467232753529,71.23348580031156,67.64109107256556,70.43115997314453,12594400,0.0,0.0
2018-04-27 00:00:00-04:00,70.43116870190741,71.81174392183318,69.6577560671687,71.36360168457031,6117600,0.0,0.0
2018-04-30 00:00:00-04:00,71.59487279931949,71.86231098745934,69.76614507159722,69.78783416748047,7449400,0.0,0.0
2018-05-01 00:00:00-04:00,73.7994774716425,74.71745644417037,73.1344883907637,73.77779388427734,11910500,0.0,0.0
2018-05-02 00:00:00-04:00,73.12725277104201,73.55371684173944,72.25264655868249,72.54900360107422,7625600,0.0,0.0
2018-05-03 00:00:00-04:00,72.42612880548526,72.83813352179031,71.39250216427845,72.48395538330078,7699500,0.0,0.0
2018-05-04 00:00:00-04:00,72.20927642696695,72.9537755804972,71.64548116563901,72.40443420410156,5224400,0.0,0.0
2018-05-07 00:00:00-04:00,72.82367753137505,73.19953924702831,71.73222434387596,72.01412200927734,6151500,0.0,0.0
2018-05-08 00:00:00-04:00,71.6526989692542,72.12253015006512,71.34188808176187,71.84786224365234,7620900,0.0,0.0
2018-05-09 00:00:00-04:00,71.87680821988778,73.75612828332521,71.48648700819238,73.13450622558594,5665600,0.0,0.0
2018-05-10 00:00:00-04:00,74.14643307603927,75.0354932658216,73.67660178555754,74.34159088134766,5369700,0.0,0.0
2018-05-11 00:00:00-04:00,74.78248944870045,75.67155492207873,73.75609278307101,75.30291748046875,6358900,0.0,0.0
2018-05-14 00:00:00-04:00,75.46196181626648,76.83531277892122,75.41136493675718,76.53895568847656,8471700,0.0,0.0
2018-05-15 00:00:00-04:00,76.17029385698626,76.30040086492833,74.87645347651909,75.30291748046875,8387600,0.0,0.0
2018-05-16 00:00:00-04:00,75.50531853695566,76.36547088412803,75.317384932816,75.92455291748047,8296700,0.0,0.0
2018-05-17 00:00:00-04:00,75.96794039413138,76.19201704479626,75.32463476553735,76.12696075439453,6702900,0.0,0.0
2018-05-18 00:00:00-04:00,76.09080752756117,77.18226079609023,75.97515988133053,76.60401153564453,5328000,0.0,0.0
2018-05-21 00:00:00-04:00,77.34127171940894,77.52197562529541,76.58231310882753,76.78470611572266,5797300,0.0,0.0
2018-05-22 00:00:00-04:00,77.01600689467152,77.51474592495919,76.69073655528854,76.78470611572266,9456800,0.0,0.0
2018-05-23 00:00:00-04:00,76.51003435424897,76.84975858722878,75.70770855306344,76.32933044433594,12816600,0.0,0.0
2018-05-24 00:00:00-04:00,75.57035804676804,75.57035804676804,73.44527884380089,74.55118560791016,13164500,0.0,0.0
2018-05-25 00:00:00-04:00,73.93681639195653,74.5512086155565,71.95630297759865,73.06221008300781,25301700,0.0,0.0
2018-05-29 00:00:00-04:00,72.47671718399135,73.43083354748627,71.50814693506038,71.89846801757812,25494700,0.0,0.0
2018-05-30 00:00:00-04:00,73.62602082508265,74.56568360917717,72.88152140313179,74.45726013183594,31273400,0.0,0.0
2018-05-31 00:00:00-04:00,72.95379021514488,73.076667562977,71.19734781000757,71.51538848876953,18910900,0.0,0.0
2018-06-01 00:00:00-04:00,70.7853304570309,71.869553834491,70.76364687182495,70.8720703125,14837300,0.0,0.0
2018-06-04 00:00:00-04:00,71.18290022758528,71.8912566016609,70.56127821747587,71.63104248046875,10922500,0.0,0.0
2018-06-05 00:00:00-04:00,71.63827470038282,72.52733505016691,71.38529027217787,71.73223876953125,10199000,0.0,0.0
2018-06-06 00:00:00-04:00,71.7394472954835,72.27432928789322,71.0672285763103,72.26710510253906,4933500,0.0,0.0
2018-06-07 00:00:00-04:00,72.46227313555134,72.52009971443643,71.46478946569117,71.79005432128906,5092500,0.0,0.0
2018-06-08 00:00:00-04:00,71.76113005783321,72.64296594971528,71.55874257733147,72.59236907958984,4012900,0.0,0.0
2018-06-11 00:00:00-04:00,72.68634334991975,73.06221059344766,71.85510972581918,72.11531829833984,5770100,0.0,0.0
2018-06-12 00:00:00-04:00,72.13700360323071,72.36830438912943,71.37081526929151,71.49369812011719,8060400,0.0,0.0
2018-06-13 00:00:00-04:00,71.50094210684739,71.72501876889217,70.48177463240158,70.5323715209961,7816200,0.0,0.0
2018-06-14 00:00:00-04:00,71.11060795835868,71.50092910567794,70.65523604380934,71.3780517578125,4648700,0.0,0.0
2018-06-15 00:00:00-04:00,71.3925093530664,72.18761109147658,70.83594365082583,71.97076416015625,20806200,0.0,0.0
2018-06-18 00:00:00-04:00,71.66716935501147,71.79727638634238,71.06000137058543,71.1828842163086,6425600,0.0,0.0
2018-06-19 00:00:00-04:00,70.75643029445962,71.11060845268229,70.06252786595049,70.84317016601562,5528300,0.0,0.0
2018-06-20 00:00:00-04:00,70.99494849461067,71.95629455773374,70.72027503963531,71.01663208007812,5842700,0.0,0.0
2018-06-21 00:00:00-04:00,70.62633519687456,70.82872275010995,68.85543859141784,69.06505584716797,7225000,0.0,0.0
2018-06-22 00:00:00-04:00,69.43368625076529,69.46982924780436,67.5326826199583,67.5760498046875,9454800,0.0,0.0
2018-06-25 00:00:00-04:00,67.561576842167,68.21933618834655,66.57131745810399,67.25799560546875,5573100,0.0,0.0
2018-06-26 00:00:00-04:00,67.48205938047874,67.84346715114769,66.55685636990941,66.58576965332031,5117100,0.0,0.0
2018-06-27 00:00:00-04:00,66.75926689212106,67.41702639425746,66.1159612793588,66.1448745727539,5833000,0.0,0.0
2018-06-28 00:00:00-04:00,66.02198819158811,66.93996728553843,65.638896725076,66.80986022949219,6698900,0.0,0.0
2018-06-29 00:00:00-04:00,67.10619565085364,68.27715887312043,66.9038081712472,66.96886444091797,6787900,0.0,0.0
2018-07-02 00:00:00-04:00,66.54241004005388,67.43870545789294,66.39061940831807,67.3013687133789,3854500,0.0,0.0
2018-07-03 00:00:00-04:00,67.64110479916454,68.2121299506183,67.3086101884409,67.66278839111328,2452400,0.0,0.0
2018-07-05 00:00:00-04:00,68.27718183072056,68.71087022065042,67.908544217689,68.29164123535156,4744000,0.0,0.0
2018-07-06 00:00:00-04:00,68.81205393804768,70.16372131186135,68.63857971035728,70.0552978515625,5867400,0.0,0.0
2018-07-09 00:00:00-04:00,70.82150036967677,71.08893870842856,70.05531180832826,70.14205169677734,5953100,0.0,0.0
2018-07-10 00:00:00-04:00,70.1926244273282,71.52260250457525,69.88181349400375,71.4430923461914,5119900,0.0,0.0
2018-07-11 00:00:00-04:00,69.57823523319671,70.47452508504935,68.57352193213022,68.6385726928711,6230000,0.0,0.0
2018-07-12 00:00:00-04:00,69.3103480191739,69.85799616516162,68.71158626906593,69.8141860961914,4672000,0.96,0.0
2018-07-13 00:00:00-04:00,69.33955435372695,70.72693072636832,69.32495285486254,70.5589828491211,3712400,0.0,0.0
2018-07-16 00:00:00-04:00,70.65391168441357,70.69772175172005,69.5586154340331,70.28150939941406,3783500,0.0,0.0
2018-07-17 00:00:00-04:00,70.29613202794324,70.95331108990067,69.60974995964682,69.66816711425781,5107500,0.0,0.0
2018-07-18 00:00:00-04:00,69.56592479700365,69.68275909025179,68.87954282255083,68.93065643310547,5521900,0.0,0.0
2018-07-19 00:00:00-04:00,68.06903168425359,68.11284176431597,64.0821528405487,65.68128204345703,19747200,0.0,0.0
2018-07-20 00:00:00-04:00,64.77584735353925,65.45493154279109,63.35196384589853,64.92189025878906,11791900,0.0,0.0
2018-07-23 00:00:00-04:00,65.11172280540163,65.71048465273005,64.72471894408724,65.27967071533203,6316800,0.0,0.0
2018-07-24 00:00:00-04:00,66.09019010609408,66.89340639772176,65.53523833856559,66.84229278564453,7965000,0.0,0.0
2018-07-25 00:00:00-04:00,66.50639096951058,68.2807711528995,66.50639096951058,67.9959945678711,7494300,0.0,0.0
2018-07-26 00:00:00-04:00,68.6020703046244,69.04749133832871,67.57249446526772,68.59477233886719,6812400,0.0,0.0
2018-07-27 00:00:00-04:00,66.69625466467929,67.3753387426201,64.81964681481628,66.12670135498047,12905800,0.0,0.0
2018-07-30 00:00:00-04:00,66.20703503144603,66.84230914067325,65.26507917471625,66.7765884399414,6466000,0.0,0.0
2018-07-31 00:00:00-04:00,66.92262198690236,67.6382126309937,66.68895893991814,67.34613800048828,8691800,0.0,0.0
2018-08-01 00:00:00-04:00,67.38994607337999,68.98908081130268,67.38264253654498,68.57286834716797,5330400,0.0,0.0
2018-08-02 00:00:00-04:00,68.33190053887309,69.99675036540904,68.20776826974647,69.45640563964844,6023200,0.0,0.0
2018-08-03 00:00:00-04:00,69.28846099082712,70.71964784908477,69.23734737342387,70.4859848022461,4876100,0.0,0.0
2018-08-06 00:00:00-04:00,70.28884616483708,71.2308020540098,69.90914016545078,70.87300109863281,5134200,0.0,0.0
2018-08-07 00:00:00-04:00,71.04820899617623,71.81491292087613,68.44870247314849,68.68236541748047,8890900,0.0,0.0
2018-08-08 00:00:00-04:00,68.28806750249854,68.69698188927988,67.81344358598209,68.44141387939453,4535100,0.0,0.0
2018-08-09 00:00:00-04:00,68.7846133738412,70.20119853519483,68.25157223254563,69.71196746826172,6176100,0.0,0.0
2018-08-10 00:00:00-04:00,69.62433439980914,70.63930853582531,69.59512582966187,69.95292663574219,4446800,0.0,0.0
2018-08-13 00:00:00-04:00,70.09898757192269,71.25270141274267,69.96024820964382,70.66854095458984,5920000,0.0,0.0
2018-08-14 00:00:00-04:00,70.62471052177901,71.08473298963064,69.90911444526664,70.0405502319336,5580800,0.0,0.0
2018-08-15 00:00:00-04:00,70.04055156822145,71.40602306848153,69.81419209779625,71.15775299072266,6861500,0.0,0.0
2018-08-16 00:00:00-04:00,71.4425377977687,72.03400170236034,70.87298450302322,71.72001647949219,6332900,0.0,0.0
2018-08-17 00:00:00-04:00,71.72001915989819,72.39910324538951,70.40566106831292,72.15083312988281,6307300,0.0,0.0
2018-08-20 00:00:00-04:00,72.53051598163243,73.1876948183678,71.17234824270089,71.28917694091797,6172500,0.0,0.0
2018-08-21 00:00:00-04:00,71.45715546359675,71.59589482502481,70.6831475966128,71.3695297241211,3528400,0.0,0.0
2018-08-22 00:00:00-04:00,71.44254611256996,71.79304348834138,70.92410637186163,71.2965087890625,2963300,0.0,0.0
2018-08-23 00:00:00-04:00,71.33301285848519,71.44984158991859,70.74885248841974,70.93870544433594,2137500,0.0,0.0
2018-08-24 00:00:00-04:00,70.93140101376163,71.25998773592849,70.50058706376659,71.12125396728516,2996100,0.0,0.0
2018-08-27 00:00:00-04:00,71.63968766150623,71.77842698953178,71.04822938260253,71.57396697998047,2456000,0.0,0.0
2018-08-28 00:00:00-04:00,71.40600857497178,72.07048535078607,70.90217055690727,71.01900482177734,3515400,0.0,0.0
2018-08-29 00:00:00-04:00,71.14314717132322,71.43522730408748,70.12086949213092,71.25267791748047,3637100,0.0,0.0
2018-08-30 00:00:00-04:00,71.19427434400727,71.36222226291571,70.50788673685328,70.67583465576172,3434400,0.0,0.0
2018-08-31 00:00:00-04:00,70.28151673915968,70.60280545553334,69.89451291496346,70.08436584472656,4703100,0.0,0.0
2018-09-04 00:00:00-04:00,70.07705118629949,70.07705118629949,68.69697843141974,69.04747009277344,4456100,0.0,0.0
2018-09-05 00:00:00-04:00,68.88682738191953,69.55130976078374,68.70427801246865,69.50749969482422,5188800,0.0,0.0
2018-09-06 00:00:00-04:00,69.21544799285215,69.42720601682822,67.7550524379553,68.44873809814453,5416300,0.0,0.0
2018-09-07 00:00:00-04:00,68.38301024888841,68.8941463696135,66.88610285524712,68.76271057128906,4051700,0.0,0.0
2018-09-10 00:00:00-04:00,69.3541498631297,69.49288357759336,68.41949253362279,68.50711822509766,3156800,0.0,0.0
2018-09-11 00:00:00-04:00,68.43411753921238,68.44142107482402,67.82074868003764,68.03981018066406,2638500,0.0,0.0
2018-09-12 00:00:00-04:00,67.46295135927933,68.59475979285735,67.20738333036451,68.0836181640625,3304700,0.0,0.0
2018-09-13 00:00:00-04:00,68.21507243595656,70.36915914002573,68.20777446955601,70.33995056152344,4850700,0.0,0.0
2018-09-14 00:00:00-04:00,70.31073167662223,70.39105386298796,69.31035890068188,69.86531066894531,3446000,0.0,0.0
2018-09-17 00:00:00-04:00,69.66086683325356,70.21581868606435,69.22274929512578,69.63896179199219,3987200,0.0,0.0
2018-09-18 00:00:00-04:00,69.62432808235712,70.14276762075852,67.47755129549132,67.62358856201172,10240500,0.0,0.0
2018-09-19 00:00:00-04:00,66.96643128096204,67.35343517570733,66.00987406406584,66.46259307861328,8451400,0.0,0.0
2018-09-20 00:00:00-04:00,66.76196614361426,67.99600185835988,66.17050787605713,67.67471313476562,5991200,0.0,0.0
2018-09-21 00:00:00-04:00,67.79884060878652,68.1493378799038,67.21468591821123,67.36802673339844,9953500,0.0,0.0
2018-09-24 00:00:00-04:00,67.3972396394358,68.6239718108179,67.14166602671685,68.21505737304688,5910300,0.0,0.0
2018-09-25 00:00:00-04:00,68.2588722301985,69.1058985261036,68.20045508676631,68.4779281616211,5303900,0.0,0.0
2018-09-26 00:00:00-04:00,68.85033408553114,69.44909590958989,68.52904535082841,68.77001190185547,4656200,0.0,0.0
2018-09-27 00:00:00-04:00,68.89414741814113,69.28845481911556,68.60937077926503,68.74080657958984,3028600,0.0,0.0
2018-09-28 00:00:00-04:00,68.63857966457446,69.48561161960524,68.5217453655498,69.06209564208984,4527900,0.0,0.0
2018-10-01 00:00:00-04:00,69.17891386307126,69.83609276785589,68.87953576648141,69.36876678466797,3763800,0.0,0.0
2018-10-02 00:00:00-04:00,69.61704044055581,69.62434397683853,68.25157441687877,68.80652618408203,6792200,0.0,0.0
2018-10-03 00:00:00-04:00,69.10588964543135,70.53707604980836,69.07668107746879,70.10626220703125,4796800,0.0,0.0
2018-10-04 00:00:00-04:00,69.96024180425754,69.96024180425754,68.09824095993872,68.5217514038086,4425400,0.0,0.0
2018-10-05 00:00:00-04:00,68.71159931666791,69.56592924960532,67.84266788162279,68.91605377197266,4190100,0.0,0.0
2018-10-08 00:00:00-04:00,68.68969677085312,69.6389560003218,68.45603373188692,69.23004150390625,3305500,0.0,0.0
2018-10-09 00:00:00-04:00,69.15702154095253,69.55863249297123,68.49254454966345,69.05479431152344,3625600,0.0,0.0
2018-10-10 00:00:00-04:00,68.5290619850292,69.65356725847656,67.90109143529929,67.96681213378906,5310800,0.0,0.0
2018-10-11 00:00:00-04:00,67.90837668853985,68.1858497705368,65.43300727427999,66.22891998291016,9994400,0.0,0.0
2018-10-12 00:00:00-04:00,66.9448037858751,67.21786917580089,65.60900913659798,66.93004608154297,5709600,0.96,0.0
2018-10-15 00:00:00-04:00,66.79718889564454,66.86360699574522,65.81563568115234,65.81563568115234,4827900,0.0,0.0
2018-10-16 00:00:00-04:00,66.25845840640645,67.88208186133191,66.07395612497602,67.8304214477539,3787100,0.0,0.0
2018-10-17 00:00:00-04:00,67.76399040551357,68.1994186707195,67.03336302623968,68.0960922241211,2857400,0.0,0.0
2018-10-18 00:00:00-04:00,67.7861229955632,68.19203018264818,65.84516142496052,66.34700775146484,4422300,0.0,0.0
2018-10-19 00:00:00-04:00,65.87470097477478,66.4134445229892,64.92266845703125,64.92266845703125,7059400,0.0,0.0
2018-10-22 00:00:00-04:00,65.33594857353997,65.33594857353997,61.62376348260372,62.1920280456543,7621100,0.0,0.0
2018-10-23 00:00:00-04:00,60.94478595658497,62.4281800262974,60.14773486713349,61.22522735595703,8096200,0.0,0.0
2018-10-24 00:00:00-04:00,61.136662540150866,61.350685824707924,58.49459461308501,58.60529708862305,8689100,0.0,0.0
2018-10-25 00:00:00-04:00,59.33593611430163,61.39498229515634,58.789810926042584,60.31748962402344,9173500,0.0,0.0
2018-10-26 00:00:00-04:00,59.793491524568026,60.16987772147881,58.62005982260691,59.62375259399414,6181500,0.0,0.0
2018-10-29 00:00:00-04:00,60.627442323698524,61.38020904919145,58.996443059662184,60.04441452026367,4343900,0.0,0.0
2018-10-30 00:00:00-04:00,60.4650907764802,61.16619722709514,59.136672034663086,60.21416473388672,5243100,0.0,0.0
2018-10-31 00:00:00-04:00,59.76397823684667,60.206782562149826,57.37282474519716,57.45400619506836,14068500,0.0,0.0
2018-11-01 00:00:00-04:00,57.35068278292802,59.520431198634974,57.19570155760069,59.19570541381836,10671700,0.0,0.0
2018-11-02 00:00:00-04:00,62.125583340746566,62.30270388283687,58.12557684596395,58.715980529785156,12781500,0.0,0.0
2018-11-05 00:00:00-05:00,58.634803231017116,61.86728572717015,58.5019614074689,60.94477462768555,10315600,0.0,0.0
2018-11-06 00:00:00-05:00,61.055476625692314,62.16248993673267,60.74550861937476,61.741825103759766,7945500,0.0,0.0
2018-11-07 00:00:00-05:00,62.10347264980959,64.36916057167856,62.096090981567585,64.17727661132812,10378000,0.0,0.0
2018-11-08 00:00:00-05:00,64.30271171278659,66.20677597527299,64.20677258535063,64.74552154541016,9333200,0.0,0.0
2018-11-09 00:00:00-05:00,64.81934393451796,66.07395721675042,64.62007831416537,65.52783203125,9169800,0.0,0.0
2018-11-12 00:00:00-05:00,65.49830156871711,66.33963141447877,65.31379931077707,66.19203186035156,9344700,0.0,0.0
2018-11-13 00:00:00-05:00,66.42080218126998,67.07024799781816,65.09238388542012,65.10714721679688,7237200,0.0,0.0
2018-11-14 00:00:00-05:00,65.71969940387113,65.97800141086469,63.800871624921335,65.17356872558594,7268200,0.0,0.0
2018-11-15 00:00:00-05:00,64.67172758146435,66.63483425262113,63.43925388491448,66.52413177490234,10365700,0.0,0.0
2018-11-16 00:00:00-05:00,66.22155204308942,67.89683004612813,65.83040253162986,67.54996490478516,8691100,0.0,0.0
2018-11-19 00:00:00-05:00,67.37284283903553,68.14774891706314,65.76398298059866,66.03704833984375,5971700,0.0,0.0
2018-11-20 00:00:00-05:00,65.68280615534276,66.20679191080218,64.84147627975301,65.01121520996094,5372900,0.0,0.0
2018-11-21 00:00:00-05:00,65.31380323495178,65.52044487537012,63.00383685375765,63.57948303222656,6532500,0.0,0.0
2018-11-23 00:00:00-05:00,63.1735698592004,63.87468179403341,62.656965806638716,63.195709228515625,1612800,0.0,0.0
2018-11-26 00:00:00-05:00,63.75658410645354,64.39127216795214,62.885733438157374,63.64588165283203,5227900,0.0,0.0
2018-11-27 00:00:00-05:00,63.63114089062054,64.72339112633432,63.09977347624641,64.70863342285156,4338300,0.0,0.0
2018-11-28 00:00:00-05:00,64.97431764328947,65.65328462010324,63.88206176838547,65.6385269165039,3953600,0.0,0.0
2018-11-29 00:00:00-05:00,65.69018376812055,66.66435543923403,65.21047678396395,66.3543930053711,3838000,0.0,0.0
2018-11-30 00:00:00-05:00,66.61270069975572,69.57211303710938,66.32487761089153,69.57211303710938,12031700,0.0,0.0
2018-12-03 00:00:00-05:00,69.60901604723436,69.90422080469739,68.50200242966984,69.12193298339844,6673900,0.0,0.0
2018-12-04 00:00:00-05:00,69.31382389298653,70.09611748709104,66.71603394219753,66.82673645019531,7008400,0.0,0.0
2018-12-06 00:00:00-05:00,66.19939558053096,66.77504724787835,64.33223397844557,66.66434478759766,8734300,0.0,0.0
2018-12-07 00:00:00-05:00,66.36916474246635,66.4208251590342,63.74185390462253,64.17727661132812,6737700,0.0,0.0
2018-12-10 00:00:00-05:00,63.96323692037614,64.85622711016127,62.435558557593055,64.65696716308594,5229400,0.0,0.0
2018-12-11 00:00:00-05:00,65.40234355287032,66.00751055909917,63.955846943605245,65.07023620605469,5098100,0.0,0.0
2018-12-12 00:00:00-05:00,65.91896351009471,66.54627003260549,65.21047554731716,65.3875961303711,4185100,0.0,0.0
2018-12-13 00:00:00-05:00,65.95588721466069,66.41344933579896,64.4798687478898,64.73078918457031,4078600,0.0,0.0
2018-12-14 00:00:00-05:00,64.05917879807036,64.32486246921233,62.78980250940571,63.180946350097656,5461600,0.0,0.0
2018-12-17 00:00:00-05:00,62.782424659647155,64.11821913201355,62.14035481026527,62.67910385131836,5958200,0.0,0.0
2018-12-18 00:00:00-05:00,63.07025143665608,63.09977247371474,61.107150332032795,61.682796478271484,5288600,0.0,0.0
2018-12-19 00:00:00-05:00,62.23631435538836,63.69019331412245,60.99645873058313,61.63852310180664,5510800,0.0,0.0
2018-12-20 00:00:00-05:00,61.247350110279186,63.82300493409903,60.819309275896664,63.003814697265625,9453300,0.0,0.0
2018-12-21 00:00:00-05:00,62.45768772319565,65.46876521987828,61.417098159680194,62.67171096801758,16044700,0.0,0.0
2018-12-24 00:00:00-05:00,62.62005068459982,63.79348770063558,61.69753960901479,62.1108283996582,5097900,0.0,0.0
2018-12-26 00:00:00-05:00,62.53887764277681,65.74921549004311,62.450320171208496,65.71231842041016,6225000,0.0,0.0
2018-12-27 00:00:00-05:00,64.90789038622017,66.36915070817136,64.10346326540036,66.3543930053711,7272800,0.0,0.0
2018-12-28 00:00:00-05:00,66.48722156342632,68.50198841257314,66.42080346263309,67.24737548828125,6037700,0.0,0.0
2018-12-31 00:00:00-05:00,67.60162012225157,68.6274521339816,67.32856040854139,68.03704833984375,5722100,0.0,0.0
2019-01-02 00:00:00-05:00,67.3359329524156,67.35069628407638,65.25474800258651,65.8525390625,6908400,0.0,0.0
2019-01-03 00:00:00-05:00,65.41710864299932,65.53519277002505,63.527807655076515,63.68278884887695,7653200,0.0,0.0
2019-01-04 00:00:00-05:00,64.76030233799358,65.7861345969481,63.66804632823557,65.7344741821289,8910600,0.0,0.0
2019-01-07 00:00:00-05:00,66.4724808163194,66.98170890785926,65.83041085875014,66.69388580322266,7281500,0.0,0.0
2019-01-08 00:00:00-05:00,67.3064260105008,68.11824050496172,66.71602212337577,67.00384521484375,7478300,0.0,0.0
2019-01-09 00:00:00-05:00,67.07023693526857,67.44662299543852,64.54624822002111,64.80455017089844,9971900,0.0,0.0
2019-01-10 00:00:00-05:00,64.8562293114721,65.59423831623398,64.29534652185762,65.09239196777344,6527700,0.0,0.0
2019-01-11 00:00:00-05:00,64.6053043102001,65.17356872558594,64.6053043102001,65.17356872558594,5318100,0.0,0.0
2019-01-14 00:00:00-05:00,64.97188081324701,64.97188081324701,63.11916746080906,63.32087707519531,6368500,1.07,0.0
2019-01-15 00:00:00-05:00,63.4478861227603,64.00818183006139,63.089294362253625,63.87371063232422,7295500,0.0,0.0
2019-01-16 00:00:00-05:00,63.993226026918556,64.53857717791034,63.83633825510986,63.911048889160156,4927000,0.0,0.0
2019-01-17 00:00:00-05:00,63.903574194485785,65.50975587038896,63.813924856893195,65.14369201660156,6438700,0.0,0.0
2019-01-18 00:00:00-05:00,66.07752993324506,67.07859443651198,64.93452774415537,66.86194610595703,6190000,0.0,0.0
2019-01-22 00:00:00-05:00,66.38381538025573,66.75734573657064,65.66663778008561,66.23440551757812,5664600,0.0,0.0
2019-01-23 00:00:00-05:00,66.36886019367334,66.69756867771581,65.51721157558148,66.07750701904297,4969300,0.0,0.0
2019-01-24 00:00:00-05:00,65.98788768619596,66.07006483745624,63.574878580286104,64.15758514404297,8372600,0.0,0.0
2019-01-25 00:00:00-05:00,61.63998061790096,61.714685548782754,59.33903226916803,60.168270111083984,21308600,0.0,0.0
2019-01-28 00:00:00-05:00,59.764851654067385,59.839556578710884,57.2846105384084,57.628257751464844,14718800,0.0,0.0
2019-01-29 00:00:00-05:00,57.546077884627465,58.39026002180562,56.604779919998606,57.874786376953125,13909000,0.0,0.0
2019-01-30 00:00:00-05:00,58.039152473255534,59.159743617213124,57.508740015736834,59.0626220703125,9277200,0.0,0.0
2019-01-31 00:00:00-05:00,58.980434509397874,60.74349805368441,58.80114155393729,59.98149871826172,11563900,0.0,0.0
2019-02-01 00:00:00-05:00,59.951605388096404,60.31019693750257,59.099956870328505,60.138370513916016,6759500,0.0,0.0
2019-02-04 00:00:00-05:00,59.98898399320099,60.03380581692859,57.91215019975154,58.666683197021484,10205600,0.0,0.0
2019-02-05 00:00:00-05:00,58.689093271939974,59.80968444612185,58.43509534161038,59.53327560424805,7965500,0.0,0.0
2019-02-06 00:00:00-05:00,59.46603715330648,59.68268546420875,58.86091974329694,59.07756805419922,4907200,0.0,0.0
2019-02-07 00:00:00-05:00,58.53220869107652,59.18215359620079,58.12879520164986,59.144798278808594,5877500,0.0,0.0
2019-02-08 00:00:00-05:00,59.040199835850615,59.66026151782584,58.93561180511024,59.51831817626953,4598900,0.0,0.0
2019-02-11 00:00:00-05:00,59.68266307557088,59.89931130520234,59.14477860195061,59.593013763427734,4803500,0.0,0.0
2019-02-12 00:00:00-05:00,59.75738056203272,59.8545020955322,58.696555793371374,59.71255874633789,6620100,0.0,0.0
2019-02-13 00:00:00-05:00,60.01886073088447,60.750982808015515,59.98151111140748,60.35504150390625,4237200,0.0,0.0
2019-02-14 00:00:00-05:00,60.10102629560872,60.272852750891715,59.555675219402545,60.1533203125,3436300,0.0,0.0
2019-02-15 00:00:00-05:00,60.60902499601586,61.034849314034886,59.88438099488321,60.39984893798828,6295400,0.0,0.0
2019-02-19 00:00:00-05:00,60.13838160751122,60.900380953587096,59.936677742250666,60.1533203125,5674700,0.0,0.0
2019-02-20 00:00:00-05:00,60.160787204346185,60.21308121662142,59.12237346086667,59.75737380981445,5564100,0.0,0.0
2019-02-21 00:00:00-05:00,59.57063576808451,59.69764045535158,58.34545632341566,58.83104705810547,6360800,0.0,0.0
2019-02-22 00:00:00-05:00,59.13733339533568,59.906805077879625,58.45003315398782,59.77980041503906,5022700,0.0,0.0
2019-02-25 00:00:00-05:00,60.10849765756212,60.2280300942827,59.67520112388045,59.98149871826172,5511800,0.0,0.0
2019-02-26 00:00:00-05:00,59.914254671064796,60.40731737680251,59.779783542192675,60.14584732055664,4283100,0.0,0.0
2019-02-27 00:00:00-05:00,59.86944783343577,59.86944783343577,58.86838916785884,59.3240966796875,4175500,0.0,0.0
2019-02-28 00:00:00-05:00,59.3614444200759,59.54820960099721,58.83103199021389,59.19709014892578,6310800,0.0,0.0
2019-03-01 00:00:00-05:00,59.593045257225015,60.399872394048295,59.226987013519434,59.839576721191406,8567900,0.0,0.0
2019-03-04 00:00:00-05:00,60.063673728476985,60.310205095816436,59.09996486493012,59.36143493652344,5872500,0.0,0.0
2019-03-05 00:00:00-05:00,59.301682933341574,59.69015773249047,58.808625780109764,58.95056915283203,5933100,0.0,0.0
2019-03-06 00:00:00-05:00,59.11491459096425,59.11491459096425,57.942029451462176,58.33797073364258,5293200,0.0,0.0
2019-03-07 00:00:00-05:00,58.09891181730118,59.107448385985286,57.85238610237197,58.45003128051758,6642500,0.0,0.0
2019-03-08 00:00:00-05:00,58.0242105799702,58.30062512598505,57.59091395095932,57.95697784423828,6189100,0.0,0.0
2019-03-11 00:00:00-04:00,57.94949141915727,58.502314675898475,57.72537095580859,58.33049392700195,8078100,0.0,0.0
2019-03-12 00:00:00-04:00,58.629330928278314,59.12238806587043,58.30809457362691,58.82356262207031,6128800,0.0,0.0
2019-03-13 00:00:00-04:00,58.95802004678568,59.241906717066314,58.38278590371482,58.965492248535156,5984500,0.0,0.0
2019-03-14 00:00:00-04:00,59.017795527638256,60.063681651596525,58.57703244875618,59.727500915527344,6161800,0.0,0.0
2019-03-15 00:00:00-04:00,59.8096818826452,60.8555680736453,59.09997644926363,60.76591873168945,12751100,0.0,0.0
2019-03-18 00:00:00-04:00,60.76591047714863,61.07220807917391,59.97402801278344,60.25044250488281,5550100,0.0,0.0
2019-03-19 00:00:00-04:00,60.01139086738133,60.72856849687748,59.39880128596039,60.37744903564453,6335500,0.0,0.0
2019-03-20 00:00:00-04:00,60.30272688140959,60.44467020595929,59.8096641958914,60.08607864379883,5360900,0.0,0.0
2019-03-21 00:00:00-04:00,59.675193655165565,60.74349045126566,59.212019769893075,60.69119644165039,5159200,0.0,0.0
2019-03-22 00:00:00-04:00,60.34757466435668,61.2515176105991,59.533281072146465,59.585575103759766,4992500,0.0,0.0
2019-03-25 00:00:00-04:00,59.391323878871965,59.79473732879614,58.57703047597327,59.39879608154297,4008400,0.0,0.0
2019-03-26 00:00:00-04:00,59.652809655630755,60.653874190705956,59.615460031699875,60.332637786865234,4921900,0.0,0.0
2019-03-27 00:00:00-04:00,60.511919914372,60.511919914372,59.61544930660013,59.682682037353516,4006200,0.0,0.0
2019-03-28 00:00:00-04:00,60.01139225540064,60.13091901327065,59.39133045631242,59.73497772216797,3071000,0.0,0.0
2019-03-29 00:00:00-04:00,59.824611582417916,60.43720101946681,59.73496226250108,60.20560836791992,7105900,0.0,0.0
2019-04-01 00:00:00-04:00,60.49697643849949,60.59409227513922,59.74244355500416,60.34756088256836,4759400,0.0,0.0
2019-04-02 00:00:00-04:00,60.42974545267906,62.37210232193375,60.362512718948814,62.0583381652832,6355800,0.0,0.0
2019-04-03 00:00:00-04:00,62.469209305628375,63.29844702602849,61.84914764089314,62.0657958984375,6083500,0.0,0.0
2019-04-04 00:00:00-04:00,62.03593172255469,62.28992966777097,61.31128180883965,61.864105224609375,4827900,0.0,0.0
2019-04-05 00:00:00-04:00,61.8715740631214,62.887577187962215,61.75951380530691,62.342220306396484,3996300,0.0,0.0
2019-04-08 00:00:00-04:00,62.52897359707568,62.75309407003108,61.841679172788986,62.738155364990234,3499200,0.0,0.0
2019-04-09 00:00:00-04:00,62.58126571912133,62.588737921225686,61.63250123819653,61.774444580078125,3712700,0.0,0.0
2019-04-10 00:00:00-04:00,62.15544650608001,62.28991765691901,61.70721123649024,61.96868133544922,3641900,0.0,0.0
2019-04-11 00:00:00-04:00,62.15546312210042,62.192818446061054,60.68375797178019,61.08716583251953,9094200,0.0,0.0
2019-04-12 00:00:00-04:00,61.06443836629243,61.92737903874674,60.43615527707996,61.147705078125,5011500,1.07,0.0
2019-04-15 00:00:00-04:00,61.28395338786994,61.70028690773502,60.83734631673378,61.33694076538086,3495500,0.0,0.0
2019-04-16 00:00:00-04:00,61.39751817412919,61.54134357496245,60.5724221577605,60.71624755859375,3624700,0.0,0.0
2019-04-17 00:00:00-04:00,60.63295819480991,60.70865361823602,58.70269890908642,59.028194427490234,6817100,0.0,0.0
2019-04-18 00:00:00-04:00,59.088765276398284,59.20231133367439,58.14255775775141,58.71785354614258,7784900,0.0,0.0
2019-04-22 00:00:00-04:00,58.74056864503611,59.87601780354271,58.66487318950762,59.15690231323242,5358600,0.0,0.0
2019-04-23 00:00:00-04:00,59.15688402085054,60.299904104025366,58.854096517170895,59.542938232421875,9920600,0.0,0.0
2019-04-24 00:00:00-04:00,59.9744037436713,60.24690612244238,59.376400059987745,59.550498962402344,7056400,0.0,0.0
2019-04-25 00:00:00-04:00,60.59513300072667,60.91305734722354,58.21826012896768,60.057682037353516,10442900,0.0,0.0
2019-04-26 00:00:00-04:00,60.30746162862014,61.049290625764876,60.10308341140147,60.330169677734375,5790000,0.0,0.0
2019-04-29 00:00:00-04:00,60.90548962049651,61.29911521308113,60.48916174491576,60.78437805175781,6444500,0.0,0.0
2019-04-30 00:00:00-04:00,61.07202606927532,61.07959734743974,59.558093847206216,60.09553909301758,9367400,0.0,0.0
2019-05-01 00:00:00-04:00,60.25448612624156,60.31504478593708,59.50509148188232,59.717041015625,5231700,0.0,0.0
2019-05-02 00:00:00-04:00,59.59593692654261,59.633781762192754,58.740561633117736,59.39912414550781,5206300,0.0,0.0
2019-05-03 00:00:00-04:00,59.58837038059133,59.6489290526707,59.23259540111607,59.5807991027832,4527300,0.0,0.0
2019-05-06 00:00:00-04:00,58.85410724150421,60.19393453730013,58.54374840550171,59.997127532958984,5413200,0.0,0.0
2019-05-07 00:00:00-04:00,59.4975183373559,59.792734575112,58.415056873853025,59.005489349365234,4275300,0.0,0.0
2019-05-08 00:00:00-04:00,59.005494899212096,59.71704475723803,58.52860841841141,59.03577423095703,3820700,0.0,0.0
2019-05-09 00:00:00-04:00,58.672424602378356,59.1417397328707,58.08199216389374,58.97521209716797,3792200,0.0,0.0
2019-05-10 00:00:00-04:00,58.627017974853516,58.83897331897568,57.241774499294635,58.627017974853516,4731800,0.0,0.0
2019-05-13 00:00:00-04:00,57.756495101256576,58.51346093076091,57.6580858472988,58.187965393066406,3858400,0.0,0.0
2019-05-14 00:00:00-04:00,58.40750719566293,60.07283030979327,58.286389847264275,59.37642288208008,6365200,0.0,0.0
2019-05-15 00:00:00-04:00,59.42939554793703,59.9138532710671,58.649721580249306,59.63377380371094,4795700,0.0,0.0
2019-05-16 00:00:00-04:00,59.78517509591634,61.125002327205245,59.58079104907386,60.178794860839844,5404700,0.0,0.0
2019-05-17 00:00:00-04:00,59.444531458217575,60.617830918332196,59.058477230506284,60.14850997924805,4756400,0.0,0.0
2019-05-20 00:00:00-04:00,59.815453004597195,60.85249854225398,59.732192054676005,60.42102813720703,4395500,0.0,0.0
2019-05-21 00:00:00-04:00,60.80706096843067,61.69270952277324,60.79948969376719,61.223388671875,4841900,0.0,0.0
2019-05-22 00:00:00-04:00,60.94335274856867,61.88198925600916,60.46646032790278,61.76087188720703,4219500,0.0,0.0
2019-05-23 00:00:00-04:00,60.852507159622604,61.79114355041562,60.799519761155096,61.42780303955078,3299100,0.0,0.0
2019-05-24 00:00:00-04:00,61.38236951273518,61.3899407897082,60.4588758537537,60.60269546508789,3872700,0.0,0.0
2019-05-28 00:00:00-04:00,60.557275311736504,60.632970750837806,58.982784767585315,59.0660514831543,6557800,0.0,0.0
2019-05-29 00:00:00-04:00,58.717844885730095,59.25528998402958,58.362069987162045,59.0887565612793,4182200,0.0,0.0
2019-05-30 00:00:00-04:00,59.43696684440955,59.489954232568756,58.384784582968,58.748130798339844,3533100,0.0,0.0
2019-05-31 00:00:00-04:00,58.52103863636478,58.717851410137655,57.832202590947986,58.06686019897461,4003200,0.0,0.0
2019-06-03 00:00:00-04:00,58.00630098024762,58.165263143057224,55.871657147216766,57.30232238769531,8434400,0.0,0.0
2019-06-04 00:00:00-04:00,57.63538396900977,58.61944196283125,57.453713767525905,58.09713363647461,6447100,0.0,0.0
2019-06-05 00:00:00-04:00,58.59674127562602,59.172031281842116,58.02901677132877,58.3317985534668,3804400,0.0,0.0
2019-06-06 00:00:00-04:00,58.40749303389793,58.831392100126536,58.18040094830881,58.33936309814453,4032800,0.0,0.0
2019-06-07 00:00:00-04:00,58.65730118851957,59.331000552248874,58.34694809211953,58.61188507080078,4829100,0.0,0.0
2019-06-10 00:00:00-04:00,58.63457025836611,58.8540910337012,57.98357920742503,58.24851608276367,3969400,0.0,0.0
2019-06-11 00:00:00-04:00,58.65729806814689,59.72462297930421,58.65729806814689,59.172035217285156,4210200,0.0,0.0
2019-06-12 00:00:00-04:00,59.23257889363972,59.98954475809518,59.17959151413549,59.47480773925781,4165700,0.0,0.0
2019-06-13 00:00:00-04:00,59.74733346470956,59.95171176706949,59.27044690907444,59.76247024536133,2924900,0.0,0.0
2019-06-14 00:00:00-04:00,59.76245026919989,60.057666482370394,59.202297169234186,59.565643310546875,4075900,0.0,0.0
2019-06-17 00:00:00-04:00,59.346136001019275,59.83816505975528,59.346136001019275,59.535377502441406,3083200,0.0,0.0
2019-06-18 00:00:00-04:00,59.70946468816611,59.95169353126489,58.293942232479004,59.23257827758789,5433500,0.0,0.0
2019-06-19 00:00:00-04:00,59.346134621960715,59.406693287054715,58.50590191315601,58.748130798339844,6147300,0.0,0.0
2019-06-20 00:00:00-04:00,59.224998092729756,59.92897646445948,59.1038865769948,59.30069351196289,5347000,0.0,0.0
2019-06-21 00:00:00-04:00,59.15688735677741,59.860865888074485,57.85490506016849,59.63377380371094,10516900,0.0,0.0
2019-06-24 00:00:00-04:00,59.35371386533967,60.034978725913824,58.9298089279774,59.38398742675781,5182700,0.0,0.0
2019-06-25 00:00:00-04:00,53.343393132409595,53.49478401719123,49.24820443939602,49.732662200927734,90131800,0.0,0.0
2019-06-26 00:00:00-04:00,50.898382916996894,51.784037364215365,50.56532186502248,51.47367858886719,42093800,0.0,0.0
2019-06-27 00:00:00-04:00,51.59480660510017,53.44179976354062,51.54938471684873,52.98762130737305,22129200,0.0,0.0
2019-06-28 00:00:00-04:00,53.426663005618046,55.06170660351368,53.237421500873175,55.04656982421875,21381500,0.0,0.0
2019-07-01 00:00:00-04:00,55.6370052652176,55.901942230489624,54.71350575038996,55.561309814453125,18010900,0.0,0.0
2019-07-02 00:00:00-04:00,55.40991436065793,56.20473104920872,54.74378629395895,56.18959426879883,12862200,0.0,0.0
2019-07-03 00:00:00-04:00,56.28043007369389,56.74975114888737,55.84895961471671,56.74217987060547,7434100,0.0,0.0
2019-07-05 00:00:00-04:00,56.50750065723038,56.613475411964025,54.96328966300891,55.25093460083008,10854900,0.0,0.0
2019-07-08 00:00:00-04:00,54.895162085435466,55.25850824235978,53.6537385266635,53.911109924316406,13487400,0.0,0.0
2019-07-09 00:00:00-04:00,53.88084197364971,54.842186285798455,53.66132113303788,53.9262580871582,11832500,0.0,0.0
2019-07-10 00:00:00-04:00,54.18362683911129,54.304738394162946,53.71430584720472,54.23661422729492,9170400,0.0,0.0
2019-07-11 00:00:00-04:00,54.72864600202721,54.80434144960553,52.874075772800005,53.9262580871582,13001000,0.0,0.0
2019-07-12 00:00:00-04:00,54.02616905213546,54.02616905213546,52.673591970821526,54.01079559326172,12903000,1.07,0.0
2019-07-15 00:00:00-04:00,54.03383858222117,54.57947899263293,53.565047860285446,54.00309753417969,10253300,0.0,0.0
2019-07-16 00:00:00-04:00,53.91088837378,54.0261658554857,53.127006188786254,53.15006637573242,10141600,0.0,0.0
2019-07-17 00:00:00-04:00,53.28071206652448,53.68802075842585,52.496829872491816,52.5045166015625,12205000,0.0,0.0
2019-07-18 00:00:00-04:00,52.69664047151461,52.98867166201557,52.258590754135184,52.45071792602539,8573300,0.0,0.0
2019-07-19 00:00:00-04:00,52.366183141766925,52.888769300209155,52.335442089710774,52.673587799072266,9806900,0.0,0.0
2019-07-22 00:00:00-04:00,52.64284504161162,52.83497221329633,52.13562649400111,52.25859069824219,9961800,0.0,0.0
2019-07-23 00:00:00-04:00,52.258592643182375,52.596738354174356,51.95118798439477,52.05109786987305,8025300,0.0,0.0
2019-07-24 00:00:00-04:00,52.08182940621786,52.1740525563632,51.30563987970372,51.84359359741211,12595300,0.0,0.0
2019-07-25 00:00:00-04:00,51.84360141652466,52.158692829601875,51.10583369385826,51.228797912597656,12403500,0.0,0.0
2019-07-26 00:00:00-04:00,51.981938356393265,53.13470163608252,51.77444354588239,52.074161529541016,12259300,0.0,0.0
2019-07-29 00:00:00-04:00,52.158690881559664,52.57368630942074,51.39786299885281,51.62841796875,10117300,0.0,0.0
2019-07-30 00:00:00-04:00,51.42860405238953,51.89739485812576,50.92139132717474,51.62841796875,8143700,0.0,0.0
2019-07-31 00:00:00-04:00,51.42091201552414,51.782106123786086,50.437216105821165,51.19804382324219,11300000,0.0,0.0
2019-08-01 00:00:00-04:00,51.4362876304464,51.64378240003696,50.03760202812371,50.567874908447266,13106700,0.0,0.0
2019-08-02 00:00:00-04:00,50.33731191382228,50.56018010527563,49.97611194364808,50.2220344543457,9653900,0.0,0.0
2019-08-05 00:00:00-04:00,49.93770221515885,50.81380173970053,49.59955648173694,50.12982940673828,11618800,0.0,0.0
2019-08-06 00:00:00-04:00,50.16056050414379,50.598610230665585,49.40742525803913,49.77630615234375,10248700,0.0,0.0
2019-08-07 00:00:00-04:00,49.47660000469771,49.87622790912291,48.65429866225853,49.538082122802734,10532100,0.0,0.0
2019-08-08 00:00:00-04:00,49.791680272619104,50.298892974853516,49.43816696784817,50.298892974853516,7427400,0.0,0.0
2019-08-09 00:00:00-04:00,50.237406174453845,51.39016900289997,49.40741553079145,50.3987922668457,10893500,0.0,0.0
2019-08-12 00:00:00-04:00,50.13750987036255,50.32195619434284,49.24604275748393,49.59186935424805,5258900,0.0,0.0
2019-08-13 00:00:00-04:00,49.84547310598733,50.667777153318205,49.676400259446346,49.960750579833984,7082500,0.0,0.0
2019-08-14 00:00:00-04:00,49.568809268981454,49.94537687597991,48.80030059814453,48.80030059814453,9373300,0.0,0.0
2019-08-15 00:00:00-04:00,49.27677132503806,49.368988600404364,48.154746591498515,48.40066909790039,9195700,0.0,0.0
2019-08-16 00:00:00-04:00,48.807981375857935,49.80704199982221,48.46983863699199,49.515010833740234,8348100,0.0,0.0
2019-08-19 00:00:00-04:00,49.98381242534899,51.39786578515602,49.93001704455756,51.15194320678711,9826300,0.0,0.0
2019-08-20 00:00:00-04:00,51.78211540280581,52.61210622694581,50.97518476538322,51.03666687011719,12037900,0.0,0.0
2019-08-21 00:00:00-04:00,51.75136602144767,52.19710241414676,51.18267130232608,51.90507125854492,7615700,0.0,0.0
2019-08-22 00:00:00-04:00,52.15869223225399,52.281650586328546,51.34406895057661,51.88970947265625,6495700,0.0,0.0
2019-08-23 00:00:00-04:00,51.7052651967124,52.097206281479494,50.32195303329422,50.69852066040039,8904700,0.0,0.0
2019-08-26 00:00:00-04:00,51.05203036466961,51.43628469351305,50.783053507130354,51.0750846862793,4841100,0.0,0.0
2019-08-27 00:00:00-04:00,51.23646511537853,51.47470675983902,50.32962476540479,50.46795654296875,7591200,0.0,0.0
2019-08-28 00:00:00-04:00,50.39111718655194,51.013607381547935,50.26047210964646,50.77537155151367,6872800,0.0,0.0
2019-08-29 00:00:00-04:00,51.28258897333434,51.5131380691683,50.69083398118923,50.890647888183594,6011900,0.0,0.0
2019-08-30 00:00:00-04:00,51.02898528287581,51.05203960865994,50.32963946338747,50.521766662597656,6415100,0.0,0.0
2019-09-03 00:00:00-04:00,50.552494872420056,50.567868327874216,49.8992637337461,50.26046371459961,7915700,0.0,0.0
2019-09-04 00:00:00-04:00,50.467966534303635,51.044348077719405,49.52270408652527,51.013607025146484,9618300,0.0,0.0
2019-09-05 00:00:00-04:00,51.213416097482025,51.72063462213765,51.05202998416134,51.51313400268555,5602400,0.0,0.0
2019-09-06 00:00:00-04:00,51.68990435170391,52.35082239927462,51.49009041881448,51.96656799316406,7502500,0.0,0.0
2019-09-09 00:00:00-04:00,52.227855626324825,52.25859668090439,50.95981497538685,51.2595329284668,10310900,0.0,0.0
2019-09-10 00:00:00-04:00,50.77537294614506,52.39692687988281,50.45260067789323,52.39692687988281,12155700,0.0,0.0
2019-09-11 00:00:00-04:00,52.55061857765652,53.5957907948343,52.30469604792385,53.403663635253906,8369100,0.0,0.0
2019-09-12 00:00:00-04:00,54.37968392800969,54.6947694847886,53.94163414977584,54.43347930908203,9560100,0.0,0.0
2019-09-13 00:00:00-04:00,54.679390836255536,54.95605441534968,54.16449145531861,54.18754577636719,8135600,0.0,0.0
2019-09-16 00:00:00-04:00,54.07995452812689,54.53337180650601,53.58042274482805,54.24134063720703,5992000,0.0,0.0
2019-09-17 00:00:00-04:00,54.187547337363775,55.401786565860796,54.07226986554444,55.02521896362305,9013500,0.0,0.0
2019-09-18 00:00:00-04:00,55.086693955378706,55.194284684991835,54.41808939570709,54.771602630615234,6252600,0.0,0.0
2019-09-19 00:00:00-04:00,54.87151906771743,55.26346012296522,54.72550054721702,55.07901382446289,5541200,0.0,0.0
2019-09-20 00:00:00-04:00,55.332629168000764,56.101137906445224,55.332629168000764,55.632347106933594,12968700,0.0,0.0
2019-09-23 00:00:00-04:00,55.58623634022577,56.700571623195316,55.37105483978388,56.047340393066406,8092300,0.0,0.0
2019-09-24 00:00:00-04:00,56.73899352542555,56.73899352542555,55.46326638604209,56.06270217895508,8223800,0.0,0.0
2019-09-25 00:00:00-04:00,56.00890935268746,56.28557294094174,55.347991432219544,55.40178680419922,5922700,0.0,0.0
2019-09-26 00:00:00-04:00,56.062716879988464,57.223166856589955,55.80911342181646,56.89270782470703,10324100,0.0,0.0
2019-09-27 00:00:00-04:00,57.03102784380007,57.74574114326863,56.808159625336124,57.52287292480469,7677300,0.0,0.0
2019-09-30 00:00:00-04:00,57.599723756717886,58.74480592211823,57.599723756717886,58.19147872924805,8315100,0.0,0.0
2019-10-01 00:00:00-04:00,58.32213891391801,58.429729688942494,56.05504004457103,56.27790832519531,10910800,0.0,0.0
2019-10-02 00:00:00-04:00,56.01660154783712,56.101137978234696,55.002170246322585,55.432533264160156,8380500,0.0,0.0
2019-10-03 00:00:00-04:00,55.37872534856891,56.823525204058576,55.36335775709255,56.754356384277344,6228500,0.0,0.0
2019-10-04 00:00:00-04:00,57.03871208042902,57.68425652232528,56.83121146463694,57.37685775756836,7007500,0.0,0.0
2019-10-07 00:00:00-04:00,57.4229592873551,57.84563546817196,56.93111428875609,57.12324142456055,5163500,0.0,0.0
2019-10-08 00:00:00-04:00,56.77741495574705,57.44601956852053,56.42390169276219,56.50843811035156,6121500,0.0,0.0
2019-10-09 00:00:00-04:00,56.92344087882839,57.34612302178645,56.29326396049035,56.33169174194336,5851000,0.0,0.0
2019-10-10 00:00:00-04:00,56.27021446279902,57.353808806281855,56.25484100359685,57.215476989746094,7329400,0.0,0.0
2019-10-11 00:00:00-04:00,57.6755026920131,57.963993350729034,57.36361559316334,57.410396575927734,7164900,1.07,0.0
2019-10-14 00:00:00-04:00,57.42599161463285,57.83144066073879,57.2232641172042,57.51176071166992,5040900,0.0,0.0
2019-10-15 00:00:00-04:00,57.85482072914738,58.46300311187585,57.54293964928697,58.08873748779297,6028300,0.0,0.0
2019-10-16 00:00:00-04:00,57.99519094285971,58.46302463236245,57.964001633642695,58.283687591552734,8288300,0.0,0.0
2019-10-17 00:00:00-04:00,58.470813954098105,59.398676513619584,58.20571376495032,58.587772369384766,6811300,0.0,0.0
2019-10-18 00:00:00-04:00,58.665739941741,60.17058974511193,58.64234944951921,59.61699295043945,9480200,0.0,0.0
2019-10-21 00:00:00-04:00,59.94446886112555,60.70079313332897,59.14136360672449,60.27195358276367,7839100,0.0,0.0
2019-10-22 00:00:00-04:00,60.8567337694659,61.332360204980056,60.62281698359793,60.71638488769531,6062000,0.0,0.0
2019-10-23 00:00:00-04:00,60.654003478389406,60.833334517006016,60.186175877051696,60.6228141784668,6136700,0.0,0.0
2019-10-24 00:00:00-04:00,60.69300890956157,60.73199703659935,59.45326499329944,59.882110595703125,5699300,0.0,0.0
2019-10-25 00:00:00-04:00,59.56242165652207,59.874308811097436,59.429871549172155,59.67158126831055,5497000,0.0,0.0
2019-10-28 00:00:00-04:00,59.78071743744577,61.11402870037151,59.64036857036146,61.07504653930664,7146400,0.0,0.0
2019-10-29 00:00:00-04:00,60.90352915977861,61.39474738784551,60.49807409482452,61.184226989746094,6391500,0.0,0.0
2019-10-30 00:00:00-04:00,61.21540647128761,62.21344039595173,60.82554909766873,62.11207962036133,7222500,0.0,0.0
2019-10-31 00:00:00-04:00,62.15106123213161,62.17445172253914,61.394736982280925,62.026309967041016,10009400,0.0,0.0
2019-11-01 00:00:00-04:00,62.400584775249584,64.07697306125353,61.69884014985808,63.741695404052734,13356300,0.0,0.0
2019-11-04 00:00:00-05:00,64.67734493262904,64.96584157093076,64.04577780280209,64.70853424072266,9127900,0.0,0.0
2019-11-05 00:00:00-05:00,64.84888128731997,65.02821831651136,63.523368449608654,63.811859130859375,7475600,0.0,0.0
2019-11-06 00:00:00-05:00,63.75727348380611,64.13153918709027,62.65007994924912,63.99898910522461,9303600,0.0,0.0
2019-11-07 00:00:00-05:00,64.10034898750011,64.39663845142961,63.21927346012318,63.94440841674805,6561500,0.0,0.0
2019-11-08 00:00:00-05:00,64.01459269339286,66.63443525756789,64.00679387866987,66.43950653076172,11364100,0.0,0.0
2019-11-11 00:00:00-05:00,66.2367568629684,66.80595117255527,65.41806005311825,66.79035949707031,8726300,0.0,0.0
2019-11-12 00:00:00-05:00,66.74360349959069,68.833239959123,66.70462131844009,67.39856719970703,12165900,0.0,0.0
2019-11-13 00:00:00-05:00,66.85274906990891,68.04571182962485,66.53306907716744,67.5700912475586,5798800,0.0,0.0
2019-11-14 00:00:00-05:00,67.42973356178999,68.41996866750439,67.00088807383213,68.32640075683594,5425600,0.0,0.0
2019-11-15 00:00:00-05:00,68.69286179250044,69.54275388302062,68.03790431980676,69.10610961914062,8036700,0.0,0.0
2019-11-18 00:00:00-05:00,68.88000304312773,69.71430359558026,68.86441136447293,69.18409729003906,5772300,0.0,0.0
2019-11-19 00:00:00-05:00,69.59733019303042,70.49400321570107,69.32443125971776,69.41019439697266,7504800,0.0,0.0
2019-11-20 00:00:00-05:00,69.17631234589915,69.17631234589915,67.47653349163777,67.99114227294922,10933000,0.0,0.0
2019-11-21 00:00:00-05:00,67.67144856964373,67.7338271816795,66.70460387809659,67.46092224121094,9614100,0.0,0.0
2019-11-22 00:00:00-05:00,67.55448840078881,67.67144680812345,66.51746631050764,67.0944595336914,7784700,0.0,0.0
2019-11-25 00:00:00-05:00,67.71824429905266,68.52134977043542,67.10226875577044,68.42778778076172,9522100,0.0,0.0
2019-11-26 00:00:00-05:00,68.73185349399782,68.76304279652828,67.78060058744798,68.39657592773438,6431400,0.0,0.0
2019-11-27 00:00:00-05:00,68.5057407448162,69.24646740305137,68.31081205067518,68.87220764160156,4711800,0.0,0.0
2019-11-29 00:00:00-05:00,68.6149011731248,68.68507264846922,68.00672459179965,68.40438079833984,3042800,0.0,0.0
2019-12-02 00:00:00-05:00,68.49014865948484,68.63829638261909,67.83519104957958,67.85858154296875,6526400,0.0,0.0
2019-12-03 00:00:00-05:00,67.02427067495186,67.42972562470476,66.73577411257965,67.01647186279297,10054500,0.0,0.0
2019-12-04 00:00:00-05:00,67.19583562955768,68.2640472685154,67.14905463546202,67.99114227294922,6174600,0.0,0.0
2019-12-05 00:00:00-05:00,68.03011494942535,68.03011494942535,67.2581989784004,67.61686706542969,6072100,0.0,0.0
2019-12-06 00:00:00-05:00,67.99889580979355,68.38875303100468,67.66361836160203,67.81956481933594,6044600,0.0,0.0
2019-12-09 00:00:00-05:00,68.00674395418787,68.39660145821439,67.35178025407151,67.39856719970703,5582700,0.0,0.0
2019-12-10 00:00:00-05:00,67.7728090100449,67.79619950225211,67.21921221571749,67.49211120605469,7816000,0.0,0.0
2019-12-11 00:00:00-05:00,67.60126495361328,68.037909249128,67.23480402615189,67.60126495361328,7326400,0.0,0.0
2019-12-12 00:00:00-05:00,67.64805817183509,69.34783668529786,67.64025935813174,69.18409729003906,6260500,0.0,0.0
2019-12-13 00:00:00-05:00,69.22306890163279,69.46477855079846,68.09248498593743,68.4901351928711,5975200,0.0,0.0
2019-12-16 00:00:00-05:00,68.91119360543935,70.26790167446251,68.8176316343012,69.72989654541016,6723300,0.0,0.0
2019-12-17 00:00:00-05:00,70.17434622916674,70.30689634434333,69.44921108018191,70.23672485351562,8750000,0.0,0.0
2019-12-18 00:00:00-05:00,70.21330435627603,70.31466511596938,69.41019329562678,69.65190887451172,6490100,0.0,0.0
2019-12-19 00:00:00-05:00,69.92481422536297,69.92481422536297,69.05153162366648,69.21527099609375,5447000,0.0,0.0
2019-12-20 00:00:00-05:00,70.48621134765366,71.7259548877295,69.51156795498355,69.6207275390625,19134800,0.0,0.0
2019-12-23 00:00:00-05:00,69.80785950306556,70.54079325998414,69.6519189350516,70.36925506591797,5907200,0.0,0.0
2019-12-24 00:00:00-05:00,70.48622623914626,70.48622623914626,69.72990185484682,70.05738067626953,1798800,0.0,0.0
2019-12-26 00:00:00-05:00,70.3302692194652,70.73572422738981,69.7454831474117,70.04177856445312,4066700,0.0,0.0
2019-12-27 00:00:00-05:00,70.15875795011617,70.39266887963944,69.26208451506028,69.55057525634766,4087800,0.0,0.0
2019-12-30 00:00:00-05:00,69.56615918348382,69.96381541871702,68.73966335422658,69.02035522460938,7014800,0.0,0.0
2019-12-31 00:00:00-05:00,68.77864239309011,69.08273069183804,68.52133507914898,69.03594970703125,4702100,0.0,0.0
2020-01-02 00:00:00-05:00,69.4569965283599,69.83905511865147,69.01255932572425,69.8234634399414,5639200,0.0,0.0
2020-01-03 00:00:00-05:00,68.7474500594123,69.69870303360427,68.53692968830092,69.16069793701172,5988500,0.0,0.0
2020-01-06 00:00:00-05:00,68.7864486417623,69.8780506790071,68.59931873355684,69.70651245117188,6786600,0.0,0.0
2020-01-07 00:00:00-05:00,69.34004245753829,69.81566899611641,68.81763493114995,69.30885314941406,7242500,0.0,0.0
2020-01-08 00:00:00-05:00,69.511565829312,70.22110310412751,69.2932466678303,69.80005645751953,7696800,0.0,0.0
2020-01-09 00:00:00-05:00,70.18213314478983,70.35367135828785,69.43360762577734,70.33807373046875,7518000,0.0,0.0
2020-01-10 00:00:00-05:00,70.35366173376343,70.40044271331696,69.26205993708824,69.44139099121094,8581400,0.0,0.0
2020-01-13 00:00:00-05:00,69.78447838753274,69.78447838753274,68.55252750896852,69.02035522460938,9292200,0.0,0.0
2020-01-14 00:00:00-05:00,68.83068611441568,69.88962290063941,68.56990249962313,69.69995880126953,8876900,1.18,0.0
2020-01-15 00:00:00-05:00,69.68415026073406,71.02757101798194,69.68415026073406,70.5376205444336,8490100,0.0,0.0
2020-01-16 00:00:00-05:00,70.57712937310511,70.96435568628335,70.26893277551153,70.5376205444336,7073200,0.0,0.0
2020-01-17 00:00:00-05:00,70.43491059779295,70.54554500593275,69.37597954013407,69.54193115234375,10122300,0.0,0.0
2020-01-21 00:00:00-05:00,69.28905937352614,69.96077007762962,69.20213146755847,69.5340347290039,13552000,0.0,0.0
2020-01-22 00:00:00-05:00,69.56565257159207,69.67628700343997,68.87023528153041,68.91764831542969,6438900,0.0,0.0
2020-01-23 00:00:00-05:00,68.7911773885577,68.8069797156356,67.16326035995067,67.38452911376953,12266800,0.0,0.0
2020-01-24 00:00:00-05:00,67.510980589127,67.55049545562075,65.40101694739973,66.01741027832031,13215400,0.0,0.0
2020-01-27 00:00:00-05:00,67.21067472914017,67.90609162555131,66.38091093085609,66.39671325683594,13832000,0.0,0.0
2020-01-28 00:00:00-05:00,67.16326248335352,67.16326248335352,66.09642751278608,66.19915771484375,8614400,0.0,0.0
2020-01-29 00:00:00-05:00,66.2228725129491,66.38091991061137,65.69340106962478,65.74871826171875,5703200,0.0,0.0
2020-01-30 00:00:00-05:00,65.25877335887571,65.4247249495188,64.15242339213286,64.62657165527344,10870000,0.0,0.0
2020-01-31 00:00:00-05:00,64.43690330972005,64.57914836895604,63.54392412231269,64.02597045898438,13870100,0.0,0.0
2020-02-03 00:00:00-05:00,64.25514758270575,65.27456956890495,63.94695093910153,65.0374984741211,10143700,0.0,0.0
2020-02-04 00:00:00-05:00,66.05692529439082,66.94200653618704,66.05692529439082,66.66542053222656,8251500,0.0,0.0
2020-02-05 00:00:00-05:00,67.21858350180433,68.86230300306983,67.0763384290194,68.45927429199219,10020600,0.0,0.0
2020-02-06 00:00:00-05:00,69.45498937796167,69.51030657097839,68.13527489519001,68.89391326904297,7769700,0.0,0.0
2020-02-07 00:00:00-05:00,70.91696054473103,73.47737225849365,70.23734575974596,72.93209838867188,19090300,0.0,0.0
2020-02-10 00:00:00-05:00,72.98739641980393,75.46877773959278,72.78983417441233,74.87609100341797,13998300,0.0,0.0
2020-02-11 00:00:00-05:00,75.27911669587229,76.71736954429434,75.08155445829168,75.86389923095703,10682800,0.0,0.0
2020-02-12 00:00:00-05:00,75.84811623568726,77.33378247045216,75.634745588412,77.2784652709961,10591000,0.0,0.0
2020-02-13 00:00:00-05:00,76.53562389044316,76.93865261834023,75.25542421107458,75.35025024414062,10613000,0.0,0.0
2020-02-14 00:00:00-05:00,75.25541582527701,75.31073301477552,74.10164696581418,74.32292175292969,11175800,0.0,0.0
2020-02-18 00:00:00-05:00,74.02263274388,74.67854095267592,73.69863374367333,73.9752197265625,9406300,0.0,0.0
2020-02-19 00:00:00-05:00,74.10165625749083,74.90771372453736,73.50896942606576,74.39405059814453,6349100,0.0,0.0
2020-02-20 00:00:00-05:00,74.22809468356044,74.5916085288245,73.16915780464181,74.46517181396484,5446200,0.0,0.0
2020-02-21 00:00:00-05:00,74.25178903076524,75.4845754370856,73.7934432025771,75.04203796386719,6676000,0.0,0.0
2020-02-24 00:00:00-05:00,72.8372553498806,74.18068238662987,72.821453021291,73.60379791259766,10705100,0.0,0.0
2020-02-25 00:00:00-05:00,73.7460336346129,73.85666800807627,69.6288372246655,70.47440338134766,11366400,0.0,0.0
2020-02-26 00:00:00-05:00,70.03188024411769,72.05491609259701,69.6920728762132,69.86592864990234,9786900,0.0,0.0
2020-02-27 00:00:00-05:00,68.11156981101429,70.68777745861041,66.53896980831571,67.5030746459961,14184100,0.0,0.0
2020-02-28 00:00:00-05:00,65.42473532319548,67.73226165771484,64.46853446599648,67.73226165771484,18450000,0.0,0.0
2020-03-02 00:00:00-05:00,67.96140949296571,70.15830060261385,66.02530198301218,70.0871810913086,12171100,0.0,0.0
2020-03-03 00:00:00-05:00,70.67987821063168,71.83364112053059,67.69273771349152,69.20211029052734,12660900,0.0,0.0
2020-03-04 00:00:00-05:00,70.54554281272286,72.59229135792322,70.29266331210474,72.50536346435547,16590400,0.0,0.0
2020-03-05 00:00:00-05:00,71.16981472945285,72.47372663355563,70.67196008786628,71.60445404052734,9688400,0.0,0.0
2020-03-06 00:00:00-05:00,70.11881424275947,70.93276995495819,68.95714695287475,70.18993377685547,12664600,0.0,0.0
2020-03-09 00:00:00-04:00,66.380915543485,69.02034429135485,65.14022486318234,67.38452911376953,15806200,0.0,0.0
2020-03-10 00:00:00-04:00,69.6920766879731,69.7157831985687,66.19127260078442,69.1705093383789,12965800,0.0,0.0
2020-03-11 00:00:00-04:00,67.80336002866602,68.46716623023926,66.04110227694902,67.05261993408203,10382200,0.0,0.0
2020-03-12 00:00:00-04:00,62.311137120503304,64.23934675453047,60.89659058084982,62.12147903442383,19935700,0.0,0.0
2020-03-13 00:00:00-04:00,65.87515976972982,68.2142961802408,63.76519630192345,67.46356201171875,21867700,0.0,0.0
2020-03-16 00:00:00-04:00,62.42969230641219,64.94268522522765,58.14654271162013,58.691810607910156,20916000,0.0,0.0
2020-03-17 00:00:00-04:00,59.82975519281274,61.41025330181571,55.30952963640476,57.703983306884766,23205000,0.0,0.0
2020-03-18 00:00:00-04:00,55.31742653418179,56.41587209303086,51.121206536407584,56.13138198852539,23712800,0.0,0.0
2020-03-19 00:00:00-04:00,54.606217899743235,59.15015074861465,51.62698110207986,56.15510559082031,19739900,0.0,0.0
2020-03-20 00:00:00-04:00,57.68818247578399,57.68818247578399,52.79653877214848,54.38494110107422,18844500,0.0,0.0
2020-03-23 00:00:00-04:00,53.246980694960534,53.539375024248464,49.4300792165231,50.971065521240234,19219000,0.0,0.0
2020-03-24 00:00:00-04:00,53.86338339300152,56.75569206282302,53.01781103911162,53.33391189575195,18376300,0.0,0.0
2020-03-25 00:00:00-04:00,53.67371922573648,55.85480850306511,51.80083265454027,53.66582107543945,20017300,0.0,0.0
2020-03-26 00:00:00-04:00,54.38494358776803,58.723409519794586,54.33753057041851,58.344093322753906,15979400,0.0,0.0
2020-03-27 00:00:00-04:00,56.605538922315866,59.31609348357433,55.87851122222464,57.427398681640625,12293300,0.0,0.0
2020-03-30 00:00:00-04:00,58.099114022676346,60.2485926445358,58.059605183216,59.458343505859375,10671600,0.0,0.0
2020-03-31 00:00:00-04:00,59.58477469122076,61.57619948115539,58.82613638890655,60.20907211303711,20474400,0.0,0.0
2020-04-01 00:00:00-04:00,56.992764223358414,58.47052610291893,56.44749044411592,58.020084381103516,12948000,0.0,0.0
2020-04-02 00:00:00-04:00,57.51432626397324,59.6638046958199,56.47119773429729,59.37141036987305,8077800,0.0,0.0
2020-04-03 00:00:00-04:00,58.99209339120128,59.61639087057598,57.33257157506595,57.98057556152344,8062700,0.0,0.0
2020-04-06 00:00:00-04:00,59.85347539137425,61.05465760529724,58.5021499225533,59.845577239990234,10266500,0.0,0.0
2020-04-07 00:00:00-04:00,61.93972858444637,62.097782037987734,59.4662508204711,59.57688522338867,11591700,0.0,0.0
2020-04-08 00:00:00-04:00,60.40664219286726,62.41387559911194,59.09482581331187,62.081966400146484,12218500,0.0,0.0
2020-04-09 00:00:00-04:00,62.08196345628546,63.28314538893427,62.08196345628546,63.022361755371094,9425900,0.0,0.0
2020-04-13 00:00:00-04:00,63.74148320738563,64.2709485569498,62.160985307226746,63.456993103027344,9293500,0.0,0.0
2020-04-14 00:00:00-04:00,64.6600559718342,66.44859037579438,64.39538298572829,65.87112426757812,11072700,1.18,0.0
2020-04-15 00:00:00-04:00,64.57183376109657,66.60098114971672,63.8580231647608,65.62249755859375,8977300,0.0,0.0
2020-04-16 00:00:00-04:00,66.3523440366684,67.14635680334257,65.43000276032883,65.65457153320312,10326900,0.0,0.0
2020-04-17 00:00:00-04:00,67.37093889005608,68.00454726390228,66.1678864098765,66.92981719970703,10734800,0.0,0.0
2020-04-20 00:00:00-04:00,67.00198657516734,68.4376295725019,66.27213198474594,67.36289978027344,9126300,0.0,0.0
2020-04-21 00:00:00-04:00,66.17589902639075,66.54483433336159,64.1788277886671,64.45152282714844,9627500,0.0,0.0
2020-04-22 00:00:00-04:00,65.14931017523452,66.1277878018168,64.74829264794869,65.341796875,7033300,0.0,0.0
2020-04-23 00:00:00-04:00,65.91122696006644,67.23458574143422,65.73477830667868,65.79894256591797,7869600,0.0,0.0
2020-04-24 00:00:00-04:00,66.46463140732745,67.10625562734253,66.04756985122924,67.0420913696289,6770700,0.0,0.0
2020-04-27 00:00:00-04:00,67.39498574045636,68.10879624915233,67.19447703309143,67.92433166503906,9209700,0.0,0.0
2020-04-28 00:00:00-04:00,68.73438993279804,68.95094278703046,66.06361830991106,66.37641143798828,8341000,0.0,0.0
2020-04-29 00:00:00-04:00,67.14633890164478,67.97243357549252,65.8791227422286,67.17842102050781,8231700,0.0,0.0
2020-04-30 00:00:00-04:00,66.54484700727839,66.7774378988273,65.14930777702655,65.92727661132812,15535800,0.0,0.0
2020-05-01 00:00:00-04:00,65.72674891018424,67.55539338020562,64.56380090668597,66.44055938720703,12705300,0.0,0.0
2020-05-04 00:00:00-04:00,65.94330456091012,66.44056223826318,65.06106747360103,65.65457153320312,6833000,0.0,0.0
2020-05-05 00:00:00-04:00,66.52879731380524,69.3599858553407,66.2480863023332,68.4697265625,10927000,0.0,0.0
2020-05-06 00:00:00-04:00,69.1995849400667,70.69939272554515,68.37348979606419,68.50983428955078,17042600,0.0,0.0
2020-05-07 00:00:00-04:00,69.39206292947277,69.64871387517566,67.01804015196069,67.5473861694336,11941800,0.0,0.0
2020-05-08 00:00:00-04:00,67.707779590704,67.90027235763336,66.12776997997351,67.3388442993164,20188100,0.0,0.0
2020-05-11 00:00:00-04:00,68.23713261490845,70.94800844772163,67.35489542474185,70.49887084960938,19219800,0.0,0.0
2020-05-12 00:00:00-04:00,72.18312773635795,73.97166792709177,70.9560155438862,72.55206298828125,23492300,0.0,0.0
2020-05-13 00:00:00-04:00,72.77664148195208,73.97969377193363,70.36252095909819,71.27684020996094,23562600,0.0,0.0
2020-05-14 00:00:00-04:00,70.27428932867127,72.56810927927454,70.12190076302429,72.135009765625,13379500,0.0,0.0
2020-05-15 00:00:00-04:00,72.19116437217586,73.10548368524212,71.71796059068885,72.7525863647461,14071200,0.0,0.0
2020-05-18 00:00:00-04:00,73.78719135859104,75.11857187893916,73.23378546530911,73.36211395263672,16300200,0.0,0.0
2020-05-19 00:00:00-04:00,73.19371799822463,73.50651116803846,71.83025478609926,73.14559173583984,9892500,0.0,0.0
2020-05-20 00:00:00-04:00,73.89147426942851,74.22031152062036,72.1029398416119,73.13756561279297,10661500,0.0,0.0
2020-05-21 00:00:00-04:00,73.20974659559411,74.69350997534735,72.46385387444757,74.60528564453125,10393200,0.0,0.0
2020-05-22 00:00:00-04:00,74.48497901603898,74.59726340595847,73.57065977295716,73.8674087524414,5507000,0.0,0.0
2020-05-26 00:00:00-04:00,74.95016031728773,75.04640670988867,72.43177117511705,72.7525863647461,11869800,0.0,0.0
2020-05-27 00:00:00-04:00,72.61623656006502,72.98517185935494,71.0282048536046,72.16709899902344,12529500,0.0,0.0
2020-05-28 00:00:00-04:00,72.88092697734596,73.13757794781306,72.18315428308775,72.20721435546875,8765900,0.0,0.0
2020-05-29 00:00:00-04:00,72.98516545009642,74.50101070453677,71.8623155270562,74.3245620727539,13758800,0.0,0.0
2020-06-01 00:00:00-04:00,73.82732769704407,74.63737867973079,72.73655955581816,72.74457550048828,8486500,0.0,0.0
2020-06-02 00:00:00-04:00,72.96111549245262,73.54659754006475,72.22324485645677,73.01725769042969,9413300,0.0,0.0
2020-06-03 00:00:00-04:00,73.3621391452084,73.3861992150848,71.86233155948791,72.89695739746094,8588400,0.0,0.0
2020-06-04 00:00:00-04:00,72.40771215178584,74.97422758681985,72.38365208304855,74.62133026123047,9525700,0.0,0.0
2020-06-05 00:00:00-04:00,74.99026221786382,76.62641412781117,74.43685618564969,75.2709732055664,9630100,0.0,0.0
2020-06-08 00:00:00-04:00,74.51706629281502,76.20133837701374,74.43685790672495,75.8644790649414,6621400,0.0,0.0
2020-06-09 00:00:00-04:00,76.15321500385639,77.524700134184,76.00083252640741,77.13169860839844,9555900,0.0,0.0
2020-06-10 00:00:00-04:00,77.78935854423203,79.68216128355265,77.63697608337372,77.71717834472656,11138300,0.0,0.0
2020-06-11 00:00:00-04:00,76.74670696854399,77.70914621820629,73.81125685470681,73.9957275390625,12584800,0.0,0.0
2020-06-12 00:00:00-04:00,75.18273137082168,75.98476607408766,73.00921805925559,74.1561279296875,8010100,0.0,0.0
2020-06-15 00:00:00-04:00,73.20173197928486,75.41535029931954,72.80873654142643,74.6534194946289,7120200,0.0,0.0
2020-06-16 00:00:00-04:00,76.08102530165553,77.15574904855858,74.97421942691415,77.04346466064453,9366100,0.0,0.0
2020-06-17 00:00:00-04:00,77.67708640258697,77.87759514710528,76.4098696686613,76.78682708740234,6212200,0.0,0.0
2020-06-18 00:00:00-04:00,76.64245676980153,77.35626737558827,76.40184995966094,77.17982482910156,4571600,0.0,0.0
2020-06-19 00:00:00-04:00,78.37484572193127,78.75981901934348,76.79483610449469,77.56478881835938,9210900,0.0,0.0
2020-06-22 00:00:00-04:00,77.50865149516652,78.03799746117495,76.85098312830308,78.01393127441406,6004300,0.0,0.0
2020-06-23 00:00:00-04:00,78.93627209231207,79.48165606011167,77.83748821355383,78.04601287841797,6715600,0.0,0.0
2020-06-24 00:00:00-04:00,77.36428889402067,77.92571701848082,75.67199469606152,76.30560302734375,9025100,0.0,0.0
2020-06-25 00:00:00-04:00,76.33768638205157,77.85353194001178,75.64793583917601,77.78936767578125,6411700,0.0,0.0
2020-06-26 00:00:00-04:00,77.70917296519885,77.8214573790057,76.22540939500122,77.09962463378906,14568400,0.0,0.0
2020-06-29 00:00:00-04:00,77.3963714809379,78.06206194773756,76.73870307684598,77.34825134277344,6676400,0.0,0.0
2020-06-30 00:00:00-04:00,76.97128575416154,79.30520399245006,76.85900136436294,78.74378204345703,8112500,0.0,0.0
2020-07-01 00:00:00-04:00,79.00043110619757,79.93079445027278,78.19839627263211,79.51373291015625,6522900,0.0,0.0
2020-07-02 00:00:00-04:00,79.76236593317208,80.19546550029379,78.48713341806965,79.30520629882812,6158800,0.0,0.0
2020-07-06 00:00:00-04:00,79.91476469642748,80.04309323001202,78.5593236258869,79.40948486328125,7039000,0.0,0.0
2020-07-07 00:00:00-04:00,79.14480513230465,80.75689701409941,79.048558740288,79.68216705322266,6345600,0.0,0.0
2020-07-08 00:00:00-04:00,80.0029797135565,80.66064807395895,79.04054029995702,79.62602233886719,6154400,0.0,0.0
2020-07-09 00:00:00-04:00,79.46561162692825,80.02703355467405,77.64498915444955,78.5512924194336,5817300,0.0,0.0
2020-07-10 00:00:00-04:00,78.64754849179916,78.86410136391886,77.28409146802248,77.66104888916016,6202500,0.0,0.0
2020-07-13 00:00:00-04:00,78.0861193855204,79.85059374122368,77.73322206676345,78.48713684082031,8507400,0.0,0.0
2020-07-14 00:00:00-04:00,78.72255580098289,80.4517382855381,77.88637826816431,80.26502227783203,6765600,1.18,0.0
2020-07-15 00:00:00-04:00,81.18238147502889,81.57205963134766,80.22442912587458,81.57205963134766,5661600,0.0,0.0
2020-07-16 00:00:00-04:00,80.93073086100705,81.36911653348135,80.21632182717107,81.11744689941406,4269200,0.0,0.0
2020-07-17 00:00:00-04:00,81.41781554486226,82.2215194308567,81.11743848735598,81.856201171875,6890900,0.0,0.0
2020-07-20 00:00:00-04:00,81.7993784876758,82.19717046729927,80.581642628901,80.80895233154297,4823300,0.0,0.0
2020-07-21 00:00:00-04:00,81.02813998631196,81.02813998631196,78.88492542523923,79.07164764404297,8239000,0.0,0.0
2020-07-22 00:00:00-04:00,79.39639579629589,79.78606787784024,78.69010663212342,79.3152084350586,4441800,0.0,0.0
2020-07-23 00:00:00-04:00,79.7535816483549,80.30562217196064,79.11223999639196,79.58309936523438,5127200,0.0,0.0
2020-07-24 00:00:00-04:00,79.599328535859,79.71298337588551,78.30852543309479,78.83621215820312,5169400,0.0,0.0
2020-07-27 00:00:00-04:00,78.2192190710859,79.4694284212569,78.14615790470765,78.87680053710938,5030700,0.0,0.0
2020-07-28 00:00:00-04:00,78.74690424159155,79.25023719947421,78.30851867060801,78.511474609375,5941800,0.0,0.0
2020-07-29 00:00:00-04:00,78.64137293565032,79.071638554277,78.45465073831144,78.7550277709961,5512000,0.0,0.0
2020-07-30 00:00:00-04:00,78.18674186808022,78.53582632157654,77.45610546219244,77.9675521850586,6411500,0.0,0.0
2020-07-31 00:00:00-04:00,77.5616405107589,78.94985835661032,75.94611300973513,77.0501937866211,14613000,0.0,0.0
2020-08-03 00:00:00-04:00,77.27750759230821,78.88491520805884,77.17196653693567,77.8863754272461,6919000,0.0,0.0
2020-08-04 00:00:00-04:00,77.87013794394672,77.95943905805753,76.36014517008536,76.54686737060547,7865100,0.0,0.0
2020-08-05 00:00:00-04:00,76.69300179345278,76.96090515636047,75.60515458970242,75.70257568359375,6918900,0.0,0.0
2020-08-06 00:00:00-04:00,75.75941117870546,76.02731457015805,74.50920154565196,75.15054321289062,7269300,0.0,0.0
2020-08-07 00:00:00-04:00,75.24796109099823,75.49962452408654,74.85016291090548,75.43467712402344,5226600,0.0,0.0
2020-08-10 00:00:00-04:00,75.1992404458792,76.04353798695237,74.8095684692143,74.99628448486328,7623600,0.0,0.0
2020-08-11 00:00:00-04:00,74.93944006943407,75.73502998143849,74.79331156289135,75.23169708251953,7208400,0.0,0.0
2020-08-12 00:00:00-04:00,75.86493871402647,77.5941275334188,75.7675238129168,77.53730010986328,7705600,0.0,0.0
2020-08-13 00:00:00-04:00,77.23692549510451,77.52918259514966,76.31956671612797,76.86348724365234,6004200,0.0,0.0
2020-08-14 00:00:00-04:00,77.43174761086233,77.66717724332888,76.74981862886852,77.18008422851562,5488100,0.0,0.0
2020-08-17 00:00:00-04:00,77.35869176400765,78.95798566413247,77.33433804065129,78.21922302246094,7251400,0.0,0.0
2020-08-18 00:00:00-04:00,78.43844076669387,78.50338198249011,77.24505844005998,77.65097045898438,4557400,0.0,0.0
2020-08-19 00:00:00-04:00,78.83622505978298,79.08788850478017,77.8133251384222,78.01628112792969,7672000,0.0,0.0
2020-08-20 00:00:00-04:00,77.52106658858999,77.9594522610896,76.86349117670315,77.28563690185547,6798000,0.0,0.0
2020-08-21 00:00:00-04:00,77.28562252401842,77.38304360880298,76.57121981677034,77.00960540771484,5269000,0.0,0.0
2020-08-24 00:00:00-04:00,77.04209761484333,77.31811479747019,76.4575833531329,76.7254867553711,4103600,0.0,0.0
2020-08-25 00:00:00-04:00,76.48193566218707,76.95279505246157,76.23839218681174,76.36016082763672,6710000,0.0,0.0
2020-08-26 00:00:00-04:00,75.90553200250059,76.6442946987213,75.45091261634914,76.5955810546875,5682800,0.0,0.0
2020-08-27 00:00:00-04:00,76.57933876882744,77.1719666606315,76.04353210023581,76.55498504638672,5271500,0.0,0.0
2020-08-28 00:00:00-04:00,76.73360004555084,76.83914112718433,75.9298960376962,76.449462890625,4938300,0.0,0.0
2020-08-31 00:00:00-04:00,76.40884041957321,77.94318654730941,76.31953932695596,77.74834442138672,9932300,0.0,0.0
2020-09-01 00:00:00-04:00,77.5454185039488,77.87014931233026,74.11140677352918,74.88263702392578,15783600,0.0,0.0
2020-09-02 00:00:00-04:00,74.74461699213333,76.50627315102399,74.60660843267533,76.27084350585938,9139200,0.0,0.0
2020-09-03 00:00:00-04:00,76.21402162841406,76.5631061354196,73.94903231929311,74.58226013183594,8921900,0.0,0.0
2020-09-04 00:00:00-04:00,74.7527423989236,75.6051537343619,73.5350066108193,74.58226013183594,9444800,0.0,0.0
2020-09-08 00:00:00-04:00,74.29809619406358,74.57411945012025,72.61762152088859,73.24272918701172,8563900,0.0,0.0
2020-09-09 00:00:00-04:00,73.76230385498775,75.03686685040852,73.47816679111499,74.38740539550781,5373500,0.0,0.0
2020-09-10 00:00:00-04:00,73.93279474195582,74.20881806038099,72.64199784634093,72.7800064086914,10403600,0.0,0.0
2020-09-11 00:00:00-04:00,72.90989590404499,73.34016154125976,72.28479428263798,72.82059478759766,8385800,0.0,0.0
2020-09-14 00:00:00-04:00,73.10473867571741,74.08704477089198,72.62575939327111,73.4619369506836,5212300,0.0,0.0
2020-09-15 00:00:00-04:00,74.20070180696734,74.67156113076504,73.583713941085,73.80290985107422,3851300,0.0,0.0
2020-09-16 00:00:00-04:00,73.89219592217135,74.09515186220489,72.812475028423,72.88553619384766,6304400,0.0,0.0
2020-09-17 00:00:00-04:00,72.49587388792683,73.72172346909194,72.39845279402863,72.7637710571289,5604700,0.0,0.0
2020-09-18 00:00:00-04:00,72.65012455590013,73.4700684909818,72.13867769006866,73.15345764160156,10076300,0.0,0.0
2020-09-21 00:00:00-04:00,72.36597208492458,72.60140172707568,70.76667822895867,72.32537841796875,7328300,0.0,0.0
2020-09-22 00:00:00-04:00,72.17114669590975,72.21173417509505,71.38367651376136,71.92759704589844,5306100,0.0,0.0
2020-09-23 00:00:00-04:00,72.25232537187827,72.47151509439679,70.7260987061233,70.7423324584961,6253000,0.0,0.0
2020-09-24 00:00:00-04:00,70.62869014553307,70.62869014553307,69.26482553635306,69.74380493164062,9980800,0.0,0.0
2020-09-25 00:00:00-04:00,69.81685596229241,70.51502501741332,69.37847030951475,70.00357818603516,9935600,0.0,0.0
2020-09-28 00:00:00-04:00,70.86409989163582,71.60285632521291,70.52313538383099,70.8559799194336,6306900,0.0,0.0
2020-09-29 00:00:00-04:00,70.71798519561601,70.85599378143306,70.06852355430897,70.53938293457031,5508900,0.0,0.0
2020-09-30 00:00:00-04:00,70.62867764008071,71.79770601059808,70.47442912071392,71.10765075683594,8209300,0.0,0.0
2020-10-01 00:00:00-04:00,71.57851006450053,71.57851006450053,70.40948788819394,70.7423324584961,8777300,0.0,0.0
2020-10-02 00:00:00-04:00,70.22276697365263,70.91281604620946,69.85744869810043,69.91427612304688,5554300,0.0,0.0
2020-10-05 00:00:00-04:00,70.21463873802485,71.58662294221718,69.98732906498746,71.3836669921875,5984200,0.0,0.0
2020-10-06 00:00:00-04:00,71.41613389258002,71.48919505465179,69.581410544633,69.7275390625,8743800,0.0,0.0
2020-10-07 00:00:00-04:00,69.94675972848992,70.87223860510505,69.84121864312417,70.68551635742188,5899700,0.0,0.0
2020-10-08 00:00:00-04:00,70.8478814271081,71.91137513396691,70.56374425112519,70.90470886230469,5535100,0.0,0.0
2020-10-09 00:00:00-04:00,70.96152173755802,72.00876899508098,70.91280809754655,71.19694519042969,6005800,0.0,0.0
2020-10-12 00:00:00-04:00,71.57851965747624,71.9276042206603,70.8884705052451,71.7002944946289,7314900,0.0,0.0
2020-10-13 00:00:00-04:00,71.44861113009851,72.08995264624306,71.01022555474438,71.30248260498047,7851700,0.0,0.0
2020-10-14 00:00:00-04:00,71.45059280741853,71.68099794785653,70.68531500349565,70.82520294189453,5863900,1.18,0.0
2020-10-15 00:00:00-04:00,70.28212885023024,70.5536742665337,69.91182937297253,70.1340103149414,6190900,0.0,0.0
2020-10-16 00:00:00-04:00,70.67710000758046,71.71392964577997,70.57012796257146,70.98979187011719,5358500,0.0,0.0
2020-10-19 00:00:00-04:00,71.25312479675992,71.41770444490614,69.22884221009876,69.37696075439453,10288000,0.0,0.0
2020-10-20 00:00:00-04:00,69.27819731441888,69.80483946564141,68.64457685624606,69.32756805419922,6932100,0.0,0.0
2020-10-21 00:00:00-04:00,68.7762389238502,69.2370492258704,67.93689869880541,68.20845031738281,9776900,0.0,0.0
2020-10-22 00:00:00-04:00,68.31544556662008,69.8542323169111,68.2331588815828,69.37696075439453,8080100,0.0,0.0
2020-10-23 00:00:00-04:00,69.64850050710683,70.06817069023562,69.0724875326717,69.4016342163086,4238700,0.0,0.0
2020-10-26 00:00:00-04:00,69.19590295987356,69.3851679219372,68.14261867900515,69.05601501464844,7986300,0.0,0.0
2020-10-27 00:00:00-04:00,69.12185584954844,69.33580620884722,68.03565550874978,68.06034088134766,6705600,0.0,0.0
2020-10-28 00:00:00-04:00,66.94122770347919,67.64890438156775,66.02783120683165,66.23355102539062,11480200,0.0,0.0
2020-10-29 00:00:00-04:00,66.24178012400344,66.95768733700177,65.09797846013274,66.38166809082031,8876700,0.0,0.0
2020-10-30 00:00:00-04:00,68.46355147597325,70.88281849363815,68.29897813627066,70.02702331542969,18089100,0.0,0.0
2020-11-02 00:00:00-05:00,70.79229444560592,72.85772293344043,70.76760907483843,72.61908721923828,10781400,0.0,0.0
2020-11-03 00:00:00-05:00,73.35146820565697,73.55718805282969,71.9443452043642,72.3804702758789,8518800,0.0,0.0
2020-11-04 00:00:00-05:00,76.64297625821493,80.22249989961607,76.25622198898863,77.76209259033203,25849000,0.0,0.0
2020-11-05 00:00:00-05:00,78.46975722806687,78.60141462911794,76.52776190752286,77.09555053710938,8013000,0.0,0.0
2020-11-06 00:00:00-05:00,76.51130569944162,77.06263322010705,75.46624566909469,76.40432739257812,7006900,0.0,0.0
2020-11-09 00:00:00-05:00,78.7824666367405,79.77814988961246,77.90198598978289,78.27228546142578,11028900,0.0,0.0
2020-11-10 00:00:00-05:00,79.00463531273377,81.57201444955696,78.69193719258311,81.35807037353516,12267200,0.0,0.0
2020-11-11 00:00:00-05:00,81.58848909409527,82.18096323266339,80.45291156914931,80.76560974121094,9476500,0.0,0.0
2020-11-12 00:00:00-05:00,80.230724502481,80.43644430889762,79.22681084267666,80.3130111694336,7646600,0.0,0.0
2020-11-13 00:00:00-05:00,80.15667951705763,81.91764080228415,80.14844896579831,81.49797058105469,6888600,0.0,0.0
2020-11-16 00:00:00-05:00,82.25501351335097,82.73228501083123,80.913722523609,80.93840789794922,8611300,0.0,0.0
2020-11-17 00:00:00-05:00,81.76951159106024,82.5018736057166,81.25109365663653,81.63784790039062,11593500,0.0,0.0
2020-11-18 00:00:00-05:00,82.28794193993738,82.52657772493181,81.20174135745307,81.23465728759766,8880600,0.0,0.0
2020-11-19 00:00:00-05:00,81.26757851299989,82.41138047824747,81.12768423125219,82.01639556884766,7550300,0.0,0.0
2020-11-20 00:00:00-05:00,82.24678676116457,83.79380392402349,81.15236202041973,82.9791488647461,9682500,0.0,0.0
2020-11-23 00:00:00-05:00,83.88432832814652,84.55908918730141,83.1684209876241,84.08181762695312,7541500,0.0,0.0
2020-11-24 00:00:00-05:00,84.65782807246207,86.25421607333043,84.41096802612674,85.54653930664062,9322200,0.0,0.0
2020-11-25 00:00:00-05:00,85.43132668806504,85.95796892557165,85.07748834617115,85.7440185546875,6368100,0.0,0.0
2020-11-27 00:00:00-05:00,86.38588339553091,87.06064426194669,85.82632514449794,86.31182098388672,4418800,0.0,0.0
2020-11-30 00:00:00-05:00,86.5010724851135,86.7479325031598,85.29143893466745,86.05671691894531,20726500,0.0,0.0
2020-12-01 00:00:00-05:00,86.4434755987301,87.53790032959867,85.61236572265625,85.61236572265625,7623500,0.0,0.0
2020-12-02 00:00:00-05:00,85.579440063907,86.71501114311121,85.01988193544325,86.39408874511719,5492200,0.0,0.0
2020-12-03 00:00:00-05:00,86.40232775934935,86.97834076651664,85.82631475218204,86.1883773803711,4693600,0.0,0.0
2020-12-04 00:00:00-05:00,86.41876429106738,88.30315827003398,86.41876429106738,88.27847290039062,7235800,0.0,0.0
2020-12-07 00:00:00-05:00,88.08100295482087,88.22089093214818,86.36941246659075,87.09354400634766,6532500,0.0,0.0
2020-12-08 00:00:00-05:00,86.97833340231266,89.15896465008268,86.89604673369443,88.6158676147461,6688200,0.0,0.0
2020-12-09 00:00:00-05:00,88.78867272434593,89.81727179140724,88.56649181014123,89.42228698730469,7350700,0.0,0.0
2020-12-10 00:00:00-05:00,89.7431987098232,89.75142925923956,87.77651802998604,88.45127868652344,6285700,0.0,0.0
2020-12-11 00:00:00-05:00,88.05633125344193,88.39370856162452,86.87961339481805,87.50499725341797,5205200,0.0,0.0
2020-12-14 00:00:00-05:00,88.40192139422582,88.92856363173243,85.65350133154692,85.7440185546875,8272700,0.0,0.0
2020-12-15 00:00:00-05:00,86.76439010846266,86.77261438075,84.19700458896449,84.60844421386719,12101000,0.0,0.0
2020-12-16 00:00:00-05:00,84.345125586805,86.73970728767014,83.85139927800856,86.10608673095703,9182100,0.0,0.0
2020-12-17 00:00:00-05:00,86.28713560602921,86.81377792722827,85.66997604730484,86.31182098388672,6360600,0.0,0.0
2020-12-18 00:00:00-05:00,86.42702437739825,86.45170975547802,84.92115353381577,85.94975280761719,13906800,0.0,0.0
2020-12-21 00:00:00-05:00,84.55907984803503,85.51361658523459,83.5633966340124,85.34081268310547,6664600,0.0,0.0
2020-12-22 00:00:00-05:00,85.09395211858615,85.16800824271448,83.94191983360192,84.59199523925781,4002900,0.0,0.0
2020-12-23 00:00:00-05:00,84.80594216553715,85.52184944632809,84.68251528787586,84.98697662353516,3659100,0.0,0.0
2020-12-24 00:00:00-05:00,84.84710210300737,85.07750734861975,84.42743181817224,84.97053527832031,1378600,0.0,0.0
2020-12-28 00:00:00-05:00,85.29144884421666,85.48070758556737,84.5261707710253,85.12686920166016,3948900,0.0,0.0
2020-12-29 00:00:00-05:00,85.53830466889916,86.70679810012528,85.53830466889916,86.15546417236328,5096400,0.0,0.0
2020-12-30 00:00:00-05:00,86.49284666148283,87.4144737688755,86.48461611034358,86.62450408935547,5328400,0.0,0.0
2020-12-31 00:00:00-05:00,86.61626758119876,88.278480826478,86.27888409092887,88.1715087890625,6148100,0.0,0.0
2021-01-04 00:00:00-05:00,88.1962092680087,88.33609725122189,85.46425006833792,86.73971557617188,9523400,0.0,0.0
2021-01-05 00:00:00-05:00,86.73969951186093,88.0645292484395,86.09784846208682,87.63663482666016,6823800,0.0,0.0
2021-01-06 00:00:00-05:00,86.19660917932198,88.20443673863927,85.72756821581748,86.87960052490234,11017500,0.0,0.0
2021-01-07 00:00:00-05:00,87.3157219240285,88.09745473794102,86.87136635426415,87.8094482421875,8196000,0.0,0.0
2021-01-08 00:00:00-05:00,87.9164253060256,88.48421405724399,87.0277203938604,88.270263671875,5345900,0.0,0.0
2021-01-11 00:00:00-05:00,88.1056920338739,90.15465986403713,88.1056920338739,89.7103042602539,6334200,0.0,0.0
2021-01-12 00:00:00-05:00,89.87488293582211,91.15857270318868,89.79259625705498,90.335693359375,6106900,0.0,0.0
2021-01-13 00:00:00-05:00,90.35215817991974,93.32275323557143,90.26986521969513,92.53278350830078,9821300,0.0,0.0
2021-01-14 00:00:00-05:00,92.15814445759985,93.81483116732196,91.15914269469565,92.932373046875,8268800,1.3,0.0
2021-01-15 00:00:00-05:00,92.57439584206841,92.87409763991633,91.1424950152929,92.00829315185547,9196200,0.0,0.0
2021-01-19 00:00:00-05:00,92.61603014814614,93.4984819759545,91.79185332120251,93.3902587890625,7723800,0.0,0.0
2021-01-20 00:00:00-05:00,93.99798809464578,94.156159465634,92.79918083263708,93.75656127929688,6554600,0.0,0.0
2021-01-21 00:00:00-05:00,93.76487735849558,93.86478007615817,92.20809970511824,92.62435150146484,5417000,0.0,0.0
2021-01-22 00:00:00-05:00,92.11653393623433,92.90740989570374,91.14250614998278,92.2913589477539,5185500,0.0,0.0
2021-01-25 00:00:00-05:00,91.35062842572432,92.59938390231775,90.9177229703326,91.99165344238281,6928200,0.0,0.0
2021-01-26 00:00:00-05:00,92.65765990702519,92.65765990702519,90.37659530533858,90.57640075683594,5554600,0.0,0.0
2021-01-27 00:00:00-05:00,88.47849531836268,88.82814536024794,85.40655452530059,85.57305908203125,11887900,0.0,0.0
2021-01-28 00:00:00-05:00,86.5803706314651,87.52942418603631,85.83944296783491,86.75519561767578,8534300,0.0,0.0
2021-01-29 00:00:00-05:00,86.58038234670728,86.98830736972877,84.75719726288828,85.31497955322266,9380400,0.0,0.0
2021-02-01 00:00:00-05:00,85.74788066165569,86.48880844274811,84.79882695662718,85.16513061523438,7518200,0.0,0.0
2021-02-02 00:00:00-05:00,85.64797966305184,86.83846022609234,85.33163053881354,86.13916015625,10481300,0.0,0.0
2021-02-03 00:00:00-05:00,88.41189235280632,89.55242473354538,86.58871352854375,89.03627014160156,12101900,0.0,0.0
2021-02-04 00:00:00-05:00,88.96965570127156,90.6429832453785,87.62099767849325,90.35160827636719,9077800,0.0,0.0
2021-02-05 00:00:00-05:00,91.26738336078232,91.80018524994672,90.27670822235136,90.51813507080078,7251000,0.0,0.0
2021-02-08 00:00:00-05:00,90.65129858486486,90.72622719683953,88.08718647912625,88.94466400146484,9199100,0.0,0.0
2021-02-09 00:00:00-05:00,88.24538101333269,88.6616328105654,87.50445332237835,87.74588012695312,5506900,0.0,0.0
2021-02-10 00:00:00-05:00,88.22873384124208,88.35360429936199,86.34727393708864,86.62200164794922,7446000,0.0,0.0
2021-02-11 00:00:00-05:00,87.05489077538992,87.14646666854597,86.01426139997812,86.37223815917969,5090100,0.0,0.0
2021-02-12 00:00:00-05:00,86.38057545861615,87.05490134326232,85.87274775364855,86.9466781616211,3738400,0.0,0.0
2021-02-16 00:00:00-05:00,87.68760507435653,88.40355867326721,86.59702104727255,86.74687194824219,5637300,0.0,0.0
2021-02-17 00:00:00-05:00,87.16311722926575,88.86975200986704,86.70524409772489,88.48680114746094,6940400,0.0,0.0
2021-02-18 00:00:00-05:00,87.6792753721029,88.75320573509686,87.58769947166556,88.29532623291016,5386600,0.0,0.0
2021-02-19 00:00:00-05:00,88.4368667255987,88.828138111111,87.337962146854,87.42121124267578,6702400,0.0,0.0
2021-02-22 00:00:00-05:00,87.12983446945437,89.64399268082032,86.77185764831133,89.12783813476562,10272500,0.0,0.0
2021-02-23 00:00:00-05:00,89.05289477381233,89.57736965907168,88.21206451362112,88.47013854980469,7058600,0.0,0.0
2021-02-24 00:00:00-05:00,88.24537336791748,91.1091875172424,87.91237068868239,90.48480987548828,7626200,0.0,0.0
2021-02-25 00:00:00-05:00,90.31000350407317,90.99265627897448,89.13617024701773,89.35262298583984,6237600,0.0,0.0
2021-02-26 00:00:00-05:00,89.64399864887045,90.39325324899318,87.71259031938695,89.6939468383789,9250000,0.0,0.0
2021-03-01 00:00:00-05:00,90.35161297891676,90.91771567024479,89.96866209235637,90.25171661376953,4709500,0.0,0.0
2021-03-02 00:00:00-05:00,90.61801845789293,91.05924436361863,89.75221392430915,89.78551483154297,5487000,0.0,0.0
2021-03-03 00:00:00-05:00,88.96134074630201,89.1944407525841,87.79583436339271,88.83646392822266,7218700,0.0,0.0
2021-03-04 00:00:00-05:00,88.66165220836847,89.70228192912397,87.37126881403175,87.95402526855469,7503700,0.0,0.0
2021-03-05 00:00:00-05:00,88.2537018775658,89.0695517882976,86.63864298071194,88.828125,7277800,0.0,0.0
2021-03-08 00:00:00-05:00,88.9530030581289,90.04358702778154,88.07887814142032,88.33695220947266,6049400,0.0,0.0
2021-03-09 00:00:00-05:00,88.64499443476076,90.48482680109913,88.61169352545838,88.90306854248047,6857500,0.0,0.0
2021-03-10 00:00:00-05:00,89.40255744843441,90.21008692372857,89.11950928470145,89.91038513183594,5762600,0.0,0.0
2021-03-11 00:00:00-05:00,90.01861617280376,90.43486799218479,89.36093753600187,89.80216979980469,4671400,0.0,0.0
2021-03-12 00:00:00-05:00,89.74388640573423,90.39323816699736,89.38590962048684,90.09353637695312,5341200,0.0,0.0
2021-03-15 00:00:00-04:00,90.46817074302004,91.87510395367093,90.21009664222564,91.79185485839844,6642200,0.0,0.0
2021-03-16 00:00:00-04:00,91.53377621934155,92.47450943390282,91.49215484663021,92.27470397949219,5570200,0.0,0.0
2021-03-17 00:00:00-04:00,86.38057108203313,87.48779598864365,85.58136842737144,87.44617462158203,19445600,0.0,0.0
2021-03-18 00:00:00-04:00,86.58035645161753,87.40453306634355,86.09750293935497,86.38887786865234,8675100,0.0,0.0
2021-03-19 00:00:00-04:00,86.52209752611239,86.93834931708734,85.68126712992348,86.09751892089844,10899100,0.0,0.0
2021-03-22 00:00:00-04:00,86.16412981497457,88.57839172743307,85.64797525321482,88.16213989257812,7627200,0.0,0.0
2021-03-23 00:00:00-04:00,87.72090294008825,88.19542971812972,87.00494936599087,87.27967071533203,6111600,0.0,0.0
2021-03-24 00:00:00-04:00,87.26303695423006,87.68761561660544,85.78950821045548,85.7978286743164,9420100,0.0,0.0
2021-03-25 00:00:00-04:00,85.66461124907485,86.70524062199486,84.95698454578877,86.48046112060547,6281500,0.0,0.0
2021-03-26 00:00:00-04:00,86.47215372245729,88.34528687669639,86.44717327847529,88.2287368774414,6596900,0.0,0.0
2021-03-29 00:00:00-04:00,88.0455893257728,89.0778920912139,87.82080977954436,88.85311889648438,5472700,0.0,0.0
2021-03-30 00:00:00-04:00,88.96134354588489,89.10286764679576,88.13716668302268,88.90306854248047,5354100,0.0,0.0
2021-03-31 00:00:00-04:00,88.97797830256667,90.89273903323837,88.91138284483316,90.09353637695312,9048000,0.0,0.0
2021-04-01 00:00:00-04:00,90.67629496269491,90.72624950012408,89.3442904087265,90.34329223632812,5091700,0.0,0.0
2021-04-05 00:00:00-04:00,90.80950128363199,90.80950128363199,87.7458875430106,88.3619384765625,10584400,0.0,0.0
2021-04-06 00:00:00-04:00,88.12051052177759,88.47848734712326,87.31298096100953,87.72923278808594,8522500,0.0,0.0
2021-04-07 00:00:00-04:00,87.85410077863683,88.35360165063726,86.72189541463683,87.58769989013672,8037300,0.0,0.0
2021-04-08 00:00:00-04:00,87.74589373293975,89.01129659808281,87.70426600616229,88.32864379882812,5881800,0.0,0.0
2021-04-09 00:00:00-04:00,88.5700624680832,89.67729384260127,88.28701427691249,89.5274429321289,5977500,0.0,0.0
2021-04-12 00:00:00-04:00,89.76053821133863,90.38491591351864,89.37758731618136,90.11851501464844,5647500,0.0,0.0
2021-04-13 00:00:00-04:00,89.93535866790252,90.21008636735942,89.10285510700146,90.09353637695312,6165100,0.0,0.0
2021-04-14 00:00:00-04:00,89.50371746439363,89.88289651967929,88.96443744283293,89.23407745361328,7766700,1.3,0.0
2021-04-15 00:00:00-04:00,89.30988821505066,90.11880804379717,88.99812084810908,90.06825256347656,5730500,0.0,0.0
2021-04-16 00:00:00-04:00,90.5738267262987,91.4670142612683,90.27890904298374,90.927734375,8207700,0.0,0.0
2021-04-19 00:00:00-04:00,90.97828302045698,91.61868024806088,90.26205257800778,91.51756286621094,4542900,0.0,0.0
2021-04-20 00:00:00-04:00,91.10468920756817,92.31806579354856,91.04570566817137,91.87147521972656,5411800,0.0,0.0
2021-04-21 00:00:00-04:00,92.51186897944393,93.90220255905139,92.14111164388903,93.36292266845703,6181100,0.0,0.0
2021-04-22 00:00:00-04:00,93.2365388156402,93.60728976731748,92.36020728024309,92.73096466064453,5046000,0.0,0.0
2021-04-23 00:00:00-04:00,92.44447058814917,94.18027758209921,92.30965381060878,93.85165405273438,4611000,0.0,0.0
2021-04-26 00:00:00-04:00,94.00330644938842,94.40776955127102,93.40504306666098,93.86006164550781,5202300,0.0,0.0
2021-04-27 00:00:00-04:00,93.74209787053361,94.24767194409074,93.17754026220688,93.9021987915039,3522900,0.0,0.0
2021-04-28 00:00:00-04:00,94.1044451834244,94.85438159592073,93.80109939536698,94.31510162353516,5116000,0.0,0.0
2021-04-29 00:00:00-04:00,94.69426928247411,94.88807601276108,92.96689053805788,93.43875885009766,6766700,0.0,0.0
2021-04-30 00:00:00-04:00,93.92747342113547,94.635275814937,92.78150213036096,93.95275115966797,10575400,0.0,0.0
2021-05-03 00:00:00-04:00,94.71113100095243,96.98621784432993,94.02859980496,96.63231658935547,9138200,0.0,0.0
2021-05-04 00:00:00-04:00,96.58175866256275,97.69402431345475,95.2588365896933,95.97506713867188,8151400,0.0,0.0
2021-05-05 00:00:00-04:00,96.32056587143708,97.98053994543076,96.01722002904609,97.5592269897461,7021400,0.0,0.0
2021-05-06 00:00:00-04:00,96.90195156859376,97.89625011140306,96.19414909509747,97.8119888305664,5803800,0.0,0.0
2021-05-07 00:00:00-04:00,98.06476446940488,98.52821111832203,96.8682376669391,97.5339126586914,6808200,0.0,0.0
2021-05-10 00:00:00-04:00,98.0647865702971,98.75573945703368,97.71931334129108,97.92996978759766,7093300,0.0,0.0
2021-05-11 00:00:00-04:00,97.30640996883253,98.2248688139668,96.3795166386854,96.80925750732422,5784600,0.0,0.0
2021-05-12 00:00:00-04:00,96.77555864618267,97.74457946977434,96.4300854582345,96.86824798583984,6208300,0.0,0.0
2021-05-13 00:00:00-04:00,97.36540704554729,98.75573437666739,96.91038837348601,98.25016021728516,6558200,0.0,0.0
2021-05-14 00:00:00-04:00,98.89053748462156,99.08433776578396,98.06476159675617,98.10689544677734,6268500,0.0,0.0
2021-05-17 00:00:00-04:00,98.3933894486052,99.18545957756685,98.21643884231608,98.4945068359375,6183200,0.0,0.0
2021-05-18 00:00:00-04:00,97.8372655895123,99.34556628762034,97.17159054875688,98.76415252685547,8174900,0.0,0.0
2021-05-19 00:00:00-04:00,98.13218914667526,98.16589494642993,96.37952613177659,97.6181869506836,6433600,0.0,0.0
2021-05-20 00:00:00-04:00,97.18842741792771,98.87367851041454,97.00305519788127,98.67987823486328,5526100,0.0,0.0
2021-05-21 00:00:00-04:00,99.02537401659627,99.66577137826583,97.79514120912859,97.845703125,5577800,0.0,0.0
2021-05-24 00:00:00-04:00,98.24172624665668,98.4271049273079,97.39910055549583,97.66874694824219,4821300,0.0,0.0
2021-05-25 00:00:00-04:00,97.71932506795562,97.7446028159499,96.21945201885865,96.53121948242188,6574200,0.0,0.0
2021-05-26 00:00:00-04:00,96.50591747071091,96.68286809090691,95.85709852999227,96.64916229248047,5802600,0.0,0.0
2021-05-27 00:00:00-04:00,97.00306934996956,97.07047451767372,94.39092463254266,94.64371490478516,26406000,0.0,0.0
2021-05-28 00:00:00-04:00,95.4947612021319,96.46378193204951,95.09872613983072,95.38521575927734,7104300,0.0,0.0
2021-06-01 00:00:00-04:00,95.80653583531534,96.05089805036793,94.40778057002565,94.551025390625,6846200,0.0,0.0
2021-06-02 00:00:00-04:00,94.71954577344741,94.93020217120487,93.40504547990922,93.86849212646484,8100700,0.0,0.0
2021-06-03 00:00:00-04:00,93.63256649872179,94.7195543813804,93.23653140635118,94.551025390625,6286100,0.0,0.0
2021-06-04 00:00:00-04:00,94.71113500045738,95.30939850781337,94.50890662174989,94.67742919921875,4255400,0.0,0.0
2021-06-07 00:00:00-04:00,94.97231507548938,96.15199200834329,94.65211971418533,95.22510528564453,5570100,0.0,0.0
2021-06-08 00:00:00-04:00,94.94704901383058,95.29252215288118,94.2223905129269,94.66055297851562,4114200,0.0,0.0
2021-06-09 00:00:00-04:00,95.11557555474032,96.41321975211184,94.9976084848632,96.05931854248047,4884000,0.0,0.0
2021-06-10 00:00:00-04:00,96.36266638126955,98.578769446696,96.18571577258287,97.9468002319336,6263800,0.0,0.0
2021-06-11 00:00:00-04:00,97.94681221049245,98.04792961156114,96.79241908473105,97.255859375,4471400,0.0,0.0
2021-06-14 00:00:00-04:00,96.96094562909015,97.30642527534847,96.21943727705487,97.239013671875,4427600,0.0,0.0
2021-06-15 00:00:00-04:00,97.20530612018699,97.6940305934849,96.49749715390654,97.6013412475586,3590500,0.0,0.0
2021-06-16 00:00:00-04:00,97.9299473461333,98.19115922250272,97.04518790290587,97.3485336303711,6670200,0.0,0.0
2021-06-17 00:00:00-04:00,96.88511485225233,97.65190096784305,96.08461650534609,96.81770324707031,4172300,0.0,0.0
2021-06-18 00:00:00-04:00,95.75599553476566,96.2278639262492,95.2588493978419,95.31783294677734,7415400,0.0,0.0
2021-06-21 00:00:00-04:00,95.79812219651181,97.11261629040933,95.0229016318339,96.67445373535156,4666100,0.0,0.0
2021-06-22 00:00:00-04:00,96.47221167228447,97.1378867265782,95.95820949654785,96.64916229248047,4359900,0.0,0.0
2021-06-23 00:00:00-04:00,96.52276519465714,96.92722188317208,96.01718469092872,96.05931854248047,3837300,0.0,0.0
2021-06-24 00:00:00-04:00,96.41322138829804,97.90467232790596,96.27840463274619,96.682861328125,7712300,0.0,0.0
2021-06-25 00:00:00-04:00,95.13244039256944,95.7138477392278,94.49204307683868,95.1998519897461,11709400,0.0,0.0
2021-06-28 00:00:00-04:00,95.43579745406967,96.15202807990805,95.08188974133907,95.21671295166016,5141800,0.0,0.0
2021-06-29 00:00:00-04:00,94.92179456570915,95.00605585722121,94.04546299078984,94.62687683105469,5795100,0.0,0.0
2021-06-30 00:00:00-04:00,94.55102367864953,95.14928712037059,94.06229925739338,94.9133529663086,5042600,0.0,0.0
2021-07-01 00:00:00-04:00,95.17456785441112,96.52277408354719,95.12401237087184,96.27841186523438,5306900,0.0,0.0
2021-07-02 00:00:00-04:00,96.49749615020032,97.31484414010839,95.96664425255473,97.04520416259766,5719500,0.0,0.0
2021-07-06 00:00:00-04:00,97.04519223139407,97.66031176972437,96.70814069376335,97.5170669555664,7172100,0.0,0.0
2021-07-07 00:00:00-04:00,97.66875385166777,98.5619350902385,97.16317325825673,98.37655639648438,6695100,0.0,0.0
2021-07-08 00:00:00-04:00,97.54234371534648,98.42709676041959,97.47493212275329,98.03948974609375,3948800,0.0,0.0
2021-07-09 00:00:00-04:00,97.99736510332271,98.86526848923933,97.83726417355125,98.2332992553711,4823400,0.0,0.0
2021-07-12 00:00:00-04:00,98.41869039213364,99.72475645032712,98.26701749964464,99.1180648803711,8148400,0.0,0.0
2021-07-13 00:00:00-04:00,99.08432706361772,99.50563980343149,98.3259692749307,99.35397338867188,6540300,0.0,0.0
2021-07-14 00:00:00-04:00,99.5755161320141,100.15488962193032,99.16654393308806,99.99300384521484,6543400,1.3,0.0
2021-07-15 00:00:00-04:00,99.5244034355396,100.10377700050057,98.6212647756038,99.83965301513672,4544600,0.0,0.0
2021-07-16 00:00:00-04:00,100.46162053754435,100.81946716093994,99.61811656760686,100.11228942871094,6826100,0.0,0.0
2021-07-19 00:00:00-04:00,99.40511225220358,99.68628024375461,96.90869488864769,98.340087890625,6762000,0.0,0.0
2021-07-20 00:00:00-04:00,98.45084424298865,100.30824679449177,98.37415911680588,98.8768539428711,5581400,0.0,0.0
2021-07-21 00:00:00-04:00,99.37956695804826,99.74593565098216,98.65535158840507,99.67777252197266,4133800,0.0,0.0
2021-07-22 00:00:00-04:00,99.37956624797746,100.46163478699228,99.16656134664,100.1463851928711,6257000,0.0,0.0
2021-07-23 00:00:00-04:00,100.52127959823446,101.10916872729071,100.17194842699769,100.70020294189453,4411100,0.0,0.0
2021-07-26 00:00:00-04:00,100.64905850206111,100.93874850451496,99.91632123163356,100.359375,3730100,0.0,0.0
2021-07-27 00:00:00-04:00,100.35936206402576,100.79389376150054,99.48178315568454,100.50420379638672,3773100,0.0,0.0
2021-07-28 00:00:00-04:00,100.22305693758163,101.33068494844234,99.9418954274712,101.00691986083984,5650400,0.0,0.0
2021-07-29 00:00:00-04:00,101.4158760087845,101.50107665531509,100.6661012187655,101.27955627441406,4632200,0.0,0.0
2021-07-30 00:00:00-04:00,101.39032440604542,101.51812863604763,98.93651049165409,99.08987426757812,9017200,0.0,0.0
2021-08-02 00:00:00-04:00,99.59256421814185,99.89076975918186,98.33157893020315,98.36565399169922,9245500,0.0,0.0
2021-08-03 00:00:00-04:00,98.55310642553533,99.09839845422695,97.88853217184203,99.04727935791016,5902700,0.0,0.0
2021-08-04 00:00:00-04:00,98.64682614619808,99.27731881665477,97.90557327024294,98.0504150390625,4602000,0.0,0.0
2021-08-05 00:00:00-04:00,98.09298816970616,98.45935676047172,97.51361473548137,98.08447265625,5132400,0.0,0.0
2021-08-06 00:00:00-04:00,98.20377397551911,98.45086042210342,97.4965961974047,97.51363372802734,5340400,0.0,0.0
2021-08-09 00:00:00-04:00,97.62439686334102,98.14412928366029,96.90869709585505,97.18134307861328,5277900,0.0,0.0
2021-08-10 00:00:00-04:00,97.3006182831876,98.00779598455306,96.21003443068753,97.82887268066406,5120800,0.0,0.0
2021-08-11 00:00:00-04:00,98.11858053465885,98.27193782271615,96.74682845473419,96.89167022705078,6840400,0.0,0.0
2021-08-12 00:00:00-04:00,97.09614898304174,98.60422725541954,97.05355190496826,98.52754211425781,4863600,0.0,0.0
2021-08-13 00:00:00-04:00,98.68088915915803,99.48178949566436,98.578644488415,99.24322509765625,4416400,0.0,0.0
2021-08-16 00:00:00-04:00,99.68628363640862,101.06655759613116,99.43919719606609,100.88763427734375,8180500,0.0,0.0
2021-08-17 00:00:00-04:00,100.60645966703021,102.02080859422368,100.53829654995296,101.95265197753906,6551700,0.0,0.0
2021-08-18 00:00:00-04:00,101.53517464223115,102.17418934519117,99.8396574504875,99.93338012695312,5586900,0.0,0.0
2021-08-19 00:00:00-04:00,99.01318599339179,101.3562396344464,99.01318599339179,100.4786605834961,6145200,0.0,0.0
2021-08-20 00:00:00-04:00,100.62349867343497,101.79076769404809,100.24009250993345,101.23695373535156,4112500,0.0,0.0
2021-08-23 00:00:00-04:00,102.07193501916475,102.62574247387862,101.57776216689167,101.6970443725586,4748300,0.0,0.0
2021-08-24 00:00:00-04:00,102.00377760564582,102.00377760564582,100.89614963349347,101.96969604492188,3831500,0.0,0.0
2021-08-25 00:00:00-04:00,102.1230538493084,103.43516460872384,101.2795563969673,102.58314514160156,5241100,0.0,0.0
2021-08-26 00:00:00-04:00,102.9750733164307,103.30736038857697,102.37014027482098,102.58314514160156,5035400,0.0,0.0
2021-08-27 00:00:00-04:00,102.53202876912313,102.78763723239156,101.74817234901005,101.8844985961914,4279900,0.0,0.0
2021-08-30 00:00:00-04:00,102.10601969484583,103.0091648376094,101.85041773022441,102.72799682617188,3260900,0.0,0.0
2021-08-31 00:00:00-04:00,102.94951733231056,103.23920084096045,102.26789913488639,102.90691375732422,6021800,0.0,0.0
2021-09-01 00:00:00-04:00,103.09436026196408,103.54592956023873,90.39926831805685,95.6562271118164,50943200,0.0,0.0
2021-09-02 00:00:00-04:00,96.74680188107847,96.90868114080646,94.42078614519563,95.44320678710938,14719200,0.0,0.0
2021-09-03 00:00:00-04:00,94.72752633970111,95.48582315921746,94.59120010229051,95.1024169921875,5364800,0.0,0.0
2021-09-07 00:00:00-04:00,94.10554939560518,95.05981355770453,92.29075023505874,92.89568328857422,12694200,0.0,0.0
2021-09-08 00:00:00-04:00,92.06923718020157,94.48897625816063,91.77955363234958,94.02888488769531,10823200,0.0,0.0
2021-09-09 00:00:00-04:00,93.24502076954703,93.50062273194655,91.33649231491901,91.39613342285156,10337100,0.0,0.0
2021-09-10 00:00:00-04:00,91.5750584446887,92.29075170234708,90.62079426741793,90.89344024658203,7620100,0.0,0.0
2021-09-13 00:00:00-04:00,91.4983728488111,92.67415740920978,91.00419998269271,91.57505798339844,7398900,0.0,0.0
2021-09-14 00:00:00-04:00,92.00958246316581,92.07774558213278,90.52707037779474,90.72303771972656,6102700,0.0,0.0
2021-09-15 00:00:00-04:00,90.81676777688041,92.69973684915982,90.33963887190127,91.82215118408203,7444300,0.0,0.0
2021-09-16 00:00:00-04:00,92.2225929391849,92.65712472351564,90.76564030978646,92.08627319335938,5821800,0.0,0.0
2021-09-17 00:00:00-04:00,91.59208047909735,92.2310949940678,91.25127143770142,91.78804779052734,14157200,0.0,0.0
2021-09-20 00:00:00-04:00,90.39926064922749,91.58356714248106,89.93916937481069,90.65486907958984,7103400,0.0,0.0
2021-09-21 00:00:00-04:00,90.52706548142261,91.51541115180818,90.48446190927437,91.29388427734375,6400400,0.0,0.0
2021-09-22 00:00:00-04:00,91.17460914613531,91.66026000448082,90.25442651967238,90.66339874267578,6319100,0.0,0.0
2021-09-23 00:00:00-04:00,91.15755169757692,92.24813546453018,90.86786822840146,91.4728012084961,5847800,0.0,0.0
2021-09-24 00:00:00-04:00,91.0553143597189,92.06069749783978,90.68894576276658,91.22571563720703,5836100,0.0,0.0
2021-09-27 00:00:00-04:00,91.27686130872586,92.56341277981899,91.18313862868897,91.77955627441406,4969600,0.0,0.0
2021-09-28 00:00:00-04:00,91.69432802787414,92.54634740798687,91.20015522731467,91.45575714111328,6445600,0.0,0.0
2021-09-29 00:00:00-04:00,91.89030527836071,93.36430192973167,91.57506221159312,92.73380279541016,6270100,0.0,0.0
2021-09-30 00:00:00-04:00,93.04053738583987,94.08000233417133,91.8306711182776,91.90735626220703,7886400,0.0,0.0
2021-10-01 00:00:00-04:00,92.23110700217447,93.4580171107817,91.05532248168764,92.9468002319336,8611500,0.0,0.0
2021-10-04 00:00:00-04:00,92.7338223891848,93.89256971822728,91.75400492011617,92.64010620117188,9779200,0.0,0.0
2021-10-05 00:00:00-04:00,93.20241992362432,94.21632528858385,92.95533346912185,93.3046646118164,7146900,0.0,0.0
2021-10-06 00:00:00-04:00,93.1257389585144,93.4409820302169,92.14591518074032,93.14277648925781,5710300,0.0,0.0
2021-10-07 00:00:00-04:00,93.5347047383001,95.24726584620863,93.34725939808014,94.46340942382812,7842600,0.0,0.0
2021-10-08 00:00:00-04:00,94.61677885502233,95.2131899728154,94.26744770003378,94.7275390625,5019800,0.0,0.0
2021-10-11 00:00:00-04:00,94.69345142501477,94.91497832615522,93.96071409849834,94.01183319091797,4613800,0.0,0.0
2021-10-12 00:00:00-04:00,93.82439417999919,93.94367639568857,92.15443665995446,92.5037612915039,6305800,0.0,0.0
2021-10-13 00:00:00-04:00,92.52079224543051,92.90420491180052,92.0181038722429,92.46967315673828,5471100,0.0,0.0
2021-10-14 00:00:00-04:00,93.09919107053263,93.9874094289002,92.96121866087567,93.91842651367188,7289500,1.3,0.0
2021-10-15 00:00:00-04:00,94.12540891238083,94.82390960275957,94.06504473641232,94.28063201904297,4634500,0.0,0.0
2021-10-18 00:00:00-04:00,93.98741317792353,93.98741317792353,92.34894880548933,92.64215087890625,7949400,0.0,0.0
2021-10-19 00:00:00-04:00,92.91810828145417,93.19405970877396,92.15061816862092,92.6594009399414,4614900,0.0,0.0
2021-10-20 00:00:00-04:00,92.7025181575502,94.09090058373422,92.7025181575502,93.48725891113281,5626800,0.0,0.0
2021-10-21 00:00:00-04:00,93.48724932404546,93.95291194989825,92.40068784558866,93.78907012939453,4811800,0.0,0.0
2021-10-22 00:00:00-04:00,93.71146280687452,94.18575738124582,93.40101664532251,94.11676788330078,4614400,0.0,0.0
2021-10-25 00:00:00-04:00,94.06503677407326,94.11677561218052,92.91811094855383,93.56487274169922,5697400,0.0,0.0
2021-10-26 00:00:00-04:00,93.83218916913407,94.49620155931622,93.30615577194578,94.41858673095703,5047400,0.0,0.0
2021-10-27 00:00:00-04:00,94.49620211806285,94.6169304480461,93.28028690711662,93.47863006591797,4875300,0.0,0.0
2021-10-28 00:00:00-04:00,93.47000871144378,94.77215755933132,93.3061602941226,94.57381439208984,5193300,0.0,0.0
2021-10-29 00:00:00-04:00,96.66070452206323,99.10115397987096,96.08293222163847,98.88556671142578,16545000,0.0,0.0
2021-11-01 00:00:00-04:00,99.38571462794391,99.79101967953251,97.93696815588267,99.00627899169922,7096800,0.0,0.0
2021-11-02 00:00:00-04:00,99.38570411658642,101.48983739802112,99.30809587876278,100.48950958251953,10357800,0.0,0.0
2021-11-03 00:00:00-04:00,100.48951652066529,101.42085491404902,100.23943454952335,101.38636016845703,6186900,0.0,0.0
2021-11-04 00:00:00-04:00,101.38636351752879,101.51571717297168,100.31705268565482,100.94656372070312,4912200,0.0,0.0
2021-11-05 00:00:00-04:00,100.66198683757028,101.17076951461141,99.60129482895944,101.05004119873047,4635800,0.0,0.0
2021-11-08 00:00:00-05:00,101.06728279208747,101.28287000502213,99.84274900162653,100.0842056274414,7015000,0.0,0.0
2021-11-09 00:00:00-05:00,100.2394521568842,100.54127300982985,99.5237074425277,99.69617462158203,3146800,0.0,0.0
2021-11-10 00:00:00-05:00,99.51507516968617,100.98106582701402,99.50644983757464,100.67924499511719,4981100,0.0,0.0
2021-11-11 00:00:00-05:00,100.84310019693595,101.31738822778345,100.28257199756969,100.57576751708984,3120900,0.0,0.0
2021-11-12 00:00:00-05:00,101.23976017296881,101.23976017296881,100.40328070384525,100.86894989013672,2740300,0.0,0.0
2021-11-15 00:00:00-05:00,100.85170247340633,101.58470431085209,100.22219145295534,100.75684356689453,3941000,0.0,0.0
2021-11-16 00:00:00-05:00,100.55850935191123,101.30012995877203,100.32567145623156,100.39466094970703,3476400,0.0,0.0
2021-11-17 00:00:00-05:00,100.54989351423887,101.42949319110147,100.24807267578636,101.1966552734375,4361500,0.0,0.0
2021-11-18 00:00:00-05:00,101.2483869821876,102.07624113239235,100.58437464827756,100.95518493652344,3160300,0.0,0.0
2021-11-19 00:00:00-05:00,101.43809772121743,101.58470203293919,99.91174307837245,100.23943328857422,5885800,0.0,0.0
2021-11-22 00:00:00-05:00,99.98935257860927,101.18801702633365,99.17874908439565,99.73065185546875,3975800,0.0,0.0
2021-11-23 00:00:00-05:00,100.51539524152867,102.9041056061387,100.16183558007556,102.51604461669922,8948300,0.0,0.0
2021-11-24 00:00:00-05:00,102.3435761768629,102.82648949544583,101.82616810992396,102.32633209228516,5792800,0.0,0.0
2021-11-26 00:00:00-05:00,101.42084957754669,101.85202400595928,99.88586966506979,100.4722671508789,5016700,0.0,0.0
2021-11-29 00:00:00-05:00,100.74823370031926,101.68819093785399,100.53264645363323,100.79997253417969,4372500,0.0,0.0
2021-11-30 00:00:00-05:00,100.61887275671201,100.7137316647269,99.25635987722575,99.41158294677734,8172100,0.0,0.0
2021-12-01 00:00:00-05:00,99.84275493387825,102.60227537092116,99.69615719938035,99.95486450195312,6287500,0.0,0.0
2021-12-02 00:00:00-05:00,100.24806376455481,101.41223351178701,99.68753564056887,100.78272247314453,4919800,0.0,0.0
2021-12-03 00:00:00-05:00,101.5329579026729,102.619519361619,100.89482155722203,102.49016571044922,6428100,0.0,0.0
2021-12-06 00:00:00-05:00,103.16280817158287,105.59463208063809,102.80062317174928,104.64604949951172,8939900,0.0,0.0
2021-12-07 00:00:00-05:00,105.18932451667486,105.32729692316327,104.34421967733269,104.78401947021484,6123300,0.0,0.0
2021-12-08 00:00:00-05:00,105.17209067934051,105.58602112342686,104.12864910514097,105.094482421875,5278100,0.0,0.0
2021-12-09 00:00:00-05:00,105.38766410512335,107.32794923737859,105.29280519454375,107.06062316894531,8082300,0.0,0.0
2021-12-10 00:00:00-05:00,106.68981057745447,108.66459041490346,106.68981057745447,108.19892120361328,7059500,0.0,0.0
2021-12-13 00:00:00-05:00,107.96608259645305,110.15644965176745,107.96608259645305,109.09576416015625,7834200,0.0,0.0
2021-12-14 00:00:00-05:00,108.39726380464813,110.25131542150739,108.12131239510633,109.76840209960938,6381400,0.0,0.0
2021-12-15 00:00:00-05:00,110.59625602228911,112.77799787594365,110.03572787280777,112.30370330810547,9585600,0.0,0.0
2021-12-16 00:00:00-05:00,112.19159527134245,114.93385841130892,112.02774687774702,113.64033508300781,9569000,0.0,0.0
2021-12-17 00:00:00-05:00,112.8297407044823,112.98497036781757,111.56208661391753,111.70006561279297,12631100,0.0,0.0
2021-12-20 00:00:00-05:00,110.82044456936376,113.30401343651707,110.57898794710152,112.84696960449219,7119200,0.0,0.0
2021-12-21 00:00:00-05:00,113.16604617613477,113.26953699524275,111.37235882626783,112.06224060058594,6085900,0.0,0.0
2021-12-22 00:00:00-05:00,112.02775042752484,114.33022044585027,111.91564085816512,113.87317657470703,7070900,0.0,0.0
2021-12-23 00:00:00-05:00,114.1146466467699,115.3564313327654,113.9766676464589,114.77002716064453,5702300,0.0,0.0
2021-12-27 00:00:00-05:00,114.85627354694515,115.96869804600598,114.83040412778577,115.90834045410156,4436800,0.0,0.0
2021-12-28 00:00:00-05:00,116.02905412461512,116.64131451183773,115.3305535788312,115.89107513427734,4237200,0.0,0.0
2021-12-29 00:00:00-05:00,116.08079260921598,117.16734754847452,115.6237487186897,116.72755432128906,5594300,0.0,0.0
2021-12-30 00:00:00-05:00,117.0638615801115,117.99519995843087,116.9603839242093,117.21907806396484,6354300,0.0,0.0
2021-12-31 00:00:00-05:00,117.31395730116141,117.46056821696692,116.67582743462903,116.76205444335938,3963400,0.0,0.0
2022-01-03 00:00:00-05:00,116.77069337991814,117.0207688262031,115.13222221464814,116.77931213378906,6839800,0.0,0.0
2022-01-04 00:00:00-05:00,116.70169724520069,117.4691873650104,115.88246828829851,116.55509948730469,6298300,0.0,0.0
2022-01-05 00:00:00-05:00,116.41711137310463,119.13350537511664,116.41711137310463,117.16735076904297,7724900,0.0,0.0
2022-01-06 00:00:00-05:00,117.6243716317889,117.84859074226027,116.55506753593534,116.61542510986328,4667000,0.0,0.0
2022-01-07 00:00:00-05:00,116.63270934790852,117.14149213085511,115.66688261981975,116.31364440917969,8630300,0.0,0.0
2022-01-10 00:00:00-05:00,116.4861010111807,118.05556930181889,116.04630777137353,117.61577606201172,9794400,0.0,0.0
2022-01-11 00:00:00-05:00,117.15011723671405,118.21942157828855,116.24464815253451,118.1159439086914,7159400,0.0,0.0
2022-01-12 00:00:00-05:00,117.72787703317348,118.47811637517717,117.30532132969088,118.39187622070312,6589300,0.0,0.0
2022-01-13 00:00:00-05:00,117.62514875090382,117.72970018430057,115.79541889680137,116.33563232421875,8386400,1.41,0.0
2022-01-14 00:00:00-05:00,116.18751873834523,118.54001916323342,115.2639322858111,118.3831787109375,10484500,0.0,0.0
2022-01-18 00:00:00-05:00,118.0695045006199,120.22161011693024,117.86910982355845,119.17605590820312,12341900,0.0,0.0
2022-01-19 00:00:00-05:00,118.85367489018593,119.80338581238517,117.48573166697393,117.80812072753906,6196700,0.0,0.0
2022-01-20 00:00:00-05:00,117.18947649953765,117.45086832543922,115.66470635920909,115.9086685180664,6612800,0.0,0.0
2022-01-21 00:00:00-05:00,115.93483830469349,116.97168441290022,114.72373536286793,114.99383544921875,7583000,0.0,0.0
2022-01-24 00:00:00-05:00,115.7257247465454,116.10037623951679,111.75259751386123,115.15066528320312,13733800,0.0,0.0
2022-01-25 00:00:00-05:00,114.56690015163039,117.03267339417717,113.95698133440104,115.96096801757812,10296500,0.0,0.0
2022-01-26 00:00:00-05:00,116.13522483611341,118.04336827324578,115.73443547645375,116.9542465209961,8040300,0.0,0.0
2022-01-27 00:00:00-05:00,118.06078795928147,120.50042313698567,117.93880686514336,118.47029876708984,8869100,0.0,0.0
2022-01-28 00:00:00-05:00,118.48774435343073,120.22161776053417,117.27664143645667,120.16934204101562,8014400,0.0,0.0
2022-01-31 00:00:00-05:00,119.21091245981849,119.515858562135,118.16534498061112,119.27189636230469,10300000,0.0,0.0
2022-02-01 00:00:00-05:00,119.69010493116467,120.09961572262785,118.53127793563499,119.36772918701172,7413900,0.0,0.0
2022-02-02 00:00:00-05:00,117.98238621095244,121.4675758725776,115.92612377879584,120.77924346923828,11363100,0.0,0.0
2022-02-03 00:00:00-05:00,121.54599129599525,123.4715644630762,121.14518862904328,122.61768341064453,10272700,0.0,0.0
2022-02-04 00:00:00-05:00,122.11234013863469,124.421286506326,121.31074802856904,122.54798889160156,6921500,0.0,0.0
2022-02-07 00:00:00-05:00,123.00104732083994,124.60423128033966,122.26916072562608,124.1860122680664,9597800,0.0,0.0
2022-02-08 00:00:00-05:00,123.75035492946414,125.11829807727645,123.07074409645604,125.03987121582031,7559500,0.0,0.0
2022-02-09 00:00:00-05:00,125.44938624657361,125.44938624657361,124.45610781903778,124.769775390625,5989100,0.0,0.0
2022-02-10 00:00:00-05:00,124.72622470063853,125.83277618517633,123.99433803312513,124.34286499023438,7333400,0.0,0.0
2022-02-11 00:00:00-05:00,124.47356414201819,125.12703728150906,123.32344503494063,123.73295593261719,6475200,0.0,0.0
2022-02-14 00:00:00-05:00,123.5325437620318,124.7610762813845,121.49371104583574,124.59552764892578,9931900,0.0,0.0
2022-02-15 00:00:00-05:00,124.90050132614316,126.73893957386163,124.7697987248218,126.12902069091797,9530100,0.0,0.0
2022-02-16 00:00:00-05:00,126.1115961930973,128.27241012070755,125.60624208273919,127.09615325927734,8028900,0.0,0.0
2022-02-17 00:00:00-05:00,126.16386986363375,126.74763754328963,125.10088594099359,126.3119888305664,5486600,0.0,0.0
2022-02-18 00:00:00-05:00,126.06800219022591,126.97414548735597,124.91788342989129,125.4929428100586,7585900,0.0,0.0
2022-02-22 00:00:00-05:00,123.07073785670408,127.5143591964093,123.07073785670408,126.8260269165039,11576800,0.0,0.0
2022-02-23 00:00:00-05:00,127.40111016113414,129.25697792514376,126.65179384610646,127.8716049194336,9271000,0.0,0.0
2022-02-24 00:00:00-05:00,125.12699998665335,126.94800806848532,125.00501890210337,126.57335662841797,12070200,0.0,0.0
2022-02-25 00:00:00-05:00,127.32269393902571,131.00827823646515,127.25298855129164,130.29380798339844,8320700,0.0,0.0
2022-02-28 00:00:00-05:00,127.77575532649162,129.0217174919696,127.00030119089365,128.75161743164062,11090600,0.0,0.0
2022-03-01 00:00:00-05:00,128.6644703558764,130.2589460060593,127.39238374640263,128.68190002441406,7489900,0.0,0.0
2022-03-02 00:00:00-05:00,128.6906413991937,131.7837502626956,128.27242231102733,130.31997680664062,8247200,0.0,0.0
2022-03-03 00:00:00-05:00,130.52906559034136,131.3829333473859,129.6926275044449,131.05184936523438,5408400,0.0,0.0
2022-03-04 00:00:00-05:00,129.47480535040856,131.28709233233477,129.03915662889972,131.1825408935547,5389500,0.0,0.0
2022-03-07 00:00:00-05:00,129.82329668467193,131.34806694774693,129.11754800438217,130.2153778076172,7137700,0.0,0.0
2022-03-08 00:00:00-05:00,129.82331607356653,130.59877024851696,127.52309140781921,128.21141052246094,8817500,0.0,0.0
2022-03-09 00:00:00-05:00,129.1785296503582,130.79043493263796,128.74288101135735,129.6838836669922,5368900,0.0,0.0
2022-03-10 00:00:00-05:00,129.01301635446063,130.47678964975978,128.6906272660164,129.971435546875,4635700,0.0,0.0
2022-03-11 00:00:00-05:00,130.1195267390029,131.04309968698027,129.80585920054446,129.8755645751953,5171400,0.0,0.0
2022-03-14 00:00:00-04:00,131.33065130881334,133.2823622402216,129.84074022347198,132.5243377685547,8647200,0.0,0.0
2022-03-15 00:00:00-04:00,132.66372009868513,136.29702818915766,132.57659834697222,135.8178253173828,8384300,0.0,0.0
2022-03-16 00:00:00-04:00,136.35803880024952,136.63686034103023,133.76157635270735,135.96595764160156,7178900,0.0,0.0
2022-03-17 00:00:00-04:00,136.9418059616284,138.19647630083242,136.1053679321209,138.17904663085938,7227900,0.0,0.0
2022-03-18 00:00:00-04:00,137.66498657044428,138.91965692966957,136.91567028895932,138.71054077148438,9912800,0.0,0.0
2022-03-21 00:00:00-04:00,139.3639910565455,140.23528829765544,138.52755315024683,139.4511260986328,5825000,0.0,0.0
2022-03-22 00:00:00-04:00,139.45111909868643,139.66894339802994,137.68238685161256,139.416259765625,5756600,0.0,0.0
2022-03-23 00:00:00-04:00,139.4162892110637,140.4357055519044,137.9786538497368,138.0309295654297,6300600,0.0,0.0
2022-03-24 00:00:00-04:00,138.72794683339393,140.0436008721895,138.4055711107945,139.65151977539062,4638100,0.0,0.0
2022-03-25 00:00:00-04:00,139.88679536522505,141.13274422233155,139.6079738253467,140.56640625,5129400,0.0,0.0
2022-03-28 00:00:00-04:00,139.9390585886775,141.17629914782515,138.99805591800012,141.1240234375,4516500,0.0,0.0
2022-03-29 00:00:00-04:00,142.01278423711207,142.26545466220458,140.5315678519288,141.30702209472656,6154100,0.0,0.0
2022-03-30 00:00:00-04:00,140.90620944786903,143.19772574807453,140.90620944786903,142.67494201660156,5151800,0.0,0.0
2022-03-31 00:00:00-04:00,141.9604590514964,143.4678129140353,141.2372940106689,141.24600219726562,8670100,0.0,0.0
2022-04-01 00:00:00-04:00,141.28082831769444,142.08243339957124,139.49467978649756,141.74261474609375,5703300,0.0,0.0
2022-04-04 00:00:00-04:00,141.58582849739335,142.7533638308316,140.67968504478512,141.05433654785156,6892400,0.0,0.0
2022-04-05 00:00:00-04:00,141.05432610769824,144.60051266978047,141.01075858162736,142.3961181640625,6683300,0.0,0.0
2022-04-06 00:00:00-04:00,143.3197196010354,147.48452026894338,142.7185222448198,147.1708526611328,8810800,0.0,0.0
2022-04-07 00:00:00-04:00,146.09045951362674,152.11983700139913,145.97718657704596,150.9784393310547,7469000,0.0,0.0
2022-04-08 00:00:00-04:00,150.73446603266876,153.26994492377378,150.2988172869096,152.4422149658203,7204200,0.0,0.0
2022-04-11 00:00:00-04:00,152.389913638743,152.5118947459043,147.52808572835335,147.97244262695312,8163200,0.0,0.0
2022-04-12 00:00:00-04:00,147.5193586926961,148.60848042812142,144.81834476580718,145.77676391601562,8279700,0.0,0.0
2022-04-13 00:00:00-04:00,144.9859224588548,144.9859224588548,137.47301288621765,139.66976928710938,18312600,1.41,0.0
2022-04-14 00:00:00-04:00,138.70320180737195,143.99298146372445,137.7981392605104,142.62220764160156,11074800,0.0,0.0
2022-04-18 00:00:00-04:00,142.3146766410422,143.04398798799141,139.49403544221428,140.03004455566406,6500200,0.0,0.0
2022-04-19 00:00:00-04:00,140.94389729912467,141.03177292580511,135.06538793329653,137.38516235351562,9359900,0.0,0.0
2022-04-20 00:00:00-04:00,137.39391711115059,138.92286421761986,136.65581026303528,137.6926727294922,6250000,0.0,0.0
2022-04-21 00:00:00-04:00,137.9563297550133,140.9263492976046,136.50647560165558,139.29196166992188,7903300,0.0,0.0
2022-04-22 00:00:00-04:00,138.2023321368153,139.11619027177187,135.61894456659772,136.1901092529297,7938300,0.0,0.0
2022-04-25 00:00:00-04:00,136.05832048065324,137.6399879946965,134.30091511125826,137.3412322998047,6932600,0.0,0.0
2022-04-26 00:00:00-04:00,137.46425008761003,140.32003381180206,136.91945871384306,137.23577880859375,6787800,0.0,0.0
2022-04-27 00:00:00-04:00,137.56969118423208,140.15307924154078,135.812285801893,138.50111389160156,6039100,0.0,0.0
2022-04-28 00:00:00-04:00,139.15134917861621,139.22164699804733,135.61896084784618,137.35000610351562,7465000,0.0,0.0
2022-04-29 00:00:00-04:00,131.41879039088806,131.68240391602293,122.95687802249724,129.06387329101562,25155900,0.0,0.0
2022-05-02 00:00:00-04:00,128.8617432495304,130.8388242885934,126.04111514224633,129.9337615966797,9690800,0.0,0.0
2022-05-03 00:00:00-04:00,130.0919267026129,132.45563891621504,130.00405107667441,131.45391845703125,6163400,0.0,0.0
2022-05-04 00:00:00-04:00,130.2061656040955,133.88793223072102,129.6877342052947,133.20254516601562,5791500,0.0,0.0
2022-05-05 00:00:00-04:00,134.2393919587707,134.72268104156578,131.84052434997068,133.720947265625,6869300,0.0,0.0
2022-05-06 00:00:00-04:00,131.52417819643495,134.89840584362668,130.9354491553097,134.29209899902344,6145600,0.0,0.0
2022-05-09 00:00:00-04:00,133.2288898506046,134.91599730873415,130.86517760614123,132.64895629882812,6969000,0.0,0.0
2022-05-10 00:00:00-04:00,132.92136223193577,135.78592822967832,132.25353959358577,133.6418914794922,6525200,0.0,0.0
2022-05-11 00:00:00-04:00,132.70168152608628,135.98802094438815,132.6313837032431,133.5276641845703,5630000,0.0,0.0
2022-05-12 00:00:00-04:00,134.7753727291431,135.62771509389833,131.93715444290555,135.57498168945312,6914800,0.0,0.0
2022-05-13 00:00:00-04:00,134.81054630185588,135.6628888649972,133.47491464498438,134.88084411621094,6398500,0.0,0.0
2022-05-16 00:00:00-04:00,135.25869831118706,137.85966416683632,134.67876472721287,136.61190795898438,6565600,0.0,0.0
2022-05-17 00:00:00-04:00,136.5328422656233,136.8931002154379,134.30972530455432,136.005615234375,6032200,0.0,0.0
2022-05-18 00:00:00-04:00,136.0143666802531,136.8139892472605,133.3431167321945,133.9406280517578,6498100,0.0,0.0
2022-05-19 00:00:00-04:00,132.85981289746337,133.91425319666232,131.17270573715788,133.31674194335938,5994800,0.0,0.0
2022-05-20 00:00:00-04:00,133.85276492917052,134.89842313924098,129.88102553385713,132.69287109375,6746400,0.0,0.0
2022-05-23 00:00:00-04:00,133.25525547625477,133.56280677608575,129.33624904903377,130.07435607910156,6886400,0.0,0.0
2022-05-24 00:00:00-04:00,129.1956429202005,132.99164460901372,128.82658943511106,131.02334594726562,6367200,0.0,0.0
2022-05-25 00:00:00-04:00,132.12173454358404,134.4327268657759,131.62086758380337,133.5276641845703,5042600,0.0,0.0
2022-05-26 00:00:00-04:00,133.23769714796433,134.5030312045628,132.148100953018,132.3062744140625,6659300,0.0,0.0
2022-05-27 00:00:00-04:00,131.38361591242565,131.84932721568583,129.82830856323244,131.80538940429688,8405000,0.0,0.0
2022-05-31 00:00:00-04:00,130.6103560991903,130.82124955355414,128.8793108757752,129.49440002441406,11227800,0.0,0.0
2022-06-01 00:00:00-04:00,129.86347600621846,129.95135164607476,126.81438974071943,128.3081817626953,5597900,0.0,0.0
2022-06-02 00:00:00-04:00,128.86172460086544,129.23079147373264,125.5665900126271,128.94960021972656,5998900,0.0,0.0
2022-06-03 00:00:00-04:00,128.94959583959783,130.23250742853327,128.94959583959783,129.3186492919922,4891800,0.0,0.0
2022-06-06 00:00:00-04:00,129.1692779019868,129.8898204458213,127.99181967507087,128.75628662109375,3912400,0.0,0.0
2022-06-07 00:00:00-04:00,129.09897714077428,131.23423131111704,128.17633678094558,131.04969787597656,4991200,0.0,0.0
2022-06-08 00:00:00-04:00,130.83882625626595,131.67360454499783,130.26767486623382,131.14637756347656,4835200,0.0,0.0
2022-06-09 00:00:00-04:00,131.5593369024096,132.2623015707976,127.67547353428733,127.7896957397461,5642900,0.0,0.0
2022-06-10 00:00:00-04:00,126.83192054781951,127.08675179114041,124.90755985296578,125.8302001953125,5464700,0.0,0.0
2022-06-13 00:00:00-04:00,123.77403121959533,124.8372671143076,121.94632846183417,122.50869750976562,5997000,0.0,0.0
2022-06-14 00:00:00-04:00,122.5262774394688,123.59829555067884,119.78472995922587,120.92703247070312,5861800,0.0,0.0
2022-06-15 00:00:00-04:00,120.00439359800527,122.21871399956609,119.70562459099358,121.34001159667969,5981800,0.0,0.0
2022-06-16 00:00:00-04:00,119.97804716337366,122.39447931455926,119.2926602076724,122.2714614868164,6963400,0.0,0.0
2022-06-17 00:00:00-04:00,120.90949240611525,122.60538211850873,120.54922109455005,121.50700378417969,10429900,0.0,0.0
2022-06-21 00:00:00-04:00,122.97442974028117,126.50681804852962,122.75475408393628,126.06746673583984,7160500,0.0,0.0
2022-06-22 00:00:00-04:00,126.28713185357142,131.89325842620403,126.19047403652822,129.66134643554688,7995700,0.0,0.0
2022-06-23 00:00:00-04:00,130.68066383399102,132.5083670200256,129.64378769794135,131.32211303710938,7795000,0.0,0.0
2022-06-24 00:00:00-04:00,132.58742574642147,134.2130308088676,131.47146976621283,133.86154174804688,8527600,0.0,0.0
2022-06-27 00:00:00-04:00,134.44152682349454,136.59434597666174,134.22185112607053,134.56454467773438,5377300,0.0,0.0
2022-06-28 00:00:00-04:00,134.59087375059065,136.3043411150377,133.02678421710183,133.9933624267578,5735700,0.0,0.0
2022-06-29 00:00:00-04:00,135.2322981190353,137.6223697925253,134.74902251065157,135.4431915283203,6140900,0.0,0.0
2022-06-30 00:00:00-04:00,134.59088974400854,135.35535679561778,132.5698708705306,134.5821075439453,7289500,0.0,0.0
2022-07-01 00:00:00-04:00,134.51181842173708,135.1972054933008,133.0883242589416,135.1444854736328,4620000,0.0,0.0
2022-07-05 00:00:00-04:00,133.47494719411097,135.36416621977162,131.5066615439333,135.2587127685547,5478800,0.0,0.0
2022-07-06 00:00:00-04:00,135.85620639281944,136.1901176636677,133.29039646887634,134.02850341796875,5113600,0.0,0.0
2022-07-07 00:00:00-04:00,131.98110753987413,134.07242369677223,131.81415192628168,133.56277465820312,6516100,0.0,0.0
2022-07-08 00:00:00-04:00,133.56280501354772,136.41858867337686,133.37827155449654,134.30970764160156,4078400,0.0,0.0
2022-07-11 00:00:00-04:00,133.80880531719615,135.7595257895251,133.80880531719615,134.64356994628906,4491000,0.0,0.0
2022-07-12 00:00:00-04:00,134.44148871168926,135.82105813623974,133.61550617825606,133.9669952392578,5319500,0.0,0.0
2022-07-13 00:00:00-04:00,133.56279530998057,135.1708226782572,132.9477061710616,133.69459533691406,5221200,0.0,0.0
2022-07-14 00:00:00-04:00,132.05379623155983,133.93406625885922,131.699032898114,133.42852783203125,7576900,1.41,0.0
2022-07-15 00:00:00-04:00,134.67018189171083,136.47063178265725,134.30654076233628,136.2489013671875,4873000,0.0,0.0
2022-07-18 00:00:00-04:00,136.40861310309168,137.0028492486962,132.05382261811332,132.6569366455078,6838400,0.0,0.0
2022-07-19 00:00:00-04:00,133.03830359445658,133.24229187062838,131.97399987237213,132.80770874023438,5647100,0.0,0.0
2022-07-20 00:00:00-04:00,132.62140415786675,133.4373705190267,130.67904341915548,130.98947143554688,5315700,0.0,0.0
2022-07-21 00:00:00-04:00,130.59035364609815,131.12249853657698,129.50830810876838,131.0426788330078,4066800,0.0,0.0
2022-07-22 00:00:00-04:00,131.68130493164062,132.408573903969,130.89194492589067,131.68130493164062,3639700,0.0,0.0
2022-07-25 00:00:00-04:00,131.74333254889203,133.87195257417036,131.71672598274418,133.23336791992188,4347000,0.0,0.0
2022-07-26 00:00:00-04:00,134.0582430612849,136.1957281407412,133.3309741227828,133.80990600585938,4900600,0.0,0.0
2022-07-27 00:00:00-04:00,132.59481195093846,134.36865558907812,132.08926001805926,134.0582275390625,4145800,0.0,0.0
2022-07-28 00:00:00-04:00,134.31545906290037,135.17577441650533,130.04048887007124,132.81655883789062,6572300,0.0,0.0
2022-07-29 00:00:00-04:00,128.99392421441,129.75667759514326,123.3264937746277,127.28215789794922,17754700,0.0,0.0
2022-08-01 00:00:00-04:00,125.50831243734852,126.68792018121141,123.41517622468315,124.36418914794922,8523900,0.0,0.0
2022-08-02 00:00:00-04:00,125.21561589553271,126.68790936290247,124.2577522404771,124.51495361328125,5197100,0.0,0.0
2022-08-03 00:00:00-04:00,125.69454811869691,126.84754906941772,124.74553537566199,125.23334503173828,5474200,0.0,0.0
2022-08-04 00:00:00-04:00,126.02270667101043,126.45730319521155,123.00717817116475,123.21116638183594,7071700,0.0,0.0
2022-08-05 00:00:00-04:00,123.32647900066377,124.08923229002258,122.35085960729111,122.43067932128906,5371100,0.0,0.0
2022-08-08 00:00:00-04:00,122.4306885714049,124.87860158577924,122.191229411319,124.47061157226562,4854600,0.0,0.0
2022-08-09 00:00:00-04:00,124.77217806211662,126.15578772350084,124.06265130245963,124.39080810546875,3819700,0.0,0.0
2022-08-10 00:00:00-04:00,124.97617815254851,125.10921103482546,123.28215394032723,125.0027847290039,4075300,0.0,0.0
2022-08-11 00:00:00-04:00,124.37304418488186,126.7145172701037,123.86750578012816,126.01385498046875,5972800,0.0,0.0
2022-08-12 00:00:00-04:00,125.84533904963618,126.90964254854143,124.40853000278175,126.47505950927734,5208700,0.0,0.0
2022-08-15 00:00:00-04:00,126.92739384428147,127.07816894350935,124.54157176429922,126.20011138916016,4513200,0.0,0.0
2022-08-16 00:00:00-04:00,126.04046967335582,127.69900926835196,126.01386309946258,126.43071746826172,3852300,0.0,0.0
2022-08-17 00:00:00-04:00,125.42847817277446,126.61695012578583,124.65686054457868,125.44622039794922,3605200,0.0,0.0
2022-08-18 00:00:00-04:00,125.49059712882826,125.57041685985405,124.00943903080895,125.31320190429688,3525200,0.0,0.0
2022-08-19 00:00:00-04:00,125.74777683435276,127.14911495933478,125.46396888415626,125.80986785888672,4530700,0.0,0.0
2022-08-22 00:00:00-04:00,125.91629854621257,126.52827679980616,124.13359046547126,124.47061157226562,4023500,0.0,0.0
2022-08-23 00:00:00-04:00,123.858609559634,124.92292642260252,122.79430623001657,123.29985809326172,3768100,0.0,0.0
2022-08-24 00:00:00-04:00,123.32648187478945,123.69012306928053,122.12913200350536,122.31539154052734,5018900,0.0,0.0
2022-08-25 00:00:00-04:00,123.07814740758292,123.77880970583257,122.10252797118139,123.57482147216797,3301200,0.0,0.0
2022-08-26 00:00:00-04:00,123.18458418013671,124.03603517284715,120.843110866876,120.93180847167969,3838800,0.0,0.0
2022-08-29 00:00:00-04:00,120.79877226145027,121.25997548532304,119.52160243125219,120.36418914794922,3835800,0.0,0.0
2022-08-30 00:00:00-04:00,119.85861070851885,121.05596054384672,119.63688026000277,120.22225189208984,4337100,0.0,0.0
2022-08-31 00:00:00-04:00,120.3464338206383,120.6568483631607,118.9983087540049,119.25552368164062,5789600,0.0,0.0
2022-09-01 00:00:00-04:00,119.41514187789106,122.918480025023,118.93621009559028,122.7943115234375,4521000,0.0,0.0
2022-09-02 00:00:00-04:00,122.9805834738769,123.63689696287818,120.4528508598741,120.86970520019531,3601600,0.0,0.0
2022-09-06 00:00:00-04:00,121.77435383382891,123.59254605113775,120.83421898390812,122.03155517578125,4810600,0.0,0.0
2022-09-07 00:00:00-04:00,121.99608516044978,123.3175898604726,120.03598220669952,123.02491760253906,4141700,0.0,0.0
2022-09-08 00:00:00-04:00,123.84977629182434,124.6746207142649,122.971718719553,124.6302719116211,3988300,0.0,0.0
2022-09-09 00:00:00-04:00,124.52382558504749,126.09368108996452,124.25775984976814,125.4284896850586,4427000,0.0,0.0
2022-09-12 00:00:00-04:00,125.06486085086814,126.71453623969224,124.45289606578535,126.1557846069336,4938400,0.0,0.0
2022-09-13 00:00:00-04:00,124.65689700169277,125.88084022965518,121.9429176903826,122.86531066894531,6195900,0.0,0.0
2022-09-14 00:00:00-04:00,123.4329010049159,124.55929544122388,122.63467682591629,123.76993560791016,4673600,0.0,0.0
2022-09-15 00:00:00-04:00,124.1602147336339,127.62806944263292,123.62805612422783,126.39524841308594,6416900,0.0,0.0
2022-09-16 00:00:00-04:00,127.18459442633832,128.4706420017492,125.37527971383878,127.76996612548828,13887500,0.0,0.0
2022-09-19 00:00:00-04:00,127.39746952455049,127.59259343800763,125.43736604240554,126.52828979492188,5042500,0.0,0.0
2022-09-20 00:00:00-04:00,125.78325565684045,126.37749163640433,124.49720822542557,125.73890686035156,4532900,0.0,0.0
2022-09-21 00:00:00-04:00,126.0759331691345,127.38858722621289,124.42625801813871,124.44400024414062,5076100,0.0,0.0
2022-09-22 00:00:00-04:00,124.35531382297616,128.12473154239902,124.16905428687058,126.83868408203125,6161000,0.0,0.0
2022-09-23 00:00:00-04:00,126.00499738617341,127.20233379844606,125.0116356826342,126.88304138183594,5751600,0.0,0.0
2022-09-26 00:00:00-04:00,126.01383555854892,126.65242025912856,124.2665987435395,125.24221801757812,5697800,0.0,0.0
2022-09-27 00:00:00-04:00,126.46617481674339,129.08259139116558,125.3131737828117,125.6945571899414,5598000,0.0,0.0
2022-09-28 00:00:00-04:00,127.91188196154926,128.8875014989153,126.49280145871765,128.24891662597656,5226700,0.0,0.0
2022-09-29 00:00:00-04:00,128.4706219782145,128.82538526784884,125.7921144814136,126.58147430419922,5509400,0.0,0.0
2022-09-30 00:00:00-04:00,126.12029577937668,126.22673561369163,118.92735838345847,119.03379821777344,15359000,0.0,0.0
2022-10-03 00:00:00-04:00,120.5149399882724,123.10475005193706,120.00938806008148,122.67903137207031,7437500,0.0,0.0
2022-10-04 00:00:00-04:00,123.46838715561982,126.58147773663586,122.18233974578033,125.93402862548828,6612300,0.0,0.0
2022-10-05 00:00:00-04:00,125.47283760347706,128.13360320439898,125.15354519003228,127.12251281738281,4777900,0.0,0.0
2022-10-06 00:00:00-04:00,126.64356655394278,126.82096175279263,124.08036291746399,124.42626190185547,5124800,0.0,0.0
2022-10-07 00:00:00-04:00,123.29097479925247,124.21338090219396,121.99607675732564,123.06924438476562,4648800,0.0,0.0
2022-10-10 00:00:00-04:00,123.30875086729263,123.80542496673318,121.39299631228974,122.670166015625,3830800,0.0,0.0
2022-10-11 00:00:00-04:00,122.41295975903452,127.43292723624533,122.41295975903452,125.50830841064453,5675100,0.0,0.0
2022-10-12 00:00:00-04:00,125.6236072652623,126.88303463790895,124.10696498363636,124.15131378173828,4528000,0.0,0.0
2022-10-13 00:00:00-04:00,122.4759162549835,128.28164728480363,122.0906657200535,128.0487060546875,5066200,1.41,0.0
2022-10-14 00:00:00-04:00,127.76201650718852,129.44638716004437,127.41259780925462,128.06663513183594,5290500,0.0,0.0
2022-10-17 00:00:00-04:00,127.80677696857387,129.84953412204192,127.31401727562636,129.38365173339844,4016200,0.0,0.0
2022-10-18 00:00:00-04:00,130.1183311491503,130.69173647151743,128.59522454327453,129.55389404296875,3540400,0.0,0.0
2022-10-19 00:00:00-04:00,129.7330607348788,130.31542051300508,127.50214894574458,128.23683166503906,3333300,0.0,0.0
2022-10-20 00:00:00-04:00,128.26372527707045,129.0521490301797,127.60967438153799,128.05764770507812,3880100,0.0,0.0
2022-10-21 00:00:00-04:00,128.42496675336488,132.38504860350432,127.6096521654089,131.7578887939453,5419400,0.0,0.0
2022-10-24 00:00:00-04:00,133.23621987878985,135.76278208659718,133.22725166364938,135.1893768310547,5139700,0.0,0.0
2022-10-25 00:00:00-04:00,132.62697605601994,134.92956541401315,131.96397064068168,134.23072814941406,5229400,0.0,0.0
2022-10-26 00:00:00-04:00,135.29690334308702,136.98128747769408,135.01916205941487,136.6408233642578,4727900,0.0,0.0
2022-10-27 00:00:00-04:00,137.76074270540332,137.96682026418964,136.23763623718378,137.52780151367188,6850400,0.0,0.0
2022-10-28 00:00:00-04:00,130.74547406700302,133.47811379099625,127.52902921910156,132.25067138671875,10812200,0.0,0.0
2022-10-31 00:00:00-04:00,130.06456968128623,131.5070442918341,129.08799114281348,131.1665802001953,8604800,0.0,0.0
2022-11-01 00:00:00-04:00,131.39953324472046,132.33131170485424,129.50908534874853,131.62351989746094,6351200,0.0,0.0
2022-11-02 00:00:00-04:00,131.73102932749555,132.67177600472766,129.44636273166333,129.48220825195312,5345000,0.0,0.0
2022-11-03 00:00:00-04:00,129.01632791879814,130.2885706230255,128.1472585051046,129.3926239013672,3850700,0.0,0.0
2022-11-04 00:00:00-04:00,130.22582401087698,130.4318878697008,128.19202170969987,130.16310119628906,4623700,0.0,0.0
2022-11-07 00:00:00-05:00,130.16310631685255,133.3168418220968,129.64345570676252,132.68968200683594,4304000,0.0,0.0
2022-11-08 00:00:00-05:00,133.34375318330578,135.85240675619173,132.5642839046007,133.07496643066406,4637500,0.0,0.0
2022-11-09 00:00:00-05:00,133.12871292158434,134.9026971781089,131.7399928435798,132.2596435546875,4573700,0.0,0.0
2022-11-10 00:00:00-05:00,134.98332054706924,134.98332054706924,132.37611261153378,134.14112854003906,5607700,0.0,0.0
2022-11-11 00:00:00-05:00,133.97985838515393,134.85789596078027,130.58422653712276,134.5353546142578,6786400,0.0,0.0
2022-11-14 00:00:00-05:00,135.2700148227391,138.4595825545393,135.2700148227391,135.95094299316406,7077100,0.0,0.0
2022-11-15 00:00:00-05:00,137.4292483994546,137.45612570376437,134.35615812418297,137.11566162109375,5909500,0.0,0.0
2022-11-16 00:00:00-05:00,137.4740252993063,140.38585125807714,135.49397763207668,136.0673828125,7358700,0.0,0.0
2022-11-17 00:00:00-05:00,135.2610461933532,137.14253933952267,134.36509968014084,136.3272247314453,5069500,0.0,0.0
2022-11-18 00:00:00-05:00,137.68010250873533,139.44511827785473,137.68010250873533,138.85379028320312,5691100,0.0,0.0
2022-11-21 00:00:00-05:00,139.23010175100984,142.1240192281425,138.3610324204984,140.76217651367188,6492100,0.0,0.0
2022-11-22 00:00:00-05:00,141.28185004122258,143.24397567839884,141.1653725849871,143.163330078125,5351100,0.0,0.0
2022-11-23 00:00:00-05:00,143.30665956195085,144.19365163997654,142.29424917465423,142.804931640625,3221100,0.0,0.0
2022-11-25 00:00:00-05:00,142.98412428078157,144.02342568810812,142.6705511522155,143.01100158691406,1661900,0.0,0.0
2022-11-28 00:00:00-05:00,143.3514824613007,144.0055197721328,141.4072796209468,141.94483947753906,3902800,0.0,0.0
2022-11-29 00:00:00-05:00,141.8372936793023,142.84074942313242,140.85176069405745,141.73873901367188,3689000,0.0,0.0
2022-11-30 00:00:00-05:00,142.26734914362095,144.40866088867188,140.17980567619887,144.40866088867188,12342500,0.0,0.0
2022-12-01 00:00:00-05:00,144.24739317620705,146.21847283322288,143.333523876014,144.8118438720703,5827800,0.0,0.0
2022-12-02 00:00:00-05:00,143.9965451822235,146.7202169545946,143.80839037241597,146.63063049316406,4304900,0.0,0.0
2022-12-05 00:00:00-05:00,145.9407383391115,148.00141821395638,145.9407383391115,146.88148498535156,4859400,0.0,0.0
2022-12-06 00:00:00-05:00,146.9620979068889,147.28463918189198,144.74015449634453,146.68435668945312,5480400,0.0,0.0
2022-12-07 00:00:00-05:00,146.65751403046002,148.30605263828843,146.2722498496495,148.1895751953125,4637800,0.0,0.0
2022-12-08 00:00:00-05:00,148.18958172982022,148.93321914649363,147.18612578012213,148.71820068359375,4274400,0.0,0.0
2022-12-09 00:00:00-05:00,149.40804772900842,150.29503977054733,145.86906144924924,146.09304809570312,4644800,0.0,0.0
2022-12-12 00:00:00-05:00,146.22747177529197,148.27022922540246,145.8153302643466,148.117919921875,4109400,0.0,0.0
2022-12-13 00:00:00-05:00,149.57826838908198,150.07104170800665,147.5355114225025,147.6430206298828,5050400,0.0,0.0
2022-12-14 00:00:00-05:00,147.47282356387092,148.7092206404032,145.88699417079198,147.7057647705078,4485400,0.0,0.0
2022-12-15 00:00:00-05:00,146.83669809872723,147.48178078997643,145.09855938458702,146.12890625,5268300,0.0,0.0
2022-12-16 00:00:00-05:00,145.18815215149615,146.32600818402096,143.78150939941406,143.78150939941406,18905500,0.0,0.0
2022-12-19 00:00:00-05:00,144.05030373720655,145.34942366753464,143.4052210445775,144.68643188476562,4033400,0.0,0.0
2022-12-20 00:00:00-05:00,144.79393292811525,145.0089650371947,143.41418115693816,143.87110900878906,4221000,0.0,0.0
2022-12-21 00:00:00-05:00,144.6505386842135,145.79734894398567,143.67396042208915,145.3314666748047,3707200,0.0,0.0
2022-12-22 00:00:00-05:00,145.02685566150586,146.3886981701652,144.7222371323893,146.28118896484375,3606000,0.0,0.0
2022-12-23 00:00:00-05:00,146.38872476708536,146.77398894124917,145.4390234913744,146.12890625,2685100,0.0,0.0
2022-12-27 00:00:00-05:00,146.47833836304451,146.76503421269058,144.94626341276637,146.03036499023438,2669200,0.0,0.0
2022-12-28 00:00:00-05:00,146.6664381905332,147.55343014030913,145.24188654751674,145.34939575195312,2944500,0.0,0.0
2022-12-29 00:00:00-05:00,146.00348271388702,146.82775205128502,145.3135999153347,145.6450958251953,3112500,0.0,0.0
2022-12-30 00:00:00-05:00,145.34938193432538,145.9048780035752,143.19016148116208,144.7938995361328,3680400,0.0,0.0
2023-01-03 00:00:00-05:00,145.17917819678325,146.05721569069811,144.07716772832836,145.4838104248047,4937500,0.0,0.0
2023-01-04 00:00:00-05:00,145.5017224502842,147.1861064339346,144.70433052269527,146.65750122070312,4440400,0.0,0.0
2023-01-05 00:00:00-05:00,146.11994563294294,147.3742792294092,145.44798560053448,146.47833251953125,3516000,0.0,0.0
2023-01-06 00:00:00-05:00,147.68783495947665,150.6175841831909,147.04275231074948,149.21990966796875,5099100,0.0,0.0
2023-01-09 00:00:00-05:00,148.63753467249748,148.97799875340638,144.1398926078402,144.83872985839844,7833000,0.0,0.0
2023-01-10 00:00:00-05:00,145.3494293363793,145.51966139677643,141.82836536692506,143.0289306640625,5936200,0.0,0.0
2023-01-11 00:00:00-05:00,142.65261113497192,142.7601203464969,138.9254701967656,140.81591796875,7492000,0.0,0.0
2023-01-12 00:00:00-05:00,140.19185205530533,140.42700761296686,137.22521267718426,137.6774444580078,7665100,1.48,0.0
2023-01-13 00:00:00-05:00,137.5598494364735,139.11552774962715,136.88150181623854,138.92559814453125,6019300,0.0,0.0
2023-01-17 00:00:00-05:00,139.10648718137244,140.28229247569507,138.00304062219465,138.22915649414062,8507000,0.0,0.0
2023-01-18 00:00:00-05:00,137.58698517077775,137.85832698486072,134.82838249715178,134.94595336914062,6190800,0.0,0.0
2023-01-19 00:00:00-05:00,134.71983951331993,136.15793320822496,133.25461301670106,134.50277709960938,7169900,0.0,0.0
2023-01-20 00:00:00-05:00,135.15400380950675,135.40726634196432,133.09182768150978,135.29872131347656,7059000,0.0,0.0
2023-01-23 00:00:00-05:00,135.54292317657712,136.05846028068186,133.90584617781113,134.3580780029297,7616400,0.0,0.0
2023-01-24 00:00:00-05:00,133.93298626240255,134.64750651247476,132.44966634743705,133.5802459716797,5171400,0.0,0.0
2023-01-25 00:00:00-05:00,133.2998804008464,133.8425504048761,132.50394783370922,133.6707000732422,5744300,0.0,0.0
2023-01-26 00:00:00-05:00,133.78825707580805,134.49373759565094,133.05564375143425,133.31793212890625,4577800,0.0,0.0
2023-01-27 00:00:00-05:00,133.23651265955996,133.57115972990235,132.0607073786312,132.30491638183594,4591500,0.0,0.0
2023-01-30 00:00:00-05:00,131.93409050225102,133.06466991301554,131.3823671977572,131.735107421875,4573400,0.0,0.0
2023-01-31 00:00:00-05:00,131.71704767610368,133.72495811230579,130.61360090301892,133.63450622558594,5628700,0.0,0.0
2023-02-01 00:00:00-05:00,132.6215084155653,133.35412175837658,131.37334417165283,132.59437561035156,5439900,0.0,0.0
2023-02-02 00:00:00-05:00,131.98837981120056,131.98837981120056,129.73627405312627,131.0025177001953,6160800,0.0,0.0
2023-02-03 00:00:00-05:00,131.9793246262912,132.77525699717134,130.8758779488507,131.32810974121094,6553000,0.0,0.0
2023-02-06 00:00:00-05:00,131.81652860975652,132.35015881575276,130.97537029430458,131.16531372070312,4297000,0.0,0.0
2023-02-07 00:00:00-05:00,130.76736726728626,131.56329976313873,129.93526229481375,131.27386474609375,5401900,0.0,0.0
2023-02-08 00:00:00-05:00,131.51805299716602,132.368250973872,130.66785502046005,130.7944793701172,5753800,0.0,0.0
2023-02-09 00:00:00-05:00,134.31285392413068,139.01606221042817,133.77017020604933,134.49374389648438,12216900,0.0,0.0
2023-02-10 00:00:00-05:00,135.38914717107164,138.5457160384705,134.55704238477367,137.523681640625,8956700,0.0,0.0
2023-02-13 00:00:00-05:00,137.4965573788839,139.08840831227798,136.8091562250168,139.04318237304688,5602600,0.0,0.0
2023-02-14 00:00:00-05:00,139.21503848832364,139.28739723391817,137.2613937603305,138.01210021972656,4662800,0.0,0.0
2023-02-15 00:00:00-05:00,138.0392109328084,138.82610353957952,136.42022738741466,136.6282501220703,5648100,0.0,0.0
2023-02-16 00:00:00-05:00,134.86455751549983,136.1217612702072,134.52085695776086,135.2444305419922,3757500,0.0,0.0
2023-02-17 00:00:00-05:00,134.9007557248686,136.92675938709746,134.41235139790476,136.85440063476562,4562400,0.0,0.0
2023-02-21 00:00:00-05:00,135.50674578713523,138.401026602692,135.50674578713523,137.4784698486328,8466100,0.0,0.0
2023-02-22 00:00:00-05:00,136.57401788823907,137.6141456166485,135.88663044869222,136.27554321289062,6041700,0.0,0.0
2023-02-23 00:00:00-05:00,136.48354406689188,138.89847388838254,134.9188259909118,137.54177856445312,5993300,0.0,0.0
2023-02-24 00:00:00-05:00,136.8453541754664,138.36484649597105,136.49261390099068,138.1206512451172,5621100,0.0,0.0
2023-02-27 00:00:00-05:00,138.6180623202436,139.96571781881997,138.47335865812138,139.54061889648438,6828800,0.0,0.0
2023-02-28 00:00:00-05:00,139.251194070849,139.62201358389086,138.03920260053673,139.19691467285156,7561700,0.0,0.0
2023-03-01 00:00:00-05:00,138.16586823932437,140.71646246819822,137.81312795246103,140.4360809326172,5485800,0.0,0.0
2023-03-02 00:00:00-05:00,140.39988934198536,140.88830744439792,139.47734635035292,139.631103515625,4567800,0.0,0.0
2023-03-03 00:00:00-05:00,139.58585571615689,141.25006526900987,139.29642076730352,141.15057373046875,4851200,0.0,0.0
2023-03-06 00:00:00-05:00,140.90637031887965,141.51237304200427,139.77579088188654,140.44509887695312,4051900,0.0,0.0
2023-03-07 00:00:00-05:00,140.70739220701245,140.79783027568678,137.5236768478989,138.31959533691406,4606900,0.0,0.0
2023-03-08 00:00:00-05:00,138.19298168910586,139.05223311458917,134.34901154716852,135.30775451660156,5860100,0.0,0.0
2023-03-09 00:00:00-05:00,135.73284695449686,136.49259299840105,132.5672246372114,133.272705078125,5350200,0.0,0.0
2023-03-10 00:00:00-05:00,133.71588562709604,136.24838628387812,133.38123853565975,135.40724182128906,6825500,0.0,0.0
2023-03-13 00:00:00-04:00,134.76506294564427,138.67235193204684,134.76506294564427,137.4332275390625,7653800,0.0,0.0
2023-03-14 00:00:00-04:00,137.43321409986035,139.27832720779475,136.9900358560948,139.15170288085938,6644100,0.0,0.0
2023-03-15 00:00:00-04:00,137.64126356720934,139.63109452142817,137.23425770876247,139.34165954589844,6304600,0.0,0.0
2023-03-16 00:00:00-04:00,138.56383182745148,141.02397412003455,137.93974968544043,140.4632110595703,6331200,0.0,0.0
2023-03-17 00:00:00-04:00,140.89735028598,141.15965248048494,137.36994747142066,139.48638916015625,42756400,0.0,0.0
2023-03-20 00:00:00-04:00,139.75771580038838,141.4038323342113,139.7034501939244,141.20484924316406,4408200,0.0,0.0
2023-03-21 00:00:00-04:00,141.67518569482377,142.04601910385875,140.2823177451826,141.7927703857422,4675700,0.0,0.0
2023-03-22 00:00:00-04:00,140.80690447605815,141.89227197448454,138.93467176321258,138.9889373779297,4376900,0.0,0.0
2023-03-23 00:00:00-04:00,139.37785741308258,141.54856470605804,139.30549866318069,140.4632110595703,4584000,0.0,0.0
2023-03-24 00:00:00-04:00,140.4451046476668,143.33938536508788,139.82102256464088,142.92333984375,4678700,0.0,0.0
2023-03-27 00:00:00-04:00,143.65594722600278,143.93632871819025,142.34447783940595,142.4891815185547,3887800,0.0,0.0
2023-03-28 00:00:00-04:00,142.72434184491917,143.44791539896156,142.4077741022076,143.13134765625,3532500,0.0,0.0
2023-03-29 00:00:00-04:00,143.7915979937335,144.44281279348584,141.4219081285896,142.9052276611328,3959900,0.0,0.0
2023-03-30 00:00:00-04:00,142.91426888399974,143.38459375583622,142.38063874536803,142.83287048339844,3635800,0.0,0.0
2023-03-31 00:00:00-04:00,143.2941502194379,144.3252518910757,142.66102850958694,144.14434814453125,4957300,0.0,0.0
2023-04-03 00:00:00-04:00,143.13135568473604,145.13926585434746,142.71529638249345,145.0940399169922,4389400,0.0,0.0
2023-04-04 00:00:00-04:00,145.17543701127653,146.27888362788158,144.28906661140334,144.5151824951172,4224400,0.0,0.0
2023-04-05 00:00:00-04:00,144.71418571065672,146.22463836788927,143.81876171820477,145.43775939941406,5743000,0.0,0.0
2023-04-06 00:00:00-04:00,145.4377412065237,146.69494498557987,145.27493059143478,146.1160888671875,5498300,0.0,0.0
2023-04-10 00:00:00-04:00,146.26081372863675,146.57736770564483,144.90411833883846,145.87188720703125,3309500,0.0,0.0
2023-04-11 00:00:00-04:00,146.06180231902118,147.0567037980603,145.79046053345905,145.96231079101562,2875800,0.0,0.0
2023-04-12 00:00:00-04:00,146.6316328763572,147.86170391148488,146.16132174602834,146.8487091064453,4005000,0.0,0.0
2023-04-13 00:00:00-04:00,146.95824706163503,148.6560261251806,146.5474969827732,148.5008544921875,3868500,1.48,0.0
2023-04-14 00:00:00-04:00,148.4552064927267,148.78380932811658,146.89433954262967,147.4967803955078,3473100,0.0,0.0
2023-04-17 00:00:00-04:00,147.7979932945104,148.05357171702133,146.63875363870625,147.12252807617188,4354100,0.0,0.0
2023-04-18 00:00:00-04:00,146.95823247017609,147.16816890244212,144.59412511663177,145.67120361328125,4996200,0.0,0.0
2023-04-19 00:00:00-04:00,144.83146843496152,147.35988458786568,144.69455637512158,147.1499481201172,4826900,0.0,0.0
2023-04-20 00:00:00-04:00,147.12254194735857,147.6610951786926,146.57487981661959,147.6337127685547,3808100,0.0,0.0
2023-04-21 00:00:00-04:00,148.40954895309346,148.95722493069053,147.88926930955708,148.24525451660156,4812100,0.0,0.0
2023-04-24 00:00:00-04:00,148.39132377055935,150.0252012467406,148.17225056370518,149.76962280273438,4728900,0.0,0.0
2023-04-25 00:00:00-04:00,150.4359649456006,151.7047344532345,150.1438812379922,150.5181121826172,5506200,0.0,0.0
2023-04-26 00:00:00-04:00,148.49171713426472,149.0211336065532,146.50185439550725,147.6884765625,5192000,0.0,0.0
2023-04-27 00:00:00-04:00,140.45007432768162,140.45007432768162,134.325301282189,135.8861541748047,17063000,0.0,0.0
2023-04-28 00:00:00-04:00,135.0646618575894,138.18638174967214,134.58088740790285,137.93992614746094,7123800,0.0,0.0
2023-05-01 00:00:00-04:00,137.6843468583413,141.21683070803425,137.6661012049432,140.30404663085938,5601000,0.0,0.0
2023-05-02 00:00:00-04:00,140.15801248270694,141.49980633061364,138.01296410599048,138.39633178710938,5135600,0.0,0.0
2023-05-03 00:00:00-04:00,137.89430603864204,138.29591935876775,135.50280213254928,136.2330322265625,6815300,0.0,0.0
2023-05-04 00:00:00-04:00,136.0048235624861,136.0048235624861,133.58595139917725,134.5078582763672,5694300,0.0,0.0
2023-05-05 00:00:00-04:00,135.58494542351264,136.35169466034301,134.3070532420956,135.1194305419922,4447700,0.0,0.0
2023-05-08 00:00:00-04:00,135.2289576755638,135.27459966576552,133.94194269094717,134.5900115966797,3689500,0.0,0.0
2023-05-09 00:00:00-04:00,134.55351008737432,135.5119361962313,133.5129367506674,134.0240936279297,4201600,0.0,0.0
2023-05-10 00:00:00-04:00,133.7411252864103,134.1609981572156,132.49060164462523,133.64984130859375,4127300,0.0,0.0
2023-05-11 00:00:00-04:00,134.4439539715006,134.69954631425173,132.52711586070973,133.8050079345703,4300400,0.0,0.0
2023-05-12 00:00:00-04:00,133.98755930716578,134.72692605812057,133.33036763072607,134.316162109375,3526500,0.0,0.0
2023-05-15 00:00:00-04:00,134.79081636068233,135.91353682042978,132.95612547007272,133.8050079345703,4391800,0.0,0.0
2023-05-16 00:00:00-04:00,133.13869331256444,134.12450184101712,130.73806660175893,130.79283142089844,4685400,0.0,0.0
2023-05-17 00:00:00-04:00,130.5463748160192,131.00276682733298,128.26441475945046,130.84759521484375,5482000,0.0,0.0
2023-05-18 00:00:00-04:00,130.1721512602107,131.03929343757596,129.59709277518755,130.9297637939453,4791200,0.0,0.0
2023-05-19 00:00:00-04:00,131.3131365626562,133.08394015253145,131.25837173871892,132.45411682128906,5610300,0.0,0.0
2023-05-22 00:00:00-04:00,132.78271431659826,133.86892970731355,131.24010684090888,132.26242065429688,3867300,0.0,0.0
2023-05-23 00:00:00-04:00,131.85166299939698,132.18940259392966,129.92568795417577,130.08999633789062,5121900,0.0,0.0
2023-05-24 00:00:00-04:00,130.153873532527,130.47335351922,128.647785430641,128.83946228027344,4143500,0.0,0.0
2023-05-25 00:00:00-04:00,127.81714970583079,127.97232132333573,126.20151803372262,126.53012084960938,6986600,0.0,0.0
2023-05-26 00:00:00-04:00,126.62139378602608,127.65284413195774,125.14268820745214,125.56256103515625,7590300,0.0,0.0
2023-05-30 00:00:00-04:00,123.67311823699187,124.90536837050557,123.45404504686564,124.5402603149414,7671500,0.0,0.0
2023-05-31 00:00:00-04:00,124.70453988030125,126.61226893771244,123.92868187281725,125.92768096923828,12579100,0.0,0.0
2023-06-01 00:00:00-04:00,123.46317019076142,123.46317019076142,119.66599898649397,121.80191040039062,11895600,0.0,0.0
2023-06-02 00:00:00-04:00,122.04838227068657,125.02405376715197,121.85669145918042,124.93276977539062,6661600,0.0,0.0
2023-06-05 00:00:00-04:00,125.05141897483816,126.24716389130327,124.40333614965017,124.92362976074219,4276200,0.0,0.0
2023-06-06 00:00:00-04:00,125.48043457969518,125.5443222257944,122.88813101150703,123.61834716796875,4359900,0.0,0.0
2023-06-07 00:00:00-04:00,123.13456404264572,125.10618095367724,122.55038280174522,124.59502410888672,4645200,0.0,0.0
2023-06-08 00:00:00-04:00,125.05143117664177,125.86380853008612,124.1386470074692,125.63561248779297,4714200,0.0,0.0
2023-06-09 00:00:00-04:00,125.56258019968715,127.05042275898094,125.12444772582636,126.12850189208984,4359500,0.0,0.0
2023-06-12 00:00:00-04:00,127.4063912465453,127.48853846309233,124.96925965980161,125.71773529052734,4888500,0.0,0.0
2023-06-13 00:00:00-04:00,125.51693941253595,126.39321829664357,125.23397856362025,126.2471694946289,4229100,0.0,0.0
2023-06-14 00:00:00-04:00,126.7035641576743,127.12345099009664,124.21166735702482,124.34857940673828,6128300,0.0,0.0
2023-06-15 00:00:00-04:00,124.82323345745253,124.90538068885901,123.64574802335014,124.03823852539062,6614900,0.0,0.0
2023-06-16 00:00:00-04:00,124.77759730315648,126.80397934056276,124.58592042090488,126.54840087890625,14616000,0.0,0.0
2023-06-20 00:00:00-04:00,125.1426906529192,126.83133267834368,124.74106346867345,125.79989624023438,4868800,0.0,0.0
2023-06-21 00:00:00-04:00,124.82322295481107,125.44390944385445,122.93375322355661,124.92362976074219,5828400,0.0,0.0
2023-06-22 00:00:00-04:00,125.18832641367678,125.87291444859221,124.03822352909137,125.4256591796875,4826900,0.0,0.0
2023-06-23 00:00:00-04:00,125.32525159692693,126.59402085661586,123.83740915335693,124.06560516357422,7395600,0.0,0.0
2023-06-26 00:00:00-04:00,124.27552899242619,124.27552899242619,122.03008827922923,123.18019104003906,6468100,0.0,0.0
2023-06-27 00:00:00-04:00,123.11631804415646,123.11631804415646,120.96214711288397,121.03517150878906,7839900,0.0,0.0
2023-06-28 00:00:00-04:00,121.0351717095987,121.55545138031405,119.53820641100907,120.95301055908203,6911900,0.0,0.0
2023-06-29 00:00:00-04:00,120.8252345590483,122.23092996228824,120.60617527499703,121.6102294921875,4947600,0.0,0.0
2023-06-30 00:00:00-04:00,121.82929765719899,124.07473879358817,121.21773396792291,122.97940063476562,8711300,0.0,0.0
2023-07-03 00:00:00-04:00,122.31306321248326,123.61833772402221,121.53719119554069,123.23497009277344,2674600,0.0,0.0
2023-07-05 00:00:00-04:00,123.39015970212313,125.8546881491864,122.89726236949929,125.61735534667969,6903300,0.0,0.0
2023-07-06 00:00:00-04:00,125.48956903639862,126.21979918851363,124.5402795882363,125.27963256835938,6091000,0.0,0.0
2023-07-07 00:00:00-04:00,125.18832379185365,125.64471580557236,123.5453236848494,123.68223571777344,6873200,0.0,0.0
2023-07-10 00:00:00-04:00,123.6000821616353,124.22076858304325,122.36781821657544,122.76032257080078,5153300,0.0,0.0
2023-07-11 00:00:00-04:00,122.3130694329453,123.91956443530519,122.0209718354362,123.74614715576172,5144800,0.0,0.0
2023-07-12 00:00:00-04:00,123.97433738945402,124.68630784014822,123.03415699637897,123.20758819580078,4944100,0.0,0.0
2023-07-13 00:00:00-04:00,122.68152225991044,123.76133145488335,122.4692584554838,123.29064178466797,4631800,1.48,0.0
2023-07-14 00:00:00-04:00,124.34274810378741,126.08703464335368,123.7797765707853,125.52406311035156,5544100,0.0,0.0
2023-07-17 00:00:00-04:00,125.3487533376929,125.72713304957463,124.18588597797181,124.43507385253906,4033000,0.0,0.0
2023-07-18 00:00:00-04:00,124.40737355555454,127.26836547178334,124.32431563438898,126.05014038085938,5392800,0.0,0.0
2023-07-19 00:00:00-04:00,126.65924963764957,127.41602299497302,126.39159980365025,127.06531524658203,4784200,0.0,0.0
2023-07-20 00:00:00-04:00,128.13586893703535,131.7167376366367,127.8682332219342,131.22760009765625,7009800,0.0,0.0
2023-07-21 00:00:00-04:00,131.23686294301962,133.06420776369066,130.99691312451165,132.65814208984375,5654300,0.0,0.0
2023-07-24 00:00:00-04:00,132.0674765103856,133.29492558725536,131.82751262394584,132.14129638671875,4468700,0.0,0.0
2023-07-25 00:00:00-04:00,131.42141023782358,131.9105478079428,130.4246871728757,130.71078491210938,4778200,0.0,0.0
2023-07-26 00:00:00-04:00,130.5262257151581,131.31069926583615,129.68639429409416,130.95999145507812,5006800,0.0,0.0
2023-07-27 00:00:00-04:00,133.3410489902177,139.69985140802928,133.3410489902177,137.3741455078125,13664400,0.0,0.0
2023-07-28 00:00:00-04:00,138.361648132602,140.05978666633922,137.10649919845156,139.21995544433594,8000300,0.0,0.0
2023-07-31 00:00:00-04:00,138.83234146278684,138.8969514555679,136.2389853532436,138.04788208007812,9109200,0.0,0.0
2023-08-01 00:00:00-04:00,138.4355035693385,139.2384249836766,136.44202893816697,137.0880584716797,4409600,0.0,0.0
2023-08-02 00:00:00-04:00,136.69119027075322,138.96153828511308,136.69119027075322,137.86328125,5756400,0.0,0.0
2023-08-03 00:00:00-04:00,137.47568841664432,137.8448441215529,136.7558108520139,137.55874633789062,4674300,0.0,0.0
2023-08-04 00:00:00-04:00,137.48488964694684,138.96154038718805,135.81443712250984,136.34048461914062,4231200,0.0,0.0
2023-08-07 00:00:00-04:00,136.58966992274787,139.2476355735537,136.40509210419413,138.7400360107422,3800600,0.0,0.0
2023-08-08 00:00:00-04:00,139.1553489668669,140.05056623346744,137.43874838252208,138.08477783203125,4013400,0.0,0.0
2023-08-09 00:00:00-04:00,138.8877368578649,140.33668786386536,138.3524511993614,139.14614868164062,3737100,0.0,0.0
2023-08-10 00:00:00-04:00,139.5429787250633,141.05653960176866,138.96155921133007,139.7644805908203,3275800,0.0,0.0
2023-08-11 00:00:00-04:00,140.23512392432676,141.66562655290122,140.02286015334101,140.4473876953125,3454800,0.0,0.0
2023-08-14 00:00:00-04:00,141.2226798578018,141.3334237575922,139.8844727665787,140.53050231933594,2570900,0.0,0.0
2023-08-15 00:00:00-04:00,139.88445852343438,141.11190750749924,139.16458100093132,140.3920440673828,3636300,0.0,0.0
2023-08-16 00:00:00-04:00,140.8258105459687,141.75795188758406,139.70910544403168,139.86599731445312,3214900,0.0,0.0
2023-08-17 00:00:00-04:00,139.5060581122602,140.19823554709325,138.36165301701058,138.45394897460938,5285700,0.0,0.0
2023-08-18 00:00:00-04:00,138.70312712404075,139.2937846572586,137.7248519048724,138.564697265625,4050900,0.0,0.0
2023-08-21 00:00:00-04:00,138.16785673938207,138.75851427739985,137.4018453243551,138.58316040039062,3944800,0.0,0.0
2023-08-22 00:00:00-04:00,138.4354924525919,138.4354924525919,136.56199991465775,136.81118774414062,3209300,0.0,0.0
2023-08-23 00:00:00-04:00,137.20805952474728,137.5126193649053,134.6885369519359,135.7406463623047,5414800,0.0,0.0
2023-08-24 00:00:00-04:00,135.592937858546,136.4235591965805,135.0668903519377,135.32530212402344,3986300,0.0,0.0
2023-08-25 00:00:00-04:00,135.6852513166511,136.28513284729863,134.92846382763756,135.3806915283203,3275100,0.0,0.0
2023-08-28 00:00:00-04:00,135.74984540264958,136.65430079186132,135.45452366430126,136.06362915039062,2806900,0.0,0.0
2023-08-29 00:00:00-04:00,136.5804735048805,137.4295429073678,135.20534242691983,136.2113037109375,3419100,0.0,0.0
2023-08-30 00:00:00-04:00,136.70043309741388,137.32801466796343,135.5744899381696,136.88502502441406,3486400,0.0,0.0
2023-08-31 00:00:00-04:00,136.949612439111,137.24494823808462,135.54679555875836,135.62986755371094,4110700,0.0,0.0
2023-09-01 00:00:00-04:00,135.99904128171474,137.41108231242,135.99904128171474,136.77427673339844,3357800,0.0,0.0
2023-09-05 00:00:00-04:00,137.05114399136903,137.47568571782833,134.61467977259574,134.836181640625,3911100,0.0,0.0
2023-09-06 00:00:00-04:00,134.83616930869508,134.85461723421992,132.658117093964,134.38394165039062,5304300,0.0,0.0
2023-09-07 00:00:00-04:00,134.88231277044986,137.5125928300191,134.6239009709173,137.42953491210938,5142100,0.0,0.0
2023-09-08 00:00:00-04:00,137.5125896269522,138.21399105471912,136.77426418160536,137.5310516357422,4339800,0.0,0.0
2023-09-11 00:00:00-04:00,137.38338367982956,137.89098330346857,136.97730398091832,137.54949951171875,2911600,0.0,0.0
2023-09-12 00:00:00-04:00,137.9740588837747,138.0663548571205,136.23899597806928,137.7617950439453,2424800,0.0,0.0
2023-09-13 00:00:00-04:00,137.9002010250798,140.65044874906167,137.558731331172,139.5060577392578,5953700,0.0,0.0
2023-09-14 00:00:00-04:00,140.29053906845357,142.7639274733962,140.09673724293376,141.7948760986328,6336900,0.0,0.0
2023-09-15 00:00:00-04:00,141.0011636189849,142.77313624714736,140.21669018897737,140.3920440673828,8868300,0.0,0.0
2023-09-18 00:00:00-04:00,141.27806453936492,142.09944806240352,140.37362308399855,142.07176208496094,2967600,0.0,0.0
2023-09-19 00:00:00-04:00,142.02560409241943,142.71778164451368,139.91216149627581,141.6564483642578,3509700,0.0,0.0
2023-09-20 00:00:00-04:00,142.18245447244195,142.93924180134255,141.54564905724123,141.76715087890625,2744800,0.0,0.0
2023-09-21 00:00:00-04:00,141.83178480516642,142.91159415322952,140.89043349604742,141.60105895996094,3660300,0.0,0.0
2023-09-22 00:00:00-04:00,142.03480573359423,142.03480573359423,140.76120881393234,140.96424865722656,3049200,0.0,0.0
2023-09-25 00:00:00-04:00,140.6873813387438,142.81006174572752,139.967517891163,142.72698974609375,3740000,0.0,0.0
2023-09-26 00:00:00-04:00,142.49625042679054,142.68084233526335,141.50875131191125,142.04403686523438,3936300,0.0,0.0
2023-09-27 00:00:00-04:00,141.97945702529964,142.12712495047595,139.92138636681278,141.32420349121094,3621300,0.0,0.0
2023-09-28 00:00:00-04:00,141.7948435194414,141.97019737621397,139.6998493650497,140.5120086669922,3697400,0.0,0.0
2023-09-29 00:00:00-04:00,140.70584229314477,140.7704382008349,137.35569883209308,137.56796264648438,5581600,0.0,0.0
2023-10-02 00:00:00-04:00,137.02342860879688,137.38336026560026,135.40834813399482,136.8203887939453,3827800,0.0,0.0
2023-10-03 00:00:00-04:00,136.43279892630983,136.5804668366775,134.14400264515893,136.06362915039062,4580900,0.0,0.0
2023-10-04 00:00:00-04:00,135.2699416909208,136.66352058623656,135.02997782329703,136.3035888671875,3159600,0.0,0.0
2023-10-05 00:00:00-04:00,136.52509724599688,138.001748362687,135.74986174680944,136.0821075439453,3599500,0.0,0.0
2023-10-06 00:00:00-04:00,135.1961069988604,137.8171489428567,134.85462320812115,136.81118774414062,5370100,0.0,0.0
2023-10-09 00:00:00-04:00,136.83891538693604,138.2048087186823,135.81449186752863,137.61415100097656,2903300,0.0,0.0
2023-10-10 00:00:00-04:00,137.87252342735596,138.0294152984737,136.62659833936826,137.41107177734375,3729000,0.0,0.0
2023-10-11 00:00:00-04:00,137.63258367704367,138.80466081424,137.30033790150753,137.82638549804688,3189800,0.0,0.0
2023-10-12 00:00:00-04:00,138.07804896946416,138.516156371265,137.03404139204767,138.23651123046875,4554400,1.48,0.0
2023-10-13 00:00:00-04:00,138.84239665239784,139.5042230089762,137.34164909997787,137.91958618164062,4304700,0.0,0.0
2023-10-16 00:00:00-04:00,138.16194522766457,139.3550846135789,136.95015903853,137.23912048339844,3704400,0.0,0.0
2023-10-17 00:00:00-04:00,137.33235589626898,139.5042464597965,137.1645630948889,139.0568084716797,5372400,0.0,0.0
2023-10-18 00:00:00-04:00,139.14070812332295,139.45763268860324,138.27380949082726,139.1500244140625,4910500,0.0,0.0
2023-10-19 00:00:00-04:00,138.46955841567328,138.46955841567328,133.60378090567085,135.64517211914062,6147100,0.0,0.0
2023-10-20 00:00:00-04:00,135.42146036053242,137.5001310692227,135.42146036053242,136.30699157714844,4223800,0.0,0.0
2023-10-23 00:00:00-04:00,136.24175218284697,136.48410375839242,134.41474929356997,134.90878295898438,3903300,0.0,0.0
2023-10-24 00:00:00-04:00,135.30028933373703,136.99679314297543,135.2536936524678,136.38157653808594,3362900,0.0,0.0
2023-10-25 00:00:00-04:00,136.1951424301931,136.9315276719582,134.99268661878435,135.40281677246094,5461500,0.0,0.0
2023-10-26 00:00:00-04:00,135.02996873039785,136.0459991791172,134.44271524932827,135.34689331054688,5569400,0.0,0.0
2023-10-27 00:00:00-04:00,129.3532333357784,133.29618647772259,126.7991614255212,129.5023651123047,9427200,0.0,0.0
2023-10-30 00:00:00-04:00,131.12427667635862,135.82227542163366,131.12427667635862,132.26148986816406,9258500,0.0,0.0
2023-10-31 00:00:00-04:00,132.44792220374183,132.5691050952095,130.20145879479966,131.59967041015625,10394000,0.0,0.0
2023-11-01 00:00:00-04:00,132.23353266101472,133.95799932857273,132.13099657445704,132.80213928222656,4207800,0.0,0.0
2023-11-02 00:00:00-04:00,131.7208561478123,134.0139295048166,130.97514042550677,133.5385284423828,4066800,0.0,0.0
2023-11-03 00:00:00-04:00,134.18171065845323,134.18171065845323,131.32936112231235,131.82339477539062,5414500,0.0,0.0
2023-11-06 00:00:00-05:00,132.2615115997886,132.70893538412045,131.41325971149726,131.6183319091797,4377000,0.0,0.0
2023-11-07 00:00:00-05:00,131.91661385236236,132.53181617513945,131.0310826426479,132.51318359375,5024400,0.0,0.0
2023-11-08 00:00:00-05:00,133.70630523537915,134.1257658341841,132.28944695488823,132.39198303222656,5299100,0.0,0.0
2023-11-09 00:00:00-05:00,131.431888527267,131.99117884863543,126.6313677916724,128.67274475097656,14970300,0.0,0.0
2023-11-10 00:00:00-05:00,129.2413662573901,129.9031927398393,127.14404864556074,129.18544006347656,4586400,0.0,0.0
2023-11-13 00:00:00-05:00,129.18544575929772,129.71677307159328,128.10415855147747,129.2320556640625,4454700,0.0,0.0
2023-11-14 00:00:00-05:00,129.5023645075791,130.59298218112076,128.59820066802448,128.69140625,4509200,0.0,0.0
2023-11-15 00:00:00-05:00,128.86850503462392,128.86850503462392,127.05083276307202,128.2626190185547,6473200,0.0,0.0
2023-11-16 00:00:00-05:00,128.89646911621094,129.39983327116806,127.74993955512197,128.89646911621094,5257000,0.0,0.0
2023-11-17 00:00:00-05:00,128.97102628059952,129.45574357167885,128.0575321047267,128.91510009765625,4332300,0.0,0.0
2023-11-20 00:00:00-05:00,128.19736952704096,129.2786566603507,127.83383505228018,128.9244384765625,4490000,0.0,0.0
2023-11-21 00:00:00-05:00,129.31593322753906,129.90318668294034,128.47701191126123,129.31593322753906,4690800,0.0,0.0
2023-11-22 00:00:00-05:00,129.6235377104023,130.350606622795,128.94307869718233,129.07357788085938,3428500,0.0,0.0
2023-11-24 00:00:00-05:00,130.4997283744047,130.57430135456252,129.06423762055658,129.25997924804688,1636500,0.0,0.0
2023-11-27 00:00:00-05:00,129.2879700499988,129.9218334055351,128.4397182201441,129.65150451660156,5529400,0.0,0.0
2023-11-28 00:00:00-05:00,129.61423054916176,130.1828372230919,128.56090649171443,128.71005249023438,5347200,0.0,0.0
2023-11-29 00:00:00-05:00,128.65409306698186,129.65147644986436,128.3091912565699,129.1015167236328,3996500,0.0,0.0
2023-11-30 00:00:00-05:00,128.6447722544098,133.01651575098276,128.6447722544098,132.72755432128906,9297400,0.0,0.0
2023-12-01 00:00:00-05:00,132.86737238163806,134.3215242947173,132.62502084112967,133.6783447265625,4903400,0.0,0.0
2023-12-04 00:00:00-05:00,133.6783430551017,135.61719802495503,133.54784388517612,134.3681182861328,4845300,0.0,0.0
2023-12-05 00:00:00-05:00,134.3308523970964,135.23503038787712,132.97925066782287,134.7596435546875,3961700,0.0,0.0
2023-12-06 00:00:00-05:00,134.96470791411775,137.09000277536026,134.90878172206965,136.4468231201172,4978800,0.0,0.0
2023-12-07 00:00:00-05:00,137.62131627991644,138.31110583860394,135.34688964011193,137.92892456054688,7225100,0.0,0.0
2023-12-08 00:00:00-05:00,138.02214163075772,139.8864238594813,137.95688492554697,139.1500244140625,5695200,0.0,0.0
2023-12-11 00:00:00-05:00,140.4457082289157,142.34728417878284,140.41774513171285,140.97703552246094,6343500,0.0,0.0
2023-12-12 00:00:00-05:00,141.43376641690742,143.16754944773382,139.97962856331327,142.84130859375,5882200,0.0,0.0
2023-12-13 00:00:00-05:00,142.59892799916327,144.26746837531687,142.36589274621895,143.82936096191406,8104500,0.0,0.0
2023-12-14 00:00:00-05:00,143.88530825499683,144.63102401848454,142.3938767280214,144.37002563476562,7869600,0.0,0.0
2023-12-15 00:00:00-05:00,144.23951574950206,145.3114723014948,142.72012123858107,143.58700561523438,15203000,0.0,0.0
2023-12-18 00:00:00-05:00,142.6175966601333,143.8759929082373,141.45242021683157,143.00909423828125,5379600,0.0,0.0
2023-12-19 00:00:00-05:00,143.1675493687917,143.997154386005,142.10490907457077,143.1768798828125,5476700,0.0,0.0
2023-12-20 00:00:00-05:00,143.54039623890108,143.7454683946662,141.25663943363867,141.39646911621094,4716400,0.0,0.0
2023-12-21 00:00:00-05:00,141.7320474374533,142.53368929773723,141.0236111468087,142.2353973388672,4036100,0.0,0.0
2023-12-22 00:00:00-05:00,142.88789260040224,144.91065115728182,142.7014672385882,144.42593383789062,3373400,0.0,0.0
2023-12-26 00:00:00-05:00,143.78276736730913,144.74287158041938,143.6709149846849,144.12765502929688,2073400,0.0,0.0
2023-12-27 00:00:00-05:00,143.59634677468983,144.45391492452987,143.2887384888757,144.37002563476562,3747400,0.0,0.0
2023-12-28 00:00:00-05:00,144.71492620662264,145.06914442610326,144.0530996739109,144.2488555908203,2601200,0.0,0.0
2023-12-29 00:00:00-05:00,144.0530599243263,144.6776068937106,143.9318912695282,144.45388793945312,3712000,0.0,0.0
2024-01-02 00:00:00-05:00,144.3886459042711,149.27307022642128,144.26747723717037,148.97479248046875,8059900,0.0,0.0
2024-01-03 00:00:00-05:00,149.6925645684072,150.7738518655595,148.99345860921602,149.57139587402344,5301400,0.0,0.0
2024-01-04 00:00:00-05:00,149.43153871352314,151.277174124404,148.61124998720075,150.50350952148438,8332200,0.0,0.0
2024-01-05 00:00:00-05:00,150.38232759271503,151.96696464146984,149.7111848529268,151.13735961914062,5607600,0.0,0.0
2024-01-08 00:00:00-05:00,151.17464602894705,151.72462012137,148.93751294127958,150.4755401611328,6001600,0.0,0.0
2024-01-09 00:00:00-05:00,150.4755334106478,152.3771092508693,149.9255735662419,151.2958221435547,4454000,0.0,0.0
2024-01-10 00:00:00-05:00,151.2585545271254,153.87786898911295,150.89502003281655,153.7007598876953,6609900,0.0,0.0
2024-01-11 00:00:00-05:00,153.10418413924424,153.9151423896072,152.02289698986345,152.66607666015625,4591500,0.0,0.0
2024-01-12 00:00:00-05:00,153.1554220474101,153.6730008463,152.61901828513155,152.8260498046875,4971400,1.55,0.0
2024-01-16 00:00:00-05:00,152.4308049210939,152.7319468849038,151.52740774814256,151.9602813720703,4747700,0.0,0.0
2024-01-17 00:00:00-05:00,152.2143615824657,153.3436151798542,151.9979247797822,152.4872589111328,4423100,0.0,0.0
2024-01-18 00:00:00-05:00,151.65914874287083,154.01176641004403,151.50857776595447,153.67298889160156,5074300,0.0,0.0
2024-01-19 00:00:00-05:00,154.2470343648739,155.15043154413743,153.01426495529688,155.05633544921875,5863000,0.0,0.0
2024-01-22 00:00:00-05:00,154.74577868513165,155.6962310331467,154.10585922645464,155.6397705078125,4864000,0.0,0.0
2024-01-23 00:00:00-05:00,154.7551850845495,157.65361173259402,154.38817730803433,157.62538146972656,5784700,0.0,0.0
2024-01-24 00:00:00-05:00,157.8794930202661,158.04887462410485,154.38820158454618,154.5387725830078,5422200,0.0,0.0
2024-01-25 00:00:00-05:00,154.33170811941645,155.47038130836208,153.5788676469864,155.3950958251953,4465800,0.0,0.0
2024-01-26 00:00:00-05:00,155.5268352442652,156.0820495049641,153.8611781029315,154.70811462402344,4654300,0.0,0.0
2024-01-29 00:00:00-05:00,156.07267353963644,156.92901552196727,154.03058861458658,154.24703979492188,4704100,0.0,0.0
2024-01-30 00:00:00-05:00,154.53876437261457,155.2539550384492,153.6353527890824,155.19749450683594,3819600,0.0,0.0
2024-01-31 00:00:00-05:00,155.97853376489843,156.0820495049641,154.28464636347746,154.70811462402344,4993900,0.0,0.0
2024-02-01 00:00:00-05:00,154.04939538974844,157.79475853520424,153.08011810104432,157.71006774902344,5584400,0.0,0.0
2024-02-02 00:00:00-05:00,159.43221055164489,162.66000982639702,155.48922059372956,158.72642517089844,7870400,0.0,0.0
2024-02-05 00:00:00-05:00,159.82744160106859,162.92349470939763,158.5193866607436,161.16372680664062,6486700,0.0,0.0
2024-02-06 00:00:00-05:00,161.53074929826857,163.70458043458353,159.76159029192098,163.07406616210938,7037400,0.0,0.0
2024-02-07 00:00:00-05:00,163.75159514385373,165.21022097119499,163.10228472865262,164.69264221191406,6409100,0.0,0.0
2024-02-08 00:00:00-05:00,164.07156231308937,165.53959344404967,164.02450708776604,164.48561096191406,5709100,0.0,0.0
2024-02-09 00:00:00-05:00,164.74911612644738,165.0596490209464,162.8481970395859,163.81747436523438,3502700,0.0,0.0
2024-02-12 00:00:00-05:00,163.30931385605064,164.45739251206433,162.07654440391454,162.86703491210938,3477100,0.0,0.0
2024-02-13 00:00:00-05:00,164.17510404379405,164.87146979551133,161.83189130059898,163.07406616210938,5480400,0.0,0.0
2024-02-14 00:00:00-05:00,162.85759612376825,164.55148364347352,162.49999365870877,164.13742065429688,4348500,0.0,0.0
2024-02-15 00:00:00-05:00,163.76100577103998,166.32065480370747,163.56337957958374,166.1794891357422,5276200,0.0,0.0
2024-02-16 00:00:00-05:00,166.46180951651348,168.3721338496247,165.6901584142941,167.0264434814453,6689900,0.0,0.0
2024-02-20 00:00:00-05:00,165.46429305024722,168.14626834121867,165.17257078245527,165.38900756835938,5484100,0.0,0.0
2024-02-21 00:00:00-05:00,165.89717023616208,166.21713713096526,163.2716554095997,164.81497192382812,3818500,0.0,0.0
2024-02-22 00:00:00-05:00,164.47619906487535,166.88527716874094,162.93288250713405,166.33006286621094,4852300,0.0,0.0
2024-02-23 00:00:00-05:00,166.80999368427294,168.36272992087223,166.57473192350685,167.591064453125,3941800,0.0,0.0
2024-02-26 00:00:00-05:00,168.29684598457996,169.19083778371902,167.50636993224043,168.26861572265625,4327400,0.0,0.0
2024-02-27 00:00:00-05:00,168.23098729644641,168.94617789424953,166.54650501427156,168.43801879882812,3888500,0.0,0.0
2024-02-28 00:00:00-05:00,169.2473055766712,169.2849411379135,166.46180018990725,167.50636291503906,4331300,0.0,0.0
2024-02-29 00:00:00-05:00,167.3840391574211,167.52520483465474,165.0502464247281,165.6713409423828,7485700,0.0,0.0
2024-03-01 00:00:00-05:00,165.6713367838852,168.62622396006267,165.38901979574322,168.36273193359375,4028700,0.0,0.0
2024-03-04 00:00:00-05:00,167.83572963209784,169.36962639956943,165.88775554903336,166.61236572265625,4723600,0.0,0.0
2024-03-05 00:00:00-05:00,167.30874772807772,169.00263528007082,167.30874772807772,168.59799194335938,5309800,0.0,0.0
2024-03-06 00:00:00-05:00,167.88279758562953,171.42114388607104,167.60049494186174,170.385986328125,6047100,0.0,0.0
2024-03-07 00:00:00-05:00,171.4493572860042,171.6657940780163,168.9555740905197,169.92486572265625,6125200,0.0,0.0
2024-03-08 00:00:00-05:00,169.14382106771288,171.402328499471,168.14629902012564,168.30628967285156,6195600,0.0,0.0
2024-03-11 00:00:00-04:00,167.8922198288032,170.57419550052126,167.73224354179456,169.04029846191406,5134800,0.0,0.0
2024-03-12 00:00:00-04:00,169.12497312214194,172.10809047957915,169.09674286002408,170.2542266845703,5391100,0.0,0.0
2024-03-13 00:00:00-04:00,171.74112381922754,171.75052912243862,168.8426965544023,169.2567596435547,5987900,0.0,0.0
2024-03-14 00:00:00-04:00,169.53906322353538,171.30822215586244,168.12749245496312,170.5177459716797,6999400,0.0,0.0
2024-03-15 00:00:00-04:00,169.23790741390889,169.93428743886497,167.07349620699492,167.39346313476562,20957800,0.0,0.0
2024-03-18 00:00:00-04:00,168.4568176198791,169.27553827085197,167.1017220071152,167.9674835205078,8569000,0.0,0.0
2024-03-19 00:00:00-04:00,167.68517168735926,169.322584320997,167.68517168735926,169.06851196289062,7625600,0.0,0.0
2024-03-20 00:00:00-04:00,168.65444268200704,168.66384798258073,165.37018351786452,165.87835693359375,7326600,0.0,0.0
2024-03-21 00:00:00-04:00,166.3865333659653,167.26171462478928,165.51136646638034,167.03585815429688,5743600,0.0,0.0
2024-03-22 00:00:00-04:00,166.7817767139024,168.43802883160836,166.35830838262146,167.9298553466797,4084400,0.0,0.0
2024-03-25 00:00:00-04:00,168.44742021079745,168.63562674700654,167.6287138807068,168.005126953125,4366400,0.0,0.0
2024-03-26 00:00:00-04:00,168.66385626650572,169.17202970719387,167.86397490133098,168.626220703125,4392400,0.0,0.0
2024-03-27 00:00:00-04:00,169.2002709561139,169.9342865432242,168.26862916051738,169.7178497314453,5073500,0.0,0.0
2024-03-28 00:00:00-04:00,170.32954265698663,171.55290688493466,169.67081249093482,171.3647003173828,5418700,0.0,0.0
2024-04-01 00:00:00-04:00,171.15765072660943,171.17646132991146,168.6732869630223,170.10366821289062,3502100,0.0,0.0
2024-04-02 00:00:00-04:00,168.81444711641802,170.3577638630412,167.98632103214808,170.03781127929688,4523800,0.0,0.0
2024-04-03 00:00:00-04:00,170.06601857385778,170.89414454627135,166.18890944708147,166.87586975097656,5893000,0.0,0.0
2024-04-04 00:00:00-04:00,167.17700965704893,167.22406488335795,157.57833221880614,158.00180053710938,10539000,0.0,0.0
2024-04-05 00:00:00-04:00,158.09590274586398,160.95667942986714,157.42775302928982,159.97799682617188,7030100,0.0,0.0
2024-04-08 00:00:00-04:00,159.23458059830716,161.83186533509473,158.47232041192638,159.789794921875,4745000,0.0,0.0
2024-04-09 00:00:00-04:00,159.7239084821767,160.49557393969832,157.53126717778352,160.1097412109375,5933200,0.0,0.0
2024-04-10 00:00:00-04:00,158.65109209927851,159.94033610578765,157.49360844253522,159.06515502929688,3231700,0.0,0.0
2024-04-11 00:00:00-04:00,159.22514760511262,159.385123870072,157.37128388876363,157.64419555664062,3307000,0.0,0.0
2024-04-12 00:00:00-04:00,156.20043869697204,156.20043869697204,151.97367379326465,154.13929748535156,7029400,1.55,0.0
2024-04-15 00:00:00-04:00,156.26695854934172,156.43792200226574,153.39845095021758,153.55992126464844,5433700,0.0,0.0
2024-04-16 00:00:00-04:00,154.0443348400852,155.52609059078472,153.94935997350723,154.3862762451172,4881300,0.0,0.0
2024-04-17 00:00:00-04:00,155.9154934395853,156.47590740639546,155.04164650807047,156.01048278808594,4792200,0.0,0.0
2024-04-18 00:00:00-04:00,156.68487115247166,159.0404591447912,156.18144500136498,156.39991760253906,4480100,0.0,0.0
2024-04-19 00:00:00-04:00,156.74187811540727,158.24262013463786,155.0606650093904,158.06214904785156,5532400,0.0,0.0
2024-04-22 00:00:00-04:00,159.26839317883548,161.08258227423963,158.54652349124223,159.46786499023438,5580700,0.0,0.0
2024-04-23 00:00:00-04:00,160.13276961266791,161.82347570809188,159.7813351020481,161.0351104736328,4084100,0.0,0.0
2024-04-24 00:00:00-04:00,160.06628323522625,160.6266827043353,158.3755771971191,159.3824005126953,4074700,0.0,0.0
2024-04-25 00:00:00-04:00,159.2494287385622,160.7976507999111,157.2642759555196,158.89797973632812,5503700,0.0,0.0
2024-04-26 00:00:00-04:00,158.70801997302522,159.0594689851011,149.74156998288677,151.6127471923828,10721700,0.0,0.0
2024-04-29 00:00:00-04:00,151.58424463278965,153.44592859804087,150.60591522295718,153.4174346923828,6219000,0.0,0.0
2024-04-30 00:00:00-04:00,153.17997693588137,154.87068298620144,151.67923508911667,154.4812469482422,5484800,0.0,0.0
2024-05-01 00:00:00-04:00,153.95884113255298,155.4785838129635,153.05650025689565,153.60740661621094,5176400,0.0,0.0
2024-05-02 00:00:00-04:00,154.03483421908828,154.2912938837399,150.1879972226766,152.74305725097656,5904300,0.0,0.0
2024-05-03 00:00:00-04:00,153.07550491256404,156.01049336411734,152.67657570982928,155.5735626220703,5849900,0.0,0.0
2024-05-06 00:00:00-04:00,156.16245785932813,156.37142282856234,152.92351532953705,154.5667266845703,5834600,0.0,0.0
2024-05-07 00:00:00-04:00,155.1651316668568,155.7635326844078,153.76887228813112,154.39576721191406,5301700,0.0,0.0
2024-05-08 00:00:00-04:00,154.00634757115688,154.728217428148,151.85021664548384,152.401123046875,5906700,0.0,0.0
2024-05-09 00:00:00-04:00,152.7430432080048,153.2274685848473,151.99267954610715,152.35360717773438,3570000,0.0,0.0
2024-05-10 00:00:00-04:00,152.64806337365346,153.3414392023178,152.30612202782712,152.68605041503906,3509500,0.0,0.0
2024-05-13 00:00:00-04:00,153.18946838378906,154.4147642958851,152.73355140161684,153.18946838378906,3505900,0.0,0.0
2024-05-14 00:00:00-04:00,153.5409203126911,154.11082747511276,151.70774454513761,153.4839324951172,4025000,0.0,0.0
2024-05-15 00:00:00-04:00,154.16781002767058,156.1719636728428,153.74988005527968,155.5735626220703,5261300,0.0,0.0
2024-05-16 00:00:00-04:00,155.25062328728833,156.65637589330228,154.0443280376193,156.10548400878906,4642000,0.0,0.0
2024-05-17 00:00:00-04:00,157.0932953343272,158.1381201987498,156.2384491676831,158.07162475585938,5152200,0.0,0.0
2024-05-20 00:00:00-04:00,157.68219025290355,158.0716262964693,156.16246210924234,156.304931640625,3058700,0.0,0.0
2024-05-21 00:00:00-04:00,157.07431514770406,157.3972702802412,154.34829149879468,154.7567138671875,3645200,0.0,0.0
2024-05-22 00:00:00-04:00,153.4649403237627,153.81637484753122,151.19481939309168,151.60325622558594,6904900,0.0,0.0
2024-05-23 00:00:00-04:00,151.0523307250879,152.0116593137074,149.84603564328842,150.32095336914062,5672900,0.0,0.0
2024-05-24 00:00:00-04:00,150.4159567032822,150.81488589090563,148.51628562316665,149.18116760253906,3691700,0.0,0.0
2024-05-28 00:00:00-04:00,148.50678268306922,148.50678268306922,146.22716884139405,147.5474395751953,5533500,0.0,0.0
2024-05-29 00:00:00-04:00,147.12001375735784,148.53527380976047,145.97070647417547,147.0250244140625,4254500,0.0,0.0
2024-05-30 00:00:00-04:00,146.8920652501873,148.58277140701227,145.8757487258072,148.4687957763672,4311100,0.0,0.0
2024-05-31 00:00:00-04:00,148.79171824514566,153.5314023837306,148.36429518901537,153.15147399902344,15664400,0.0,0.0
2024-06-03 00:00:00-04:00,151.9736732312131,155.00365066019464,150.86236748491052,152.15414428710938,4467800,0.0,0.0
2024-06-04 00:00:00-04:00,152.1541560109092,154.64272046395104,151.75522682713958,154.00633239746094,4215500,0.0,0.0
2024-06-05 00:00:00-04:00,154.72820247738417,157.65369765726106,154.02533345893337,157.1407928466797,5100500,0.0,0.0
2024-06-06 00:00:00-04:00,157.18825961202754,160.40820091637832,156.10544787675926,160.11375427246094,5186700,0.0,0.0
2024-06-07 00:00:00-04:00,160.522213372849,161.79498957444494,159.37290594145273,160.921142578125,3781700,0.0,0.0
2024-06-10 00:00:00-04:00,160.5221998543227,162.18441198299172,159.2779176655105,161.90896606445312,4247500,0.0,0.0
2024-06-11 00:00:00-04:00,161.70951352759462,162.07994883788012,159.0214769967162,159.2874298095703,3790200,0.0,0.0
2024-06-12 00:00:00-04:00,159.45840783849422,160.08528833006193,156.75137053578612,157.75819396972656,4725600,0.0,0.0
2024-06-13 00:00:00-04:00,157.67269951948006,158.5275457074906,156.72286398020609,158.20460510253906,3690800,0.0,0.0
2024-06-14 00:00:00-04:00,158.11912006054473,160.75016850719422,157.67269620699747,160.1327667236328,4377600,0.0,0.0
2024-06-17 00:00:00-04:00,159.95230246330928,161.85197358279436,158.96447985824682,161.1680908203125,4076000,0.0,0.0
2024-06-18 00:00:00-04:00,161.8899622975599,164.33103195619515,161.34854911459053,162.76380920410156,4250900,0.0,0.0
2024-06-20 00:00:00-04:00,162.5928381384355,164.14107468134713,161.49103994487706,163.4951934814453,5847500,0.0,0.0
2024-06-21 00:00:00-04:00,164.03660138627637,164.2550595110335,161.08261215960485,161.8424835205078,12228100,0.0,0.0
2024-06-24 00:00:00-04:00,162.54536438496564,164.71098830715198,162.1369275567132,164.07460021972656,6249900,0.0,0.0
2024-06-25 00:00:00-04:00,163.4666861157406,164.71096823153687,162.06091921992524,162.1844024658203,4844600,0.0,0.0
2024-06-26 00:00:00-04:00,161.74750235427396,163.70417591799648,161.61452594638422,162.56436157226562,5576100,0.0,0.0
2024-06-27 00:00:00-04:00,162.69733615036273,162.95379582460203,159.33492444962852,160.51272583007812,5382000,0.0,0.0
2024-06-28 00:00:00-04:00,161.4625396079245,163.20074028785285,160.56969193145798,162.91578674316406,24463400,0.0,0.0
2024-07-01 00:00:00-04:00,162.6783317236451,165.15740298246425,161.0351058574758,161.82347106933594,5194500,0.0,0.0
2024-07-02 00:00:00-04:00,160.1707636136468,160.1707636136468,157.15027921330804,157.63470458984375,5965500,0.0,0.0
2024-07-03 00:00:00-04:00,157.75819335998142,158.71753660409098,155.31712337303975,155.62106323242188,3527600,0.0,0.0
2024-07-05 00:00:00-04:00,156.45691775460693,158.91698842616515,155.4216004517514,158.86000061035156,5978300,0.0,0.0
2024-07-08 00:00:00-04:00,158.1856122530936,159.3064257820867,157.31176525241372,158.1666259765625,3500200,0.0,0.0
2024-07-09 00:00:00-04:00,158.64152838798094,160.0757747674214,156.58988024096215,159.61985778808594,4224600,0.0,0.0
2024-07-10 00:00:00-04:00,159.04997911458244,159.99981477903899,157.77720280261272,159.7053680419922,3887800,0.0,0.0
2024-07-11 00:00:00-04:00,159.11645971568763,161.80449613439467,158.95498940700298,161.38656616210938,3689500,0.0,0.0
2024-07-12 00:00:00-04:00,162.07042427249255,163.0202597037451,161.37703397247446,161.73797607421875,4133500,0.0,0.0
2024-07-15 00:00:00-04:00,161.91053969111195,163.31003054015002,160.48227855612606,161.06700134277344,2395100,1.55,0.0
2024-07-16 00:00:00-04:00,161.61339450034353,162.81159578036838,160.32891161203176,162.1885223388672,3829500,0.0,0.0
2024-07-17 00:00:00-04:00,162.48566787148596,168.45751336003855,162.48566787148596,168.00698852539062,6983200,0.0,0.0
2024-07-18 00:00:00-04:00,167.22097629149118,169.3585633892747,163.64554758393305,164.0481414794922,5957800,0.0,0.0
2024-07-19 00:00:00-04:00,166.4732936197943,166.64584221230632,164.1248220033234,165.1792449951172,4293600,0.0,0.0
2024-07-22 00:00:00-04:00,166.1377952372267,167.48935509609223,164.87248772929163,166.415771484375,4066900,0.0,0.0
2024-07-23 00:00:00-04:00,166.13779123119838,167.35515310924538,165.61057978227126,165.97482299804688,2933800,0.0,0.0
2024-07-24 00:00:00-04:00,166.02275739222472,169.28187347226708,165.7831171492722,168.9080352783203,6117700,0.0,0.0
2024-07-25 00:00:00-04:00,169.66528957566797,178.39778048860475,164.68077551907982,174.6210479736328,9442200,0.0,0.0
2024-07-26 00:00:00-04:00,175.84800641094677,179.10712247352424,174.56353822595946,177.48715209960938,6948800,0.0,0.0
2024-07-29 00:00:00-04:00,176.4135737287614,178.4169774907447,173.04902962254346,174.40060424804688,5458500,0.0,0.0
2024-07-30 00:00:00-04:00,175.982211849669,179.9314931464207,175.03324581322858,179.04002380371094,6032200,0.0,0.0
2024-07-31 00:00:00-04:00,178.6661707756144,179.7301739906985,175.8479993072036,177.64051818847656,6473900,0.0,0.0
2024-08-01 00:00:00-04:00,179.98900683453235,183.05639917347006,179.03044581445928,181.84861755371094,6595500,0.0,0.0
2024-08-02 00:00:00-04:00,183.06600031124674,185.87459202483768,178.73331453946477,181.44602966308594,6303900,0.0,0.0
2024-08-05 00:00:00-04:00,179.68224085910242,181.4459894349747,175.45498370730073,176.7202911376953,6459300,0.0,0.0
2024-08-06 00:00:00-04:00,177.7459480010714,180.03692268802914,175.49333856900344,178.0143585205078,4273200,0.0,0.0
2024-08-07 00:00:00-04:00,180.11361483450298,181.73358534375436,178.27317937991282,179.73977661132812,6351000,0.0,0.0
2024-08-08 00:00:00-04:00,179.17422155881027,182.80717596384855,179.17422155881027,182.510009765625,5744600,0.0,0.0
2024-08-09 00:00:00-04:00,182.87424611112903,183.09471102124334,180.30530993698733,182.05946350097656,3206500,0.0,0.0
2024-08-12 00:00:00-04:00,182.20325547022492,182.6729555711968,179.92187587475914,182.29910278320312,4808300,0.0,0.0
2024-08-13 00:00:00-04:00,182.6633841630715,183.986203040515,181.5322891892716,183.3056182861328,3477300,0.0,0.0
2024-08-14 00:00:00-04:00,183.08515155377165,185.3377757611771,182.57711539235342,185.0022735595703,4153400,0.0,0.0
2024-08-15 00:00:00-04:00,186.4305236998703,186.9098041729906,183.36311697071687,185.38568115234375,4719900,0.0,0.0
2024-08-16 00:00:00-04:00,185.84581428634996,186.20047718145997,184.30253046699397,185.86497497558594,3674900,0.0,0.0
2024-08-19 00:00:00-04:00,185.38569097391803,189.00905037255168,185.33777462525086,188.71189880371094,4309300,0.0,0.0
2024-08-20 00:00:00-04:00,188.95154916138827,189.29663172383727,186.08546098790436,188.02174377441406,3631800,0.0,0.0
2024-08-21 00:00:00-04:00,188.29971935115074,189.16241837385263,187.56162330858513,188.385986328125,4250400,0.0,0.0
2024-08-22 00:00:00-04:00,188.8460986985976,189.35413486212207,187.25489854331266,188.2326202392578,3676700,0.0,0.0
2024-08-23 00:00:00-04:00,189.0761525367553,189.77589795389778,188.09841624571365,189.3637237548828,4720300,0.0,0.0
2024-08-26 00:00:00-04:00,189.37329289352488,189.76630638082779,187.94504648458724,189.25827026367188,4182300,0.0,0.0
2024-08-27 00:00:00-04:00,189.78548240371194,190.082633949595,187.09191392393316,187.80125427246094,2504500,0.0,0.0
2024-08-28 00:00:00-04:00,187.41784793318266,188.09841804188756,185.98958679961453,187.3028106689453,3910200,0.0,0.0
2024-08-29 00:00:00-04:00,187.87793062105573,188.2996997443191,185.81703060003846,187.09190368652344,4538300,0.0,0.0
2024-08-30 00:00:00-04:00,187.15903753113395,188.35723879573789,186.12378988333853,188.17510986328125,3820800,0.0,0.0
2024-09-03 00:00:00-04:00,188.01213720298531,191.66425194734364,187.97380120205233,189.49790954589844,4872400,0.0,0.0
2024-09-04 00:00:00-04:00,190.4468949896065,191.59717990607353,188.2997276820261,188.84609985351562,4214300,0.0,0.0
2024-09-05 00:00:00-04:00,188.79819398963522,188.96114761567284,184.19709794767002,184.8680877685547,5902800,0.0,0.0
2024-09-06 00:00:00-04:00,185.45278743929066,186.67016393643044,184.83930901875584,185.38568115234375,4312600,0.0,0.0
2024-09-09 00:00:00-04:00,186.89063758405902,188.46267702422864,185.90332093345444,188.28054809570312,3606900,0.0,0.0
2024-09-10 00:00:00-04:00,187.9929642626296,191.204149217644,184.91599187877216,191.08912658691406,6333300,0.0,0.0
2024-09-11 00:00:00-04:00,189.4883324412837,189.4883324412837,185.4048678256546,186.52638244628906,4909300,0.0,0.0
2024-09-12 00:00:00-04:00,186.70849676878123,186.98648762929983,183.34395317013085,185.97999572753906,4165200,0.0,0.0
2024-09-13 00:00:00-04:00,185.82662245772838,186.52636784114975,183.86156962611372,186.16212463378906,2718100,0.0,0.0
2024-09-16 00:00:00-04:00,187.70540696540624,188.0313141688762,186.4017635250474,187.61912536621094,3235700,0.0,0.0
2024-09-17 00:00:00-04:00,186.72768748033295,187.9546444017466,183.8711797688993,185.43362426757812,3534100,0.0,0.0
2024-09-18 00:00:00-04:00,185.12689211531102,187.475363659105,183.83282890419997,184.94476318359375,3236800,0.0,0.0
2024-09-19 00:00:00-04:00,185.41442870512697,186.11418869635733,184.00535763211244,185.5965576171875,3929300,0.0,0.0
2024-09-20 00:00:00-04:00,185.00224926553227,185.78827620540108,184.16830598299487,185.45277404785156,11661200,0.0,0.0
2024-09-23 00:00:00-04:00,185.67324921991295,186.2483916285176,184.23540782488035,185.79786682128906,3178000,0.0,0.0
2024-09-24 00:00:00-04:00,184.95435803611076,187.12071544459852,183.65071437819577,185.49114990234375,4286500,0.0,0.0
2024-09-25 00:00:00-04:00,185.96082816788817,186.50721494146282,183.046809254929,183.33436584472656,5589300,0.0,0.0
2024-09-26 00:00:00-04:00,182.22243228756147,184.87763543998147,181.76231252614582,183.9478302001953,6215700,0.0,0.0
2024-09-27 00:00:00-04:00,184.61885753326163,188.00257674964283,182.38540861079107,186.7180938720703,4891900,0.0,0.0
2024-09-30 00:00:00-04:00,186.7756102042765,189.43081355085914,186.31549040921442,189.29661560058594,4550200,0.0,0.0
2024-10-01 00:00:00-04:00,189.45956676930334,190.72487424970615,188.28054089091302,188.7981719970703,3924600,0.0,0.0
2024-10-02 00:00:00-04:00,187.5520519170438,188.83652016823896,186.3921866519327,188.6639862060547,2946900,0.0,0.0
2024-10-03 00:00:00-04:00,188.71189334662634,188.8844419268707,186.67016842801257,187.35073852539062,3453800,0.0,0.0
2024-10-04 00:00:00-04:00,187.015262024928,187.5328785433214,185.05020899631367,186.2388153076172,4749700,0.0,0.0
2024-10-07 00:00:00-04:00,186.3634377260818,187.00567187488744,184.84890951076423,185.58700561523438,5033800,0.0,0.0
2024-10-08 00:00:00-04:00,186.28674398312313,186.9193977628295,184.28335497386652,185.01185607910156,4419000,0.0,0.0
2024-10-09 00:00:00-04:00,184.85850365630404,186.8139617553875,183.99578993862067,186.6797637939453,4478900,0.0,0.0
2024-10-10 00:00:00-04:00,186.47843997706957,186.74685049827866,185.27065845078536,186.29632568359375,3562500,0.0,0.0
2024-10-11 00:00:00-04:00,186.9193916505768,187.14945155198717,185.55823681014505,186.14295959472656,2973000,0.0,0.0
2024-10-14 00:00:00-04:00,186.1908900850298,188.20385936783705,185.63492296126023,187.54244995117188,3623900,0.0,0.0
2024-10-15 00:00:00-04:00,188.1511621424978,189.6198140019948,184.75975064932965,185.3781280517578,6553500,1.55,0.0
2024-10-16 00:00:00-04:00,184.0157495513267,184.58581319054528,182.3538576168107,184.02542114257812,5576000,0.0,0.0
2024-10-17 00:00:00-04:00,184.10271092216882,185.14622552227428,182.0929954811655,182.19927978515625,4419000,0.0,0.0
2024-10-18 00:00:00-04:00,182.58576123334888,183.28143763765542,181.80312896432397,182.47947692871094,5607900,0.0,0.0
2024-10-21 00:00:00-04:00,182.33453942239657,182.98190205925835,179.60980454700206,180.2378387451172,4496500,0.0,0.0
2024-10-22 00:00:00-04:00,180.02531956871684,182.71139808401384,179.9383489492441,182.38287353515625,4210400,0.0,0.0
2024-10-23 00:00:00-04:00,182.32488190385317,182.87563187604857,181.16542612530722,181.5325927734375,4266700,0.0,0.0
2024-10-24 00:00:00-04:00,182.06399838163213,184.03508646133204,181.81278763328137,183.24278259277344,6741800,0.0,0.0
2024-10-25 00:00:00-04:00,183.27176259666578,183.46501750566466,180.84656681883766,181.50360107421875,4017400,0.0,0.0
2024-10-28 00:00:00-04:00,181.7354798421782,183.7162246746671,181.18474464342253,183.27175903320312,5383700,0.0,0.0
2024-10-29 00:00:00-04:00,184.0544177837856,184.70178047655352,182.15097184303323,183.04954528808594,6131500,0.0,0.0
2024-10-30 00:00:00-04:00,185.14622897985703,195.51373300685665,182.1799547475423,194.69244384765625,10396400,0.0,0.0
2024-10-31 00:00:00-04:00,195.1465722958846,200.3158318223143,194.6151507498426,196.9823760986328,8829300,0.0,0.0
2024-11-01 00:00:00-04:00,197.46547637703205,197.8133145808659,195.4847462024604,196.67318725585938,4493900,0.0,0.0
2024-11-04 00:00:00-05:00,196.90507862178814,197.3398874540444,193.45569645641552,193.69725036621094,3531800,0.0,0.0
2024-11-05 00:00:00-05:00,193.71657929621713,195.58136840777135,191.648878412879,194.86636352539062,5109300,0.0,0.0
2024-11-06 00:00:00-05:00,198.8374986258268,199.1853368259406,194.06440602326518,194.40257263183594,7194800,0.0,0.0
2024-11-07 00:00:00-05:00,195.12723845002043,195.48474824924398,192.48947397690893,193.7358856201172,4520200,0.0,0.0
2024-11-08 00:00:00-05:00,194.3639311797562,195.06926443073013,192.7406813257507,192.760009765625,4596900,0.0,0.0
2024-11-11 00:00:00-05:00,172.53711859391925,172.53711859391925,166.86542326521527,168.53697204589844,20760300,0.0,0.0
2024-11-12 00:00:00-05:00,170.063608874344,170.6626725944103,165.25185913264843,165.30982971191406,10557000,0.0,0.0
2024-11-13 00:00:00-05:00,165.87023029964732,166.80746061120487,163.91847065933072,164.59483337402344,8483500,0.0,0.0
2024-11-14 00:00:00-05:00,164.2566497122572,165.8219142446068,162.89428219684484,163.89915466308594,8442500,0.0,0.0
2024-11-15 00:00:00-05:00,163.89914837325358,163.89914837325358,159.15502648700337,159.41590881347656,11265400,0.0,0.0
2024-11-18 00:00:00-05:00,160.02461718664347,161.10678864507094,159.23232808970428,160.66232299804688,8336900,0.0,0.0
2024-11-19 00:00:00-05:00,159.68645220426694,161.4546284756651,158.27577097776015,160.94253540039062,5246000,0.0,0.0
2024-11-20 00:00:00-05:00,161.27105648218497,162.23727212500924,160.05361533652675,162.0923309326172,7135600,0.0,0.0
2024-11-21 00:00:00-05:00,162.89430586344523,166.6335707520663,161.28072736867878,165.92822265625,6847700,0.0,0.0
2024-11-22 00:00:00-05:00,168.45002422752165,172.81732286924515,167.6384066616106,170.9718475341797,11328600,0.0,0.0
2024-11-25 00:00:00-05:00,171.03948286457398,174.10238442604683,170.77860053479014,171.078125,12465000,0.0,0.0
2024-11-26 00:00:00-05:00,171.10711803854636,175.51305884067423,170.7013092534325,175.02029418945312,6947500,0.0,0.0
2024-11-27 00:00:00-05:00,175.0202843448985,178.01555845076354,174.77873045711192,176.89474487304688,5271500,0.0,0.0
2024-11-29 00:00:00-05:00,176.95272866246881,177.3392090144789,176.33435125328438,176.74981689453125,2710700,0.0,0.0
2024-12-02 00:00:00-05:00,176.12177770803868,176.52758648927713,172.81732213800004,175.62901306152344,3936600,0.0,0.0
2024-12-03 00:00:00-05:00,176.1217805426773,177.3102216170947,175.34880510456708,175.36813354492188,4107600,0.0,0.0
2024-12-04 00:00:00-05:00,174.0154373178088,174.3536039354563,169.96699155159976,170.4984130859375,6125500,0.0,0.0
2024-12-05 00:00:00-05:00,169.06840175931265,170.7496222128766,167.66739208631606,170.21820068359375,5444200,0.0,0.0
2024-12-06 00:00:00-05:00,170.05396548373452,170.76897041891803,168.27613211024675,170.237548828125,4839600,0.0,0.0
2024-12-09 00:00:00-05:00,169.65780385054066,172.11199987810824,168.4886911605931,170.60470581054688,4394500,0.0,0.0
2024-12-10 00:00:00-05:00,169.59982256923132,170.9428616593878,167.95725900291677,169.73509216308594,4089600,0.0,0.0
2024-12-11 00:00:00-05:00,170.0152978645537,170.05394000023801,167.9669108345753,168.47900390625,9492200,0.0,0.0
2024-12-12 00:00:00-05:00,169.0007744609629,169.96699006283,166.17942667270455,167.33888244628906,4999500,0.0,0.0
2024-12-13 00:00:00-05:00,167.39684571592124,169.01042393140642,166.5658997448585,167.51278686523438,5471600,0.0,0.0
2024-12-16 00:00:00-05:00,165.87023088221363,167.48380917085103,164.76874568396437,165.8315887451172,8157900,0.0,0.0
2024-12-17 00:00:00-05:00,164.8170572353862,170.53705176329578,164.45956218466682,169.45489501953125,7664700,0.0,0.0
2024-12-18 00:00:00-05:00,170.082940656261,170.53706319380328,166.98139665837869,167.1746368408203,5471600,0.0,0.0
2024-12-19 00:00:00-05:00,167.0876487473335,168.0055653186464,164.58515399979885,165.7252960205078,6110500,0.0,0.0
2024-12-20 00:00:00-05:00,165.9861670409657,170.82691650446213,164.89435346731182,169.64813232421875,18950900,0.0,0.0
2024-12-23 00:00:00-05:00,169.36793061773162,172.6144157112682,168.73023950937724,172.3632049560547,6945600,0.0,0.0
2024-12-24 00:00:00-05:00,172.3825438419357,174.08307813938916,171.83179382489374,173.9188232421875,2692800,0.0,0.0
2024-12-26 00:00:00-05:00,172.9719317636509,174.25700036199925,172.59510824558492,173.14584350585938,2759300,0.0,0.0
2024-12-27 00:00:00-05:00,171.90907684970296,173.59029729215828,171.30035630715741,171.99603271484375,2745400,0.0,0.0
2024-12-30 00:00:00-05:00,171.03949628235566,171.34867761985694,169.58050123399707,170.2471923828125,3405700,0.0,0.0
