Date,Open,High,Low,Close,Volume,Dividends,Stock Splits
2015-01-01 00:00:00+05:30,686.7144999392475,689.823068893018,682.9659807330476,684.9317016601562,284935,0.0,0.0
2015-01-02 00:00:00+05:30,686.8516949826588,714.462915711972,686.8516949826588,708.6115112304688,2080850,0.0,0.0
2015-01-05 00:00:00+05:30,713.0457826066594,720.3600101772239,706.4629666325258,708.5657958984375,1326999,0.0,0.0
2015-01-06 00:00:00+05:30,708.5656367148773,715.8798626422567,686.0744143094319,691.6514892578125,1510720,0.0,0.0
2015-01-07 00:00:00+05:30,697.9599644038881,711.6283781503647,694.1656877472459,705.5484619140625,1427667,0.0,0.0
2015-01-08 00:00:00+05:30,716.6112201417573,752.3595301532526,711.3998234000894,750.028076171875,2769416,0.0,0.0
2015-01-09 00:00:00+05:30,757.4338233901905,757.9366652644231,735.1254118862519,742.85107421875,1708427,0.0,0.0
2015-01-12 00:00:00+05:30,743.3540260722184,748.2454488895527,731.6055712045595,738.5083618164062,1320557,0.0,0.0
2015-01-13 00:00:00+05:30,743.3082310981322,770.2337372228884,742.4853583365554,762.3709106445312,3835281,0.0,0.0
2015-01-14 00:00:00+05:30,767.9938270218886,777.1366106769111,759.0339102005912,770.4166870117188,2320114,0.0,0.0
2015-01-15 00:00:00+05:30,776.2222213496162,777.1364995844214,761.593769592733,767.3994140625,1308063,0.0,0.0
2015-01-16 00:00:00+05:30,772.4737860328111,785.3650882095305,767.9937998789355,771.1480712890625,1568660,0.0,0.0
2015-01-19 00:00:00+05:30,773.4794363841128,775.3079929713093,758.439547293798,760.588134765625,1041563,0.0,0.0
2015-01-20 00:00:00+05:30,763.4225921569389,774.3939347987153,763.4225921569389,767.2625732421875,1314139,0.0,0.0
2015-01-21 00:00:00+05:30,772.5651919359602,782.5308480940157,767.2623887614027,778.3251342773438,1663391,0.0,0.0
2015-01-22 00:00:00+05:30,783.079320573116,806.073440865657,779.7421826417216,792.81640625,1995155,0.0,0.0
2015-01-23 00:00:00+05:30,796.1535119506814,804.5191805012215,786.3707232323053,788.1992797851562,1531430,0.0,0.0
2015-01-27 00:00:00+05:30,794.4164662752793,816.2676849633932,791.3078976202253,814.1648559570312,1831293,0.0,0.0
2015-01-28 00:00:00+05:30,816.4962641123894,842.0503549929407,814.6677074240225,832.2218627929688,2895714,0.0,0.0
2015-01-29 00:00:00+05:30,835.4675879387447,843.4218211525153,792.862236963835,805.7535400390625,5326269,0.0,0.0
2015-01-30 00:00:00+05:30,812.3363505680059,812.3363505680059,780.8851515899869,784.2222900390625,3291034,0.0,0.0
2015-02-02 00:00:00+05:30,777.13665727335,778.1423412144533,734.6227107283961,738.828369140625,4808585,0.0,0.0
2015-02-03 00:00:00+05:30,740.3824414607169,755.6508978655676,733.2510829863099,744.8624267578125,3048559,0.0,0.0
2015-02-04 00:00:00+05:30,749.5253155029443,752.6338839459967,732.1540283516784,734.9425659179688,912365,0.0,0.0
2015-02-05 00:00:00+05:30,742.3939716518657,755.5596013521609,738.7368584910191,741.342529296875,1668101,0.0,0.0
2015-02-06 00:00:00+05:30,740.5654235793037,745.1368150828797,721.1827124435179,729.2741088867188,1668283,0.0,0.0
2015-02-09 00:00:00+05:30,722.2797247239729,751.5366249659565,716.2455113703072,734.7596435546875,1910672,0.0,0.0
2015-02-10 00:00:00+05:30,733.1598858347063,758.7596815428703,731.2855704350005,751.7197265625,2235687,0.0,0.0
2015-02-11 00:00:00+05:30,758.8509521121395,772.5651259454913,757.0223956010259,768.679443359375,1227804,0.0,0.0
2015-02-12 00:00:00+05:30,774.3938766271102,777.0453065542874,749.1140542010888,753.1369018554688,1974102,0.0,0.0
2015-02-13 00:00:00+05:30,753.6852265574942,763.3766091484965,745.1824502921786,755.8795166015625,1323475,0.0,0.0
2015-02-16 00:00:00+05:30,762.5082826786307,770.2796500680413,747.879826416211,762.6454467773438,1584956,0.0,0.0
2015-02-18 00:00:00+05:30,767.1709256129861,769.8223550954897,749.4339594643924,750.668212890625,1448399,0.0,0.0
2015-02-19 00:00:00+05:30,755.1938555940797,766.1651949005312,755.1938555940797,762.5994873046875,1216904,0.0,0.0
2015-02-20 00:00:00+05:30,762.7366234734097,764.4280159000518,752.6338600588081,754.9195556640625,699111,0.0,0.0
2015-02-23 00:00:00+05:30,758.3938054214841,761.5937792840219,736.9996721335558,740.1996459960938,1434240,0.0,0.0
2015-02-24 00:00:00+05:30,740.5653265497323,743.7653001829718,729.5939883786251,731.0111083984375,1141027,0.0,0.0
2015-02-25 00:00:00+05:30,736.176853813433,746.0510476958432,735.9939870038648,744.0853271484375,1537365,0.0,0.0
2015-02-26 00:00:00+05:30,748.6112085173729,749.6169483275921,719.7200308608224,724.0171508789062,1600594,0.0,0.0
2015-02-27 00:00:00+05:30,730.5998530449872,739.7426371191485,727.8570178227387,737.9598388671875,1272026,0.0,0.0
2015-03-02 00:00:00+05:30,753.1823743559473,759.3994549912857,736.9082334624367,754.8280639648438,1383141,0.0,0.0
2015-03-03 00:00:00+05:30,758.7137906781862,769.8222938428902,756.290986774446,766.439453125,1617826,0.0,0.0
2015-03-04 00:00:00+05:30,772.1079465250915,775.4907870547406,761.0452025314125,765.0679931640625,1600601,0.0,0.0
2015-03-05 00:00:00+05:30,765.2509886465391,769.4109440311257,757.0224833922751,762.416748046875,694150,0.0,0.0
2015-03-09 00:00:00+05:30,761.13662061948,761.13662061948,739.5139183250803,742.9882202148438,626456,0.0,0.0
2015-03-10 00:00:00+05:30,743.3083177707978,747.8797096390068,733.2512556607378,738.6912231445312,691298,0.0,0.0
2015-03-11 00:00:00+05:30,747.8796275059873,749.6624812994185,737.593996932097,739.651123046875,942306,0.0,0.0
2015-03-12 00:00:00+05:30,744.9540457174048,745.1369125620944,736.1769952035681,738.828369140625,979686,0.0,0.0
2015-03-13 00:00:00+05:30,742.3025741479005,748.5196554277512,736.5425762149657,739.1026000976562,837992,0.0,0.0
2015-03-16 00:00:00+05:30,743.3082352889384,764.19947148719,739.6511222001859,760.5423583984375,1287189,0.0,0.0
2015-03-17 00:00:00+05:30,767.3995107201769,769.7766679119538,752.451082019531,760.1310424804688,1384999,0.0,0.0
2015-03-18 00:00:00+05:30,764.1994870211719,764.1994870211719,740.5654155259432,744.4053955078125,1172762,0.0,0.0
2015-03-19 00:00:00+05:30,753.3652473799226,775.1707604349043,751.262418651014,763.2394409179688,2037801,0.0,0.0
2015-03-20 00:00:00+05:30,764.3366527204031,765.2509310131308,736.5425703002319,740.5197143554688,1245311,0.0,0.0
2015-03-23 00:00:00+05:30,746.0512289229039,746.0512289229039,736.4513050213225,742.0283813476562,759196,0.0,0.0
2015-03-24 00:00:00+05:30,740.2453765048929,749.2509945698747,738.3710615282126,743.5824584960938,755974,0.0,0.0
2015-03-25 00:00:00+05:30,744.0396333211041,747.2853099681856,733.7083001924136,739.1939697265625,834390,0.0,0.0
2015-03-26 00:00:00+05:30,734.1653283208212,745.9595383573055,720.451156558913,725.1139526367188,1516627,0.0,0.0
2015-03-27 00:00:00+05:30,725.0225024923113,725.0225024923113,702.2569564484232,711.4454956054688,1557785,0.0,0.0
2015-03-30 00:00:00+05:30,713.2285233019722,740.3368988827116,713.1828205447898,738.2340698242188,847421,0.0,0.0
2015-03-31 00:00:00+05:30,738.6453330148695,746.9652417832557,733.2967724039562,741.7538452148438,947718,0.0,0.0
2015-04-01 00:00:00+05:30,740.56538445797,755.1024309926506,734.6225758172579,751.262451171875,898480,0.0,0.0
2015-04-06 00:00:00+05:30,757.9368237645211,760.1311143331,748.7940394006548,753.8225708007812,687263,0.0,0.0
2015-04-07 00:00:00+05:30,753.6852718675442,766.8966040702348,750.6224619748863,763.605224609375,769528,0.0,0.0
2015-04-08 00:00:00+05:30,768.9081464296036,780.7937658155547,767.9938680152997,774.2566528320312,982733,0.0,0.0
2015-04-09 00:00:00+05:30,781.7079941994605,782.6222725552493,768.9080972184166,780.0166015625,1019655,0.0,0.0
2015-04-10 00:00:00+05:30,779.8792619593077,787.8334930250246,770.9193472498227,785.7763671875,802074,0.0,0.0
2015-04-13 00:00:00+05:30,786.2795487370386,791.3537835014008,779.3310541159648,788.15380859375,805167,0.0,0.0
2015-04-15 00:00:00+05:30,787.7879058077837,789.0221591700587,763.422367215526,767.1251831054688,1279621,0.0,0.0
2015-04-16 00:00:00+05:30,763.4223679577046,765.1137604636691,741.1139554829629,751.7653198242188,1366075,0.0,0.0
2015-04-17 00:00:00+05:30,751.7653598171216,758.485283247963,745.1368418983936,746.7825317382812,685338,0.0,0.0
2015-04-20 00:00:00+05:30,747.8796147862691,749.0681653606363,731.4226061479404,739.6054077148438,920198,0.0,0.0
2015-04-21 00:00:00+05:30,743.7196220551797,746.8738930444166,724.1083432644774,728.2225952148438,652649,0.0,0.0
2015-04-22 00:00:00+05:30,731.4226727826413,736.908342828511,703.2629110411339,718.1199340820312,1779318,0.0,0.0
2015-04-23 00:00:00+05:30,725.1140842114858,740.5654095215151,717.7084524375177,718.9884643554688,1275295,0.0,0.0
2015-04-24 00:00:00+05:30,724.5655232026972,724.5655232026972,699.4685737305105,705.228515625,1123939,0.0,0.0
2015-04-27 00:00:00+05:30,708.5656201284246,708.5656201284246,677.0687243053189,680.9544067382812,1625216,0.0,0.0
2015-04-28 00:00:00+05:30,678.348691762287,702.75992978734,667.4230565930527,699.834228515625,2052761,0.0,0.0
2015-04-29 00:00:00+05:30,697.6856821598708,697.6856821598708,685.7086598883989,689.7315063476562,1445757,0.0,0.0
2015-04-30 00:00:00+05:30,685.068649910828,704.7713341273436,683.148687995786,697.0914306640625,2260678,0.0,0.0
2015-05-04 00:00:00+05:30,703.8572797784853,714.5086466077094,698.5087728832884,712.5886840820312,1071772,0.0,0.0
2015-05-05 00:00:00+05:30,713.1370413400301,717.5712685707056,702.7600054315211,714.4170532226562,952716,0.0,0.0
2015-05-06 00:00:00+05:30,712.2227740357071,712.2227740357071,685.8458682042836,695.6286010742188,1616619,0.0,0.0
2015-05-07 00:00:00+05:30,688.7258059811571,707.148535345291,671.8573608284113,700.1085815429688,1718402,0.0,0.0
2015-05-08 00:00:00+05:30,706.7372034743582,708.0172155561052,688.2230658671709,694.3030395507812,1127201,0.0,0.0
2015-05-11 00:00:00+05:30,702.165730554373,709.6628237339366,687.4458723262384,705.5028686523438,976348,0.0,0.0
2015-05-12 00:00:00+05:30,706.5542897113572,706.5999924677147,689.3658680867935,693.3429565429688,1137027,0.0,0.0
2015-05-13 00:00:00+05:30,693.9829357207799,708.565685835041,693.9372329661885,697.13720703125,839420,0.0,0.0
2015-05-14 00:00:00+05:30,696.6801016810665,734.1655139762421,690.2801532404268,728.177001953125,1975784,0.0,0.0
2015-05-15 00:00:00+05:30,733.2511436465475,747.8795953901196,717.7084136690022,722.5540771484375,1503598,0.0,0.0
2015-05-18 00:00:00+05:30,728.542706188644,747.8797162842354,696.6801269053635,701.02294921875,6759860,0.0,0.0
2015-05-19 00:00:00+05:30,693.0229956992175,712.4971135734128,685.7087688316797,708.337158203125,3903935,0.0,0.0
2015-05-20 00:00:00+05:30,709.1598574535126,711.2626860025592,698.6456589051711,705.09130859375,1793967,0.0,0.0
2015-05-21 00:00:00+05:30,703.994272653274,712.9541885991468,700.3828623017669,710.5770874023438,1678041,0.0,0.0
2015-05-22 00:00:00+05:30,708.5656018495997,712.9541260294651,705.0913558656694,708.9313354492188,1039136,0.0,0.0
2015-05-25 00:00:00+05:30,709.4343456579443,711.9943140534664,689.7316570203643,696.5887451171875,1282826,0.0,0.0
2015-05-26 00:00:00+05:30,696.7715625958791,703.0801060245017,690.7830500966078,698.0515747070312,906103,0.0,0.0
2015-05-27 00:00:00+05:30,696.6800367087175,696.725739461264,689.7315442281449,694.165771484375,792609,0.0,0.0
2015-05-28 00:00:00+05:30,694.9887731283848,704.9086718046442,693.4801913927661,701.571533203125,1051538,0.0,0.0
2015-05-29 00:00:00+05:30,702.622971049227,726.8513493612693,702.1658318357922,719.5828247070312,2583950,0.0,0.0
2015-06-01 00:00:00+05:30,720.268537498711,726.5770810001464,718.8971198508448,722.0513916015625,713447,0.0,0.0
2015-06-02 00:00:00+05:30,721.4571960063681,726.2114557226962,691.1945977134487,694.1203002929688,1014316,0.0,0.0
2015-06-03 00:00:00+05:30,697.5942185695559,701.251331117758,685.7086027878989,697.3199462890625,867736,0.0,0.0
2015-06-04 00:00:00+05:30,698.4173429276242,700.3373053861518,687.3545400003519,694.4859008789062,820596,0.0,0.0
2015-06-05 00:00:00+05:30,693.9372003089724,699.9714145121516,687.5372524800359,693.7543334960938,830300,0.0,0.0
2015-06-08 00:00:00+05:30,693.9372495763442,694.8515279025318,681.1373530097186,683.8801879882812,795683,0.0,0.0
2015-06-09 00:00:00+05:30,680.9545548405948,686.8059590394068,667.4232454093591,672.6346435546875,998511,0.0,0.0
2015-06-10 00:00:00+05:30,672.9088194332166,681.2287295261572,671.6288075097866,675.788818359375,803748,0.0,0.0
2015-06-11 00:00:00+05:30,675.8345029843769,679.9487551667454,642.2804795808804,647.6747436523438,1453089,0.0,0.0
2015-06-12 00:00:00+05:30,648.223209879106,660.8402372182466,641.823262814009,645.160400390625,1168519,0.0,0.0
2015-06-15 00:00:00+05:30,653.4803863559098,657.7318025862924,636.7034026056195,638.6690673828125,1244078,0.0,0.0
2015-06-16 00:00:00+05:30,640.8632731833872,645.4803666282507,633.5947508121499,644.5203857421875,2765685,0.0,0.0
2015-06-17 00:00:00+05:30,647.3090736381212,657.5490023478233,644.5662385803325,649.73193359375,2215497,0.0,0.0
2015-06-18 00:00:00+05:30,657.3204727536917,671.400326758475,657.3204727536917,666.4632568359375,1908157,0.0,0.0
2015-06-19 00:00:00+05:30,670.8974420732491,681.0459652401809,667.1946259163522,676.5659790039062,1783890,0.0,0.0
2015-06-22 00:00:00+05:30,680.8174191282056,687.1259064788943,669.7089144713561,683.60595703125,1350579,0.0,0.0
2015-06-23 00:00:00+05:30,685.7086806918168,694.851463101041,678.0744797013607,691.6514892578125,980083,0.0,0.0
2015-06-24 00:00:00+05:30,691.3758515559283,698.6399075886545,679.6981265003275,692.9849853515625,2982650,4.3,0.0
2015-06-25 00:00:00+05:30,692.3871021701,698.6397234752337,685.1229919295611,689.8125,1858338,0.0,0.0
2015-06-26 00:00:00+05:30,684.2034826409276,694.1341791378284,683.92764243204,689.8584594726562,764357,0.0,0.0
2015-06-29 00:00:00+05:30,683.1920387026016,683.1920387026016,668.9397148804073,677.399169921875,1100309,0.0,0.0
2015-06-30 00:00:00+05:30,677.6750223462938,698.3638798806107,677.6750223462938,694.5479125976562,1348105,0.0,0.0
2015-07-01 00:00:00+05:30,696.4790679304034,703.9729999474723,694.3181975243252,699.5593872070312,1025215,0.0,0.0
2015-07-02 00:00:00+05:30,701.6740293861532,710.3173962030357,699.8350199461453,701.4901733398438,973819,0.0,0.0
2015-07-03 00:00:00+05:30,700.6626907585571,715.7425926410546,697.3524957707513,710.5014038085938,1068877,0.0,0.0
2015-07-06 00:00:00+05:30,703.4211636944143,722.8687124336367,700.6626493269853,720.4779663085938,652931,0.0,0.0
2015-07-07 00:00:00+05:30,729.1673036893628,761.2580435389151,726.4547533150228,758.2236328125,2464459,0.0,0.0
2015-07-08 00:00:00+05:30,753.809965218175,767.7864483161372,733.167072838426,737.6726684570312,1933525,0.0,0.0
2015-07-09 00:00:00+05:30,744.7989041166392,749.304500182983,731.0063318181828,732.7993774414062,613555,0.0,0.0
2015-07-10 00:00:00+05:30,741.1208782370486,741.1208782370486,718.7769225369561,731.2821655273438,1027281,0.0,0.0
2015-07-13 00:00:00+05:30,740.385343886731,755.0974220320327,738.6382621581267,751.8331909179688,1275702,0.0,0.0
2015-07-14 00:00:00+05:30,756.7526469278365,761.1662598896232,745.0749217107202,756.476806640625,780973,0.0,0.0
2015-07-15 00:00:00+05:30,759.9708072594431,772.8438759849508,756.9824163053073,770.4071655273438,1095558,0.0,0.0
2015-07-16 00:00:00+05:30,784.3376319798457,785.5329770526943,775.4184237680772,779.7860717773438,1169553,0.0,0.0
2015-07-17 00:00:00+05:30,783.234245750583,783.7859823519921,757.4421450847179,758.9593505859375,1089597,0.0,0.0
2015-07-20 00:00:00+05:30,763.1890228667361,787.0501848663313,760.6603845379608,783.6939697265625,1437246,0.0,0.0
2015-07-21 00:00:00+05:30,784.3375908730507,799.693332188424,745.8103174774495,750.3618774414062,4611552,0.0,0.0
2015-07-22 00:00:00+05:30,753.9939451213382,776.9815653994278,753.9939451213382,775.4183959960938,2035530,0.0,0.0
2015-07-23 00:00:00+05:30,777.9010874280125,783.2342042261444,768.7979671475596,778.36083984375,1188579,0.0,0.0
2015-07-24 00:00:00+05:30,783.4181826965548,787.0962023336278,776.981648331677,780.65966796875,1132540,0.0,0.0
2015-07-27 00:00:00+05:30,778.8205480608469,790.4062858310867,768.7059954886282,784.4755249023438,1153262,0.0,0.0
2015-07-28 00:00:00+05:30,788.0156580768478,789.1190751235501,758.591502816102,767.9244995117188,1009835,0.0,0.0
2015-07-29 00:00:00+05:30,767.2348273287773,784.1536819702119,759.7408407622746,778.6826171875,1010065,0.0,0.0
2015-07-30 00:00:00+05:30,779.7401023295281,796.7049778086455,779.2803499107017,788.5213623046875,1318726,0.0,0.0
2015-07-31 00:00:00+05:30,794.9120234004976,813.7618747361947,786.3146746303844,811.7389526367188,1842105,0.0,0.0
2015-08-03 00:00:00+05:30,809.1642405626781,816.5202791132479,804.5667164685719,806.865478515625,763822,0.0,0.0
2015-08-04 00:00:00+05:30,812.8423258484793,835.6920000029492,807.4632446703907,832.7955932617188,2178289,0.0,0.0
2015-08-05 00:00:00+05:30,832.1518931905244,852.1970877910209,814.4514247442066,848.9788208007812,2003128,0.0,0.0
2015-08-06 00:00:00+05:30,845.9443673297142,850.082138691653,836.8412478846024,842.3582763671875,923303,0.0,0.0
2015-08-07 00:00:00+05:30,837.6689116745617,849.9902990152207,823.1407463847621,826.3130493164062,1416068,0.0,0.0
2015-08-10 00:00:00+05:30,830.7726201160882,842.4963067862377,823.3246533862535,829.5313110351562,732357,0.0,0.0
2015-08-11 00:00:00+05:30,832.151870236249,833.9449158772043,810.083754340481,812.2905883789062,1091087,0.0,0.0
2015-08-12 00:00:00+05:30,818.3591730795553,823.4164488682491,797.2105652359263,801.2103881835938,721554,0.0,0.0
2015-08-13 00:00:00+05:30,801.9463111363891,815.5549739618115,792.935117205676,803.9691772460938,1251179,0.0,0.0
2015-08-14 00:00:00+05:30,809.1642577579587,827.554354525185,808.7504693562718,823.1867065429688,880842,0.0,0.0
2015-08-17 00:00:00+05:30,830.7725222645579,834.2206649967019,822.9567320716982,827.6002197265625,577133,0.0,0.0
2015-08-18 00:00:00+05:30,833.9449150071209,841.2549896143914,820.1063785696789,828.795654296875,622790,0.0,0.0
2015-08-19 00:00:00+05:30,826.1750818641029,829.9450291822473,810.6354279366756,827.324462890625,618923,0.0,0.0
2015-08-20 00:00:00+05:30,832.1517587447269,840.6571772733332,808.7503527578144,812.1065673828125,1404599,0.0,0.0
2015-08-21 00:00:00+05:30,804.5667288570227,821.1178158506528,794.4521756942487,815.3709106445312,905933,0.0,0.0
2015-08-24 00:00:00+05:30,788.9350518889926,806.5895537850572,759.0511484083489,770.085205078125,1176140,0.0,0.0
2015-08-25 00:00:00+05:30,781.5791942858232,796.2912732370856,746.4081305429611,783.55615234375,1329631,0.0,0.0
2015-08-26 00:00:00+05:30,782.4986560659372,798.2221671291057,778.8206365309621,783.3262329101562,1265081,0.0,0.0
2015-08-27 00:00:00+05:30,790.7740985357273,795.3716223644234,782.0388032612047,786.1765747070312,1335712,0.0,0.0
2015-08-28 00:00:00+05:30,797.0725733989308,803.7389820277551,781.5789426897484,789.1648559570312,1077558,0.0,0.0
2015-08-31 00:00:00+05:30,788.015672427486,793.3028254221863,777.0275780227715,780.2918090820312,1260477,0.0,0.0
2015-09-01 00:00:00+05:30,776.0620116013745,776.1539396278362,738.1784045499647,753.1663208007812,1438466,0.0,0.0
2015-09-02 00:00:00+05:30,763.09703620917,763.1889642379421,734.8222643413186,741.120849609375,1500676,0.0,0.0
2015-09-03 00:00:00+05:30,749.3963891641846,765.9474750598353,741.5805986023495,760.0626220703125,887079,0.0,0.0
2015-09-04 00:00:00+05:30,757.6720580242855,757.6720580242855,728.2479004311094,747.4195556640625,1101752,0.0,0.0
2015-09-07 00:00:00+05:30,749.3963921251636,753.9479519888749,721.8572128711098,724.5697631835938,874378,0.0,0.0
2015-09-08 00:00:00+05:30,727.4202615500852,735.6038771320277,715.3747705108971,727.7880859375,1489813,0.0,0.0
2015-09-09 00:00:00+05:30,735.6038425649051,756.6605250071732,731.9258233520806,755.0513916015625,1412900,0.0,0.0
2015-09-10 00:00:00+05:30,751.2355096558227,751.2355096558227,735.8797664714806,742.9140014648438,887236,0.0,0.0
2015-09-11 00:00:00+05:30,749.3962825653566,758.4994009619268,745.3044756876637,750.4537353515625,1034469,0.0,0.0
2015-09-14 00:00:00+05:30,755.8328099430972,774.5907269452732,753.0742960381955,772.61376953125,1115176,0.0,0.0
2015-09-15 00:00:00+05:30,772.4759212019916,779.7400312057025,757.3040927646165,764.2003784179688,832597,0.0,0.0
2015-09-16 00:00:00+05:30,772.3841415414105,772.3841415414105,752.2469611166586,757.6260986328125,665278,0.0,0.0
2015-09-18 00:00:00+05:30,759.5110114738549,781.4871999931944,757.672001760843,773.3495483398438,1139255,0.0,0.0
2015-09-21 00:00:00+05:30,770.8208658368552,770.8208658368552,757.6719583663294,762.9131469726562,688544,0.0,0.0
2015-09-22 00:00:00+05:30,764.2924147481859,771.832365468393,737.5347909130497,739.925537109375,826254,0.0,0.0
2015-09-23 00:00:00+05:30,731.0981545898532,739.2817687575314,722.8226124022689,730.1786499023438,1281278,0.0,0.0
2015-09-24 00:00:00+05:30,730.9145230505366,748.4770455274518,722.1332056899495,741.4428100585938,1503108,0.0,0.0
2015-09-28 00:00:00+05:30,744.7989612077009,747.5574758788406,726.4548274201975,730.5006713867188,739132,0.0,0.0
2015-09-29 00:00:00+05:30,719.9722625242846,744.7069642348223,717.2137481084827,740.0174560546875,1366194,0.0,0.0
2015-09-30 00:00:00+05:30,742.9598268852619,776.8895741015166,742.8678988604836,773.8551635742188,1734244,0.0,0.0
2015-10-01 00:00:00+05:30,777.7171154296465,780.6595418885141,768.8439281615453,772.0621948242188,633622,0.0,0.0
2015-10-05 00:00:00+05:30,775.1426116995416,787.9697159645459,774.5909312219145,786.5444946289062,882680,0.0,0.0
2015-10-06 00:00:00+05:30,790.6822646932845,794.5441402717183,781.3033037411086,784.9813232421875,779669,0.0,0.0
2015-10-07 00:00:00+05:30,786.1767113321765,798.1302753641278,783.6021087651047,795.417724609375,983606,0.0,0.0
2015-10-08 00:00:00+05:30,795.3716043500403,809.118211510918,790.7740806254736,803.7850952148438,952597,0.0,0.0
2015-10-09 00:00:00+05:30,805.9459511808816,813.1180773428935,778.0849671733821,785.0731811523438,1362132,0.0,0.0
2015-10-12 00:00:00+05:30,788.0157086769439,795.3717479644766,777.9471186777083,790.0845947265625,773525,0.0,0.0
2015-10-13 00:00:00+05:30,793.2569490178669,797.9464019170464,788.245635705839,795.693603515625,800729,0.0,0.0
2015-10-14 00:00:00+05:30,794.3602841061573,799.5094889582465,790.8201566634878,792.8430786132812,404366,0.0,0.0
2015-10-15 00:00:00+05:30,796.2910927674759,807.555025661704,794.6359954849919,800.0150756835938,623054,0.0,0.0
2015-10-16 00:00:00+05:30,801.7623685716063,813.9458094051978,795.9234783478904,811.463134765625,658119,0.0,0.0
2015-10-19 00:00:00+05:30,811.4629387658938,820.5660582048617,797.2106151955013,808.4745483398438,1247569,0.0,0.0
2015-10-20 00:00:00+05:30,803.6472365321603,817.347881205642,802.3139432791642,804.9805297851562,1806905,0.0,0.0
2015-10-21 00:00:00+05:30,803.6471990476733,810.5894490964873,779.6941101174154,787.3259887695312,1442218,0.0,0.0
2015-10-23 00:00:00+05:30,793.5326600651638,796.383102559771,781.9469217760965,789.48681640625,2540806,0.0,0.0
2015-10-26 00:00:00+05:30,763.2351371054815,776.062243467794,745.9024897802021,751.8792724609375,3455887,0.0,0.0
2015-10-27 00:00:00+05:30,752.1549890098343,763.0971194895114,752.1549890098343,760.5224609375,1247705,0.0,0.0
2015-10-28 00:00:00+05:30,764.7634592710147,772.6000950803018,759.3238895534959,763.7031860351562,1108455,2.2,0.0
2015-10-29 00:00:00+05:30,766.1464961543471,769.6499225478638,756.373771540042,764.625244140625,1500496,0.0,0.0
2015-10-30 00:00:00+05:30,770.3874347505052,774.4440690494857,761.9054732974059,765.8237915039062,810491,0.0,0.0
2015-11-02 00:00:00+05:30,766.1463732792915,771.6781160466511,761.0756090758787,765.3165893554688,716702,0.0,0.0
2015-11-03 00:00:00+05:30,767.0684203191745,767.7138016387077,748.6753622074008,750.6575927734375,1599110,0.0,0.0
2015-11-04 00:00:00+05:30,750.9343030583391,758.3099622657875,738.0729860609881,739.59423828125,1783909,0.0,0.0
2015-11-05 00:00:00+05:30,744.0194407411744,748.1682480315527,734.9381850698443,742.9591674804688,1016171,0.0,0.0
2015-11-06 00:00:00+05:30,745.4484204499148,752.3170122697269,737.5656983036539,738.6720581054688,918564,0.0,0.0
2015-11-09 00:00:00+05:30,729.1760034708971,754.5298275655485,723.0449653174688,752.6859130859375,1163084,0.0,0.0
2015-11-10 00:00:00+05:30,751.1185131388529,752.3170461982893,734.6154573863225,735.5374145507812,751899,0.0,0.0
2015-11-13 00:00:00+05:30,744.0194038259373,744.941360955833,730.6510254424477,737.9345092773438,765985,0.0,0.0
2015-11-16 00:00:00+05:30,733.877890215972,746.7392036920814,733.1403357515217,738.4415893554688,604535,0.0,0.0
2015-11-17 00:00:00+05:30,744.4343717149163,749.7817123593372,737.8884416619464,744.6187744140625,500272,0.0,0.0
2015-11-18 00:00:00+05:30,744.8954687792415,760.1538520072563,744.0195980228694,757.6184692382812,1253226,0.0,0.0
2015-11-19 00:00:00+05:30,762.4586464037163,768.7279444547305,755.1751616137497,759.4161987304688,1038035,0.0,0.0
2015-11-20 00:00:00+05:30,757.295622950157,766.8839435145566,754.66801131849,764.4868774414062,712339,0.0,0.0
2015-11-23 00:00:00+05:30,772.7844057497812,785.5074017061563,769.8341319538034,783.9400634765625,1475762,0.0,0.0
2015-11-24 00:00:00+05:30,783.6635794248672,794.4965759639757,780.1601535006217,789.7484741210938,771337,0.0,0.0
2015-11-26 00:00:00+05:30,793.8049821005555,798.3686805342373,785.3229663916969,794.588623046875,678200,0.0,0.0
2015-11-27 00:00:00+05:30,795.2801333849231,796.5708957710472,785.5074111075604,792.0532836914062,444323,0.0,0.0
2015-11-30 00:00:00+05:30,791.9611558726521,791.9611558726521,768.9122281697228,773.06103515625,1679737,0.0,0.0
2015-12-01 00:00:00+05:30,777.2099495256731,781.8197357031681,766.7457574114808,778.68505859375,720255,0.0,0.0
2015-12-02 00:00:00+05:30,781.7735694152071,799.5212443896706,778.8693819106666,782.3267211914062,980956,0.0,0.0
2015-12-03 00:00:00+05:30,782.741510034646,782.925912693017,773.5219398340023,776.6566162109375,540473,0.0,0.0
2015-12-04 00:00:00+05:30,775.8270373965548,775.8270373965548,764.7174636234312,769.5577392578125,779530,0.0,0.0
2015-12-07 00:00:00+05:30,776.2880436301381,805.6523610140753,775.3660863336652,803.439697265625,1602605,0.0,0.0
2015-12-08 00:00:00+05:30,805.8366033086467,808.9251934000652,790.3016484643687,793.5745849609375,1058074,0.0,0.0
2015-12-09 00:00:00+05:30,798.8298723703161,798.8298723703161,771.6321334322116,774.444091796875,751034,0.0,0.0
2015-12-10 00:00:00+05:30,778.5929679004951,793.989666619556,776.4724772884614,792.145751953125,636140,0.0,0.0
2015-12-11 00:00:00+05:30,793.7591218710509,796.1561882613394,782.5112319367157,791.4081420898438,780634,0.0,0.0
2015-12-14 00:00:00+05:30,792.8831314642658,809.8471651578017,786.4294315569986,807.1273803710938,889790,0.0,0.0
2015-12-15 00:00:00+05:30,809.9392649645555,811.3222005336469,798.8296938138793,809.9853515625,861784,0.0,0.0
2015-12-16 00:00:00+05:30,811.3222757681766,814.9640176921773,792.0533492099634,798.8758544921875,900351,0.0,0.0
2015-12-17 00:00:00+05:30,803.4858253665767,809.9395267751436,796.5711452859694,807.726806640625,716229,0.0,0.0
2015-12-18 00:00:00+05:30,806.2515473239508,816.761881598815,800.2588257029037,810.8152465820312,1098597,0.0,0.0
2015-12-21 00:00:00+05:30,810.4002314514614,815.0100166133013,799.0601712076935,805.3294677734375,896692,0.0,0.0
2015-12-22 00:00:00+05:30,805.7905675587011,817.7760107832585,805.3756755773372,812.1981811523438,663204,0.0,0.0
2015-12-23 00:00:00+05:30,814.0421379588851,814.9640951780985,806.4820775069741,810.3543090820312,350212,0.0,0.0
2015-12-24 00:00:00+05:30,811.7832784711393,814.9179553203494,805.3756649619532,812.9818115234375,403140,0.0,0.0
2015-12-28 00:00:00+05:30,813.1662147942902,817.0845327227208,808.325939706229,812.2903442382812,633270,0.0,0.0
2015-12-29 00:00:00+05:30,814.7335693495528,815.9321024264406,810.0315539792693,811.4144897460938,602111,0.0,0.0
2015-12-30 00:00:00+05:30,812.3826319309951,814.0882302898118,806.7125724842416,809.6167602539062,450359,0.0,0.0
2015-12-31 00:00:00+05:30,811.2762524551051,817.7299528794533,806.7125530435271,814.5952758789062,526825,0.0,0.0
2016-01-01 00:00:00+05:30,813.1663441556277,816.4853679495804,808.4643844022266,810.1699829101562,294006,0.0,0.0
2016-01-04 00:00:00+05:30,807.8188949554301,822.8006991783727,803.6700876321536,812.0598754882812,709103,0.0,0.0
2016-01-05 00:00:00+05:30,812.5208134131542,834.3712088098264,812.5208134131542,830.3607177734375,1372748,0.0,0.0
2016-01-06 00:00:00+05:30,833.9103658060462,840.7328722362337,815.0102414290159,817.2229614257812,1716479,0.0,0.0
2016-01-07 00:00:00+05:30,814.0881531412589,821.9708754195807,801.1807532047044,804.269287109375,990333,0.0,0.0
2016-01-08 00:00:00+05:30,810.4002615313949,813.12004613219,798.9679713969786,806.3436279296875,886022,0.0,0.0
2016-01-11 00:00:00+05:30,802.102830743364,815.0102326173952,794.3583671102227,805.65234375,801102,0.0,0.0
2016-01-12 00:00:00+05:30,813.1661542063074,816.3930040245864,802.2870717876115,804.7763671875,998419,0.0,0.0
2016-01-13 00:00:00+05:30,811.2762649662404,814.5492018347019,783.7097216483993,800.7659301757812,901426,0.0,0.0
2016-01-14 00:00:00+05:30,796.1100551539844,826.9956218565419,784.677763179242,819.98876953125,2296682,0.0,0.0
2016-01-15 00:00:00+05:30,823.3078327281996,825.1056606385741,806.0672207212996,810.6309204101562,1301590,0.0,0.0
2016-01-18 00:00:00+05:30,820.5417693878862,823.3076405206544,775.965168806823,783.9400634765625,2335330,0.0,0.0
2016-01-19 00:00:00+05:30,800.1666279874395,800.6276065595554,761.5366011354106,779.5608520507812,2443365,0.0,0.0
2016-01-20 00:00:00+05:30,768.9122572484289,789.1953143940709,765.224428676494,774.7666625976562,2247202,0.0,0.0
2016-01-21 00:00:00+05:30,783.6636040310595,789.1953471183376,775.3659894001424,778.5467529296875,1138753,0.0,0.0
2016-01-22 00:00:00+05:30,786.429395701096,805.2373427963349,782.9259700226717,802.0565795898438,1774017,0.0,0.0
2016-01-25 00:00:00+05:30,802.102745942996,813.1662320939338,800.3971476701132,810.0315551757812,1794107,0.0,0.0
2016-01-27 00:00:00+05:30,811.3222558901184,812.9817674318981,788.4116442410307,791.5462646484375,969509,0.0,0.0
2016-01-28 00:00:00+05:30,787.3514009804707,797.4929295645283,785.6458027727804,791.9151000976562,1392051,0.0,0.0
2016-01-29 00:00:00+05:30,796.5709286871681,806.7124567144353,791.9611432202286,802.010498046875,1320575,0.0,0.0
2016-02-01 00:00:00+05:30,805.9749902111942,820.5419026213477,803.3012918399996,818.1448364257812,786217,0.0,0.0
2016-02-02 00:00:00+05:30,820.4497643351976,824.921234407506,809.4784507513722,813.6272583007812,920875,0.0,0.0
2016-02-03 00:00:00+05:30,807.8188984302005,814.9640666288,792.00731016587,796.29443359375,540771,0.0,0.0
2016-02-04 00:00:00+05:30,797.4929912683385,826.0275783374448,797.4929912683385,819.942626953125,1658831,0.0,0.0
2016-02-05 00:00:00+05:30,819.6200064181089,832.9423001164989,817.2229400441685,829.070068359375,1739178,0.0,0.0
2016-02-08 00:00:00+05:30,832.5272420392255,836.6760488932415,816.8539717018314,819.2510375976562,783143,0.0,0.0
2016-02-09 00:00:00+05:30,815.8399613824479,824.5063254331452,809.9394127026433,815.194580078125,636386,0.0,0.0
2016-02-10 00:00:00+05:30,819.1589398871071,819.6199184689231,798.8758822872012,808.1415405273438,707101,0.0,0.0
2016-02-11 00:00:00+05:30,806.4819102662673,806.4819102662673,785.5073878786621,788.9186401367188,1004015,0.0,0.0
2016-02-12 00:00:00+05:30,792.8831724743948,805.0991050735641,780.4367505809014,788.1812133789062,1089266,0.0,0.0
2016-02-15 00:00:00+05:30,798.4150305271733,804.1311771040159,786.4295854961649,791.6847534179688,703958,0.0,0.0
2016-02-16 00:00:00+05:30,788.3196353220796,793.021651656408,770.8485319647717,774.7207641601562,985215,0.0,0.0
2016-02-17 00:00:00+05:30,778.1318268107477,791.9150973196342,762.5507286229981,789.1953125,1171983,0.0,0.0
2016-02-18 00:00:00+05:30,794.7271136249907,796.3866253457172,765.7776347730857,770.0647583007812,997874,0.0,0.0
2016-02-19 00:00:00+05:30,769.788171562514,790.0251432561388,764.3025149954601,787.996826171875,799360,0.0,0.0
2016-02-22 00:00:00+05:30,789.1953715186271,805.0530467801376,787.3514570991911,802.8864135742188,609601,0.0,0.0
2016-02-23 00:00:00+05:30,803.0246437017854,811.2300844986164,798.5531742220383,808.6485595703125,1438921,0.0,0.0
2016-02-24 00:00:00+05:30,810.4003427326876,816.6235535557202,806.7125140968164,812.9818115234375,1289097,0.0,0.0
2016-02-25 00:00:00+05:30,811.7832215724885,815.8398552963332,791.6845681700842,794.450439453125,1326303,0.0,0.0
2016-02-26 00:00:00+05:30,800.2589314378929,805.7906752035926,787.5359320311451,795.2342529296875,536753,0.0,0.0
2016-02-29 00:00:00+05:30,796.6632857093747,801.1348124071405,775.9192463216797,780.0680541992188,890886,0.0,0.0
2016-03-01 00:00:00+05:30,786.0606088675723,806.389808144741,783.6635428921501,803.9005126953125,1161059,0.0,0.0
2016-03-02 00:00:00+05:30,807.6344331119495,812.1981320876606,798.8758405154158,803.8082885742188,808137,0.0,0.0
2016-03-03 00:00:00+05:30,806.1593684975193,826.5345993583699,803.716159498783,811.5527954101562,1061326,0.0,0.0
2016-03-04 00:00:00+05:30,817.40735322837,820.6342039108421,791.4082013184709,798.2306518554688,1039977,0.0,0.0
2016-03-08 00:00:00+05:30,800.1666554388905,812.9818264202848,791.0853434935749,807.35791015625,1174011,0.0,0.0
2016-03-09 00:00:00+05:30,807.6344449760968,819.4354849725296,801.9643861242238,807.81884765625,1401934,0.0,0.0
2016-03-10 00:00:00+05:30,802.1028222901823,826.0737112321877,802.1028222901823,824.9212646484375,810951,0.0,0.0
2016-03-11 00:00:00+05:30,829.7614251279642,833.1726777967388,821.9708760487921,828.2401733398438,1043602,0.0,0.0
2016-03-14 00:00:00+05:30,827.9174897777054,832.7116780330047,819.2510703826723,829.162109375,788258,0.0,0.0
2016-03-15 00:00:00+05:30,832.5272033547119,835.7540529801178,807.7726794513866,815.5631713867188,954046,0.0,0.0
2016-03-16 00:00:00+05:30,811.598863099034,813.1662014991402,794.8192318137396,797.4007568359375,1456263,0.0,0.0
2016-03-17 00:00:00+05:30,802.1026949132613,807.6344376368011,797.5850825136517,804.4536743164062,965277,0.0,0.0
2016-03-18 00:00:00+05:30,803.0247259501537,809.3862531765049,792.8371100842509,807.0352172851562,1072444,0.0,0.0
2016-03-21 00:00:00+05:30,805.0992045620911,806.7126298217347,785.8764175487762,792.5606079101562,1484160,0.0,0.0
2016-03-22 00:00:00+05:30,792.8831124690532,792.8831124690532,780.02179956476,786.7520751953125,1746522,0.0,0.0
2016-03-23 00:00:00+05:30,786.751985598189,790.0249779745936,780.2061133889591,783.6634521484375,917099,0.0,0.0
2016-03-28 00:00:00+05:30,783.6636492264765,790.5322418769988,776.9333726698335,779.4226684570312,1722071,0.0,0.0
2016-03-29 00:00:00+05:30,781.2664935815047,792.883130897564,779.0537739633041,789.2874755859375,1101097,0.0,0.0
2016-03-30 00:00:00+05:30,796.5710401896979,815.9321418609753,794.5888096527268,813.0279541015625,1470782,0.0,0.0
2016-03-31 00:00:00+05:30,811.783407469539,815.2407473650652,797.5852424565217,800.6277465820312,1682214,0.0,0.0
2016-04-01 00:00:00+05:30,803.0249237411324,814.9642837468706,797.4931791459007,802.1029663085938,853331,0.0,0.0
2016-04-04 00:00:00+05:30,805.790749050086,819.1591310423356,797.7236219857973,816.9925537109375,662760,0.0,0.0
2016-04-05 00:00:00+05:30,816.300957546151,816.300957546151,794.7271357604068,801.9644775390625,762479,0.0,0.0
2016-04-06 00:00:00+05:30,801.8261464266238,806.7125080783386,793.4824454545733,795.9255981445312,451307,0.0,0.0
2016-04-07 00:00:00+05:30,796.5709679034372,801.1807535973228,788.3194402570223,791.2697143554688,449770,0.0,0.0
2016-04-08 00:00:00+05:30,792.8830777688462,794.219926770606,783.2947017615288,785.092529296875,448087,0.0,0.0
2016-04-11 00:00:00+05:30,783.6635465400163,794.6348587002951,776.9793574665867,792.8831176757812,651373,0.0,0.0
2016-04-12 00:00:00+05:30,794.5427353064712,802.102795901513,792.4222449164947,799.2447509765625,433486,0.0,0.0
2016-04-13 00:00:00+05:30,802.5638291909098,807.6345943380093,798.4150213432831,806.1133422851562,692424,0.0,0.0
2016-04-18 00:00:00+05:30,815.2406455281302,817.3611358114739,806.7125415177992,816.1165161132812,685762,0.0,0.0
2016-04-20 00:00:00+05:30,815.9320622475917,818.4674443619203,806.942980205881,816.6696166992188,778272,0.0,0.0
2016-04-21 00:00:00+05:30,820.5418808314263,825.1516666787938,816.0242681922862,819.7582397460938,702226,0.0,0.0
2016-04-22 00:00:00+05:30,816.5774543886486,823.9531115469124,801.5495641830456,803.53173828125,692414,0.0,0.0
2016-04-25 00:00:00+05:30,802.471595615771,802.471595615771,789.1953889931461,794.4966430664062,587700,0.0,0.0
2016-04-26 00:00:00+05:30,796.7553665410452,811.3222780054193,792.0072647917261,808.4642333984375,694778,0.0,0.0
2016-04-27 00:00:00+05:30,807.3579042728323,821.4638377063593,803.0246943235005,820.403564453125,553126,0.0,0.0
2016-04-28 00:00:00+05:30,820.4035364505723,824.6906596494761,802.1027097764608,804.9607543945312,1013142,0.0,0.0
2016-04-29 00:00:00+05:30,804.8685350294237,807.6344062838203,794.4043446256743,798.6453247070312,955985,0.0,0.0
2016-05-02 00:00:00+05:30,796.5710392272983,799.797889501946,793.4825050445711,797.30859375,199724,0.0,0.0
2016-05-03 00:00:00+05:30,801.6418231999108,817.6839017450656,797.8618210103926,803.9467163085938,1073196,0.0,0.0
2016-05-04 00:00:00+05:30,803.9467049049323,810.4004055177012,796.5710470617678,805.4218139648438,469904,0.0,0.0
2016-05-05 00:00:00+05:30,805.8826596832149,807.1273355020736,795.1418934834314,799.3828735351562,402567,0.0,0.0
2016-05-06 00:00:00+05:30,796.5250316526194,820.5420083968394,794.2662249818844,819.6661376953125,1249025,0.0,0.0
2016-05-09 00:00:00+05:30,825.105486399531,842.5765840319008,823.9069534696462,835.8462524414062,1355429,0.0,0.0
2016-05-10 00:00:00+05:30,834.3251242205276,837.3675715249706,823.7226171216703,828.2401733398438,1034271,0.0,0.0
2016-05-11 00:00:00+05:30,822.3857809226087,847.2786240671271,818.2369737318556,836.998779296875,2228431,0.0,0.0
2016-05-12 00:00:00+05:30,848.2004492340016,861.0156741822314,845.6189808602561,856.3136596679688,2382775,0.0,0.0
2016-05-13 00:00:00+05:30,856.2676988365774,874.0153738864876,855.2074256105907,870.0048828125,2285317,0.0,0.0
2016-05-16 00:00:00+05:30,874.8913591648017,883.0506584633479,871.2496167083264,878.3026123046875,1913343,0.0,0.0
2016-05-17 00:00:00+05:30,879.0860786091753,896.1422846440674,873.7848253821141,893.9757080078125,1770437,0.0,0.0
2016-05-18 00:00:00+05:30,893.3764487493512,895.2203629882559,878.1180696767738,888.0751953125,1273835,0.0,0.0
2016-05-19 00:00:00+05:30,893.2381118146843,893.2381118146843,877.7492438239248,882.1285400390625,1251713,0.0,0.0
2016-05-20 00:00:00+05:30,881.3909912109375,887.8446909373774,876.5507164161075,881.3909912109375,972841,0.0,0.0
2016-05-23 00:00:00+05:30,884.9867462915544,885.0789195036151,870.0049416645401,872.7246704101562,726047,0.0,0.0
2016-05-24 00:00:00+05:30,878.0720084921753,887.2915799535724,868.2070557741207,881.6215209960938,490332,0.0,0.0
2016-05-25 00:00:00+05:30,887.9829883873159,908.1277281736169,887.6602696446851,905.5923461914062,815313,0.0,0.0
2016-05-26 00:00:00+05:30,911.4007897624716,921.4962324781991,897.4792583838281,914.4432373046875,1410903,0.0,0.0
2016-05-27 00:00:00+05:30,914.4893444471122,923.6166867170899,909.4646665886951,920.34375,1105534,0.0,0.0
2016-05-30 00:00:00+05:30,916.4254323184026,925.8754933659516,902.0890094957495,908.03564453125,1487177,0.0,0.0
2016-05-31 00:00:00+05:30,910.8935671044638,917.8082449924026,904.1632918812287,907.9893798828125,1151373,0.0,0.0
2016-06-01 00:00:00+05:30,911.8618180272563,945.0061928250925,911.8618180272563,941.9637451171875,2068760,0.0,0.0
2016-06-02 00:00:00+05:30,928.4108348557602,948.6938918238105,918.7763715415767,944.1302490234375,2420319,0.0,0.0
2016-06-03 00:00:00+05:30,943.6230860214081,951.551894523715,934.4035150783558,945.2826538085938,2045789,0.0,0.0
2016-06-06 00:00:00+05:30,937.7225172387682,951.7823626140009,937.2615387018753,946.20458984375,1574228,0.0,0.0
2016-06-07 00:00:00+05:30,945.3288003073582,956.4844600106377,944.6373324016557,952.1513061523438,755934,0.0,0.0
2016-06-08 00:00:00+05:30,948.6937682028565,948.6937682028565,932.329031190611,938.5983276367188,933533,0.0,0.0
2016-06-09 00:00:00+05:30,938.5523571712857,939.4743143001376,917.9927244522466,920.8507690429688,1024252,0.0,0.0
2016-06-10 00:00:00+05:30,917.3013228873025,921.0352382745959,912.3688181284567,914.6276245117188,1313970,0.0,0.0
2016-06-13 00:00:00+05:30,909.9718251198342,918.7304191812713,908.2200837988244,917.2553100585938,808571,0.0,0.0
2016-06-14 00:00:00+05:30,917.3473780806513,921.0352067362519,902.227258083969,909.5107421875,699283,0.0,0.0
2016-06-15 00:00:00+05:30,909.0497040369644,923.8010176927367,909.0497040369644,920.4819946289062,731016,0.0,0.0
2016-06-16 00:00:00+05:30,921.0844662781592,935.2193473958869,914.086552842493,932.948486328125,740810,5.3,0.0
2016-06-17 00:00:00+05:30,936.1463857062938,940.6417194840554,921.3163439525308,926.5068359375,365441,0.0,0.0
2016-06-20 00:00:00+05:30,922.1968233124759,924.0969109624189,914.1329773687919,918.9990844726562,627622,0.0,0.0
2016-06-21 00:00:00+05:30,917.6085542321656,918.5354315596728,905.7445357544934,910.2398681640625,712870,0.0,0.0
2016-06-22 00:00:00+05:30,908.3399249071559,917.0989283546115,906.9496086955634,913.3914184570312,507154,0.0,0.0
2016-06-23 00:00:00+05:30,913.993830583121,917.6086752660434,908.6179526889138,912.1400756835938,678141,0.0,0.0
2016-06-24 00:00:00+05:30,902.8714412903417,920.3894504381017,893.1392265576126,917.1917114257812,777600,0.0,0.0
2016-06-27 00:00:00+05:30,899.3029808091007,920.3431133957395,899.3029808091007,903.0568237304688,662651,0.0,0.0
2016-06-28 00:00:00+05:30,909.2668813544948,912.974391574085,904.0300005404771,908.525390625,822749,0.0,0.0
2016-06-29 00:00:00+05:30,906.7180001464794,926.2287620526879,906.7180001464794,921.501708984375,711457,0.0,0.0
2016-06-30 00:00:00+05:30,931.372805995105,935.2193701364034,923.216295548179,929.9361572265625,1039352,0.0,0.0
2016-07-01 00:00:00+05:30,929.4728151399485,937.1658876503866,922.660287634731,929.1947631835938,1314022,0.0,0.0
2016-07-04 00:00:00+05:30,934.292537518866,942.6807677367306,925.2091491629665,927.248291015625,884699,0.0,0.0
2016-07-05 00:00:00+05:30,929.6580845902305,931.3727852480184,911.4449200249976,913.0669555664062,523870,0.0,0.0
2016-07-07 00:00:00+05:30,917.0061203862226,924.0967550270581,912.9742263807946,915.476806640625,757053,0.0,0.0
2016-07-08 00:00:00+05:30,920.2968166375838,939.7612467656767,915.8941479181342,936.7952270507812,1200518,0.0,0.0
2016-07-11 00:00:00+05:30,945.415143660868,957.464552354585,943.4223342095981,951.7179565429688,1082293,0.0,0.0
2016-07-12 00:00:00+05:30,953.571675899692,962.0062390395489,942.4490886435708,945.8322143554688,1259777,0.0,0.0
2016-07-13 00:00:00+05:30,953.7569730625464,953.7569730625464,932.8558961917795,935.682861328125,1319911,0.0,0.0
2016-07-14 00:00:00+05:30,936.3317525714192,950.512968381557,935.2194881491868,943.1906127929688,754274,0.0,0.0
2016-07-15 00:00:00+05:30,943.7468199534183,956.0742811934024,943.7468199534183,950.8837890625,671924,0.0,0.0
2016-07-18 00:00:00+05:30,951.9959278769527,968.4943938522039,950.2812270042557,953.2935791015625,721547,0.0,0.0
2016-07-19 00:00:00+05:30,955.6107501231126,961.6354541733552,946.5273614848621,955.3326416015625,541334,0.0,0.0
2016-07-20 00:00:00+05:30,953.988673782163,960.6158705839912,945.4150568450875,953.3399047851562,529012,0.0,0.0
2016-07-21 00:00:00+05:30,954.4983891777828,971.3675125541484,951.4860376359879,966.4550170898438,706661,0.0,0.0
2016-07-22 00:00:00+05:30,971.228616769603,976.9289363229143,965.8527948737202,970.4871826171875,502766,0.0,0.0
2016-07-25 00:00:00+05:30,972.5725777391774,995.83717968413,970.5797685432545,992.3613891601562,734354,0.0,0.0
2016-07-26 00:00:00+05:30,993.7053396728504,996.3469179045219,977.855757138596,983.185302734375,562982,0.0,0.0
2016-07-27 00:00:00+05:30,991.6664389180269,995.2812844495099,975.260636319526,984.1587524414062,765267,0.0,0.0
2016-07-28 00:00:00+05:30,995.4664371571643,1069.4313070751357,989.905172145113,1045.517822265625,5831636,0.0,0.0
2016-07-29 00:00:00+05:30,1045.0542098890592,1054.5083135811485,1021.6505568516324,1032.680419921875,1152956,0.0,0.0
2016-08-01 00:00:00+05:30,1037.7321476405573,1051.0792078291404,1033.514922409268,1038.9371337890625,864041,0.0,0.0
2016-08-02 00:00:00+05:30,1047.0934128666029,1058.957489516688,1036.8514849026674,1041.207763671875,832931,0.0,0.0
2016-08-03 00:00:00+05:30,1049.6423716127385,1063.2675386453686,1041.856691187493,1059.791748046875,1130691,0.0,0.0
2016-08-04 00:00:00+05:30,1067.8094854679382,1070.1729556852351,1035.044268689415,1044.8692626953125,1075876,0.0,0.0
2016-08-05 00:00:00+05:30,1048.2984468931938,1061.5528403299934,1046.212972529348,1059.745361328125,543090,0.0,0.0
2016-08-08 00:00:00+05:30,1068.689886335938,1068.689886335938,1052.932966936362,1064.3798828125,407801,0.0,0.0
2016-08-09 00:00:00+05:30,1069.245969418961,1070.4972315415564,1051.0791912120449,1062.6651611328125,541100,0.0,0.0
2016-08-10 00:00:00+05:30,1058.587026433705,1064.472677354935,1045.6107382917946,1047.325439453125,788849,0.0,0.0
2016-08-11 00:00:00+05:30,1047.3718445580423,1063.5922049826136,1036.805415709756,1061.36767578125,651399,0.0,0.0
2016-08-12 00:00:00+05:30,1059.421068853022,1076.3365846067993,1043.1080461521985,1054.3232421875,795382,0.0,0.0
2016-08-16 00:00:00+05:30,1052.4695749221453,1063.8702153111,1044.4984497356436,1047.04736328125,921462,0.0,0.0
2016-08-17 00:00:00+05:30,1033.4684388703517,1045.239738163022,1027.1193504621913,1032.12451171875,742834,0.0,0.0
2016-08-18 00:00:00+05:30,1037.870988151678,1037.870988151678,1021.9287418298073,1026.377685546875,1263890,0.0,0.0
2016-08-19 00:00:00+05:30,1020.8164196941126,1044.4981829355022,1020.8164196941126,1032.0780029296875,864966,0.0,0.0
2016-08-22 00:00:00+05:30,1039.02978289808,1039.02978289808,1024.1997413937363,1032.448974609375,827995,0.0,0.0
2016-08-23 00:00:00+05:30,1031.3366375621758,1047.0472804229214,1027.1194124615417,1043.8958740234375,684493,0.0,0.0
2016-08-24 00:00:00+05:30,1047.3716952450238,1047.5570255086104,1034.02463508385,1037.0369873046875,417969,0.0,0.0
2016-08-25 00:00:00+05:30,1038.1956755268939,1044.127715357955,1022.1607594137162,1025.0340576171875,554850,0.0,0.0
2016-08-26 00:00:00+05:30,1025.3584334629345,1045.10097330392,1011.2699379851431,1041.1617431640625,869672,0.0,0.0
2016-08-29 00:00:00+05:30,1041.161397786017,1042.4126596100489,1023.4116734738155,1030.548583984375,452947,0.0,0.0
2016-08-30 00:00:00+05:30,1033.4685484154395,1064.055509938049,1028.8341603059532,1062.3870849609375,674826,0.0,0.0
2016-08-31 00:00:00+05:30,1072.3972329605228,1088.0614848348582,1064.9822131993437,1073.2314453125,1668417,0.0,0.0
2016-09-01 00:00:00+05:30,1075.0389197122233,1078.9318733666064,1058.4941778277382,1072.3509521484375,621894,0.0,0.0
2016-09-02 00:00:00+05:30,1074.2044237200141,1086.3002179920268,1067.1139027442177,1082.1756591796875,710106,0.0,0.0
2016-09-06 00:00:00+05:30,1089.080987413625,1125.1365423066304,1085.0027040659559,1116.0994873046875,1131704,0.0,0.0
2016-09-07 00:00:00+05:30,1119.6682391740364,1120.595116855472,1085.0956563987945,1091.120361328125,1092266,0.0,0.0
2016-09-08 00:00:00+05:30,1092.7888730626653,1102.9845283668972,1085.373851023224,1096.1256103515625,888245,0.0,0.0
2016-09-09 00:00:00+05:30,1095.4766780970979,1095.4766780970979,1082.593056592703,1086.06884765625,575102,0.0,0.0
2016-09-12 00:00:00+05:30,1071.794765102972,1077.9585230527982,1053.8597082639997,1070.1727294921875,465079,0.0,0.0
2016-09-14 00:00:00+05:30,1066.0018020475072,1092.7421955928316,1066.0018020475072,1078.5146484375,704633,0.0,0.0
2016-09-15 00:00:00+05:30,1084.446843792654,1089.5446708361235,1075.1780673499816,1087.7373046875,616127,0.0,0.0
2016-09-16 00:00:00+05:30,1087.7834626103313,1094.8740984481753,1067.7629302961252,1070.6826171875,1136226,0.0,0.0
2016-09-19 00:00:00+05:30,1072.5826097422876,1086.3004421534522,1072.5826097422876,1078.5146484375,550698,0.0,0.0
2016-09-20 00:00:00+05:30,1078.8854979364194,1087.8761651615287,1077.5878467018067,1079.8587646484375,966451,0.0,0.0
2016-09-21 00:00:00+05:30,1080.6465285094628,1090.0079688786393,1080.6465285094628,1085.0028076171875,615798,0.0,0.0
2016-09-22 00:00:00+05:30,1095.8474670139035,1109.4725229148096,1089.081215058397,1104.838134765625,913747,0.0,0.0
2016-09-23 00:00:00+05:30,1113.179634178459,1115.4968274219614,1098.349597420045,1104.09619140625,668223,0.0,0.0
2016-09-26 00:00:00+05:30,1107.6186238641167,1107.6186238641167,1088.9884085518167,1096.49609375,817715,0.0,0.0
2016-09-27 00:00:00+05:30,1097.6083821025143,1115.0337258185532,1097.6083821025143,1105.347900390625,532323,0.0,0.0
2016-09-28 00:00:00+05:30,1105.764954763923,1113.1799754161539,1101.2232319855846,1106.2283935546875,566690,0.0,0.0
2016-09-29 00:00:00+05:30,1107.0160473135202,1115.3579442695893,1075.1778298933664,1081.9903564453125,1125599,0.0,0.0
2016-09-30 00:00:00+05:30,1081.66603361598,1093.6690518847056,1071.4703811997197,1075.82666015625,478253,0.0,0.0
2016-10-03 00:00:00+05:30,1084.4467094018494,1111.3261577545447,1080.1830953954402,1105.764892578125,747111,0.0,0.0
2016-10-04 00:00:00+05:30,1114.1068482409817,1115.0337258185532,1093.1594376167122,1105.347900390625,503642,0.0,0.0
2016-10-05 00:00:00+05:30,1101.1302114303257,1134.4977935948812,1098.3495795832796,1120.3629150390625,1080751,0.0,0.0
2016-10-06 00:00:00+05:30,1121.614331356291,1133.0149687584421,1113.8285384824474,1121.0582275390625,746006,0.0,0.0
2016-10-07 00:00:00+05:30,1119.6680833322084,1121.521838437063,1094.457059163878,1097.9791259765625,873434,0.0,0.0
2016-10-10 00:00:00+05:30,1102.057471444869,1129.8637995721574,1102.057471444869,1123.9781494140625,570180,0.0,0.0
2016-10-13 00:00:00+05:30,1137.2784626966622,1137.556571148157,1120.4556168421132,1127.638916015625,1391322,0.0,0.0
2016-10-14 00:00:00+05:30,1127.17567880342,1130.7905235978644,1114.3384483569937,1117.58251953125,354200,0.0,0.0
2016-10-17 00:00:00+05:30,1119.7607858745066,1120.0388944072206,1092.3252320347674,1095.847412109375,365921,0.0,0.0
2016-10-18 00:00:00+05:30,1099.6474178801475,1106.08917083301,1080.3220458773412,1088.6175537109375,1339044,0.0,0.0
2016-10-19 00:00:00+05:30,1093.7153950565962,1097.5619591172072,1078.190197711513,1083.7978515625,1201677,0.0,0.0
2016-10-20 00:00:00+05:30,1089.0810631693316,1090.934818170471,1078.1902525376383,1080.5074462890625,448785,0.0,0.0
2016-10-21 00:00:00+05:30,1087.1345202811983,1087.1345202811983,1060.718514498018,1069.153076171875,948987,0.0,0.0
2016-10-24 00:00:00+05:30,1076.2438957168629,1077.0317190098392,1041.9030370432363,1045.054443359375,1287073,0.0,0.0
2016-10-25 00:00:00+05:30,1049.1788799976878,1073.6021912211152,1035.4147725500775,1056.4085693359375,3014876,0.0,0.0
2016-10-26 00:00:00+05:30,1068.9675912704488,1072.396991881362,1032.4486045274127,1040.975830078125,1323248,0.0,0.0
2016-10-27 00:00:00+05:30,1050.1521703876494,1051.4498214706357,1001.9545420909523,1006.0791015625,1764517,0.0,0.0
2016-10-28 00:00:00+05:30,1001.9544540488403,1016.7381030946513,988.0976823888284,991.6661376953125,1732990,0.0,0.0
2016-11-01 00:00:00+05:30,1000.8188378990268,1011.1327037596051,996.0800469279707,1000.4471435546875,983171,2.65,0.0
2016-11-02 00:00:00+05:30,992.2700345779105,1006.6258012536861,980.6087956042801,987.4847412109375,872573,0.0,0.0
2016-11-03 00:00:00+05:30,983.350405201785,998.8676526685101,960.2602110487787,963.6982421875,1075107,0.0,0.0
2016-11-04 00:00:00+05:30,965.6028067952457,980.0980904662739,961.7931954407525,969.1802368164062,976222,0.0,0.0
2016-11-07 00:00:00+05:30,973.7794445285822,984.5578966112342,955.1029721420247,963.8836669921875,829767,0.0,0.0
2016-11-08 00:00:00+05:30,970.7596484051635,984.9296265225875,966.3460486636707,982.14208984375,780312,0.0,0.0
2016-11-09 00:00:00+05:30,928.249825945695,983.1642824532439,884.5784127130147,976.5206298828125,2005884,0.0,0.0
2016-11-10 00:00:00+05:30,981.2129598285102,984.9296755854364,936.6123707453961,939.6786499023438,1719037,0.0,0.0
2016-11-11 00:00:00+05:30,929.1789848527142,933.778432170252,890.1534674889002,894.14892578125,2665967,0.0,0.0
2016-11-15 00:00:00+05:30,902.1863664357153,902.1863664357153,807.4565555136611,827.712646484375,5354021,0.0,0.0
2016-11-16 00:00:00+05:30,852.5217910246815,878.9104991212715,839.0486945997684,869.432861328125,3032067,0.0,0.0
2016-11-17 00:00:00+05:30,879.0031619725962,880.0717402985017,852.0569762461636,853.404296875,1310176,0.0,0.0
2016-11-18 00:00:00+05:30,860.3268505794038,863.1608351598567,836.1216924901995,843.88037109375,1335202,0.0,0.0
2016-11-21 00:00:00+05:30,852.9863928222657,852.9863928222657,828.5954420471191,836.2611694335938,1639425,0.0,0.0
2016-11-22 00:00:00+05:30,843.6945139833207,848.2939612776189,831.6151872412687,843.4622192382812,1678288,0.0,0.0
2016-11-23 00:00:00+05:30,851.0350125943575,879.3749702231755,847.4111920485907,875.3330078125,2371811,0.0,0.0
2016-11-24 00:00:00+05:30,871.802200903928,897.3546235256791,866.0412797339616,869.804443359375,2908165,0.0,0.0
2016-11-25 00:00:00+05:30,877.0520934420454,885.7863421405408,872.3132464461064,878.4923095703125,1460489,0.0,0.0
2016-11-28 00:00:00+05:30,882.7200542059489,900.0492653235527,867.3886006328983,869.804443359375,1335539,0.0,0.0
2016-11-29 00:00:00+05:30,873.7998656001303,898.5160018065718,868.968123948003,890.6644287109375,2507536,0.0,0.0
2016-11-30 00:00:00+05:30,899.3988439625887,905.8566494956216,885.0894643661959,901.2107543945312,4460941,0.0,0.0
2016-12-01 00:00:00+05:30,898.5161014786866,899.4452804874546,869.7115522068776,872.6384887695312,1517103,0.0,0.0
2016-12-02 00:00:00+05:30,869.711526063095,870.1761155535133,838.1194407146493,840.767578125,2139914,0.0,0.0
2016-12-05 00:00:00+05:30,845.5528093225706,874.9148402359926,831.8474203802542,871.24462890625,1881935,0.0,0.0
2016-12-06 00:00:00+05:30,874.2643887786116,877.7952570100742,858.7006432880521,867.992431640625,889147,0.0,0.0
2016-12-07 00:00:00+05:30,869.7115328748167,881.3262702262433,862.4639481100436,866.1806640625,809152,0.0,0.0
2016-12-08 00:00:00+05:30,875.2401176459813,880.4434970473643,863.950570791314,869.8508911132812,1024529,0.0,0.0
2016-12-09 00:00:00+05:30,875.2865549871831,886.390254580333,868.8287500595703,875.0542602539062,1600112,0.0,0.0
2016-12-12 00:00:00+05:30,865.344424645031,870.7801560316807,844.6237434904774,845.7852172851562,1531811,0.0,0.0
2016-12-13 00:00:00+05:30,850.1987464216941,850.1987464216941,831.6151672649357,842.5330200195312,1572248,0.0,0.0
2016-12-14 00:00:00+05:30,843.6945236907997,857.8180556942199,843.6945236907997,849.5947875976562,944657,0.0,0.0
2016-12-15 00:00:00+05:30,845.2276466289826,851.824794427105,837.840662703215,839.048583984375,958978,0.0,0.0
2016-12-16 00:00:00+05:30,847.3647467542055,847.3647467542055,834.4026891821886,836.1681518554688,1041676,0.0,0.0
2016-12-19 00:00:00+05:30,837.5620365838746,838.1195213409724,813.124581666943,816.19091796875,1905631,0.0,0.0
2016-12-20 00:00:00+05:30,813.4961397749476,819.5358027201643,799.1403142011089,804.3901977539062,1811388,0.0,0.0
2016-12-21 00:00:00+05:30,805.7840224936411,814.4253756618547,800.5341385735937,804.2508544921875,1321988,0.0,0.0
2016-12-22 00:00:00+05:30,804.251010805255,812.3813284573756,790.8243605972339,808.6646118164062,1472349,0.0,0.0
2016-12-23 00:00:00+05:30,813.0314737490168,822.3232620204341,800.4875595826034,812.102294921875,1325637,0.0,0.0
2016-12-26 00:00:00+05:30,812.1023511336131,822.3233189396425,799.0938466532119,806.3414306640625,1313467,0.0,0.0
2016-12-27 00:00:00+05:30,810.1510826622446,815.6332039895157,802.2530622358123,813.960693359375,846898,0.0,0.0
2016-12-28 00:00:00+05:30,813.9606881185804,826.9691922665942,807.9674730793014,813.6819458007812,1093720,0.0,0.0
2016-12-29 00:00:00+05:30,816.748311416137,824.1817431468868,814.8899534834495,817.7239379882812,1203203,0.0,0.0
2016-12-30 00:00:00+05:30,822.2770982424584,831.6153373359464,820.000597987679,827.945068359375,935476,0.0,0.0
2017-01-02 00:00:00+05:30,829.7568895543358,843.2299857453077,819.7682147920635,840.5818481445312,1031421,0.0,0.0
2017-01-03 00:00:00+05:30,845.5528889452844,845.5528889452844,830.1749878569834,833.1018676757812,2068282,0.0,0.0
2017-01-04 00:00:00+05:30,838.026580734344,849.7342137000703,833.4735808517912,842.3936767578125,1408241,0.0,0.0
2017-01-05 00:00:00+05:30,849.1766257885614,854.7516992305366,837.6547846567806,851.5924682617188,2569365,0.0,0.0
2017-01-06 00:00:00+05:30,852.9863768480618,866.4594732143984,849.8271453598852,863.6719360351562,1717545,0.0,0.0
2017-01-09 00:00:00+05:30,865.9947314339043,866.9703579325962,841.8360801278084,845.6456909179688,1356124,0.0,0.0
2017-01-10 00:00:00+05:30,850.1986596584172,863.2071637406226,843.6479600166793,858.1895751953125,1735052,0.0,0.0
2017-01-11 00:00:00+05:30,860.8843219746278,873.9857228620089,856.2384270907928,868.4571533203125,1236472,0.0,0.0
2017-01-12 00:00:00+05:30,868.78231837881,872.8242241268764,860.698450170095,867.4349975585938,955700,0.0,0.0
2017-01-13 00:00:00+05:30,869.2934114155224,871.7557584769223,861.4883417595001,867.1563110351562,770385,0.0,0.0
2017-01-16 00:00:00+05:30,864.1364587510024,874.8684647187802,861.256026573533,869.0146484375,889759,0.0,0.0
2017-01-17 00:00:00+05:30,873.4282057107521,895.2639108535209,870.6406688840157,892.1511840820312,1742445,0.0,0.0
2017-01-18 00:00:00+05:30,892.1511844723292,903.5800741244321,892.0117849458986,895.12451171875,1216887,0.0,0.0
2017-01-19 00:00:00+05:30,896.7505642560817,897.3545532466906,886.8083950574285,894.5205688476562,770727,0.0,0.0
2017-01-20 00:00:00+05:30,892.2906073672946,908.5976879318449,886.5761903846777,898.7019653320312,2190366,0.0,0.0
2017-01-23 00:00:00+05:30,898.8877006507208,904.6021169224172,889.9211014798826,896.37890625,1206139,0.0,0.0
2017-01-24 00:00:00+05:30,895.263874862413,910.4559272723479,886.0649810189609,904.5092163085938,1748158,0.0,0.0
2017-01-25 00:00:00+05:30,909.6662954532273,911.8498435489018,902.3722625516359,908.4583740234375,1128224,0.0,0.0
2017-01-27 00:00:00+05:30,910.409644726634,919.5155883029543,895.8215219325078,900.9320068359375,1043635,0.0,0.0
2017-01-30 00:00:00+05:30,900.3744145545139,909.6662041783995,894.7993407801825,904.2769775390625,572175,0.0,0.0
2017-01-31 00:00:00+05:30,903.9052325186155,908.2723847391612,895.7284694512035,901.9539794921875,603928,0.0,0.0
2017-02-01 00:00:00+05:30,901.9540237542712,930.1545823782901,901.4894342763625,920.8163452148438,1241463,0.0,0.0
2017-02-02 00:00:00+05:30,919.3762107573947,924.5331430772678,912.40736797038,918.9580688476562,1365514,0.0,0.0
2017-02-03 00:00:00+05:30,919.8872480914674,923.5110690265599,911.5710843545876,916.07763671875,465754,0.0,0.0
2017-02-06 00:00:00+05:30,919.9801526780392,933.7784955674665,915.7059517425613,922.210205078125,744278,0.0,0.0
2017-02-07 00:00:00+05:30,921.7454479090618,932.8491468549174,920.0729372694843,928.5284423828125,577723,0.0,0.0
2017-02-08 00:00:00+05:30,928.5285949178408,938.3779266801673,911.5246299823991,927.0419311523438,1192386,0.0,0.0
2017-02-09 00:00:00+05:30,928.2498927312504,933.8249671620688,920.816460156826,931.8272094726562,493191,0.0,0.0
2017-02-10 00:00:00+05:30,934.6611137174281,937.541545731869,920.3517354285592,922.7211303710938,479738,0.0,0.0
2017-02-13 00:00:00+05:30,924.5332414288604,929.1791371144326,911.9893230778156,915.0091552734375,643641,0.0,0.0
2017-02-14 00:00:00+05:30,918.0289066934372,918.0753543036873,901.3036836969981,911.3388061523438,604108,0.0,0.0
2017-02-15 00:00:00+05:30,911.7105203254791,917.053300010204,906.8787777898186,912.1751098632812,600970,0.0,0.0
2017-02-16 00:00:00+05:30,915.2413349147893,919.4690881142641,899.2129968160277,901.2107543945312,932357,0.0,0.0
2017-02-17 00:00:00+05:30,904.0911215254571,904.4628157917956,887.9233850536378,892.755126953125,1142332,0.0,0.0
2017-02-20 00:00:00+05:30,892.9410929893671,910.5490478408847,886.2974399038378,906.646484375,1092302,0.0,0.0
2017-02-21 00:00:00+05:30,908.4582864354452,923.5574446335224,907.1574131979621,921.2809448242188,885074,0.0,0.0
2017-02-22 00:00:00+05:30,924.6259391690411,953.1052963238028,923.5109698127222,948.041259765625,2809160,0.0,0.0
2017-02-23 00:00:00+05:30,957.0543229828031,957.0543229828031,934.1500390729875,937.5415649414062,1580357,0.0,0.0
2017-02-27 00:00:00+05:30,938.4707853319964,946.415254399963,928.249816382836,930.9909057617188,738246,0.0,0.0
2017-02-28 00:00:00+05:30,932.059445601116,954.0810562724907,927.4600548551283,951.6651000976562,1368244,0.0,0.0
2017-03-01 00:00:00+05:30,957.0544377449089,966.3462284026265,953.384225805182,959.6096801757812,1124115,0.0,0.0
2017-03-02 00:00:00+05:30,964.394955298663,970.7598090838111,953.7093962611289,955.8929443359375,1037442,0.0,0.0
2017-03-03 00:00:00+05:30,954.3133259714433,954.3133259714433,934.7540628839722,941.9087524414062,596208,0.0,0.0
2017-03-06 00:00:00+05:30,947.762521426636,960.5852362042384,944.0458056563355,956.496826171875,559268,0.0,0.0
2017-03-07 00:00:00+05:30,957.5654154104865,959.4701642090897,948.2271215625143,951.4328002929688,429279,0.0,0.0
2017-03-08 00:00:00+05:30,951.4794011194942,961.4680764730437,943.1167891955924,950.132080078125,1164247,0.0,0.0
2017-03-09 00:00:00+05:30,955.6606342530181,967.0895817147867,952.4085076415591,958.0764770507812,827512,0.0,0.0
2017-03-10 00:00:00+05:30,951.5722691609396,963.7444923729666,951.5722691609396,957.2867431640625,579487,0.0,0.0
2017-03-14 00:00:00+05:30,975.4520366462625,1001.46904536767,966.9035228684204,995.5222778320312,1640301,0.0,0.0
2017-03-15 00:00:00+05:30,992.363082442457,999.3319243135417,985.951725236027,988.69287109375,619852,0.0,0.0
2017-03-16 00:00:00+05:30,995.3830832784275,1012.3406013832875,992.5955460557109,1010.5287475585938,1382416,0.0,0.0
2017-03-17 00:00:00+05:30,1013.0374371922233,1014.849290930179,998.8674569884339,1003.0022583007812,782439,0.0,0.0
2017-03-20 00:00:00+05:30,1005.1856802024179,1006.3006494023338,991.5731879756116,1003.2343139648438,423077,0.0,0.0
2017-03-21 00:00:00+05:30,1005.3251715283383,1008.1127085223724,988.1353600651278,993.0135498046875,1431610,0.0,0.0
2017-03-22 00:00:00+05:30,983.0712842868035,988.7857572538428,974.2905889796364,982.931884765625,661176,0.0,0.0
2017-03-23 00:00:00+05:30,984.9296572107784,994.221446429748,979.3545836793966,986.4163208007812,466635,0.0,0.0
2017-03-24 00:00:00+05:30,987.5315809062116,997.0091622415102,985.9055175008783,988.8788452148438,435183,0.0,0.0
2017-03-27 00:00:00+05:30,992.3632659783176,992.3632659783176,966.2997471899942,969.0408935546875,833514,0.0,0.0
2017-03-28 00:00:00+05:30,970.9919584874382,986.7414956019313,970.9919584874382,982.931884765625,452398,0.0,0.0
2017-03-29 00:00:00+05:30,986.7880855440792,1002.5841283446906,982.9319700577196,992.4560546875,1345902,0.0,0.0
2017-03-30 00:00:00+05:30,992.4560950728365,998.588653959941,986.788125698773,994.314453125,1171200,0.0,0.0
2017-03-31 00:00:00+05:30,994.2214455535704,1003.0486453038123,989.5755509481799,997.4735717773438,937954,0.0,0.0
2017-04-03 00:00:00+05:30,998.5886861011089,1020.6566886808432,992.8278213240493,1012.665771484375,790370,0.0,0.0
2017-04-05 00:00:00+05:30,1016.5218054294816,1017.1257944522933,993.1065404733855,1005.8827514648438,927397,0.0,0.0
2017-04-06 00:00:00+05:30,1002.0267821950711,1011.8760581476513,995.6154236044154,1009.9248046875,690411,0.0,0.0
2017-04-07 00:00:00+05:30,1000.7258246213786,1012.7122569049427,997.1020036856254,1006.25439453125,837821,0.0,0.0
2017-04-10 00:00:00+05:30,1002.0266449859627,1003.9313938593817,982.1886962446939,984.1863403320312,757492,0.0,0.0
2017-04-11 00:00:00+05:30,988.3674923152357,1000.4933216157216,981.7239543118677,996.5443115234375,731062,0.0,0.0
2017-04-12 00:00:00+05:30,999.331863945164,1005.2786313342849,987.8100233959583,994.6394653320312,719256,0.0,0.0
2017-04-13 00:00:00+05:30,994.6396914412295,1004.8142703264402,990.6442894899953,1001.933837890625,328677,0.0,0.0
2017-04-17 00:00:00+05:30,1003.0952905621874,1003.5133757653521,981.6311637292868,984.3258056640625,506747,0.0,0.0
2017-04-18 00:00:00+05:30,987.1598301132271,993.2458847413436,963.8374590045427,966.7642822265625,722855,0.0,0.0
2017-04-19 00:00:00+05:30,970.0628450866205,981.2129927312943,960.492256321542,974.6158447265625,398732,0.0,0.0
2017-04-20 00:00:00+05:30,981.2130117631597,987.4849699349412,968.6690954195966,983.8147583007812,493562,0.0,0.0
2017-04-21 00:00:00+05:30,990.4118509201968,995.6152302786176,979.5403893100267,989.99365234375,701515,0.0,0.0
2017-04-24 00:00:00+05:30,990.5977322798656,998.2634592083531,988.3676799429073,994.175048828125,363436,0.0,0.0
2017-04-25 00:00:00+05:30,998.588430148667,1023.9085529344541,994.2213350749394,1020.1454467773438,1060527,0.0,0.0
2017-04-26 00:00:00+05:30,1026.6500193864367,1042.5389594524124,1015.3604705362065,1026.417724609375,1870316,0.0,0.0
2017-04-27 00:00:00+05:30,1026.6499079807934,1030.9706130503198,1014.6634761000713,1027.0679931640625,666287,0.0,0.0
2017-04-28 00:00:00+05:30,1028.2294049501313,1045.2798160235523,1027.0679312608631,1041.0985107421875,1012065,0.0,0.0
2017-05-02 00:00:00+05:30,1043.5606884884382,1056.9408859049233,1022.0966808750908,1033.3397216796875,1031522,0.0,0.0
2017-05-03 00:00:00+05:30,1036.9635618652308,1044.350488105233,1034.176025408604,1039.658203125,476101,0.0,0.0
2017-05-04 00:00:00+05:30,1039.6583552127195,1054.6181136999949,1038.4503772014111,1052.3880615234375,878814,0.0,0.0
2017-05-05 00:00:00+05:30,1054.6181619924498,1077.8476369262041,1053.6889829950994,1065.58251953125,1518367,0.0,0.0
2017-05-08 00:00:00+05:30,1068.5560107042495,1089.9271309183346,1062.4234510669846,1084.67724609375,672001,0.0,0.0
2017-05-09 00:00:00+05:30,1089.4158780064843,1093.5042883096319,1077.9405399906782,1082.7723388671875,734416,0.0,0.0
2017-05-10 00:00:00+05:30,1084.4447734397422,1098.2895630361454,1066.8368769997128,1076.26806640625,1004939,0.0,0.0
2017-05-11 00:00:00+05:30,1076.918360706931,1095.4090437699338,1070.692907356774,1083.8406982421875,1003768,0.0,0.0
2017-05-12 00:00:00+05:30,1087.3254252463116,1095.5022473566246,1047.1849302552298,1052.7135009765625,2500503,0.0,0.0
2017-05-15 00:00:00+05:30,1061.9587239199113,1068.4629770554823,1054.618186981875,1066.7440185546875,729473,0.0,0.0
2017-05-16 00:00:00+05:30,1067.533809945267,1068.2770851139485,1049.6006093013505,1061.9122314453125,913600,0.0,0.0
2017-05-17 00:00:00+05:30,1062.0515086113503,1076.918371374064,1056.058349930196,1073.1551513671875,579709,0.0,0.0
2017-05-18 00:00:00+05:30,1065.9075527488283,1077.6616880218442,1059.263901209719,1069.81005859375,702003,0.0,0.0
2017-05-19 00:00:00+05:30,1059.1246658843309,1063.7241700129682,1020.9819357942633,1043.607421875,1732673,0.0,0.0
2017-05-22 00:00:00+05:30,1044.629404674781,1057.2662153485007,1025.8135314751685,1033.758056640625,1058940,0.0,0.0
2017-05-23 00:00:00+05:30,1040.634103468614,1046.766776361836,1014.1524987167032,1021.074951171875,1374392,0.0,0.0
2017-05-24 00:00:00+05:30,1017.4509081440993,1028.6475593983062,1003.9778139266662,1013.9199829101562,1551698,0.0,0.0
2017-05-25 00:00:00+05:30,1017.9622613882628,1045.3265419382599,1012.8517760721203,1034.3621826171875,1226634,0.0,0.0
2017-05-26 00:00:00+05:30,1045.279936358995,1067.4409476415956,1044.3972616236015,1052.248779296875,915210,0.0,0.0
2017-05-29 00:00:00+05:30,1045.3262472826834,1068.5557194445207,1045.3262472826834,1065.35009765625,460152,0.0,0.0
2017-05-30 00:00:00+05:30,1068.5556095072188,1083.515365355291,1065.7680731345913,1077.3363037109375,460978,0.0,0.0
2017-05-31 00:00:00+05:30,1076.918294748071,1082.4933678874052,1063.4917056409022,1069.670654296875,1488564,0.0,0.0
2017-06-01 00:00:00+05:30,1068.5556297511382,1079.7057754528894,1052.8524852028095,1078.2655029296875,578030,0.0,0.0
2017-06-02 00:00:00+05:30,1078.9627157946477,1091.6925374046627,1078.0335367030486,1081.84326171875,437401,0.0,0.0
2017-06-05 00:00:00+05:30,1082.4935861987356,1093.0862499847713,1077.3831014570248,1079.2879638671875,425935,0.0,0.0
2017-06-06 00:00:00+05:30,1079.8453990980418,1082.7723356373126,1060.239744854698,1071.4827880859375,787798,0.0,0.0
2017-06-07 00:00:00+05:30,1072.2726122773622,1085.2811188387861,1064.8391799565486,1079.241455078125,531046,0.0,0.0
2017-06-08 00:00:00+05:30,1091.599458732178,1091.599458732178,1059.4497768256115,1062.330322265625,1202971,0.0,0.0
2017-06-09 00:00:00+05:30,1063.9101278382207,1075.6177624551578,1051.9701984335456,1073.8988037109375,559008,0.0,0.0
2017-06-12 00:00:00+05:30,1072.6442069419402,1076.593217495554,1061.6798499171343,1069.2061767578125,649908,0.0,0.0
2017-06-13 00:00:00+05:30,1069.6708681728865,1072.5049096220969,1061.354761114005,1068.277099609375,855507,0.0,0.0
2017-06-14 00:00:00+05:30,1069.4848330075754,1071.2037911575271,1046.4876569720084,1068.1839599609375,931530,0.0,0.0
2017-06-15 00:00:00+05:30,1073.8435547455836,1075.7143623322484,1060.1398663362575,1066.6409912109375,1003963,7.65,0.0
2017-06-16 00:00:00+05:30,1068.8855967729592,1075.527053362385,1055.5560961123579,1071.4112548828125,1184164,0.0,0.0
2017-06-19 00:00:00+05:30,1074.7787180412229,1083.1973502974204,1064.4424627637773,1079.5960693359375,808994,0.0,0.0
2017-06-20 00:00:00+05:30,1080.4846379541764,1082.1215941972587,1070.569382975935,1075.1995849609375,804319,0.0,0.0
2017-06-21 00:00:00+05:30,1083.1974074691943,1085.4423990263406,1075.6206608757132,1080.765380859375,553929,0.0,0.0
2017-06-22 00:00:00+05:30,1082.26195560297,1095.3576058868434,1081.8877713292861,1087.4534912109375,651018,0.0,0.0
2017-06-23 00:00:00+05:30,1087.8744190510313,1089.2775244926277,1072.0660749053766,1079.12841796875,596082,0.0,0.0
2017-06-27 00:00:00+05:30,1082.2620118680993,1092.8788203489037,1057.0061135790424,1060.8880615234375,484244,0.0,0.0
2017-06-28 00:00:00+05:30,1052.3289301516581,1055.930210764511,1028.0084393214865,1037.5028076171875,930404,0.0,0.0
2017-06-29 00:00:00+05:30,1040.168784261302,1054.1530221526825,1028.9439412656764,1033.2000732421875,460382,0.0,0.0
2017-06-30 00:00:00+05:30,1028.8975235168675,1040.1691867269128,1013.3231391823523,1031.7037353515625,617697,0.0,0.0
2017-07-03 00:00:00+05:30,1035.4916461518076,1050.8789876315561,1032.8724707495126,1047.8857421875,512386,0.0,0.0
2017-07-04 00:00:00+05:30,1051.2066782689756,1053.6854066187523,1035.3048160567364,1036.9417724609375,549148,0.0,0.0
2017-07-05 00:00:00+05:30,1036.9417751491246,1061.683156334183,1036.9417751491246,1053.87255859375,837353,0.0,0.0
2017-07-06 00:00:00+05:30,1061.683089345461,1070.1017217719889,1054.994930747384,1059.0172119140625,532283,0.0,0.0
2017-07-07 00:00:00+05:30,1061.6831838328974,1062.05736814438,1040.2157149086984,1043.39599609375,364301,0.0,0.0
2017-07-10 00:00:00+05:30,1047.8859617300504,1085.9568454400317,1043.957311988511,1054.9014892578125,70264,0.0,0.0
2017-07-11 00:00:00+05:30,1052.3289705128605,1061.683005806308,1050.0839792054328,1058.6429443359375,532133,0.0,0.0
2017-07-12 00:00:00+05:30,1062.6185150210988,1063.92810292943,1051.4871890778013,1060.467041015625,373345,0.0,0.0
2017-07-13 00:00:00+05:30,1066.1731937193224,1070.335694552421,1048.8214092347846,1052.796875,764694,0.0,0.0
2017-07-14 00:00:00+05:30,1055.3692633861924,1056.0240003262925,1040.2157685622137,1045.17333984375,872831,0.0,0.0
2017-07-17 00:00:00+05:30,1048.2133151009698,1055.790061884971,1043.2089283734826,1052.75,1260921,0.0,0.0
2017-07-18 00:00:00+05:30,1045.7811726181358,1075.7140863245581,1044.84576906481,1072.53369140625,648737,0.0,0.0
2017-07-19 00:00:00+05:30,1080.3442712048434,1083.1972976715024,1072.019271059515,1081.1861572265625,964588,0.0,0.0
2017-07-20 00:00:00+05:30,1082.1685338422935,1083.0571216590415,1060.7009510019786,1080.90576171875,1287749,0.0,0.0
2017-07-21 00:00:00+05:30,1081.326770544869,1096.7609329272136,1073.843540298884,1081.4202880859375,2017663,0.0,0.0
2017-07-24 00:00:00+05:30,1077.2108254352224,1084.600537141061,1066.3601658825437,1081.0927734375,2063340,0.0,0.0
2017-07-25 00:00:00+05:30,1085.115074295946,1089.745276793723,1066.3601850170337,1075.8077392578125,2963793,0.0,0.0
2017-07-26 00:00:00+05:30,1060.74755859375,1070.8499619686413,1053.2643306671628,1060.74755859375,1973462,0.0,0.0
2017-07-27 00:00:00+05:30,1063.133343293711,1078.5206917034056,1062.665641345878,1074.592041015625,1033335,0.0,0.0
2017-07-28 00:00:00+05:30,1073.8434032388088,1082.168518661897,1065.4247702865882,1078.7542724609375,616845,0.0,0.0
2017-07-31 00:00:00+05:30,1079.5957326385358,1088.8094322306408,1072.0656904615773,1086.657958984375,777721,0.0,0.0
2017-08-01 00:00:00+05:30,1086.9391347317378,1087.8745384621436,1066.8279545280093,1074.030517578125,1176561,0.0,0.0
2017-08-02 00:00:00+05:30,1075.7141779895014,1077.58498525557,1061.6831234939862,1070.5694580078125,848781,0.0,0.0
2017-08-03 00:00:00+05:30,1069.166433464542,1074.6853381540757,1054.2934917368234,1072.066162109375,997619,0.0,0.0
2017-08-04 00:00:00+05:30,1070.1015686556614,1085.0212083138822,1066.9679898711597,1082.54248046875,529318,0.0,0.0
2017-08-07 00:00:00+05:30,1085.0679995281344,1085.769552114036,1068.6049216826366,1075.3865966796875,576280,0.0,0.0
2017-08-08 00:00:00+05:30,1071.9724575493524,1077.1171770227568,1065.5181502820808,1073.2352294921875,600256,0.0,0.0
2017-08-09 00:00:00+05:30,1073.6563832415343,1084.0393411912526,1066.453706437031,1080.90576171875,530763,0.0,0.0
2017-08-10 00:00:00+05:30,1079.455979976693,1085.349069562191,1071.9727496129033,1076.7432861328125,649594,0.0,0.0
2017-08-11 00:00:00+05:30,1062.2913415506446,1074.5451084157016,1048.7746882155923,1070.0084228515625,843233,0.0,0.0
2017-08-14 00:00:00+05:30,1075.1996782714925,1088.529180264814,1071.0371777089879,1079.455810546875,511994,0.0,0.0
2017-08-16 00:00:00+05:30,1079.7831203156486,1080.6718222445907,1056.0706619477128,1067.576171875,857454,0.0,0.0
2017-08-17 00:00:00+05:30,1067.5760117014602,1068.9791168876875,1058.876713872854,1061.6361083984375,494638,0.0,0.0
2017-08-18 00:00:00+05:30,1058.8303051603468,1068.6520452405277,1050.4584866707785,1066.3603515625,357491,0.0,0.0
2017-08-21 00:00:00+05:30,1068.04376411805,1068.04376411805,1055.6028518690764,1061.16845703125,456594,0.0,0.0
2017-08-22 00:00:00+05:30,1066.453525356809,1068.7920341459367,1053.2175427733462,1056.491455078125,568911,0.0,0.0
2017-08-23 00:00:00+05:30,1058.6898376956349,1070.5694177140454,1042.0396079802942,1067.576171875,513036,0.0,0.0
2017-08-24 00:00:00+05:30,1066.734245469134,1071.0370790194602,1057.9414291449864,1062.2442626953125,483362,0.0,0.0
2017-08-28 00:00:00+05:30,1058.4090423061964,1084.834190733196,1053.3578406548327,1081.23291015625,751938,0.0,0.0
2017-08-29 00:00:00+05:30,1080.3914438002757,1080.3914438002757,1065.7056490693876,1077.3045654296875,578071,0.0,0.0
2017-08-30 00:00:00+05:30,1075.6208031027122,1085.3957266901814,1070.382564900073,1078.847900390625,674280,0.0,0.0
2017-08-31 00:00:00+05:30,1072.29976987173,1098.1636992541964,1070.3822612247457,1093.0657958984375,1131097,0.0,0.0
2017-09-01 00:00:00+05:30,1098.3511355788603,1140.2572729920419,1090.6808698184748,1137.3575439453125,1523879,0.0,0.0
2017-09-04 00:00:00+05:30,1137.3574353972197,1137.3574353972197,1115.0012630740812,1119.72509765625,682612,0.0,0.0
2017-09-05 00:00:00+05:30,1123.6535369022504,1144.0453803739376,1122.8584667058556,1128.424072265625,714964,0.0,0.0
2017-09-06 00:00:00+05:30,1120.940878474157,1135.065449962518,1120.6135100519616,1128.1435546875,370400,0.0,0.0
2017-09-07 00:00:00+05:30,1139.3214705548978,1140.0698390338594,1116.8249705567232,1121.221435546875,832839,0.0,0.0
2017-09-08 00:00:00+05:30,1117.807382073047,1128.096822410121,1113.1303637380133,1126.17919921875,477517,0.0,0.0
2017-09-11 00:00:00+05:30,1128.0969242482774,1160.836055549015,1122.110317401994,1158.07666015625,843302,0.0,0.0
2017-09-12 00:00:00+05:30,1161.7713165900684,1178.5617661920626,1156.2057106266257,1175.1943359375,1461215,0.0,0.0
2017-09-13 00:00:00+05:30,1169.3013790851567,1180.4794070356158,1168.3191595780381,1173.884765625,913364,0.0,0.0
2017-09-14 00:00:00+05:30,1176.7375964008143,1180.479210379831,1160.8357369899925,1165.5595703125,754072,0.0,0.0
2017-09-15 00:00:00+05:30,1151.0139916296323,1168.9269912563166,1146.9917109584721,1165.0450439453125,912016,0.0,0.0
2017-09-18 00:00:00+05:30,1169.2547057745253,1179.544147185341,1168.1322669309936,1174.8203125,419287,0.0,0.0
2017-09-19 00:00:00+05:30,1180.4792737610492,1180.4792737610492,1168.5060627113417,1172.34130859375,464997,0.0,0.0
2017-09-20 00:00:00+05:30,1175.33433279446,1175.7085169789436,1155.223160367018,1157.3746337890625,473176,0.0,0.0
2017-09-21 00:00:00+05:30,1158.0295821135157,1166.6820648554785,1145.8225202467997,1149.7044677734375,772766,0.0,0.0
2017-09-22 00:00:00+05:30,1139.3685234770833,1150.7335870942209,1127.067941974088,1134.8785400390625,896125,0.0,0.0
2017-09-25 00:00:00+05:30,1127.3019718725104,1135.0657553110316,1115.0013884166442,1119.631591796875,917093,0.0,0.0
2017-09-26 00:00:00+05:30,1110.3243119143951,1112.8966723674403,1088.8100244889267,1098.1640625,740276,0.0,0.0
2017-09-27 00:00:00+05:30,1097.322125768867,1102.4201447614307,1078.3801996677087,1085.068359375,786410,0.0,0.0
2017-09-28 00:00:00+05:30,1080.3909447594026,1089.7449789131638,1050.4580354673672,1057.005859375,2353175,0.0,0.0
2017-09-29 00:00:00+05:30,1057.0062947597457,1070.9905359057834,1054.2000833577285,1058.596435546875,791548,0.0,0.0
2017-10-03 00:00:00+05:30,1067.5765117981266,1085.0685189730707,1062.151123529243,1074.592041015625,834092,0.0,0.0
2017-10-04 00:00:00+05:30,1079.4557476228526,1091.7095118689178,1073.4224401147353,1079.5025634765625,626750,0.0,0.0
2017-10-05 00:00:00+05:30,1075.3868421170528,1086.4713526671396,1073.4692189372622,1078.7542724609375,327057,0.0,0.0
2017-10-06 00:00:00+05:30,1080.3910068158118,1094.141392137652,1078.5201998776026,1082.54248046875,344962,0.0,0.0
2017-10-09 00:00:00+05:30,1094.23513333526,1094.23513333526,1078.3332727691447,1083.758544921875,363972,0.0,0.0
2017-10-10 00:00:00+05:30,1081.3266857668743,1091.5693106890135,1079.4558783520529,1087.87451171875,316767,0.0,0.0
2017-10-11 00:00:00+05:30,1094.422088142845,1099.8006582341454,1080.3910357307575,1085.6292724609375,602214,0.0,0.0
2017-10-12 00:00:00+05:30,1081.7942048733314,1086.9389243949945,1072.019283456173,1083.9456787109375,658884,0.0,0.0
2017-10-13 00:00:00+05:30,1083.9456443024462,1101.0634602019577,1079.595995098841,1098.3975830078125,417081,0.0,0.0
2017-10-16 00:00:00+05:30,1104.711638985027,1108.4532533423007,1090.6805851452511,1095.4044189453125,689380,0.0,0.0
2017-10-17 00:00:00+05:30,1094.422369288715,1122.484481321759,1094.422369288715,1119.818603515625,979278,0.0,0.0
2017-10-18 00:00:00+05:30,1120.4263263515813,1120.4263263515813,1094.422064111515,1103.44873046875,523048,0.0,0.0
2017-10-19 00:00:00+05:30,1099.0990128515127,1106.8160910268532,1095.497732540018,1102.3729248046875,77085,0.0,0.0
2017-10-23 00:00:00+05:30,1107.9387881337366,1114.8607978593184,1084.1328113328323,1098.30419921875,698954,0.0,0.0
2017-10-24 00:00:00+05:30,1099.09894163474,1154.2877395551227,1099.09894163474,1143.90478515625,2345084,0.0,0.0
2017-10-25 00:00:00+05:30,1143.905211988603,1152.464178713691,1117.8074258207214,1124.0745849609375,1015698,0.0,0.0
2017-10-26 00:00:00+05:30,1116.8719321911547,1125.89860004126,1104.4310182607487,1114.2060546875,808543,0.0,0.0
2017-10-27 00:00:00+05:30,1116.7785952754878,1117.8075165960176,1102.4668717739278,1108.0325927734375,346755,0.0,0.0
2017-10-30 00:00:00+05:30,1108.453192016475,1121.3618065088956,1103.3552884107376,1106.1614990234375,280643,0.0,0.0
2017-10-31 00:00:00+05:30,1108.1300326675193,1114.55191394486,1102.6456556479347,1107.0518798828125,279632,2.65,0.0
2017-11-01 00:00:00+05:30,1110.9425895287864,1114.2707755524748,1100.6300422842153,1102.4581298828125,260543,0.0,0.0
2017-11-02 00:00:00+05:30,1102.8802401535545,1108.0833211026045,1093.1301711418703,1104.7552490234375,245949,0.0,0.0
2017-11-03 00:00:00+05:30,1108.552046072104,1109.161446828129,1094.348945785016,1099.177001953125,258595,0.0,0.0
2017-11-06 00:00:00+05:30,1095.0051748739836,1099.7864245814599,1082.8176172769272,1089.708251953125,314729,0.0,0.0
2017-11-07 00:00:00+05:30,1085.6301238894216,1091.8645512024668,1061.7237610576597,1070.1143798828125,758497,0.0,0.0
2017-11-08 00:00:00+05:30,1075.411527992074,1105.692973030663,1073.4897121836786,1098.94287109375,691775,0.0,0.0
2017-11-09 00:00:00+05:30,1104.2394254980522,1123.5519913407213,1100.255032191908,1120.880126953125,884722,0.0,0.0
2017-11-10 00:00:00+05:30,1120.2241177103924,1120.2241177103924,1087.505188713395,1104.9427490234375,1130647,0.0,0.0
2017-11-13 00:00:00+05:30,1110.0052125724271,1115.161486786235,1095.8019979861022,1101.520751953125,363501,0.0,0.0
2017-11-14 00:00:00+05:30,1101.5208721153974,1102.5052976220043,1080.3802141974752,1082.8646240234375,547558,0.0,0.0
2017-11-15 00:00:00+05:30,1082.8175863273816,1115.6302404585144,1079.1144897091647,1107.7083740234375,829732,0.0,0.0
2017-11-16 00:00:00+05:30,1109.0677184655415,1114.6927449328223,1101.5676831758335,1105.8333740234375,429230,0.0,0.0
2017-11-17 00:00:00+05:30,1111.8801449461141,1119.286452105124,1093.1300581847968,1098.098876953125,454013,0.0,0.0
2017-11-20 00:00:00+05:30,1099.6926792034822,1102.9270236598509,1087.1770181468746,1093.458251953125,255840,0.0,0.0
2017-11-21 00:00:00+05:30,1095.5677175790606,1101.5677691675,1083.7551839639405,1087.7864990234375,421268,0.0,0.0
2017-11-22 00:00:00+05:30,1089.848780118143,1102.97384069591,1082.8174976657679,1100.911376953125,731572,0.0,0.0
2017-11-23 00:00:00+05:30,1102.036222965915,1104.2862560074286,1084.739315689557,1087.1298828125,482632,0.0,0.0
2017-11-24 00:00:00+05:30,1091.254924315036,1091.254924315036,1076.3955051497205,1087.1298828125,406704,0.0,0.0
2017-11-27 00:00:00+05:30,1085.6302558315094,1087.5052649089387,1074.4739289325112,1084.2239990234375,373156,0.0,0.0
2017-11-28 00:00:00+05:30,1085.1614385095038,1101.4740393935335,1078.2708034513219,1097.8177490234375,445227,0.0,0.0
2017-11-29 00:00:00+05:30,1093.1303274247782,1102.8334768253737,1076.489621325473,1081.7396240234375,516698,0.0,0.0
2017-11-30 00:00:00+05:30,1078.3646400440018,1085.6303005181082,1070.0208264177002,1075.0833740234375,1433116,0.0,0.0
2017-12-01 00:00:00+05:30,1075.5050184805837,1081.8800942754272,1059.6143644322372,1062.8956298828125,397188,0.0,0.0
2017-12-04 00:00:00+05:30,1073.86456799991,1073.86456799991,1047.1926086589124,1050.942626953125,455769,0.0,0.0
2017-12-05 00:00:00+05:30,1051.8800363036014,1053.8956938425654,1038.8018944630442,1045.3175048828125,702853,0.0,0.0
2017-12-06 00:00:00+05:30,1045.1298746725406,1045.270408769127,1030.317260456281,1035.3328857421875,723473,0.0,0.0
2017-12-07 00:00:00+05:30,1038.7550599071458,1079.0677562753835,1037.676906767142,1072.8802490234375,986078,0.0,0.0
2017-12-08 00:00:00+05:30,1073.3957488447074,1081.4114582258298,1059.4738296830199,1064.536376953125,593327,0.0,0.0
2017-12-11 00:00:00+05:30,1070.6302237144398,1071.2864311397757,1053.1926615229727,1055.489501953125,551772,0.0,0.0
2017-12-12 00:00:00+05:30,1061.1142748835175,1061.1142748835175,1032.1922885954498,1047.5673828125,1060836,0.0,0.0
2017-12-13 00:00:00+05:30,1048.0363602083871,1066.4114265154353,1040.6300513689082,1046.770751953125,646677,0.0,0.0
2017-12-14 00:00:00+05:30,1051.880044140679,1058.9582488595672,1045.6925373575566,1053.2393798828125,543059,0.0,0.0
2017-12-15 00:00:00+05:30,1058.4424739671708,1063.7862033027345,1046.2549166938552,1048.7861328125,897594,0.0,0.0
2017-12-18 00:00:00+05:30,1050.0051473168523,1068.7083182268423,1040.6301013586663,1066.0833740234375,622558,0.0,0.0
2017-12-19 00:00:00+05:30,1077.1927241069188,1077.6614763802465,1060.2707212632017,1066.598876953125,459494,0.0,0.0
2017-12-20 00:00:00+05:30,1066.4113859834256,1070.5832352992566,1054.6925795440472,1064.536376953125,458160,0.0,0.0
2017-12-21 00:00:00+05:30,1069.6454521740613,1072.5048859770618,1059.7548507803078,1066.7861328125,460388,0.0,0.0
2017-12-22 00:00:00+05:30,1065.9423785218037,1071.0986521206337,1061.7236092136698,1066.8798828125,377780,0.0,0.0
2017-12-26 00:00:00+05:30,1070.6300879691235,1083.3801256731078,1068.9425341729725,1078.833251953125,820589,0.0,0.0
2017-12-27 00:00:00+05:30,1078.1299632062744,1084.6924934170952,1070.6299286796223,1077.2393798828125,611258,0.0,0.0
2017-12-28 00:00:00+05:30,1074.3802334418674,1082.208373685544,1067.208300618293,1072.8802490234375,536350,0.0,0.0
2017-12-29 00:00:00+05:30,1073.5364154213632,1099.2240624557448,1070.6770952670647,1086.0989990234375,965848,0.0,0.0
2018-01-01 00:00:00+05:30,1090.317690423119,1092.1926993490401,1066.973806407109,1072.177001953125,591349,0.0,0.0
2018-01-02 00:00:00+05:30,1074.380141534265,1078.1301594802833,1063.1770086971212,1071.333251953125,516171,0.0,0.0
2018-01-03 00:00:00+05:30,1077.1926358004137,1077.1926358004137,1064.3488703407365,1070.536376953125,593809,0.0,0.0
2018-01-04 00:00:00+05:30,1077.1926009177378,1104.3802296615277,1074.2863600437627,1098.8021240234375,729965,0.0,0.0
2018-01-05 00:00:00+05:30,1104.3800955923064,1117.5051561511284,1094.4893791803302,1111.177001953125,1151320,0.0,0.0
2018-01-08 00:00:00+05:30,1115.6302845498228,1116.4271404362094,1100.1614612766532,1108.1302490234375,928875,0.0,0.0
2018-01-09 00:00:00+05:30,1109.1612659114073,1122.3800530747433,1101.6612318395644,1118.489501953125,699621,0.0,0.0
2018-01-10 00:00:00+05:30,1111.8805102319159,1114.7867517464174,1097.9116681172652,1103.8179931640625,1102382,0.0,0.0
2018-01-11 00:00:00+05:30,1106.1615273855766,1115.5833784767788,1096.8802104092065,1114.6458740234375,475476,0.0,0.0
2018-01-12 00:00:00+05:30,1112.817782783581,1118.0209782606278,1102.5052338277094,1115.3489990234375,390841,0.0,0.0
2018-01-15 00:00:00+05:30,1115.3025213477829,1132.6931653684853,1108.5524186485832,1128.8026123046875,723833,0.0,0.0
2018-01-16 00:00:00+05:30,1128.802113716986,1128.802113716986,1110.005106466877,1114.458251953125,557253,0.0,0.0
2018-01-17 00:00:00+05:30,1112.6305069595107,1121.6305282466074,1104.7554454177462,1119.1461181640625,506648,0.0,0.0
2018-01-18 00:00:00+05:30,1120.3179016049075,1128.849169850174,1107.1928383225068,1113.98974609375,500762,0.0,0.0
2018-01-19 00:00:00+05:30,1109.161544753421,1120.3178711282635,1104.286567157734,1115.53662109375,722692,0.0,0.0
2018-01-22 00:00:00+05:30,1117.5055679009886,1119.0992800651916,1091.3491646901762,1102.5054931640625,942542,0.0,0.0
2018-01-23 00:00:00+05:30,1102.505621505243,1104.2399824602971,1083.9429810808501,1096.786865234375,1841634,0.0,0.0
2018-01-24 00:00:00+05:30,1096.8801648291164,1098.4270700011411,1073.489475466822,1079.114501953125,1122469,0.0,0.0
2018-01-25 00:00:00+05:30,1076.255161713859,1088.8177448521226,1071.98947047926,1078.552001953125,1563047,0.0,0.0
2018-01-29 00:00:00+05:30,1081.8799675001912,1091.4893866222683,1075.8799170625082,1080.0518798828125,1538762,0.0,0.0
2018-01-30 00:00:00+05:30,1079.0674101829202,1080.0049144489349,1053.2391218776397,1056.2860107421875,1404578,0.0,0.0
2018-01-31 00:00:00+05:30,1057.5049577876703,1068.5675554276336,1053.7549402068628,1057.7862548828125,961596,0.0,0.0
2018-02-01 00:00:00+05:30,1055.629768470837,1085.0205033459254,1055.629768470837,1080.9423828125,1103162,0.0,0.0
2018-02-02 00:00:00+05:30,1076.2549030608977,1076.2549030608977,1053.7078795677587,1066.7861328125,872105,0.0,0.0
2018-02-05 00:00:00+05:30,1051.1299248053422,1068.7550539273952,1044.661235768949,1063.2237548828125,1263378,0.0,0.0
2018-02-06 00:00:00+05:30,1040.6300037558403,1056.567580389939,1021.9736411605727,1040.8643798828125,1055719,0.0,0.0
2018-02-07 00:00:00+05:30,1045.3176218206977,1054.88012289843,1037.3957537816973,1051.036376953125,854461,0.0,0.0
2018-02-08 00:00:00+05:30,1057.5050990321906,1060.59890972616,1040.6300176646555,1053.802001953125,1185917,0.0,0.0
2018-02-09 00:00:00+05:30,1032.1923732044895,1070.8644307836769,1032.1923732044895,1060.0831298828125,666922,0.0,0.0
2018-02-12 00:00:00+05:30,1066.880196908242,1078.1302517086804,1064.9114602064603,1072.8802490234375,646362,0.0,0.0
2018-02-14 00:00:00+05:30,1072.5054935657915,1072.5054935657915,1056.5679119306355,1067.9586181640625,691596,0.0,0.0
2018-02-15 00:00:00+05:30,1064.0675486577265,1068.661343341986,1052.8174952798474,1064.4893798828125,471072,0.0,0.0
2018-02-16 00:00:00+05:30,1065.473745464317,1075.317541616869,1059.3799668936897,1072.3643798828125,734476,0.0,0.0
2018-02-19 00:00:00+05:30,1073.4426383923917,1074.192687759121,1042.0831590561172,1050.3331298828125,443677,0.0,0.0
2018-02-20 00:00:00+05:30,1053.7081721865388,1065.0051475653834,1043.2081672124827,1056.005126953125,662281,0.0,0.0
2018-02-21 00:00:00+05:30,1061.5831758467762,1062.4269527677106,1045.317495994703,1056.7550048828125,720563,0.0,0.0
2018-02-22 00:00:00+05:30,1052.5360075343397,1056.0048420291232,1032.1922104705784,1048.2235107421875,1559398,0.0,0.0
2018-02-23 00:00:00+05:30,1047.239696041512,1047.239696041512,1030.2239624398983,1032.9427490234375,1140118,0.0,0.0
2018-02-26 00:00:00+05:30,1040.6299824474213,1040.6299824474213,1026.9424398008205,1035.7550048828125,1170283,0.0,0.0
2018-02-27 00:00:00+05:30,1035.7554127972478,1043.4429068555178,1030.2709178252564,1040.95849609375,610498,0.0,0.0
2018-02-28 00:00:00+05:30,1035.004822746589,1053.7549101151867,1030.5516769965473,1047.8955078125,1006756,0.0,0.0
2018-03-01 00:00:00+05:30,1050.0051090826792,1053.9425824651494,1038.7550543425075,1048.973876953125,736217,0.0,0.0
2018-03-05 00:00:00+05:30,1040.8642002068004,1045.1766973103606,1031.2547806597438,1036.8328857421875,529677,0.0,0.0
2018-03-06 00:00:00+05:30,1043.067431798256,1043.067431798256,1031.2548985755914,1032.7548828125,702294,0.0,0.0
2018-03-07 00:00:00+05:30,1036.5984583012162,1040.582851574555,1026.8015841468782,1038.0516357421875,669686,0.0,0.0
2018-03-08 00:00:00+05:30,1045.1302578439975,1059.3802831325477,1038.3801555166667,1057.1302490234375,751329,0.0,0.0
2018-03-09 00:00:00+05:30,1062.1923001535094,1068.754829810239,1054.129786606386,1058.5360107421875,1158526,0.0,0.0
2018-03-12 00:00:00+05:30,1060.411352252386,1063.130138280905,1050.0050748453382,1060.786376953125,527293,0.0,0.0
2018-03-13 00:00:00+05:30,1054.88008856819,1071.5677155670846,1054.88008856819,1069.0364990234375,711550,0.0,0.0
2018-03-14 00:00:00+05:30,1068.7080970916343,1072.9268668998777,1060.4112060237135,1065.9425048828125,1360578,0.0,0.0
2018-03-15 00:00:00+05:30,1061.3958417699473,1091.0209638506578,1061.3958417699473,1088.25537109375,1146702,0.0,0.0
2018-03-16 00:00:00+05:30,1087.4116955935172,1087.4116955935172,1048.5052515748375,1052.5833740234375,1946844,0.0,0.0
2018-03-19 00:00:00+05:30,1051.083190654558,1053.7550555851415,1029.2862110795095,1033.6456298828125,855444,0.0,0.0
2018-03-20 00:00:00+05:30,1033.1301061024346,1047.1926756047362,1023.8957083508865,1037.348876953125,720303,0.0,0.0
2018-03-21 00:00:00+05:30,1037.3484775696156,1046.254768158781,1031.2546997980814,1034.5828857421875,612237,0.0,0.0
2018-03-22 00:00:00+05:30,1033.5988784438334,1040.6301633312064,1031.255116814709,1037.911376953125,478426,0.0,0.0
2018-03-23 00:00:00+05:30,1026.426874522506,1050.0051377815207,1024.739434930244,1043.114501953125,828523,0.0,0.0
2018-03-26 00:00:00+05:30,1042.5050559422914,1049.0675877692663,1032.1925059284738,1047.708251953125,479675,0.0,0.0
2018-03-27 00:00:00+05:30,1049.0674739862666,1066.8800584417975,1046.629985317486,1060.4112548828125,672158,0.0,0.0
2018-03-28 00:00:00+05:30,1060.177003782281,1060.177003782281,1045.3175794647318,1050.380126953125,699839,0.0,0.0
2018-04-02 00:00:00+05:30,1050.3797571047703,1081.8329552044254,1042.0359466098014,1078.2705078125,428944,0.0,0.0
2018-04-03 00:00:00+05:30,1073.4895391047821,1084.4113746266503,1067.7706702848525,1080.098876953125,561118,0.0,0.0
2018-04-04 00:00:00+05:30,1084.5988698503736,1085.3488047100657,1055.6299608257455,1065.0050048828125,607619,0.0,0.0
2018-04-05 00:00:00+05:30,1079.81756656693,1084.5050883623387,1066.4581294500151,1071.4737548828125,549137,0.0,0.0
2018-04-06 00:00:00+05:30,1071.474019157545,1080.755337489944,1064.067710005773,1072.0364990234375,395626,0.0,0.0
2018-04-09 00:00:00+05:30,1073.442737847019,1098.2866090722994,1068.7082939690072,1085.1146240234375,837112,0.0,0.0
2018-04-10 00:00:00+05:30,1086.5676369255862,1094.7238797091861,1080.8488827774277,1084.458251953125,546269,0.0,0.0
2018-04-11 00:00:00+05:30,1084.692777156962,1086.1927615663776,1069.8801593154801,1083.6146240234375,419140,0.0,0.0
2018-04-12 00:00:00+05:30,1077.6613530319262,1096.7864664829422,1073.3488554992118,1092.380126953125,360744,0.0,0.0
2018-04-13 00:00:00+05:30,1096.880084556435,1103.301966436702,1085.4893838669823,1089.5675048828125,639579,0.0,0.0
2018-04-16 00:00:00+05:30,1087.5053077314099,1114.22418813688,1082.8177848532573,1105.17724609375,550645,0.0,0.0
2018-04-17 00:00:00+05:30,1106.255511848294,1113.1930693024199,1095.9429604666573,1102.5054931640625,432543,0.0,0.0
2018-04-18 00:00:00+05:30,1105.3177329847654,1110.9427596157311,1095.005184161328,1099.0364990234375,465763,0.0,0.0
2018-04-19 00:00:00+05:30,1098.755157758852,1112.8177237711238,1089.9425935028705,1092.192626953125,620949,0.0,0.0
2018-04-20 00:00:00+05:30,1092.1926749387596,1093.0832583820827,1070.8644488830885,1086.895751953125,727517,0.0,0.0
2018-04-23 00:00:00+05:30,1088.3489877295149,1107.5678298168996,1073.8176681024677,1105.0364990234375,554353,0.0,0.0
2018-04-24 00:00:00+05:30,1103.9114324102788,1108.5520334196253,1089.286386639886,1096.973876953125,484112,0.0,0.0
2018-04-25 00:00:00+05:30,1094.0677209183407,1095.7552747477566,1083.802092706875,1090.3646240234375,280574,0.0,0.0
2018-04-26 00:00:00+05:30,1091.255209879193,1103.4896890655068,1077.7083159798729,1083.473876953125,1638937,0.0,0.0
2018-04-27 00:00:00+05:30,1092.4270739633914,1124.1615771026989,1091.4895695017194,1107.7552490234375,803227,0.0,0.0
2018-04-30 00:00:00+05:30,1115.3490670016772,1131.567940761003,1108.505352760547,1126.59912109375,505974,0.0,0.0
2018-05-02 00:00:00+05:30,1125.239724117909,1153.6929614895444,1122.5678593046923,1145.9117431640625,2011978,0.0,0.0
2018-05-03 00:00:00+05:30,1144.0368506206794,1153.130598998796,1125.9429669898811,1131.3336181640625,641515,0.0,0.0
2018-05-04 00:00:00+05:30,1136.2557634888497,1136.2557634888497,1104.4743293940548,1116.052490234375,743905,0.0,0.0
2018-05-07 00:00:00+05:30,1117.505507804464,1144.5056866555271,1106.255452356768,1139.302490234375,728801,0.0,0.0
2018-05-08 00:00:00+05:30,1142.8180114192594,1147.5055340255728,1129.6929481215811,1134.2867431640625,627060,0.0,0.0
2018-05-09 00:00:00+05:30,1122.7554329070867,1152.2868264087188,1122.7554329070867,1146.146240234375,729538,0.0,0.0
2018-05-10 00:00:00+05:30,1155.0054804830845,1160.6305071737488,1132.036621496205,1141.59912109375,1904962,0.0,0.0
2018-05-11 00:00:00+05:30,1159.6929434067035,1211.1619578819211,1152.9897640549057,1206.052490234375,4723019,0.0,0.0
2018-05-14 00:00:00+05:30,1204.6930844510919,1223.4431713686186,1189.3179902904303,1216.271240234375,1553283,0.0,0.0
2018-05-15 00:00:00+05:30,1210.318471239403,1240.7404505532193,1208.256006840375,1232.490478515625,1368261,0.0,0.0
2018-05-16 00:00:00+05:30,1223.5839702865635,1248.7559421786743,1219.5526553272696,1240.974609375,736281,0.0,0.0
2018-05-17 00:00:00+05:30,1231.084069725559,1246.880997824744,1222.084049321283,1227.615234375,751423,0.0,0.0
2018-05-18 00:00:00+05:30,1223.4433672018938,1234.1309413439049,1207.130766084242,1226.583984375,939743,0.0,0.0
2018-05-21 00:00:00+05:30,1223.4431753624458,1232.5369217705527,1210.177465936701,1220.349365234375,692442,0.0,0.0
2018-05-22 00:00:00+05:30,1216.8808101025672,1220.6308280073517,1199.068225054841,1206.4276123046875,708573,0.0,0.0
2018-05-23 00:00:00+05:30,1200.9431487057216,1211.3963457611235,1190.255575547918,1198.693115234375,509522,0.0,0.0
2018-05-24 00:00:00+05:30,1197.286793319545,1221.4744515447683,1184.068004753344,1212.755615234375,774173,0.0,0.0
2018-05-25 00:00:00+05:30,1218.755794290149,1228.1308388616117,1200.0057051472236,1211.5838623046875,773652,0.0,0.0
2018-05-28 00:00:00+05:30,1213.5996300997497,1248.6623228727337,1210.8340374763432,1239.2403564453125,657272,0.0,0.0
2018-05-29 00:00:00+05:30,1243.130854302436,1246.8808719624735,1208.443190947089,1218.2869873046875,769331,0.0,0.0
2018-05-30 00:00:00+05:30,1209.3809864670218,1219.6466165057877,1203.1465577182553,1212.9903564453125,478025,0.0,0.0
2018-05-31 00:00:00+05:30,1218.9431491486475,1229.724449519083,1206.5681371087287,1223.1151123046875,1400776,0.0,0.0
2018-06-01 00:00:00+05:30,1225.3183763181055,1228.1308898062111,1210.1308492589208,1212.240234375,368820,0.0,0.0
2018-06-04 00:00:00+05:30,1214.0683305813775,1216.4120918373262,1185.9431955099944,1204.1776123046875,939794,0.0,0.0
2018-06-05 00:00:00+05:30,1196.4901471783076,1212.474645068032,1191.1464171751375,1194.0057373046875,524237,0.0,0.0
2018-06-06 00:00:00+05:30,1191.4743780703536,1191.4743780703536,1167.2399119497093,1183.880615234375,1211557,0.0,0.0
2018-06-07 00:00:00+05:30,1190.7713684817427,1215.9433415224214,1177.5056568636555,1210.130859375,701247,0.0,0.0
2018-06-08 00:00:00+05:30,1195.3181211490005,1208.0213516640686,1192.5056079227677,1198.927490234375,442333,0.0,0.0
2018-06-11 00:00:00+05:30,1199.068050796011,1214.911897029455,1195.505488527622,1203.099365234375,373098,0.0,0.0
2018-06-12 00:00:00+05:30,1198.6462915621366,1211.2556799146978,1195.5055602816399,1207.224365234375,401090,0.0,0.0
2018-06-13 00:00:00+05:30,1209.3808528201573,1211.9589902970995,1201.833895520156,1206.005859375,566241,0.0,0.0
2018-06-14 00:00:00+05:30,1206.0998008188799,1214.765665888238,1196.2566327860877,1211.4217529296875,507824,6.05,0.0
2018-06-15 00:00:00+05:30,1210.2917053162073,1211.9400907501397,1194.4671591575604,1207.7484130859375,1048699,0.0,0.0
2018-06-18 00:00:00+05:30,1214.5304961175596,1214.7659797675365,1197.1988764828059,1207.6072998046875,512049,0.0,0.0
2018-06-19 00:00:00+05:30,1199.0824483427693,1212.8818098060021,1191.5469734121,1195.5030517578125,572488,0.0,0.0
2018-06-20 00:00:00+05:30,1200.9665571717867,1200.9665571717867,1186.8375388521185,1197.4814453125,484907,0.0,0.0
2018-06-21 00:00:00+05:30,1198.140527577564,1205.581832152517,1173.650233774878,1180.2437744140625,1179247,0.0,0.0
2018-06-22 00:00:00+05:30,1188.250262590325,1199.6006182655099,1168.1870135905579,1194.0902099609375,646452,0.0,0.0
2018-06-25 00:00:00+05:30,1194.3727937600345,1198.234701721331,1176.7586668481035,1180.6676025390625,936253,0.0,0.0
2018-06-26 00:00:00+05:30,1182.1277078066103,1205.5347553591637,1180.2438389495478,1200.589599609375,1262632,0.0,0.0
2018-06-27 00:00:00+05:30,1204.875602292153,1210.3858964116637,1189.6633363174562,1193.5723876953125,857951,0.0,0.0
2018-06-28 00:00:00+05:30,1193.5723377215015,1199.5064561470397,1177.4181378734302,1194.749755859375,729637,0.0,0.0
2018-06-29 00:00:00+05:30,1194.6084498879843,1197.292940262071,1179.443327177201,1191.029052734375,622680,0.0,0.0
2018-07-02 00:00:00+05:30,1192.9600977695322,1222.5838931306432,1187.7794577871143,1217.968505859375,1437438,0.0,0.0
2018-07-03 00:00:00+05:30,1223.1958249025377,1232.6151676400932,1213.305515028104,1216.8377685546875,1399979,0.0,0.0
2018-07-04 00:00:00+05:30,1220.7469294557034,1224.467524181449,1208.2662991969935,1214.906982421875,619316,0.0,0.0
2018-07-05 00:00:00+05:30,1219.6164482739532,1252.7724861243637,1204.0745339724103,1244.671875,1733903,0.0,0.0
2018-07-06 00:00:00+05:30,1248.063112329318,1257.8592533395188,1233.0393042530382,1246.320556640625,1662920,0.0,0.0
2018-07-09 00:00:00+05:30,1252.7727988544323,1288.4721369460535,1248.298610287095,1283.9508056640625,1391869,0.0,0.0
2018-07-10 00:00:00+05:30,1283.668195478322,1295.6307158917034,1276.3210614563855,1290.8739013671875,796987,0.0,0.0
2018-07-11 00:00:00+05:30,1281.0307481083948,1304.3436238552206,1278.5345990218862,1280.8424072265625,784238,0.0,0.0
2018-07-12 00:00:00+05:30,1290.4501175260477,1298.9275270572407,1267.843692109533,1279.052734375,953054,0.0,0.0
2018-07-13 00:00:00+05:30,1280.5598281055861,1294.59467378594,1279.8062345860424,1288.3779296875,655594,0.0,0.0
2018-07-16 00:00:00+05:30,1290.4501018816363,1313.9042909633752,1272.6475190855106,1280.60693359375,1234066,0.0,0.0
2018-07-17 00:00:00+05:30,1286.1173145389362,1303.1663050014902,1274.531474869485,1296.3372802734375,1166581,0.0,0.0
2018-07-18 00:00:00+05:30,1305.521204656093,1318.6611448139572,1297.561904199245,1312.11474609375,1085504,0.0,0.0
2018-07-19 00:00:00+05:30,1313.9983391302956,1326.7144520896209,1313.0092621294625,1321.5338134765625,848175,0.0,0.0
2018-07-20 00:00:00+05:30,1321.5340968195194,1323.1824821861867,1301.2825051718933,1315.3643798828125,575194,0.0,0.0
2018-07-23 00:00:00+05:30,1342.350700976267,1379.3687691796188,1315.5055703656276,1349.9803466796875,1975242,0.0,0.0
2018-07-24 00:00:00+05:30,1359.2115343159173,1390.4837148921736,1342.7276799496467,1382.5244140625,2171087,0.0,0.0
2018-07-25 00:00:00+05:30,1368.6306569843218,1404.0473667494807,1338.8184107989205,1365.9461669921875,4310816,0.0,0.0
2018-07-26 00:00:00+05:30,1364.0152169142682,1373.1990775517447,1339.6662350410975,1350.5926513671875,1732715,0.0,0.0
2018-07-27 00:00:00+05:30,1353.559972353926,1369.5728599878971,1342.5864116553728,1351.5347900390625,630981,0.0,0.0
2018-07-30 00:00:00+05:30,1350.9696661835178,1367.5476917314852,1344.1406405047098,1347.15478515625,750392,0.0,0.0
2018-07-31 00:00:00+05:30,1346.9663576612998,1372.0217927863835,1343.1986195979116,1367.123779296875,1221636,0.0,0.0
2018-08-01 00:00:00+05:30,1373.3402041628594,1375.1769300479696,1347.7196372934475,1353.7479248046875,1121286,0.0,0.0
2018-08-02 00:00:00+05:30,1353.7482165921845,1360.0592467277286,1332.696003526305,1336.0399169921875,836564,0.0,0.0
2018-08-03 00:00:00+05:30,1341.3147667599728,1343.4341194462156,1325.3018797972484,1329.8702392578125,1002287,0.0,0.0
2018-08-06 00:00:00+05:30,1337.546849744761,1338.394613702312,1313.715863400784,1316.2591552734375,795996,0.0,0.0
2018-08-07 00:00:00+05:30,1317.7663254954637,1354.5017698802549,1317.7663254954637,1341.5501708984375,1915936,0.0,0.0
2018-08-08 00:00:00+05:30,1347.860780704174,1363.5911518045732,1334.7208437958914,1342.9627685546875,1063862,0.0,0.0
2018-08-09 00:00:00+05:30,1348.755973608848,1350.6868702586974,1331.989494261041,1335.05078125,903734,0.0,0.0
2018-08-10 00:00:00+05:30,1337.5468806026518,1356.291398615994,1327.421085555836,1336.2281494140625,997053,0.0,0.0
2018-08-13 00:00:00+05:30,1331.8951180250021,1339.0537958043653,1315.8822347106989,1318.0015869140625,875198,0.0,0.0
2018-08-14 00:00:00+05:30,1326.1493344248443,1334.4382873408847,1310.7487314948335,1314.092529296875,729379,0.0,0.0
2018-08-16 00:00:00+05:30,1319.6501281003084,1328.1275379167987,1306.4630461635459,1313.8101806640625,1050412,0.0,0.0
2018-08-17 00:00:00+05:30,1321.5340796792782,1323.559261814222,1309.2889313999976,1319.320556640625,537229,0.0,0.0
2018-08-20 00:00:00+05:30,1324.3598114134488,1347.90817221383,1316.8243359573266,1327.27978515625,1259905,0.0,0.0
2018-08-21 00:00:00+05:30,1334.2027499069175,1343.151125466272,1314.3751025252523,1321.81640625,1520772,0.0,0.0
2018-08-23 00:00:00+05:30,1328.127438343005,1330.0113070498744,1309.9480593288258,1313.762939453125,859955,0.0,0.0
2018-08-24 00:00:00+05:30,1313.9983506710844,1329.069299495986,1304.6261503634848,1312.58544921875,919355,0.0,0.0
2018-08-27 00:00:00+05:30,1316.3532803495757,1325.3016568528465,1315.4113459808102,1318.519775390625,785772,0.0,0.0
2018-08-28 00:00:00+05:30,1320.5920657332372,1337.2172313546414,1319.6501313068939,1325.772705078125,1290318,0.0,0.0
2018-08-29 00:00:00+05:30,1331.6595986583825,1331.6595986583825,1310.2305936225005,1313.056396484375,743529,0.0,0.0
2018-08-30 00:00:00+05:30,1313.1509569306113,1317.4838329426007,1293.7942705670428,1298.6451416015625,1062266,0.0,0.0
2018-08-31 00:00:00+05:30,1302.6955123626826,1311.1729235060407,1284.98709642588,1292.758056640625,1006329,0.0,0.0
2018-09-03 00:00:00+05:30,1303.6374432759885,1306.9342142669323,1276.3213407795986,1282.5380859375,817733,0.0,0.0
2018-09-04 00:00:00+05:30,1281.0309797741052,1285.3638556798335,1226.8697434968913,1235.1588134765625,1789240,0.0,0.0
2018-09-05 00:00:00+05:30,1238.17304572486,1252.773032190235,1226.8226876733934,1244.5782470703125,1222703,0.0,0.0
2018-09-06 00:00:00+05:30,1250.8417007770997,1254.6094382574868,1232.0501560865584,1238.1727294921875,726455,0.0,0.0
2018-09-07 00:00:00+05:30,1245.9908933909014,1245.9908933909014,1233.934086854697,1239.585693359375,912914,0.0,0.0
2018-09-10 00:00:00+05:30,1238.2668468784511,1241.4694465960074,1206.1469092307946,1218.0152587890625,1121083,0.0,0.0
2018-09-11 00:00:00+05:30,1219.8051337910779,1237.0425805163088,1211.987031728326,1222.4896240234375,1676544,0.0,0.0
2018-09-12 00:00:00+05:30,1227.8115339330884,1227.8115339330884,1205.6760747482572,1216.037353515625,1111171,0.0,0.0
2018-09-14 00:00:00+05:30,1223.3845342690101,1258.9425604719847,1222.207116182819,1256.4464111328125,1498792,0.0,0.0
2018-09-17 00:00:00+05:30,1252.725485259921,1252.725485259921,1226.3984673793414,1232.662353515625,965321,0.0,0.0
2018-09-18 00:00:00+05:30,1230.1663982492769,1254.421210465907,1210.3857746939668,1217.073486328125,1088372,0.0,0.0
2018-09-19 00:00:00+05:30,1228.470777193125,1242.5997929482164,1212.2695517868433,1216.366943359375,929673,0.0,0.0
2018-09-21 00:00:00+05:30,1217.0736403815772,1247.9219976880013,1141.5305335202718,1228.9891357421875,1867297,0.0,0.0
2018-09-24 00:00:00+05:30,1224.5149385584043,1240.1981721140824,1183.0698175610428,1198.0936279296875,1691456,0.0,0.0
2018-09-25 00:00:00+05:30,1197.952230847031,1229.0830941657846,1184.1528687185573,1215.001220703125,1262738,0.0,0.0
2018-09-26 00:00:00+05:30,1224.514880009263,1227.811650840057,1200.0245824090775,1207.56005859375,1338324,0.0,0.0
2018-09-27 00:00:00+05:30,1219.616645279903,1237.7017388501215,1202.332057930428,1212.740478515625,1901166,0.0,0.0
2018-09-28 00:00:00+05:30,1217.9214751809252,1238.6440370169503,1211.3279327785535,1218.2041015625,1549540,0.0,0.0
2018-10-01 00:00:00+05:30,1223.5727650822835,1231.9560040981528,1195.3147335561337,1205.4876708984375,1143818,0.0,0.0
2018-10-03 00:00:00+05:30,1191.452743474883,1195.3146511875561,1173.791474988069,1179.0662841796875,1236645,0.0,0.0
2018-10-04 00:00:00+05:30,1156.6955881054253,1167.2452087141419,1143.508504853409,1153.587158203125,1557441,0.0,0.0
2018-10-05 00:00:00+05:30,1150.5256000966658,1167.9985272840015,1122.644367925684,1139.26953125,1344685,0.0,0.0
2018-10-08 00:00:00+05:30,1139.7407761981096,1181.1858953325864,1131.3575359221875,1175.345947265625,1050759,0.0,0.0
2018-10-09 00:00:00+05:30,1181.1859960745262,1182.9756948226045,1121.8441158889639,1131.6402587890625,1088738,0.0,0.0
2018-10-10 00:00:00+05:30,1135.8788090880682,1168.7993730743613,1112.330447157319,1154.7645263671875,803576,0.0,0.0
2018-10-11 00:00:00+05:30,1131.263295654976,1150.572952241926,1121.3258410283102,1148.2652587890625,781348,0.0,0.0
2018-10-12 00:00:00+05:30,1162.252791114139,1192.4417173579488,1162.252791114139,1187.967529296875,1000950,0.0,0.0
2018-10-15 00:00:00+05:30,1182.1277294961815,1184.1999392840787,1169.4116144776967,1177.70068359375,728514,0.0,0.0
2018-10-16 00:00:00+05:30,1184.0116115101637,1208.407736923566,1179.8200491727307,1193.99609375,908616,0.0,0.0
2018-10-17 00:00:00+05:30,1207.7480930699253,1207.7952357770148,1182.1275265355068,1185.895263671875,698043,0.0,0.0
2018-10-19 00:00:00+05:30,1190.6049472169916,1212.2694359717311,1149.5836627341537,1163.6656494140625,1449043,0.0,0.0
2018-10-22 00:00:00+05:30,1172.7086261832678,1174.733808654654,1121.8441556500177,1130.6983642578125,1949683,0.0,0.0
2018-10-23 00:00:00+05:30,1069.2839279205482,1120.9019811108126,1053.0827015814189,1072.34521484375,8272850,0.0,0.0
2018-10-24 00:00:00+05:30,1092.6439951928837,1129.3794398588514,1083.3659635749775,1117.9820556640625,2370198,0.0,0.0
2018-10-25 00:00:00+05:30,1111.9535449266134,1138.7515322697354,1106.7729057931138,1130.368408203125,1995349,0.0,0.0
2018-10-26 00:00:00+05:30,1130.321164999716,1132.2050336080488,1100.5089212764055,1121.1844482421875,1440249,0.0,0.0
2018-10-29 00:00:00+05:30,1128.1245654715426,1145.9697640383738,1120.2876985524251,1129.3048095703125,1186190,2.85,0.0
2018-10-30 00:00:00+05:30,1128.124478674819,1140.5878092956289,1109.948720952186,1129.540771484375,1075337,0.0,0.0
2018-10-31 00:00:00+05:30,1138.3215863795235,1166.0336894367147,1117.7853430109703,1161.7376708984375,1561884,0.0,0.0
2018-11-01 00:00:00+05:30,1164.192663091364,1175.334212377514,1146.0641616428568,1149.8409423828125,1200280,0.0,0.0
2018-11-02 00:00:00+05:30,1172.6905226841295,1219.475444309957,1171.9823762332333,1177.4114990234375,2235848,0.0,0.0
2018-11-05 00:00:00+05:30,1182.1324044588018,1190.299716087574,1163.720597839835,1174.6260986328125,756887,0.0,0.0
2018-11-06 00:00:00+05:30,1172.8792182853447,1184.96496281414,1166.0810590242734,1169.3857421875,815046,0.0,0.0
2018-11-07 00:00:00+05:30,1180.2441738124405,1184.0209551686403,1170.0468180474131,1181.14111328125,100134,0.0,0.0
2018-11-09 00:00:00+05:30,1189.4970776445477,1235.857035739659,1186.711632840284,1223.2991943359375,2026920,0.0,0.0
2018-11-12 00:00:00+05:30,1222.7325588277126,1241.5220628991726,1203.9903106108316,1207.4366455078125,1100286,0.0,0.0
2018-11-13 00:00:00+05:30,1206.1620878793592,1223.299253466351,1206.1620878793592,1213.1964111328125,1632176,0.0,0.0
2018-11-14 00:00:00+05:30,1238.784140353446,1263.2859604408432,1229.3421880641667,1246.8570556640625,1631802,0.0,0.0
2018-11-15 00:00:00+05:30,1246.3377518655006,1257.526442722651,1240.1060861578153,1244.732666015625,1065640,0.0,0.0
2018-11-16 00:00:00+05:30,1246.3379295626698,1255.5910905975627,1239.9173547313287,1247.5654296875,1113304,0.0,0.0
2018-11-19 00:00:00+05:30,1254.8353240210165,1255.63786682748,1232.1746409687182,1238.9256591796875,784645,0.0,0.0
2018-11-20 00:00:00+05:30,1243.5051133903714,1256.7711024269377,1231.8914660002995,1233.9215087890625,867729,0.0,0.0
2018-11-21 00:00:00+05:30,1254.8352831520654,1267.5819169538358,1240.436307931547,1250.3031005859375,1374789,0.0,0.0
2018-11-22 00:00:00+05:30,1255.7794691743213,1256.4403596337688,1235.7153235202202,1241.050048828125,691593,0.0,0.0
2018-11-26 00:00:00+05:30,1255.732344220682,1281.7922236169431,1249.7367278283152,1274.19140625,2149117,0.0,0.0
2018-11-27 00:00:00+05:30,1271.6421466931938,1271.6421466931938,1252.050096212617,1264.8438720703125,1130756,0.0,0.0
2018-11-28 00:00:00+05:30,1277.4018034668538,1278.9597487135477,1245.535213113529,1250.3505859375,1205630,0.0,0.0
2018-11-29 00:00:00+05:30,1261.44486115915,1279.3845710109642,1256.440580202465,1274.9468994140625,3556169,0.0,0.0
2018-11-30 00:00:00+05:30,1277.3073068361184,1285.7578077342853,1267.2516049503524,1270.8394775390625,1030541,0.0,0.0
2018-12-03 00:00:00+05:30,1269.9426168294178,1283.1613503874937,1260.5479201539265,1263.994140625,710748,0.0,0.0
2018-12-04 00:00:00+05:30,1261.9638865422312,1279.10093376479,1252.4274247360213,1255.260009765625,830261,0.0,0.0
2018-12-05 00:00:00+05:30,1254.3630559777084,1268.0538834610932,1249.7364774316875,1255.3072509765625,864628,0.0,0.0
2018-12-06 00:00:00+05:30,1250.1142872600763,1251.0112264837624,1214.8013681785844,1222.8270263671875,896350,0.0,0.0
2018-12-07 00:00:00+05:30,1233.5909938744062,1250.114409406593,1225.9430360225767,1245.06298828125,1037026,0.0,0.0
2018-12-10 00:00:00+05:30,1208.569884250668,1233.3550088300276,1191.8576749232968,1203.093505859375,1074399,0.0,0.0
2018-12-11 00:00:00+05:30,1197.239232454767,1261.8693326145321,1182.2737651007178,1249.7364501953125,1746513,0.0,0.0
2018-12-12 00:00:00+05:30,1249.170229519516,1262.5777550407079,1238.6424301571103,1256.62939453125,986580,0.0,0.0
2018-12-13 00:00:00+05:30,1263.7580521046084,1268.2429794208977,1242.5609154182707,1246.5264892578125,1175211,0.0,0.0
2018-12-14 00:00:00+05:30,1258.4234314605974,1275.607738308623,1246.3376865783735,1266.1185302734375,1869410,0.0,0.0
2018-12-17 00:00:00+05:30,1265.2215336110744,1269.8952536207607,1255.7795818677082,1261.3031005859375,665295,0.0,0.0
2018-12-18 00:00:00+05:30,1263.758163172797,1285.0498134594118,1253.466526528005,1280.0455322265625,1581385,0.0,0.0
2018-12-19 00:00:00+05:30,1293.5473497687356,1328.2937772380649,1293.5473497687356,1322.1092529296875,3334213,0.0,0.0
2018-12-20 00:00:00+05:30,1312.3368908275272,1351.66264273942,1311.5343479840599,1346.2335205078125,2578234,0.0,0.0
2018-12-21 00:00:00+05:30,1353.881730073387,1353.881730073387,1305.1612732573124,1310.73193359375,2098064,0.0,0.0
2018-12-24 00:00:00+05:30,1310.5429868649271,1311.439926235363,1275.702159623577,1281.3201904296875,1649577,0.0,0.0
2018-12-26 00:00:00+05:30,1291.6118306798571,1298.1740567437644,1272.2086876794444,1286.9381103515625,1790087,0.0,0.0
2018-12-27 00:00:00+05:30,1284.1526534584484,1307.4742274438966,1278.7235313730162,1295.9078369140625,2174090,0.0,0.0
2018-12-28 00:00:00+05:30,1305.8218245275898,1305.8218245275898,1283.1611421062867,1289.7705078125,1705033,0.0,0.0
2018-12-31 00:00:00+05:30,1298.2686250903048,1301.101211181411,1290.9983668930884,1296.427490234375,698593,0.0,0.0
2019-01-01 00:00:00+05:30,1296.5688162180006,1302.7060850827604,1282.7835892041808,1295.010986328125,664707,0.0,0.0
2019-01-02 00:00:00+05:30,1290.7147972369205,1309.457048307558,1285.6161202678854,1306.105224609375,1233780,0.0,0.0
2019-01-03 00:00:00+05:30,1304.6890249033381,1316.066508356997,1301.101036898593,1310.8262939453125,1636293,0.0,0.0
2019-01-04 00:00:00+05:30,1310.542859994241,1323.1950979766605,1304.311195094899,1308.5128173828125,1202397,0.0,0.0
2019-01-07 00:00:00+05:30,1308.6548475904929,1326.972261726739,1306.530407902846,1318.0968017578125,1074373,0.0,0.0
2019-01-08 00:00:00+05:30,1322.8175400556142,1333.8645783339516,1317.6244662010063,1323.0535888671875,1232440,0.0,0.0
2019-01-09 00:00:00+05:30,1324.2336942533964,1335.0919384487006,1319.1822732663509,1323.7615966796875,973687,0.0,0.0
2019-01-10 00:00:00+05:30,1312.4312637081593,1321.8732152456282,1311.1566233022406,1318.4268798828125,1004783,0.0,0.0
2019-01-11 00:00:00+05:30,1321.63707411385,1327.7270863267265,1314.6972632703375,1325.3194580078125,473391,0.0,0.0
2019-01-14 00:00:00+05:30,1325.6496332308345,1331.8812964892606,1308.134771816719,1311.1090087890625,1360800,0.0,0.0
2019-01-15 00:00:00+05:30,1311.1095676405378,1335.5169930401353,1311.1095676405378,1327.4913330078125,1355920,0.0,0.0
2019-01-16 00:00:00+05:30,1331.3150180872235,1334.1003473764015,1310.259422407109,1312.195068359375,1189597,0.0,0.0
2019-01-17 00:00:00+05:30,1312.4314120933418,1320.4570718075815,1306.5774475815333,1312.0537109375,853829,0.0,0.0
2019-01-18 00:00:00+05:30,1313.375376095469,1326.3580586413443,1305.821815341505,1322.2979736328125,1092189,0.0,0.0
2019-01-21 00:00:00+05:30,1317.341235697679,1345.2895087681477,1317.341235697679,1342.7401123046875,2513582,0.0,0.0
2019-01-22 00:00:00+05:30,1344.4397265533898,1352.1349413906496,1298.5046016158276,1328.435546875,5483768,0.0,0.0
2019-01-23 00:00:00+05:30,1349.254807772152,1349.679649466984,1312.431198602723,1318.61572265625,2702265,0.0,0.0
2019-01-24 00:00:00+05:30,1321.8733789883363,1334.6200151428668,1318.5686955408655,1323.6201171875,1562800,0.0,0.0
2019-01-25 00:00:00+05:30,1329.8045919143224,1334.808757504479,1277.7794575218188,1295.5775146484375,1613548,0.0,0.0
2019-01-28 00:00:00+05:30,1298.268455403056,1313.3755792477461,1290.5732411430254,1302.517333984375,1590764,0.0,0.0
2019-01-29 00:00:00+05:30,1300.1568130791943,1321.8733030580045,1296.5688251533263,1315.5472412109375,1061762,0.0,0.0
2019-01-30 00:00:00+05:30,1316.2080394502025,1337.7357349792092,1295.5301426080612,1312.8089599609375,1313152,0.0,0.0
2019-01-31 00:00:00+05:30,1321.873183927541,1336.0361108981933,1313.4226836049966,1333.77001953125,1256050,0.0,0.0
2019-02-01 00:00:00+05:30,1333.5813489738575,1387.6365252051285,1329.615659903278,1375.8812255859375,2077539,0.0,0.0
2019-02-04 00:00:00+05:30,1363.4178830584365,1371.7268470086117,1353.9759309596936,1365.63671875,735159,0.0,0.0
2019-02-05 00:00:00+05:30,1364.314775140111,1385.039928433785,1362.5680371139972,1369.4134521484375,786962,0.0,0.0
2019-02-06 00:00:00+05:30,1376.4947693170989,1393.8207259204096,1371.2545557970818,1387.4002685546875,1088914,0.0,0.0
2019-02-07 00:00:00+05:30,1385.181467961942,1394.3873701896248,1375.6922611009004,1390.280029296875,697412,0.0,0.0
2019-02-08 00:00:00+05:30,1386.0784515741998,1397.4087931402014,1364.3619635726966,1367.949951171875,1018518,0.0,0.0
2019-02-11 00:00:00+05:30,1367.1001857922392,1375.9756432867005,1347.3664840326237,1356.90283203125,728051,0.0,0.0
2019-02-12 00:00:00+05:30,1358.224643593099,1375.5978563855178,1355.1560095356242,1371.065673828125,947583,0.0,0.0
2019-02-14 00:00:00+05:30,1338.538391073057,1343.7314648388792,1318.5686389037542,1321.117919921875,915441,0.0,0.0
2019-02-15 00:00:00+05:30,1322.6285964193112,1326.5469140384341,1295.53012678319,1315.830322265625,1113223,0.0,0.0
2019-02-18 00:00:00+05:30,1323.4783547982377,1323.4783547982377,1269.9425335039898,1303.03662109375,1460282,0.0,0.0
2019-02-19 00:00:00+05:30,1295.483209064432,1318.9935798568265,1294.4917578949244,1300.95947265625,697530,0.0,0.0
2019-02-20 00:00:00+05:30,1302.9893672381604,1320.7402829820771,1299.212586463557,1318.9462890625,843469,0.0,0.0
2019-02-21 00:00:00+05:30,1320.9291307542596,1329.2852355133225,1312.7146783317655,1319.796142578125,677142,0.0,0.0
2019-02-22 00:00:00+05:30,1320.9291307542596,1329.190839041679,1306.9549952048274,1319.796142578125,801380,0.0,0.0
2019-02-25 00:00:00+05:30,1321.8260330131222,1327.3496671767773,1313.7059772902346,1320.220947265625,711217,0.0,0.0
2019-02-26 00:00:00+05:30,1318.9462244794963,1328.4825724167763,1301.6674071784728,1323.7615966796875,1147218,0.0,0.0
2019-02-27 00:00:00+05:30,1325.6500412400892,1351.0016589343866,1317.1522845654733,1327.255126953125,1462017,0.0,0.0
2019-02-28 00:00:00+05:30,1335.8474474006748,1336.0362403419638,1323.2423489689756,1326.7830810546875,1230935,0.0,0.0
2019-03-01 00:00:00+05:30,1330.3710194105258,1338.821520236787,1310.6373169368273,1314.650146484375,783876,0.0,0.0
2019-03-05 00:00:00+05:30,1315.7359043068209,1331.0790750603092,1305.5385508719942,1325.50830078125,1214257,0.0,0.0
2019-03-06 00:00:00+05:30,1329.4268421564325,1331.315232557223,1309.1739012112369,1315.9248046875,720335,0.0,0.0
2019-03-07 00:00:00+05:30,1320.5513863752371,1327.0663563202322,1314.3197210941041,1317.5771484375,746742,0.0,0.0
2019-03-08 00:00:00+05:30,1315.9722236939951,1316.8220225313423,1302.9895380790767,1305.2083740234375,524331,0.0,0.0
2019-03-11 00:00:00+05:30,1311.6760141708003,1343.5898601857346,1307.71044016672,1340.5684814453125,1342007,0.0,0.0
2019-03-12 00:00:00+05:30,1342.6457052080113,1364.692642224306,1341.8903028711347,1348.4052734375,1333909,0.0,0.0
2019-03-13 00:00:00+05:30,1359.0746603918064,1359.0746603918064,1337.924663825909,1348.5941162109375,708227,0.0,0.0
2019-03-14 00:00:00+05:30,1357.3750153370156,1366.2032175280945,1340.7572026376547,1354.68408203125,1113700,0.0,0.0
2019-03-15 00:00:00+05:30,1353.9758483909864,1375.6923368937705,1348.9244273778477,1352.6068115234375,1667627,0.0,0.0
2019-03-18 00:00:00+05:30,1365.3061679032592,1379.0913938498134,1356.430710565112,1364.928466796875,1148000,0.0,0.0
2019-03-19 00:00:00+05:30,1361.5294352835506,1378.3832960181876,1359.6410449433513,1372.765380859375,886660,0.0,0.0
2019-03-20 00:00:00+05:30,1380.4135341238975,1384.1903153390108,1367.6668975228902,1374.8900146484375,764625,0.0,0.0
2019-03-22 00:00:00+05:30,1377.5804621953323,1397.3141601337957,1371.5375913314629,1389.1468505859375,1380404,0.0,0.0
2019-03-25 00:00:00+05:30,1383.3403967636893,1393.2544465951419,1370.4993647955446,1376.2117919921875,848078,0.0,0.0
2019-03-26 00:00:00+05:30,1378.997205875946,1408.9754060036842,1378.997205875946,1402.17724609375,1630147,0.0,0.0
2019-03-27 00:00:00+05:30,1410.627874173006,1413.4132043942216,1381.8299155637176,1389.90283203125,1387002,0.0,0.0
2019-03-28 00:00:00+05:30,1391.2717381785053,1424.7434145851819,1391.2717381785053,1413.4603271484375,1353947,0.0,0.0
2019-04-01 00:00:00+05:30,1413.2244132978994,1420.0698296977057,1406.8510945808387,1409.4476318359375,707570,0.0,0.0
2019-04-02 00:00:00+05:30,1409.6833683563357,1438.4340647624006,1401.7049653888773,1434.5157470703125,1326634,0.0,0.0
2019-04-03 00:00:00+05:30,1436.3569733237728,1444.4770291352932,1409.6834584535038,1414.0267333984375,1606692,0.0,0.0
2019-04-04 00:00:00+05:30,1420.8250178800474,1439.8977152841353,1419.1254203751182,1434.2325439453125,1409222,0.0,0.0
2019-04-05 00:00:00+05:30,1435.176485893461,1438.6228209013552,1419.1251699328102,1429.9361572265625,1129222,0.0,0.0
2019-04-08 00:00:00+05:30,1429.5116270475546,1429.5116270475546,1403.074159704535,1412.8465576171875,925518,0.0,0.0
2019-04-09 00:00:00+05:30,1382.962587555415,1392.5934472226008,1356.9972209782222,1364.2203369140625,2642226,0.0,0.0
2019-04-10 00:00:00+05:30,1368.8941259722515,1370.0271140087473,1326.9245838899142,1331.1734619140625,2608319,0.0,0.0
2019-04-11 00:00:00+05:30,1331.0317086633354,1352.0400484119039,1329.4266231903139,1343.731201171875,1494450,0.0,0.0
2019-04-12 00:00:00+05:30,1352.7959234549194,1364.1735238263173,1346.2338117023296,1358.36669921875,1510649,0.0,0.0
2019-04-15 00:00:00+05:30,1367.147305732931,1370.4519887202073,1347.3664636695125,1351.66259765625,791389,0.0,0.0
2019-04-16 00:00:00+05:30,1362.2376383937656,1383.1515853341064,1359.8771503702103,1377.580810546875,1463057,0.0,0.0
2019-04-18 00:00:00+05:30,1382.3016417610054,1397.3143670694744,1378.80816595546,1387.589111328125,1425676,0.0,0.0
2019-04-22 00:00:00+05:30,1378.4778174112196,1378.4778174112196,1354.9201918855526,1362.80419921875,737603,0.0,0.0
2019-04-23 00:00:00+05:30,1368.138700281299,1373.7094744244898,1346.3278165168585,1351.1431884765625,601653,0.0,0.0
2019-04-24 00:00:00+05:30,1355.864381701534,1377.9585736471981,1351.1434054421277,1369.13037109375,1154712,0.0,0.0
2019-04-25 00:00:00+05:30,1369.083107295926,1378.525059760036,1357.8471608119937,1367.1474609375,1161847,0.0,0.0
2019-04-26 00:00:00+05:30,1369.082953886702,1377.9111553997805,1355.8642219181406,1367.9027099609375,704193,0.0,0.0
2019-04-30 00:00:00+05:30,1374.7481271887286,1394.5762251770275,1374.087236692397,1381.4991455078125,1525776,0.0,0.0
2019-05-02 00:00:00+05:30,1383.2458280817295,1390.7049924588596,1350.2933958832978,1356.4306640625,774788,0.0,0.0
2019-05-03 00:00:00+05:30,1363.2288746542938,1374.7480082908187,1352.276119744329,1358.2718505859375,1020007,0.0,0.0
2019-05-06 00:00:00+05:30,1354.872815216797,1367.7611023591853,1329.9461548961956,1333.958984375,1161960,0.0,0.0
2019-05-07 00:00:00+05:30,1347.1776127506914,1347.1776127506914,1299.542900872647,1310.35400390625,2863939,0.0,0.0
2019-05-08 00:00:00+05:30,1304.8778614993023,1317.1523999938688,1286.5604502326914,1308.371337890625,1414591,0.0,0.0
2019-05-09 00:00:00+05:30,1307.6630292348932,1315.8775962095467,1271.4060276164134,1278.6290283203125,2628463,0.0,0.0
2019-05-10 00:00:00+05:30,1240.7667634112056,1274.6633907045423,1240.7667634112056,1266.212890625,3476379,0.0,0.0
2019-05-13 00:00:00+05:30,1266.2129291383903,1270.178502593479,1249.7839107735183,1258.1400146484375,862130,0.0,0.0
2019-05-14 00:00:00+05:30,1255.7796337992331,1260.2645610628017,1229.4365642942098,1246.57373046875,2167873,0.0,0.0
2019-05-15 00:00:00+05:30,1252.0029387731295,1254.835524607458,1229.0589474117849,1233.07177734375,996276,0.0,0.0
2019-05-16 00:00:00+05:30,1238.783891473093,1240.6722815515582,1223.5351185378508,1231.6080322265625,726485,0.0,0.0
2019-05-17 00:00:00+05:30,1232.174839366566,1256.4878678061746,1228.3980582497336,1246.3377685546875,860934,0.0,0.0
2019-05-20 00:00:00+05:30,1265.2214768416009,1301.4785929609393,1260.500501181744,1297.27685546875,976630,0.0,0.0
2019-05-21 00:00:00+05:30,1306.7660795663783,1306.7660795663783,1277.212725449785,1281.98095703125,1166297,0.0,0.0
2019-05-22 00:00:00+05:30,1284.5775566436778,1297.0881429174954,1272.8223726255226,1292.0838623046875,840075,0.0,0.0
2019-05-23 00:00:00+05:30,1311.4871214593138,1311.4871214593138,1281.9337658515863,1291.4229736328125,1527569,0.0,0.0
2019-05-24 00:00:00+05:30,1314.3197453954497,1322.2981488960406,1299.3542742197071,1307.23828125,980933,0.0,0.0
2019-05-27 00:00:00+05:30,1309.5042790130442,1313.092151434774,1286.6546871857875,1290.5731201171875,782730,0.0,0.0
2019-05-28 00:00:00+05:30,1293.4999937696577,1311.3453036957055,1284.1052988993674,1288.2125244140625,1562891,0.0,0.0
2019-05-29 00:00:00+05:30,1284.8606242541557,1290.6673313977199,1271.925083376241,1282.452880859375,582768,0.0,0.0
2019-05-30 00:00:00+05:30,1288.826132211937,1314.3193963655797,1278.3455911115188,1297.890380859375,1032259,0.0,0.0
2019-05-31 00:00:00+05:30,1303.9336105973646,1348.3107863381874,1303.9336105973646,1328.7659912109375,2559888,0.0,0.0
2019-06-03 00:00:00+05:30,1352.0400789793741,1383.1985161648397,1350.1989447035078,1377.816650390625,2867897,0.0,0.0
2019-06-04 00:00:00+05:30,1373.8042506574536,1373.8042506574536,1337.9720828002958,1342.1737060546875,1493226,0.0,0.0
2019-06-06 00:00:00+05:30,1354.873202956196,1380.272083389424,1345.384107922106,1348.8304443359375,1985857,0.0,0.0
2019-06-07 00:00:00+05:30,1349.2551665043911,1359.4996630864573,1334.1952966484464,1339.199462890625,878470,0.0,0.0
2019-06-10 00:00:00+05:30,1349.2549083189813,1361.5294456234926,1339.3408589576452,1343.2120361328125,800967,0.0,0.0
2019-06-11 00:00:00+05:30,1348.310683203262,1353.3621042378531,1330.8430728116232,1345.9501953125,743047,0.0,0.0
2019-06-12 00:00:00+05:30,1350.151709895507,1359.5465201058335,1341.7012100243155,1345.90283203125,874293,0.0,0.0
2019-06-13 00:00:00+05:30,1356.5351462085487,1365.933138557043,1350.0799291117778,1356.9622802734375,1572720,7.65,0.0
2019-06-14 00:00:00+05:30,1357.4845030539395,1359.1457603129215,1339.4479956707053,1341.1092529296875,546091,0.0,0.0
2019-06-17 00:00:00+05:30,1345.1436696098679,1352.7379881397753,1327.961547111973,1330.8568115234375,962166,0.0,0.0
2019-06-18 00:00:00+05:30,1333.7521160298159,1338.878303922249,1306.2702237633048,1310.0673828125,1177437,0.0,0.0
2019-06-19 00:00:00+05:30,1311.9183232383637,1325.5881176550702,1302.4254265434406,1311.1114501953125,692212,0.0,0.0
2019-06-20 00:00:00+05:30,1296.3026835591359,1333.6572125958505,1291.6985354997394,1321.4588623046875,991210,0.0,0.0
2019-06-21 00:00:00+05:30,1309.9725394008044,1323.9271703336822,1302.425731115555,1312.867919921875,1242165,0.0,0.0
2019-06-24 00:00:00+05:30,1315.7154702197317,1327.1069461523703,1298.8655787360376,1306.364990234375,757055,0.0,0.0
2019-06-25 00:00:00+05:30,1301.476095899213,1302.852519524608,1291.3661380613974,1293.9766845703125,1388994,0.0,0.0
2019-06-26 00:00:00+05:30,1291.034083106014,1300.0998467328052,1283.4397649700961,1290.986572265625,960174,0.0,0.0
2019-06-27 00:00:00+05:30,1292.0783258871431,1300.1948000435264,1289.277967324236,1292.3631591796875,2113899,0.0,0.0
2019-06-28 00:00:00+05:30,1295.7804433143551,1302.3305654345997,1281.6360035776163,1289.27783203125,1131371,0.0,0.0
2019-07-01 00:00:00+05:30,1298.6285195242626,1304.7989035717098,1282.538102860271,1285.196044921875,739182,0.0,0.0
2019-07-02 00:00:00+05:30,1287.2369340545467,1291.0340931520527,1272.7127541545465,1277.5067138671875,1171118,0.0,0.0
2019-07-03 00:00:00+05:30,1287.2844894071434,1301.476325672759,1281.0665948179346,1283.4398193359375,1378288,0.0,0.0
2019-07-04 00:00:00+05:30,1287.23682000585,1297.0619451241246,1282.632788184059,1290.7491455078125,902077,0.0,0.0
2019-07-05 00:00:00+05:30,1294.7363029467745,1303.8019504594172,1282.9175761248205,1289.7999267578125,966162,0.0,0.0
2019-07-08 00:00:00+05:30,1289.135538349888,1289.515277442948,1265.1184602450844,1272.28564453125,866416,0.0,0.0
2019-07-09 00:00:00+05:30,1276.699890488086,1276.699890488086,1225.7704689320428,1254.0118408203125,2037332,0.0,0.0
2019-07-10 00:00:00+05:30,1250.9739220031681,1272.3803336527887,1245.5155066252703,1255.8626708984375,1115080,0.0,0.0
2019-07-11 00:00:00+05:30,1250.2147436243922,1269.200540794087,1244.5665153184518,1264.8812255859375,757323,0.0,0.0
2019-07-12 00:00:00+05:30,1264.8812035684111,1300.099949409237,1258.2361746746867,1292.88525390625,1050985,0.0,0.0
2019-07-15 00:00:00+05:30,1293.7394357461928,1297.6790111506489,1278.7407281153728,1284.5313720703125,666533,0.0,0.0
2019-07-16 00:00:00+05:30,1283.4400603030701,1305.2737299679893,1276.7950304050514,1302.710693359375,782642,0.0,0.0
2019-07-17 00:00:00+05:30,1307.1719267494186,1333.609621917606,1305.7479921886895,1325.113525390625,1599926,0.0,0.0
2019-07-18 00:00:00+05:30,1324.259035072024,1324.5912632668144,1307.3616332903985,1314.7186279296875,802222,0.0,0.0
2019-07-19 00:00:00+05:30,1319.6074448060492,1328.435884404777,1295.7802991119477,1299.67236328125,842552,0.0,0.0
2019-07-22 00:00:00+05:30,1298.4387390608426,1338.4987254857472,1290.1324526438211,1332.9927978515625,1279369,0.0,0.0
2019-07-23 00:00:00+05:30,1337.5491655945073,1370.7267937190709,1330.7617211736347,1356.8671875,2262423,0.0,0.0
2019-07-24 00:00:00+05:30,1357.9589423167997,1417.7641945824118,1324.4015739437802,1408.1763916015625,7400250,0.0,0.0
2019-07-25 00:00:00+05:30,1406.1828993103722,1427.589312827082,1385.0612031797282,1419.9949951171875,4194809,0.0,0.0
2019-07-26 00:00:00+05:30,1412.6379761551123,1453.172715780229,1410.2647519105535,1449.043212890625,2420636,0.0,0.0
2019-07-29 00:00:00+05:30,1447.5720669407992,1460.2450628376748,1430.2000169157982,1436.5128173828125,1634196,0.0,0.0
2019-07-30 00:00:00+05:30,1434.4716523608888,1449.565381870728,1426.4975956500218,1432.2408447265625,1436383,0.0,0.0
2019-07-31 00:00:00+05:30,1430.5797583969186,1447.6669751528207,1419.3306972086373,1443.9647216796875,1249734,0.0,0.0
2019-08-01 00:00:00+05:30,1438.1737251979516,1453.7894925617666,1417.906415678933,1428.39599609375,2263295,0.0,0.0
2019-08-02 00:00:00+05:30,1432.4784046455609,1471.3992890660168,1428.2066002579497,1466.8426513671875,3044783,0.0,0.0
2019-08-05 00:00:00+05:30,1455.451021499095,1472.3484256699123,1444.5341892004465,1448.046630859375,1443728,0.0,0.0
2019-08-06 00:00:00+05:30,1452.4135371328487,1490.2427162148285,1446.7653086182665,1486.445556640625,2056715,0.0,0.0
2019-08-07 00:00:00+05:30,1484.024749134463,1495.1313931313996,1473.2028225414922,1480.132568359375,1583322,0.0,0.0
2019-08-08 00:00:00+05:30,1486.3505032759574,1490.100151631207,1462.191124235456,1486.492919921875,1579565,0.0,0.0
2019-08-09 00:00:00+05:30,1489.625750177079,1501.681802126717,1481.8416189026052,1495.6063232421875,1154542,0.0,0.0
2019-08-13 00:00:00+05:30,1493.7072359567544,1513.1676734128164,1488.4861429807377,1493.5648193359375,1612748,0.0,0.0
2019-08-14 00:00:00+05:30,1494.65661243635,1495.605902123512,1473.7722393187892,1490.0999755859375,1113095,0.0,0.0
2019-08-16 00:00:00+05:30,1491.3344435520785,1519.6707240934516,1481.841544484274,1516.443115234375,1682359,0.0,0.0
2019-08-19 00:00:00+05:30,1517.914488606591,1527.9295429979093,1501.9663725806315,1506.0008544921875,1322246,0.0,0.0
2019-08-20 00:00:00+05:30,1504.624207641128,1518.3889085943117,1502.4407949309993,1514.259521484375,1024331,0.0,0.0
2019-08-21 00:00:00+05:30,1504.861833081035,1514.1174097235457,1498.5016370223307,1508.5640869140625,704009,0.0,0.0
2019-08-22 00:00:00+05:30,1504.8142996388592,1513.073191277779,1486.8728132745505,1490.574951171875,985590,0.0,0.0
2019-08-23 00:00:00+05:30,1490.290025823039,1503.0579268151635,1476.7626466665834,1500.257568359375,984637,0.0,0.0
2019-08-26 00:00:00+05:30,1509.3705365500305,1518.86343300632,1497.1721877797152,1516.5377197265625,1153556,0.0,0.0
2019-08-27 00:00:00+05:30,1518.8637084862091,1525.935871276806,1505.099006128053,1518.341552734375,1581449,0.0,0.0
2019-08-28 00:00:00+05:30,1518.104239574903,1525.271424095247,1509.940370267825,1521.85400390625,565676,0.0,0.0
2019-08-29 00:00:00+05:30,1521.5691154689505,1537.754552727125,1508.4214750643284,1533.34033203125,861692,0.0,0.0
2019-08-30 00:00:00+05:30,1534.0521317743096,1540.222514730085,1514.2119541712602,1534.241943359375,1181516,0.0,0.0
2019-09-03 00:00:00+05:30,1526.4581559923497,1527.976996653135,1493.7551653581165,1496.7928466796875,1289263,0.0,0.0
2019-09-04 00:00:00+05:30,1498.9287058177479,1502.3461261762056,1450.3251107905214,1457.3023681640625,2381389,0.0,0.0
2019-09-05 00:00:00+05:30,1459.0583537459904,1467.5070557433105,1438.4113015703394,1442.68310546875,1506173,0.0,0.0
2019-09-06 00:00:00+05:30,1446.7175932361386,1461.3840736659226,1442.6831117589381,1454.691650390625,801338,0.0,0.0
2019-09-09 00:00:00+05:30,1452.9351733765473,1466.6523610812328,1446.9070920039678,1462.4754638671875,812836,0.0,0.0
2019-09-11 00:00:00+05:30,1466.6529041626256,1485.638702274763,1464.4220960604725,1482.2686767578125,1541300,0.0,0.0
2019-09-12 00:00:00+05:30,1490.385023527243,1490.385023527243,1459.2008759880603,1462.191162109375,753116,0.0,0.0
2019-09-13 00:00:00+05:30,1461.9062996388668,1474.3894837501155,1450.5148219793432,1469.6904296875,547381,0.0,0.0
2019-09-16 00:00:00+05:30,1433.4276416671148,1449.518057915243,1425.9282288426364,1444.1546630859375,1811073,0.0,0.0
2019-09-17 00:00:00+05:30,1449.9449424907216,1465.038670143039,1441.591147749291,1453.2674560546875,1353034,0.0,0.0
2019-09-18 00:00:00+05:30,1463.947184267346,1481.793761711709,1457.1597395034123,1469.26318359375,1057300,0.0,0.0
2019-09-19 00:00:00+05:30,1475.101318359375,1484.2144764908796,1466.6526166795068,1475.101318359375,879908,0.0,0.0
2019-09-20 00:00:00+05:30,1479.9426169449666,1637.7620268661344,1463.8995981138046,1586.2630615234375,3962166,0.0,0.0
2019-09-23 00:00:00+05:30,1611.7517470483426,1727.707525286888,1611.7517470483426,1711.332275390625,4253004,0.0,0.0
2019-09-24 00:00:00+05:30,1711.3796458101717,1711.5219465717673,1663.1556790828974,1676.350830078125,2028042,0.0,0.0
2019-09-25 00:00:00+05:30,1693.5330280391,1693.5330280391,1640.610120912878,1662.9659423828125,1794074,0.0,0.0
2019-09-26 00:00:00+05:30,1672.4586232849058,1689.735649302139,1663.060632171758,1681.14453125,1674004,0.0,0.0
2019-09-27 00:00:00+05:30,1680.2429386762144,1691.0648655250648,1647.3500240735664,1686.2235107421875,1115289,0.0,0.0
2019-09-30 00:00:00+05:30,1678.344092732842,1680.2426720232636,1648.9636245655986,1672.790771484375,1041807,0.0,0.0
2019-10-01 00:00:00+05:30,1679.2463466329434,1708.626938992572,1667.9023785152929,1676.5408935546875,1317945,0.0,0.0
2019-10-03 00:00:00+05:30,1675.4966470534287,1678.581839179731,1644.359892472855,1660.260498046875,1010826,0.0,0.0
2019-10-04 00:00:00+05:30,1664.9594949762864,1672.3638862954997,1630.0255820627228,1636.9554443359375,1231811,0.0,0.0
2019-10-07 00:00:00+05:30,1637.4773088499583,1654.564524359762,1630.7373747971105,1637.667236328125,562559,0.0,0.0
2019-10-09 00:00:00+05:30,1638.1893565238474,1687.8372592648373,1638.1893565238474,1683.5179443359375,1777552,0.0,0.0
2019-10-10 00:00:00+05:30,1675.4964207646917,1702.076533955293,1667.4274578318305,1688.40673828125,1599166,0.0,0.0
2019-10-11 00:00:00+05:30,1696.9504233070998,1710.4304079951862,1674.5947180451203,1699.466064453125,1442236,0.0,0.0
2019-10-14 00:00:00+05:30,1699.2285308060088,1714.701998974881,1694.1972491392967,1707.4873046875,881724,0.0,0.0
2019-10-15 00:00:00+05:30,1716.0311386493754,1732.4538986710104,1704.9244942537723,1711.6644287109375,1204392,0.0,0.0
2019-10-16 00:00:00+05:30,1716.7904118630474,1722.0115051808505,1667.4748586041983,1676.1607666015625,1403020,0.0,0.0
2019-10-17 00:00:00+05:30,1682.1414046080783,1724.5272143054012,1666.9527689005563,1720.3978271484375,1722055,0.0,0.0
2019-10-18 00:00:00+05:30,1722.9609352826776,1731.9316772713662,1696.0959883970295,1724.6221923828125,1682488,0.0,0.0
2019-10-22 00:00:00+05:30,1730.270475764958,1732.4538886616137,1684.9893985612955,1689.9256591796875,2135313,0.0,0.0
2019-10-23 00:00:00+05:30,1673.0283313736484,1708.7216039240418,1672.6485922856452,1677.7747802734375,3369253,0.0,0.0
2019-10-24 00:00:00+05:30,1687.8372467646084,1703.9276623544465,1664.1525128541198,1699.703369140625,1497854,0.0,0.0
2019-10-25 00:00:00+05:30,1705.8735628723593,1716.6954884505724,1694.5295974957778,1705.2091064453125,1202154,0.0,0.0
2019-10-27 00:00:00+05:30,1710.6202468522426,1715.888851678219,1697.4250952460075,1701.6968994140625,124919,0.0,0.0
2019-10-29 00:00:00+05:30,1701.222231145238,1727.7074397995038,1682.6636850424863,1722.2490234375,1050123,0.0,0.0
2019-10-30 00:00:00+05:30,1740.4139452241911,1740.4139452241911,1715.6867525598036,1732.139892578125,1133258,3.35,0.0
2019-10-31 00:00:00+05:30,1736.8951088365882,1744.9789986851288,1715.2112166874222,1721.0125732421875,1297114,0.0,0.0
2019-11-01 00:00:00+05:30,1727.0993344201381,1731.8545638651276,1675.742856414253,1679.8798828125,1527660,0.0,0.0
2019-11-04 00:00:00+05:30,1688.1064768351098,1702.3721653717446,1679.7372264558292,1698.472900390625,821893,0.0,0.0
2019-11-05 00:00:00+05:30,1692.8616075745451,1709.790270088076,1681.0686158534477,1706.0335693359375,1251974,0.0,0.0
2019-11-06 00:00:00+05:30,1701.4211260823504,1726.1483196419597,1693.43231725189,1709.60009765625,1136777,0.0,0.0
2019-11-07 00:00:00+05:30,1721.393123678454,1741.270006723249,1710.170735329391,1737.5133056640625,1380635,0.0,0.0
2019-11-08 00:00:00+05:30,1736.60984474963,1737.3707279211535,1703.1330749030885,1706.9847412109375,1077136,0.0,0.0
2019-11-11 00:00:00+05:30,1702.3243989558175,1706.1285821908657,1681.4489898912746,1687.107666015625,860384,0.0,0.0
2019-11-13 00:00:00+05:30,1686.9176727266183,1699.519030958403,1670.7022936207602,1683.7791748046875,983760,0.0,0.0
2019-11-14 00:00:00+05:30,1690.9596734962704,1711.8826840794638,1679.9750465023042,1685.1107177734375,1116800,0.0,0.0
2019-11-15 00:00:00+05:30,1693.6700678308496,1696.6658856348051,1670.3219606420528,1674.5064697265625,729613,0.0,0.0
2019-11-18 00:00:00+05:30,1674.5065470297423,1679.0240152633828,1649.5891897367155,1653.868896484375,1273055,0.0,0.0
2019-11-19 00:00:00+05:30,1662.3804363071051,1662.4280350342192,1634.3721843285502,1637.0826416015625,1187377,0.0,0.0
2019-11-20 00:00:00+05:30,1645.214402811317,1663.236677024013,1631.4717192549203,1639.127685546875,1374382,0.0,0.0
2019-11-21 00:00:00+05:30,1643.3121565121405,1649.9218787683692,1627.2394583394562,1636.1317138671875,913095,0.0,0.0
2019-11-22 00:00:00+05:30,1626.2884364611964,1630.0450212070482,1593.9528769058277,1600.3724365234375,1275334,0.0,0.0
2019-11-25 00:00:00+05:30,1601.561103446583,1633.896660167001,1584.584959387255,1626.9539794921875,1320689,0.0,0.0
2019-11-26 00:00:00+05:30,1633.8966143065004,1644.2154375749353,1604.9848000079137,1626.5736083984375,2714721,0.0,0.0
2019-11-27 00:00:00+05:30,1630.0925761735912,1646.2603555172032,1621.1527220235248,1631.37646484375,883771,0.0,0.0
2019-11-28 00:00:00+05:30,1634.13442628483,1642.9791985567163,1618.4421707727101,1630.6630859375,691147,0.0,0.0
2019-11-29 00:00:00+05:30,1631.0435632496494,1636.1792338397063,1595.2366653040233,1622.6268310546875,1890290,0.0,0.0
2019-12-02 00:00:00+05:30,1622.6745701985756,1657.1975849776513,1615.2088826329232,1653.1556396484375,1476972,0.0,0.0
2019-12-03 00:00:00+05:30,1654.8201075318252,1665.2340152190152,1640.5544169496543,1651.44384765625,1374317,0.0,0.0
2019-12-04 00:00:00+05:30,1646.4507811326268,1649.4941979752134,1626.5264139627486,1636.08447265625,853421,0.0,0.0
2019-12-05 00:00:00+05:30,1633.3264626949363,1653.0606676670614,1623.4355608394078,1631.852294921875,971984,0.0,0.0
2019-12-06 00:00:00+05:30,1638.5568292084824,1662.0476139901218,1628.9987724972095,1632.61279296875,1031777,0.0,0.0
2019-12-09 00:00:00+05:30,1640.554245965938,1648.0675321083872,1627.2396028102723,1641.838134765625,751290,0.0,0.0
2019-12-10 00:00:00+05:30,1641.5049723441969,1647.2112468714652,1625.3371945169365,1629.2840576171875,686580,0.0,0.0
2019-12-11 00:00:00+05:30,1633.8968297253227,1656.341489382749,1629.3793617735212,1653.10791015625,827804,0.0,0.0
2019-12-12 00:00:00+05:30,1655.1524246616232,1668.1342221865832,1643.5021143869449,1664.9482421875,802332,0.0,0.0
2019-12-13 00:00:00+05:30,1665.2812133437321,1671.6531738330775,1650.5876020167182,1658.5762939453125,960033,0.0,0.0
2019-12-16 00:00:00+05:30,1658.6241497660963,1666.2325174255739,1643.455013182804,1646.6884765625,707437,0.0,0.0
2019-12-17 00:00:00+05:30,1650.254707041243,1663.3315874356279,1645.5470765370499,1659.9554443359375,873024,0.0,0.0
2019-12-18 00:00:00+05:30,1663.6170787625174,1694.763832702476,1648.7807856008517,1691.3875732421875,1476506,0.0,0.0
2019-12-19 00:00:00+05:30,1691.720465217971,1719.300795859204,1688.6770487319125,1714.830810546875,2554245,0.0,0.0
2019-12-20 00:00:00+05:30,1716.5899817254024,1720.4417634544993,1707.127122941308,1711.1690673828125,1419128,0.0,0.0
2019-12-23 00:00:00+05:30,1707.8881994418482,1725.767791928212,1698.75806632302,1719.06298828125,659899,0.0,0.0
2019-12-24 00:00:00+05:30,1723.2953078890273,1736.609951548214,1710.9793089420714,1715.163818359375,896574,0.0,0.0
2019-12-26 00:00:00+05:30,1711.3119518617252,1730.6181132550898,1709.077017298963,1721.0125732421875,1161570,0.0,0.0
2019-12-27 00:00:00+05:30,1722.3440296048377,1736.609717315535,1712.453129573195,1723.5328369140625,930468,0.0,0.0
2019-12-30 00:00:00+05:30,1721.3931979278323,1729.4294899002564,1710.6463320775633,1714.0701904296875,562492,0.0,0.0
2019-12-31 00:00:00+05:30,1716.6377292643913,1716.6377292643913,1693.9077106275383,1697.5692138671875,928396,0.0,0.0
2020-01-01 00:00:00+05:30,1702.5623895334975,1714.3078997279497,1695.905067976242,1705.41552734375,397285,0.0,0.0
2020-01-02 00:00:00+05:30,1703.323321384102,1711.7876536819024,1696.0953952771913,1702.990478515625,411266,0.0,0.0
2020-01-03 00:00:00+05:30,1692.671468818974,1692.671468818974,1661.5247168901146,1665.6617431640625,1318628,0.0,0.0
2020-01-06 00:00:00+05:30,1652.8700222066104,1652.917620934985,1611.071605215112,1623.577880859375,1871804,0.0,0.0
2020-01-07 00:00:00+05:30,1627.2397248816658,1655.2955822072117,1627.2397248816658,1639.9837646484375,1033650,0.0,0.0
2020-01-08 00:00:00+05:30,1612.9737409028032,1651.0155744146618,1612.022695065007,1644.1680908203125,1006057,0.0,0.0
2020-01-09 00:00:00+05:30,1676.6938328858123,1688.1063830812914,1655.7708241941004,1685.7763671875,1781733,0.0,0.0
2020-01-10 00:00:00+05:30,1685.2533237268779,1709.3148312765675,1673.840773001865,1704.79736328125,1256612,0.0,0.0
2020-01-13 00:00:00+05:30,1710.9315307227416,1719.4433448741534,1706.5091441809684,1716.542724609375,823821,0.0,0.0
2020-01-14 00:00:00+05:30,1716.6378918081873,1732.4728296523485,1716.4477290612886,1730.09521484375,775629,0.0,0.0
2020-01-15 00:00:00+05:30,1728.5259447370847,1754.6797073121988,1721.4881817707053,1752.0643310546875,1252925,0.0,0.0
2020-01-16 00:00:00+05:30,1746.0726567043646,1757.532806125819,1739.225172728675,1745.3118896484375,1031569,0.0,0.0
2020-01-17 00:00:00+05:30,1745.7397827946727,1748.8782806161187,1726.1482610125422,1740.4615478515625,862204,0.0,0.0
2020-01-20 00:00:00+05:30,1748.0221076846685,1771.0849673752853,1743.8374831198516,1758.245849609375,1091453,0.0,0.0
2020-01-21 00:00:00+05:30,1749.876816436416,1752.3496285942927,1706.0336246883262,1722.1063232421875,2101561,0.0,0.0
2020-01-22 00:00:00+05:30,1726.1483288253478,1729.6671522589938,1680.3554449822439,1692.1484375,3415306,0.0,0.0
2020-01-23 00:00:00+05:30,1691.910521930491,1701.420980176306,1671.082595153264,1689.1524658203125,1885275,0.0,0.0
2020-01-24 00:00:00+05:30,1696.3329177683997,1711.7874125047156,1693.0993387277554,1699.3287353515625,1195596,0.0,0.0
2020-01-27 00:00:00+05:30,1699.518601806683,1717.3507080091872,1692.861282157748,1700.802490234375,969054,0.0,0.0
2020-01-28 00:00:00+05:30,1706.1763444321878,1706.1763444321878,1686.204380534152,1692.0057373046875,873291,0.0,0.0
2020-01-29 00:00:00+05:30,1699.5191944439273,1715.5442962537832,1693.8129184692975,1708.9820556640625,873805,0.0,0.0
2020-01-30 00:00:00+05:30,1711.8827097039473,1720.3470418763786,1698.56806640625,1716.637939453125,1005975,0.0,0.0
2020-01-31 00:00:00+05:30,1721.3932140559139,1734.7078577005452,1701.13588835879,1707.7457275390625,1169614,0.0,0.0
2020-02-03 00:00:00+05:30,1682.2099650713046,1781.2138159646624,1678.5959443623701,1776.2208251953125,2854532,0.0,0.0
2020-02-04 00:00:00+05:30,1778.455690213915,1803.8961659963868,1764.2376015882246,1798.7130126953125,1830049,0.0,0.0
2020-02-05 00:00:00+05:30,1796.5257577807035,1797.4768037085917,1774.7943815473543,1781.7845458984375,1344016,0.0,0.0
2020-02-06 00:00:00+05:30,1786.0643500130761,1790.248975542972,1754.679832680578,1765.9022216796875,995386,0.0,0.0
2020-02-07 00:00:00+05:30,1765.902090023728,1784.6376479906373,1760.0055357320641,1767.708984375,632858,0.0,0.0
2020-02-10 00:00:00+05:30,1775.6027318807044,1781.0712459183658,1747.2615170390347,1777.9803466796875,747711,0.0,0.0
2020-02-11 00:00:00+05:30,1787.9663122071288,1801.7564779129816,1781.0712293542024,1786.1593017578125,1093021,0.0,0.0
2020-02-12 00:00:00+05:30,1787.9662016645188,1822.8695379932692,1786.2542726932247,1800.9954833984375,1616826,0.0,0.0
2020-02-13 00:00:00+05:30,1796.5255839253978,1808.8415810619028,1776.6012201020726,1782.3074951171875,638878,0.0,0.0
2020-02-14 00:00:00+05:30,1784.637644914798,1806.6543808860386,1778.455846517811,1785.1607666015625,771464,0.0,0.0
2020-02-17 00:00:00+05:30,1787.8712826550293,1800.8054841972023,1779.026508990921,1789.2978515625,676579,0.0,0.0
2020-02-18 00:00:00+05:30,1787.8711210774732,1787.8711210774732,1769.8963312489059,1772.4166259765625,683421,0.0,0.0
2020-02-19 00:00:00+05:30,1778.5508177800748,1800.0920294640907,1760.718708123516,1792.6263427734375,723351,0.0,0.0
2020-02-20 00:00:00+05:30,1790.8194519614474,1793.6725896969144,1749.0210305746446,1752.0643310546875,1401879,0.0,0.0
2020-02-24 00:00:00+05:30,1754.9174610347418,1762.2880668187925,1725.1972764216348,1729.9049072265625,1310832,0.0,0.0
2020-02-25 00:00:00+05:30,1748.402498797641,1753.3004075415693,1731.0933968000588,1736.70458984375,897257,0.0,0.0
2020-02-26 00:00:00+05:30,1736.6098242859807,1754.6796964992523,1730.9035488502109,1737.22802734375,1909619,0.0,0.0
2020-02-27 00:00:00+05:30,1740.2712923737047,1761.3369819807592,1721.8209789547966,1753.5384521484375,1643273,0.0,0.0
2020-02-28 00:00:00+05:30,1730.9033454578735,1751.9214342909704,1695.857331160214,1709.9327392578125,2964119,0.0,0.0
2020-03-02 00:00:00+05:30,1726.2432626818231,1747.499113761802,1682.637834598557,1699.3287353515625,1219296,0.0,0.0
2020-03-03 00:00:00+05:30,1699.7107523880989,1735.947902069314,1687.2496935954223,1719.2855224609375,1392463,7.15,0.0
2020-03-04 00:00:00+05:30,1722.627819601255,1773.61762301668,1722.627819601255,1764.54638671875,3050469,0.0,0.0
2020-03-05 00:00:00+05:30,1770.3232381843268,1797.059511468664,1768.5089677564235,1789.8502197265625,2062439,0.0,0.0
2020-03-06 00:00:00+05:30,1756.954885120809,1799.3509937043798,1752.18055119385,1792.714599609375,1393659,0.0,0.0
2020-03-09 00:00:00+05:30,1802.7884654850225,1829.4292717352462,1764.5937946061024,1782.8795166015625,3420741,0.0,0.0
2020-03-11 00:00:00+05:30,1790.3277435933758,1819.0215421023452,1767.936160211282,1797.8712158203125,3194186,0.0,0.0
2020-03-12 00:00:00+05:30,1780.7789095223106,1790.1844413715503,1733.0833563399578,1760.15380859375,6254349,0.0,0.0
2020-03-13 00:00:00+05:30,1704.4372033546013,1760.5356267143113,1594.4842702573917,1716.56396484375,3878300,0.0,0.0
2020-03-16 00:00:00+05:30,1696.798235049233,1696.798235049233,1602.409678994715,1607.4227294921875,2867336,0.0,0.0
2020-03-17 00:00:00+05:30,1622.318871967655,1699.4721645337381,1594.6277317162942,1653.447509765625,2643189,0.0,0.0
2020-03-18 00:00:00+05:30,1653.8296854309356,1679.181451540401,1535.4261744647486,1545.165771484375,3676437,0.0,0.0
2020-03-19 00:00:00+05:30,1470.494935210181,1579.3019651229665,1366.6053762800652,1528.9327392578125,4906644,0.0,0.0
2020-03-20 00:00:00+05:30,1537.3356531327447,1678.0830523901207,1499.6662019210246,1664.28515625,3128629,0.0,0.0
2020-03-23 00:00:00+05:30,1507.3527920727297,1575.5303087451534,1423.4677622799015,1430.8201904296875,2155326,0.0,0.0
2020-03-24 00:00:00+05:30,1486.297910864168,1525.877091680462,1387.660127337066,1456.028564453125,3910566,0.0,0.0
2020-03-25 00:00:00+05:30,1381.2627524415393,1532.895545305295,1380.7375290253644,1521.2462158203125,2196415,0.0,0.0
2020-03-26 00:00:00+05:30,1532.5611902986352,1575.5301956341111,1502.9603199564187,1543.9718017578125,2622118,0.0,0.0
2020-03-27 00:00:00+05:30,1589.6624564641943,1590.092099943407,1480.2346168389452,1531.749755859375,2102479,0.0,0.0
2020-03-30 00:00:00+05:30,1519.3365414170391,1546.4069956137496,1488.685336227089,1522.9649658203125,1844011,0.0,0.0
2020-03-31 00:00:00+05:30,1551.6585502544397,1613.7248922646172,1529.5056871151623,1591.2855224609375,2789174,0.0,0.0
2020-04-01 00:00:00+05:30,1575.5778844203735,1580.304428079401,1512.7476073624116,1530.84228515625,1559455,0.0,0.0
2020-04-03 00:00:00+05:30,1542.2053650939756,1543.064768537146,1448.7716708310547,1452.2569580078125,2925847,0.0,0.0
2020-04-07 00:00:00+05:30,1470.4950455452006,1561.207402250911,1468.5853117198171,1550.512939453125,2733586,0.0,0.0
2020-04-08 00:00:00+05:30,1550.5128741171784,1611.6243539543136,1527.7869959283846,1536.3330078125,2382213,0.0,0.0
2020-04-09 00:00:00+05:30,1565.9814993636464,1603.125839947315,1545.8815072748994,1576.8192138671875,1489539,0.0,0.0
2020-04-13 00:00:00+05:30,1571.7108287629137,1626.7589257556403,1530.5083010393619,1604.9879150390625,2586159,0.0,0.0
2020-04-15 00:00:00+05:30,1626.7589785538214,1658.3650488750163,1607.8048943547478,1640.6522216796875,2508270,0.0,0.0
2020-04-16 00:00:00+05:30,1614.6798062953994,1673.2131894814997,1608.7118886198548,1664.4283447265625,1821296,0.0,0.0
2020-04-17 00:00:00+05:30,1683.4300918177269,1703.1957870541942,1649.1503519449964,1676.9847412109375,1398686,0.0,0.0
2020-04-20 00:00:00+05:30,1678.894711433801,1679.2766815024565,1628.6687362694172,1652.349365234375,1431055,0.0,0.0
2020-04-21 00:00:00+05:30,1632.8223497870347,1674.788702152816,1623.2736810748297,1648.1002197265625,1594930,0.0,0.0
2020-04-22 00:00:00+05:30,1639.601599327484,1739.7671402070118,1634.9705191105686,1731.17333984375,3727805,0.0,0.0
2020-04-23 00:00:00+05:30,1725.4444048186965,1762.11131531684,1719.7629936629378,1739.4332275390625,2573552,0.0,0.0
2020-04-24 00:00:00+05:30,1733.1313018134613,1759.6288596391396,1732.1286448929918,1745.067138671875,2744768,0.0,0.0
2020-04-27 00:00:00+05:30,1756.9548878203914,1775.8612968245525,1736.043281876004,1767.7926025390625,1770889,0.0,0.0
2020-04-28 00:00:00+05:30,1763.8302231862178,1779.872034932289,1724.7762572993604,1742.059326171875,1934910,0.0,0.0
2020-04-29 00:00:00+05:30,1763.5433696410191,1763.638833000906,1676.6504980638222,1687.7269287109375,2931120,0.0,0.0
2020-04-30 00:00:00+05:30,1713.9860553040237,1715.8957890703791,1662.4232436124262,1679.3243408203125,2926333,0.0,0.0
2020-05-04 00:00:00+05:30,1640.4611938284024,1671.9717988320913,1596.05988677775,1601.1207275390625,2942397,0.0,0.0
2020-05-05 00:00:00+05:30,1605.131121223135,1616.4940596706824,1507.0185556635413,1546.0726318359375,5867890,0.0,0.0
2020-05-06 00:00:00+05:30,1542.1098238690602,1564.7401195516393,1505.8248868368469,1537.9561767578125,3937921,0.0,0.0
2020-05-07 00:00:00+05:30,1537.2879342356457,1555.191688787728,1475.460301849121,1522.3443603515625,5256213,0.0,0.0
2020-05-08 00:00:00+05:30,1539.0543168076215,1564.0717797246505,1499.1408389302205,1507.1617431640625,5644426,0.0,0.0
2020-05-11 00:00:00+05:30,1511.554026496631,1526.8318941049354,1484.817758182098,1498.7587890625,3767646,0.0,0.0
2020-05-12 00:00:00+05:30,1469.5398788536168,1474.0754957636589,1443.75847747022,1454.59619140625,4504073,0.0,0.0
2020-05-13 00:00:00+05:30,1508.4988347448823,1508.4988347448823,1464.1451955538776,1492.7435302734375,2940514,0.0,0.0
2020-05-14 00:00:00+05:30,1483.1947403424601,1487.3005979041443,1448.5330266982298,1453.6893310546875,2592264,0.0,0.0
2020-05-15 00:00:00+05:30,1459.991578684909,1489.5924543809406,1441.8491064841155,1482.860595703125,2860493,0.0,0.0
2020-05-18 00:00:00+05:30,1487.682405586203,1488.2076289262639,1430.4858635996916,1433.3504638671875,2871905,0.0,0.0
2020-05-19 00:00:00+05:30,1441.848767706263,1448.485044880294,1416.0195759385635,1436.07177734375,3164137,0.0,0.0
2020-05-20 00:00:00+05:30,1436.0720322043894,1445.6684912043136,1425.282106136565,1432.34814453125,2057402,0.0,0.0
2020-05-21 00:00:00+05:30,1435.165010864048,1512.0317995364073,1433.2552769839895,1503.2470703125,3845743,0.0,0.0
2020-05-22 00:00:00+05:30,1497.995209836341,1551.6586819348993,1485.1999703162057,1544.879150390625,5203736,0.0,0.0
2020-05-26 00:00:00+05:30,1551.6584703511478,1582.1664164207757,1546.8841365962212,1556.28955078125,3552636,0.0,0.0
2020-05-27 00:00:00+05:30,1557.3876441276975,1562.9735912129138,1523.9195184557207,1546.35888671875,2260057,0.0,0.0
2020-05-28 00:00:00+05:30,1548.7938471095306,1582.1663929367678,1542.3484966360477,1569.4189453125,3138915,0.0,0.0
2020-05-29 00:00:00+05:30,1565.0266294022574,1622.318635359631,1559.3928921709387,1607.13623046875,3532977,0.0,0.0
2020-06-01 00:00:00+05:30,1629.4802324674374,1634.636536620708,1605.6085619068244,1616.8282470703125,2529255,0.0,0.0
2020-06-02 00:00:00+05:30,1616.828150385936,1654.78410430759,1604.1761657453847,1632.15380859375,2440552,0.0,0.0
2020-06-03 00:00:00+05:30,1646.1903712265798,1665.2877073196955,1628.8595154098994,1639.07666015625,3088817,0.0,0.0
2020-06-04 00:00:00+05:30,1638.9809832530798,1641.988836821957,1553.5681992546145,1560.0135498046875,4388930,0.0,0.0
2020-06-05 00:00:00+05:30,1575.530101239648,1584.4580818344969,1547.8389661269514,1564.596923828125,2884206,0.0,0.0
2020-06-08 00:00:00+05:30,1582.2144326286905,1590.8082346164142,1555.4781597779945,1560.4912109375,2046505,0.0,0.0
2020-06-09 00:00:00+05:30,1565.9815633355372,1618.4992377156925,1562.8782462130735,1567.9390869140625,3671930,0.0,0.0
2020-06-10 00:00:00+05:30,1573.6205720736068,1599.4974404502595,1554.427771660859,1562.1143798828125,2069280,0.0,0.0
2020-06-11 00:00:00+05:30,1562.114173381128,1571.710630599358,1534.470828294756,1537.9083251953125,1888420,0.0,0.0
2020-06-12 00:00:00+05:30,1508.6897005935436,1568.7985252681476,1506.302533345769,1563.4512939453125,2391556,0.0,0.0
2020-06-15 00:00:00+05:30,1555.4783819670868,1576.1512763471567,1529.7924357114323,1545.165771484375,1681166,0.0,0.0
2020-06-16 00:00:00+05:30,1565.0268119617317,1566.2203955584077,1535.0917586692742,1548.507568359375,1497691,0.0,0.0
2020-06-17 00:00:00+05:30,1534.99630929803,1549.4147759652426,1518.6203188900502,1523.3946533203125,1812788,0.0,0.0
2020-06-18 00:00:00+05:30,1523.3944536881713,1539.4361453351414,1515.6600562368747,1525.6861572265625,1417273,0.0,0.0
2020-06-19 00:00:00+05:30,1525.6861992840957,1556.4328632090235,1519.2408484701934,1549.2713623046875,2714342,0.0,0.0
2020-06-22 00:00:00+05:30,1559.2974082437117,1597.9695117549613,1550.703607463434,1577.5831298828125,2034739,0.0,0.0
2020-06-23 00:00:00+05:30,1584.9355544818573,1612.7699436058217,1566.9363395246614,1607.900146484375,2334863,0.0,0.0
2020-06-24 00:00:00+05:30,1607.9956670191552,1731.8896324560526,1607.9956670191552,1668.3909912109375,11545923,0.0,0.0
2020-06-25 00:00:00+05:30,1661.46822616008,1668.152293736586,1607.184072083062,1612.77001953125,4054785,0.0,0.0
2020-06-26 00:00:00+05:30,1632.8222352295463,1633.1564152988483,1595.295923199038,1610.62158203125,2129986,0.0,0.0
2020-06-29 00:00:00+05:30,1610.8602480842258,1631.342093766574,1598.4947699826223,1615.5867919921875,2753482,0.0,0.0
2020-06-30 00:00:00+05:30,1631.7720031813737,1640.4612683101857,1605.751881201483,1611.2900390625,1960731,0.0,0.0
2020-07-01 00:00:00+05:30,1621.36373091422,1621.36373091422,1604.2239194879776,1611.8150634765625,1661296,0.0,0.0
2020-07-02 00:00:00+05:30,1623.2735748908574,1627.0930421258947,1585.1743659091821,1610.3350830078125,2038399,0.0,0.0
2020-07-03 00:00:00+05:30,1618.881156352726,1642.370855744806,1613.7248524469314,1619.119873046875,1988941,0.0,0.0
2020-07-06 00:00:00+05:30,1631.819462384892,1634.7318525549758,1615.7777711514884,1631.7239990234375,1236670,0.0,0.0
2020-07-07 00:00:00+05:30,1631.8197143583675,1670.9215831844253,1628.8596503309254,1666.9588623046875,2983260,0.0,0.0
2020-07-08 00:00:00+05:30,1671.016797743699,1682.2842719185521,1604.223915795382,1610.14404296875,2725937,0.0,0.0
2020-07-09 00:00:00+05:30,1617.5443422498272,1644.280612369659,1615.730072036661,1639.7449951171875,1904661,0.0,0.0
2020-07-10 00:00:00+05:30,1630.864833628498,1633.7772242235653,1618.6902809640617,1626.61572265625,1156043,0.0,0.0
2020-07-13 00:00:00+05:30,1630.9126150056343,1654.6888233960574,1623.2736800407365,1628.668701171875,1289791,0.0,0.0
2020-07-14 00:00:00+05:30,1628.6684726917135,1640.4610535772551,1606.1813144190817,1612.197021484375,1347120,0.0,0.0
2020-07-15 00:00:00+05:30,1623.2735757301455,1636.2597410238086,1588.2300104549151,1596.203125,1611341,0.0,0.0
2020-07-16 00:00:00+05:30,1603.985273823513,1620.5043992855672,1570.8513264112034,1616.7803955078125,1442725,0.0,0.0
2020-07-17 00:00:00+05:30,1618.4993697522432,1663.8555467806984,1613.4863186069929,1640.3658447265625,2308792,0.0,0.0
2020-07-20 00:00:00+05:30,1649.0552182794372,1678.0354068229483,1642.6098663840196,1672.544921875,1848600,0.0,0.0
2020-07-21 00:00:00+05:30,1681.520681333936,1691.7855009388988,1641.4162698540806,1646.4293212890625,2088461,0.0,0.0
2020-07-22 00:00:00+05:30,1646.4291592125132,1658.030814703571,1614.6798365830707,1619.2154541015625,1300409,0.0,0.0
2020-07-23 00:00:00+05:30,1615.153693570036,1662.9393058058358,1612.286556835888,1651.2796630859375,2375218,1.5,0.0
2020-07-24 00:00:00+05:30,1647.6480102764228,1650.5151471852564,1607.5080935527512,1636.227294921875,3971563,0.0,0.0
2020-07-27 00:00:00+05:30,1641.1488121933824,1708.8132772186793,1641.1488121933824,1699.3995361328125,6470525,0.0,0.0
2020-07-28 00:00:00+05:30,1700.2121252693278,1713.2576210641628,1673.5000140365523,1681.7191162109375,2534092,0.0,0.0
2020-07-29 00:00:00+05:30,1691.6106280123427,1701.072202315399,1653.382139243702,1663.0826416015625,1530981,0.0,0.0
2020-07-30 00:00:00+05:30,1674.4080484973485,1699.2565697650034,1651.566499845414,1666.14111328125,2113975,0.0,0.0
2020-07-31 00:00:00+05:30,1676.3193367913873,1692.4708976337702,1634.65030477409,1639.5244140625,1678643,0.0,0.0
2020-08-03 00:00:00+05:30,1652.4263998684173,1658.1606730894762,1622.3214654578592,1629.9671630859375,1437425,0.0,0.0
2020-08-04 00:00:00+05:30,1642.8692398614937,1658.1606347642187,1632.8820942312855,1638.0428466796875,1815396,0.0,0.0
2020-08-05 00:00:00+05:30,1641.913848930969,1664.8031134887815,1636.6574309047057,1640.2891845703125,1416803,0.0,0.0
2020-08-06 00:00:00+05:30,1655.3414766805686,1674.5034376118188,1643.920645105553,1651.040771484375,1914507,0.0,0.0
2020-08-07 00:00:00+05:30,1651.0408584763022,1736.4337305938495,1649.2726973600948,1726.25537109375,5166075,0.0,0.0
2020-08-10 00:00:00+05:30,1729.8391631921927,1743.5058949592928,1698.300659111893,1703.4136962890625,1892614,0.0,0.0
2020-08-11 00:00:00+05:30,1720.2819455451345,1756.4079130672167,1701.167701705744,1710.2947998046875,3039662,0.0,0.0
2020-08-12 00:00:00+05:30,1710.6771842104981,1726.016413286575,1693.5221950962407,1717.6539306640625,1679096,0.0,0.0
2020-08-13 00:00:00+05:30,1726.3983402788188,1734.6174409084354,1708.813214514756,1722.7188720703125,1192375,0.0,0.0
2020-08-14 00:00:00+05:30,1738.1535289708288,1748.953122238257,1715.981055179667,1722.7188720703125,1868376,0.0,0.0
2020-08-17 00:00:00+05:30,1739.3962201601648,1760.899744859947,1722.0500202361895,1755.3565673828125,1634180,0.0,0.0
2020-08-18 00:00:00+05:30,1749.909166294472,1800.5619166022857,1749.909166294472,1791.100341796875,2586298,0.0,0.0
2020-08-19 00:00:00+05:30,1806.2961327331645,1818.1469878362957,1789.6190008188046,1802.1865234375,1947114,0.0,0.0
2020-08-20 00:00:00+05:30,1785.222719841247,1796.7390995652697,1774.8055492441945,1791.864990234375,1538879,0.0,0.0
2020-08-21 00:00:00+05:30,1804.2891419240643,1885.8591574024983,1797.4557761483586,1871.2845458984375,5688228,0.0,0.0
2020-08-24 00:00:00+05:30,1871.284747049773,1907.6018156850598,1854.0819250646373,1875.2509765625,3996329,0.0,0.0
2020-08-25 00:00:00+05:30,1877.2579273246583,1927.5283720978719,1877.0189992443063,1911.998046875,3544399,0.0,0.0
2020-08-26 00:00:00+05:30,1912.3324140152324,1920.02594443033,1868.8953381451022,1884.0911865234375,2245810,0.0,0.0
2020-08-27 00:00:00+05:30,1893.170224710348,1920.0257128413657,1882.8007711968085,1894.6993408203125,3116305,0.0,0.0
2020-08-28 00:00:00+05:30,1905.6902199428894,1908.557356683024,1866.792778167365,1871.380126953125,1842536,0.0,0.0
2020-08-31 00:00:00+05:30,1889.4431738615904,1896.0376119135017,1797.9337232307116,1814.9931640625,2738522,0.0,0.0
2020-09-01 00:00:00+05:30,1839.7460153692766,1899.9558849631803,1823.2599796471366,1891.6412353515625,3068285,0.0,0.0
2020-09-02 00:00:00+05:30,1890.3510285446719,1908.5573938648545,1839.746110761064,1857.8568115234375,2569603,0.0,0.0
2020-09-03 00:00:00+05:30,1863.8299568718105,1899.8125459072157,1858.8602999078735,1890.3988037109375,1931667,0.0,0.0
2020-09-04 00:00:00+05:30,1871.2844679775314,1905.4033464941228,1864.5944826476832,1869.70751953125,1930422,0.0,0.0
2020-09-07 00:00:00+05:30,1877.9746043122889,1914.912906757917,1861.8230436701174,1894.3172607421875,2855392,0.0,0.0
2020-09-08 00:00:00+05:30,1899.47800517548,1913.287999855649,1865.5502219383834,1873.5303955078125,2401034,0.0,0.0
2020-09-09 00:00:00+05:30,1873.5304549720918,1905.594647094983,1871.2845545545508,1891.40234375,2776804,0.0,0.0
2020-09-10 00:00:00+05:30,1897.136901912355,1978.037861348824,1893.266220117244,1965.4703369140625,5081252,0.0,0.0
2020-09-11 00:00:00+05:30,1971.634288499051,1978.2764416904533,1932.450087903578,1945.7822265625,2599475,0.0,0.0
2020-09-14 00:00:00+05:30,1959.2099895490212,1963.0328383091169,1916.2029409979452,1941.2425537109375,2142458,0.0,0.0
2020-09-15 00:00:00+05:30,1954.4315197997068,1958.7800571328683,1920.0737116307225,1928.197265625,1997383,0.0,0.0
2020-09-16 00:00:00+05:30,1937.2286607337699,1937.2286607337699,1905.8335377887859,1922.988525390625,1717740,0.0,0.0
2020-09-17 00:00:00+05:30,1911.4243516646416,1954.431399577096,1911.4243516646416,1919.022216796875,2416918,0.0,0.0
2020-09-18 00:00:00+05:30,1936.5598000467787,1953.8103363497237,1925.7602048378815,1938.5667724609375,3021436,0.0,0.0
2020-09-21 00:00:00+05:30,1946.2125134606913,1965.9001631275942,1875.3942567314034,1885.1903076171875,2518361,0.0,0.0
2020-09-22 00:00:00+05:30,1902.0584943499873,1907.314911783203,1841.0362898444744,1851.6925048828125,1974860,0.0,0.0
2020-09-23 00:00:00+05:30,1854.0819563959624,1901.867573828848,1842.9001685823093,1860.3419189453125,2732912,0.0,0.0
2020-09-24 00:00:00+05:30,1855.563096299418,1858.8602567730459,1823.2599767911456,1833.3905029296875,1906183,0.0,0.0
2020-09-25 00:00:00+05:30,1839.9851041062118,1868.4175450085154,1823.4990669443719,1840.319580078125,1939316,0.0,0.0
2020-09-28 00:00:00+05:30,1852.170447703041,1871.2846938093674,1844.5247492605104,1859.433837890625,1137313,0.0,0.0
2020-09-29 00:00:00+05:30,1873.1960256379116,1901.819561098731,1867.4617520900404,1873.148193359375,1965383,0.0,0.0
2020-09-30 00:00:00+05:30,1879.025994924016,1915.2475156841974,1871.4281285409102,1898.427001953125,2518982,0.0,0.0
2020-10-01 00:00:00+05:30,1918.1143597453984,1958.588864205325,1903.8265092121317,1950.0828857421875,2014003,0.0,0.0
2020-10-05 00:00:00+05:30,1950.0830191212324,1952.2333716895482,1921.9373399482442,1938.1844482421875,1554873,0.0,0.0
2020-10-06 00:00:00+05:30,1959.2099889727872,2004.9885095302,1954.5269759102302,1997.4384765625,3152378,0.0,0.0
2020-10-07 00:00:00+05:30,1987.881726915083,2024.963413486642,1982.0996204187495,2011.7745361328125,2429595,0.0,0.0
2020-10-08 00:00:00+05:30,2011.2960790685333,2014.5932390899018,1980.2832686347213,1996.14794921875,1427493,0.0,0.0
2020-10-09 00:00:00+05:30,2001.2613863034092,2015.501405033227,1954.5748677446693,1959.7835693359375,1636939,0.0,0.0
2020-10-12 00:00:00+05:30,1976.3172587232857,1994.045767539226,1950.8476207173317,1985.8267822265625,2182836,0.0,0.0
2020-10-13 00:00:00+05:30,1985.0143211278585,2020.375673983771,1963.0807719004356,1973.211181640625,2619233,0.0,0.0
2020-10-14 00:00:00+05:30,1978.3241971889088,1993.1377358635116,1963.9885146005834,1979.614501953125,1530471,0.0,0.0
2020-10-15 00:00:00+05:30,1978.3243832425712,2029.9328454141164,1974.5493664715866,1997.86865234375,4001883,0.0,0.0
2020-10-16 00:00:00+05:30,1997.3906661860383,1997.4384984616843,1964.5142598297089,1969.9139404296875,2017706,0.0,0.0
2020-10-19 00:00:00+05:30,1987.8335470639104,1987.8335470639104,1965.4221426018942,1978.419921875,1338404,0.0,0.0
2020-10-20 00:00:00+05:30,1985.8746205741627,2037.387656802624,1975.7920418333438,2024.6766357421875,2377713,0.0,0.0
2020-10-21 00:00:00+05:30,2035.6672343612533,2048.9039432774657,1989.076258926929,2020.66259765625,2895432,0.0,0.0
2020-10-22 00:00:00+05:30,2020.5667560093423,2023.0995334232832,1984.8232118323167,2006.9000244140625,2755686,0.0,0.0
2020-10-23 00:00:00+05:30,2019.8978193328287,2035.0935506182536,2003.17285513206,2026.348876953125,3070714,0.0,0.0
2020-10-26 00:00:00+05:30,2022.6217335474669,2022.6217335474669,1978.3722092708433,1988.3115234375,1278139,0.0,0.0
2020-10-27 00:00:00+05:30,1992.6602024240992,2109.5916990007477,1992.6602024240992,2100.464599609375,4964874,0.0,0.0
2020-10-28 00:00:00+05:30,2105.585222278338,2123.53218202077,2058.0615326697543,2067.05908203125,3166047,3.35,0.0
2020-10-29 00:00:00+05:30,2069.4037751099972,2137.602211269381,2068.542414653297,2130.13623046875,4795796,0.0,0.0
2020-10-30 00:00:00+05:30,2115.4442334363775,2146.791591286147,2101.4694399746354,2116.7841796875,3006197,0.0,0.0
2020-11-02 00:00:00+05:30,2103.8625601320628,2130.5675464707147,2073.3288885156458,2079.789794921875,1772571,0.0,0.0
2020-11-03 00:00:00+05:30,2099.938115835998,2099.938115835998,2054.8075804894165,2062.369140625,1781465,0.0,0.0
2020-11-04 00:00:00+05:30,2067.489691446171,2119.0334515330533,2063.6610068323816,2076.534912109375,2189957,0.0,0.0
2020-11-05 00:00:00+05:30,2096.20510386202,2149.519497437979,2090.126972758343,2142.4365234375,2671841,0.0,0.0
2020-11-06 00:00:00+05:30,2138.272432883263,2151.720734208941,2108.1694471064025,2114.43896484375,2395965,0.0,0.0
2020-11-09 00:00:00+05:30,2152.677937123584,2152.677937123584,2119.3204287504354,2129.897216796875,1691773,0.0,0.0
2020-11-10 00:00:00+05:30,2129.8973138918186,2142.6756429238976,2095.247763084761,2105.537353515625,1879561,0.0,0.0
2020-11-11 00:00:00+05:30,2110.562388466831,2127.791469189009,2064.9053712899313,2088.26025390625,2387398,0.0,0.0
2020-11-12 00:00:00+05:30,2078.9758113280213,2107.4516540476384,2069.4040994894945,2078.784423828125,1626054,0.0,0.0
2020-11-13 00:00:00+05:30,2087.111695948349,2112.046051183022,2078.9757411601986,2086.585205078125,1560060,0.0,0.0
2020-11-14 00:00:00+05:30,2098.1191056626185,2099.45905176366,2086.9681555319044,2091.0361328125,146991,0.0,0.0
2020-11-17 00:00:00+05:30,2111.9025271279147,2126.738681324491,2088.547642382542,2093.95556640625,1699293,0.0,0.0
2020-11-18 00:00:00+05:30,2091.4193923986677,2115.3486760645565,2073.3289474210205,2101.708984375,1817170,0.0,0.0
2020-11-19 00:00:00+05:30,2081.847367099664,2100.9907911649484,2064.331087343054,2069.116943359375,2669522,0.0,0.0
2020-11-20 00:00:00+05:30,2070.696620069035,2096.2530469772396,2068.0164936989627,2073.759521484375,2196113,0.0,0.0
2020-11-23 00:00:00+05:30,2068.016467358931,2102.8574086729086,2047.1979919019736,2092.61572265625,4002609,0.0,0.0
2020-11-24 00:00:00+05:30,2098.980324720076,2135.448635592319,2097.161793179189,2113.337890625,2954306,0.0,0.0
2020-11-25 00:00:00+05:30,2103.1443913047274,2114.103954662489,2057.9180527045914,2062.033935546875,1682365,0.0,0.0
2020-11-26 00:00:00+05:30,2067.4898690081873,2084.192460333437,2026.4749880867485,2062.9912109375,2247478,0.0,0.0
2020-11-27 00:00:00+05:30,2077.061724166395,2148.4667967290084,2072.275867659099,2120.421630859375,10036402,0.0,0.0
2020-12-01 00:00:00+05:30,2177.5645959152794,2177.5645959152794,2111.71116711292,2134.539794921875,2235498,0.0,0.0
2020-12-02 00:00:00+05:30,2145.0209168052784,2226.3325732734884,2140.2350602305232,2216.665283203125,3305952,0.0,0.0
2020-12-03 00:00:00+05:30,2239.7801539602638,2318.124694272306,2217.047342568573,2308.1220703125,4334658,0.0,0.0
2020-12-04 00:00:00+05:30,2297.2113659661713,2340.284079078037,2273.2820809040236,2334.3017578125,2789953,0.0,0.0
2020-12-07 00:00:00+05:30,2335.4980787583195,2372.636373632834,2332.6265647270593,2366.654052734375,1762501,0.0,0.0
2020-12-08 00:00:00+05:30,2364.739681230653,2377.804976439912,2323.9640890098763,2334.445068359375,2090950,0.0,0.0
2020-12-09 00:00:00+05:30,2345.0698994448057,2423.6537638346636,2342.1983852822204,2414.2734375,2022370,0.0,0.0
2020-12-10 00:00:00+05:30,2408.1947823009036,2442.7008500583906,2393.8851199044025,2417.8623046875,2372909,0.0,0.0
2020-12-11 00:00:00+05:30,2408.242518481115,2428.247301253898,2388.1419251233633,2412.98046875,2171653,0.0,0.0
2020-12-14 00:00:00+05:30,2421.643304128244,2444.519603922735,2413.0287627301595,2439.015869140625,1280339,0.0,0.0
2020-12-15 00:00:00+05:30,2426.4290821434765,2429.8749920652444,2395.3210169877907,2419.202392578125,1283286,0.0,0.0
2020-12-16 00:00:00+05:30,2431.214569498233,2477.062971252433,2428.9174523551237,2471.846435546875,1920875,0.0,0.0
2020-12-17 00:00:00+05:30,2458.9729831176483,2491.8519095887154,2447.4869279220816,2464.763916015625,1750663,0.0,0.0
2020-12-18 00:00:00+05:30,2466.630358612219,2523.1034634465695,2465.242507009948,2490.0810546875,4402604,0.0,0.0
2020-12-21 00:00:00+05:30,2484.2904323374446,2490.84714981925,2430.353964832349,2445.23779296875,1383048,0.0,0.0
2020-12-22 00:00:00+05:30,2432.172004520469,2501.662726694803,2389.290688282407,2489.410888671875,1993090,0.0,0.0
2020-12-23 00:00:00+05:30,2492.474046795582,2536.503926270466,2492.474046795582,2529.373046875,1339307,0.0,0.0
2020-12-24 00:00:00+05:30,2544.1610324182243,2544.1610324182243,2501.0883287091124,2534.82861328125,1143202,0.0,0.0
2020-12-28 00:00:00+05:30,2540.5721107690224,2574.3124015873736,2516.930024648792,2568.9521484375,1226254,0.0,0.0
2020-12-29 00:00:00+05:30,2570.004892680154,2596.2791976393905,2558.5188372938737,2581.299560546875,1562853,0.0,0.0
2020-12-30 00:00:00+05:30,2578.6196766779444,2625.377591683158,2565.5543809213273,2617.289306640625,1614643,0.0,0.0
2020-12-31 00:00:00+05:30,2617.2889061475626,2653.2786377085595,2608.3394953976663,2646.099853515625,1526325,0.0,0.0
2021-01-01 00:00:00+05:30,2640.835526601085,2672.4221784234246,2632.220985194992,2656.6767578125,1246698,0.0,0.0
2021-01-04 00:00:00+05:30,2661.9890838990136,2671.5607964962783,2627.4351079491325,2635.762451171875,1360486,0.0,0.0
2021-01-05 00:00:00+05:30,2635.7627881727294,2684.4829517326566,2614.992215917879,2674.193359375,1299589,0.0,0.0
2021-01-06 00:00:00+05:30,2681.323849182922,2701.5679274943154,2660.936054974478,2685.200439453125,1697884,0.0,0.0
2021-01-07 00:00:00+05:30,2681.0366252469166,2710.5654512764954,2662.371786192181,2672.661376953125,1142806,0.0,0.0
2021-01-08 00:00:00+05:30,2697.3085647642943,2727.746657051031,2669.5985039958746,2722.864990234375,1660967,0.0,0.0
2021-01-11 00:00:00+05:30,2723.1519395568384,2750.383412215534,2703.6257414429006,2727.267822265625,1517995,0.0,0.0
2021-01-12 00:00:00+05:30,2727.5549643373506,2727.937739318248,2595.991604663795,2604.031982421875,6674890,0.0,0.0
2021-01-13 00:00:00+05:30,2641.792595595861,2644.6641092867258,2563.3045547122156,2587.90380859375,2862676,0.0,0.0
2021-01-14 00:00:00+05:30,2596.805301899841,2619.442305879076,2534.589177821887,2549.80810546875,2124950,0.0,0.0
2021-01-15 00:00:00+05:30,2546.936548955071,2547.846048469848,2470.027989395248,2479.9345703125,2570436,0.0,0.0
2021-01-18 00:00:00+05:30,2480.9878834294054,2507.645196252508,2445.955322157226,2477.3505859375,2395168,0.0,0.0
2021-01-19 00:00:00+05:30,2503.00234352105,2561.964174800102,2479.0730668143483,2531.765380859375,2558693,0.0,0.0
2021-01-20 00:00:00+05:30,2540.332086463933,2591.2056366961306,2531.765451899427,2581.729736328125,2065439,0.0,0.0
2021-01-21 00:00:00+05:30,2610.1578369328895,2696.3032409668026,2579.5762652377234,2600.011962890625,5015712,0.0,0.0
2021-01-22 00:00:00+05:30,2632.221030553378,2650.2638027274747,2479.0736251393632,2485.438720703125,4945564,0.0,0.0
2021-01-25 00:00:00+05:30,2500.9448904945543,2518.7960400942434,2393.8851971406816,2406.280517578125,3520087,0.0,0.0
2021-01-27 00:00:00+05:30,2416.8572476777786,2416.8572476777786,2326.452475783696,2332.243408203125,2700415,0.0,0.0
2021-01-28 00:00:00+05:30,2316.3541885911127,2348.850102475177,2298.2158419917037,2337.124755859375,3035457,0.0,0.0
2021-01-29 00:00:00+05:30,2350.8123773769826,2377.6131699529415,2297.2107922250643,2304.24609375,2768673,0.0,0.0
2021-02-01 00:00:00+05:30,2322.672125150009,2362.059633301347,2275.1005214158995,2342.964111328125,1797359,0.0,0.0
2021-02-02 00:00:00+05:30,2354.641184171018,2412.0714569556767,2321.2360023083593,2358.134765625,2679428,0.0,0.0
2021-02-03 00:00:00+05:30,2396.6134179266273,2396.6134179266273,2333.918698693581,2348.563232421875,2409356,0.0,0.0
2021-02-04 00:00:00+05:30,2350.812719911305,2350.812719911305,2295.296784343367,2298.93408203125,3478562,0.0,0.0
2021-02-05 00:00:00+05:30,2316.3541954283687,2320.0870694596524,2269.2614213325655,2274.95654296875,3303319,0.0,0.0
2021-02-08 00:00:00+05:30,2291.4681414604374,2330.6163549982593,2271.750318782797,2313.339599609375,3666313,0.0,0.0
2021-02-09 00:00:00+05:30,2328.3190867250655,2423.988307292677,2319.8480276120426,2399.48486328125,7178572,0.0,0.0
2021-02-10 00:00:00+05:30,2420.6860761665043,2445.5725285114345,2368.998828988572,2403.07421875,4473123,0.0,0.0
2021-02-11 00:00:00+05:30,2416.8100535668577,2431.2155309101227,2388.2386254319836,2398.193115234375,1446286,0.0,0.0
2021-02-12 00:00:00+05:30,2410.156957246472,2414.9428129995426,2358.661102606557,2379.623291015625,1376085,0.0,0.0
2021-02-15 00:00:00+05:30,2388.1415748305053,2409.6779216977143,2343.681029923731,2351.52978515625,1634576,0.0,0.0
2021-02-16 00:00:00+05:30,2366.127312423477,2369.0946367501897,2318.2687502789895,2345.308837890625,1615849,0.0,0.0
2021-02-17 00:00:00+05:30,2331.669145608474,2349.9033045062056,2279.9818985383354,2285.868408203125,3178784,0.0,0.0
2021-02-18 00:00:00+05:30,2320.182672423606,2373.4014773605254,2292.664004176008,2364.930419921875,4253843,0.0,0.0
2021-02-19 00:00:00+05:30,2365.0739742741857,2365.0739742741857,2297.210636850954,2312.9560546875,2244567,0.0,0.0
2021-02-22 00:00:00+05:30,2324.729668125036,2343.15521464543,2278.0675697941683,2284.815673828125,2002642,0.0,0.0
2021-02-23 00:00:00+05:30,2273.2816887014515,2297.210969635151,2215.8514144605724,2270.6015625,3267268,0.0,0.0
2021-02-24 00:00:00+05:30,2271.367504954979,2306.160775337763,2246.672438568778,2260.216552734375,1708526,0.0,0.0
2021-02-25 00:00:00+05:30,2273.2814248453133,2284.049600015633,2236.1431384099164,2272.0849609375,2839515,0.0,0.0
2021-02-26 00:00:00+05:30,2237.914376501055,2258.9242395344218,2163.2071107405905,2179.67041015625,3933813,0.0,0.0
2021-03-01 00:00:00+05:30,2201.493915707358,2268.400093845751,2201.493915707358,2261.125732421875,2545806,0.0,0.0
2021-03-02 00:00:00+05:30,2283.8102691041786,2299.6514977160173,2257.966649126889,2288.021728515625,2033586,0.0,0.0
2021-03-03 00:00:00+05:30,2302.9540658696887,2314.1529229443963,2274.0475403749524,2299.22119140625,1591567,0.0,0.0
2021-03-04 00:00:00+05:30,2278.067468098899,2330.7118843784956,2249.352331946392,2313.57861328125,2149984,0.0,0.0
2021-03-05 00:00:00+05:30,2296.2542602133335,2320.087735342859,2275.292299373362,2284.864013671875,1953642,0.0,0.0
2021-03-08 00:00:00+05:30,2280.9390535761986,2310.1327762510095,2258.9720204643245,2280.65185546875,1593838,0.0,0.0
2021-03-09 00:00:00+05:30,2297.2107383986845,2339.3262686026605,2293.5255360320925,2318.9384765625,1800442,0.0,0.0
2021-03-10 00:00:00+05:30,2341.240782723724,2341.240782723724,2312.0949660779593,2327.79248046875,1056102,0.0,0.0
2021-03-12 00:00:00+05:30,2338.1778736632564,2359.0919243476446,2294.3393855995314,2298.503173828125,1279203,0.0,0.0
2021-03-15 00:00:00+05:30,2299.6514719738575,2323.5807494627443,2242.699791550307,2254.137939453125,1524449,0.0,0.0
2021-03-16 00:00:00+05:30,2277.3015614106157,2373.784460409285,2273.6165926806793,2362.872802734375,4230564,0.0,0.0
2021-03-17 00:00:00+05:30,2354.640971351123,2354.640971351123,2307.835396735813,2319.177734375,1623187,0.0,0.0
2021-03-18 00:00:00+05:30,2363.1123198518258,2363.1123198518258,2287.639273768593,2301.566162109375,1851739,0.0,0.0
2021-03-19 00:00:00+05:30,2290.5106299005315,2329.7546482147486,2254.473228507687,2307.97900390625,3738079,0.0,0.0
2021-03-22 00:00:00+05:30,2287.6390945872076,2333.679121303484,2287.6390945872076,2321.81005859375,1489853,0.0,0.0
2021-03-23 00:00:00+05:30,2325.9262965368052,2329.7070764959412,2295.488201968702,2307.070068359375,1745466,0.0,0.0
2021-03-24 00:00:00+05:30,2307.069809288379,2364.212883666852,2306.782611189115,2338.895751953125,4132092,0.0,0.0
2021-03-25 00:00:00+05:30,2345.978747212274,2363.2557344133706,2289.5535507155864,2299.316650390625,2272545,0.0,0.0
2021-03-26 00:00:00+05:30,2321.140477321424,2406.2808204640232,2305.921546634605,2397.857666015625,3084607,0.0,0.0
2021-03-30 00:00:00+05:30,2430.3537229306003,2472.804129554041,2413.5074147041964,2467.635498046875,2332884,0.0,0.0
2021-03-31 00:00:00+05:30,2467.6349750938034,2472.3250199606505,2422.6000285764044,2428.725830078125,1616044,0.0,0.0
2021-04-01 00:00:00+05:30,2423.557296003968,2454.7132629560565,2423.557296003968,2442.46142578125,1219588,0.0,0.0
2021-04-05 00:00:00+05:30,2448.44422558511,2448.44422558511,2378.0921338804555,2403.1220703125,1268939,0.0,0.0
2021-04-06 00:00:00+05:30,2417.814110235714,2507.7881903474154,2397.2349323378253,2499.748046875,3372846,0.0,0.0
2021-04-07 00:00:00+05:30,2493.4309302922165,2553.7806200828045,2488.740884971941,2516.020263671875,1937977,0.0,0.0
2021-04-08 00:00:00+05:30,2517.360240735477,2544.543809176894,2515.445898347085,2537.125732421875,897483,0.0,0.0
2021-04-09 00:00:00+05:30,2522.1460487648337,2541.2894722848705,2498.3602515674406,2518.1259765625,1185017,0.0,0.0
2021-04-12 00:00:00+05:30,2467.778866594325,2498.2169590390345,2445.5725403619667,2490.7509765625,1427691,0.0,0.0
2021-04-13 00:00:00+05:30,2488.6452621551066,2513.5317147766573,2454.4742951000853,2460.60009765625,1200230,0.0,0.0
2021-04-15 00:00:00+05:30,2479.0736109896397,2482.4716157647476,2428.3435332357976,2476.8720703125,1209829,0.0,0.0
2021-04-16 00:00:00+05:30,2476.7761162371053,2578.14044570765,2471.1286663440414,2549.61669921875,2760777,0.0,0.0
2021-04-19 00:00:00+05:30,2536.503448383227,2536.503448383227,2456.914763844491,2461.748291015625,1552036,0.0,0.0
2021-04-20 00:00:00+05:30,2488.6450058557803,2493.14366355257,2420.4944662784487,2444.280029296875,1489287,0.0,0.0
2021-04-22 00:00:00+05:30,2446.1945988677403,2447.486873522275,2381.4420576157295,2403.6962890625,1690758,0.0,0.0
2021-04-23 00:00:00+05:30,2418.867387384859,2455.1440817070948,2389.290657651917,2410.109130859375,1614593,0.0,0.0
2021-04-26 00:00:00+05:30,2421.64316124659,2464.71586569564,2421.64316124659,2448.34814453125,1103980,0.0,0.0
2021-04-27 00:00:00+05:30,2436.0009234164645,2469.4061078316,2425.4720392681024,2464.093994140625,866331,0.0,0.0
2021-04-28 00:00:00+05:30,2477.1590792474917,2508.027850617558,2464.715853578938,2502.572021484375,1065561,0.0,0.0
2021-04-29 00:00:00+05:30,2517.360764547057,2528.846821267424,2459.930480945223,2501.51953125,1295346,0.0,0.0
2021-04-30 00:00:00+05:30,2483.859620964061,2494.1971181465733,2415.948361301174,2427.769287109375,1384907,0.0,0.0
2021-05-03 00:00:00+05:30,2402.499997636266,2483.9553699143485,2398.28853732931,2471.559814453125,1034774,0.0,0.0
2021-05-04 00:00:00+05:30,2493.431304771573,2505.8266267090844,2461.4139706468,2476.345703125,1058140,0.0,0.0
2021-05-05 00:00:00+05:30,2504.9169098422053,2504.9169098422053,2437.0535685021136,2457.680419921875,1220186,0.0,0.0
2021-05-06 00:00:00+05:30,2469.3586099736212,2471.2729526807557,2419.7291818174067,2439.877685546875,1518119,0.0,0.0
2021-05-07 00:00:00+05:30,2445.572095088598,2479.0730826925515,2432.650285584216,2442.365478515625,1416102,0.0,0.0
2021-05-10 00:00:00+05:30,2478.116349941236,2478.116349941236,2433.2727837001016,2447.43896484375,1526814,0.0,0.0
2021-05-11 00:00:00+05:30,2424.5148110864916,2452.2727777353302,2413.315954037459,2446.76904296875,1168363,0.0,0.0
2021-05-12 00:00:00+05:30,2466.6301547392386,2478.068303714096,2421.6431088437225,2446.720947265625,2085630,0.0,0.0
2021-05-14 00:00:00+05:30,2507.7884423150567,2713.819534760979,2490.128681127994,2655.67138671875,10543708,0.0,0.0
2021-05-17 00:00:00+05:30,2662.8504809204023,2703.2430618955445,2629.875977309435,2663.568359375,2134352,0.0,0.0
2021-05-18 00:00:00+05:30,2677.2083917303657,2723.1526186889137,2669.551020570608,2700.9462890625,1328605,0.0,0.0
2021-05-19 00:00:00+05:30,2685.0092996215367,2726.9813596166096,2678.7876854279575,2695.251220703125,1219067,0.0,0.0
2021-05-20 00:00:00+05:30,2693.4797422093184,2723.1520492485824,2659.5001647933873,2674.43212890625,1211975,0.0,0.0
2021-05-21 00:00:00+05:30,2686.7798756585116,2731.7669273706424,2675.2938199022233,2711.187744140625,1328308,0.0,0.0
2021-05-24 00:00:00+05:30,2724.109266441064,2726.9807800739954,2687.928147929251,2698.45703125,813091,0.0,0.0
2021-05-25 00:00:00+05:30,2715.3988234914627,2797.4762520683485,2701.854944786051,2789.57958984375,2730112,0.0,0.0
2021-05-26 00:00:00+05:30,2813.9404285687174,2821.645471376953,2785.75154394322,2815.615478515625,1250531,0.0,0.0
2021-05-27 00:00:00+05:30,2823.6552709821367,2838.012840156622,2777.950342443358,2823.033203125,2415085,0.0,0.0
2021-05-28 00:00:00+05:30,2831.456009365349,2836.864167080515,2805.612385892349,2814.75341796875,711383,0.0,0.0
2021-05-31 00:00:00+05:30,2812.1687909975863,2861.893784659736,2810.350259317179,2849.97705078125,2093635,0.0,0.0
2021-06-01 00:00:00+05:30,2838.013064313854,2854.859373616261,2790.2503072280033,2805.46923828125,1194073,0.0,0.0
2021-06-02 00:00:00+05:30,2793.839174118685,2808.1009311345515,2753.9249492237473,2779.337890625,2067842,0.0,0.0
2021-06-03 00:00:00+05:30,2794.557364827776,2815.9979080434036,2779.673304674828,2809.6328125,1404434,0.0,0.0
2021-06-04 00:00:00+05:30,2826.526979338736,2861.9423190730854,2783.454268851014,2799.63037109375,1509084,0.0,0.0
2021-06-07 00:00:00+05:30,2804.511435762576,2815.040318285917,2779.5770808681564,2807.478759765625,802415,0.0,0.0
2021-06-08 00:00:00+05:30,2802.597412964545,2818.151445737999,2782.9754023888026,2800.92236328125,762931,0.0,0.0
2021-06-09 00:00:00+05:30,2805.2777551069676,2838.012967557427,2794.5574830456553,2817.481689453125,1340352,0.0,0.0
2021-06-10 00:00:00+05:30,2832.823905409205,2846.5792603052428,2809.4013116096553,2838.210693359375,1344559,14.5,0.0
2021-06-11 00:00:00+05:30,2847.2526691331923,2858.4109154216935,2826.6678957996005,2843.6455078125,878445,0.0,0.0
2021-06-14 00:00:00+05:30,2842.5392272988975,2856.8715867775572,2805.409421830554,2837.537109375,746823,0.0,0.0
2021-06-15 00:00:00+05:30,2856.8717024222506,2933.8244755514693,2848.1663729937623,2926.321533203125,2262031,0.0,0.0
2021-06-16 00:00:00+05:30,2913.6242688903276,2926.3214290364294,2891.019392588273,2903.716552734375,859505,0.0,0.0
2021-06-17 00:00:00+05:30,2902.9952097208516,2956.8621506491604,2886.209933131972,2943.732177734375,1533864,0.0,0.0
2021-06-18 00:00:00+05:30,2944.9346012357355,2960.5656333948855,2901.1677111901145,2931.131103515625,2293860,0.0,0.0
2021-06-21 00:00:00+05:30,2909.006699668528,2961.863580392801,2905.976778641739,2951.66748046875,720491,0.0,0.0
2021-06-22 00:00:00+05:30,2967.491076031056,2975.0421602258352,2889.7687344296505,2896.117431640625,1199238,0.0,0.0
2021-06-23 00:00:00+05:30,2914.5863899094047,2914.5863899094047,2869.8575888761416,2873.56103515625,1009007,0.0,0.0
2021-06-24 00:00:00+05:30,2873.5608874591035,2933.5358132442902,2862.1140217169986,2927.33154296875,985596,0.0,0.0
2021-06-25 00:00:00+05:30,2914.7784946801703,2937.1910358799523,2871.3002266584763,2889.480224609375,786964,0.0,0.0
2021-06-28 00:00:00+05:30,2908.814807594235,2923.0992599608753,2862.883621396277,2869.328369140625,891695,0.0,0.0
2021-06-29 00:00:00+05:30,2875.147760999058,2908.6704041061057,2859.8053500255346,2887.171630859375,1242734,0.0,0.0
2021-06-30 00:00:00+05:30,2884.7666198486404,2914.585814652011,2871.92503395652,2878.70654296875,924522,0.0,0.0
2021-07-01 00:00:00+05:30,2893.424039189191,2911.6040364563896,2882.8430337267305,2906.506103515625,848235,0.0,0.0
2021-07-02 00:00:00+05:30,2917.423656263189,2923.0509213247833,2885.4883047094363,2890.538330078125,805542,0.0,0.0
2021-07-05 00:00:00+05:30,2904.9672153676106,2933.8245055864945,2892.5586745099827,2899.96533203125,863343,0.0,0.0
2021-07-06 00:00:00+05:30,2888.6144997170327,2914.1051038603896,2881.881132584825,2888.133544921875,762630,0.0,0.0
2021-07-07 00:00:00+05:30,2948.2527230018673,2952.100361139553,2896.550085526712,2924.30126953125,1234865,0.0,0.0
2021-07-08 00:00:00+05:30,2933.8245652562814,2942.4817524980213,2903.813029786497,2912.951171875,907391,0.0,0.0
2021-07-09 00:00:00+05:30,2906.890724002706,2923.3873792113754,2892.4620804355186,2895.925048828125,547082,0.0,0.0
2021-07-12 00:00:00+05:30,2919.2996497622376,2926.9470197375695,2877.1200503917835,2885.15185546875,765566,0.0,0.0
2021-07-13 00:00:00+05:30,2904.967321519293,2906.0255161358114,2871.637244035045,2879.8134765625,703484,0.0,0.0
2021-07-14 00:00:00+05:30,2888.614055789096,2893.18312564091,2870.530111302102,2887.60400390625,470744,0.0,0.0
2021-07-15 00:00:00+05:30,2895.34793311025,2896.3098427225787,2857.929743127138,2869.95361328125,635535,0.0,0.0
2021-07-16 00:00:00+05:30,2879.956962711977,2891.4998763901817,2852.06158798965,2875.43603515625,1062548,0.0,0.0
2021-07-19 00:00:00+05:30,2875.436340252042,2885.440105898122,2852.061890605316,2868.3662109375,837836,0.0,0.0
2021-07-20 00:00:00+05:30,2881.8808258669656,3058.3912169038776,2866.057461758596,3038.72021484375,6755922,0.0,0.0
2021-07-22 00:00:00+05:30,3010.777241433723,3044.44407959672,2972.300854961726,2988.412841796875,1982572,0.0,0.0
2021-07-23 00:00:00+05:30,2987.691553506283,3010.39271655506,2960.8062241318066,2966.2890625,815329,0.0,0.0
2021-07-26 00:00:00+05:30,2962.633707104652,3000.196327522645,2934.9788034764774,2944.597900390625,1136884,0.0,0.0
2021-07-27 00:00:00+05:30,2962.1045128984642,2964.124617120839,2906.2177025603887,2913.28759765625,904289,0.0,0.0
2021-07-28 00:00:00+05:30,2914.922733409356,2917.471699810659,2870.338131300695,2889.672607421875,996594,0.0,0.0
2021-07-29 00:00:00+05:30,2889.6727186406697,2924.1570368403827,2876.3983192138153,2883.27587890625,762683,0.0,0.0
2021-07-30 00:00:00+05:30,2893.423895124293,2894.049042388556,2839.4606760161146,2845.76123046875,1067423,0.0,0.0
2021-08-02 00:00:00+05:30,2871.877191903602,2873.031436373453,2847.877361213699,2860.76708984375,832285,0.0,0.0
2021-08-03 00:00:00+05:30,2904.967072067538,2948.2530052605975,2880.149756735274,2911.700439453125,2433031,0.0,0.0
2021-08-04 00:00:00+05:30,2924.7823721552027,2936.998576891683,2897.271664143519,2903.620361328125,659295,0.0,0.0
2021-08-05 00:00:00+05:30,2918.4334805006924,2924.204937614405,2866.5385089214647,2874.5703125,693694,0.0,0.0
2021-08-06 00:00:00+05:30,2880.9196006215016,2886.6910589199083,2848.647482667994,2853.45703125,744159,0.0,0.0
2021-08-09 00:00:00+05:30,2880.5826134826925,2900.1575686203164,2859.8055061346226,2878.562744140625,825462,0.0,0.0
2021-08-10 00:00:00+05:30,2883.805178046393,2893.7128945723025,2847.781708030703,2863.749267578125,724335,0.0,0.0
2021-08-11 00:00:00+05:30,2873.608878095667,2887.1237560396953,2840.086466722397,2859.372802734375,987941,0.0,0.0
2021-08-12 00:00:00+05:30,2860.719244927323,2871.5407282848996,2845.3286908187697,2862.162109375,438552,0.0,0.0
2021-08-13 00:00:00+05:30,2867.3564326286187,2887.652820540259,2859.8537250984646,2874.859375,572250,0.0,0.0
2021-08-16 00:00:00+05:30,2866.4905338606477,2870.482364660918,2847.252342358227,2858.218017578125,461742,0.0,0.0
2021-08-17 00:00:00+05:30,2860.719131732864,2928.0528032934894,2859.8535070349967,2900.446044921875,2036757,0.0,0.0
2021-08-18 00:00:00+05:30,2931.9008751093693,2931.9008751093693,2878.5630272203957,2887.22021484375,1375320,0.0,0.0
2021-08-20 00:00:00+05:30,2887.1714506868398,3005.053510409259,2887.1714506868398,2994.376220703125,3931334,0.0,0.0
2021-08-23 00:00:00+05:30,3038.720679931453,3043.3378931484817,2934.7862968837944,2960.228759765625,1578949,0.0,0.0
2021-08-24 00:00:00+05:30,2974.9945207872643,2974.9945207872643,2918.96327786824,2929.928955078125,763704,0.0,0.0
2021-08-25 00:00:00+05:30,2910.73804552336,2953.062062047824,2897.848552609199,2922.3291015625,797870,0.0,0.0
2021-08-26 00:00:00+05:30,2947.29100079146,2967.0101475004108,2910.930771111104,2923.868408203125,1319516,0.0,0.0
2021-08-27 00:00:00+05:30,2924.638317895762,2941.4717377464817,2905.4482662341893,2921.12744140625,634375,0.0,0.0
2021-08-30 00:00:00+05:30,2940.268744803664,2995.626683932229,2931.9483214997076,2990.336181640625,1051747,0.0,0.0
2021-08-31 00:00:00+05:30,2990.336974165563,3087.7303376184823,2984.8541354875747,3079.409912109375,2283290,0.0,0.0
2021-09-01 00:00:00+05:30,3107.016238549685,3206.044787709461,3092.539451690944,3176.947021484375,2423168,0.0,0.0
2021-09-02 00:00:00+05:30,3186.7583533368893,3192.5779533686687,3142.2218920146342,3175.8408203125,847517,0.0,0.0
2021-09-03 00:00:00+05:30,3175.8410310129525,3217.5396739167536,3161.3161011939037,3211.6240234375,832039,0.0,0.0
2021-09-06 00:00:00+05:30,3214.7019842357713,3220.1848221598507,3179.976952647904,3189.259521484375,664394,0.0,0.0
2021-09-07 00:00:00+05:30,3206.525890980646,3265.298665864765,3197.243556584165,3209.171142578125,1285818,0.0,0.0
2021-09-08 00:00:00+05:30,3217.5877595741013,3233.5074111524955,3171.416096656446,3209.5078125,702598,0.0,0.0
2021-09-09 00:00:00+05:30,3179.110934108626,3231.0540477067702,3179.110934108626,3218.885986328125,591745,0.0,0.0
2021-09-13 00:00:00+05:30,3219.127332004586,3245.4835657807084,3203.4962982334137,3238.79833984375,610920,0.0,0.0
2021-09-14 00:00:00+05:30,3255.968070198612,3259.527323984125,3228.986690815851,3234.42138671875,569412,0.0,0.0
2021-09-15 00:00:00+05:30,3233.7961476822406,3255.0542106794555,3219.463552563064,3224.60986328125,587855,0.0,0.0
2021-09-16 00:00:00+05:30,3222.3975768709474,3242.597681084168,3207.968931004361,3214.798583984375,516746,0.0,0.0
2021-09-17 00:00:00+05:30,3224.3205287962937,3253.1778127652346,3159.9207370405106,3177.235107421875,1545695,0.0,0.0
2021-09-20 00:00:00+05:30,3174.253440603539,3188.7302266096303,3140.634748078565,3146.935302734375,689288,0.0,0.0
2021-09-21 00:00:00+05:30,3146.935562797214,3207.968683128674,3146.406465521407,3183.1513671875,922057,0.0,0.0
2021-09-22 00:00:00+05:30,3201.716015073062,3203.110736986256,3162.999154743577,3191.135009765625,825945,0.0,0.0
2021-09-23 00:00:00+05:30,3212.7780838741237,3212.7780838741237,3188.7303437253654,3194.1650390625,694716,0.0,0.0
2021-09-24 00:00:00+05:30,3203.159121263681,3371.4933093180784,3194.35774193904,3317.24169921875,2775975,0.0,0.0
2021-09-27 00:00:00+05:30,3329.746387850878,3337.826334609124,3287.470272771547,3299.97509765625,902449,0.0,0.0
2021-09-28 00:00:00+05:30,3294.4443345651666,3299.061547949018,3222.3973942248103,3250.966064453125,961271,0.0,0.0
2021-09-29 00:00:00+05:30,3236.8256921701245,3252.8895349668887,3183.920665997953,3196.4736328125,973387,0.0,0.0
2021-09-30 00:00:00+05:30,3203.063106986356,3220.185147100473,3097.349321893026,3121.060302734375,2077896,0.0,0.0
2021-10-01 00:00:00+05:30,3124.28230625283,3129.0437116909784,3049.253359243064,3056.804443359375,1512332,0.0,0.0
2021-10-04 00:00:00+05:30,3080.8041469078935,3107.4489961455733,3056.9487416036627,3079.64990234375,921241,0.0,0.0
2021-10-05 00:00:00+05:30,3086.3349716943917,3135.8251716841733,3070.0785591941303,3130.775146484375,909337,0.0,0.0
2021-10-06 00:00:00+05:30,3137.749292412104,3155.0636661899757,3078.7360411827012,3089.894287109375,786378,0.0,0.0
2021-10-07 00:00:00+05:30,3097.3488562703674,3191.615995374248,3097.3488562703674,3165.500244140625,1177283,0.0,0.0
2021-10-08 00:00:00+05:30,3181.03549389438,3202.197508066039,3139.7696601961425,3180.939208984375,882436,0.0,0.0
2021-10-11 00:00:00+05:30,3199.6963033453308,3216.962770177916,3172.1376846248604,3180.12158203125,460197,0.0,0.0
2021-10-12 00:00:00+05:30,3155.063426239374,3207.968453203754,3155.063426239374,3196.666015625,564524,0.0,0.0
2021-10-13 00:00:00+05:30,3215.663976553097,3230.9582461305754,3166.029344420335,3196.90673828125,770144,0.0,0.0
2021-10-14 00:00:00+05:30,3214.7019045085763,3225.234767730151,3164.6826049770248,3172.185546875,648597,0.0,0.0
2021-10-18 00:00:00+05:30,3128.611280072642,3158.86329298396,3108.892131343514,3118.0302734375,1576121,0.0,0.0
2021-10-19 00:00:00+05:30,3136.6909691785145,3144.5788158933838,3055.1212217108896,3062.479736328125,1042069,0.0,0.0
2021-10-20 00:00:00+05:30,3068.4915135408846,3097.300658055575,3017.173544291737,3048.86865234375,1205540,0.0,0.0
2021-10-21 00:00:00+05:30,3072.338969332945,3073.733691151662,2809.2085763844234,2887.65234375,5103543,0.0,0.0
2021-10-22 00:00:00+05:30,2861.6810352237367,2888.566361342723,2801.224923450678,2868.799072265625,2855592,0.0,0.0
2021-10-25 00:00:00+05:30,2837.633849391579,2837.633849391579,2748.4167173471487,2806.90087890625,2161537,0.0,0.0
2021-10-26 00:00:00+05:30,2806.90037703242,2908.814652975128,2787.6140424344976,2856.67919921875,1988263,0.0,0.0
2021-10-27 00:00:00+05:30,2913.816262429139,3025.2054314851284,2913.816262429139,2976.773193359375,4609951,0.0,0.0
2021-10-28 00:00:00+05:30,2988.330363085042,3031.2822889705494,2948.8454952518205,3001.138916015625,1791065,3.65,0.0
2021-10-29 00:00:00+05:30,3009.5173377560736,3028.4892880295793,2969.358385424765,2985.53759765625,1118903,0.0,0.0
2021-11-01 00:00:00+05:30,3012.406626691879,3026.1300264458305,2977.3998252019223,3006.435791015625,750393,0.0,0.0
2021-11-02 00:00:00+05:30,3004.7018492647735,3023.770196485735,2966.180030684456,2988.667236328125,881916,0.0,0.0
2021-11-03 00:00:00+05:30,2987.4636414289394,3065.277532386501,2980.625924098455,3053.480224609375,879227,0.0,0.0
2021-11-04 00:00:00+05:30,3061.521858941625,3072.115360183637,3028.7783096481317,3042.501708984375,263595,0.0,0.0
2021-11-08 00:00:00+05:30,3048.038848235092,3063.447575429961,2980.770029527583,3022.03662109375,787824,0.0,0.0
2021-11-09 00:00:00+05:30,3023.9632606442183,3038.408945010353,3004.7023481560386,3028.9228515625,668840,0.0,0.0
2021-11-10 00:00:00+05:30,3016.2584571283555,3020.7365245833867,2966.66161468196,2993.434326171875,872975,0.0,0.0
2021-11-11 00:00:00+05:30,2975.8102536034153,2991.84486529145,2939.2145288018196,2950.28955078125,958143,0.0,0.0
2021-11-12 00:00:00+05:30,2974.8474812526356,3012.4062548909824,2962.135327967977,3007.49462890625,682344,0.0,0.0
2021-11-15 00:00:00+05:30,3010.4802982049073,3062.484756331288,3010.4802982049073,3051.602294921875,696377,0.0,0.0
2021-11-16 00:00:00+05:30,3048.0392661512424,3090.4132717470256,3004.798613579329,3035.230712890625,1400107,0.0,0.0
2021-11-17 00:00:00+05:30,3052.854194933393,3120.1709804524944,3048.087166794663,3110.877685546875,1616452,0.0,0.0
2021-11-18 00:00:00+05:30,3129.7533165999057,3139.528133766527,3095.2280435354655,3107.603271484375,1609821,0.0,0.0
2021-11-22 00:00:00+05:30,3121.2305061056677,3186.0917154218923,3096.239522079253,3140.732177734375,2146970,0.0,0.0
2021-11-23 00:00:00+05:30,3140.732335931149,3166.7827653809027,3054.34719612986,3067.829833984375,1482618,0.0,0.0
2021-11-24 00:00:00+05:30,3068.310989882888,3090.31643725023,3033.593154535061,3040.33447265625,1056213,0.0,0.0
2021-11-25 00:00:00+05:30,3039.853461039372,3056.080873578325,2997.960977099815,3028.05615234375,728825,0.0,0.0
2021-11-26 00:00:00+05:30,2986.4041756426723,3050.3023403298453,2976.7737203842307,3026.948486328125,1029110,0.0,0.0
2021-11-29 00:00:00+05:30,3015.295694877566,3061.4254838658017,2958.3796073560925,3028.104248046875,876651,0.0,0.0
2021-11-30 00:00:00+05:30,3000.994032905099,3071.1519891056423,3000.994032905099,3027.477783203125,2340489,0.0,0.0
2021-12-01 00:00:00+05:30,3039.2754555500474,3081.505098331537,3008.650794163852,3022.181396484375,1741820,0.0,0.0
2021-12-02 00:00:00+05:30,3043.2236693737623,3075.96721518348,3035.760067020077,3063.0625,939320,0.0,0.0
2021-12-03 00:00:00+05:30,3067.3002231562064,3069.6596378426157,2991.2196210747807,2995.505126953125,1216263,0.0,0.0
2021-12-06 00:00:00+05:30,2999.886784337041,2999.886784337041,2916.342585768425,2926.021240234375,1107363,0.0,0.0
2021-12-07 00:00:00+05:30,2927.6580402332715,2955.586357064444,2904.9782738518415,2918.36474609375,2056459,0.0,0.0
2021-12-08 00:00:00+05:30,2919.8575733740727,3007.5911129513834,2918.9909264667444,2993.626953125,1171484,0.0,0.0
2021-12-09 00:00:00+05:30,3035.9042803686366,3065.421763488928,2996.0342941277445,3061.232421875,1287243,0.0,0.0
2021-12-10 00:00:00+05:30,3066.336649419213,3170.3455558693618,3061.2324616160117,3161.822509765625,2554394,0.0,0.0
2021-12-13 00:00:00+05:30,3163.7007641026244,3217.534911769649,3150.0735296458356,3158.644775390625,1265832,0.0,0.0
2021-12-14 00:00:00+05:30,3153.011008576573,3182.8654194702426,3128.934870759098,3175.642578125,863179,0.0,0.0
2021-12-15 00:00:00+05:30,3157.0076914282427,3191.4847693138795,3145.7883047622117,3179.92822265625,811946,0.0,0.0
2021-12-16 00:00:00+05:30,3202.1264569353743,3202.1264569353743,3149.7368730106755,3176.7021484375,502930,0.0,0.0
2021-12-17 00:00:00+05:30,3153.974429849931,3171.5982118557054,3108.4223246485385,3123.8310546875,1019403,0.0,0.0
2021-12-20 00:00:00+05:30,3107.747923152282,3153.9741085601872,3063.44782880304,3119.73779296875,948872,0.0,0.0
2021-12-21 00:00:00+05:30,3127.0087324479737,3174.1979618566434,3120.267413961021,3150.458984375,712026,0.0,0.0
2021-12-22 00:00:00+05:30,3154.648200777419,3164.2304567929464,3121.230567855253,3158.8857421875,619865,0.0,0.0
2021-12-23 00:00:00+05:30,3168.419629627029,3185.658049673942,3129.8978104218368,3147.13623046875,1051596,0.0,0.0
2021-12-24 00:00:00+05:30,3158.789199869397,3178.0501096246985,3140.491335601861,3163.411865234375,651404,0.0,0.0
2021-12-27 00:00:00+05:30,3158.8856090786526,3163.3636765643946,3106.9773160426007,3151.469970703125,640701,0.0,0.0
2021-12-28 00:00:00+05:30,3154.8887908634238,3250.2784926110166,3152.047853723217,3243.729736328125,1211648,0.0,0.0
2021-12-29 00:00:00+05:30,3247.5820345498364,3260.872109663726,3222.5428511915206,3243.007568359375,598421,0.0,0.0
2021-12-30 00:00:00+05:30,3238.9628511203505,3264.724318827916,3226.4914586370305,3241.322265625,691223,0.0,0.0
2021-12-31 00:00:00+05:30,3264.7243324336637,3279.170015320538,3237.181136348608,3257.934814453125,570671,0.0,0.0
2022-01-03 00:00:00+05:30,3257.9831012651453,3313.7433446588316,3257.9831012651453,3295.927001953125,696276,0.0,0.0
2022-01-04 00:00:00+05:30,3307.0985228409068,3344.1275783807473,3288.8488561174313,3331.463623046875,790886,0.0,0.0
2022-01-05 00:00:00+05:30,3341.7682016739427,3409.181393062178,3324.4815803345273,3396.46923828125,1024506,0.0,0.0
2022-01-06 00:00:00+05:30,3362.136010174834,3406.821459879464,3324.577237832005,3384.767578125,1312743,0.0,0.0
2022-01-07 00:00:00+05:30,3384.7677526402244,3449.628960731541,3367.336770263759,3444.1396484375,964364,0.0,0.0
2022-01-10 00:00:00+05:30,3447.7028342435274,3457.333289087783,3396.6614235689726,3422.18212890625,657511,0.0,0.0
2022-01-11 00:00:00+05:30,3419.3889883344227,3432.2937022584774,3365.891770951447,3407.976806640625,734344,0.0,0.0
2022-01-12 00:00:00+05:30,3425.4565757733712,3450.062436262153,3403.402927028216,3412.8408203125,594543,0.0,0.0
2022-01-13 00:00:00+05:30,3428.442097084087,3428.442097084087,3322.50708846632,3328.526123046875,1153984,0.0,0.0
2022-01-14 00:00:00+05:30,3334.0636510127074,3334.0636510127074,3222.350368656418,3240.0703125,1558978,0.0,0.0
2022-01-17 00:00:00+05:30,3240.070302304909,3273.3917718468524,3198.274220153986,3253.793701171875,1103159,0.0,0.0
2022-01-18 00:00:00+05:30,3254.178754359971,3270.935651037073,3227.1652826338272,3249.0263671875,558543,0.0,0.0
2022-01-19 00:00:00+05:30,3245.4632859495296,3245.4632859495296,3146.991885062782,3159.17431640625,1495218,0.0,0.0
2022-01-20 00:00:00+05:30,3160.7151639952526,3240.5515376794747,3102.932437048356,3184.21337890625,3075678,0.0,0.0
2022-01-21 00:00:00+05:30,3178.0985349785637,3202.0782752821638,3121.9529320245606,3153.829833984375,1441694,0.0,0.0
2022-01-24 00:00:00+05:30,3147.2327594998687,3149.1588505399545,3019.1477053341764,3038.552978515625,1575665,0.0,0.0
2022-01-25 00:00:00+05:30,2985.440760273323,3040.286149152062,2899.4889577396475,3030.80029296875,2699779,0.0,0.0
2022-01-27 00:00:00+05:30,3024.059538967526,3026.8522771198022,2957.7537563169562,3001.764892578125,1834684,0.0,0.0
2022-01-28 00:00:00+05:30,3014.3323636823675,3052.854183026551,2988.3301356250436,2995.89013671875,892060,0.0,0.0
2022-01-31 00:00:00+05:30,3023.9631894257077,3075.437929814355,3020.4961312120654,3035.760498046875,944530,0.0,0.0
2022-02-01 00:00:00+05:30,3075.967424899785,3093.639404434649,3025.50393314108,3078.13427734375,1008915,0.0,0.0
2022-02-02 00:00:00+05:30,3086.3682346072646,3124.2639335827694,3074.1855680827866,3079.530517578125,667265,0.0,0.0
2022-02-03 00:00:00+05:30,3094.1208579369795,3121.8084163234043,3072.3077360849024,3084.634765625,899753,0.0,0.0
2022-02-04 00:00:00+05:30,3070.189188190251,3128.742404173171,3058.680840985956,3117.041259765625,705765,0.0,0.0
2022-02-07 00:00:00+05:30,3114.48901382551,3131.0533486935183,3026.948275666134,3057.38037109375,860393,0.0,0.0
2022-02-08 00:00:00+05:30,3061.521370682176,3104.376891599243,3049.1943423609805,3097.4912109375,799206,0.0,0.0
2022-02-09 00:00:00+05:30,3110.6370267622615,3138.5653468167834,3103.654946748631,3109.048095703125,472725,0.0,0.0
2022-02-10 00:00:00+05:30,3101.006616955326,3127.9718918853723,3058.632613493825,3119.063720703125,728666,0.0,0.0
2022-02-11 00:00:00+05:30,3110.5888367026428,3110.5888367026428,3064.892373708295,3097.443359375,587840,0.0,0.0
2022-02-14 00:00:00+05:30,3023.962696489344,3065.0846899561166,3004.7017875945076,3027.28515625,681236,0.0,0.0
2022-02-15 00:00:00+05:30,3023.9626955289946,3149.1586033056724,3017.077014648684,3143.958251953125,676844,0.0,0.0
2022-02-16 00:00:00+05:30,3158.7894149916906,3163.701041361199,3103.8958184506764,3132.642822265625,624320,0.0,0.0
2022-02-17 00:00:00+05:30,3152.048035041245,3173.1868375039885,3116.8004744241657,3145.162353515625,636735,0.0,0.0
2022-02-18 00:00:00+05:30,3116.5599247655937,3151.0852035771477,3110.685487676023,3138.035888671875,423801,0.0,0.0
2022-02-21 00:00:00+05:30,3115.4522028255187,3157.2964829154967,3085.742155004639,3131.48681640625,547472,0.0,0.0
2022-02-22 00:00:00+05:30,3004.701861934034,3117.1856196865506,3004.701861934034,3107.89208984375,1147209,0.0,0.0
2022-02-23 00:00:00+05:30,3117.2820842296924,3175.06481792447,3110.637163902211,3117.571044921875,935896,0.0,0.0
2022-02-24 00:00:00+05:30,3014.332340373097,3079.626870680283,2938.7332704947303,2955.634765625,1823450,0.0,0.0
2022-02-25 00:00:00+05:30,2990.256197772694,3025.35915828806,2969.1173966350107,3003.931396484375,1239456,0.0,0.0
2022-02-28 00:00:00+05:30,2975.810568586626,3072.59664047755,2903.582156727727,3057.332275390625,1678348,0.0,0.0
2022-03-02 00:00:00+05:30,2992.182349380921,2996.2270934313706,2880.5654706915293,2917.0166015625,3014206,0.0,0.0
2022-03-03 00:00:00+05:30,2917.064547522456,2938.251546547049,2756.235964017586,2765.77001953125,4406840,0.0,0.0
2022-03-04 00:00:00+05:30,2757.9696964237924,2757.9696964237924,2563.675270567773,2636.962890625,6979253,0.0,0.0
2022-03-07 00:00:00+05:30,2551.9744722580604,2627.1402292708817,2503.2927046841105,2608.36083984375,3233760,0.0,0.0
2022-03-08 00:00:00+05:30,2590.5926716931513,2635.807615723713,2540.514300344436,2622.75830078125,2611102,0.0,0.0
2022-03-09 00:00:00+05:30,2648.3750354010067,2783.2014008396036,2566.5643699675056,2768.70751953125,4076068,0.0,0.0
2022-03-10 00:00:00+05:30,2889.1364548096367,2927.658274207098,2784.357059024835,2805.158935546875,3971987,0.0,0.0
2022-03-11 00:00:00+05:30,2809.203245738031,2831.3050891804583,2775.8338188855905,2823.64892578125,1265493,0.0,0.0
2022-03-14 00:00:00+05:30,2840.9842497657105,2862.508410925755,2809.4927086648954,2853.311279296875,1214217,0.0,0.0
2022-03-15 00:00:00+05:30,2887.2106130703405,2919.9541623846803,2856.3931548921378,2876.761474609375,1857685,0.0,0.0
2022-03-16 00:00:00+05:30,2930.5472739556367,2937.2885920357185,2899.489058515259,2929.584228515625,1287234,0.0,0.0
2022-03-17 00:00:00+05:30,2998.442274785612,3046.401989477322,2962.8095899720365,3020.688720703125,2867519,0.0,0.0
2022-03-21 00:00:00+05:30,3002.101752605382,3002.101752605382,2918.124232912146,2933.19580078125,1259015,0.0,0.0
2022-03-22 00:00:00+05:30,2912.249890418171,2949.5197080635025,2865.0606560826914,2938.396484375,1515772,0.0,0.0
2022-03-23 00:00:00+05:30,2946.919439502726,2966.0839522677597,2893.951933237154,2905.31591796875,948403,0.0,0.0
2022-03-24 00:00:00+05:30,2859.763619331892,2926.6470824488156,2841.5139540854047,2913.5498046875,1243917,0.0,0.0
2022-03-25 00:00:00+05:30,2913.549919897053,2951.3012580596223,2880.46921153462,2934.3515625,1083275,0.0,0.0
2022-03-28 00:00:00+05:30,2934.3514085381357,2945.571029567012,2884.947127880691,2915.572021484375,680332,0.0,0.0
2022-03-29 00:00:00+05:30,2955.5866608518845,2973.595564808279,2901.367151786483,2930.162353515625,1120936,0.0,0.0
2022-03-30 00:00:00+05:30,2964.254236937659,2980.000125908381,2942.970835990851,2967.673095703125,849545,0.0,0.0
2022-03-31 00:00:00+05:30,2999.8868734629496,3013.6102724828042,2952.794040347497,2966.132080078125,1464862,0.0,0.0
2022-04-01 00:00:00+05:30,2995.0713265542754,3005.6648264231167,2973.547166864268,2999.06787109375,637392,0.0,0.0
2022-04-04 00:00:00+05:30,3009.468753444816,3026.851770387543,2979.1810218561454,3002.775634765625,873264,0.0,0.0
2022-04-05 00:00:00+05:30,2995.0715495723693,3040.334688745971,2966.180184142411,3024.7333984375,805874,0.0,0.0
2022-04-06 00:00:00+05:30,3021.073782873063,3048.0390573137533,2997.9606904953284,3037.445556640625,736379,0.0,0.0
2022-04-07 00:00:00+05:30,3037.44540179898,3090.3647031674295,3029.2595153324955,3038.408447265625,1025244,0.0,0.0
2022-04-08 00:00:00+05:30,3050.9279166666665,3101.006278935185,3034.7487064485194,3087.764404296875,678898,0.0,0.0
2022-04-11 00:00:00+05:30,3066.3367260977125,3102.9324533564163,3033.5931806557146,3040.767822265625,672652,0.0,0.0
2022-04-12 00:00:00+05:30,3038.1196090030435,3045.2462868144544,2999.06806673355,3013.0322265625,794265,0.0,0.0
2022-04-13 00:00:00+05:30,3002.0055138970533,3006.5317809168223,2952.7940278146257,2966.80615234375,1121350,0.0,0.0
2022-04-18 00:00:00+05:30,2943.0675005528724,2944.993591849046,2901.6565376851454,2909.890625,1032504,0.0,0.0
2022-04-19 00:00:00+05:30,2918.0278331090835,2946.1487143780464,2860.2451037405867,2880.66162109375,749782,0.0,0.0
2022-04-20 00:00:00+05:30,2880.7581088433126,2975.3291318128145,2869.875647451752,2969.0693359375,838182,0.0,0.0
2022-04-21 00:00:00+05:30,2975.6179152340706,3057.0914202405675,2972.006494751907,3041.538330078125,1069035,0.0,0.0
2022-04-22 00:00:00+05:30,3006.1466224435017,3056.0324279303113,2998.201496819552,3047.461181640625,681191,0.0,0.0
2022-04-25 00:00:00+05:30,3018.184416706998,3038.504769590562,2980.7220430422467,3014.91015625,1096774,0.0,0.0
2022-04-26 00:00:00+05:30,3014.3319194086357,3032.340820274056,2991.026269164063,3010.142578125,1703441,0.0,0.0
2022-04-27 00:00:00+05:30,2981.5888685495456,3047.0759625616156,2971.9102142490556,3032.00439453125,963536,0.0,0.0
2022-04-28 00:00:00+05:30,3072.115182326675,3147.232732239365,3052.854272092652,3127.682861328125,2001838,0.0,0.0
2022-04-29 00:00:00+05:30,3128.935029572224,3156.8633508580333,3102.258714540177,3117.571044921875,1088970,0.0,0.0
2022-05-02 00:00:00+05:30,3076.9298904418947,3092.8201387023923,3037.4932304190843,3081.7451171875,595522,0.0,0.0
2022-05-04 00:00:00+05:30,3060.558882936115,3076.641697254454,2967.5767842612145,2986.260009765625,1120002,0.0,0.0
2022-05-05 00:00:00+05:30,2990.0155019632903,3011.3950649383237,2956.5496709967956,2962.857666015625,724601,0.0,0.0
2022-05-06 00:00:00+05:30,2908.3973091716744,2939.599888242531,2892.892183111794,2904.785888671875,923941,0.0,0.0
2022-05-09 00:00:00+05:30,2889.9548330320094,2926.5023583109787,2865.060015821921,2894.192138671875,998324,0.0,0.0
2022-05-10 00:00:00+05:30,2938.2521422373115,3022.7593941158184,2923.8064581555154,2972.2958984375,2460016,0.0,0.0
2022-05-11 00:00:00+05:30,2976.1953849476217,2994.6378452727863,2868.9122223421477,2940.803466796875,1883969,0.0,0.0
2022-05-12 00:00:00+05:30,2929.5841534063597,2964.2537883579143,2877.579700979028,2927.60986328125,1254245,0.0,0.0
2022-05-13 00:00:00+05:30,2960.787063773245,3001.0906129842015,2923.1321248707823,2950.771484375,1121729,0.0,0.0
2022-05-16 00:00:00+05:30,2975.714132192235,2975.714132192235,2874.8833175416817,2889.0400390625,733044,0.0,0.0
2022-05-17 00:00:00+05:30,2888.076858485253,2943.644768131678,2841.947076235912,2937.28857421875,1179081,0.0,0.0
2022-05-18 00:00:00+05:30,2918.0280106882888,3013.1769578624935,2914.175828495961,2985.53759765625,1379763,0.0,0.0
2022-05-19 00:00:00+05:30,2889.6182461890135,2958.1870440673724,2889.5700468865803,2934.303466796875,772390,0.0,0.0
2022-05-20 00:00:00+05:30,2966.1800287399747,3009.517074614422,2956.5495741012087,2995.023193359375,778957,0.0,0.0
2022-05-23 00:00:00+05:30,3027.7667999141495,3070.1890004732522,3014.380561744942,3056.89892578125,813294,0.0,0.0
2022-05-24 00:00:00+05:30,3057.4284540299714,3065.999464239868,2956.5494460578034,2972.77685546875,691307,0.0,0.0
2022-05-25 00:00:00+05:30,2926.6950756293545,2926.6950756293545,2721.855358722039,2733.171142578125,3381427,0.0,0.0
2022-05-26 00:00:00+05:30,2744.6794508226158,2754.3099050360283,2618.087177211008,2735.193359375,3212196,0.0,0.0
2022-05-27 00:00:00+05:30,2762.0139695437624,2762.9770148608977,2678.229026953,2730.089111328125,1879534,0.0,0.0
2022-05-30 00:00:00+05:30,2773.5710047468356,2777.4231866978726,2712.8991390179986,2738.9013671875,2525482,0.0,0.0
2022-05-31 00:00:00+05:30,2738.901089939611,2771.6446332089317,2707.1205920605653,2753.97265625,2408221,0.0,0.0
2022-06-01 00:00:00+05:30,2753.973083906065,2831.2574884768223,2727.3931680780875,2747.08740234375,1770795,0.0,0.0
2022-06-02 00:00:00+05:30,2764.1332714748155,2811.1299410135844,2742.7537074363445,2801.066162109375,1164197,0.0,0.0
2022-06-03 00:00:00+05:30,2797.647282706041,2811.5632436806472,2750.4580514314816,2780.216064453125,1228489,0.0,0.0
2022-06-06 00:00:00+05:30,2764.999803317764,2765.8664501495846,2703.9425825323524,2713.332275390625,1193698,0.0,0.0
2022-06-07 00:00:00+05:30,2696.527460461573,2700.379642547947,2630.077319471627,2643.27099609375,1403598,0.0,0.0
2022-06-08 00:00:00+05:30,2669.4658025245717,2672.4513377060007,2600.222923173406,2605.230712890625,1743575,0.0,0.0
2022-06-09 00:00:00+05:30,2595.8351362041694,2612.882506314885,2551.037608200646,2602.421630859375,1857501,15.5,0.0
2022-06-10 00:00:00+05:30,2581.3063310271978,2650.0765935048453,2568.714592827065,2623.682373046875,1592920,0.0,0.0
2022-06-13 00:00:00+05:30,2586.1009708609467,2598.741186805588,2559.5130772022985,2577.18994140625,1674206,0.0,0.0
2022-06-14 00:00:00+05:30,2534.8139272069234,2582.6142003624773,2503.818877275467,2552.635986328125,2296040,0.0,0.0
2022-06-15 00:00:00+05:30,2566.7776491343634,2599.322547124097,2544.596910453874,2577.577392578125,928842,0.0,0.0
2022-06-16 00:00:00+05:30,2610.3159777822125,2639.8581358054953,2557.0917108677468,2573.99365234375,1280628,0.0,0.0
2022-06-17 00:00:00+05:30,2566.87438390899,2573.5575965896387,2479.6038567066144,2499.16943359375,2043251,0.0,0.0
2022-06-20 00:00:00+05:30,2518.3476725159053,2589.3942293279947,2507.0636323418976,2577.141357421875,1595360,0.0,0.0
2022-06-21 00:00:00+05:30,2590.943694967531,2624.8930041797466,2557.0913398651405,2594.237060546875,1042074,0.0,0.0
2022-06-22 00:00:00+05:30,2603.584006035873,2622.907433785981,2543.870204058246,2582.614013671875,1871760,0.0,0.0
2022-06-23 00:00:00+05:30,2590.9437919118595,2681.0231493003002,2590.9437919118595,2671.579345703125,1612872,0.0,0.0
2022-06-24 00:00:00+05:30,2687.85162255499,2697.3439026068077,2640.3904587693346,2674.1943359375,2215583,0.0,0.0
2022-06-27 00:00:00+05:30,2692.597761444028,2738.8481832669695,2678.165787234205,2732.358642578125,1295734,0.0,0.0
2022-06-28 00:00:00+05:30,2692.6948468732808,2697.344151457537,2619.372232330451,2640.875,1838358,0.0,0.0
2022-06-29 00:00:00+05:30,2621.5031477289667,2633.610588832463,2593.8981820129957,2613.076416015625,1066354,0.0,0.0
2022-06-30 00:00:00+05:30,2629.590653887182,2641.310513390865,2595.835018110811,2610.5576171875,1291447,0.0,0.0
2022-07-01 00:00:00+05:30,2619.9531888496954,2692.694786484021,2600.6782380250347,2686.059814453125,1477191,0.0,0.0
2022-07-04 00:00:00+05:30,2687.9970267247004,2710.129522885897,2658.6003026260737,2702.67138671875,653147,0.0,0.0
2022-07-05 00:00:00+05:30,2697.5376332708965,2723.980329538042,2673.3227532594883,2679.715576171875,1073043,0.0,0.0
2022-07-06 00:00:00+05:30,2741.657067246574,2778.899503715521,2717.054608389923,2771.5380859375,2085735,0.0,0.0
2022-07-07 00:00:00+05:30,2810.282143837583,2839.9212528668413,2786.4548427405725,2800.59619140625,1469087,0.0,0.0
2022-07-08 00:00:00+05:30,2789.554511612363,2797.3032741446195,2751.2949966093465,2789.36083984375,1274148,0.0,0.0
2022-07-11 00:00:00+05:30,2783.743116338223,2848.203186038037,2761.8045256161813,2840.938720703125,1081885,0.0,0.0
2022-07-12 00:00:00+05:30,2828.2982447983204,2831.4461794885924,2794.784753198655,2802.33984375,1115524,0.0,0.0
2022-07-13 00:00:00+05:30,2856.387365564733,2875.710793327017,2834.158152079595,2848.832275390625,2153712,0.0,0.0
2022-07-14 00:00:00+05:30,2859.390422769423,2862.0540599776796,2820.936998256899,2846.846923828125,882479,0.0,0.0
2022-07-15 00:00:00+05:30,2857.3074876345995,2891.256798170792,2848.105832833051,2884.621826171875,1668006,0.0,0.0
2022-07-18 00:00:00+05:30,2900.701035562005,2930.0010460222275,2894.550360264433,2923.07568359375,823390,0.0,0.0
2022-07-19 00:00:00+05:30,2889.7555688613666,2928.0635598517706,2884.6219665328626,2924.2861328125,638171,0.0,0.0
2022-07-20 00:00:00+05:30,2937.749947439664,2949.082466707789,2905.786298159905,2912.03369140625,867436,0.0,0.0
2022-07-21 00:00:00+05:30,2887.3822689781286,2988.0676919485463,2887.3822689781286,2969.809814453125,1184060,0.0,0.0
2022-07-22 00:00:00+05:30,2969.8098630640816,2995.6228307785614,2952.278195202669,2971.06884765625,1268141,0.0,0.0
2022-07-25 00:00:00+05:30,2973.1035265325377,3019.3054789822954,2955.8140043658177,3007.440185546875,985844,0.0,0.0
2022-07-26 00:00:00+05:30,2998.7712201674844,3050.881697580077,2957.1216198873803,3010.878662109375,2876310,0.0,0.0
2022-07-27 00:00:00+05:30,3021.000323554148,3092.7248542363136,2998.7711082729807,3085.9931640625,1976407,0.0,0.0
2022-07-28 00:00:00+05:30,3097.567709185862,3176.9925222419097,3082.070184687121,3169.631103515625,1332572,0.0,0.0
2022-07-29 00:00:00+05:30,3182.2230086164614,3249.007845925158,3172.1497117547806,3229.0546875,1836550,0.0,0.0
2022-08-01 00:00:00+05:30,3235.1562912926943,3249.6367415497734,3210.4086378142247,3220.14306640625,1076122,0.0,0.0
2022-08-02 00:00:00+05:30,3226.3909830827215,3297.8248873163902,3221.1606629892353,3289.494873046875,1650536,0.0,0.0
2022-08-03 00:00:00+05:30,3297.098093337363,3339.71628255794,3265.37660022432,3331.62841796875,1169005,0.0,0.0
2022-08-04 00:00:00+05:30,3346.496944308987,3367.757565010698,3303.781794656203,3351.82421875,981434,0.0,0.0
2022-08-05 00:00:00+05:30,3365.8687721087513,3382.2864156593073,3343.155258912524,3364.80322265625,792478,0.0,0.0
2022-08-08 00:00:00+05:30,3356.1827254366162,3367.7573920146415,3328.6262363565115,3349.83837890625,724644,0.0,0.0
2022-08-10 00:00:00+05:30,3332.9361770095256,3341.5083393601744,3289.3493917827227,3304.5078125,1089295,0.0,0.0
2022-08-11 00:00:00+05:30,3341.653612542112,3368.725802485263,3283.5378975413796,3298.260498046875,1410533,0.0,0.0
2022-08-12 00:00:00+05:30,3292.2553941554966,3326.931152868478,3276.7578694992776,3320.199462890625,548472,0.0,0.0
2022-08-16 00:00:00+05:30,3361.0260328801146,3399.23707405721,3346.787727816501,3391.052490234375,911189,0.0,0.0
2022-08-17 00:00:00+05:30,3407.469639767838,3434.299681113302,3394.539034960715,3413.0390625,817912,0.0,0.0
2022-08-18 00:00:00+05:30,3414.2984303899357,3431.4425198946483,3405.1452521052847,3424.323486328125,599877,0.0,0.0
2022-08-19 00:00:00+05:30,3409.45548765206,3427.374500868413,3355.2141503485045,3373.181640625,581829,0.0,0.0
2022-08-22 00:00:00+05:30,3353.3742796600523,3376.0877948389702,3228.5221888271676,3244.552490234375,2336567,0.0,0.0
2022-08-23 00:00:00+05:30,3228.3280685193886,3277.6779507449683,3212.685349335418,3251.18701171875,831446,0.0,0.0
2022-08-24 00:00:00+05:30,3234.720916221535,3278.695047677815,3198.301638827813,3272.73828125,1182154,0.0,0.0
2022-08-25 00:00:00+05:30,3269.00905226243,3298.2121052065922,3245.9564374288216,3256.901611328125,615392,0.0,0.0
2022-08-26 00:00:00+05:30,3273.2222189319536,3278.2103895238624,3201.8365649259335,3219.174560546875,1384783,0.0,0.0
2022-08-29 00:00:00+05:30,3145.029046837611,3243.196278444859,3135.0524676111563,3238.25634765625,1031166,0.0,0.0
2022-08-30 00:00:00+05:30,3226.3909212745125,3302.6678006051543,3226.3909212745125,3285.087890625,1426459,0.0,0.0
2022-09-01 00:00:00+05:30,3210.893728719467,3365.287739818726,3210.893728719467,3338.3125,1417762,0.0,0.0
2022-09-02 00:00:00+05:30,3379.4288763838913,3379.4288763838913,3317.4387794826102,3323.298828125,740821,0.0,0.0
2022-09-05 00:00:00+05:30,3317.487510162658,3341.6539165543495,3298.59990106909,3317.245361328125,518438,0.0,0.0
2022-09-06 00:00:00+05:30,3312.5960254100396,3326.689134742662,3277.7265935636183,3288.623291015625,540937,0.0,0.0
2022-09-07 00:00:00+05:30,3285.475366808651,3327.1249660930766,3279.6153177541714,3293.563232421875,682921,0.0,0.0
2022-09-08 00:00:00+05:30,3341.6538775559884,3375.2156110411847,3319.763528580292,3341.799072265625,1143090,0.0,0.0
2022-09-09 00:00:00+05:30,3374.295089179623,3374.295089179623,3325.623179828119,3333.759521484375,702805,0.0,0.0
2022-09-12 00:00:00+05:30,3333.7596837812675,3345.1889186484304,3315.501568576152,3324.41259765625,641280,0.0,0.0
2022-09-13 00:00:00+05:30,3324.219087927652,3350.3711611718377,3307.4138647906134,3314.726806640625,776044,0.0,0.0
2022-09-14 00:00:00+05:30,3273.852039257021,3340.200815792259,3273.852039257021,3330.95068359375,816678,0.0,0.0
2022-09-15 00:00:00+05:30,3331.968001859133,3350.129164659964,3282.6665931651996,3288.7685546875,590182,0.0,0.0
2022-09-16 00:00:00+05:30,3305.234192216611,3312.5956103846192,3205.6143169872075,3218.2060546875,1598265,0.0,0.0
2022-09-19 00:00:00+05:30,3216.365728424955,3237.1422857556304,3129.8218845573406,3212.10400390625,1013563,0.0,0.0
2022-09-20 00:00:00+05:30,3230.8465050235095,3302.9098991426945,3229.296657988781,3286.637451171875,708184,0.0,0.0
2022-09-21 00:00:00+05:30,3298.0669894134317,3317.341941252631,3242.8570574320615,3250.654296875,605378,0.0,0.0
2022-09-22 00:00:00+05:30,3250.6545960978106,3331.9681315483117,3211.52320057577,3328.09375,829396,0.0,0.0
2022-09-23 00:00:00+05:30,3327.124955346049,3329.9822642721033,3276.467372341137,3288.623291015625,513370,0.0,0.0
2022-09-26 00:00:00+05:30,3264.166144437257,3359.0884833556106,3248.6686197158933,3330.0791015625,1429914,0.0,0.0
2022-09-27 00:00:00+05:30,3346.3511704077846,3390.0831484331993,3323.298557703752,3361.65478515625,1455383,0.0,0.0
2022-09-28 00:00:00+05:30,3342.622553516893,3470.3801856179925,3312.596097660902,3458.514892578125,1843428,0.0,0.0
2022-09-29 00:00:00+05:30,3451.540666006625,3451.540666006625,3266.490497824532,3278.501220703125,2624894,0.0,0.0
2022-09-30 00:00:00+05:30,3295.1613450761192,3304.750344348063,3182.0778391861613,3237.4814453125,2159720,0.0,0.0
2022-10-03 00:00:00+05:30,3242.8565877611986,3247.2152659705553,3182.5615391984347,3199.1728515625,934543,0.0,0.0
2022-10-04 00:00:00+05:30,3225.4223415205324,3262.5680657787793,3208.036103220542,3232.928955078125,994382,0.0,0.0
2022-10-06 00:00:00+05:30,3232.9287145777175,3261.017976122996,3207.696761653563,3224.405029296875,922770,0.0,0.0
2022-10-07 00:00:00+05:30,3213.799043867114,3254.0927009112474,3184.014739889141,3238.69189453125,774544,0.0,0.0
2022-10-10 00:00:00+05:30,3176.9922592535963,3195.3955680724434,3157.814026979268,3175.006591796875,734377,0.0,0.0
2022-10-11 00:00:00+05:30,3187.162790553955,3254.4801629725844,3171.1809683250717,3195.105224609375,1411316,0.0,0.0
2022-10-12 00:00:00+05:30,3230.265029602108,3234.6237080528454,3105.316247347633,3146.19091796875,1812549,0.0,0.0
2022-10-13 00:00:00+05:30,3128.6601138954484,3155.87750290591,3093.5967710375526,3108.22265625,779890,0.0,0.0
2022-10-14 00:00:00+05:30,3133.405918450057,3144.0604671681253,3080.133174859716,3085.46044921875,845765,0.0,0.0
2022-10-17 00:00:00+05:30,3085.460808658532,3116.940160810911,3070.5445333049583,3097.180908203125,1067773,0.0,0.0
2022-10-18 00:00:00+05:30,3116.9398888162505,3147.9349405384755,3111.1283166183334,3124.54345703125,1015424,0.0,0.0
2022-10-19 00:00:00+05:30,3140.1861505488387,3143.769906078644,3095.9698670467565,3111.854736328125,943543,0.0,0.0
2022-10-20 00:00:00+05:30,3097.5676258436956,3140.0406223696755,3004.388809596746,3042.2607421875,2284352,0.0,0.0
2022-10-21 00:00:00+05:30,3041.389413151415,3065.3621481754585,2976.1544214359906,2995.2841796875,1738731,0.0,0.0
2022-10-24 00:00:00+05:30,3051.0752503582357,3059.792608216402,3018.143009560718,3023.615478515625,178709,0.0,0.0
2022-10-25 00:00:00+05:30,3035.5776548285617,3036.546250123657,2983.1765547745235,2988.01953125,1016316,0.0,0.0
2022-10-27 00:00:00+05:30,3024.923141807405,3024.923141807405,2937.7495642337044,2947.871337890625,2005709,0.0,0.0
2022-10-28 00:00:00+05:30,2962.6423914378747,2975.137412669272,2944.529706655443,2957.5087890625,715736,0.0,0.0
2022-10-31 00:00:00+05:30,2989.518734456431,3019.5885205590102,2969.1974263726324,3014.447509765625,814364,4.4,0.0
2022-11-01 00:00:00+05:30,3017.1633818492714,3069.4459125153426,3017.1633818492714,3064.595947265625,939335,0.0,0.0
2022-11-02 00:00:00+05:30,3063.237809767216,3065.1292487022656,3028.4151567506465,3037.9208984375,787012,0.0,0.0
2022-11-03 00:00:00+05:30,3011.828269188098,3054.2654629971094,3011.828269188098,3047.0390625,563798,0.0,0.0
2022-11-04 00:00:00+05:30,3053.5380885762283,3089.4278310404343,3032.101147675779,3085.887451171875,609757,0.0,0.0
2022-11-07 00:00:00+05:30,3090.3977518814495,3102.037668084393,3004.5048228709566,3010.421875,1669943,0.0,0.0
2022-11-09 00:00:00+05:30,3051.5981313216325,3051.5981313216325,2987.578590105095,2993.883544921875,1391333,0.0,0.0
2022-11-10 00:00:00+05:30,2993.3984797802987,2993.3984797802987,2942.4738458890265,2953.774169921875,1375007,0.0,0.0
2022-11-11 00:00:00+05:30,2997.957353404688,3005.0383497518724,2956.538699174857,2963.716552734375,810288,0.0,0.0
2022-11-14 00:00:00+05:30,2964.29879160304,2985.590091908843,2949.7974427177933,2961.582763671875,811702,0.0,0.0
2022-11-15 00:00:00+05:30,2976.423685858182,3002.1285017862388,2950.7188699301255,2986.899658203125,873840,0.0,0.0
2022-11-16 00:00:00+05:30,2986.899635450625,3000.188492824734,2959.448784871731,2990.537109375,770953,0.0,0.0
2022-11-17 00:00:00+05:30,2999.2186727671615,3003.6321887462414,2968.178893488847,2979.430908203125,706271,0.0,0.0
2022-11-18 00:00:00+05:30,3002.128528859307,3021.3829858785225,2964.056301150833,3002.613525390625,1258576,0.0,0.0
2022-11-21 00:00:00+05:30,3011.828563403642,3017.018121193688,2974.1927839118534,3002.419677734375,612194,0.0,0.0
2022-11-22 00:00:00+05:30,3010.858294850225,3025.8931864643287,2980.1095638798038,3010.712890625,764079,0.0,0.0
2022-11-23 00:00:00+05:30,3017.6485208856047,3021.334542012408,2997.278665874805,3007.754638671875,488341,0.0,0.0
2022-11-24 00:00:00+05:30,3024.3897227430025,3026.620754076579,2999.2184509589883,3021.8193359375,571872,0.0,0.0
2022-11-25 00:00:00+05:30,3021.8191367230515,3026.18410507349,2982.970871041213,3014.883544921875,898769,0.0,0.0
2022-11-28 00:00:00+05:30,3014.8838411585343,3064.2080830908676,3003.777467960733,3056.64208984375,914689,0.0,0.0
2022-11-29 00:00:00+05:30,3062.267861210412,3073.9077770591684,3033.3134758107517,3040.9765625,877720,0.0,0.0
2022-11-30 00:00:00+05:30,3045.6810365245337,3103.929165651731,3039.279224580983,3079.873291015625,2547283,0.0,0.0
2022-12-01 00:00:00+05:30,3095.2478341144615,3101.0677924362058,3066.390540769145,3083.947509765625,761717,0.0,0.0
2022-12-02 00:00:00+05:30,3077.933257053236,3079.04889111519,3039.9581250416,3049.12451171875,932259,0.0,0.0
2022-12-05 00:00:00+05:30,3036.0784227443264,3073.617108595505,3019.1035433839347,3062.171142578125,926122,0.0,0.0
2022-12-06 00:00:00+05:30,3031.22820758988,3073.9079007527457,3031.22820758988,3066.826904296875,958365,0.0,0.0
2022-12-07 00:00:00+05:30,3084.5779397663878,3137.6365129396786,3081.085870014352,3129.6826171875,1832282,0.0,0.0
2022-12-08 00:00:00+05:30,3133.077667936157,3143.6504978481967,3106.5482623068474,3124.7841796875,851312,0.0,0.0
2022-12-09 00:00:00+05:30,3137.927632328049,3145.0571762340323,3109.7978328419554,3130.119140625,847879,0.0,0.0
2022-12-12 00:00:00+05:30,3130.167631349865,3133.0776105547147,3047.62112651308,3071.337646484375,1323816,0.0,0.0
2022-12-13 00:00:00+05:30,3089.4277573411937,3089.4277573411937,3048.3484583693476,3083.122802734375,886601,0.0,0.0
2022-12-14 00:00:00+05:30,3083.6081246263816,3099.128014526986,3031.228496211841,3051.5498046875,1103870,0.0,0.0
2022-12-15 00:00:00+05:30,3047.7182266653713,3066.342046250861,3023.1773546255877,3036.660400390625,799124,0.0,0.0
2022-12-16 00:00:00+05:30,3021.5285928714675,3023.4685791269226,2958.7700848704376,2964.201904296875,1192821,0.0,0.0
2022-12-19 00:00:00+05:30,2970.118921950675,2995.338742973117,2949.749066509472,2988.500244140625,655594,0.0,0.0
2022-12-20 00:00:00+05:30,2982.7772537537617,2995.9690174898506,2927.439101441437,2989.6640625,739257,0.0,0.0
2022-12-21 00:00:00+05:30,2992.4287958613204,3019.055059826217,2958.5275834461936,2977.539306640625,616324,0.0,0.0
2022-12-22 00:00:00+05:30,2981.758624126837,3000.6734885284222,2946.887421477625,2995.8720703125,663202,0.0,0.0
2022-12-23 00:00:00+05:30,2986.5602480960024,2994.2233357780187,2944.8990912529807,2966.141845703125,1230858,0.0,0.0
2022-12-26 00:00:00+05:30,2966.1417572261794,2979.7216604039577,2937.915100566913,2964.347412109375,536884,0.0,0.0
2022-12-27 00:00:00+05:30,2968.1789506957684,3035.1084760545946,2964.590023510487,3019.20068359375,729041,0.0,0.0
2022-12-28 00:00:00+05:30,3016.629880532842,3049.4642404588985,3011.8284622313577,3029.96728515625,972274,0.0,0.0
2022-12-29 00:00:00+05:30,3007.9485208611454,3031.228354624663,2999.7521267531833,3021.673828125,596265,0.0,0.0
2022-12-30 00:00:00+05:30,3036.805752145115,3036.805752145115,2979.139712479381,2995.241455078125,836220,0.0,0.0
2023-01-02 00:00:00+05:30,2995.2414014890064,2995.2414014890064,2930.3489620988953,2955.811279296875,1015990,0.0,0.0
2023-01-03 00:00:00+05:30,2955.5689623396606,2968.130325564934,2934.2291142361255,2937.381591796875,860367,0.0,0.0
2023-01-04 00:00:00+05:30,2943.929010219132,2958.478906480512,2911.4827889191993,2926.32373046875,836382,0.0,0.0
2023-01-05 00:00:00+05:30,2948.342438652981,2955.180937055911,2905.5171031718905,2914.19873046875,1113920,0.0,0.0
2023-01-06 00:00:00+05:30,2919.6789735929083,2932.7738792884247,2863.419378752912,2889.027099609375,1045526,0.0,0.0
2023-01-09 00:00:00+05:30,2903.479825263395,2927.099010536323,2862.4490778018435,2894.604248046875,808263,0.0,0.0
2023-01-10 00:00:00+05:30,2894.6044421858824,2895.4290309406697,2863.6132139915157,2871.518798828125,864325,0.0,0.0
2023-01-11 00:00:00+05:30,2885.632734832818,2885.632734832818,2846.9301000890246,2852.16796875,890426,0.0,0.0
2023-01-12 00:00:00+05:30,2850.8098049930963,2851.634393878309,2809.100100462745,2828.451416015625,1558620,0.0,0.0
2023-01-13 00:00:00+05:30,2837.2294639136117,2837.2294639136117,2785.5773377756973,2821.85498046875,1507864,0.0,0.0
2023-01-16 00:00:00+05:30,2837.229485569536,2841.691548033403,2809.0996889604703,2828.548095703125,644073,0.0,0.0
2023-01-17 00:00:00+05:30,2837.2297924626137,2856.4842500535897,2823.7952934202785,2852.652587890625,716489,0.0,0.0
2023-01-18 00:00:00+05:30,2859.491004221043,2871.179467999321,2841.449275328524,2856.8720703125,893808,0.0,0.0
2023-01-19 00:00:00+05:30,2866.232391689925,2884.371451322064,2758.2723538114697,2780.1455078125,2379947,0.0,0.0
2023-01-20 00:00:00+05:30,2762.540014567168,2762.540014567168,2697.5504847300895,2704.146484375,3171005,0.0,0.0
2023-01-23 00:00:00+05:30,2715.9806567356186,2715.9806567356186,2684.7954735636313,2700.897216796875,1402260,0.0,0.0
2023-01-24 00:00:00+05:30,2711.130465475897,2742.2673358517864,2700.8969918479224,2726.262451171875,1061471,0.0,0.0
2023-01-25 00:00:00+05:30,2726.553121349575,2726.6502153716215,2684.0676190783524,2691.73046875,857953,0.0,0.0
2023-01-27 00:00:00+05:30,2683.583047017565,2689.6455039870666,2605.2561029716053,2640.95166015625,1801498,0.0,0.0
2023-01-30 00:00:00+05:30,2642.2614038130314,2692.701048819741,2615.344093256566,2683.195068359375,1171912,0.0,0.0
2023-01-31 00:00:00+05:30,2677.1808321694366,2696.532146256415,2636.4896708695137,2644.0556640625,1961805,0.0,0.0
2023-02-01 00:00:00+05:30,2667.2869624042296,2694.6407193194764,2623.637274726268,2661.41845703125,1176872,0.0,0.0
2023-02-02 00:00:00+05:30,2658.750772535264,2658.750772535264,2613.1611022291136,2624.46142578125,1308570,0.0,0.0
2023-02-03 00:00:00+05:30,2624.4617256466054,2680.963823492483,2618.981359379718,2677.56884765625,1278409,0.0,0.0
2023-02-06 00:00:00+05:30,2677.568596769168,2682.030659318869,2636.440988075474,2671.5546875,1120284,0.0,0.0
2023-02-07 00:00:00+05:30,2679.120976211946,2691.2458901158743,2665.686476880504,2675.28955078125,732250,0.0,0.0
2023-02-08 00:00:00+05:30,2684.940925845201,2700.460815589971,2661.952136523705,2682.613037109375,811956,0.0,0.0
2023-02-09 00:00:00+05:30,2698.47216243318,2735.720038254164,2683.146224628361,2730.142578125,946372,0.0,0.0
2023-02-10 00:00:00+05:30,2745.0801095646957,2746.0015555247564,2709.1903696163236,2720.4423828125,700072,0.0,0.0
2023-02-13 00:00:00+05:30,2730.0453911726377,2744.110290150077,2696.5806315366613,2707.008056640625,467228,0.0,0.0
2023-02-14 00:00:00+05:30,2720.587960979172,2720.587960979172,2682.0307378937196,2693.670654296875,524746,0.0,0.0
2023-02-15 00:00:00+05:30,2693.6708005646656,2714.3317006651055,2671.360959580514,2702.546142578125,817717,0.0,0.0
2023-02-16 00:00:00+05:30,2713.0705626845715,2749.299897852454,2706.3777053609297,2721.751953125,788964,0.0,0.0
2023-02-17 00:00:00+05:30,2718.8418380202093,2760.4546799013674,2701.9155074955893,2748.572265625,840526,0.0,0.0
2023-02-20 00:00:00+05:30,2759.630233518035,2766.420184883457,2727.7175568264342,2740.763916015625,646218,0.0,0.0
2023-02-21 00:00:00+05:30,2751.870640572078,2753.519581608486,2720.8308589371445,2732.56787109375,631934,0.0,0.0
2023-02-22 00:00:00+05:30,2725.6319045588316,2729.5118767318904,2696.580660275994,2712.052001953125,580270,0.0,0.0
2023-02-23 00:00:00+05:30,2720.830292872216,2721.3638363710115,2619.0781245954913,2624.75244140625,1790570,0.0,0.0
2023-02-24 00:00:00+05:30,2630.7182063228875,2679.120764068776,2628.6811262224414,2656.325927734375,1429040,0.0,0.0
2023-02-27 00:00:00+05:30,2658.1688551027232,2675.8712282359784,2643.2796038986467,2667.3837890625,561317,0.0,0.0
2023-02-28 00:00:00+05:30,2667.4810009523794,2753.810386074111,2645.6076093816264,2743.91650390625,1815923,0.0,0.0
2023-03-01 00:00:00+05:30,2743.1405039700676,2767.68137691662,2731.5491337154585,2755.6533203125,816598,0.0,0.0
2023-03-02 00:00:00+05:30,2746.0503960576357,2763.510271412294,2726.6505345524597,2748.86328125,604523,0.0,0.0
2023-03-03 00:00:00+05:30,2751.9187391348187,2766.4200873912678,2726.310781370286,2743.96484375,679295,0.0,0.0
2023-03-06 00:00:00+05:30,2757.6905938765026,2797.4603140133077,2745.3231809071303,2778.593994140625,1050267,0.0,0.0
2023-03-08 00:00:00+05:30,2783.8802773088432,2783.8802773088432,2742.1705728056095,2773.743896484375,580250,0.0,0.0
2023-03-09 00:00:00+05:30,2776.1199775054047,2786.256357034475,2751.7247481801796,2767.923583984375,774224,0.0,0.0
2023-03-10 00:00:00+05:30,2758.6603661557356,2758.6603661557356,2722.7706215890116,2745.2744140625,489978,0.0,0.0
2023-03-13 00:00:00+05:30,2738.775314376439,2763.9465860884293,2689.014624680397,2700.654541015625,813217,0.0,0.0
2023-03-14 00:00:00+05:30,2699.4422347533823,2703.3222071310624,2657.8296257286497,2663.213134765625,1060450,0.0,0.0
2023-03-15 00:00:00+05:30,2689.01453938798,2780.339522160226,2682.2245884077997,2742.55810546875,2170346,0.0,0.0
2023-03-16 00:00:00+05:30,2764.4801739163895,2812.9798260903613,2743.819274727336,2806.432373046875,1755487,0.0,0.0
2023-03-17 00:00:00+05:30,2836.2111091471825,2836.2111091471825,2769.3786832473547,2776.75048828125,1848073,0.0,0.0
2023-03-20 00:00:00+05:30,2827.529765208051,2827.529765208051,2746.098895319118,2769.4755859375,1074367,0.0,0.0
2023-03-21 00:00:00+05:30,2772.3856495766527,2800.370044889678,2749.930404316674,2753.907470703125,691891,0.0,0.0
2023-03-22 00:00:00+05:30,2740.2305174524195,2767.5357285907025,2730.3851821775506,2754.635009765625,731807,0.0,0.0
2023-03-23 00:00:00+05:30,2732.567593446849,2738.2904578784132,2684.6983403446607,2713.8466796875,1016581,0.0,0.0
2023-03-24 00:00:00+05:30,2713.846686972472,2731.1609213641013,2689.6454069859774,2714.525634765625,784111,0.0,0.0
2023-03-27 00:00:00+05:30,2714.525700268892,2735.3805519950956,2702.8857830263596,2719.6181640625,791560,0.0,0.0
2023-03-28 00:00:00+05:30,2707.2507189103967,2726.262678233434,2682.0308985264232,2700.897216796875,558581,0.0,0.0
2023-03-29 00:00:00+05:30,2700.897323598093,2709.9183070704817,2672.331073281137,2687.365966796875,1087648,0.0,0.0
2023-03-31 00:00:00+05:30,2673.34943093138,2691.7307521280145,2665.055942872692,2678.78125,1967803,0.0,0.0
2023-04-03 00:00:00+05:30,2664.5223162743655,2698.1810271772156,2627.371535724687,2693.670654296875,1035295,0.0,0.0
2023-04-05 00:00:00+05:30,2677.1809211990385,2727.1841122169863,2669.6634747717585,2724.2255859375,668643,0.0,0.0
2023-04-06 00:00:00+05:30,2723.2067868322306,2740.2302112598104,2703.176526208546,2725.534912109375,627554,0.0,0.0
2023-04-10 00:00:00+05:30,2725.680454417148,2725.680454417148,2672.427931012248,2693.040283203125,1215461,0.0,0.0
2023-04-11 00:00:00+05:30,2706.2809416852515,2706.2809416852515,2667.5297619441394,2671.167236328125,1246379,0.0,0.0
2023-04-12 00:00:00+05:30,2672.864196156476,2721.9942457344196,2668.4506807465013,2703.1279296875,2235399,0.0,0.0
2023-04-13 00:00:00+05:30,2703.0796009841915,2728.881510991963,2698.5206809852966,2725.43798828125,602597,0.0,0.0
2023-04-17 00:00:00+05:30,2740.2303844680164,2760.2123361567474,2721.800516395488,2757.787353515625,754555,0.0,0.0
2023-04-18 00:00:00+05:30,2762.5403336616937,2772.6767141382034,2745.177551992728,2768.9423828125,717724,0.0,0.0
2023-04-19 00:00:00+05:30,2751.239614513413,2767.0988572496494,2716.6106765445857,2725.38916015625,799624,0.0,0.0
2023-04-20 00:00:00+05:30,2735.3804630846616,2765.4502483171523,2728.7359158154673,2758.514892578125,761101,0.0,0.0
2023-04-21 00:00:00+05:30,2761.667670427615,2800.3703034845503,2761.667670427615,2795.617431640625,894930,0.0,0.0
2023-04-24 00:00:00+05:30,2795.6167432395546,2811.039536238385,2766.419861059998,2804.3466796875,782967,0.0,0.0
2023-04-25 00:00:00+05:30,2804.2986342958784,2814.6775132331295,2778.205677489728,2811.0400390625,636120,0.0,0.0
2023-04-26 00:00:00+05:30,2810.0212312291987,2828.936095114508,2801.3883880792205,2822.6796875,569221,0.0,0.0
2023-04-27 00:00:00+05:30,2828.0148363029907,2832.3798051808376,2807.014580761013,2812.931396484375,599461,0.0,0.0
2023-04-28 00:00:00+05:30,2832.331257670373,2832.331257670373,2761.182407062687,2815.259521484375,1080665,0.0,0.0
2023-05-02 00:00:00+05:30,2823.601283317321,2845.668625687673,2806.1899550517883,2812.54345703125,663800,0.0,0.0
2023-05-03 00:00:00+05:30,2830.4399461302287,2873.507546266634,2810.0700904521154,2841.788818359375,1237193,0.0,0.0
2023-05-04 00:00:00+05:30,2859.5393988125807,2896.5445374872093,2834.464984731441,2893.34375,1008540,0.0,0.0
2023-05-05 00:00:00+05:30,2881.8493660543927,2934.22899101802,2862.498051972439,2922.54052734375,1326561,0.0,0.0
2023-05-08 00:00:00+05:30,2924.5290372873073,2944.6078460012636,2903.1891902490584,2928.845458984375,941879,0.0,0.0
2023-05-09 00:00:00+05:30,2925.547494163526,2982.5345840657274,2920.4064837966425,2943.73486328125,1025850,0.0,0.0
2023-05-10 00:00:00+05:30,2951.640011050523,2965.2684594127236,2928.31163315148,2950.136474609375,751851,0.0,0.0
2023-05-11 00:00:00+05:30,2960.467302364646,3061.4434356466963,2940.5338980480883,3045.53564453125,3229605,0.0,0.0
2023-05-12 00:00:00+05:30,3044.808113864608,3084.3353297422705,2993.398483397955,3037.145263671875,1998170,0.0,0.0
2023-05-15 00:00:00+05:30,3040.152247948684,3072.938061242816,3027.3969337398025,3038.018310546875,810281,0.0,0.0
2023-05-16 00:00:00+05:30,3038.018006702839,3070.7067226942704,3028.6576691922273,3043.93505859375,822404,0.0,0.0
2023-05-17 00:00:00+05:30,3041.898274961661,3053.4896448135755,2983.262241099658,2999.655029296875,835371,0.0,0.0
2023-05-18 00:00:00+05:30,3012.4587175918955,3031.228177190942,3000.430898910682,3015.7568359375,498067,0.0,0.0
2023-05-19 00:00:00+05:30,3030.257797528508,3034.089222092666,2975.9867425317366,2991.89453125,633262,0.0,0.0
2023-05-22 00:00:00+05:30,2977.8784979126685,3012.410343298381,2954.598666007162,2992.331298828125,659425,0.0,0.0
2023-05-23 00:00:00+05:30,2994.368587553507,3034.089756147907,2992.4286014261643,3026.96044921875,581204,0.0,0.0
2023-05-24 00:00:00+05:30,3021.5282553710153,3039.1335339468947,3005.0383740415427,3008.433349609375,439465,0.0,0.0
2023-05-25 00:00:00+05:30,3008.4336260785376,3035.108436562871,2993.398732896459,3029.822021484375,500313,0.0,0.0
2023-05-26 00:00:00+05:30,3029.2882553715385,3042.8196108784127,3018.375833702333,3034.526123046875,568249,0.0,0.0
2023-05-29 00:00:00+05:30,3052.7620827784735,3060.3280759393006,3022.546893965369,3043.256103515625,535712,0.0,0.0
2023-05-30 00:00:00+05:30,3052.4711252753837,3060.328163940388,3033.7019012874316,3050.046142578125,506026,0.0,0.0
2023-05-31 00:00:00+05:30,3057.369687414978,3122.7473640852704,3042.3347944474317,3097.139404296875,2349066,0.0,0.0
2023-06-01 00:00:00+05:30,3138.2672220532068,3152.3804319871597,3110.767823369563,3143.45654296875,1104861,0.0,0.0
2023-06-02 00:00:00+05:30,3142.195497824093,3152.428972210992,3122.407733660056,3140.110107421875,781973,0.0,0.0
2023-06-05 00:00:00+05:30,3142.728778730194,3142.728778730194,3099.127640663455,3103.735107421875,492565,0.0,0.0
2023-06-06 00:00:00+05:30,3111.49500576545,3141.710192601288,3099.1275951743783,3116.344970703125,577698,0.0,0.0
2023-06-07 00:00:00+05:30,3120.4676981168814,3132.35011319364,3110.040272641359,3128.03369140625,470038,0.0,0.0
2023-06-08 00:00:00+05:30,3123.3777981263133,3149.567611961534,3097.1879842910926,3115.8603515625,561161,0.0,0.0
2023-06-09 00:00:00+05:30,3134.2174874960015,3162.632114072365,3093.9388192324095,3105.65625,1239045,21.25,0.0
2023-06-12 00:00:00+05:30,3110.1968025617903,3126.9431078414773,3076.94854354642,3119.52197265625,1029156,0.0,0.0
2023-06-13 00:00:00+05:30,3134.412697721464,3194.952756057517,3129.6768074788038,3186.018310546875,1598821,0.0,0.0
2023-06-14 00:00:00+05:30,3188.1178065507656,3212.43138144923,3176.4003751024934,3193.1953125,741615,0.0,0.0
2023-06-15 00:00:00+05:30,3198.8588541372546,3226.19952810424,3196.271349993511,3216.77685546875,806994,0.0,0.0
2023-06-16 00:00:00+05:30,3214.237528833376,3243.7752170682693,3209.1600234928305,3238.74658203125,984671,0.0,0.0
2023-06-19 00:00:00+05:30,3240.699821082994,3266.1850910197436,3225.4670650994713,3231.76513671875,516915,0.0,0.0
2023-06-20 00:00:00+05:30,3236.940395684816,3248.511454446905,3199.932937196432,3240.55322265625,866290,0.0,0.0
2023-06-21 00:00:00+05:30,3240.553037898015,3254.5163570753657,3222.293422846897,3238.014404296875,742456,0.0,0.0
2023-06-22 00:00:00+05:30,3246.7051238599965,3248.511656654038,3166.098908369721,3171.567138671875,871640,0.0,0.0
2023-06-23 00:00:00+05:30,3188.1174141926426,3226.3454342312493,3176.448854489792,3220.04736328125,1260659,0.0,0.0
2023-06-26 00:00:00+05:30,3217.4112089416953,3237.2821140410206,3194.3668329989523,3230.25146484375,592801,0.0,0.0
2023-06-27 00:00:00+05:30,3197.882313134795,3265.7457698562816,3196.2712616772446,3247.681396484375,914141,0.0,0.0
2023-06-28 00:00:00+05:30,3252.563420198518,3276.242394362377,3245.2400261272214,3269.4072265625,713110,0.0,0.0
2023-06-30 00:00:00+05:30,3274.0456244979923,3368.371042648164,3265.0134377915783,3282.882568359375,1436363,0.0,0.0
2023-07-03 00:00:00+05:30,3285.762782637645,3300.3607003680454,3258.6173544667795,3279.611083984375,474224,0.0,0.0
2023-07-04 00:00:00+05:30,3279.6110951166825,3307.2447496491986,3252.5634074642694,3268.8701171875,473663,0.0,0.0
2023-07-05 00:00:00+05:30,3272.4343655705393,3319.9386870148064,3262.083873130798,3294.94140625,632406,0.0,0.0
2023-07-06 00:00:00+05:30,3329.703030937647,3329.703030937647,3288.496783042511,3319.3525390625,693995,0.0,0.0
2023-07-07 00:00:00+05:30,3305.2918936067604,3333.60901765834,3258.56854356496,3264.96435546875,620761,0.0,0.0
2023-07-10 00:00:00+05:30,3266.233778667345,3292.6468678144374,3216.385828328021,3264.42724609375,548838,0.0,0.0
2023-07-11 00:00:00+05:30,3271.0670895640824,3319.889715830779,3266.2336972420253,3312.6640625,772158,0.0,0.0
2023-07-12 00:00:00+05:30,3327.750350865928,3333.999551942783,3283.0776458917157,3326.52978515625,1025127,0.0,0.0
2023-07-13 00:00:00+05:30,3344.3500721707424,3344.3500721707424,3304.6573703205077,3318.52294921875,750126,0.0,0.0
2023-07-14 00:00:00+05:30,3318.522766103323,3358.0202229372812,3307.2446917966186,3348.988037109375,832843,0.0,0.0
2023-07-17 00:00:00+05:30,3348.988326876113,3391.2199021038678,3344.3501769956083,3378.91650390625,817694,0.0,0.0
2023-07-18 00:00:00+05:30,3378.52570176924,3440.0422102118596,3374.2294060600975,3430.717041015625,962485,0.0,0.0
2023-07-19 00:00:00+05:30,3437.1130326008474,3446.8775582616454,3400.496061372856,3431.888916015625,620289,0.0,0.0
2023-07-20 00:00:00+05:30,3427.397309245877,3451.7597526078594,3412.652780433913,3442.9716796875,589848,0.0,0.0
2023-07-21 00:00:00+05:30,3452.68744705653,3454.6403522134096,3422.4662874321607,3434.8671875,857975,0.0,0.0
2023-07-24 00:00:00+05:30,3423.4429105900485,3483.9829734698496,3416.119515886847,3460.255126953125,680246,0.0,0.0
2023-07-25 00:00:00+05:30,3464.3558503407558,3464.3558503407558,3271.1159892010633,3320.3291015625,2555630,0.0,0.0
2023-07-26 00:00:00+05:30,3319.7923093082786,3332.632565029856,3285.762842462779,3293.574462890625,959076,0.0,0.0
2023-07-27 00:00:00+05:30,3310.174345278646,3333.6092079000878,3272.092693518803,3290.059326171875,874078,0.0,0.0
2023-07-28 00:00:00+05:30,3295.527408416303,3318.9622699872634,3285.2746564790077,3310.857666015625,553750,0.0,0.0
2023-07-31 00:00:00+05:30,3244.9472145940294,3308.2213904004634,3244.8983442859517,3297.822265625,933890,0.0,0.0
2023-08-01 00:00:00+05:30,3292.59792723478,3305.291810109647,3259.398541254358,3264.23193359375,698667,0.0,0.0
2023-08-02 00:00:00+05:30,3262.5231857196327,3292.549101386755,3252.2215637229724,3283.712158203125,857218,0.0,0.0
2023-08-03 00:00:00+05:30,3290.6453775843006,3300.361033617214,3239.8209702907375,3257.787841796875,711067,0.0,0.0
2023-08-04 00:00:00+05:30,3259.5450867540185,3293.8675379990586,3244.7519255138054,3261.009765625,519248,0.0,0.0
2023-08-07 00:00:00+05:30,3237.965656257464,3271.116173984118,3237.9167859496524,3264.281005859375,360358,0.0,0.0
2023-08-08 00:00:00+05:30,3264.2810249202744,3280.83184872634,3254.1746452058355,3269.212158203125,500258,0.0,0.0
2023-08-09 00:00:00+05:30,3254.0770257084764,3277.9023728099396,3225.222804889204,3252.5634765625,643222,0.0,0.0
2023-08-10 00:00:00+05:30,3232.058338745863,3241.8228654490226,3153.942125120585,3161.656005859375,1253219,0.0,0.0
2023-08-11 00:00:00+05:30,3161.655653105388,3172.445501586881,3105.1191451587215,3110.34326171875,919023,0.0,0.0
2023-08-14 00:00:00+05:30,3110.343448166041,3134.3151692712677,3078.022771090537,3127.187255859375,815534,0.0,0.0
2023-08-16 00:00:00+05:30,3119.6682205557104,3133.289924620688,3102.0920742956014,3118.83837890625,597686,0.0,0.0
2023-08-17 00:00:00+05:30,3147.9854272595467,3148.083167875795,3087.543106955107,3108.292724609375,873392,0.0,0.0
2023-08-18 00:00:00+05:30,3100.1389894765703,3110.4894814754334,3080.707679816353,3089.056396484375,592652,0.0,0.0
2023-08-21 00:00:00+05:30,3085.492552552905,3112.442740343641,3077.9250447136383,3107.365234375,353330,0.0,0.0
2023-08-22 00:00:00+05:30,3123.281268380358,3123.281268380358,3096.331082241616,3104.826171875,377068,0.0,0.0
2023-08-23 00:00:00+05:30,3110.977797364363,3120.7423227798195,3090.7164071272914,3094.182861328125,370811,0.0,0.0
2023-08-24 00:00:00+05:30,3110.001438080275,3156.773420866136,3096.2333614749346,3149.6455078125,1167742,0.0,0.0
2023-08-25 00:00:00+05:30,3148.961647965995,3188.1174895186123,3140.466558689115,3182.5517578125,1363431,0.0,0.0
2023-08-28 00:00:00+05:30,3188.0687587857724,3194.952797056801,3154.967112143622,3182.9423828125,707315,0.0,0.0
2023-08-29 00:00:00+05:30,3184.2119902569634,3211.55266358637,3178.402144852815,3208.330322265625,533163,0.0,0.0
2023-08-30 00:00:00+05:30,3223.562601609992,3225.076150623747,3199.248791960931,3217.117919921875,599080,0.0,0.0
2023-08-31 00:00:00+05:30,3222.342535460073,3224.2465704020387,3144.177455086179,3179.427490234375,1601967,0.0,0.0
2023-09-01 00:00:00+05:30,3164.7806396587234,3187.3365518436226,3141.3457770925424,3182.796142578125,650131,0.0,0.0
2023-09-04 00:00:00+05:30,3182.796191048064,3189.3383759357353,3140.369372309451,3159.361328125,696213,0.0,0.0
2023-09-05 00:00:00+05:30,3168.588631574132,3172.34806937507,3144.1773170011415,3147.399658203125,597022,0.0,0.0
2023-09-06 00:00:00+05:30,3133.436314405402,3153.941818488454,3119.765978350034,3149.3525390625,754106,0.0,0.0
2023-09-07 00:00:00+05:30,3149.3523650269303,3177.1323915830953,3125.8686342083392,3169.90673828125,923108,0.0,0.0
2023-09-08 00:00:00+05:30,3174.0081481247566,3186.2138060151383,3155.8949041370793,3161.802490234375,395918,0.0,0.0
2023-09-11 00:00:00+05:30,3165.6594775237663,3188.1178883760326,3165.6594775237663,3182.649658203125,359345,0.0,0.0
2023-09-12 00:00:00+05:30,3183.2351538501557,3202.568961051885,3166.635461330078,3180.159423828125,554905,0.0,0.0
2023-09-13 00:00:00+05:30,3168.588803131078,3207.3050547833573,3149.3527338844115,3200.567626953125,880907,0.0,0.0
2023-09-14 00:00:00+05:30,3204.7173342443193,3216.6300079181287,3147.3507457656924,3163.950439453125,1102554,0.0,0.0
2023-09-15 00:00:00+05:30,3158.824003828471,3163.7062665855474,3110.0013762577064,3121.376953125,1568607,0.0,0.0
2023-09-18 00:00:00+05:30,3124.648349711281,3153.8441873721954,3114.8838236184333,3130.800048828125,673602,0.0,0.0
2023-09-20 00:00:00+05:30,3130.799666028003,3151.9886373803756,3119.7657052138475,3138.66015625,901084,0.0,0.0
2023-09-21 00:00:00+05:30,3134.412984470558,3184.407312120833,3105.6565018085175,3167.8076171875,845739,0.0,0.0
2023-09-22 00:00:00+05:30,3158.775238709849,3206.2797999531476,3145.30014537325,3197.73583984375,896521,0.0,0.0
2023-09-25 00:00:00+05:30,3195.2456412017814,3256.273923937232,3194.1225777644117,3244.995849609375,1422084,0.0,0.0
2023-09-26 00:00:00+05:30,3244.7515118101023,3246.6066761201155,3183.576860788544,3215.2626953125,834560,0.0,0.0
2023-09-27 00:00:00+05:30,3210.57617585933,3231.0816806321536,3194.6599506668354,3224.05126953125,516326,0.0,0.0
2023-09-28 00:00:00+05:30,3204.521872872323,3211.5522832174397,3080.7076477807914,3095.6962890625,2104381,0.0,0.0
2023-09-29 00:00:00+05:30,3119.7657491959358,3119.7657491959358,3060.202146472633,3086.615234375,1550585,0.0,0.0
2023-10-03 00:00:00+05:30,3091.5464691918432,3151.79354297701,3087.5429184380614,3092.27880859375,1219145,0.0,0.0
2023-10-04 00:00:00+05:30,3090.4231997448132,3113.9069293456287,3077.1435891771152,3095.256591796875,892584,0.0,0.0
2023-10-05 00:00:00+05:30,3134.4129180372806,3155.9926163499395,3099.553607094469,3130.751220703125,1002610,0.0,0.0
2023-10-06 00:00:00+05:30,3139.0511353809134,3141.248153828571,3114.8839324566807,3120.49853515625,814257,0.0,0.0
2023-10-09 00:00:00+05:30,3066.1098006114134,3088.519338395023,3058.932779191742,3078.5595703125,700012,0.0,0.0
2023-10-10 00:00:00+05:30,3075.8256043439133,3090.3746523220498,3066.1099489228263,3077.290283203125,847367,0.0,0.0
2023-10-11 00:00:00+05:30,3094.377952292919,3110.001192190895,3077.8271302043445,3089.39794921875,1025317,0.0,0.0
2023-10-12 00:00:00+05:30,3110.978150917867,3113.4192825491587,3075.8747257382474,3084.711669921875,992531,0.0,0.0
2023-10-13 00:00:00+05:30,3075.8255039645323,3097.307459865237,3054.587661199063,3074.65380859375,854688,0.0,0.0
2023-10-16 00:00:00+05:30,3050.437602637241,3054.343412627814,3023.194673309686,3038.76904296875,853011,0.0,0.0
2023-10-17 00:00:00+05:30,3063.1318973322645,3063.1318973322645,3018.9962861775207,3040.234130859375,792640,0.0,0.0
2023-10-18 00:00:00+05:30,3036.7673563609537,3041.8448618186453,3017.2383058377322,3023.536376953125,481985,0.0,0.0
2023-10-19 00:00:00+05:30,3014.992665080662,3037.6463178706244,3003.665957881555,3028.7607421875,568124,0.0,0.0
2023-10-20 00:00:00+05:30,3019.679837861105,3041.7477632374257,2992.3880338116587,3032.715576171875,711434,0.0,0.0
2023-10-23 00:00:00+05:30,3023.1460859602666,3035.6933586943196,2991.8507328033447,2999.662353515625,374476,0.0,0.0
2023-10-25 00:00:00+05:30,3020.5580382278263,3034.8143399433216,2980.1330004848833,2988.725830078125,669290,0.0,0.0
2023-10-26 00:00:00+05:30,2979.254468449384,2983.0625380348624,2870.770494868247,2890.592529296875,1834111,0.0,0.0
2023-10-27 00:00:00+05:30,2863.740391063931,2904.604791594984,2861.9827286085415,2885.56396484375,1708185,0.0,0.0
2023-10-30 00:00:00+05:30,2903.969849032875,2921.4971244177905,2869.8917508013883,2897.232421875,878885,0.0,0.0
2023-10-31 00:00:00+05:30,2899.087699434419,2941.8074996534338,2896.1583417051147,2925.158935546875,1152306,0.0,0.0
2023-11-01 00:00:00+05:30,2927.355973003824,2938.0480811074162,2861.0060676791695,2865.448974609375,1029990,0.0,0.0
2023-11-02 00:00:00+05:30,2891.3249614435217,2892.2525437167365,2864.91187146013,2885.807861328125,900125,0.0,0.0
2023-11-03 00:00:00+05:30,2892.410747434222,2917.744922576785,2877.73838990581,2912.805419921875,715997,5.15,0.0
2023-11-06 00:00:00+05:30,2932.5149826970683,2967.777593876334,2918.6741552698677,2963.13134765625,620959,0.0,0.0
2023-11-07 00:00:00+05:30,2963.131189636381,2972.5703096148627,2936.6230381449195,2967.0927734375,757998,0.0,0.0
2023-11-08 00:00:00+05:30,2991.2045158975952,3031.260002774998,2979.6622139543315,3027.640869140625,783400,0.0,0.0
2023-11-09 00:00:00+05:30,3032.286746109202,3043.437640555619,3006.9036193347965,3012.919189453125,849702,0.0,0.0
2023-11-10 00:00:00+05:30,3002.9421554670575,3017.6145112755285,2973.695355078655,3009.251220703125,364232,0.0,0.0
2023-11-13 00:00:00+05:30,3030.3307127409025,3030.3307127409025,2998.0515282604474,3018.20166015625,405941,0.0,0.0
2023-11-15 00:00:00+05:30,3018.29926558605,3050.725316197309,3011.452165999754,3048.133056640625,700017,0.0,0.0
2023-11-16 00:00:00+05:30,3050.872069706152,3072.2936151982453,3029.939602776051,3061.92529296875,675454,0.0,0.0
2023-11-17 00:00:00+05:30,3081.1945687357306,3157.73535445115,3076.9394902367126,3099.681640625,1430175,0.0,0.0
2023-11-20 00:00:00+05:30,3099.6820545779783,3102.6165259877116,3063.5881517614184,3071.755859375,406431,0.0,0.0
2023-11-21 00:00:00+05:30,3087.944111341035,3087.944111341035,3058.6973090260462,3064.810791015625,409069,0.0,0.0
2023-11-22 00:00:00+05:30,3071.413261737452,3088.041932262782,3053.02386068904,3064.566162109375,489889,0.0,0.0
2023-11-23 00:00:00+05:30,3079.2387243412727,3102.127506248096,3047.106166272176,3054.73583984375,792460,0.0,0.0
2023-11-24 00:00:00+05:30,3049.893761399756,3071.2176334071673,3043.0466618712767,3067.647216796875,756329,0.0,0.0
2023-11-28 00:00:00+05:30,3072.5378888168325,3090.9762445328433,3067.6471036197872,3079.580810546875,647883,0.0,0.0
2023-11-29 00:00:00+05:30,3079.580810546875,3100.7578149269343,3073.3694178234787,3079.580810546875,620725,0.0,0.0
2023-11-30 00:00:00+05:30,3079.580957410248,3085.058493807437,3040.454673967974,3051.752197265625,1793116,0.0,0.0
2023-12-01 00:00:00+05:30,3078.211531912325,3120.9082339135216,3071.6579269041376,3104.083740234375,960196,0.0,0.0
2023-12-04 00:00:00+05:30,3120.3213098602305,3134.4556329223124,3097.3346168252097,3124.77197265625,1018189,0.0,0.0
2023-12-05 00:00:00+05:30,3127.1679601989294,3176.711517220068,3110.5392910330297,3155.779052734375,1005550,0.0,0.0
2023-12-06 00:00:00+05:30,3193.6826457155576,3217.158414014845,3162.3326657043112,3181.504638671875,1229158,0.0,0.0
2023-12-07 00:00:00+05:30,3212.2678504461137,3227.869408109207,3175.9294104503642,3180.771240234375,1071725,0.0,0.0
2023-12-08 00:00:00+05:30,3183.9014223306485,3198.3781954533615,3157.2955964555467,3161.40380859375,895852,0.0,0.0
2023-12-11 00:00:00+05:30,3159.447364700936,3174.1197208837575,3115.919374691898,3162.3818359375,910426,0.0,0.0
2023-12-12 00:00:00+05:30,3157.4912665831653,3185.9067794297016,3139.8844379590955,3154.312255859375,1019030,0.0,0.0
2023-12-13 00:00:00+05:30,3169.2288944971356,3183.852294875292,3120.614536068431,3172.799072265625,1052079,0.0,0.0
2023-12-14 00:00:00+05:30,3183.901309223693,3187.4227702501344,3147.709497106557,3170.549560546875,923107,0.0,0.0
2023-12-15 00:00:00+05:30,3179.0105066152028,3253.6928951168384,3171.1852499835345,3241.5146484375,1631687,0.0,0.0
2023-12-18 00:00:00+05:30,3240.6343706149955,3262.9363995567774,3224.0057004367723,3259.268310546875,911936,0.0,0.0
2023-12-19 00:00:00+05:30,3263.083241107261,3280.641113888615,3228.0651679731486,3263.18115234375,780448,0.0,0.0
2023-12-20 00:00:00+05:30,3263.181317066288,3286.5591782093575,3210.947580226031,3225.130859375,979762,0.0,0.0
2023-12-21 00:00:00+05:30,3208.3552973294245,3247.481581443198,3200.3834124643977,3230.803955078125,1585879,0.0,0.0
2023-12-22 00:00:00+05:30,3237.6021296469366,3277.608898814463,3215.202427304176,3268.31640625,930563,0.0,0.0
2023-12-26 00:00:00+05:30,3276.7774068497774,3317.8110504032775,3272.1311605149353,3309.447998046875,600190,0.0,0.0
2023-12-27 00:00:00+05:30,3307.19813328943,3335.46677814922,3280.738935792259,3330.0869140625,837182,0.0,0.0
2023-12-28 00:00:00+05:30,3330.624662238299,3345.2480619658486,3299.3725931251256,3323.0439453125,779250,0.0,0.0
2023-12-29 00:00:00+05:30,3335.515632276448,3348.182718660907,3309.9856370458424,3328.08154296875,615676,0.0,0.0
2024-01-01 00:00:00+05:30,3328.668622082458,3337.276452351918,3315.1210506804196,3321.91943359375,283951,0.0,0.0
2024-01-02 00:00:00+05:30,3321.8212838988206,3324.6578437712283,3271.9352752183613,3317.27294921875,552394,0.0,0.0
2024-01-03 00:00:00+05:30,3317.273422625129,3324.756229471918,3291.4988856054733,3299.9111328125,379131,0.0,0.0
2024-01-04 00:00:00+05:30,3298.3457690633854,3326.956864480083,3290.324928537205,3306.1220703125,777127,0.0,0.0
2024-01-05 00:00:00+05:30,3306.1220648320273,3306.5621877684384,3274.869993036403,3282.255126953125,416956,0.0,0.0
2024-01-08 00:00:00+05:30,3281.7170586679176,3302.7474362420935,3222.8810048382024,3226.353271484375,545884,0.0,0.0
2024-01-09 00:00:00+05:30,3237.7000959377388,3242.5908815811495,3190.9930930431688,3196.12841796875,670704,0.0,0.0
2024-01-10 00:00:00+05:30,3220.0930774545645,3221.07123452548,3187.0313206960373,3215.0556640625,691087,0.0,0.0
2024-01-11 00:00:00+05:30,3215.0558518649887,3236.917520392243,3199.258470962193,3216.376220703125,537469,0.0,0.0
2024-01-12 00:00:00+05:30,3222.978667772591,3222.978667772591,3173.1416116156056,3206.203369140625,673004,0.0,0.0
2024-01-15 00:00:00+05:30,3210.507179409645,3215.3979648998206,3187.4228151807442,3202.388427734375,728116,0.0,0.0
2024-01-16 00:00:00+05:30,3203.415486151749,3247.481510432904,3202.3883734546444,3224.885986328125,748215,0.0,0.0
2024-01-17 00:00:00+05:30,3222.147344455249,3232.1734545616678,3123.304523400637,3171.478759765625,2239241,0.0,0.0
2024-01-18 00:00:00+05:30,3186.7871227274873,3186.7871227274873,2982.0100612847523,3094.74267578125,1979174,0.0,0.0
2024-01-19 00:00:00+05:30,3108.3876599763425,3131.618890950633,3079.8255206032127,3096.69873046875,936201,0.0,0.0
2024-01-23 00:00:00+05:30,3020.109120015201,3041.0905428694305,2955.5507488896355,2987.9765625,2365225,0.0,0.0
2024-01-24 00:00:00+05:30,2988.2700258274895,2988.2700258274895,2911.093523956935,2933.933349609375,2665932,0.0,0.0
2024-01-25 00:00:00+05:30,2944.301963688527,2950.1219509428993,2878.0318170783207,2884.781005859375,2001961,0.0,0.0
2024-01-29 00:00:00+05:30,2875.8307786182095,2923.173485895506,2875.8307786182095,2911.04443359375,1862723,0.0,0.0
2024-01-30 00:00:00+05:30,2924.6897188544062,2939.3620753035084,2886.5905477031474,2889.573974609375,1273188,0.0,0.0
2024-01-31 00:00:00+05:30,2901.213827841927,2906.9848589486714,2883.6559564498393,2893.241943359375,1771244,0.0,0.0
2024-02-01 00:00:00+05:30,2896.3230776244395,2907.914334400495,2856.1696822314952,2865.364501953125,3006472,0.0,0.0
2024-02-02 00:00:00+05:30,2885.563301498243,2897.6436366056314,2860.180173777147,2872.16259765625,1881911,0.0,0.0
2024-02-05 00:00:00+05:30,2885.5636896242895,2900.236047368142,2848.393716673197,2853.626953125,923435,0.0,0.0
2024-02-06 00:00:00+05:30,2866.978398974908,2882.628912241233,2839.2475502579864,2866.929443359375,1471312,0.0,0.0
2024-02-07 00:00:00+05:30,2892.410560414191,2937.3568316418027,2871.918216819435,2916.032958984375,1134012,0.0,0.0
2024-02-08 00:00:00+05:30,2934.2267557857144,2934.2267557857144,2856.023143533934,2865.609130859375,1633654,0.0,0.0
2024-02-09 00:00:00+05:30,2866.0004832109425,2894.3670408946,2846.9753741812415,2887.177490234375,1144765,0.0,0.0
2024-02-12 00:00:00+05:30,2887.1773365081303,2900.186873825047,2856.267715135066,2889.280517578125,614469,0.0,0.0
2024-02-13 00:00:00+05:30,2900.187006172004,2916.1310155447804,2881.3574809563274,2906.69189453125,717118,0.0,0.0
2024-02-14 00:00:00+05:30,2905.02869755232,2915.6907533070084,2871.9182227537485,2911.38671875,750339,0.0,0.0
2024-02-15 00:00:00+05:30,2914.9084627456814,2958.4364582464136,2902.6325420956905,2950.66015625,1068730,0.0,0.0
2024-02-16 00:00:00+05:30,2968.70688416684,2968.70688416684,2934.471384678919,2942.19873046875,1179473,0.0,0.0
2024-02-19 00:00:00+05:30,2942.198541162289,2952.7626852289955,2922.2442325535267,2932.61279296875,560700,0.0,0.0
2024-02-20 00:00:00+05:30,2932.612861719657,2951.1978463958626,2907.180777425901,2945.86669921875,729371,0.0,0.0
2024-02-21 00:00:00+05:30,2946.2582885119823,2960.637150841215,2918.331854145458,2936.232177734375,927130,0.0,0.0
2024-02-22 00:00:00+05:30,2917.8427013893215,2961.077198515912,2868.054599292392,2951.4912109375,2615821,0.0,0.0
2024-02-23 00:00:00+05:30,2933.4932699538226,2939.362212808015,2901.409667922658,2920.728271484375,1650523,0.0,0.0
2024-02-26 00:00:00+05:30,2856.2187238571983,2866.0002948293118,2785.595829200114,2805.794677734375,3524491,0.0,0.0
2024-02-27 00:00:00+05:30,2792.638448875696,2807.3108049993866,2787.845574731776,2797.089111328125,1296180,0.0,0.0
2024-02-28 00:00:00+05:30,2787.894702482331,2796.9426567589658,2724.6569337909623,2733.313720703125,2472196,0.0,0.0
2024-02-29 00:00:00+05:30,2724.1675724933907,2776.0098997257605,2716.0977762732578,2760.261474609375,2284424,0.0,0.0
2024-03-01 00:00:00+05:30,2771.0210253243686,2783.7860226524867,2753.5610651789943,2769.896240234375,978174,0.0,0.0
2024-03-04 00:00:00+05:30,2797.5291770355125,2798.4583784760994,2766.2281512784716,2769.896240234375,971299,0.0,0.0
2024-03-05 00:00:00+05:30,2772.0972215369366,2772.928750595132,2743.730665635535,2758.794189453125,736381,0.0,0.0
2024-03-06 00:00:00+05:30,2766.1796519799077,2776.988336981238,2717.076207484901,2765.5439453125,1723066,0.0,0.0
2024-03-07 00:00:00+05:30,2763.2937738294486,2830.786612907053,2763.2937738294486,2807.848876953125,1564364,0.0,0.0
2024-03-11 00:00:00+05:30,2832.3027197089245,2833.2808767678416,2790.7800003194693,2814.01123046875,866546,0.0,0.0
2024-03-12 00:00:00+05:30,2817.0924163314435,2836.5576468794693,2802.860182924859,2813.326416015625,663186,0.0,0.0
2024-03-13 00:00:00+05:30,2815.722969805682,2824.183932735442,2773.075227051685,2797.67578125,955841,0.0,0.0
2024-03-14 00:00:00+05:30,2797.5293838193666,2834.748310271269,2778.9443984023846,2829.074951171875,1381741,0.0,0.0
2024-03-15 00:00:00+05:30,2831.764916476416,2833.6722751352618,2787.74784523585,2804.91455078125,1356226,0.0,0.0
2024-03-18 00:00:00+05:30,2803.3982824301775,2803.3982824301775,2755.713123229734,2784.32421875,940424,0.0,0.0
2024-03-19 00:00:00+05:30,2777.9661233321626,2777.9661233321626,2739.817996990629,2753.610107421875,1199135,0.0,0.0
2024-03-20 00:00:00+05:30,2753.6100525788056,2775.080552420289,2736.443348305445,2763.19580078125,818910,0.0,0.0
2024-03-21 00:00:00+05:30,2782.85697459982,2783.248141920194,2744.7088473557455,2759.52783203125,1167680,0.0,0.0
2024-03-22 00:00:00+05:30,2759.527999851751,2792.785343574257,2746.665328611649,2779.43359375,1652689,0.0,0.0
2024-03-26 00:00:00+05:30,2758.4026689320644,2782.0250643503086,2748.6210991840785,2753.16943359375,1372390,0.0,0.0
2024-03-27 00:00:00+05:30,2756.3976650060517,2780.7539193104612,2756.153125738786,2768.673583984375,1156231,0.0,0.0
2024-03-28 00:00:00+05:30,2773.124456841355,2805.3546869511288,2757.424986929997,2784.56884765625,1864623,0.0,0.0
2024-04-01 00:00:00+05:30,2798.4585357840074,2823.401542086254,2790.0465279236687,2808.2890625,558086,0.0,0.0
2024-04-02 00:00:00+05:30,2811.272561406043,2829.221601547265,2793.616777358985,2811.419189453125,562473,0.0,0.0
2024-04-03 00:00:00+05:30,2782.8568289517325,2821.542988342496,2782.8568289517325,2806.675048828125,816676,0.0,0.0
2024-04-04 00:00:00+05:30,2807.310872585835,2878.9608800481737,2788.9704269896733,2854.555908203125,1831347,0.0,0.0
2024-04-05 00:00:00+05:30,2860.131359165076,2863.7994482884924,2817.092446783659,2820.467041015625,1155672,0.0,0.0
2024-04-08 00:00:00+05:30,2844.4808358051305,2845.4100372849616,2811.027910876014,2828.830322265625,570695,0.0,0.0
2024-04-09 00:00:00+05:30,2829.808482540119,2852.746218710642,2782.856941868869,2794.741455078125,1017670,0.0,0.0
2024-04-10 00:00:00+05:30,2820.3201543381106,2835.77508285573,2795.572734226666,2833.476318359375,740495,0.0,0.0
2024-04-12 00:00:00+05:30,2826.873990765677,2829.808462036368,2782.856921705312,2792.1494140625,1766311,0.0,0.0
2024-04-15 00:00:00+05:30,2768.3802361742187,2791.1713448557684,2750.9202748485886,2782.27001953125,884519,0.0,0.0
2024-04-16 00:00:00+05:30,2765.885805623186,2779.384421254131,2758.402999392668,2768.1845703125,911249,0.0,0.0
2024-04-18 00:00:00+05:30,2792.638459614104,2796.7466715829582,2738.9377315180564,2746.37158203125,1732434,0.0,0.0
2024-04-19 00:00:00+05:30,2729.058263337025,2760.457201244808,2705.729121369217,2747.203125,1337807,0.0,0.0
2024-04-22 00:00:00+05:30,2784.422125179301,2784.422125179301,2752.5830634834483,2779.77587890625,676040,0.0,0.0
2024-04-23 00:00:00+05:30,2789.7040576310824,2815.087186691219,2781.878800807433,2812.103759765625,929062,0.0,0.0
2024-04-24 00:00:00+05:30,2819.977802590332,2820.1246694316737,2797.5291461893034,2805.10986328125,718441,0.0,0.0
2024-04-25 00:00:00+05:30,2802.420015137581,2807.2128892738265,2767.255316112352,2798.947509765625,1594152,0.0,0.0
2024-04-26 00:00:00+05:30,2807.310846912153,2815.3316872846112,2775.0806185741635,2782.025390625,625507,0.0,0.0
2024-04-29 00:00:00+05:30,2782.025565723674,2811.1746965874654,2776.9881519187666,2805.55029296875,566219,0.0,0.0
2024-04-30 00:00:00+05:30,2792.6384001237384,2848.3933524204294,2792.6384001237384,2813.081787109375,1290649,0.0,0.0
2024-05-02 00:00:00+05:30,2812.2994843018064,2922.7333218568474,2812.2994843018064,2910.408447265625,2493406,0.0,0.0
2024-05-03 00:00:00+05:30,2917.8916823067084,2931.536926545567,2845.7036381557195,2865.755859375,1594445,0.0,0.0
2024-05-06 00:00:00+05:30,2885.5634714022863,2894.366885382836,2847.610927813452,2868.103271484375,768806,0.0,0.0
2024-05-07 00:00:00+05:30,2882.629169834712,2903.1215147124385,2840.568411672889,2849.371826171875,629534,0.0,0.0
2024-05-08 00:00:00+05:30,2836.655550839646,2841.546336272128,2759.381141006428,2781.194091796875,1652877,0.0,0.0
2024-05-09 00:00:00+05:30,2766.22844196289,2791.6115724435085,2644.741370738688,2650.90380859375,3547959,0.0,0.0
2024-05-10 00:00:00+05:30,2640.0459253072845,2731.6015223527634,2611.7772815783496,2710.7177734375,2478584,0.0,0.0
2024-05-13 00:00:00+05:30,2710.7176828148404,2831.764615876937,2693.9423851903925,2816.358642578125,2748823,0.0,0.0
2024-05-14 00:00:00+05:30,2816.114581571158,2824.9179963798206,2779.9227651355436,2803.545166015625,999330,0.0,0.0
2024-05-15 00:00:00+05:30,2803.5447686732446,2811.4679364012663,2744.85534493346,2752.240478515625,1230520,0.0,0.0
2024-05-16 00:00:00+05:30,2759.4301074448294,2775.6186550514135,2725.683687828349,2752.5830078125,1534319,0.0,0.0
2024-05-17 00:00:00+05:30,2753.1212112942494,2776.205576761091,2725.243732505265,2748.523681640625,1325150,0.0,0.0
2024-05-21 00:00:00+05:30,2753.5120738657647,2804.327284447823,2739.8178752746026,2789.50830078125,921822,0.0,0.0
2024-05-22 00:00:00+05:30,2789.508653000551,2831.7649947986606,2774.640711842981,2822.717041015625,933846,0.0,0.0
2024-05-23 00:00:00+05:30,2821.983527076383,2857.4417256401675,2814.451764384416,2840.323974609375,1181894,0.0,0.0
2024-05-24 00:00:00+05:30,2846.6328987004767,2846.6328987004767,2804.3765574554036,2811.957275390625,755822,0.0,0.0
2024-05-27 00:00:00+05:30,2824.8196535941643,2834.9926302148147,2793.17641626185,2809.560546875,817091,0.0,0.0
2024-05-28 00:00:00+05:30,2813.0331303952935,2857.1968269769022,2801.441873489164,2847.61083984375,1084544,0.0,0.0
2024-05-29 00:00:00+05:30,2832.7429896117637,2857.8815795687715,2818.168544200798,2836.80224609375,1758297,0.0,0.0
2024-05-30 00:00:00+05:30,2812.446289929379,2847.2687793040227,2812.201750646714,2820.711669921875,1344426,0.0,0.0
2024-05-31 00:00:00+05:30,2820.7117503182235,2842.52470271523,2793.225677448009,2818.266357421875,2520363,0.0,0.0
2024-06-03 00:00:00+05:30,2885.563452587727,2885.563452587727,2797.578268972943,2803.83837890625,952701,0.0,0.0
2024-06-04 00:00:00+05:30,2817.0926209408785,2833.7212926617103,2715.119737005779,2795.230712890625,2683847,0.0,0.0
2024-06-05 00:00:00+05:30,2801.930867585148,2961.1748829651074,2801.930867585148,2897.056640625,2410576,0.0,0.0
2024-06-06 00:00:00+05:30,2895.3453037431896,2897.0570788383084,2819.2935816600707,2841.35107421875,1689408,0.0,0.0
2024-06-07 00:00:00+05:30,2841.350786258419,2878.8142508763817,2825.7492283056527,2863.75048828125,1600180,0.0,0.0
2024-06-10 00:00:00+05:30,2864.0438064344817,2887.4216641127623,2851.3277649441643,2873.38525390625,876867,0.0,0.0
2024-06-11 00:00:00+05:30,2878.9161803046404,2884.200050873693,2859.1637536816243,2866.521484375,855430,28.15,0.0
2024-06-12 00:00:00+05:30,2872.9906625328504,2881.879255163581,2830.177178247428,2869.830322265625,1701770,0.0,0.0
2024-06-13 00:00:00+05:30,2892.7428323332797,2892.7428323332797,2869.0399207675578,2873.97802734375,726380,0.0,0.0
2024-06-14 00:00:00+05:30,2873.978066452442,2895.063878267109,2869.1388183893164,2885.4345703125,982815,0.0,0.0
2024-06-18 00:00:00+05:30,2885.434525252859,2891.7552052102965,2869.039915005434,2882.372802734375,741098,0.0,0.0
2024-06-19 00:00:00+05:30,2881.879030120809,2883.8542727733934,2846.9665197889826,2855.904541015625,1018294,0.0,0.0
2024-06-20 00:00:00+05:30,2849.2877039208543,2888.2987487405676,2836.843577986658,2879.41015625,1129752,0.0,0.0
2024-06-21 00:00:00+05:30,2888.792357132325,2891.7552210883578,2844.4482563710894,2855.065185546875,1722379,0.0,0.0
2024-06-24 00:00:00+05:30,2847.3121775424684,2864.052310175292,2835.855674137223,2860.20068359375,892125,0.0,0.0
2024-06-25 00:00:00+05:30,2840.398964794878,2859.1143409045812,2820.6465380577783,2823.066162109375,1217792,0.0,0.0
2024-06-26 00:00:00+05:30,2824.7943658430872,2838.2755411246258,2808.8443784546707,2827.905517578125,960622,0.0,0.0
2024-06-27 00:00:00+05:30,2825.3376799433763,2867.0646805472766,2809.782644215295,2845.18896484375,1628022,0.0,0.0
2024-06-28 00:00:00+05:30,2829.5351782861358,2895.7058089825305,2826.7697902721397,2880.94091796875,1206712,0.0,0.0
2024-07-01 00:00:00+05:30,2853.5341980997528,2902.618927243877,2852.2502422185494,2891.5576171875,1104110,0.0,0.0
2024-07-02 00:00:00+05:30,2891.5577284305323,2899.6561749734506,2875.9532634614056,2889.385009765625,1064295,0.0,0.0
2024-07-03 00:00:00+05:30,2893.433736547185,2912.4454443523664,2879.903374540695,2889.335205078125,925189,0.0,0.0
2024-07-04 00:00:00+05:30,2903.6065450219817,2931.7043220383803,2886.8169833670927,2898.569580078125,968666,0.0,0.0
2024-07-05 00:00:00+05:30,2900.7916554676763,2910.420962646803,2877.039557320606,2899.55712890625,817429,0.0,0.0
2024-07-08 00:00:00+05:30,2899.557116052303,2899.557116052303,2854.9166840127095,2862.2744140625,828260,0.0,0.0
2024-07-09 00:00:00+05:30,2872.9408507222565,2877.138241127908,2854.2254758431045,2869.039794921875,685431,0.0,0.0
2024-07-10 00:00:00+05:30,2864.1510733299824,2977.184277920348,2858.5216803912463,2959.357666015625,2299950,0.0,0.0
2024-07-11 00:00:00+05:30,2961.876393212421,2992.492654696111,2936.1982384196494,2984.64111328125,1968980,0.0,0.0
2024-07-12 00:00:00+05:30,2987.554275633769,3014.220049333641,2934.1238696618243,2962.024169921875,1879930,0.0,0.0
2024-07-15 00:00:00+05:30,2961.876248573059,2961.876248573059,2896.248862079289,2919.90234375,2425341,0.0,0.0
2024-07-16 00:00:00+05:30,2922.371183222476,2978.616163347726,2905.087811912441,2937.6298828125,2085611,0.0,0.0
2024-07-18 00:00:00+05:30,2839.4111984972224,2921.2849066951944,2806.8196960449063,2895.26123046875,5384611,0.0,0.0
2024-07-19 00:00:00+05:30,2888.7923104633696,2943.111482113108,2881.13824536727,2909.581787109375,2164746,0.0,0.0
2024-07-22 00:00:00+05:30,2900.643824269007,2936.5439557903474,2881.039444569403,2897.977294921875,1616347,0.0,0.0
2024-07-23 00:00:00+05:30,2897.9770101928357,2910.8160861242673,2850.2748567777485,2861.237548828125,1906312,0.0,0.0
2024-07-24 00:00:00+05:30,2865.089428488163,2890.767582621459,2850.4725848347434,2876.743408203125,1476148,0.0,0.0
2024-07-25 00:00:00+05:30,2856.2502604141687,2872.6940587932722,2849.5343872763465,2865.484375,1239922,0.0,0.0
2024-07-26 00:00:00+05:30,2866.274226454816,2927.753646756221,2864.7927946403242,2913.630615234375,1359780,0.0,0.0
2024-07-29 00:00:00+05:30,2916.494789069987,2928.3956725748944,2899.655799639263,2918.124267578125,854408,0.0,0.0
2024-07-30 00:00:00+05:30,2936.6918193535703,2995.257808349979,2933.235144940341,2967.851318359375,2144591,0.0,0.0
2024-07-31 00:00:00+05:30,2967.8512798933584,3059.6506266826245,2967.8512798933584,3046.268310546875,3549501,0.0,0.0
2024-08-01 00:00:00+05:30,3049.774532809849,3090.217576269626,3024.8865246129462,3060.984130859375,1675122,0.0,0.0
2024-08-02 00:00:00+05:30,3031.997267907071,3090.316351528131,3022.121055308025,3068.242919921875,1348780,0.0,0.0
2024-08-05 00:00:00+05:30,3031.9479945038343,3106.0690220941988,3017.4794387497395,3055.107666015625,2019141,0.0,0.0
2024-08-06 00:00:00+05:30,3063.3048187601025,3096.192654993779,3047.8486424640614,3063.354248046875,885743,0.0,0.0
2024-08-07 00:00:00+05:30,3063.3541959252457,3079.8968517749267,3022.1704382425696,3063.057861328125,1907105,0.0,0.0
2024-08-08 00:00:00+05:30,3041.873668473365,3051.4535470627166,2953.3827016703813,2968.197021484375,1280109,0.0,0.0
2024-08-09 00:00:00+05:30,3001.3808912393138,3014.9606830308703,2929.284542091413,3002.961181640625,1665414,0.0,0.0
2024-08-12 00:00:00+05:30,2982.6162948437086,3045.8240573834432,2966.5180195981743,3015.4052734375,1736881,0.0,0.0
2024-08-13 00:00:00+05:30,3017.0843430126656,3021.9238322624224,2975.7031052057896,2986.12255859375,502260,0.0,0.0
2024-08-14 00:00:00+05:30,2997.233205486288,2997.233205486288,2956.987637027592,2988.39404296875,454671,0.0,0.0
2024-08-16 00:00:00+05:30,3016.1954055762885,3016.1954055762885,2965.826720021478,3010.417724609375,514229,0.0,0.0
2024-08-19 00:00:00+05:30,3016.145807341849,3049.6263117122257,3000.73906082387,3038.21923828125,542858,0.0,0.0
2024-08-20 00:00:00+05:30,3057.675551800541,3067.8975287263365,3039.8983683598403,3064.786376953125,668282,0.0,0.0
2024-08-21 00:00:00+05:30,3062.613538693796,3131.352075093809,3045.8734064979935,3112.537841796875,1186536,0.0,0.0
2024-08-22 00:00:00+05:30,3127.796579288546,3159.0546962085327,3116.982174546277,3147.154052734375,1540888,0.0,0.0
2024-08-23 00:00:00+05:30,3150.5118738258857,3159.005513256004,3109.772496147103,3115.599365234375,779284,0.0,0.0
2024-08-26 00:00:00+05:30,3115.945312301528,3138.117363051259,3102.6124242774163,3132.093017578125,472874,0.0,0.0
2024-08-27 00:00:00+05:30,3114.9576598524686,3163.992962203956,3111.0071745514506,3127.006591796875,1003501,0.0,0.0
2024-08-28 00:00:00+05:30,3113.9204585772477,3126.315153833199,3080.193288399017,3086.810302734375,538366,0.0,0.0
2024-08-29 00:00:00+05:30,3086.8104787204284,3105.032044104919,3054.416450748841,3077.280029296875,849866,0.0,0.0
2024-08-30 00:00:00+05:30,3091.3040074118903,3127.5496598326604,3072.1934393713022,3088.09423828125,1567031,0.0,0.0
2024-09-02 00:00:00+05:30,3109.0318778648334,3144.586244956045,3100.7359553242773,3111.9453125,702358,0.0,0.0
2024-09-03 00:00:00+05:30,3125.7719494855296,3135.253210304557,3108.5380062212,3115.797119140625,577471,0.0,0.0
2024-09-04 00:00:00+05:30,3116.4389755695433,3211.744429900857,3116.4389755695433,3191.646240234375,2379110,0.0,0.0
2024-09-05 00:00:00+05:30,3199.8931322618314,3216.6826949928345,3177.1778415081208,3198.164794921875,1482119,0.0,0.0
2024-09-06 00:00:00+05:30,3197.917749285465,3245.2247128105173,3185.4244363664393,3233.17578125,2131256,0.0,0.0
2024-09-09 00:00:00+05:30,3233.175649672831,3272.976834416435,3217.670044215071,3240.138427734375,1272289,0.0,0.0
2024-09-10 00:00:00+05:30,3249.2741827989057,3269.02660944206,3230.4105189072975,3254.26171875,928920,0.0,0.0
2024-09-11 00:00:00+05:30,3273.9646906146745,3341.0735113886444,3273.9646906146745,3325.765380859375,2561892,0.0,0.0
2024-09-12 00:00:00+05:30,3328.2836472072895,3350.9989361941643,3298.9513440001065,3341.36962890625,1643536,0.0,0.0
2024-09-13 00:00:00+05:30,3314.0126362516917,3327.987380924414,3279.791414208738,3316.481689453125,1029400,0.0,0.0
2024-09-16 00:00:00+05:30,3318.4077124957653,3352.8756009192325,3289.371741458824,3294.50732421875,1019280,0.0,0.0
2024-09-17 00:00:00+05:30,3294.5070369553314,3308.432352006389,3260.9279142210917,3271.791748046875,586834,0.0,0.0
2024-09-18 00:00:00+05:30,3271.7916641869333,3283.6925482511106,3211.299863752935,3234.11376953125,410510,0.0,0.0
2024-09-19 00:00:00+05:30,3253.2244627587074,3278.9026157738035,3234.459658632291,3253.076416015625,963456,0.0,0.0
2024-09-20 00:00:00+05:30,3263.100725589241,3283.643296540617,3225.6205460477695,3266.01416015625,1504277,0.0,0.0
2024-09-23 00:00:00+05:30,3275.8904360387696,3283.7419771817767,3232.682003989302,3236.87939453125,522775,0.0,0.0
2024-09-24 00:00:00+05:30,3236.8794121040514,3256.9281729075446,3200.979522180285,3208.18896484375,1057933,0.0,0.0
2024-09-25 00:00:00+05:30,3211.744482974902,3211.744482974902,3167.0546189359675,3204.584228515625,740636,0.0,0.0
2024-09-26 00:00:00+05:30,3209.769171060249,3245.175490517643,3187.1527401177077,3236.484375,951080,0.0,0.0
2024-09-27 00:00:00+05:30,3250.2123833328615,3296.6305860655552,3236.484543227397,3269.767333984375,1315996,0.0,0.0
2024-09-30 00:00:00+05:30,3269.7671895792855,3316.432295584759,3264.2364139016154,3287.89013671875,1088162,0.0,0.0
2024-10-01 00:00:00+05:30,3275.9398497887296,3287.7418760917067,3203.892924228257,3236.78076171875,968660,0.0,0.0
2024-10-03 00:00:00+05:30,3152.7833878918823,3185.9673174659683,3087.7978609380666,3110.315673828125,1741363,0.0,0.0
2024-10-04 00:00:00+05:30,3096.192886191136,3117.673650234089,3016.7387979892915,3034.466552734375,1551818,0.0,0.0
2024-10-07 00:00:00+05:30,3036.9354330264205,3060.1939623713424,3000.3934457022,3024.34326171875,909812,0.0,0.0
2024-10-08 00:00:00+05:30,3020.145664838778,3060.6381345112404,3007.948446429079,3049.82373046875,817718,0.0,0.0
2024-10-09 00:00:00+05:30,3057.231265144363,3107.747999872523,3033.7258291987055,3040.738037109375,1225598,0.0,0.0
2024-10-10 00:00:00+05:30,3051.799252953054,3056.687930175033,3005.331622462884,3021.232421875,1161933,0.0,0.0
2024-10-11 00:00:00+05:30,3021.33093941325,3026.0715697305172,2988.5419614897337,2999.603271484375,976017,0.0,0.0
2024-10-14 00:00:00+05:30,2999.40576347499,3017.18294613635,2979.8508143238,3001.529052734375,716011,0.0,0.0
2024-10-15 00:00:00+05:30,3036.935412385191,3058.46560434547,3009.9238741398385,3029.13330078125,1242322,0.0,0.0
2024-10-16 00:00:00+05:30,3049.7746232221366,3065.1321829066833,3028.1458128532854,3043.94775390625,764001,0.0,0.0
2024-10-17 00:00:00+05:30,3044.737668870824,3046.8117700887815,2999.4059467616303,3018.022705078125,674481,0.0,0.0
2024-10-18 00:00:00+05:30,3019.1581746376382,3031.00962969019,2943.704007250445,2955.11083984375,899318,0.0,0.0
2024-10-21 00:00:00+05:30,2969.8264516740082,3019.158083619366,2963.406913714072,3011.45458984375,806970,0.0,0.0
2024-10-22 00:00:00+05:30,3016.195397423429,3020.096453266473,2958.1726470636954,2969.629150390625,541838,0.0,0.0
2024-10-23 00:00:00+05:30,2962.8142797820224,2989.035671830963,2935.2597437350805,2952.691162109375,624689,0.0,0.0
2024-10-24 00:00:00+05:30,2952.6912976811823,2965.13542227802,2914.470402303005,2935.21044921875,571259,0.0,0.0
2024-10-25 00:00:00+05:30,2938.6669161308446,2978.221193892779,2915.457817650228,2921.383544921875,1047769,0.0,0.0
2024-10-28 00:00:00+05:30,2950.9134087656257,2984.2950549263987,2926.3711656042674,2964.69091796875,504961,0.0,0.0
2024-10-29 00:00:00+05:30,2982.6163119557236,2990.5172823185203,2904.6930882000343,2955.802490234375,613459,0.0,0.0
2024-10-30 00:00:00+05:30,2968.7897759851944,2968.7897759851944,2926.865297931258,2959.555419921875,812725,0.0,0.0
2024-10-31 00:00:00+05:30,2957.135576673701,2959.407153832425,2882.866504934707,2899.310302734375,1031171,0.0,0.0
2024-11-01 00:00:00+05:30,2921.3837257526516,2929.0377906189747,2893.730330106582,2903.45849609375,112249,0.0,0.0
2024-11-04 00:00:00+05:30,2925.482315227811,2925.482315227811,2849.781239602585,2879.21240234375,1146008,0.0,0.0
2024-11-05 00:00:00+05:30,2859.16371796241,2882.6691535738464,2837.139714329192,2851.55908203125,935417,0.0,0.0
2024-11-06 00:00:00+05:30,2854.7194295251143,2871.8547558989094,2824.59697922222,2861.435302734375,1817087,0.0,0.0
2024-11-07 00:00:00+05:30,2864.1016379324706,2868.990314918351,2790.0300438480103,2807.6591796875,1112489,0.0,0.0
2024-11-08 00:00:00+05:30,2807.6595223455683,2811.7580546043882,2728.2051898326013,2735.16796875,2060410,0.0,0.0
2024-11-11 00:00:00+05:30,2533.2981127773905,2566.5809030073137,2474.979025660925,2511.619873046875,8854840,0.0,0.0
2024-11-12 00:00:00+05:30,2503.6199226278895,2503.6199226278895,2439.424539996405,2444.214599609375,3445898,0.0,0.0
2024-11-13 00:00:00+05:30,2439.424646374089,2467.078043175091,2420.758699980807,2439.91845703125,1803766,0.0,0.0
2024-11-14 00:00:00+05:30,2452.0660983258376,2470.7814728705644,2435.6714890575636,2452.41162109375,1206967,0.0,0.0
2024-11-18 00:00:00+05:30,2488.8055333431303,2488.8055333431303,2440.2146163920293,2452.954833984375,945471,0.0,0.0
2024-11-19 00:00:00+05:30,2461.4137674004382,2476.4512951650154,2445.931096545383,2457.15966796875,941508,4.25,0.0
2024-11-21 00:00:00+05:30,2428.469217925434,2439.599001298191,2399.0866381277056,2402.202880859375,1377572,0.0,0.0
2024-11-22 00:00:00+05:30,2404.033460558628,2467.3000541463966,2397.0587472741076,2445.782470703125,3805843,0.0,0.0
2024-11-25 00:00:00+05:30,2478.231995832031,2481.150424327154,2423.869230497281,2433.416015625,1857124,0.0,0.0
2024-11-26 00:00:00+05:30,2433.6137690349015,2491.0930174806635,2431.338539726482,2478.23193359375,1152258,0.0,0.0
2024-11-27 00:00:00+05:30,2490.5982662869988,2490.746566790457,2453.498987245981,2465.271728515625,864653,0.0,0.0
2024-11-28 00:00:00+05:30,2473.2853716359464,2479.2212565278724,2427.0844492001415,2431.78369140625,1506133,0.0,0.0
2024-11-29 00:00:00+05:30,2431.7837469283736,2464.876257650071,2428.8158044146467,2453.103515625,1030854,0.0,0.0
2024-12-02 00:00:00+05:30,2453.103253073548,2459.434766479135,2435.0482713807705,2452.55908203125,914624,0.0,0.0
2024-12-03 00:00:00+05:30,2467.3494311525187,2467.3494311525187,2437.1753502984084,2443.01220703125,1341985,0.0,0.0
2024-12-04 00:00:00+05:30,2452.4105675119513,2452.6086235526477,2426.9852440534055,2433.16845703125,1005012,0.0,0.0
2024-12-05 00:00:00+05:30,2438.6593630898437,2440.5389633492928,2397.998455189916,2425.99609375,3190834,0.0,0.0
2024-12-06 00:00:00+05:30,2441.627105005792,2441.627105005792,2401.065228463962,2403.736328125,1735948,0.0,0.0
2024-12-09 00:00:00+05:30,2412.0963138817847,2412.9373275623257,2361.492989295314,2366.291259765625,2301281,0.0,0.0
2024-12-10 00:00:00+05:30,2374.25501462258,2378.954256998665,2359.56384390273,2363.37255859375,1657888,0.0,0.0
2024-12-11 00:00:00+05:30,2374.1064835832526,2402.0546065799094,2367.08225694307,2391.468994140625,1337700,0.0,0.0
2024-12-12 00:00:00+05:30,2387.2152395526705,2389.1938680147946,2355.260341583008,2364.015869140625,1089028,0.0,0.0
2024-12-13 00:00:00+05:30,2364.015677925852,2386.2257323103627,2328.8455115499974,2381.922119140625,1150861,0.0,0.0
2024-12-16 00:00:00+05:30,2394.090645522552,2394.090645522552,2360.6517801119544,2376.579833984375,987775,0.0,0.0
2024-12-17 00:00:00+05:30,2362.4822726549237,2374.2550148381038,2325.382990735091,2330.82421875,1258218,0.0,0.0
2024-12-18 00:00:00+05:30,2331.6155304519593,2347.345528105256,2315.9843192900817,2320.38671875,855682,0.0,0.0
2024-12-19 00:00:00+05:30,2300.155284978255,2300.155284978255,2241.142795462378,2267.359619140625,2784409,0.0,0.0
2024-12-20 00:00:00+05:30,2272.4545369067528,2293.2301334566187,2251.678940356887,2257.961181640625,1719502,0.0,0.0
2024-12-23 00:00:00+05:30,2275.4225088620415,2277.94530821083,2241.835342309323,2254.8447265625,855647,0.0,0.0
2024-12-24 00:00:00+05:30,2257.713905597683,2270.4759614480145,2252.816607357376,2259.593505859375,601558,0.0,0.0
2024-12-26 00:00:00+05:30,2259.593402246085,2263.006487581479,2232.387264522019,2238.22412109375,1267334,0.0,0.0
2024-12-27 00:00:00+05:30,2245.9905591125807,2266.3210141978234,2235.899602594382,2247.128173828125,821790,0.0,0.0
2024-12-30 00:00:00+05:30,2255.883582531214,2274.2354082549373,2232.6842141024053,2263.798095703125,1076940,0.0,0.0
