Date,Open,High,Low,Close,Volume,Dividends,Stock Splits
2015-01-01 00:00:00+05:30,300.8577269872421,309.7713959062979,298.52319602012864,308.07354736328125,2460188,0.0,0.0
2015-01-02 00:00:00+05:30,308.83757654133046,311.5541342499158,307.3095272029641,309.89874267578125,2795887,0.0,0.0
2015-01-05 00:00:00+05:30,310.9174495337549,310.9174495337549,301.87643831485207,303.0224609375,1605267,0.0,0.0
2015-01-06 00:00:00+05:30,302.30083803688393,302.30083803688393,295.764129479208,300.64544677734375,3916948,0.0,0.0
2015-01-07 00:00:00+05:30,298.77788026516544,303.9138833776308,297.5469722925739,301.3670959472656,4899318,0.0,0.0
2015-01-08 00:00:00+05:30,302.6829144269849,308.11600095931135,299.796557562967,306.58795166015625,7096620,0.0,0.0
2015-01-09 00:00:00+05:30,307.7339746171767,309.7713928486863,300.47569731967076,302.04620361328125,3831782,0.0,0.0
2015-01-12 00:00:00+05:30,301.9613379879476,301.9613379879476,294.6606032235141,296.2311096191406,2276975,0.0,0.0
2015-01-13 00:00:00+05:30,297.03760350124435,299.0750219486885,292.2836558693027,293.9814758300781,1604173,0.0,0.0
2015-01-14 00:00:00+05:30,294.5332877613242,295.59442518618795,292.5807546559775,293.5570068359375,3415213,0.0,0.0
2015-01-15 00:00:00+05:30,293.81172288202873,299.32972432043226,291.43473455136245,296.5707092285156,4966049,0.0,0.0
2015-01-16 00:00:00+05:30,294.57571458543157,298.82032175519777,287.869234107384,291.0527038574219,9779165,0.0,0.0
2015-01-19 00:00:00+05:30,291.9440872201947,299.07502306749734,290.24623850763976,297.5045166015625,3385131,0.0,0.0
2015-01-20 00:00:00+05:30,297.50447069077416,303.0648992140586,295.46705255012193,301.28216552734375,2891041,0.0,0.0
2015-01-21 00:00:00+05:30,301.367013662193,314.10083235547245,300.94255878816773,313.2519226074219,5052826,0.0,0.0
2015-01-22 00:00:00+05:30,316.9448218368931,317.4541620814067,306.5879877380705,314.1009216308594,2502844,0.0,0.0
2015-01-23 00:00:00+05:30,316.60527203792526,329.16929589687635,315.7987902499951,326.07073974609375,6269436,0.0,0.0
2015-01-27 00:00:00+05:30,324.8822264406889,335.32394537060395,323.948402493531,334.6448059082031,5268554,0.0,0.0
2015-01-28 00:00:00+05:30,334.22035814075036,335.9182068333804,315.4591947644012,317.15704345703125,4490563,0.0,0.0
2015-01-29 00:00:00+05:30,318.1757178049745,323.01455011691655,308.2008829811257,319.0246276855469,7542171,0.0,0.0
2015-01-30 00:00:00+05:30,323.26922274278115,323.26922274278115,310.8325439715555,317.24188232421875,5409140,0.0,0.0
2015-02-02 00:00:00+05:30,314.1008642470305,316.9447639335054,302.6404377576372,305.0174255371094,4157252,0.0,0.0
2015-02-03 00:00:00+05:30,305.739025438181,317.4965946076896,305.6965971892416,315.416748046875,4242370,0.0,0.0
2015-02-04 00:00:00+05:30,318.3455077723173,320.29804086076416,309.8562934651775,313.20953369140625,5535031,0.0,0.0
2015-02-05 00:00:00+05:30,314.10085525383647,315.71381838722385,305.6540991614412,309.6015930175781,8259274,0.0,0.0
2015-02-06 00:00:00+05:30,309.77142575100976,314.10091839375525,304.7627936256264,312.6153259277344,3318996,0.0,0.0
2015-02-09 00:00:00+05:30,309.8563249916175,310.4505792521163,299.88151728763637,302.3009338378906,3030260,0.0,0.0
2015-02-10 00:00:00+05:30,301.6217568487191,307.13975752236155,299.6692238042092,302.3433532714844,6847286,0.0,0.0
2015-02-11 00:00:00+05:30,303.0225016048834,306.1635146675598,295.42468219746837,302.3009338378906,3489433,0.0,0.0
2015-02-12 00:00:00+05:30,304.7627519160011,305.484319551658,296.5282227477739,299.41455078125,4361948,0.0,0.0
2015-02-13 00:00:00+05:30,300.34838672420517,302.6404896624482,296.52826306951346,301.3670959472656,3377769,0.0,0.0
2015-02-16 00:00:00+05:30,299.66924397780025,310.2383340860286,298.8203340072112,306.75775146484375,2355833,0.0,0.0
2015-02-18 00:00:00+05:30,308.20083052856046,308.6252853966089,297.5468868606985,298.82025146484375,3408770,0.0,0.0
2015-02-19 00:00:00+05:30,301.32461895721684,304.253375161192,297.2922397143627,302.8102111816406,3057263,0.0,0.0
2015-02-20 00:00:00+05:30,301.36711414414503,304.59301250590585,295.63691394339764,296.5707092285156,4072136,0.0,0.0
2015-02-23 00:00:00+05:30,295.42460689222355,297.8864510686293,293.0476192015638,294.8303527832031,2410807,0.0,0.0
2015-02-24 00:00:00+05:30,293.81166029338465,296.99510097727267,288.71814370099435,290.37353515625,7390936,0.0,0.0
2015-02-25 00:00:00+05:30,294.49082635506164,297.5469538346604,292.5807502734907,295.9339904785156,2882686,0.0,0.0
2015-02-26 00:00:00+05:30,297.122506497813,299.32972432043226,293.93906513577883,296.5707092285156,4571845,0.0,0.0
2015-02-27 00:00:00+05:30,296.2735491441596,303.99873842583986,294.87281332207175,301.536865234375,3711112,0.0,0.0
2015-03-02 00:00:00+05:30,302.47063267357106,308.1584031907169,293.30230890723743,296.31597900390625,4619840,0.0,0.0
2015-03-03 00:00:00+05:30,297.12246123492406,297.63183017232853,291.7742598647288,296.48577880859375,2293482,0.0,0.0
2015-03-04 00:00:00+05:30,298.82024552183196,304.2533309647205,296.52817203270405,298.1835632324219,3694564,0.0,0.0
2015-03-05 00:00:00+05:30,298.3109329441483,298.73538784289053,292.0713654454571,295.3396911621094,3879220,0.0,0.0
2015-03-09 00:00:00+05:30,294.3634544395881,294.3634544395881,287.8692021660736,291.56201171875,3823862,0.0,0.0
2015-03-10 00:00:00+05:30,290.37356559119024,324.54265057218583,289.2699711720154,312.3606262207031,12896222,0.0,0.0
2015-03-11 00:00:00+05:30,314.100896248277,334.47502180009303,307.5217581263299,330.69732666015625,14318713,0.0,0.0
2015-03-12 00:00:00+05:30,330.6124204958942,339.4836616064415,328.57503088883726,337.700927734375,18411651,0.0,0.0
2015-03-13 00:00:00+05:30,338.67713692003554,341.86060628482517,330.5699502799543,339.7807312011719,12653947,0.0,0.0
2015-03-16 00:00:00+05:30,339.48361500729976,339.48361500729976,327.8533894400762,329.72100830078125,15605904,0.0,0.0
2015-03-17 00:00:00+05:30,332.946945342374,333.1167158145304,321.74117432649416,328.1505126953125,13158523,0.0,0.0
2015-03-18 00:00:00+05:30,327.59873877819484,331.3340056302265,323.8635006715889,324.50018310546875,4777244,0.0,0.0
2015-03-19 00:00:00+05:30,325.1368808636294,326.79230126242106,322.3778947746884,324.2455139160156,4636137,0.0,0.0
2015-03-20 00:00:00+05:30,323.43901825415196,329.21167415355825,320.5526615590256,322.80230712890625,7256601,0.0,0.0
2015-03-23 00:00:00+05:30,325.9858035263207,330.9944352358133,320.8922578294782,325.34912109375,3546841,0.0,0.0
2015-03-24 00:00:00+05:30,324.1181955224593,336.5973326005042,323.94839628739845,334.3476867675781,8101985,0.0,0.0
2015-03-25 00:00:00+05:30,328.53257823911576,337.4038194670027,328.4901212433424,335.3239440917969,11374656,0.0,0.0
2015-03-26 00:00:00+05:30,331.0793219404535,342.53977824991244,331.0793219404535,339.27142333984375,12656646,0.0,0.0
2015-03-27 00:00:00+05:30,340.41750946845093,343.38872321562405,315.03474975931863,319.6189270019531,9357286,0.0,0.0
2015-03-30 00:00:00+05:30,322.59013278572303,333.541220998045,320.5527143403078,330.57000732421875,5166621,0.0,0.0
2015-03-31 00:00:00+05:30,330.2727827903842,335.91812472023094,326.83465799412954,333.8807067871094,6709861,0.0,0.0
2015-04-01 00:00:00+05:30,333.88078302540276,343.6858195424774,333.6685555354202,341.5210876464844,6096908,0.0,0.0
2015-04-06 00:00:00+05:30,341.5210436678285,347.2936996410182,338.25268900120335,340.2476501464844,4825167,0.0,0.0
2015-04-07 00:00:00+05:30,341.26636027143957,348.05772533365393,336.34261413361384,343.60089111328125,4691848,0.0,0.0
2015-04-08 00:00:00+05:30,345.5109443833043,358.9663601442016,345.5109443833043,355.8253479003906,6392808,0.0,0.0
2015-04-09 00:00:00+05:30,355.867818115087,356.97141248030243,344.0253640674112,345.6807556152344,5176227,0.0,0.0
2015-04-10 00:00:00+05:30,345.51098478345665,351.36855505719456,340.8419228598417,349.713134765625,5103339,0.0,0.0
2015-04-13 00:00:00+05:30,347.29367472694616,362.489366929876,346.3598509619227,361.3857727050781,4307880,0.0,0.0
2015-04-15 00:00:00+05:30,360.7915903414675,360.7915903414675,347.3362007756987,352.4297180175781,3883730,0.0,0.0
2015-04-16 00:00:00+05:30,353.2786147330477,359.0512999689331,351.8354506104329,354.84912109375,3429760,0.0,0.0
2015-04-17 00:00:00+05:30,356.5045087446845,360.536859272,342.87932170042274,344.6195983886719,6165372,0.0,0.0
2015-04-20 00:00:00+05:30,342.79445258637975,346.02035067771294,338.5074170451337,341.5210876464844,3642501,0.0,0.0
2015-04-21 00:00:00+05:30,337.57359949501057,348.0153474254898,334.47504358798767,338.1253967285156,4315761,0.0,0.0
2015-04-22 00:00:00+05:30,337.0217857643086,340.672138726152,332.09803915532495,339.0592041015625,4659581,0.0,0.0
2015-04-23 00:00:00+05:30,341.0966129457916,342.03040809864143,337.0217763846902,339.4411926269531,6374398,0.0,0.0
2015-04-24 00:00:00+05:30,339.5684608283647,342.28501794348915,335.2814264696557,338.8468933105469,8213565,0.0,0.0
2015-04-27 00:00:00+05:30,338.6771927140892,342.7095725762291,326.1131698898299,331.92828369140625,16825758,0.0,0.0
2015-04-28 00:00:00+05:30,330.2303959827029,347.63327833442554,325.4764202089471,340.2052307128906,5756976,0.0,0.0
2015-04-29 00:00:00+05:30,334.47505544007316,341.6908767283034,325.9009551457222,328.8297119140625,12480808,0.0,0.0
2015-04-30 00:00:00+05:30,328.9145841223719,329.38146731915805,315.6289659930152,323.52392578125,9124401,0.0,0.0
2015-05-04 00:00:00+05:30,317.15702450295953,334.55990788516624,317.15702450295953,333.54119873046875,5025010,0.0,0.0
2015-05-05 00:00:00+05:30,332.77713125999065,332.77713125999065,324.71237304806147,328.5749816894531,2710648,0.0,0.0
2015-05-06 00:00:00+05:30,333.8807279103659,343.8131050309381,327.68361723683154,331.24908447265625,15076384,0.0,0.0
2015-05-07 00:00:00+05:30,330.9944459515496,339.9930005224887,327.13186549197616,334.1778869628906,8782001,0.0,0.0
2015-05-08 00:00:00+05:30,337.0217958786793,339.56855450396426,334.55992250030414,337.8282775878906,6371723,0.0,0.0
2015-05-11 00:00:00+05:30,337.0217908231329,341.9030805104922,335.06925770093306,336.3426513671875,4799566,0.0,0.0
2015-05-12 00:00:00+05:30,336.59732038534395,339.0167366201033,330.18795284385743,332.3951416015625,6930590,0.0,0.0
2015-05-13 00:00:00+05:30,336.1728826367847,339.5685511888715,323.18437640557823,324.7548828125,6440531,0.0,0.0
2015-05-14 00:00:00+05:30,324.2880180286842,332.94703302462074,323.3541939496286,327.6837158203125,5484794,0.0,0.0
2015-05-15 00:00:00+05:30,329.38146359900543,335.32391905596313,328.53255371033646,332.77716064453125,4322623,0.0,0.0
2015-05-18 00:00:00+05:30,334.4750233608779,339.39876991311905,332.77717476606614,337.40380859375,4866514,0.0,0.0
2015-05-19 00:00:00+05:30,338.6347504600156,343.8131528223586,335.40882370735477,337.8706970214844,6042689,0.0,0.0
2015-05-20 00:00:00+05:30,337.2340183559806,342.83690449558196,336.8944486279615,340.03546142578125,5645720,0.0,0.0
2015-05-21 00:00:00+05:30,340.4175106274948,341.86067488051293,334.05059936579283,336.5549011230469,2829064,0.0,0.0
2015-05-22 00:00:00+05:30,335.74838438933,338.4649421098089,331.6311195601204,335.2390441894531,3589617,0.0,0.0
2015-05-25 00:00:00+05:30,335.23900548506464,347.2088006271921,333.0318169647153,339.4836120605469,5979086,0.0,0.0
2015-05-26 00:00:00+05:30,341.26639809667205,345.4685483286596,338.04050005320425,340.03546142578125,6978361,0.0,0.0
2015-05-27 00:00:00+05:30,339.6959378131764,350.6894840979742,339.6959378131764,346.9966735839844,5615442,0.0,0.0
2015-05-28 00:00:00+05:30,349.75569323306576,350.3923758404358,339.52619952807885,342.1153869628906,8018965,0.0,0.0
2015-05-29 00:00:00+05:30,341.9030609486113,369.28077887054474,341.5210629923897,361.3009338378906,75197864,0.0,0.0
2015-06-01 00:00:00+05:30,353.10881685504665,357.3534236500518,348.22752766441795,353.6606140136719,4727277,0.0,0.0
2015-06-02 00:00:00+05:30,356.84409700074673,360.36710755116604,350.39227258140613,354.93402099609375,4759119,0.0,0.0
2015-06-03 00:00:00+05:30,354.97647472544526,359.0937397437703,347.3786271542421,357.1412353515625,4054895,0.0,0.0
2015-06-04 00:00:00+05:30,356.9713981639969,360.2822098722887,351.4534265592174,353.4908447265625,3630919,0.0,0.0
2015-06-05 00:00:00+05:30,354.00018610526894,358.54190563324823,351.2836285395266,352.81170654296875,5527337,0.0,0.0
2015-06-08 00:00:00+05:30,354.29734556426894,354.76425755067487,346.4023850287536,348.5246887207031,3158812,0.0,0.0
2015-06-09 00:00:00+05:30,349.7555381287962,349.7555381287962,341.9879217781583,346.3174133300781,3013310,0.0,0.0
2015-06-10 00:00:00+05:30,347.8880136591717,355.3160623667635,346.44484941748937,352.3448486328125,3796042,0.0,0.0
2015-06-11 00:00:00+05:30,354.0851180696168,354.59448705312434,347.29375200446384,348.5246887207031,3434353,0.0,0.0
2015-06-12 00:00:00+05:30,348.9915558495676,357.6929969935804,345.9778855692691,352.132568359375,2529220,0.0,0.0
2015-06-15 00:00:00+05:30,354.67931964571017,355.18865980817236,349.4160038216232,351.1562805175781,2604882,0.0,0.0
2015-06-16 00:00:00+05:30,350.64693332536206,352.55700920079374,347.33615047217273,351.7080993652344,4285319,0.0,0.0
2015-06-17 00:00:00+05:30,352.8117403298578,360.36713085133766,352.09014387781997,358.49951171875,4864718,0.0,0.0
2015-06-18 00:00:00+05:30,354.9340135109085,367.9649468169644,351.3685460428616,362.0224914550781,6872461,0.0,0.0
2015-06-19 00:00:00+05:30,362.0649740165545,371.23332779485014,362.0649740165545,368.431884765625,3747410,0.0,0.0
2015-06-22 00:00:00+05:30,369.19594181134187,370.129765818063,359.5182469729874,360.3671569824219,4135774,0.0,0.0
2015-06-23 00:00:00+05:30,364.14484207846067,368.60167699108916,363.5930448390604,365.2908935546875,5811630,0.0,0.0
2015-06-24 00:00:00+05:30,364.18727092530804,366.22468922657424,359.3908666403017,360.7491455078125,2864319,0.0,0.0
2015-06-25 00:00:00+05:30,361.2160320509,364.611729251025,358.66927352351934,362.2347412109375,4373706,0.0,0.0
2015-06-26 00:00:00+05:30,361.98009420238117,363.7203710934881,354.21244744945847,354.80670166015625,2623558,0.0,0.0
2015-06-29 00:00:00+05:30,350.64696437056375,353.15129459986656,344.66208051097146,351.3685607910156,3194613,0.0,0.0
2015-06-30 00:00:00+05:30,354.4671130023822,358.24480806091844,351.45344260512655,356.58941650390625,5214359,0.0,0.0
2015-07-01 00:00:00+05:30,359.68796358441244,363.7203430159099,356.80163549028106,360.32464599609375,3142082,0.0,0.0
2015-07-02 00:00:00+05:30,363.33837728144607,371.95493476264267,361.2160734743435,367.7103271484375,4975741,0.0,0.0
2015-07-03 00:00:00+05:30,368.38940949514506,371.6577643246712,367.15847290314883,369.36566162109375,3975749,0.0,0.0
2015-07-06 00:00:00+05:30,365.46059885286274,371.9973080554763,364.8239164776266,367.6678161621094,2229083,0.0,0.0
2015-07-07 00:00:00+05:30,367.58294161563447,370.21461412402334,365.58798029620925,366.606689453125,1311090,0.0,0.0
2015-07-08 00:00:00+05:30,364.1024138264626,367.58296776171295,359.2635521732824,365.2908935546875,3088205,0.0,0.0
2015-07-09 00:00:00+05:30,367.0311038641769,375.98722906029883,365.290827212611,368.3469543457031,6238280,0.0,0.0
2015-07-10 00:00:00+05:30,370.129711288069,370.129711288069,354.5519906956152,355.95269775390625,5725932,0.0,0.0
2015-07-13 00:00:00+05:30,358.24482413509395,362.40454608362677,356.16497753354093,359.68798828125,2771223,0.0,0.0
2015-07-14 00:00:00+05:30,359.6879913948645,361.2160407992156,357.3959172883379,358.49951171875,1532422,0.0,0.0
2015-07-15 00:00:00+05:30,358.2448488200764,362.31965705899097,357.0139120742346,359.05133056640625,2387269,0.0,0.0
2015-07-16 00:00:00+05:30,361.13112821348864,361.9800668425232,356.03761142098017,360.49444580078125,2347739,0.0,0.0
2015-07-17 00:00:00+05:30,360.7915566824209,365.0361635698073,358.372140530055,361.5131530761719,3436416,0.0,0.0
2015-07-20 00:00:00+05:30,360.87643474148393,367.15845970873426,360.87643474148393,364.5692443847656,2266929,0.0,0.0
2015-07-21 00:00:00+05:30,373.52537393541735,384.0944340652845,368.34697197714087,377.9822082519531,6657689,0.0,0.0
2015-07-22 00:00:00+05:30,375.6476959746766,380.95346917111976,371.7002016363765,373.01605224609375,3125401,0.0,0.0
2015-07-23 00:00:00+05:30,374.3742641429322,374.50157761086405,365.7152523437506,367.49798583984375,2619973,0.0,0.0
2015-07-24 00:00:00+05:30,367.964927674533,372.5915322457521,365.16348498888766,368.3469543457031,2156436,0.0,0.0
2015-07-27 00:00:00+05:30,366.73404165168256,368.26209105584604,353.5757649886282,354.80670166015625,2565851,0.0,0.0
2015-07-28 00:00:00+05:30,355.698012036869,360.7915284043438,347.2936841596554,348.0577087402344,3535491,0.0,0.0
2015-07-29 00:00:00+05:30,348.90665777123587,356.5045043071204,343.04908790193844,354.5519714355469,3834817,0.0,0.0
2015-07-30 00:00:00+05:30,354.5520178837562,361.5980681987622,350.26495364993644,353.957763671875,3646699,0.0,0.0
2015-07-31 00:00:00+05:30,355.4858005144791,361.7677966504412,351.4534212322611,355.5282287597656,3222836,0.0,0.0
2015-08-03 00:00:00+05:30,356.54695430966456,359.09371272525874,354.3822225918507,355.6131591796875,1546763,0.0,0.0
2015-08-04 00:00:00+05:30,358.9239912703489,361.6405492822603,347.3786484651544,350.8168029785156,5116932,0.0,0.0
2015-08-05 00:00:00+05:30,361.6405562586291,363.0837205439397,352.93908480204493,354.4671630859375,6127568,0.0,0.0
2015-08-06 00:00:00+05:30,356.5045162244063,358.2447929491677,351.4534277798543,352.3023376464844,4021215,0.0,0.0
2015-08-07 00:00:00+05:30,353.151282342455,354.0001922237097,348.14262205769325,349.416015625,4145596,0.0,0.0
2015-08-10 00:00:00+05:30,350.3498425294692,352.6843734685928,346.78437500459495,348.2275390625,2977050,0.0,0.0
2015-08-11 00:00:00+05:30,348.90670980238247,349.75561976722986,341.9030876106816,343.6858215332031,3210336,0.0,0.0
2015-08-12 00:00:00+05:30,342.964226750433,344.40739082405656,332.1829100731816,338.4649353027344,4155754,0.0,0.0
2015-08-13 00:00:00+05:30,345.7382340934443,354.0615655377815,321.96340287335346,328.4940185546875,7871377,2.000791,0.0
2015-08-14 00:00:00+05:30,332.933100728335,338.7381082859946,327.2134826086591,337.2868347167969,3612439,0.0,0.0
2015-08-17 00:00:00+05:30,338.0551978212408,340.31741110535785,329.73186591168366,333.1038818359375,1642969,0.0,0.0
2015-08-18 00:00:00+05:30,336.4331647100503,337.7990488133406,328.0244732188426,329.1342468261719,1956234,0.0,0.0
2015-08-19 00:00:00+05:30,329.5184570873893,329.85992815934395,318.3353011606602,326.5732727050781,4410748,0.0,0.0
2015-08-20 00:00:00+05:30,332.9331720831655,334.64052761310654,318.7621645442301,324.39642333984375,4434974,0.0,0.0
2015-08-21 00:00:00+05:30,319.1889813129941,319.1889813129941,306.0423888957679,315.4754943847656,6592108,0.0,0.0
2015-08-24 00:00:00+05:30,304.97525847569466,312.9998133196776,288.49934612829753,297.3348693847656,7423096,0.0,0.0
2015-08-25 00:00:00+05:30,299.25563970598404,313.72542053845496,283.8468063056138,297.3775634765625,8827955,0.0,0.0
2015-08-26 00:00:00+05:30,298.7860946611656,299.55439721103346,287.2614986003963,289.56640625,7620596,0.0,0.0
2015-08-27 00:00:00+05:30,296.65195276787244,299.72519233683767,292.29821839162315,296.4812316894531,8545234,0.0,0.0
2015-08-28 00:00:00+05:30,304.6764959821801,311.4631933429853,300.0666512682991,309.4570617675781,6812371,0.0,0.0
2015-08-31 00:00:00+05:30,311.5912079743775,312.4448999397934,298.7860886505109,302.4569091796875,8370962,0.0,0.0
2015-09-01 00:00:00+05:30,299.6398480744323,302.71305890395837,292.93848170804307,294.8592529296875,4459476,0.0,0.0
2015-09-02 00:00:00+05:30,297.078853853346,298.61545939451685,290.0360158258153,293.0238952636719,7030063,0.0,0.0
2015-09-03 00:00:00+05:30,293.02386849151236,297.03613198597947,293.02386849151236,296.01171875,3675760,0.0,0.0
2015-09-04 00:00:00+05:30,294.5177289920462,301.0483441923386,292.17012656610217,298.7861022949219,5305451,0.0,0.0
2015-09-07 00:00:00+05:30,298.70081407948965,298.70081407948965,292.8958342322796,296.3105163574219,2898337,0.0,0.0
2015-09-08 00:00:00+05:30,297.9324643141823,298.31660117812777,289.5664380601851,296.8653564453125,3089268,0.0,0.0
2015-09-09 00:00:00+05:30,298.78614326623676,312.1888465251643,297.0788168360687,302.627685546875,6374276,0.0,0.0
2015-09-10 00:00:00+05:30,300.9203398128339,300.9203398128339,295.37147092496065,299.1703186035156,3357167,0.0,0.0
2015-09-11 00:00:00+05:30,300.3227690071947,302.1581506488624,295.62753473821755,297.6763610839844,3354447,0.0,0.0
2015-09-14 00:00:00+05:30,298.7007918691086,303.05452643078723,295.49952580817404,302.32891845703125,2811019,0.0,0.0
2015-09-15 00:00:00+05:30,302.20085006173997,302.20085006173997,297.932476228328,299.63983154296875,2361340,0.0,0.0
2015-09-16 00:00:00+05:30,300.06663490194586,309.1155738582614,300.06663490194586,306.8960266113281,2974270,0.0,0.0
2015-09-18 00:00:00+05:30,307.36558750223656,309.8412455276215,301.51791350801284,304.676513671875,6783352,0.0,0.0
2015-09-21 00:00:00+05:30,302.20084805268607,306.4692218577216,299.98130061159867,300.7496032714844,2792725,0.0,0.0
2015-09-22 00:00:00+05:30,303.05453936455064,303.05453936455064,290.5055273074004,293.4933776855469,4558449,0.0,0.0
2015-09-23 00:00:00+05:30,290.2493808252675,292.8104281538849,287.04811502406363,288.4566650390625,4087837,0.0,0.0
2015-09-24 00:00:00+05:30,288.45666652192614,289.05424808919264,283.4626849088448,284.2309875488281,9967481,0.0,0.0
2015-09-28 00:00:00+05:30,283.5053622328174,286.3224912980378,276.07841714055985,279.6638488769531,5295350,0.0,0.0
2015-09-29 00:00:00+05:30,277.4442725404011,278.98090678936774,269.4197458553592,275.4381408691406,7126332,0.0,0.0
2015-09-30 00:00:00+05:30,281.7126356687112,289.1823041068461,277.444261963028,288.41400146484375,7251836,0.0,0.0
2015-10-01 00:00:00+05:30,289.7372125019065,290.6335704686344,286.4932517131,289.7799072265625,5093796,0.0,0.0
2015-10-05 00:00:00+05:30,291.8713824671479,296.60928255925114,289.6091403201232,295.5848693847656,5969834,0.0,0.0
2015-10-06 00:00:00+05:30,297.93243756949823,299.2983216439777,295.0299483644172,297.80438232421875,4610836,0.0,0.0
2015-10-07 00:00:00+05:30,297.80441409738046,297.8897746345487,290.54819031050147,292.5116271972656,3635620,0.0,0.0
2015-10-08 00:00:00+05:30,293.2372618595287,295.115338195229,287.6456986675066,291.5726013183594,4770259,0.0,0.0
2015-10-09 00:00:00+05:30,293.66406550718244,297.8470782760207,293.0238181845073,296.7373046875,5548083,0.0,0.0
2015-10-12 00:00:00+05:30,297.0788191323202,300.5788614663221,296.7373480623712,298.35931396484375,2441453,0.0,0.0
2015-10-13 00:00:00+05:30,299.72517695789605,300.2373690732531,292.6823691600621,294.90191650390625,2590061,0.0,0.0
2015-10-14 00:00:00+05:30,296.6092803102427,298.9141882555739,291.8713802540641,295.6275329589844,3464048,0.0,0.0
2015-10-15 00:00:00+05:30,297.0788369412089,301.6886533022932,293.6641260370183,299.853271484375,5514188,0.0,0.0
2015-10-16 00:00:00+05:30,296.39587351027774,300.87766318421734,291.1030864414396,298.48736572265625,4598180,0.0,0.0
2015-10-19 00:00:00+05:30,301.3471469111772,312.14613636097454,295.3714468884279,310.4814758300781,4334115,0.0,0.0
2015-10-20 00:00:00+05:30,309.75585268178446,313.2985893625726,306.89602916187084,308.90216064453125,2588064,0.0,0.0
2015-10-21 00:00:00+05:30,310.78027112775976,319.1035735160848,310.65221587465055,317.14013671875,4434717,0.0,0.0
2015-10-23 00:00:00+05:30,319.2743573860683,319.87193899523027,304.3350484080651,306.5545959472656,4452331,0.0,0.0
2015-10-26 00:00:00+05:30,311.5912302114874,311.8046459914784,296.0970364582283,300.6642150878906,7353435,0.0,0.0
2015-10-27 00:00:00+05:30,300.0239876245568,302.7984510283129,297.1641925825818,301.04840087890625,2855148,0.0,0.0
2015-10-28 00:00:00+05:30,300.74960601617096,307.10947205929074,299.63983228549927,305.87164306640625,3806874,0.0,0.0
2015-10-29 00:00:00+05:30,304.3350181677772,306.42651023245156,297.9324578133956,303.3959655761719,4560952,0.0,0.0
2015-10-30 00:00:00+05:30,301.347145552815,308.0911770883894,294.13361661811325,297.97515869140625,3988476,0.0,0.0
2015-11-02 00:00:00+05:30,296.65191218171674,300.2373434017822,293.3652861675739,298.9141540527344,2857066,0.0,0.0
2015-11-03 00:00:00+05:30,299.68248827299294,302.03009091955244,295.2860593109849,296.7799987792969,1670964,0.0,0.0
2015-11-04 00:00:00+05:30,297.93246854115307,299.04224224044054,292.98115270963734,295.7129211425781,2412413,0.0,0.0
2015-11-05 00:00:00+05:30,293.109208765743,295.37145089213004,285.21270868427496,287.3042297363281,3467567,0.0,0.0
2015-11-06 00:00:00+05:30,284.273648927271,292.0847585750326,270.7001978895617,289.56640625,3373067,0.0,0.0
2015-11-09 00:00:00+05:30,285.1700128218298,289.0542203706433,273.81613757080635,286.19439697265625,3630757,0.0,0.0
2015-11-10 00:00:00+05:30,283.97487900257397,286.57859217740196,279.6211447415584,283.1212158203125,2421896,0.0,0.0
2015-11-13 00:00:00+05:30,277.48693333103995,286.8346773191776,277.48693333103995,285.0419616699219,2780378,0.0,0.0
2015-11-16 00:00:00+05:30,286.5785516222679,289.6517906749822,282.1394574524999,286.6212463378906,2697681,0.0,0.0
2015-11-17 00:00:00+05:30,287.2615239104072,288.24324231582585,282.5663187647934,285.5541687011719,2173068,0.0,0.0
2015-11-18 00:00:00+05:30,286.8347057730676,292.08479799435554,283.8041609745837,285.08465576171875,2486993,0.0,0.0
2015-11-19 00:00:00+05:30,286.1089927043438,291.103001981428,283.59066961679963,289.86517333984375,1983013,0.0,0.0
2015-11-20 00:00:00+05:30,289.01158833444606,293.9629047315821,285.12737994322214,291.4018859863281,2315668,0.0,0.0
2015-11-23 00:00:00+05:30,291.6152380851013,295.542140344788,287.6456700145856,289.39569091796875,2146374,0.0,0.0
2015-11-24 00:00:00+05:30,289.82255133427464,295.115338195229,286.1090644779529,291.5726013183594,2882252,0.0,0.0
2015-11-26 00:00:00+05:30,291.9567530850801,295.07265853189836,290.2920924589599,292.0848083496094,8126680,0.0,0.0
2015-11-27 00:00:00+05:30,293.5786859205959,294.3042937245817,289.69444970654945,292.12744140625,1460049,0.0,0.0
2015-11-30 00:00:00+05:30,292.81045600755886,293.66411926071726,284.44442893852914,285.4261474609375,7110699,0.0,0.0
2015-12-01 00:00:00+05:30,286.79201468027037,286.79201468027037,274.41372480971006,275.52349853515625,9058372,0.0,0.0
2015-12-02 00:00:00+05:30,277.700376639925,277.9137924377689,270.1453475520107,275.65155029296875,6804758,0.0,0.0
2015-12-03 00:00:00+05:30,274.8832401526077,278.7247822219259,271.89539015779263,272.791748046875,4408535,0.0,0.0
2015-12-04 00:00:00+05:30,271.4685446582911,275.31005762431545,270.74290787747833,274.28564453125,2941586,0.0,0.0
2015-12-07 00:00:00+05:30,274.2856451754225,276.59058186682734,272.02343210926404,273.2612609863281,2685214,0.0,0.0
2015-12-08 00:00:00+05:30,273.175927533414,273.5600933628383,268.99294266928064,271.3405456542969,4590607,0.0,0.0
2015-12-09 00:00:00+05:30,270.82825338055585,271.04166914980505,263.0171437256332,265.36474609375,5188413,0.0,0.0
2015-12-10 00:00:00+05:30,267.96853628324516,268.4380626736489,263.3586907430346,266.90142822265625,2341048,0.0,0.0
2015-12-11 00:00:00+05:30,268.90751547223476,268.90751547223476,262.5049548917916,264.2550048828125,2355955,0.0,0.0
2015-12-14 00:00:00+05:30,262.078177653568,265.49288890053464,259.6452139565948,261.3525695800781,3826300,0.0,0.0
2015-12-15 00:00:00+05:30,261.35255315051666,264.63917999942987,260.02933455900876,263.95623779296875,2623471,0.0,0.0
2015-12-16 00:00:00+05:30,265.49286977365136,274.84061584569685,264.25504064910086,273.4747314453125,4587498,0.0,0.0
2015-12-17 00:00:00+05:30,274.02956675569516,276.8466955742808,273.218569432422,275.2247009277344,4000133,0.0,0.0
2015-12-18 00:00:00+05:30,275.13933270329727,276.0783852520318,271.46854085107645,272.3648986816406,4544383,0.0,0.0
2015-12-21 00:00:00+05:30,272.70638494124535,275.95034541847684,270.61486394884554,273.9442138671875,3305363,0.0,0.0
2015-12-22 00:00:00+05:30,274.02957749141797,279.4077248358613,273.3466353931034,275.90765380859375,3705221,0.0,0.0
2015-12-23 00:00:00+05:30,278.2979670488443,284.14564103319054,276.761332786676,283.7187805175781,3980119,0.0,0.0
2015-12-24 00:00:00+05:30,283.6333914007002,290.0359516132609,280.56018099875246,288.9261779785156,2858615,0.0,0.0
2015-12-28 00:00:00+05:30,287.9016856833652,288.54196176296625,281.7125429563504,283.20648193359375,3336594,0.0,0.0
2015-12-29 00:00:00+05:30,284.18826557552586,287.0480889735129,282.139468367497,286.19439697265625,2788729,0.0,0.0
2015-12-30 00:00:00+05:30,289.3957466372159,289.6945229960473,283.46271184134315,284.35906982421875,1726114,0.0,0.0
2015-12-31 00:00:00+05:30,285.1274028428068,291.74338051039126,283.80421309056686,290.5909118652344,3275719,0.0,0.0
2016-01-01 00:00:00+05:30,290.206743178551,293.6641198294723,288.2432772235502,290.67626953125,1387248,0.0,0.0
2016-01-04 00:00:00+05:30,288.542056560198,289.353025016845,274.029580187783,278.98089599609375,3498169,0.0,0.0
2016-01-05 00:00:00+05:30,279.1516078839028,280.6455473028062,274.02957117105933,276.1210632324219,2351113,0.0,0.0
2016-01-06 00:00:00+05:30,278.2125855158996,283.84681436412194,272.87710408394184,275.0539855957031,2678635,0.0,0.0
2016-01-07 00:00:00+05:30,273.94423883234543,278.12722338559354,270.2734175341658,275.18206787109375,3135368,0.0,0.0
2016-01-08 00:00:00+05:30,276.8467512816643,277.40163821316355,271.8954347197429,276.46258544921875,1999282,0.0,0.0
2016-01-11 00:00:00+05:30,274.02959854202544,276.59061715425,268.6514507844396,274.15765380859375,2795794,0.0,0.0
2016-01-12 00:00:00+05:30,274.8832509895282,277.82843528587426,267.7123875941673,269.2489929199219,3262399,0.0,0.0
2016-01-13 00:00:00+05:30,274.0295737157879,275.35276317314924,257.85243718431286,263.4440002441406,5044083,0.0,0.0
2016-01-14 00:00:00+05:30,261.992721720893,266.34645529601596,256.52921462111357,263.572021484375,3633282,0.0,0.0
2016-01-15 00:00:00+05:30,266.09034911167663,266.09034911167663,258.7487658445354,261.3097839355469,3572695,0.0,0.0
2016-01-18 00:00:00+05:30,262.761052494945,263.52935510181794,250.85228982247,256.3158264160156,4574694,0.0,0.0
2016-01-19 00:00:00+05:30,257.63900991594994,266.6879488312048,254.73652062061115,264.8952331542969,3707778,0.0,0.0
2016-01-20 00:00:00+05:30,263.3586751557631,267.9258256969384,258.49271934398854,264.2976989746094,5629713,0.0,0.0
2016-01-21 00:00:00+05:30,267.2001646743432,267.5416356969953,259.2183048129318,264.04156494140625,3422136,0.0,0.0
2016-01-22 00:00:00+05:30,265.5781882664098,265.66354880132087,248.8888595447135,254.99261474609375,5904068,0.0,0.0
2016-01-25 00:00:00+05:30,255.97431500019283,256.9133385242989,249.74247678281694,253.96815490722656,3479687,0.0,0.0
2016-01-27 00:00:00+05:30,253.96822418292018,255.6755795647967,249.10229747754815,254.22433471679688,5644966,0.0,0.0
2016-01-28 00:00:00+05:30,251.23647647975423,252.5596660186897,246.15710522027493,248.7608184814453,7080505,0.0,0.0
2016-01-29 00:00:00+05:30,247.0534540549664,253.79748567050302,240.99236454528506,247.48028564453125,7373584,0.0,0.0
2016-02-01 00:00:00+05:30,249.44378276534127,254.39509920168123,248.5900905725757,253.19993591308594,4425387,0.0,0.0
2016-02-02 00:00:00+05:30,253.1998446145863,259.5170431563973,252.4315421525986,257.9804382324219,4808715,0.0,0.0
2016-02-03 00:00:00+05:30,256.70001969470854,257.63907247974356,252.81581108697847,255.9317169189453,5232930,0.0,0.0
2016-02-04 00:00:00+05:30,259.34642337495524,261.0537499986552,257.46831783867196,259.7305603027344,3411138,0.0,0.0
2016-02-05 00:00:00+05:30,257.8951677483001,263.3587058312732,257.85250192351765,262.2489318847656,2647351,0.0,0.0
2016-02-08 00:00:00+05:30,263.23061655464664,267.6270459482081,260.88301367764655,265.49285888671875,2753109,0.0,0.0
2016-02-09 00:00:00+05:30,263.7854718304703,268.01115072116886,262.0781166047009,266.5599060058594,3145945,0.0,0.0
2016-02-10 00:00:00+05:30,265.49288074647495,268.86489715939575,263.35869350926407,265.74896240234375,10180024,0.0,0.0
2016-02-11 00:00:00+05:30,260.37072785814524,269.334334412843,259.9012305245838,263.5293273925781,6520711,0.0,0.0
2016-02-12 00:00:00+05:30,266.7733224354654,281.71263011060864,262.5049488139959,277.06011962890625,4049410,0.0,0.0
2016-02-15 00:00:00+05:30,280.4747885644519,281.62725690606055,270.14532602144544,272.2368469238281,5615585,0.0,0.0
2016-02-16 00:00:00+05:30,275.18209037232066,277.35894336945415,267.8404760820294,269.1636657714844,2910959,0.0,0.0
2016-02-17 00:00:00+05:30,267.62701650441204,274.5417691040821,263.4440033865682,272.791748046875,3974587,0.0,0.0
2016-02-18 00:00:00+05:30,275.7369516626779,275.82231220423137,269.8038881630512,274.2003173828125,2569038,0.0,0.0
2016-02-19 00:00:00+05:30,273.6027957998403,279.9626627304826,270.40150051691614,278.3406677246094,5961801,0.0,0.0
2016-02-22 00:00:00+05:30,277.017433243841,285.8956517999021,274.8832463688877,280.9443359375,3455165,0.0,0.0
2016-02-23 00:00:00+05:30,284.2736649620442,284.2736649620442,271.55390518945234,274.28564453125,5437598,0.0,0.0
2016-02-24 00:00:00+05:30,271.5965966337482,277.9137968506488,271.16976503128296,276.54791259765625,2523354,0.0,0.0
2016-02-25 00:00:00+05:30,277.4016096188773,277.8284412288973,271.46857508301065,275.352783203125,9556967,0.0,0.0
2016-02-26 00:00:00+05:30,277.316212451055,277.316212451055,270.6148754224471,271.4258728027344,7064596,0.0,0.0
2016-02-29 00:00:00+05:30,270.6148759001862,275.1820549461736,267.2428600187466,269.3343811035156,3988625,0.0,0.0
2016-03-01 00:00:00+05:30,269.3770390828751,275.139352219394,264.85255489095454,273.7734680175781,4830530,0.0,0.0
2016-03-02 00:00:00+05:30,274.88325372645886,279.7918749983228,274.02959051617984,278.59674072265625,3289694,0.0,0.0
2016-03-03 00:00:00+05:30,280.34676928526375,285.93833225933315,276.5905878538959,284.6151428222656,3265002,0.0,0.0
2016-03-04 00:00:00+05:30,283.4199595654067,287.38955650053487,279.23694685925165,281.0723571777344,2167900,0.0,0.0
2016-03-08 00:00:00+05:30,281.28586943739583,285.1274124463854,278.93826624443227,282.99322509765625,2393678,0.0,0.0
2016-03-09 00:00:00+05:30,280.9016554553977,286.7066342021374,280.2613791918767,285.6395263671875,3430173,0.0,0.0
2016-03-10 00:00:00+05:30,283.4626621626456,289.13958542381243,282.5663043368626,287.09075927734375,1837525,0.0,0.0
2016-03-11 00:00:00+05:30,285.98102328198905,289.2249839873005,285.1273600618893,287.90179443359375,3018179,0.0,0.0
2016-03-14 00:00:00+05:30,286.10902386319793,291.9566967410993,283.2492294973427,290.8896179199219,2633043,0.0,0.0
2016-03-15 00:00:00+05:30,290.24937875245445,294.0909208115676,286.83469718264814,292.72503662109375,2309456,0.0,0.0
2016-03-16 00:00:00+05:30,291.31650535135515,294.3470502539781,286.3224945720566,288.9689025878906,4361912,0.0,0.0
2016-03-17 00:00:00+05:30,291.3591152574151,300.23733245638493,288.58468141597916,290.8896179199219,7155690,0.0,0.0
2016-03-18 00:00:00+05:30,295.2006912680137,297.29221225174257,290.29207030515033,293.9201965332031,3951904,0.0,0.0
2016-03-21 00:00:00+05:30,294.51776108251414,303.0545086184241,292.9811557760917,301.9020690917969,2813415,0.0,0.0
2016-03-22 00:00:00+05:30,302.9692157339557,304.5058213835039,294.2190504463644,299.55450439453125,4425316,0.0,0.0
2016-03-23 00:00:00+05:30,300.49349831534437,308.5180539362545,300.49349831534437,305.7862854003906,5116641,0.0,0.0
2016-03-28 00:00:00+05:30,306.3838624595697,308.17657830810225,296.0970647854447,298.61541748046875,4630593,0.0,0.0
2016-03-29 00:00:00+05:30,296.22512471460465,305.4021199022781,295.41412731644675,302.627685546875,4073263,0.0,0.0
2016-03-30 00:00:00+05:30,303.05453410884917,306.6826607886925,299.72521269610604,302.0301208496094,4229163,0.0,0.0
2016-03-31 00:00:00+05:30,301.77399187408156,304.46306541784713,295.84095797147387,299.46905517578125,7926944,0.0,0.0
2016-04-01 00:00:00+05:30,298.95684672325484,298.95684672325484,283.59070889867706,286.3651428222656,4517171,0.0,0.0
2016-04-04 00:00:00+05:30,286.4505159573404,299.55441250315454,286.4505159573404,297.505615234375,3434762,0.0,0.0
2016-04-05 00:00:00+05:30,295.7982481350268,295.7982481350268,280.90163651452616,282.13946533203125,5289842,0.0,0.0
2016-04-06 00:00:00+05:30,284.65781082962053,289.8652369911939,283.0358450606304,285.5541687011719,3037097,0.0,0.0
2016-04-07 00:00:00+05:30,286.92013517747307,287.0908562941825,281.0724599748028,282.7798156738281,2415746,0.0,0.0
2016-04-08 00:00:00+05:30,283.37731325733864,288.0298236361182,277.9564713623339,285.6395263671875,2319546,0.0,0.0
2016-04-11 00:00:00+05:30,291.48722811184297,298.7861469730559,291.1030912228415,297.292236328125,4524262,0.0,0.0
2016-04-12 00:00:00+05:30,297.2495262633656,300.9203184132518,293.79214990888386,298.87152099609375,3089585,0.0,0.0
2016-04-13 00:00:00+05:30,299.68252148597446,311.1644543816355,298.4446923965031,299.853271484375,6614377,0.0,0.0
2016-04-18 00:00:00+05:30,303.09715214249894,309.8838485214642,300.6641893339004,306.8106384277344,2828391,0.0,0.0
2016-04-20 00:00:00+05:30,310.73760998372927,311.03638633568244,302.28622252272856,304.4631042480469,3250868,0.0,0.0
2016-04-21 00:00:00+05:30,305.4875018032211,306.46922025759494,299.6398279864714,304.97528076171875,2218219,0.0,0.0
2016-04-22 00:00:00+05:30,299.63980991041325,305.572843907371,298.5727020759105,301.4325256347656,1460160,0.0,0.0
2016-04-25 00:00:00+05:30,302.4569754080537,310.7376129568962,302.4569754080537,306.4265441894531,3431082,0.0,0.0
2016-04-26 00:00:00+05:30,305.146043801897,310.5668573472312,303.395993710383,307.66436767578125,2605766,0.0,0.0
2016-04-27 00:00:00+05:30,311.5912015874229,325.5914835946209,309.1582387939262,318.4632873535156,8618572,0.0,0.0
2016-04-28 00:00:00+05:30,327.3415452487393,328.66473469083144,316.2864456052454,318.16455078125,10016684,0.0,0.0
2016-04-29 00:00:00+05:30,317.43892612437986,318.0792024163206,307.7497102722581,310.3961181640625,5411248,0.0,0.0
2016-05-02 00:00:00+05:30,309.8839502879112,311.16447418507454,304.24972029699046,305.4448547363281,1745061,0.0,0.0
2016-05-03 00:00:00+05:30,305.6155564382228,316.2864619668819,305.6155564382228,314.4510803222656,4349238,0.0,0.0
2016-05-04 00:00:00+05:30,312.402210589725,315.2193392018691,306.7252875555767,308.5606689453125,1883272,0.0,0.0
2016-05-05 00:00:00+05:30,309.45704971152344,312.4449285040744,300.1946948299211,302.54229736328125,2375047,0.0,0.0
2016-05-06 00:00:00+05:30,304.7618800261605,311.1217462923714,302.54233248695994,306.5545959472656,3196077,0.0,0.0
2016-05-09 00:00:00+05:30,307.5362768571127,314.06689231609175,305.7862558742909,313.12786865234375,2070741,0.0,0.0
2016-05-10 00:00:00+05:30,313.72536997017454,315.2620038250868,307.6216159818027,314.8778381347656,2932396,0.0,0.0
2016-05-11 00:00:00+05:30,311.16441586539787,322.21951575621944,304.76185539234234,306.38385009765625,5316307,0.0,0.0
2016-05-12 00:00:00+05:30,309.88390324504746,310.3534295662756,303.6520925273049,309.1156005859375,3224321,0.0,0.0
2016-05-13 00:00:00+05:30,309.0302362957073,309.0302362957073,301.34715198512447,302.9691467285156,4006032,0.0,0.0
2016-05-16 00:00:00+05:30,303.05451276897213,304.0362601397681,292.6823834489981,301.7313232421875,2996171,0.0,0.0
2016-05-17 00:00:00+05:30,303.9081686169248,306.46918682592604,297.59096917004587,299.8105163574219,2749594,0.0,0.0
2016-05-18 00:00:00+05:30,298.7861634869222,301.0057400278371,296.43856058018446,299.853271484375,2421651,0.0,0.0
2016-05-19 00:00:00+05:30,299.85327983589303,301.1764695082271,293.15194201945303,294.3470764160156,2741126,0.0,0.0
2016-05-20 00:00:00+05:30,295.28604765358403,295.79826866541396,289.6518188680986,291.9140319824219,4199413,0.0,0.0
2016-05-23 00:00:00+05:30,295.9689549743451,297.7190046840748,291.5298608938097,295.24334716796875,1842701,0.0,0.0
2016-05-24 00:00:00+05:30,295.28602979038135,296.1824165068572,291.78598798437287,294.6457824707031,2293594,0.0,0.0
2016-05-25 00:00:00+05:30,296.3104955274114,300.92034064271667,296.22513498421966,300.1947326660156,2157455,0.0,0.0
2016-05-26 00:00:00+05:30,300.49347939938474,303.9081898542598,296.8653531543774,301.2191162109375,5273432,0.0,0.0
2016-05-27 00:00:00+05:30,301.30451639206046,305.27411420488426,298.4020265766895,299.853271484375,3075870,0.0,0.0
2016-05-30 00:00:00+05:30,301.4324858600996,304.93255631398796,300.7068491596217,303.82275390625,2845695,0.0,0.0
2016-05-31 00:00:00+05:30,304.676498005428,304.76185854175344,296.3531664138046,299.9812927246094,24281872,0.0,0.0
2016-06-01 00:00:00+05:30,301.8166850048119,311.03637481975375,300.7496059970722,310.09735107421875,3081625,0.0,0.0
2016-06-02 00:00:00+05:30,308.4753432151339,314.1522668896372,307.1521537390893,312.61566162109375,2604662,0.0,0.0
2016-06-03 00:00:00+05:30,311.5912341750078,312.18881571041004,303.35329246216094,305.7435607910156,3677399,0.0,0.0
2016-06-06 00:00:00+05:30,304.7618632047679,306.5119132112976,296.395865670167,297.71905517578125,5264582,0.0,0.0
2016-06-07 00:00:00+05:30,297.7190757944464,300.57887080099937,296.48124674073716,298.060546875,4463323,0.0,0.0
2016-06-08 00:00:00+05:30,303.5667537424796,305.82899606587023,300.15204289464816,301.04840087890625,2654000,0.0,0.0
2016-06-09 00:00:00+05:30,303.4813693003977,304.2497009336271,298.61544239490365,299.853271484375,1549979,0.0,0.0
2016-06-10 00:00:00+05:30,298.5300549533821,301.81668138288325,296.7373391167889,299.7251892089844,2180603,0.0,0.0
2016-06-13 00:00:00+05:30,297.33486322203584,299.21296832286987,291.57257939029984,292.2981872558594,2180335,0.0,0.0
2016-06-14 00:00:00+05:30,292.9811535112594,294.09092721358326,287.98714294442277,292.5116271972656,3358585,0.0,0.0
2016-06-15 00:00:00+05:30,297.0787906393647,301.2191088989089,296.22509859318,300.4081115722656,3259569,0.0,0.0
2016-06-16 00:00:00+05:30,300.1093472116893,300.45078935611406,291.31648933328586,295.79827880859375,2614007,0.0,0.0
2016-06-17 00:00:00+05:30,297.07881571206326,306.3838661280695,294.04827084104903,304.7618713378906,5592177,0.0,0.0
2016-06-20 00:00:00+05:30,303.90820477113994,312.44495242096275,302.03009947558564,311.1644287109375,3205939,0.0,0.0
2016-06-21 00:00:00+05:30,309.24362406362,311.3351449329701,307.45090840782086,309.2009582519531,1615514,0.0,0.0
2016-06-22 00:00:00+05:30,310.69490790170966,313.29862118426837,308.04852880209984,309.9266052246094,2399688,0.0,0.0
2016-06-23 00:00:00+05:30,311.3351411803029,312.2314989973983,309.0302045612713,311.4205017089844,1405739,0.0,0.0
2016-06-24 00:00:00+05:30,304.7618698372619,307.32288836659404,297.6763669320691,303.7801513671875,2445195,0.0,0.0
2016-06-27 00:00:00+05:30,302.2008465292173,305.5728623963238,298.57272014131354,299.76788330078125,2697253,0.0,0.0
2016-06-28 00:00:00+05:30,300.7922408614212,306.0423615396676,300.3227434901558,304.8471984863281,3541398,0.0,0.0
2016-06-29 00:00:00+05:30,306.0423842438216,307.57898953339395,302.4142579089314,304.07891845703125,2469054,0.0,0.0
2016-06-30 00:00:00+05:30,305.61553481047383,315.8596080180564,303.4386533553551,313.12786865234375,4076692,0.0,0.0
2016-07-01 00:00:00+05:30,312.2741987130937,318.2926225001553,309.5851249698468,314.4510803222656,2907785,0.0,0.0
2016-07-04 00:00:00+05:30,316.3291545135013,320.8963045921183,314.92060447469794,318.7194519042969,1855655,0.0,0.0
2016-07-05 00:00:00+05:30,319.27437097473955,319.27437097473955,310.3961515336898,312.3595886230469,1559936,0.0,0.0
2016-07-07 00:00:00+05:30,311.59125879867884,316.9694063231787,309.5851271576079,310.1827087402344,2606039,0.0,0.0
2016-07-08 00:00:00+05:30,307.963184761419,309.243679656398,301.34717884516726,303.09722900390625,1746867,0.0,0.0
2016-07-11 00:00:00+05:30,312.3595558509621,312.3595558509621,305.65821892687205,307.19482421875,2437511,0.0,0.0
2016-07-12 00:00:00+05:30,309.37168154516604,311.16439721390935,307.322855379066,310.1399841308594,1333227,0.0,0.0
2016-07-13 00:00:00+05:30,312.3595521541885,312.4022468753828,306.554573203459,310.4814758300781,1609500,0.0,0.0
2016-07-14 00:00:00+05:30,310.3960953224138,313.89616613740174,308.902155959661,313.2558898925781,1097465,0.0,0.0
2016-07-15 00:00:00+05:30,311.9326810947405,324.35366368882524,311.9326810947405,323.4573059082031,2814751,0.0,0.0
2016-07-18 00:00:00+05:30,324.1402843224208,324.3963659268021,308.2192293431778,309.5851135253906,3592796,0.0,0.0
2016-07-19 00:00:00+05:30,306.51195374836544,314.32306546183474,305.27412461667626,310.9937438964844,3552577,0.0,0.0
2016-07-20 00:00:00+05:30,310.9083144306968,313.2559171153921,308.47535120806583,310.2253723144531,2845114,0.0,0.0
2016-07-21 00:00:00+05:30,312.3595719319309,315.6035615694928,309.45708227278845,314.0242614746094,2198453,0.0,0.0
2016-07-22 00:00:00+05:30,314.1522378647249,315.68887189767537,310.82291712168796,313.59735107421875,2559958,0.0,0.0
2016-07-25 00:00:00+05:30,310.7376541653062,318.24999000774994,309.96935136077224,317.52435302734375,1850765,0.0,0.0
2016-07-26 00:00:00+05:30,315.8596226397918,318.3779752455011,313.17054896236255,315.7315673828125,1862583,0.0,0.0
2016-07-27 00:00:00+05:30,316.45719905700815,322.0487621137701,314.49373332588874,318.0364990234375,2593217,0.0,0.0
2016-07-28 00:00:00+05:30,325.9329841857856,325.9329841857856,310.39609573057993,317.4815979003906,8216550,0.0,0.0
2016-07-29 00:00:00+05:30,317.48159806540275,317.48159806540275,307.70702237784644,309.0729064941406,4178023,0.0,0.0
2016-08-01 00:00:00+05:30,310.2680225771902,313.29856694387155,309.11555430787297,310.737548828125,1775282,0.0,0.0
2016-08-02 00:00:00+05:30,308.94492640928297,311.42058474578397,303.6094438952169,305.4448547363281,3557285,0.0,0.0
2016-08-03 00:00:00+05:30,306.5972665190935,307.6643454802716,301.56059022830016,306.3411560058594,2491473,0.0,0.0
2016-08-04 00:00:00+05:30,307.15215312091675,314.7925425399628,301.38984001590825,312.6583557128906,3301158,0.0,0.0
2016-08-05 00:00:00+05:30,313.4693169016547,317.14010857067893,306.9387019173572,310.737548828125,4259304,0.0,0.0
2016-08-08 00:00:00+05:30,309.8838917967223,311.5058864998823,298.18857345241804,300.1093444824219,5372323,0.0,0.0
2016-08-09 00:00:00+05:30,301.261773425429,303.09718385582863,294.30432636530685,298.31658935546875,5734542,0.0,0.0
2016-08-10 00:00:00+05:30,299.63979062287586,301.6885878142726,294.5177253784449,295.75555419921875,1704178,0.0,0.0
2016-08-11 00:00:00+05:30,296.7497522798554,297.17826599462614,293.10732766370825,296.83544921875,2758046,1.22571,0.0
2016-08-12 00:00:00+05:30,295.03566752333404,299.10660584214907,294.90710760522546,298.0781555175781,2615030,0.0,0.0
2016-08-16 00:00:00+05:30,298.6781282004233,301.1206798785837,291.1361872630167,293.4930419921875,4152972,0.0,0.0
2016-08-17 00:00:00+05:30,294.3928894254107,299.53511189648026,294.3928894254107,296.2355041503906,3575486,0.0,0.0
2016-08-18 00:00:00+05:30,298.59236130801514,303.3060991406236,297.2639572096851,302.6632995605469,2093475,0.0,0.0
2016-08-19 00:00:00+05:30,303.3918077595314,304.2488352055695,297.64964841830084,301.16351318359375,1895295,0.0,0.0
2016-08-22 00:00:00+05:30,300.8207043839255,302.5347593214872,296.6212059422417,300.13507080078125,983587,0.0,0.0
2016-08-23 00:00:00+05:30,298.24955538664364,304.5916217013663,295.42132446752197,303.1775207519531,2546554,0.0,0.0
2016-08-24 00:00:00+05:30,303.391799763296,307.1199212918396,299.96363202890046,302.19195556640625,1809971,0.0,0.0
2016-08-25 00:00:00+05:30,301.0349129556246,303.39176713695707,294.90707467198354,296.53546142578125,3583163,0.0,0.0
2016-08-26 00:00:00+05:30,297.8210217878573,298.335261436302,292.72166240265665,294.7785339355469,1250748,0.0,0.0
2016-08-29 00:00:00+05:30,294.3928819627499,298.0352773623016,287.322289968893,293.6215515136719,2828305,0.0,0.0
2016-08-30 00:00:00+05:30,293.7501073888003,294.90711767097076,281.7515778998684,284.40838623046875,4487274,0.0,0.0
2016-08-31 00:00:00+05:30,284.75121019436745,288.73645181101716,281.8372819453265,284.23699951171875,7103241,0.0,0.0
2016-09-01 00:00:00+05:30,282.82283620192345,284.83687375505843,258.3972367226683,266.4105529785156,39290697,0.0,0.0
2016-09-02 00:00:00+05:30,264.0965334626722,275.0666406377452,262.6824324814229,273.3097229003906,17010250,0.0,0.0
2016-09-06 00:00:00+05:30,273.3097304363666,276.65217213533236,267.9532221020634,275.53802490234375,7841855,0.0,0.0
2016-09-07 00:00:00+05:30,272.96694131700764,276.30938335449724,270.9100405153373,274.38104248046875,3788590,0.0,0.0
2016-09-08 00:00:00+05:30,274.38104313348873,280.42318562523815,273.3954557129551,278.0234680175781,3819474,0.0,0.0
2016-09-09 00:00:00+05:30,277.25214997944477,280.0375184763207,272.8383943488253,276.0522766113281,3280689,0.0,0.0
2016-09-12 00:00:00+05:30,272.4526778765241,275.92370855963753,269.19593306768314,272.58123779296875,3494956,0.0,0.0
2016-09-14 00:00:00+05:30,271.76704841506455,277.03785996692636,271.76704841506455,274.1239318847656,2224288,0.0,0.0
2016-09-15 00:00:00+05:30,273.438282526639,278.53764186548636,271.5956388369555,276.56646728515625,2301243,0.0,0.0
2016-09-16 00:00:00+05:30,276.05225935303355,279.8232440994574,275.1952318753596,277.33782958984375,3584872,0.0,0.0
2016-09-19 00:00:00+05:30,276.8236471153254,278.5377022453337,275.1523969310838,277.8092346191406,1697274,0.0,0.0
2016-09-20 00:00:00+05:30,277.6806038905193,277.6806038905193,272.2812619587356,273.5668029785156,3040194,0.0,0.0
2016-09-21 00:00:00+05:30,274.5952750144097,276.82359852886214,273.22400793483814,275.8379821777344,1845538,0.0,0.0
2016-09-22 00:00:00+05:30,277.3378114441553,281.06593296465184,276.5236179814566,280.2517395019531,1642721,0.0,0.0
2016-09-23 00:00:00+05:30,279.3946993965293,282.8228379475989,277.6806156108465,280.2088928222656,2369838,0.0,0.0
2016-09-26 00:00:00+05:30,279.3947598387858,281.7087516848279,273.48117675395196,274.552490234375,2391218,0.0,0.0
2016-09-27 00:00:00+05:30,275.8808437901595,275.8808437901595,269.1530973621677,269.7958679199219,2490305,0.0,0.0
2016-09-28 00:00:00+05:30,268.72455945451514,277.20925285423476,266.6248248493617,275.7522888183594,3263576,0.0,0.0
2016-09-29 00:00:00+05:30,276.3951181241628,277.42356866574147,269.195993353416,270.5672607421875,6941546,0.0,0.0
2016-09-30 00:00:00+05:30,270.6100564533167,271.2528269993879,264.0537040184421,269.1102294921875,6355157,0.0,0.0
2016-10-03 00:00:00+05:30,269.1102304616971,274.252452889385,269.1102304616971,273.1383056640625,1672721,0.0,0.0
2016-10-04 00:00:00+05:30,272.109838231396,278.40907046556237,270.9099941459387,277.68060302734375,2908344,0.0,0.0
2016-10-05 00:00:00+05:30,275.96659253574086,279.5233208010232,274.76674813195416,275.70947265625,1439691,0.0,0.0
2016-10-06 00:00:00+05:30,278.49482081462213,278.75191162812536,273.48112915699903,276.2236633300781,1741337,0.0,0.0
2016-10-07 00:00:00+05:30,276.4807992810757,278.0663233147766,271.8527871043675,273.7811279296875,1477152,0.0,0.0
2016-10-10 00:00:00+05:30,272.6240946280294,274.16675555000523,269.96725746207494,270.7386169433594,2687189,0.0,0.0
2016-10-13 00:00:00+05:30,268.2103433828003,269.02453683294334,261.82541373756675,262.8966979980469,3440146,0.0,0.0
2016-10-14 00:00:00+05:30,263.8822825775695,263.8822825775695,259.1685738398822,261.73968505859375,5431236,0.0,0.0
2016-10-17 00:00:00+05:30,261.73966536784934,262.12534508077476,253.89777238768218,258.225830078125,3779712,0.0,0.0
2016-10-18 00:00:00+05:30,258.8257933455976,263.9680455239072,254.58346069125525,262.81103515625,5102965,0.0,0.0
2016-10-19 00:00:00+05:30,262.8110258970212,265.2107434956867,260.5398682258217,263.0681457519531,5073975,0.0,0.0
2016-10-20 00:00:00+05:30,263.1966522439429,266.1106092821619,261.39687146697355,264.9107360839844,5290430,0.0,0.0
2016-10-21 00:00:00+05:30,266.88196465524044,266.88196465524044,261.91113556548936,265.46783447265625,2362713,0.0,0.0
2016-10-24 00:00:00+05:30,262.5539152922593,263.9680455239072,260.2399235772455,262.81103515625,2185144,0.0,0.0
2016-10-25 00:00:00+05:30,260.111305941925,267.7389420389202,258.56861612051347,267.2247314453125,4024793,0.0,0.0
2016-10-26 00:00:00+05:30,269.96726009177746,276.73786945571754,269.79586621890905,272.2812805175781,6538988,0.0,0.0
2016-10-27 00:00:00+05:30,269.5815888176122,279.0947025643443,268.767395432811,276.9092712402344,5615716,0.0,0.0
2016-10-28 00:00:00+05:30,276.7807409252726,276.7807409252726,272.75266556602605,273.2668762207031,1566275,0.0,0.0
2016-11-01 00:00:00+05:30,272.53839327015544,274.8523846155718,271.03856633016767,272.0670166015625,2398681,0.0,0.0
2016-11-02 00:00:00+05:30,270.3958498675813,270.4815468189281,264.52512986534657,265.33929443359375,2221637,0.0,0.0
2016-11-03 00:00:00+05:30,264.8250590267519,270.2672647448038,261.6540109397074,264.7821960449219,2989059,0.0,0.0
2016-11-04 00:00:00+05:30,265.467856525495,266.15349018243796,260.5827529951536,262.8538818359375,2376146,0.0,0.0
2016-11-07 00:00:00+05:30,267.31050673711746,267.31050673711746,260.2827761024141,261.9111633300781,1847168,0.0,0.0
2016-11-08 00:00:00+05:30,262.768151826778,262.89671174881937,257.96874585226044,261.3111877441406,1527704,0.0,0.0
2016-11-09 00:00:00+05:30,246.82721862808555,261.3968579651355,242.58487222572262,257.9687194824219,5669889,0.0,0.0
2016-11-10 00:00:00+05:30,261.39690171413304,269.195962323556,259.89710357330966,264.5251159667969,3190980,0.0,0.0
2016-11-11 00:00:00+05:30,260.53984847476613,263.92515323363733,255.6975796822299,258.3115539550781,1886129,0.0,0.0
2016-11-15 00:00:00+05:30,259.68279528501546,261.311153033879,251.9694331494994,259.3828125,3114405,0.0,0.0
2016-11-16 00:00:00+05:30,261.4397323060198,266.8390745927407,259.9399053307206,265.3821105957031,2746958,0.0,0.0
2016-11-17 00:00:00+05:30,266.88199126389713,270.48155351255895,252.95509002347256,254.66917419433594,4236589,0.0,0.0
2016-11-18 00:00:00+05:30,255.74041309641262,260.92549806334233,253.040742197282,260.3255615234375,3641254,0.0,0.0
2016-11-21 00:00:00+05:30,260.88266471962476,261.8682520597503,254.92624867932167,256.68316650390625,1826207,0.0,0.0
2016-11-22 00:00:00+05:30,257.96873051096856,261.7825488834279,252.82647903661606,260.4969787597656,3327374,0.0,0.0
2016-11-23 00:00:00+05:30,261.78253624294746,264.1822534817721,256.38319422081344,257.5830383300781,1970256,0.0,0.0
2016-11-24 00:00:00+05:30,257.9687045375892,261.13975203909126,255.7404102998722,259.1685485839844,4795418,0.0,0.0
2016-11-25 00:00:00+05:30,259.5970772811296,262.2539143510355,255.95468195701483,257.9687194824219,2099139,0.0,0.0
2016-11-28 00:00:00+05:30,257.9686969978578,275.2808688283853,257.9686969978578,273.2239685058594,4886483,0.0,0.0
2016-11-29 00:00:00+05:30,274.93808654344974,279.39470446710567,271.5099479301648,278.4090881347656,4516337,0.0,0.0
2016-11-30 00:00:00+05:30,278.53764097340024,280.08033087947416,277.5091907094495,278.19482421875,4993485,0.0,0.0
2016-12-01 00:00:00+05:30,277.68066827833314,278.36630192264994,268.7245969371341,272.7098388671875,7124295,0.0,0.0
2016-12-02 00:00:00+05:30,269.9672915682315,275.3666344975661,269.36738392295,273.0526428222656,1836012,0.0,0.0
2016-12-05 00:00:00+05:30,272.1098560548253,281.66586247027817,272.1098560548253,280.0374755859375,2481220,0.0,0.0
2016-12-06 00:00:00+05:30,280.1660289527521,284.4940868702804,278.3233852614744,281.8372497558594,3142493,0.0,0.0
2016-12-07 00:00:00+05:30,282.56576837648356,287.06522051429715,278.62338988333744,281.2373352050781,2899591,0.0,0.0
2016-12-08 00:00:00+05:30,283.50847738652374,286.25101150092866,281.45160582101664,284.922607421875,2061325,0.0,0.0
2016-12-09 00:00:00+05:30,286.37956999605376,289.2078010324457,282.0515119957413,284.53692626953125,2646396,0.0,0.0
2016-12-12 00:00:00+05:30,282.39434467070794,282.82285839303216,279.86609629681624,282.0943908691406,775144,0.0,0.0
2016-12-13 00:00:00+05:30,279.39467666919825,283.6370083009121,279.39467666919825,282.82281494140625,1063869,0.0,0.0
2016-12-14 00:00:00+05:30,281.19448261303813,282.60858361109666,275.53802058021137,276.48077392578125,1481398,0.0,0.0
2016-12-15 00:00:00+05:30,274.93811003986406,276.26654324909117,272.10987875553076,272.924072265625,3073256,0.0,0.0
2016-12-16 00:00:00+05:30,273.39540656268815,273.9096171617363,264.35364045209207,265.89630126953125,4401700,0.0,0.0
2016-12-19 00:00:00+05:30,266.02490899102025,266.96766244907417,260.6255661391837,261.825439453125,4126010,0.0,0.0
2016-12-20 00:00:00+05:30,262.25397166578676,262.89674233046566,256.3403886857757,259.29718017578125,3596096,0.0,0.0
2016-12-21 00:00:00+05:30,260.6255345907169,262.55387523584903,257.11167006003825,258.5686340332031,2651665,0.0,0.0
2016-12-22 00:00:00+05:30,256.68315535634923,257.9258624774238,248.75556498008436,250.46961975097656,3156188,0.0,0.0
2016-12-23 00:00:00+05:30,253.16927639916761,254.66910325844702,249.5268811984812,253.29783630371094,2047449,0.0,0.0
2016-12-26 00:00:00+05:30,252.3979590485481,254.54055652108448,247.42713059064005,253.76922607421875,2719536,0.0,0.0
2016-12-27 00:00:00+05:30,253.68356811932864,257.7973408081364,249.5269324467716,256.7688903808594,2548216,0.0,0.0
2016-12-28 00:00:00+05:30,256.25465279257315,259.76851746203977,254.36917505052918,256.68316650390625,2899350,0.0,0.0
2016-12-29 00:00:00+05:30,258.3115029508663,260.9254767075793,254.96903281101544,259.6827697753906,3551526,0.0,0.0
2016-12-30 00:00:00+05:30,258.22585647010595,263.196656149543,257.19740615081975,261.9539489746094,1955045,0.0,0.0
2017-01-02 00:00:00+05:30,259.76854386066594,267.3961815624948,259.76854386066594,266.5391540527344,1643255,0.0,0.0
2017-01-03 00:00:00+05:30,267.35336134145325,269.06741644907845,257.11171955970224,260.9255676269531,3286354,0.0,0.0
2017-01-04 00:00:00+05:30,259.1686052600994,270.1387140128957,256.3832368538367,269.0245666503906,5776206,0.0,0.0
2017-01-05 00:00:00+05:30,268.38174829724545,276.8236079145415,265.7249400057194,275.1952209472656,4268281,0.0,0.0
2017-01-06 00:00:00+05:30,273.5240278110199,282.82288679645677,272.7955311936686,274.0382385253906,2656936,0.0,0.0
2017-01-09 00:00:00+05:30,274.76670193991146,275.4523354897545,270.995717415775,272.49554443359375,2635116,0.0,0.0
2017-01-10 00:00:00+05:30,273.39541197593786,275.1094957071951,271.7241912205727,274.3381652832031,1058176,0.0,0.0
2017-01-11 00:00:00+05:30,275.1952129200245,278.2377008846208,273.2240092287311,276.60931396484375,2609766,0.0,0.0
2017-01-12 00:00:00+05:30,277.2092671449963,278.837654162138,274.25247594141206,275.795166015625,1680284,0.0,0.0
2017-01-13 00:00:00+05:30,276.3093362122707,278.5376305237523,270.82429736394016,274.4238586425781,2614161,0.0,0.0
2017-01-16 00:00:00+05:30,274.2524871331288,277.1664444943112,271.93849545782837,273.0526428222656,1871694,0.0,0.0
2017-01-17 00:00:00+05:30,273.30973571749445,274.0810661998296,271.7670457325269,272.9669189453125,2050997,0.0,0.0
2017-01-18 00:00:00+05:30,272.5384316507606,273.22403624127895,266.75340894209177,269.0245666503906,3670155,0.0,0.0
2017-01-19 00:00:00+05:30,269.1102207548556,276.4807663876285,266.539109633752,271.76702880859375,2526854,0.0,0.0
2017-01-20 00:00:00+05:30,269.15308006811193,280.680231489875,269.15308006811193,274.72381591796875,3784887,0.0,0.0
2017-01-23 00:00:00+05:30,275.1095249174206,275.96655236389796,270.31008996031204,273.9525146484375,1985278,0.0,0.0
2017-01-24 00:00:00+05:30,272.5384389621917,273.39546648855645,269.6673445123283,271.25286865234375,2393587,0.0,0.0
2017-01-25 00:00:00+05:30,261.3969053139212,269.71020575949495,261.3969053139212,266.839111328125,14931206,0.0,0.0
2017-01-27 00:00:00+05:30,265.93921761643765,281.10882510675424,265.93921761643765,277.4664001464844,3540993,0.0,0.0
2017-01-30 00:00:00+05:30,276.90929239535865,317.061571904905,276.0522359699825,296.2355041503906,23241046,0.0,0.0
2017-01-31 00:00:00+05:30,299.1494253784669,302.5347006356531,294.0071745023815,298.4209289550781,11732135,0.0,0.0
2017-02-01 00:00:00+05:30,296.5354906344426,299.87793238004315,291.5217989957447,295.76416015625,4103983,0.0,0.0
2017-02-02 00:00:00+05:30,295.6784138693366,308.36260447956107,295.03564335175207,302.7918395996094,6964972,0.0,0.0
2017-02-03 00:00:00+05:30,302.7919146821497,310.24815900809915,301.84919015998634,303.2204284667969,2662623,0.0,0.0
2017-02-06 00:00:00+05:30,303.39178948744035,305.92003771316524,302.2347792887325,304.46307373046875,1504449,0.0,0.0
2017-02-07 00:00:00+05:30,303.56318995235716,307.5055682888736,300.6492619236664,302.6632995605469,4062008,0.0,0.0
2017-02-08 00:00:00+05:30,304.2488093468214,304.9773058302759,297.3068063670934,301.84912109375,4888372,0.0,0.0
2017-02-09 00:00:00+05:30,301.7205686561382,305.96290069100496,300.64925539281336,304.46307373046875,2043938,0.0,0.0
2017-02-10 00:00:00+05:30,305.96288848047965,308.8768163295821,304.2916677158734,306.43426513671875,2203893,0.0,0.0
2017-02-13 00:00:00+05:30,302.9204146933915,308.5340138104297,302.83471775747637,306.86279296875,3669035,0.0,0.0
2017-02-14 00:00:00+05:30,306.3914311134157,317.0187222899182,304.24883349010304,316.20452880859375,4739203,0.0,0.0
2017-02-15 00:00:00+05:30,317.01870268517354,319.2469971107473,308.61973561174307,313.0763244628906,3974478,0.0,0.0
2017-02-16 00:00:00+05:30,309.6481743696644,316.1616931652796,308.7911469330218,313.4191589355469,4049974,0.0,0.0
2017-02-17 00:00:00+05:30,314.5333057118108,318.9899238280492,310.505230333511,316.6759033203125,2551827,0.0,0.0
2017-02-20 00:00:00+05:30,317.2329573544628,324.817759965147,317.2329573544628,321.6895751953125,3876138,0.0,0.0
2017-02-21 00:00:00+05:30,318.904183497587,323.87501204693564,308.1054990022282,310.9765930175781,7028108,0.0,0.0
2017-02-22 00:00:00+05:30,311.01941001501393,319.24698285143324,307.76266545687866,309.39105224609375,7531248,0.0,0.0
2017-02-23 00:00:00+05:30,317.9614717835554,343.6726429473026,311.705072870634,313.8905334472656,39500561,0.0,0.0
2017-02-27 00:00:00+05:30,314.5333236610427,314.91900344110735,302.1491140008363,304.8487854003906,10077345,0.0,0.0
2017-02-28 00:00:00+05:30,305.962888064997,319.76122588380986,305.4486774536223,312.94775390625,13488220,0.0,0.0
2017-03-01 00:00:00+05:30,315.8616977232139,316.11881755205036,309.776721909396,310.890869140625,3826413,0.0,0.0
2017-03-02 00:00:00+05:30,311.9621583884868,313.67624208156036,301.8491081297947,305.8343200683594,4657721,0.0,0.0
2017-03-03 00:00:00+05:30,305.83434360868654,309.81958487429307,302.7918557019086,305.23443603515625,4021692,0.0,0.0
2017-03-06 00:00:00+05:30,308.5340403651441,311.9622082997687,306.13435183120606,309.8196105957031,3302817,0.0,0.0
2017-03-07 00:00:00+05:30,309.3910791846516,310.6337863624246,305.4058378158491,309.4767761230469,3171320,0.0,0.0
2017-03-08 00:00:00+05:30,308.70545843792564,312.0479003566201,307.2484943436,309.13397216796875,3024515,0.0,0.0
2017-03-09 00:00:00+05:30,308.4054310344491,310.16237770209887,305.6629261463895,308.7054138183594,1304223,0.0,0.0
2017-03-10 00:00:00+05:30,309.2625188150482,314.10478760132366,308.49118833002257,312.7335205078125,2319807,0.0,0.0
2017-03-14 00:00:00+05:30,313.67627434798635,316.93301918968507,307.3341785413795,309.4767761230469,5921380,0.0,0.0
2017-03-15 00:00:00+05:30,308.53401616042294,313.80482757394657,305.2772713881732,311.27655029296875,7389777,0.0,0.0
2017-03-16 00:00:00+05:30,311.96221986752874,313.33348709222605,307.76272124696834,309.09112548828125,2670827,0.0,0.0
2017-03-17 00:00:00+05:30,309.5196238293963,311.1051186825156,294.8213952775292,297.2639465332031,6378625,0.0,0.0
2017-03-20 00:00:00+05:30,296.5355042019758,301.9348468166602,290.7504818204003,299.4494323730469,4737850,0.0,0.0
2017-03-21 00:00:00+05:30,299.106599216233,301.50631658707243,295.7212945221244,299.8779296875,2511084,0.0,0.0
2017-03-22 00:00:00+05:30,297.39249475638877,298.6780647995469,279.2232653920524,289.8505554199219,8955493,0.0,0.0
2017-03-23 00:00:00+05:30,290.36481788909776,292.8502324682578,287.5794494884184,290.10772705078125,4762081,0.0,0.0
2017-03-24 00:00:00+05:30,292.59313840838513,297.9924812580841,289.8506040008048,291.8218078613281,5308761,0.0,0.0
2017-03-27 00:00:00+05:30,291.39326110226983,292.97878515739,287.2366255854222,290.27911376953125,3212610,0.0,0.0
2017-03-28 00:00:00+05:30,292.1645416260175,294.39286493034956,290.1933671502286,292.0360107421875,2316105,0.0,0.0
2017-03-29 00:00:00+05:30,293.53582813784334,296.8782988069403,292.42168092157647,295.54986572265625,9825597,0.0,0.0
2017-03-30 00:00:00+05:30,295.54986033986637,302.02051569219435,293.2787319913299,300.9920654296875,4345156,0.0,0.0
2017-03-31 00:00:00+05:30,299.9636067508831,301.934810287121,295.678411954152,300.0064697265625,5787371,0.0,0.0
2017-04-03 00:00:00+05:30,296.5354744681296,296.5354744681296,288.17934153938495,292.9359130859375,7333921,0.0,0.0
2017-04-05 00:00:00+05:30,293.92147401872035,297.6067320034239,290.6218667073722,295.2498779296875,4693744,0.0,0.0
2017-04-06 00:00:00+05:30,293.96436334089174,293.96436334089174,289.33635170374544,292.9359130859375,2412374,0.0,0.0
2017-04-07 00:00:00+05:30,294.8642520927081,300.3492910691887,292.8930485262929,295.42132568359375,6347228,0.0,0.0
2017-04-10 00:00:00+05:30,298.5066451769402,298.5923421086745,293.1501661492682,296.2783508300781,1532435,0.0,0.0
2017-04-11 00:00:00+05:30,293.964397572782,304.89164290123233,293.83583764840506,300.13507080078125,2327556,0.0,0.0
2017-04-12 00:00:00+05:30,297.39251668150774,303.3060986875982,295.9784156480453,300.6492614746094,2529238,0.0,0.0
2017-04-13 00:00:00+05:30,299.96367870541627,302.9633331948546,290.75051638850266,291.6075439453125,6554985,0.0,0.0
2017-04-17 00:00:00+05:30,293.7929553930387,294.2214690993172,290.02197093313464,292.50738525390625,2089233,0.0,0.0
2017-04-18 00:00:00+05:30,291.3931962536225,294.26428991080314,288.22214884908885,290.36474609375,6170878,0.0,0.0
2017-04-19 00:00:00+05:30,290.878965212571,292.89300241796906,285.179641271917,291.350341796875,2779410,0.0,0.0
2017-04-20 00:00:00+05:30,293.1073209952019,294.64998194139866,289.7220162930557,293.7500915527344,2097176,0.0,0.0
2017-04-21 00:00:00+05:30,293.10733518066405,296.5355030273437,291.6503711008998,293.79296875,1500170,0.0,0.0
2017-04-24 00:00:00+05:30,294.8214053822857,296.92113995296364,290.236256493517,295.37847900390625,1487606,0.0,0.0
2017-04-25 00:00:00+05:30,293.96435361770403,308.3625986702349,292.5930866564545,303.3489074707031,4747068,0.0,0.0
2017-04-26 00:00:00+05:30,303.34891440339516,308.533999581435,301.6776936387889,306.43426513671875,3272330,0.0,0.0
2017-04-27 00:00:00+05:30,303.6060678935723,310.20525475197275,303.17755416593434,306.7342529296875,4978376,0.0,0.0
2017-04-28 00:00:00+05:30,304.50597427215337,306.73426898877193,300.39220164303447,304.6773681640625,2985691,0.0,0.0
2017-05-02 00:00:00+05:30,304.6773182682693,305.0629979923536,297.1353788330814,297.90673828125,2436068,0.0,0.0
2017-05-03 00:00:00+05:30,298.33527624074543,299.963634160934,294.69285162459835,296.83544921875,2616848,0.0,0.0
2017-05-04 00:00:00+05:30,297.13536894956417,301.16347285937644,294.56425793541,296.53546142578125,1345900,0.0,0.0
2017-05-05 00:00:00+05:30,296.9211363575926,299.106596859208,294.092905305036,295.46417236328125,1708526,0.0,0.0
2017-05-08 00:00:00+05:30,295.46421979609875,304.46312503511575,295.07856901174165,301.07781982421875,2955948,0.0,0.0
2017-05-09 00:00:00+05:30,299.9636385862888,300.8206950487722,294.47859911164716,295.8927001953125,3126657,0.0,0.0
2017-05-10 00:00:00+05:30,288.3936497658069,326.01765711675614,288.3936497658069,319.4613037109375,27085852,0.0,0.0
2017-05-11 00:00:00+05:30,317.10440819709765,317.8329047130148,310.63378159240796,313.67626953125,8059693,0.0,0.0
2017-05-12 00:00:00+05:30,310.4623876747526,317.3615576493626,309.81961705621933,312.90496826171875,4070508,0.0,0.0
2017-05-15 00:00:00+05:30,313.6762832741139,317.06158812988826,309.73390477247153,312.09075927734375,4132180,0.0,0.0
2017-05-16 00:00:00+05:30,313.59056348960394,323.66078131444056,313.2049127381061,320.8325500488281,6500818,0.0,0.0
2017-05-17 00:00:00+05:30,318.1328280145946,326.4460975814198,318.1328280145946,322.2037658691406,5842838,0.0,0.0
2017-05-18 00:00:00+05:30,320.2755020569047,327.04611244436563,315.9046093944467,317.74725341796875,3683713,0.0,0.0
2017-05-19 00:00:00+05:30,319.6755605913576,325.2463265431835,315.51892487466563,319.4613037109375,6026064,0.0,0.0
2017-05-22 00:00:00+05:30,320.53259370238464,324.4749722504684,318.3042990926631,319.2898864746094,3037325,0.0,0.0
2017-05-23 00:00:00+05:30,318.8613479988747,322.46090947993093,317.9614576286106,318.7327880859375,6451328,0.0,0.0
2017-05-24 00:00:00+05:30,315.3903552951128,319.6755508130404,313.37631746452877,315.6903381347656,7704006,0.0,0.0
2017-05-25 00:00:00+05:30,314.53326762649544,322.54658345321593,309.1767887639803,317.7043151855469,15733429,0.0,0.0
2017-05-26 00:00:00+05:30,316.24741012371044,326.0605083878182,315.81889637826373,320.1897888183594,3171630,0.0,0.0
2017-05-29 00:00:00+05:30,321.13255877603825,324.7321208552341,315.3046728694773,319.76129150390625,2214859,0.0,0.0
2017-05-30 00:00:00+05:30,321.21817948126045,322.9322631645712,316.54730507177527,317.7043151855469,2172819,0.0,0.0
2017-05-31 00:00:00+05:30,320.5325960301809,323.0180105037812,315.43320715913217,318.432861328125,17087943,0.0,0.0
2017-06-01 00:00:00+05:30,317.1043787455657,320.0183064980049,313.547680494284,314.44757080078125,2467620,0.0,0.0
2017-06-02 00:00:00+05:30,317.7900071459763,326.8317730413148,316.9329798278677,319.8897705078125,5747881,0.0,0.0
2017-06-05 00:00:00+05:30,319.8469494704699,323.7893278872026,318.26142550784823,319.16131591796875,2588187,0.0,0.0
2017-06-06 00:00:00+05:30,317.1044334855934,319.2470312052278,314.533322026092,316.2474060058594,3666864,0.0,0.0
2017-06-07 00:00:00+05:30,320.06122405534967,321.6038851237719,317.96148932220274,319.504150390625,4307736,0.0,0.0
2017-06-08 00:00:00+05:30,319.63269178504345,320.7897020294298,314.2761832975382,315.13323974609375,3858535,0.0,0.0
2017-06-09 00:00:00+05:30,315.17607012642355,318.0471642150215,313.8905289986342,315.21893310546875,3205017,0.0,0.0
2017-06-12 00:00:00+05:30,314.44759509228766,318.6470931871232,311.5765010724655,312.9906311035156,2462371,0.0,0.0
2017-06-13 00:00:00+05:30,311.9621838261052,315.8188651949236,310.3337969298319,311.27655029296875,1257634,0.0,0.0
2017-06-14 00:00:00+05:30,311.5336867949454,315.86171605665334,309.8624658510999,313.24774169921875,2338631,0.0,0.0
2017-06-15 00:00:00+05:30,313.24771833241346,317.5329133140382,312.34782796667815,313.0763244628906,2823152,0.0,0.0
2017-06-16 00:00:00+05:30,313.6762596268781,314.9618007033685,309.04824790686143,312.6906433105469,4962261,0.0,0.0
2017-06-19 00:00:00+05:30,311.9621974366462,316.0331358346428,311.31942685389873,314.9618225097656,1888109,0.0,0.0
2017-06-20 00:00:00+05:30,316.0331345433611,317.83291538393865,313.46202320257856,314.19049072265625,2553936,0.0,0.0
2017-06-21 00:00:00+05:30,314.01907482730945,315.56173571956555,312.3906879808089,314.7904052734375,2945763,0.0,0.0
2017-06-22 00:00:00+05:30,315.1760603154834,316.20451059787916,310.67660846768706,313.84765625,7013343,0.0,0.0
2017-06-23 00:00:00+05:30,313.59053642432696,315.86169383708057,311.31940803186967,313.84765625,5681037,0.0,0.0
2017-06-27 00:00:00+05:30,312.81923481127643,322.1609561290263,312.81923481127643,318.3471374511719,4226917,0.0,0.0
2017-06-28 00:00:00+05:30,321.30394258749635,327.08896532756813,314.96184616314804,323.275146484375,4209925,0.0,0.0
2017-06-29 00:00:00+05:30,323.7464623067319,331.1170084267588,323.7036283477307,327.7745666503906,4698010,0.0,0.0
2017-06-30 00:00:00+05:30,327.77457913431755,329.0172863580362,319.3327484132765,325.417724609375,3628132,0.0,0.0
2017-07-03 00:00:00+05:30,326.9174925351378,329.2315128862306,322.9322804064938,327.4317321777344,1687712,0.0,0.0
2017-07-04 00:00:00+05:30,329.0172684574433,329.0172684574433,324.0464398330127,325.07489013671875,1836644,0.0,0.0
2017-07-05 00:00:00+05:30,323.10369026807143,324.38926041790506,319.9755053618428,322.5037536621094,2338530,0.0,0.0
2017-07-06 00:00:00+05:30,322.7180323872564,328.1174041662291,320.4897377288132,326.7889709472656,2399488,0.0,0.0
2017-07-07 00:00:00+05:30,329.1029653600454,332.1454532922472,328.2459089302312,330.7313232421875,4849963,0.0,0.0
2017-07-10 00:00:00+05:30,336.00216840896115,351.5145634166254,334.3737813430385,347.70074462890625,2101702,0.0,0.0
2017-07-11 00:00:00+05:30,346.37231990331975,350.4432583068963,337.2019927501822,338.91607666015625,6175288,0.0,0.0
2017-07-12 00:00:00+05:30,340.93010628707316,344.7867877379843,338.0590121784134,340.3301696777344,2894251,0.0,0.0
2017-07-13 00:00:00+05:30,345.61429538773643,347.89118684968736,342.5641260713345,346.3875732421875,2879273,0.901257,0.0
2017-07-14 00:00:00+05:30,348.0200251102172,351.07019402143624,345.57130738081463,349.6954650878906,2424013,0.0,0.0
2017-07-17 00:00:00+05:30,351.84350753247844,352.27310309448285,348.79333831125814,350.94134521484375,2517635,0.0,0.0
2017-07-18 00:00:00+05:30,349.00808408088795,369.45710326435466,349.00808408088795,350.8124084472656,4039652,0.0,0.0
2017-07-19 00:00:00+05:30,352.2730726539823,363.2708751962003,349.9102681735683,361.9391174316406,5104135,0.0,0.0
2017-07-20 00:00:00+05:30,362.5835362385024,364.73154310765733,357.51424468226685,360.69329833984375,3406260,0.0,0.0
2017-07-21 00:00:00+05:30,358.2874790257955,358.2874790257955,345.91494815957105,353.3900146484375,12143745,0.0,0.0
2017-07-24 00:00:00+05:30,349.69545085935624,363.0130859474752,348.8792019515802,360.9080505371094,5425590,0.0,0.0
2017-07-25 00:00:00+05:30,363.1420266983089,370.831892092396,359.70520397162477,367.5669250488281,7134553,0.0,0.0
2017-07-26 00:00:00+05:30,369.4571951039673,369.5001663018712,362.3687803445265,366.2351989746094,5764897,0.0,0.0
2017-07-27 00:00:00+05:30,366.0203373152816,366.6647306100172,353.51892119861714,357.47125244140625,15443045,0.0,0.0
2017-07-28 00:00:00+05:30,354.8936617007648,356.9986973214387,350.7265325576577,355.10845947265625,1940125,0.0,0.0
2017-07-31 00:00:00+05:30,356.56916078806177,362.1110198632741,352.2731464521386,359.9630126953125,2953735,0.0,0.0
2017-08-01 00:00:00+05:30,360.9939596856436,363.44267728737714,355.49507333171795,358.3304443359375,2448373,0.0,0.0
2017-08-02 00:00:00+05:30,361.59542122902775,363.14197669630414,354.6358634391638,357.2994079589844,2195053,0.0,0.0
2017-08-03 00:00:00+05:30,357.38537124119705,365.2470632422127,355.06553771573095,364.4737854003906,2812811,0.0,0.0
2017-08-04 00:00:00+05:30,363.7434926496322,363.7434926496322,353.6478509388489,361.638427734375,3004061,0.0,0.0
2017-08-07 00:00:00+05:30,361.59544840658333,363.099032798616,357.81494364363556,358.6741638183594,1299253,0.0,0.0
2017-08-08 00:00:00+05:30,358.71708456919134,365.16110457510905,355.7958001548117,358.974853515625,1994391,0.0,0.0
2017-08-09 00:00:00+05:30,359.9629414266578,359.9629414266578,353.9914879188479,357.47125244140625,1360936,0.0,0.0
2017-08-10 00:00:00+05:30,356.65499232386367,361.29468790668426,354.2492457946683,357.6430969238281,1661135,0.0,0.0
2017-08-11 00:00:00+05:30,353.9914866742256,359.1466912011079,352.273075467411,356.1824645996094,2538665,0.0,0.0
2017-08-14 00:00:00+05:30,354.8507300300439,356.09657470190643,348.10599777949005,351.02728271484375,2234285,0.0,0.0
2017-08-16 00:00:00+05:30,349.69551142226044,353.2182475078405,346.90311108948066,350.33990478515625,4181433,0.0,0.0
2017-08-17 00:00:00+05:30,353.1323097189085,360.86511681801915,348.79332488513217,357.7290344238281,3282886,0.0,0.0
2017-08-18 00:00:00+05:30,355.66693864586256,362.92720805521867,354.6358918871171,361.7243347167969,3062360,0.0,0.0
2017-08-21 00:00:00+05:30,363.82935842028047,365.84848067996296,358.71709598563416,360.1347961425781,2075746,0.0,0.0
2017-08-22 00:00:00+05:30,363.18497151208794,365.16112261621805,357.90085331693405,362.66943359375,3456653,0.0,0.0
2017-08-23 00:00:00+05:30,364.51675537076665,372.8939853005793,364.47378417664584,371.08966064453125,4754764,0.0,0.0
2017-08-24 00:00:00+05:30,372.0347633894249,373.19469468979605,367.73874955222277,371.9918212890625,2773039,0.0,0.0
2017-08-28 00:00:00+05:30,372.8939276441469,376.45960521080116,369.6289611091504,373.23760986328125,2806489,0.0,0.0
2017-08-29 00:00:00+05:30,374.1827546149674,374.1827546149674,367.1802540996236,367.8246765136719,2102533,0.0,0.0
2017-08-30 00:00:00+05:30,370.7459682957225,370.9177948804074,367.3091456663912,368.59796142578125,2389197,0.0,0.0
2017-08-31 00:00:00+05:30,371.0036634345683,371.0036634345683,364.4307882256151,367.48095703125,7912495,0.0,0.0
2017-09-01 00:00:00+05:30,369.457140517227,369.84379396053447,361.89616007223367,363.05609130859375,1996184,0.0,0.0
2017-09-04 00:00:00+05:30,363.4427167037121,365.11818586930127,355.45214069443534,357.7720031738281,1409182,0.0,0.0
2017-09-05 00:00:00+05:30,355.7958646496664,356.4832292357139,341.87677542255386,349.26593017578125,7204076,0.0,0.0
2017-09-06 00:00:00+05:30,345.0128220477379,348.44964461821627,345.0128220477379,345.8290710449219,2064288,0.0,0.0
2017-09-07 00:00:00+05:30,345.91495926355765,350.08211723830925,339.42799713560953,341.3612060546875,2642421,0.0,0.0
2017-09-08 00:00:00+05:30,341.8767117334769,347.8481650054571,340.7597517626225,346.6882629394531,2013742,0.0,0.0
2017-09-11 00:00:00+05:30,349.69549347177093,350.0391757330531,342.39228178647807,346.2157287597656,1612161,0.0,0.0
2017-09-12 00:00:00+05:30,349.6954813566583,349.6954813566583,341.9626452924925,348.14892578125,2583110,0.0,0.0
2017-09-13 00:00:00+05:30,350.03916173429985,350.2969306933436,343.50922812464603,345.0987548828125,1877714,0.0,0.0
2017-09-14 00:00:00+05:30,349.26589574420916,349.26589574420916,341.10346390974433,342.7359619140625,1667328,0.0,0.0
2017-09-15 00:00:00+05:30,343.6810252651861,346.21568526037686,337.96734111950934,340.2442321777344,5339372,0.0,0.0
2017-09-18 00:00:00+05:30,342.82185662796064,344.755065594182,339.55688988981564,340.802734375,1309340,0.0,0.0
2017-09-19 00:00:00+05:30,342.8219063378628,342.8219063378628,335.6046073340122,339.2132568359375,1103781,0.0,0.0
2017-09-20 00:00:00+05:30,318.76420381474225,342.7359613426774,318.76420381474225,340.9745788574219,11779464,0.0,0.0
2017-09-21 00:00:00+05:30,336.8073788326335,345.74308658290073,334.8741701713854,343.76690673828125,6557075,0.0,0.0
2017-09-22 00:00:00+05:30,341.96262251826585,344.49728257530006,336.1630249499486,339.6857604980469,5273742,0.0,0.0
2017-09-25 00:00:00+05:30,341.01754645768204,341.01754645768204,332.8551147228049,334.8742370605469,3002284,0.0,0.0
2017-09-26 00:00:00+05:30,332.72618999153036,337.1510875786507,329.1175412978709,332.8121032714844,4203146,0.0,0.0
2017-09-27 00:00:00+05:30,333.3276641150154,335.0890173965009,330.1915818852677,331.6092529296875,2714173,0.0,0.0
2017-09-28 00:00:00+05:30,332.94103036042566,334.14393280801056,324.3490030196776,328.2583923339844,16167139,0.0,0.0
2017-09-29 00:00:00+05:30,328.1724348686913,336.67854852759854,325.7666882712003,334.616455078125,5337179,0.0,0.0
2017-10-03 00:00:00+05:30,336.8074766381605,337.58075450850055,329.07463974762953,330.4923400878906,1842563,0.0,0.0
2017-10-04 00:00:00+05:30,331.65226149469356,332.12479916704507,323.1461469889014,324.0483093261719,3138906,0.0,0.0
2017-10-05 00:00:00+05:30,323.7045641052903,327.05544382254755,320.6114242245891,324.52081298828125,3371352,0.0,0.0
2017-10-06 00:00:00+05:30,324.9504091553661,329.5471332530421,324.9504091553661,328.47314453125,1065853,0.0,0.0
2017-10-09 00:00:00+05:30,326.8406931831744,327.87173995867005,324.39197527484896,325.5948486328125,1192143,0.0,0.0
2017-10-10 00:00:00+05:30,326.0244426727214,332.98400110169666,322.20099574810826,330.4493408203125,1502210,0.0,0.0
2017-10-11 00:00:00+05:30,331.8240684110941,349.1799786693978,331.652241830166,346.7312316894531,7774168,0.0,0.0
2017-10-12 00:00:00+05:30,346.43053439458373,347.8052634708961,339.9865136695427,343.8958740234375,4023386,0.0,0.0
2017-10-13 00:00:00+05:30,369.4570994900833,375.4715236810869,361.5524376711273,370.2303771972656,45960026,0.0,0.0
2017-10-16 00:00:00+05:30,371.34740390406444,393.343011342416,371.34740390406444,389.4765930175781,21145098,0.0,0.0
2017-10-17 00:00:00+05:30,391.796463256673,403.2668048703502,391.0231563018402,400.34552001953125,18843801,0.0,0.0
2017-10-18 00:00:00+05:30,402.10683674597243,402.96605691932825,393.08521403389085,396.9086608886719,9015866,0.0,0.0
2017-10-19 00:00:00+05:30,399.52926337859884,410.5270671025252,398.240447571908,407.04730224609375,2646228,0.0,0.0
2017-10-23 00:00:00+05:30,408.1213142723986,430.80425846158107,408.1213142723986,427.3244934082031,29564820,0.0,0.0
2017-10-24 00:00:00+05:30,424.1453729290176,433.6395621089924,424.1453729290176,431.3626708984375,17646810,0.0,0.0
2017-10-25 00:00:00+05:30,432.092983888792,445.06693689532347,424.36014841687313,443.13372802734375,10080877,0.0,0.0
2017-10-26 00:00:00+05:30,439.5680716875265,446.2268896244906,431.7063513648963,439.310302734375,11031934,0.0,0.0
2017-10-27 00:00:00+05:30,439.56806576570307,439.65397905107574,414.994858693423,416.9710388183594,8904315,0.0,0.0
2017-10-30 00:00:00+05:30,421.4389134998876,427.6251942404592,417.615466503428,423.5010070800781,7211306,0.0,0.0
2017-10-31 00:00:00+05:30,421.00927510550247,432.52258611638473,418.1739039946362,427.1955261230469,12690735,0.0,0.0
2017-11-01 00:00:00+05:30,445.49660382516726,468.0077203103609,438.1933917813446,463.1961975097656,35708310,0.0,0.0
2017-11-02 00:00:00+05:30,468.22248699807824,471.31562729601967,455.8929260918768,466.7189025878906,10951971,0.0,0.0
2017-11-03 00:00:00+05:30,466.7188956670217,485.27764989877903,461.6495752027321,465.0434265136719,18131291,0.0,0.0
2017-11-06 00:00:00+05:30,463.88355674189063,467.92180164368136,452.9287242551075,457.56842041015625,8295950,0.0,0.0
2017-11-07 00:00:00+05:30,460.44672111064966,461.04817234707144,439.9976991015067,441.930908203125,7054590,0.0,0.0
2017-11-08 00:00:00+05:30,426.1645019452683,437.33416041122933,415.080814954677,425.5630798339844,50336608,0.0,0.0
2017-11-09 00:00:00+05:30,431.53454891062705,436.47495592530635,425.563095119277,433.2529602050781,10980638,0.0,0.0
2017-11-10 00:00:00+05:30,435.6157513183833,439.69696710607843,426.68004195785653,432.5655822753906,10487687,0.0,0.0
2017-11-13 00:00:00+05:30,432.1789791441172,435.4010042330699,426.7230337283824,427.8829650878906,7079805,0.0,0.0
2017-11-14 00:00:00+05:30,429.38656994513167,433.81146840555664,425.1335271720916,428.0118408203125,6449030,0.0,0.0
2017-11-15 00:00:00+05:30,427.882872907498,428.7420929897776,415.4244290096965,418.21685791015625,9690914,0.0,0.0
2017-11-16 00:00:00+05:30,420.1501230666565,425.2194145856833,413.4053623452649,420.92340087890625,10682218,0.0,0.0
2017-11-17 00:00:00+05:30,425.3053257527858,434.71360212421314,421.9114743595144,424.0165100097656,11712737,0.0,0.0
2017-11-20 00:00:00+05:30,424.57498046804824,426.7659584537018,420.1501114924277,423.28619384765625,5804375,0.0,0.0
2017-11-21 00:00:00+05:30,425.5630929362146,437.5489716498766,424.8757284219603,432.39373779296875,10087242,0.0,0.0
2017-11-22 00:00:00+05:30,433.46772908623075,436.0453313093089,425.6919512274132,428.8280334472656,3621523,0.0,0.0
2017-11-23 00:00:00+05:30,432.178925075434,435.6157475278703,424.01649357106913,426.4652404785156,5918577,0.0,0.0
2017-11-24 00:00:00+05:30,427.02369281646844,430.67531279883843,425.3052817016144,426.8518371582031,3900017,0.0,0.0
2017-11-27 00:00:00+05:30,426.07864034801804,429.4295499317567,421.8685395904603,427.8829650878906,3499938,0.0,0.0
2017-11-28 00:00:00+05:30,427.839953953017,427.839953953017,421.18113614962795,422.7276916503906,3346897,0.0,0.0
2017-11-29 00:00:00+05:30,422.72768111843,427.2384921279047,421.00926999730626,425.9496765136719,5898170,0.0,0.0
2017-11-30 00:00:00+05:30,423.02844203819984,429.0858383177561,421.6966841723726,426.5511779785156,14879534,0.0,0.0
2017-12-01 00:00:00+05:30,428.6562161993767,428.6562161993767,414.0068214015939,415.9830017089844,6127500,0.0,0.0
2017-12-04 00:00:00+05:30,416.7132981493766,422.7277231241729,414.5652913079182,416.1118469238281,3040197,0.0,0.0
2017-12-05 00:00:00+05:30,417.271735777105,422.6847089762568,409.7107559547869,421.5677490234375,4264268,0.0,0.0
2017-12-06 00:00:00+05:30,418.00213499502036,423.58693560863,411.5581141453108,415.3815612792969,8331495,0.0,0.0
2017-12-07 00:00:00+05:30,416.71325678548817,445.4965339665139,416.0258923369658,442.2315673828125,6949368,0.0,0.0
2017-12-08 00:00:00+05:30,442.6182691786776,456.10776158854316,442.57529798586273,451.2102966308594,14197096,0.0,0.0
2017-12-11 00:00:00+05:30,456.06476627025904,462.25101756238433,450.52290827489054,457.6972351074219,12378453,0.0,0.0
2017-12-12 00:00:00+05:30,458.0408964815669,458.7282609375474,447.25792112879867,450.0932922363281,3625294,0.0,0.0
2017-12-13 00:00:00+05:30,453.6589909003947,457.9550044024086,441.8019971260637,444.50848388671875,7920791,0.0,0.0
2017-12-14 00:00:00+05:30,444.9810279793366,451.0813656782221,439.0525168468838,447.0431213378906,3350247,0.0,0.0
2017-12-15 00:00:00+05:30,453.48712867699476,455.24848185506613,442.2745290813101,445.02398681640625,6986672,0.0,0.0
2017-12-18 00:00:00+05:30,433.9832652327402,456.92397592236836,425.3912378855069,452.1553955078125,10462828,0.0,0.0
2017-12-19 00:00:00+05:30,452.5850139895533,464.1412679213024,446.9572134607406,461.04815673828125,6870721,0.0,0.0
2017-12-20 00:00:00+05:30,463.9694733693621,464.69978002382527,452.3272762505433,454.43231201171875,7494558,0.0,0.0
2017-12-21 00:00:00+05:30,454.088611786796,456.88104108451887,448.5038113784768,450.3081359863281,5651594,0.0,0.0
2017-12-22 00:00:00+05:30,452.71389019525503,463.067270599182,449.74963445441256,454.1315612792969,9484716,0.0,0.0
2017-12-26 00:00:00+05:30,456.23659322792156,469.4683159791728,451.29618642818645,466.50408935546875,6436620,0.0,0.0
2017-12-27 00:00:00+05:30,467.8358538293432,470.4134561489459,455.8929175019368,459.3727111816406,6700159,0.0,0.0
2017-12-28 00:00:00+05:30,459.2438096974524,461.8643831112167,455.4633051000683,456.5373229980469,8699172,0.0,0.0
2017-12-29 00:00:00+05:30,456.92401855926187,462.6377329888591,448.5038461019153,455.0767517089844,7502053,0.0,0.0
2018-01-01 00:00:00+05:30,456.2366052400809,462.33694341041485,451.42508279183596,453.5730895996094,4807939,0.0,0.0
2018-01-02 00:00:00+05:30,457.86904576394545,457.86904576394545,439.78283129373614,443.8210754394531,5242199,0.0,0.0
2018-01-03 00:00:00+05:30,446.0550504589786,451.51099530567205,442.27457477619,445.23883056640625,6333269,0.0,0.0
2018-01-04 00:00:00+05:30,445.92624330722253,452.97168660309615,442.05982482293115,449.363037109375,5953924,0.0,0.0
2018-01-05 00:00:00+05:30,451.08138109559985,466.1174281019052,445.5395231885475,463.96942138671875,8008838,0.0,0.0
2018-01-08 00:00:00+05:30,458.9430790833267,458.9430790833267,441.801996297973,443.6492919921875,12287843,0.0,0.0
2018-01-09 00:00:00+05:30,445.06701916227865,447.6875929607563,433.63961950044666,438.0215759277344,7541257,0.0,0.0
2018-01-10 00:00:00+05:30,442.48940466011834,444.6374116200877,433.29592556150897,435.1002502441406,6667296,0.0,0.0
2018-01-11 00:00:00+05:30,436.4749697752523,443.9500373231365,432.35081163126745,442.27459716796875,5905519,0.0,0.0
2018-01-12 00:00:00+05:30,443.3485288441384,444.5084599916547,433.4677157767979,437.8066711425781,4847824,0.0,0.0
2018-01-15 00:00:00+05:30,438.02152541861136,439.86879203909785,431.7063604942203,433.4677429199219,2834570,0.0,0.0
2018-01-16 00:00:00+05:30,436.47497705945693,441.3294710178594,422.2122062652528,427.2385559082031,6420450,0.0,0.0
2018-01-17 00:00:00+05:30,425.3053111276619,432.35078263924623,422.2551420978456,429.5154113769531,6824337,0.0,0.0
2018-01-18 00:00:00+05:30,430.4605640732961,437.16235409069884,423.5869474600045,425.30535888671875,7912892,0.0,0.0
2018-01-19 00:00:00+05:30,415.85414932651025,429.8161806686076,415.42452463969204,427.79705810546875,9966300,0.0,0.0
2018-01-22 00:00:00+05:30,425.8208502640265,428.31253945694664,419.2909162044993,421.61077880859375,4532165,0.0,0.0
2018-01-23 00:00:00+05:30,424.44612712301637,428.5702850591006,419.9782578408991,422.8136291503906,6150836,0.0,0.0
2018-01-24 00:00:00+05:30,418.3457804670539,418.4316937550364,391.06608587512727,394.8036193847656,29348889,0.0,0.0
2018-01-25 00:00:00+05:30,398.2404222325107,398.2404222325107,381.8726167248859,388.9610595703125,20580178,0.0,0.0
2018-01-29 00:00:00+05:30,381.4860125471772,383.5480770847351,373.7961471713202,378.5647277832031,27139736,0.0,0.0
2018-01-30 00:00:00+05:30,381.02069091796875,390.10084255111843,378.1236748204679,381.02069091796875,10679523,2.559571,0.0
2018-01-31 00:00:00+05:30,382.66373310200845,385.6904696959026,377.3885836890906,380.3720703125,7069368,0.0,0.0
2018-02-01 00:00:00+05:30,380.54503114659155,386.55522492735264,371.94048341412343,379.1181335449219,8096718,0.0,0.0
2018-02-02 00:00:00+05:30,378.5993104426909,380.93419404620437,359.57421254974867,365.2384948730469,6668088,0.0,0.0
2018-02-05 00:00:00+05:30,361.26051477077124,386.3390563758749,355.5962325648182,380.6747741699219,15080352,0.0,0.0
2018-02-06 00:00:00+05:30,363.20626105244224,387.20381659275733,361.9523339882594,379.7667541503906,9331070,0.0,0.0
2018-02-07 00:00:00+05:30,384.78246218490335,388.63071403565004,369.34617552826677,372.0702209472656,10982569,0.0,0.0
2018-02-08 00:00:00+05:30,375.31312108052697,377.04268057131986,367.5301180131127,371.6810607910156,6173490,0.0,0.0
2018-02-09 00:00:00+05:30,366.66537158482083,375.2698902266103,362.9468111696359,365.3681945800781,5393964,0.0,0.0
2018-02-12 00:00:00+05:30,371.6810878275803,372.7188235975423,364.3737167488749,367.01129150390625,3987231,0.0,0.0
2018-02-14 00:00:00+05:30,368.6543532734651,379.2046523535608,368.6543532734651,376.0049743652344,10468199,0.0,0.0
2018-02-15 00:00:00+05:30,379.8964139126389,379.8964139126389,369.0002331363348,370.94598388671875,4583095,0.0,0.0
2018-02-16 00:00:00+05:30,376.1346496022402,376.1346496022402,361.82257104282417,362.94677734375,4403814,0.0,0.0
2018-02-19 00:00:00+05:30,363.076549089138,363.20626972402084,348.6780271341069,358.3202819824219,6457099,0.0,0.0
2018-02-20 00:00:00+05:30,358.9688175308017,365.1087317106781,358.9688175308017,361.56317138671875,8022411,0.0,0.0
2018-02-21 00:00:00+05:30,363.2062569198864,365.3681990996614,360.91459410980167,362.9035949707031,4731875,0.0,0.0
2018-02-22 00:00:00+05:30,362.1685015361991,362.55766340604237,357.45548482339626,359.8336181640625,10769504,0.0,0.0
2018-02-23 00:00:00+05:30,362.341515893687,370.29746130255865,360.69842684340836,368.00579833984375,7504250,0.0,0.0
2018-02-26 00:00:00+05:30,371.8540521205197,371.8540521205197,363.94135664890416,365.9303283691406,4071745,0.0,0.0
2018-02-27 00:00:00+05:30,368.22196437993665,374.1456876975602,366.92478736175343,372.2864074707031,5188255,0.0,0.0
2018-02-28 00:00:00+05:30,371.8540247030095,374.8807613164616,368.3084348519335,370.60009765625,25920217,0.0,0.0
2018-03-01 00:00:00+05:30,371.03247054758117,377.56154687088116,368.1787046093839,369.90826416015625,5837005,0.0,0.0
2018-03-05 00:00:00+05:30,369.2164722926353,369.3461929304581,361.1308063150434,364.460205078125,3863655,0.0,0.0
2018-03-06 00:00:00+05:30,366.40595083107445,369.8218202096592,355.0773861994697,357.93115234375,4204736,0.0,0.0
2018-03-07 00:00:00+05:30,355.12061657577846,360.0066044913709,338.3439604699606,348.67803955078125,12064643,0.0,0.0
2018-03-08 00:00:00+05:30,355.85568237235935,358.10409531993537,341.58685158522167,347.0349426269531,8664079,0.0,0.0
2018-03-09 00:00:00+05:30,350.1481224100338,353.26132959476814,343.79201669655447,347.7699890136719,5093353,0.0,0.0
2018-03-12 00:00:00+05:30,350.2346103240365,367.09776549487816,349.36984514904356,364.5466613769531,8387164,0.0,0.0
2018-03-13 00:00:00+05:30,365.80056152988345,371.681063846928,363.33595753668214,368.6543273925781,5712773,0.0,0.0
2018-03-14 00:00:00+05:30,368.30841675136213,368.30841675136213,361.95231117071745,365.45465087890625,4194515,0.0,0.0
2018-03-15 00:00:00+05:30,365.45467946445524,366.9247978431593,360.828133032855,363.5954284667969,3636202,0.0,0.0
2018-03-16 00:00:00+05:30,359.09854448471197,369.0434896882922,357.7148968791035,360.3957214355469,8030364,0.0,0.0
2018-03-19 00:00:00+05:30,361.4767027705349,364.5899100979882,343.0569586349666,345.6080627441406,6000592,0.0,0.0
2018-03-20 00:00:00+05:30,345.04591485630976,348.9374161912562,339.5978247003071,346.256591796875,8280683,0.0,0.0
2018-03-21 00:00:00+05:30,348.5050348764933,363.33596778722205,347.81324033727867,361.649658203125,9266412,0.0,0.0
2018-03-22 00:00:00+05:30,358.0176278754131,363.42246899278416,356.37453884060415,359.4012756347656,5382163,0.0,0.0
2018-03-23 00:00:00+05:30,356.8501521286009,362.29824292482124,350.40757553996946,356.8934020996094,5696201,0.0,0.0
2018-03-26 00:00:00+05:30,356.2880918486387,365.8006269027509,351.61829499170966,364.50347900390625,4884776,0.0,0.0
2018-03-27 00:00:00+05:30,364.9358390937212,365.2817510351744,353.00192103705336,357.3258056640625,6746611,0.0,0.0
2018-03-28 00:00:00+05:30,355.42329962939715,357.19608000297205,341.9327633847333,344.7865295410156,11413279,0.0,0.0
2018-04-02 00:00:00+05:30,345.4783096288303,347.4240603652538,337.6953066831363,341.67327880859375,5533293,0.0,0.0
2018-04-03 00:00:00+05:30,338.34391970229564,349.36982134372363,338.34391970229564,347.813232421875,5059176,0.0,0.0
2018-04-04 00:00:00+05:30,349.3698502817568,350.06167414483895,339.8140661155339,341.6300964355469,4025117,0.0,0.0
2018-04-05 00:00:00+05:30,344.2676500155756,346.6890041046808,338.2574269155282,340.6355895996094,9747139,0.0,0.0
2018-04-06 00:00:00+05:30,340.89504027122547,342.88404130126855,331.29603491741756,332.8958740234375,9425575,0.0,0.0
2018-04-09 00:00:00+05:30,331.1230466999566,334.4091954041042,325.71820571936036,328.8746337890625,13296149,0.0,0.0
2018-04-10 00:00:00+05:30,329.5231713761574,334.40915856300387,323.85888975069133,333.4146728515625,13281396,0.0,0.0
2018-04-11 00:00:00+05:30,335.5333696772651,337.9547529626125,331.5121768066948,333.198486328125,7693575,0.0,0.0
2018-04-12 00:00:00+05:30,332.0743263379399,333.37147417444095,327.9233829835888,328.7881774902344,4967973,0.0,0.0
2018-04-13 00:00:00+05:30,331.16629830960494,333.9768144621187,324.9831334917643,326.7991638183594,7738347,0.0,0.0
2018-04-16 00:00:00+05:30,326.02086263774703,328.87462870449593,323.8589204224712,325.71820068359375,4140008,0.0,0.0
2018-04-17 00:00:00+05:30,326.0208058121833,331.59861634102646,323.5562020723357,330.387939453125,6356203,0.0,0.0
2018-04-18 00:00:00+05:30,331.81483379576565,338.8627629886532,330.6473774974254,332.29046630859375,6360948,0.0,0.0
2018-04-19 00:00:00+05:30,336.18202433530087,343.57586666476385,333.3282580605685,341.8895568847656,3848720,0.0,0.0
2018-04-20 00:00:00+05:30,340.33291808197134,349.11040768954143,338.5168877688403,347.6402893066406,7492919,0.0,0.0
2018-04-23 00:00:00+05:30,347.20784894520955,351.53173271251455,343.18662708563204,348.37530517578125,4195101,0.0,0.0
2018-04-24 00:00:00+05:30,347.5538012037765,353.3478037826462,342.97047567880344,351.3155822753906,6982218,0.0,0.0
2018-04-25 00:00:00+05:30,358.4067719082958,369.6056456948037,356.2880795108295,363.0765686035156,22192116,0.0,0.0
2018-04-26 00:00:00+05:30,363.20626137494315,363.20626137494315,350.62377003288697,353.8666687011719,13874130,0.0,0.0
2018-04-27 00:00:00+05:30,351.31556650708654,356.0718331338628,346.7754911558631,353.4775085449219,5013031,0.0,0.0
2018-04-30 00:00:00+05:30,351.96414997474216,357.36901985853433,349.542766626994,354.1693420410156,3633132,0.0,0.0
2018-05-02 00:00:00+05:30,357.0663611431166,357.0663611431166,351.0994168101534,353.2181091308594,6754394,0.0,0.0
2018-05-03 00:00:00+05:30,351.3587883156792,352.8289065635208,345.0459327718254,349.7157287597656,4124205,0.0,0.0
2018-05-04 00:00:00+05:30,355.29357888472765,361.77940573206564,340.722086144103,343.1002197265625,15994662,0.0,0.0
2018-05-07 00:00:00+05:30,347.20788534345223,349.84545998882356,342.01920670936727,344.3973693847656,6553080,0.0,0.0
2018-05-08 00:00:00+05:30,347.1646536682967,348.4618307157516,343.1434604575754,346.90521240234375,3955811,0.0,0.0
2018-05-09 00:00:00+05:30,348.6780233479519,354.12611426001104,343.4893444205313,348.0294494628906,9019801,0.0,0.0
2018-05-10 00:00:00+05:30,350.1048466070905,357.7581287367355,349.2833315048676,356.3744812011719,9023511,0.0,0.0
2018-05-11 00:00:00+05:30,346.04044974355276,348.24564195557923,329.9123682469291,334.3227233886719,25555353,0.0,0.0
2018-05-14 00:00:00+05:30,333.803897598658,340.72210747922315,327.14509972496637,331.3392639160156,9823967,0.0,0.0
2018-05-15 00:00:00+05:30,331.2095288622106,335.66313414869256,327.1883354663309,330.301513671875,7078344,0.0,0.0
2018-05-16 00:00:00+05:30,331.16629144518515,331.16629144518515,323.4265377313528,324.593994140625,6766242,0.0,0.0
2018-05-17 00:00:00+05:30,326.2370451740763,327.70716349841763,316.03268756222235,317.8919677734375,9999816,0.0,0.0
2018-05-18 00:00:00+05:30,318.28109357952314,318.28109357952314,307.03900045844586,312.4870910644531,12433574,0.0,0.0
2018-05-21 00:00:00+05:30,312.48709749066506,319.3188358734162,307.1687274014741,311.31964111328125,5482372,0.0,0.0
2018-05-22 00:00:00+05:30,308.6820807791096,320.918689761332,304.055534306947,312.91949462890625,7236788,0.0,0.0
2018-05-23 00:00:00+05:30,312.87628332362465,316.33537346782515,306.3472063869505,308.5523986816406,6604278,0.0,0.0
2018-05-24 00:00:00+05:30,310.4549107250919,323.3400944425063,308.6388802824056,321.61053466796875,4997302,0.0,0.0
2018-05-25 00:00:00+05:30,321.95640705861024,328.6151747694133,317.37308153989505,325.97760009765625,4145304,0.0,0.0
2018-05-28 00:00:00+05:30,326.5397434479188,329.30703908739423,320.65926949634587,324.4210510253906,6609989,0.0,0.0
2018-05-29 00:00:00+05:30,325.11283168181427,330.0852897504309,321.04838871380787,327.880126953125,3858054,0.0,0.0
2018-05-30 00:00:00+05:30,327.66394849891486,327.66394849891486,322.5617403220989,324.9831237792969,3737750,0.0,0.0
2018-05-31 00:00:00+05:30,325.2425389451377,331.38245311436464,321.04837552332015,323.0805969238281,11979616,0.0,0.0
2018-06-01 00:00:00+05:30,323.9021849768008,333.7173814071443,322.17262527024985,331.81488037109375,4548210,0.0,0.0
2018-06-04 00:00:00+05:30,332.07430816816884,334.4524416872771,320.05391993961285,321.9564208984375,3958335,0.0,0.0
2018-06-05 00:00:00+05:30,321.17812268440616,321.9131672199453,309.200955283228,315.0382080078125,5535807,0.0,0.0
2018-06-06 00:00:00+05:30,313.1356711106709,330.25826702470613,313.1356711106709,328.39898681640625,5566018,0.0,0.0
2018-06-07 00:00:00+05:30,328.3557386625697,334.0200201897633,324.29126667003965,328.5719299316406,4036551,0.0,0.0
2018-06-08 00:00:00+05:30,328.182769436053,331.5986383531998,321.91313476013124,326.4964599609375,4298662,0.0,0.0
2018-06-11 00:00:00+05:30,326.66943574333936,338.819573804592,326.66943574333936,336.2252197265625,6040503,0.0,0.0
2018-06-12 00:00:00+05:30,337.2196899577391,340.20314697070967,328.22601038848774,329.17724609375,6132581,0.0,0.0
2018-06-13 00:00:00+05:30,323.42658598520273,331.1230908757511,322.8212327044659,324.85345458984375,7432828,0.0,0.0
2018-06-14 00:00:00+05:30,322.9941457335468,332.0742969137328,322.9941457335468,325.5884704589844,5218952,0.0,0.0
2018-06-15 00:00:00+05:30,327.4910003137384,328.8313981241447,320.1404080612591,327.10186767578125,6339567,0.0,0.0
2018-06-18 00:00:00+05:30,326.8423907468576,329.39346544933454,318.2810929755319,320.7456970214844,3120256,0.0,0.0
2018-06-19 00:00:00+05:30,320.83218564617476,325.0695697718357,319.2755674720862,321.005126953125,3962117,0.0,0.0
2018-06-20 00:00:00+05:30,322.12938795917387,325.588507508249,320.3566074917181,321.61053466796875,2785850,0.0,0.0
2018-06-21 00:00:00+05:30,324.2480706687274,324.2912913564478,314.6057870661599,318.84320068359375,4261882,0.0,0.0
2018-06-22 00:00:00+05:30,320.78895340661074,325.5884702508724,316.767731051252,323.90216064453125,3404583,0.0,0.0
2018-06-25 00:00:00+05:30,321.69696371909725,326.8423924018299,321.52402240517256,323.5562438964844,3337617,0.0,0.0
2018-06-26 00:00:00+05:30,323.42655696535326,330.9933405252108,322.73473307296143,328.7881774902344,4792013,0.0,0.0
2018-06-27 00:00:00+05:30,329.69622227111006,329.9556342922994,322.6482913570063,324.85345458984375,3786049,0.0,0.0
2018-06-28 00:00:00+05:30,323.16709667472105,329.8258939267089,318.7134916103,326.8424072265625,6498784,0.0,0.0
2018-06-29 00:00:00+05:30,324.5507605605201,331.4689701401097,324.5507605605201,330.301513671875,3820380,0.0,0.0
2018-07-02 00:00:00+05:30,329.5664406385778,329.82588189407596,316.1191552750111,318.2810974121094,4872211,0.0,0.0
2018-07-03 00:00:00+05:30,323.9453972379008,323.9453972379008,316.5948052792345,320.61602783203125,3092637,0.0,0.0
2018-07-04 00:00:00+05:30,320.7024807312451,321.61049584297217,313.65455112285775,317.718994140625,4355428,0.0,0.0
2018-07-05 00:00:00+05:30,315.6435660557068,317.156934544076,311.0170192033139,314.2599182128906,7104382,0.0,0.0
2018-07-06 00:00:00+05:30,313.0492200762463,315.98945690463216,311.23318972446026,313.2654113769531,8008826,0.0,0.0
2018-07-09 00:00:00+05:30,316.5083606074586,316.8542725681723,312.703329039608,313.1357116699219,5248262,0.0,0.0
2018-07-10 00:00:00+05:30,313.481585290356,319.79447048070705,313.481585290356,318.0649108886719,1879352,0.0,0.0
2018-07-11 00:00:00+05:30,319.01619854747736,319.01619854747736,312.09795969004017,313.0492248535156,2085140,0.0,0.0
2018-07-12 00:00:00+05:30,315.6434979295981,315.6434979295981,311.62230519691934,313.17889404296875,2299214,0.0,0.0
2018-07-13 00:00:00+05:30,314.77878625317777,315.5138308342713,309.0280038324327,310.4116516113281,5311215,0.0,0.0
2018-07-16 00:00:00+05:30,307.8605222530223,311.1034205398812,298.17501879414954,300.4234313964844,3618410,0.0,0.0
2018-07-17 00:00:00+05:30,300.0775610180609,303.2772390634726,294.02411685869583,296.22930908203125,5420158,0.0,0.0
2018-07-18 00:00:00+05:30,297.5696917639869,298.4344861899869,286.24112782654987,291.2568359375,5322210,0.0,0.0
2018-07-19 00:00:00+05:30,293.15934241757583,300.50993412615406,291.94866533684217,298.3479919433594,5027938,0.0,0.0
2018-07-20 00:00:00+05:30,296.61846641693506,300.68290958723225,294.3268035666114,298.69390869140625,4212334,0.0,0.0
2018-07-23 00:00:00+05:30,298.78042469490055,311.3196668059393,298.3480128022622,310.4116516113281,4145242,0.0,0.0
2018-07-24 00:00:00+05:30,312.5303713809735,316.8974767143444,307.2119716024228,308.5523986816406,4350541,0.0,0.0
2018-07-25 00:00:00+05:30,307.0822722070454,307.68759612910515,297.0508554150785,304.660888671875,5175174,0.0,0.0
2018-07-26 00:00:00+05:30,305.3094422206772,311.3196360443627,304.7040890566478,309.28741455078125,3816677,0.0,0.0
2018-07-27 00:00:00+05:30,311.2331816129265,323.3400698308373,304.09878102860944,315.3841247558594,9016962,0.0,0.0
2018-07-30 00:00:00+05:30,310.4548727393781,336.31170767864205,307.2551948685584,331.42572021484375,7476176,0.0,0.0
2018-07-31 00:00:00+05:30,330.3447382698838,339.46813944617054,327.4909722791422,337.7818298339844,8096298,0.0,0.0
2018-08-01 00:00:00+05:30,337.2629502818732,345.04595383089344,330.90684438191767,332.5066833496094,9444961,0.0,0.0
2018-08-02 00:00:00+05:30,333.7252688871067,334.9003656456739,321.3650748347675,324.6727294921875,6186750,2.253143,0.0
2018-08-03 00:00:00+05:30,326.23953271564375,328.06744789444576,322.4095997594202,325.9783935546875,3647704,0.0,0.0
2018-08-06 00:00:00+05:30,326.28306167556224,337.4681892363975,326.1525215588616,335.7708435058594,4039536,0.0,0.0
2018-08-07 00:00:00+05:30,335.7708350458533,336.6847926834189,330.1129866126651,332.4196472167969,2430919,0.0,0.0
2018-08-08 00:00:00+05:30,330.8528353182262,337.64224741348374,325.02091386266744,335.3791198730469,3321970,0.0,0.0
2018-08-09 00:00:00+05:30,336.2495958144086,336.2495958144086,317.27408904521855,319.49371337890625,12249927,0.0,0.0
2018-08-10 00:00:00+05:30,320.49465668829305,326.2395415410659,317.79631686523595,321.8873596191406,4489796,0.0,0.0
2018-08-13 00:00:00+05:30,321.10398580986856,327.0664770754059,315.9683861564394,322.1920166015625,4235777,0.0,0.0
2018-08-14 00:00:00+05:30,322.1920379403224,324.41166216591085,316.8388612479619,319.4501647949219,3215464,0.0,0.0
2018-08-16 00:00:00+05:30,319.0584165177011,325.5431857694378,317.8833492250453,323.80230712890625,3012465,0.0,0.0
2018-08-17 00:00:00+05:30,323.8458416910791,326.4136119083979,318.71027178249494,323.2800598144531,3362891,0.0,0.0
2018-08-20 00:00:00+05:30,324.1504701278251,325.412603408404,319.71125187425474,322.5401611328125,2837782,0.0,0.0
2018-08-21 00:00:00+05:30,316.8388744861592,322.4096575840297,316.05548633673465,320.5382385253906,3451323,0.0,0.0
2018-08-23 00:00:00+05:30,324.06345014542234,327.9368867454298,320.4076196938246,321.9743957519531,4746745,0.0,0.0
2018-08-24 00:00:00+05:30,322.0614797200792,322.7578312870635,317.7092971634031,321.14752197265625,2318341,0.0,0.0
2018-08-27 00:00:00+05:30,322.0614609290321,334.0734805477288,319.7983332053536,330.0259704589844,6589318,0.0,0.0
2018-08-28 00:00:00+05:30,332.81133626265813,335.72731186864326,326.7618083639736,327.9804382324219,4072000,0.0,0.0
2018-08-29 00:00:00+05:30,329.02493911792317,332.89840544652304,324.4551507530033,326.32659912109375,4481303,0.0,0.0
2018-08-30 00:00:00+05:30,328.4156689334719,335.1180156892397,326.9794328239824,333.4642028808594,7796683,0.0,0.0
2018-08-31 00:00:00+05:30,330.63524685838155,335.9884527544553,327.28408838802955,334.11700439453125,8709625,0.0,0.0
2018-09-03 00:00:00+05:30,336.85886170971486,337.07646786134393,331.15750979955914,334.0734558105469,4176986,0.0,0.0
2018-09-04 00:00:00+05:30,332.767814148706,333.7688083266947,327.022929300685,329.32958984375,3202349,0.0,0.0
2018-09-05 00:00:00+05:30,326.4136260413882,328.8943892761103,318.79732214967095,323.8458557128906,6639329,0.0,0.0
2018-09-06 00:00:00+05:30,325.4996525010424,326.1525004119575,320.40761563958273,324.0634460449219,2611929,0.0,0.0
2018-09-07 00:00:00+05:30,325.456206382304,340.60177953084894,321.0169577005712,339.1220397949219,5463110,0.0,0.0
2018-09-10 00:00:00+05:30,338.86087110832403,345.998429335827,332.680774029296,338.07745361328125,5613805,0.0,0.0
2018-09-11 00:00:00+05:30,338.16453790284515,341.55922933546833,328.54621603646495,329.6342468261719,5815679,0.0,0.0
2018-09-12 00:00:00+05:30,331.54917137487973,332.6372315488591,323.6282253515858,327.8933410644531,4065958,0.0,0.0
2018-09-14 00:00:00+05:30,329.02495328079857,337.9034206819226,324.6727708912544,333.8994140625,3596796,0.0,0.0
2018-09-17 00:00:00+05:30,330.8963593512599,340.34060748505453,328.24152312833417,332.5502014160156,3424364,0.0,0.0
2018-09-18 00:00:00+05:30,330.93992266391047,334.94392913706315,324.2810797248084,325.2820739746094,2955053,0.0,0.0
2018-09-19 00:00:00+05:30,325.97838636617337,331.1139560660362,313.6181926727574,322.1049499511719,2182182,0.0,0.0
2018-09-21 00:00:00+05:30,317.6222123123063,330.6352249788878,310.9633698862808,322.49664306640625,6106651,0.0,0.0
2018-09-24 00:00:00+05:30,322.4096337454676,324.58572487695017,305.08797073906754,310.0494384765625,7884016,0.0,0.0
2018-09-25 00:00:00+05:30,312.66073354217554,316.53419982081994,299.4301139656022,313.79229736328125,6854558,0.0,0.0
2018-09-26 00:00:00+05:30,315.96841768725295,317.7092966016354,310.87638002087914,314.4886779785156,4398347,0.0,0.0
2018-09-27 00:00:00+05:30,314.66275937589705,316.36010515016443,308.70026791765974,310.57171630859375,4483893,0.0,0.0
2018-09-28 00:00:00+05:30,310.57173563135416,312.48668769013517,291.726769377376,294.6862487792969,12408231,0.0,0.0
2018-10-01 00:00:00+05:30,295.0779182967002,295.94834289644615,280.01935461388865,284.4150695800781,10867591,0.0,0.0
2018-10-03 00:00:00+05:30,283.76223525944,284.89379896540004,275.36251455111136,277.1904296875,7389608,0.0,0.0
2018-10-04 00:00:00+05:30,274.49213588448293,276.3200513264281,263.0023648357132,269.9658508300781,8969681,0.0,0.0
2018-10-05 00:00:00+05:30,268.52961999059784,274.97085648143866,254.0803709066919,259.91229248046875,7954131,0.0,0.0
2018-10-08 00:00:00+05:30,260.08640158083665,260.08640158083665,253.29698917847202,256.95281982421875,10015308,0.0,0.0
2018-10-09 00:00:00+05:30,257.86674224831586,258.4325240817035,249.81519753401813,251.5560760498047,9499251,0.0,0.0
2018-10-10 00:00:00+05:30,251.55608096540993,264.43855276002,247.37800191982342,256.8657531738281,11334821,0.0,0.0
2018-10-11 00:00:00+05:30,251.5125806433503,256.6046473792097,245.6806735858391,248.3790283203125,5194191,0.0,0.0
2018-10-12 00:00:00+05:30,250.6856799957658,254.68968629978207,247.76970446645356,252.47006225585938,9995231,0.0,0.0
2018-10-15 00:00:00+05:30,252.47006031104593,255.03786007788327,247.2474536848022,253.38401794433594,2892892,0.0,0.0
2018-10-16 00:00:00+05:30,254.51559166333337,257.5621368758227,251.7302151084798,255.90829467773438,3341220,0.0,0.0
2018-10-17 00:00:00+05:30,258.08436516919073,259.694674216815,247.76969245028295,251.12088012695312,4302545,0.0,0.0
2018-10-19 00:00:00+05:30,249.81524630121504,255.2119560166895,247.72619167446044,250.07638549804688,4139025,0.0,0.0
2018-10-22 00:00:00+05:30,251.94782172729845,252.4265375996623,240.98031494294253,248.72720336914062,7247010,0.0,0.0
2018-10-23 00:00:00+05:30,246.3770242638263,252.94881583170766,246.33349124184008,248.85777282714844,7364748,0.0,0.0
2018-10-24 00:00:00+05:30,252.42651376810812,286.15593730035545,249.5105678914151,274.92730712890625,13531404,0.0,0.0
2018-10-25 00:00:00+05:30,267.2239433655678,270.18342232273983,254.29796733189045,257.2574462890625,16981629,0.0,0.0
2018-10-26 00:00:00+05:30,258.6066425479181,266.3535459332496,249.81524134388633,259.3465270996094,8719999,0.0,0.0
2018-10-29 00:00:00+05:30,260.34752850434876,264.22096556619914,252.42655175679337,255.99534606933594,6271130,0.0,0.0
2018-10-30 00:00:00+05:30,256.29997575014835,258.693672744688,251.86072800309023,254.68966674804688,5334354,0.0,0.0
2018-10-31 00:00:00+05:30,254.95077697800804,256.77869212227756,242.7646858408596,254.47206115722656,8163543,0.0,0.0
2018-11-01 00:00:00+05:30,255.03788640343018,259.39006886585713,250.11992198932472,255.4730987548828,5268238,0.0,0.0
2018-11-02 00:00:00+05:30,255.82128821353402,267.92034549558156,255.47311241895952,262.91534423828125,4910534,0.0,0.0
2018-11-05 00:00:00+05:30,264.0123768853886,268.0497994314569,261.5548360103407,266.1188659667969,4841471,2.253143,0.0
2018-11-06 00:00:00+05:30,266.82109031133797,270.2880099095723,265.8556084971691,267.74267578125,2943744,0.0,0.0
2018-11-07 00:00:00+05:30,271.2095730543003,271.2095730543003,266.7771720067595,268.7958984375,307017,0.0,0.0
2018-11-09 00:00:00+05:30,254.3577370797792,266.2944815072663,253.39225527022455,263.0908508300781,9425801,0.0,0.0
2018-11-12 00:00:00+05:30,264.18798510518764,267.6987712199801,258.0440722543831,259.9750061035156,6792319,0.0,0.0
2018-11-13 00:00:00+05:30,259.7994821082533,266.8210841101104,254.79657693646047,261.159912109375,4317488,0.0,0.0
2018-11-14 00:00:00+05:30,263.31022616535995,273.66711643973355,261.5548482354018,264.4512634277344,5418605,0.0,0.0
2018-11-15 00:00:00+05:30,264.451320026079,269.19087711525015,261.5549042138503,267.17218017578125,4493893,0.0,0.0
2018-11-16 00:00:00+05:30,265.8555926262023,295.609674232743,265.06566651628236,292.0549621582031,25046229,0.0,0.0
2018-11-19 00:00:00+05:30,289.11470306359394,297.4528688048312,279.9866111493858,295.653564453125,13062401,0.0,0.0
2018-11-20 00:00:00+05:30,292.362162046935,297.9355705907956,288.14918338450855,291.3528137207031,11910774,0.0,0.0
2018-11-21 00:00:00+05:30,290.51898871457377,297.9355679269512,289.77292927146516,292.0110778808594,9406787,0.0,0.0
2018-11-22 00:00:00+05:30,291.30892419800443,298.24276278555203,282.09307030820895,287.7542419433594,9903933,0.0,0.0
2018-11-26 00:00:00+05:30,287.9297887876212,297.45285831236214,287.9297887876212,293.6348571777344,6623860,0.0,0.0
2018-11-27 00:00:00+05:30,293.0643180382709,294.8196960517087,284.4628350047286,288.01751708984375,7734474,0.0,0.0
2018-11-28 00:00:00+05:30,291.39666847912616,292.0988315609497,272.9649618810849,275.6858215332031,10180878,0.0,0.0
2018-11-29 00:00:00+05:30,281.7419675047328,282.61965648714295,273.84264778332033,278.4067077636719,9217365,0.0,0.0
2018-11-30 00:00:00+05:30,279.9865900876279,284.6384135251147,272.70166969833235,275.15924072265625,6595578,0.0,0.0
2018-12-03 00:00:00+05:30,277.79234762010054,281.74200804918786,276.0369396827357,280.6448669433594,3368628,0.0,0.0
2018-12-04 00:00:00+05:30,281.7419688207912,283.93622100699656,272.30666361615704,279.5915832519531,7156660,0.0,0.0
2018-12-05 00:00:00+05:30,280.6009798340495,281.61032817936933,272.26281503026166,274.5448303222656,5027352,0.0,0.0
2018-12-06 00:00:00+05:30,272.9649881364,272.9649881364,265.0656675660492,266.8210754394531,6566491,0.0,0.0
2018-12-07 00:00:00+05:30,267.6987459993301,270.1563168521041,262.38865612454333,266.77716064453125,5298884,0.0,0.0
2018-12-10 00:00:00+05:30,261.94984078804134,264.75849350399153,255.27932030759436,258.8778991699219,5748768,0.0,0.0
2018-12-11 00:00:00+05:30,252.7778555320999,258.3951306435042,247.51163225272248,254.752685546875,9994368,0.0,0.0
2018-12-12 00:00:00+05:30,258.04404908930195,272.96497046751085,255.84979681956332,268.1814880371094,10299827,0.0,0.0
2018-12-13 00:00:00+05:30,270.7707450079858,274.58874611856413,264.6707284437104,266.0311584472656,7666679,0.0,0.0
2018-12-14 00:00:00+05:30,267.87433162645016,292.6255094007708,267.87433162645016,280.2060241699219,22730782,0.0,0.0
2018-12-17 00:00:00+05:30,280.20598821704436,283.6729073255634,274.54481688439853,276.65130615234375,6809035,0.0,0.0
2018-12-18 00:00:00+05:30,275.7736153871408,281.47868363619125,273.49159997549424,278.933349609375,6272518,0.0,0.0
2018-12-19 00:00:00+05:30,280.4254476125036,284.3751080830885,279.1527805595345,283.2341003417969,5789644,0.0,0.0
2018-12-20 00:00:00+05:30,278.23112976298006,282.22468563966163,275.5980333075437,277.836181640625,5987582,0.0,0.0
2018-12-21 00:00:00+05:30,280.86425933077635,285.03334159336595,268.2253829666561,270.24407958984375,12363968,0.0,0.0
2018-12-24 00:00:00+05:30,271.9117329256513,274.105985252798,267.04048740979783,271.2973327636719,5225655,0.0,0.0
2018-12-26 00:00:00+05:30,270.507407421722,283.4973954995637,265.5922952722264,281.2592468261719,8367166,0.0,0.0
2018-12-27 00:00:00+05:30,283.6729331809248,284.11177772176245,275.5980866377509,277.9678649902344,8764732,0.0,0.0
2018-12-28 00:00:00+05:30,278.14336681578203,281.7419448501806,276.03687776346175,277.836181640625,5184819,0.0,0.0
2018-12-31 00:00:00+05:30,279.9865617248968,281.65420646673834,273.0527236129047,274.281494140625,4210832,0.0,0.0
2019-01-01 00:00:00+05:30,277.30957742440546,282.61966729896085,274.98366586812284,280.4254150390625,6117146,0.0,0.0
2019-01-02 00:00:00+05:30,278.143384525322,281.741962788844,271.29730952935176,274.41314697265625,6218991,0.0,0.0
2019-01-03 00:00:00+05:30,274.2815219254309,276.91464859717325,270.28799501584655,275.15924072265625,6230813,0.0,0.0
2019-01-04 00:00:00+05:30,274.2376392971349,284.98947846607535,274.2376392971349,283.0146484375,11361086,0.0,0.0
2019-01-07 00:00:00+05:30,284.72621291517873,287.79815479864095,282.70748617123587,285.2089538574219,5511088,0.0,0.0
2019-01-08 00:00:00+05:30,284.15568269092046,291.17728471730294,283.71683813675924,288.9830322265625,7194973,0.0,0.0
2019-01-09 00:00:00+05:30,292.44996511946084,296.5751516689664,287.2715337598811,293.5909729003906,8018192,0.0,0.0
2019-01-10 00:00:00+05:30,295.39022568525843,297.23339635107317,291.74775097142935,296.0484924316406,5748158,0.0,0.0
2019-01-11 00:00:00+05:30,295.91682800782564,296.0484872988055,288.7635677173827,294.1175537109375,5922578,0.0,0.0
2019-01-14 00:00:00+05:30,293.2398762577652,293.85427646211537,288.01754882062494,291.0456237792969,3674704,0.0,0.0
2019-01-15 00:00:00+05:30,289.6413016354744,297.84780780707376,286.5693600090728,296.4434814453125,5706902,0.0,0.0
2019-01-16 00:00:00+05:30,295.5657864159461,303.02623291362687,290.87009624269416,293.10821533203125,7705383,0.0,0.0
2019-01-17 00:00:00+05:30,292.2744353048874,295.56579928781235,289.81686411394554,291.44061279296875,4569576,0.0,0.0
2019-01-18 00:00:00+05:30,290.08016472769276,291.7916762701161,267.08439574042933,273.0966491699219,16359865,0.0,0.0
2019-01-21 00:00:00+05:30,272.7017128623476,276.9146924280311,268.57652599423625,273.272216796875,8621248,0.0,0.0
2019-01-22 00:00:00+05:30,273.84268104213294,273.9304440070469,264.6707230702429,267.567138671875,8770625,0.0,0.0
2019-01-23 00:00:00+05:30,269.2786595413059,269.80526706893806,265.32899906429225,266.5577697753906,5617992,0.0,0.0
2019-01-24 00:00:00+05:30,269.1908553581465,270.15633712416724,258.4829118474513,264.75848388671875,10389592,0.0,0.0
2019-01-25 00:00:00+05:30,266.8210640141281,273.842665487144,265.0656562158911,269.89300537109375,6040052,0.0,0.0
2019-01-28 00:00:00+05:30,270.3318810895065,271.5167553548579,258.65845631728376,267.8304138183594,4546062,0.0,0.0
2019-01-29 00:00:00+05:30,267.6987585215187,271.7800780207967,264.8023430252461,270.2002258300781,3210022,0.0,0.0
2019-01-30 00:00:00+05:30,271.2095934358705,274.632616665317,263.39806516972766,266.5577697753906,6553462,0.0,0.0
2019-01-31 00:00:00+05:30,267.25993677259646,272.4822643791722,266.0750326685971,268.9275817871094,9493241,0.0,0.0
2019-02-01 00:00:00+05:30,267.78653824664303,281.6542148851191,267.69874556923645,273.71099853515625,9243929,0.0,0.0
2019-02-04 00:00:00+05:30,272.08724902214567,272.74554550047355,265.24120340698585,269.0592041015625,3895812,0.0,0.0
2019-02-05 00:00:00+05:30,259.27283515737446,273.5354906230903,257.034716134831,270.5074157714844,14678663,0.0,0.0
2019-02-06 00:00:00+05:30,269.45415730403863,272.5261283404927,264.1879636985915,270.9901428222656,5202682,0.0,0.0
2019-02-07 00:00:00+05:30,270.85850040217827,275.9491684072941,267.874321858476,273.0966491699219,3852519,0.0,0.0
2019-02-08 00:00:00+05:30,271.20961140913755,275.7736426841947,268.66427713037507,274.9398498535156,3413931,0.0,0.0
2019-02-11 00:00:00+05:30,276.4757293813362,276.8707072338509,272.9649439231186,274.0181884765625,3303611,0.0,0.0
2019-02-12 00:00:00+05:30,273.5793659317481,277.00241880657785,271.78009138826224,273.1844177246094,2226134,0.0,0.0
2019-02-14 00:00:00+05:30,271.20954666613966,271.9994726813337,260.23828596637844,264.01239013671875,8573394,0.0,0.0
2019-02-15 00:00:00+05:30,264.18798227016543,268.6203537790177,260.98438143031433,267.3476867675781,6727458,0.0,0.0
2019-02-18 00:00:00+05:30,269.3664017497833,269.58582401271417,263.35414852966426,265.54840087890625,4440252,0.0,0.0
2019-02-19 00:00:00+05:30,266.73332543122467,275.15925391288414,264.6707322247683,266.5577697753906,7593977,0.0,0.0
2019-02-20 00:00:00+05:30,268.1815196984457,272.8333433810637,267.65491216830736,271.2095947265625,6216966,0.0,0.0
2019-02-21 00:00:00+05:30,268.4887256229157,272.9649934980698,265.9433915864671,271.99951171875,5805770,0.0,0.0
2019-02-22 00:00:00+05:30,271.38511100104313,277.7923424225609,270.37576260091885,275.4664306640625,6199607,0.0,0.0
2019-02-25 00:00:00+05:30,275.5981031522852,280.8642973977679,273.4916135661179,278.45062255859375,4154758,0.0,0.0
2019-02-26 00:00:00+05:30,277.0901497887976,281.30312831154555,275.07145320326237,276.8707275390625,5562215,0.0,0.0
2019-02-27 00:00:00+05:30,279.9426660241199,285.47217799133165,275.9052431725083,280.99591064453125,4527145,0.0,0.0
2019-02-28 00:00:00+05:30,285.16502446380514,286.9643287018422,277.3096001356236,279.15277099609375,7687680,0.0,0.0
2019-03-01 00:00:00+05:30,278.933358085266,278.933358085266,265.15344279171245,270.0246887207031,29577827,0.0,0.0
2019-03-05 00:00:00+05:30,270.33188513262684,271.38510011315066,266.46998789761903,270.2002258300781,11396759,0.0,0.0
2019-03-06 00:00:00+05:30,272.9210682673712,274.9397945777443,270.5951567506084,271.5606384277344,7093395,0.0,0.0
2019-03-07 00:00:00+05:30,272.0872819223619,274.01824553237003,269.4541848504557,270.0246887207031,6466583,0.0,0.0
2019-03-08 00:00:00+05:30,271.8678439528989,273.8426740728402,270.0246731369448,270.9462585449219,4441514,0.0,0.0
2019-03-11 00:00:00+05:30,271.25348935066285,295.87297819723193,270.9462743834231,292.9765625,17059011,0.0,0.0
2019-03-12 00:00:00+05:30,292.0988474797156,310.7061107222343,289.07077273931924,308.7751770019531,30070085,0.0,0.0
2019-03-13 00:00:00+05:30,305.8787880434204,312.9442864760724,295.3463700501458,296.4434814453125,13993813,0.0,0.0
2019-03-14 00:00:00+05:30,295.78519399279685,303.6406180264544,293.6348379761831,300.5247802734375,6931287,0.0,0.0
2019-03-15 00:00:00+05:30,301.929109598116,302.67513935840896,290.69452909309,296.39959716796875,11536718,0.0,0.0
2019-03-18 00:00:00+05:30,296.66295082709894,301.6219600076798,289.02694807754546,290.2118225097656,5844953,0.0,0.0
2019-03-19 00:00:00+05:30,291.39671310658844,297.9356040925112,291.39671310658844,295.5657958984375,5639437,0.0,0.0
2019-03-20 00:00:00+05:30,295.91685582001196,298.3305304616823,291.7038769924129,293.152099609375,3309504,0.0,0.0
2019-03-22 00:00:00+05:30,294.90750332708853,304.91328332270956,289.0269094191447,291.0017395019531,9113700,0.0,0.0
2019-03-25 00:00:00+05:30,292.18660941346275,293.94201720752187,283.6729187621913,287.0081787109375,5253505,0.0,0.0
2019-03-26 00:00:00+05:30,288.3685938926477,290.87006101652173,286.34989732243076,287.7103271484375,4247229,0.0,0.0
2019-03-27 00:00:00+05:30,290.519008781519,292.27441666308573,281.21536186918206,283.05853271484375,5951916,0.0,0.0
2019-03-28 00:00:00+05:30,283.14631440014983,292.27440530978566,278.88943930773223,289.597412109375,13616927,0.0,0.0
2019-04-01 00:00:00+05:30,293.06436294033574,302.7629587182539,292.44996270953806,299.1204833984375,7080411,0.0,0.0
2019-04-02 00:00:00+05:30,301.05142118401204,315.09462455565387,301.05142118401204,312.8564758300781,22251488,0.0,0.0
2019-04-03 00:00:00+05:30,312.46153619858785,318.60541926703934,305.0010600555719,307.1953125,12250809,0.0,0.0
2019-04-04 00:00:00+05:30,308.9507173714839,315.5334746402502,308.9507173714839,313.1636962890625,12168154,0.0,0.0
2019-04-05 00:00:00+05:30,314.7435243482861,315.7528726581212,310.3111235008536,313.0320129394531,3728070,0.0,0.0
2019-04-08 00:00:00+05:30,314.56802348407234,319.3076103675675,309.43348836358217,311.53997802734375,5656181,0.0,0.0
2019-04-09 00:00:00+05:30,314.69965635970897,316.85004218908415,299.7348671190513,308.5996398925781,10073980,0.0,0.0
2019-04-10 00:00:00+05:30,307.89744594859246,311.0571798628399,296.66289591557484,298.41827392578125,4759411,0.0,0.0
2019-04-11 00:00:00+05:30,299.91034962649036,308.29241001729616,295.9168232243298,303.9916687011719,18189273,0.0,0.0
2019-04-12 00:00:00+05:30,304.5621611828553,307.50247260506563,297.5405605571857,300.1297607421875,8349759,0.0,0.0
2019-04-15 00:00:00+05:30,302.71903424967036,306.31761289013355,293.8542618114138,305.1766052246094,10210051,0.0,0.0
2019-04-16 00:00:00+05:30,305.43990828758433,308.1607680100038,299.07657376910015,306.0981750488281,9519380,0.0,0.0
2019-04-18 00:00:00+05:30,306.75646007390895,307.5902825197545,291.9671971952335,304.5183410644531,16138821,0.0,0.0
2019-04-22 00:00:00+05:30,301.929114762124,314.69965134732143,295.4341204746998,306.668701171875,15339393,0.0,0.0
2019-04-23 00:00:00+05:30,310.67255329727647,311.05490025820154,300.3486503934737,302.5472717285156,11627154,0.0,0.0
2019-04-24 00:00:00+05:30,302.5472541472195,311.91521480449194,301.686921525247,310.1945495605469,7161510,0.0,0.0
2019-04-25 00:00:00+05:30,308.56951520684925,318.224243252384,306.8488500067019,314.0182189941406,11517967,0.0,0.0
2019-04-26 00:00:00+05:30,315.4520530812328,320.9007860052168,308.09149655722456,311.1026306152344,5000316,0.0,0.0
2019-04-30 00:00:00+05:30,309.71659814213035,312.39317535201866,300.205238668311,306.1797180175781,6139942,0.0,0.0
2019-05-02 00:00:00+05:30,308.66509634247717,314.87855346448754,307.4224168060481,309.90777587890625,7925814,0.0,0.0
2019-05-03 00:00:00+05:30,310.14675224200664,319.1323657384666,310.14675224200664,316.8381652832031,9901409,0.0,0.0
2019-05-06 00:00:00+05:30,316.8381761284834,321.56994615447377,312.106406102493,318.75,14870120,0.0,0.0
2019-05-07 00:00:00+05:30,325.0112218416177,325.8237647561873,307.27900330758547,310.62469482421875,17735230,0.0,0.0
2019-05-08 00:00:00+05:30,310.5291365668398,313.01452540813096,305.9885251952436,310.1945495605469,4864438,0.0,0.0
2019-05-09 00:00:00+05:30,307.0878620077813,311.81963239260466,298.81918152851125,301.5435485839844,7998137,0.0,0.0
2019-05-10 00:00:00+05:30,304.8414472946844,313.92267070384463,301.30456696265816,309.8122253417969,7855974,0.0,0.0
2019-05-13 00:00:00+05:30,307.32678354713437,312.9188855999642,300.7787696616769,304.6024169921875,6620278,0.0,0.0
2019-05-14 00:00:00+05:30,302.06927549642563,324.7244837896294,301.304551881276,321.7611389160156,10954653,0.0,0.0
2019-05-15 00:00:00+05:30,321.18758385391715,323.0994076340162,314.2094032806101,316.64697265625,7782551,0.0,0.0
2019-05-16 00:00:00+05:30,317.3639336795544,318.60664301870304,306.8966619255936,310.86370849609375,4591691,0.0,0.0
2019-05-17 00:00:00+05:30,309.42981722344894,316.1212302410465,307.9481597229523,313.9704284667969,4117918,0.0,0.0
2019-05-20 00:00:00+05:30,317.4117275121597,326.87526715837,316.40799624670404,325.1068420410156,7858379,0.0,0.0
2019-05-21 00:00:00+05:30,325.0112189542451,325.1068279715439,314.06599256886403,316.07342529296875,4316609,0.0,0.0
2019-05-22 00:00:00+05:30,316.40798441465114,323.0516074987935,314.16160343391425,320.3750305175781,6791987,0.0,0.0
2019-05-23 00:00:00+05:30,322.6693066728433,333.6145356939933,319.46698336081914,323.86419677734375,5449864,0.0,0.0
2019-05-24 00:00:00+05:30,325.05907992474283,340.3059116017654,325.01126055000805,337.6293640136719,9756740,0.0,0.0
2019-05-27 00:00:00+05:30,334.2836260739509,336.38663826199803,331.0813032794444,334.0924377441406,4004333,0.0,0.0
2019-05-28 00:00:00+05:30,333.37545285220307,336.1954282760848,326.6362510058296,330.36431884765625,8643505,0.0,0.0
2019-05-29 00:00:00+05:30,328.64378691528367,329.93428606010696,322.9560743539358,323.86419677734375,4581547,0.0,0.0
2019-05-30 00:00:00+05:30,325.0112179746954,334.14022964305536,324.5810516979744,331.4158630371094,14152211,0.0,0.0
2019-05-31 00:00:00+05:30,333.6144679281123,336.8645802401454,329.2650747751943,333.4233093261719,11028688,0.0,0.0
2019-06-03 00:00:00+05:30,336.00429829622345,340.0669240792982,333.47111974350923,337.1991882324219,5214139,0.0,0.0
2019-06-04 00:00:00+05:30,335.5263042435754,340.2580737979095,334.33138472305205,336.86456298828125,6749428,0.0,0.0
2019-06-06 00:00:00+05:30,337.24699936710675,340.2581340860971,333.1365539488189,338.2029113769531,10510811,0.0,0.0
2019-06-07 00:00:00+05:30,338.2029189138375,345.99364357561234,336.2910948515396,341.3574523925781,5879853,0.0,0.0
2019-06-10 00:00:00+05:30,339.1588100660534,348.5745905451244,338.05952912986663,347.427490234375,5992522,0.0,0.0
2019-06-11 00:00:00+05:30,346.99728912072277,350.7731469768206,342.4567077074241,347.23626708984375,5668149,0.0,0.0
2019-06-12 00:00:00+05:30,346.4237756255874,346.4237756255874,341.35741858629484,344.0339660644531,2868026,0.0,0.0
2019-06-13 00:00:00+05:30,341.3096176909953,348.86133362841605,341.3096176909953,347.7142333984375,3839377,0.0,0.0
2019-06-14 00:00:00+05:30,346.56716060960616,346.949537289853,336.14767841225955,337.7249450683594,5170880,0.0,0.0
2019-06-17 00:00:00+05:30,339.9235566289979,339.9235566289979,327.0186858208582,328.8349304199219,7087101,0.0,0.0
2019-06-18 00:00:00+05:30,330.1732431424636,332.0372775312608,326.15837698202654,329.93426513671875,4977568,0.0,0.0
2019-06-19 00:00:00+05:30,331.2246801052954,332.65854790437817,319.5625196755049,326.062744140625,4008250,0.0,0.0
2019-06-20 00:00:00+05:30,324.2942922425676,334.5704043339768,324.24650259282583,333.184326171875,3563847,0.0,0.0
2019-06-21 00:00:00+05:30,332.1805870716112,334.4747874042761,327.59218640628137,328.6437072753906,9764198,0.0,0.0
2019-06-24 00:00:00+05:30,329.93423294665104,333.18434539565817,328.3569663746467,329.88641357421875,3310679,0.0,0.0
2019-06-25 00:00:00+05:30,330.22098239844433,336.48222896926313,329.3606498210998,333.23211669921875,2848907,0.0,0.0
2019-06-26 00:00:00+05:30,334.5704332285651,336.4822571428013,327.4488534841144,330.31658935546875,4732848,0.0,0.0
2019-06-27 00:00:00+05:30,331.9416187071545,335.38291930566163,325.87156043975637,333.2799072265625,13137225,0.0,0.0
2019-06-28 00:00:00+05:30,333.0409182437426,334.57039503247995,327.401026452648,331.3680725097656,8737050,0.0,0.0
2019-07-01 00:00:00+05:30,331.702667708546,334.4270346188784,329.93424247547114,333.13653564453125,3469130,0.0,0.0
2019-07-02 00:00:00+05:30,333.61447560786377,338.87202084068593,332.03723878595645,338.0116882324219,3816212,0.0,0.0
2019-07-03 00:00:00+05:30,337.34256664500134,340.78386758963694,334.331432033437,337.6293640136719,8473243,0.0,0.0
2019-07-04 00:00:00+05:30,337.7726878031258,348.9091024390157,337.43813054433446,346.75830078125,8565250,0.0,0.0
2019-07-05 00:00:00+05:30,346.7583429604039,354.78804506735287,344.6075410410179,348.71795654296875,6878479,0.0,0.0
2019-07-08 00:00:00+05:30,346.0413564403154,348.3355566939227,338.82419843081027,340.688232421875,3543845,0.0,0.0
2019-07-09 00:00:00+05:30,340.3058867345161,347.2362777721615,338.48964222534937,346.3281555175781,3931858,0.0,0.0
2019-07-10 00:00:00+05:30,346.9017345469068,348.8135584361424,338.0595193392589,342.7434997558594,5299464,0.0,0.0
2019-07-11 00:00:00+05:30,342.4567168271806,346.4237631082056,340.5926529544784,344.84649658203125,3513505,0.0,0.0
2019-07-12 00:00:00+05:30,344.894311994073,344.894311994073,338.5374854833918,340.4015197753906,4750306,0.0,0.0
2019-07-15 00:00:00+05:30,341.8353644943844,343.55599998542436,333.75787320492446,335.1439514160156,3524295,0.0,0.0
2019-07-16 00:00:00+05:30,335.5263009558238,339.3021586326847,334.2358021518705,335.2873229980469,3651688,0.0,0.0
2019-07-17 00:00:00+05:30,335.09619366415313,337.82056069425136,329.5996699479764,330.9857482910156,4765414,0.0,0.0
2019-07-18 00:00:00+05:30,332.65857774666586,335.71750193644,323.67299351169186,327.40106201171875,3711155,0.0,0.0
2019-07-19 00:00:00+05:30,328.3569509079989,330.7467306197223,321.28316135339315,324.96343994140625,2517348,0.0,0.0
2019-07-22 00:00:00+05:30,324.05534132514003,328.35697483969057,320.8052287923451,327.4488525390625,3120156,0.0,0.0
2019-07-23 00:00:00+05:30,327.8312209845448,333.13655645505344,322.525915233972,328.45257568359375,3682410,0.0,0.0
2019-07-24 00:00:00+05:30,328.8348849155538,329.5518187812481,320.9485826729872,323.959716796875,4840787,0.0,0.0
2019-07-25 00:00:00+05:30,320.23168070457626,328.30917205988777,319.8015143983262,324.0553283691406,7600173,0.0,0.0
2019-07-26 00:00:00+05:30,323.09945351031007,323.9597862214844,313.73149188173966,320.1361083984375,5089100,0.0,0.0
2019-07-29 00:00:00+05:30,319.9449123469435,321.61775819639047,313.6358461628514,319.801513671875,5072884,0.0,0.0
2019-07-30 00:00:00+05:30,322.1435225290971,332.9453812806717,320.37506755350535,330.5077819824219,12960949,0.0,0.0
2019-07-31 00:00:00+05:30,328.0701953180957,338.1550898473634,318.03306072089595,322.717041015625,11065547,0.0,0.0
2019-08-01 00:00:00+05:30,320.2317032840588,323.8163732223424,306.9922747601025,309.62103271484375,9957404,0.0,0.0
2019-08-02 00:00:00+05:30,317.36394789284367,339.30222372950635,312.77557616721134,328.40478515625,28586783,0.0,0.0
2019-08-05 00:00:00+05:30,325.10684183166774,345.70679664660537,324.1031105668584,341.9309387207031,15513355,0.0,0.0
2019-08-06 00:00:00+05:30,338.4896190671286,358.85062448540174,338.4896190671286,352.20703125,17339262,0.0,0.0
2019-08-07 00:00:00+05:30,351.7768767700086,356.5086464830451,346.5193317511325,349.96063232421875,12759435,0.0,0.0
2019-08-08 00:00:00+05:30,349.86505732390367,362.0529943236788,349.29152203258764,355.74395751953125,16351434,0.0,0.0
2019-08-09 00:00:00+05:30,355.6005075502677,357.2733532485966,348.09658187151996,354.7879943847656,7844936,0.0,0.0
2019-08-13 00:00:00+05:30,345.2766873673424,348.90914690832636,330.8901587270364,336.1476745605469,14292351,0.0,0.0
2019-08-14 00:00:00+05:30,339.3499827445845,347.80985086095757,331.989425233603,345.27667236328125,7813907,0.0,0.0
2019-08-16 00:00:00+05:30,344.12954861113525,348.9091079257755,339.3499595765639,345.6112060546875,5827109,0.0,0.0
2019-08-19 00:00:00+05:30,347.4274698752152,350.1040172968293,343.93837949279845,345.0854797363281,4606667,0.0,0.0
2019-08-20 00:00:00+05:30,344.6075235848387,346.3759487410024,341.6441788140553,342.2655334472656,5364922,0.0,0.0
2019-08-21 00:00:00+05:30,342.2177403269942,344.3207823668866,337.5815790679426,339.2544250488281,4122882,0.0,0.0
2019-08-22 00:00:00+05:30,339.3499901175791,341.45300234927515,335.52634232174404,337.1991882324219,3171984,0.0,0.0
2019-08-23 00:00:00+05:30,338.3940321682677,343.12580161637663,335.0483408017161,340.688232421875,4676421,0.0,0.0
2019-08-26 00:00:00+05:30,342.169947238741,346.66276920625313,331.607096089458,344.75091552734375,5024254,0.0,0.0
2019-08-27 00:00:00+05:30,346.5193588506282,351.96806289418134,329.55186234632146,332.94537353515625,32805677,0.0,0.0
2019-08-28 00:00:00+05:30,334.0924219062438,334.0924219062438,325.48918523208783,330.5555419921875,5628194,0.0,0.0
2019-08-29 00:00:00+05:30,327.25768392716697,334.331444703716,326.11058356881637,328.35699462890625,6040518,0.0,0.0
2019-08-30 00:00:00+05:30,329.79083905490455,334.1880518273664,323.8163596875502,331.511474609375,4855098,0.0,0.0
2019-09-03 00:00:00+05:30,330.2688021690678,330.69896849697153,320.7096528065355,322.0001220703125,4305439,0.0,0.0
2019-09-04 00:00:00+05:30,321.18760971120406,332.0372580886108,320.3272770529254,330.4599914550781,5241168,0.0,0.0
2019-09-05 00:00:00+05:30,329.790827552642,333.94906219417834,325.91936054019334,332.3717956542969,3325608,0.0,0.0
2019-09-06 00:00:00+05:30,334.761607453014,338.3940968353826,329.8864384124361,333.8534851074219,6392799,0.0,0.0
2019-09-09 00:00:00+05:30,335.47847821112373,341.6441451236151,334.14021949300314,340.73602294921875,3782198,0.0,0.0
2019-09-11 00:00:00+05:30,345.8024132822852,345.99360160931263,335.71748908100034,339.4455871582031,4900745,0.0,0.0
2019-09-12 00:00:00+05:30,342.600053755546,342.600053755546,331.4636395310271,332.2283630371094,5639186,0.0,0.0
2019-09-13 00:00:00+05:30,332.2762112306227,334.283614323234,325.87156586674536,327.9267883300781,5012583,0.0,0.0
2019-09-16 00:00:00+05:30,327.87901846671656,330.1732190423829,323.4818056500117,328.8349304199219,5104088,0.0,0.0
2019-09-17 00:00:00+05:30,333.42330587240974,333.42330587240974,317.8896783902211,324.86785888671875,8486044,0.0,0.0
2019-09-18 00:00:00+05:30,326.54073840595345,328.97830800655186,319.84932483813753,320.80523681640625,7631530,0.0,0.0
2019-09-19 00:00:00+05:30,323.48179432736816,327.4488406822876,319.94491428032103,322.717041015625,11891538,0.0,0.0
2019-09-20 00:00:00+05:30,324.72443966048337,349.00470091121895,320.27943781409294,340.688232421875,15819981,0.0,0.0
2019-09-23 00:00:00+05:30,340.3058944769897,346.2803737446721,329.7908335530178,332.6585693359375,5854791,0.0,0.0
2019-09-24 00:00:00+05:30,332.65855261685203,336.4822298551705,330.1731936178732,333.2799072265625,4811334,0.0,0.0
2019-09-25 00:00:00+05:30,333.6622906370232,335.4785054131525,323.0994106572615,326.5885009765625,4697149,0.0,0.0
2019-09-26 00:00:00+05:30,326.0149850800316,331.75045681449967,325.4414200746244,328.8827209472656,4958745,0.0,0.0
2019-09-27 00:00:00+05:30,328.8349445229968,339.25442686771316,324.29433283059984,333.7101135253906,3416220,0.0,0.0
2019-09-30 00:00:00+05:30,337.43812899917214,358.37266970006425,329.07387064845324,350.8687438964844,19984719,0.0,0.0
2019-10-01 00:00:00+05:30,353.68872107095814,354.31007571219095,331.55928860779755,335.478515625,7344343,0.0,0.0
2019-10-03 00:00:00+05:30,335.4784815813604,339.9235132038205,326.25392052339174,329.6952209472656,5037665,0.0,0.0
2019-10-04 00:00:00+05:30,332.9453419953358,333.3276889060729,319.51472691227605,324.53326416015625,4794009,0.0,0.0
2019-10-07 00:00:00+05:30,323.0994089227184,331.46366771394503,322.2390763302696,326.492919921875,3566103,0.0,0.0
2019-10-09 00:00:00+05:30,327.9745821643194,344.9420779660244,324.05532551075174,343.5559997558594,8848384,0.0,0.0
2019-10-10 00:00:00+05:30,346.90172646965823,368.0274572256475,346.04139385156077,360.6191101074219,48555442,0.0,0.0
2019-10-11 00:00:00+05:30,358.42051406870854,368.3620403669892,356.1741327814544,366.0200500488281,11113337,0.0,0.0
2019-10-14 00:00:00+05:30,367.50168488954455,379.498433108885,363.4868488389017,376.2005310058594,10930620,0.0,0.0
2019-10-15 00:00:00+05:30,372.806996687427,374.67103077926623,364.7295057161467,366.7369384765625,8746356,0.0,0.0
2019-10-16 00:00:00+05:30,364.29937227168875,369.7480759253156,360.71467300594105,368.26641845703125,9079900,0.0,0.0
2019-10-17 00:00:00+05:30,368.0274830348771,370.41726300836973,362.3397710340426,368.8399963378906,4877679,0.0,0.0
2019-10-18 00:00:00+05:30,367.9796459540973,369.3657242160188,363.7258318619659,366.5935974121094,4053714,0.0,0.0
2019-10-22 00:00:00+05:30,364.9684676997979,379.020436967431,351.01210744700563,357.6079406738281,11570680,0.0,0.0
2019-10-23 00:00:00+05:30,357.03436250128823,361.3359952913908,339.3499348840497,344.4640808105469,13588127,0.0,0.0
2019-10-24 00:00:00+05:30,338.34626943224475,359.7587672090855,311.1504809144372,355.93511962890625,74062675,0.0,0.0
2019-10-25 00:00:00+05:30,353.59309669384197,361.7184071697013,346.6149161458061,358.6116638183594,28275934,0.0,0.0
2019-10-27 00:00:00+05:30,355.6005785570697,358.94630034173576,349.4827297507316,356.652099609375,2033141,0.0,0.0
2019-10-29 00:00:00+05:30,346.9973108995022,349.5304894191485,337.53374112044,344.0339660644531,36912144,0.0,0.0
2019-10-30 00:00:00+05:30,348.2399746438744,354.9791772656807,344.75088434634256,351.72906494140625,17185921,0.0,0.0
2019-10-31 00:00:00+05:30,350.5342139228572,360.1889726643329,347.7142675819138,357.7513732910156,13034332,0.0,0.0
2019-11-01 00:00:00+05:30,347.331896360377,359.8065708517641,347.331896360377,356.604248046875,13938891,0.0,0.0
2019-11-04 00:00:00+05:30,361.57503756116785,364.87293977895837,357.5123819966929,361.3360595703125,7763797,0.0,0.0
2019-11-05 00:00:00+05:30,360.38014856829255,368.5054299989845,358.0381583076756,367.02374267578125,6766429,0.0,0.0
2019-11-06 00:00:00+05:30,368.0274903098158,368.4098372811716,353.92772874762386,355.0748291015625,8335534,0.0,0.0
2019-11-07 00:00:00+05:30,358.27706592998527,358.94621011872556,352.78054348528667,355.36151123046875,4906572,0.0,0.0
2019-11-08 00:00:00+05:30,353.6887331842129,359.28083598702904,350.43862062941713,352.8761901855469,6094415,0.0,0.0
2019-11-11 00:00:00+05:30,354.8836416262469,357.46460999895464,352.0159055943352,355.12261962890625,2826663,0.0,0.0
2019-11-13 00:00:00+05:30,355.6961548260858,356.93883439167234,350.0084431760425,352.3504333496094,6544841,0.0,0.0
2019-11-14 00:00:00+05:30,342.12210536056244,350.91652989334375,334.85715759345493,346.5193176269531,21487581,0.0,0.0
2019-11-15 00:00:00+05:30,342.07434085837104,380.93229051718174,341.50077588410744,375.7225646972656,56210391,0.0,0.0
2019-11-18 00:00:00+05:30,378.54254023643347,402.01026251906325,374.8144716331615,391.1606140136719,43462375,0.0,0.0
2019-11-19 00:00:00+05:30,408.08027709162087,426.00368417761325,402.87055143182624,419.9814453125,63965674,0.0,0.0
2019-11-20 00:00:00+05:30,428.5368808569733,432.9819128711853,414.0069840799673,418.0218200683594,56689066,0.0,0.0
2019-11-21 00:00:00+05:30,422.99258418836433,422.99258418836433,403.5875180672594,407.50677490234375,22595291,0.0,0.0
2019-11-22 00:00:00+05:30,404.3522459034912,410.9958697029965,398.61674441182964,402.1058349609375,17090583,0.0,0.0
2019-11-25 00:00:00+05:30,402.7749769165743,435.5628996750442,402.7749769165743,431.500244140625,34112216,0.0,0.0
2019-11-26 00:00:00+05:30,425.38239748565724,427.2942214062377,410.9480793333803,413.2900695800781,23906748,0.0,0.0
2019-11-27 00:00:00+05:30,414.38934063835785,417.7350621396664,407.60234804989386,414.2459716796875,13586924,0.0,0.0
2019-11-28 00:00:00+05:30,414.2459786745865,424.3308735618277,409.60978786729197,417.4004821777344,22352772,0.0,0.0
2019-11-29 00:00:00+05:30,420.2204565313676,429.8273954057942,415.9666126895132,422.9447937011719,20386454,0.0,0.0
2019-12-02 00:00:00+05:30,450.3795617670977,464.19255482968697,434.9893318188277,438.3828430175781,56782244,0.0,0.0
2019-12-03 00:00:00+05:30,442.397658805229,444.54846059400194,425.62135135692205,438.86077880859375,24319749,0.0,0.0
2019-12-04 00:00:00+05:30,440.5336111012356,444.30946895832216,434.6547411713474,441.0593566894531,16851755,0.0,0.0
2019-12-05 00:00:00+05:30,442.87561391972605,443.16238154703296,425.71692985348676,427.6287536621094,17642464,0.0,0.0
2019-12-06 00:00:00+05:30,431.97818600227885,432.4561419648346,423.32715930407403,425.2389831542969,11629491,0.0,0.0
2019-12-09 00:00:00+05:30,427.8677617216473,431.6914393276684,422.2278692016957,426.1949157714844,8012971,0.0,0.0
2019-12-10 00:00:00+05:30,425.81256238121784,431.1178677990181,423.7095501316578,427.2942199707031,7274085,0.0,0.0
2019-12-11 00:00:00+05:30,424.9043825636887,429.253775435684,421.17631454773283,423.2315368652344,6931352,0.0,0.0
2019-12-12 00:00:00+05:30,423.37494251443957,424.2830647734644,417.2570943988399,419.31231689453125,7527779,0.0,0.0
2019-12-13 00:00:00+05:30,420.6027734144589,421.27191767568297,407.2199773497723,408.94061279296875,13320154,0.0,0.0
2019-12-16 00:00:00+05:30,411.4260303451648,412.0473552798899,401.91467079121486,403.2529296875,7093336,0.0,0.0
2019-12-17 00:00:00+05:30,406.02506638117035,422.0366501799315,399.1902843937281,420.55499267578125,23423482,0.0,0.0
2019-12-18 00:00:00+05:30,427.29422242379763,427.3898017320806,415.01070615292167,418.9777526855469,17986000,0.0,0.0
2019-12-19 00:00:00+05:30,416.77914877152784,436.662170499903,411.2826254296307,429.6361999511719,14236801,0.0,0.0
2019-12-20 00:00:00+05:30,430.06639542697377,440.10350113716356,426.05155908688494,433.7944641113281,21689127,0.0,0.0
2019-12-23 00:00:00+05:30,429.2538124897512,438.9085703347083,426.76845341119264,434.7503356933594,10630886,0.0,0.0
2019-12-24 00:00:00+05:30,434.4635562380795,439.7211013210249,432.45612344933346,436.9967346191406,6974012,0.0,0.0
2019-12-26 00:00:00+05:30,435.228293341905,436.37539358260017,426.3382887664671,427.8199462890625,5997570,0.0,0.0
2019-12-27 00:00:00+05:30,429.20602880966686,436.90114356981906,429.20602880966686,435.037109375,5997611,0.0,0.0
2019-12-30 00:00:00+05:30,439.72111021035494,444.2139021008331,435.03710027525625,440.1990661621094,12141748,0.0,0.0
2019-12-31 00:00:00+05:30,439.72110338934567,442.11088311104726,434.4635582816703,435.70623779296875,5212590,0.0,0.0
2020-01-01 00:00:00+05:30,435.94525573764105,440.1990996962297,429.92298651081626,433.3164978027344,5154996,0.0,0.0
2020-01-02 00:00:00+05:30,434.0811999932944,439.1475569934775,433.5076647238069,435.1327209472656,4933053,0.0,0.0
2020-01-03 00:00:00+05:30,435.6106743610621,438.95636609332547,431.5958383383594,435.037109375,5154587,0.0,0.0
2020-01-06 00:00:00+05:30,433.88998753328985,437.2834984688203,425.04777296091777,429.8273620605469,7538915,0.0,0.0
2020-01-07 00:00:00+05:30,432.07380027996186,435.2283037271959,423.56614243512666,425.47796630859375,4353883,0.0,0.0
2020-01-08 00:00:00+05:30,423.08816792332976,440.4380401424602,420.93736615994624,438.6217956542969,14118818,0.0,0.0
2020-01-09 00:00:00+05:30,447.75080439615203,454.01205145203596,435.2283102843843,439.81671142578125,18180867,0.0,0.0
2020-01-10 00:00:00+05:30,444.30949997203527,445.4088105949864,434.1768155394113,436.8533630371094,37724966,0.0,0.0
2020-01-13 00:00:00+05:30,438.7651898542739,449.56704838337845,434.22460809252055,448.228759765625,15206224,0.0,0.0
2020-01-14 00:00:00+05:30,448.22873872807065,451.8134380916676,446.03014729060953,448.6589050292969,8238486,0.0,0.0
2020-01-15 00:00:00+05:30,448.8023031503368,451.1920829098369,444.5006698633042,447.22503662109375,10875259,0.0,0.0
2020-01-16 00:00:00+05:30,448.51550964853055,455.92385668642765,447.3684391300821,453.0083312988281,16290593,0.0,0.0
2020-01-17 00:00:00+05:30,454.1554846210161,481.59025480577264,454.1554846210161,478.0055847167969,61915666,0.0,0.0
2020-01-20 00:00:00+05:30,477.001818816019,490.0978779777431,472.46123703172117,486.2742004394531,45298836,0.0,0.0
2020-01-21 00:00:00+05:30,487.5168819580584,492.29644145847203,482.1637277657035,489.1897277832031,65202963,0.0,0.0
2020-01-22 00:00:00+05:30,492.0574899507657,500.6607569541365,484.3623749652409,491.8185119628906,20285793,0.0,0.0
2020-01-23 00:00:00+05:30,492.29647413912346,502.81153545799845,489.76329554776856,500.56512451171875,15772863,0.0,0.0
2020-01-24 00:00:00+05:30,497.5540332291751,504.1020481899804,491.4839742631759,501.13873291015625,23824625,0.0,0.0
2020-01-27 00:00:00+05:30,498.1753365578996,500.99528274879066,489.3331213180115,491.7229309082031,11856786,0.0,0.0
2020-01-28 00:00:00+05:30,491.6751189477279,491.722938321801,464.67051684686965,469.5934753417969,31674769,0.0,0.0
2020-01-29 00:00:00+05:30,471.36190952966496,479.2960022448026,466.7257188838404,468.6375427246094,20037283,0.0,0.0
2020-01-30 00:00:00+05:30,470.31040972429395,471.17074237928244,458.9350157525232,468.2073974609375,15337903,0.0,0.0
2020-01-31 00:00:00+05:30,471.4574656757954,477.3841549549805,465.53080611654167,474.564208984375,18356252,0.0,0.0
2020-02-03 00:00:00+05:30,474.18184084045123,490.719170042883,474.18184084045123,487.5646667480469,15212799,0.0,0.0
2020-02-04 00:00:00+05:30,491.3405254559648,499.56138555999587,481.2556312183495,496.0245056152344,14646591,0.0,0.0
2020-02-05 00:00:00+05:30,495.16419805898147,513.8045700571781,493.06118584604747,509.8374938964844,30647706,0.0,0.0
2020-02-06 00:00:00+05:30,511.4625849464129,528.4300517777565,510.5544626499845,522.694580078125,17180298,0.0,0.0
2020-02-07 00:00:00+05:30,524.7019524414599,524.7975911827259,514.5214491651474,515.6685791015625,8967847,0.0,0.0
2020-02-10 00:00:00+05:30,516.3854669162157,519.6834282288445,512.4662401641882,514.9515991210938,8570467,0.0,0.0
2020-02-11 00:00:00+05:30,515.7163831186253,520.6393711164684,509.26394793615356,510.74560546875,6622800,0.0,0.0
2020-02-12 00:00:00+05:30,512.3707403644873,518.44079947095,511.4148283527549,515.81201171875,5160923,0.0,0.0
2020-02-13 00:00:00+05:30,515.9075987188825,518.8231838939925,508.3080921683909,516.1466064453125,5729055,0.0,0.0
2020-02-14 00:00:00+05:30,520.8782886627362,542.5297934303336,510.6977857031237,540.0922241210938,37517890,0.0,0.0
2020-02-17 00:00:00+05:30,540.0443708015861,543.6290699834749,531.9669096699881,539.9487915039062,23354434,0.0,0.0
2020-02-18 00:00:00+05:30,538.5149445860964,543.7724600006919,513.6133268230427,524.0806274414062,21865560,0.0,0.0
2020-02-19 00:00:00+05:30,524.8931300107942,529.1947332009695,514.9993654015734,519.4443969726562,22088140,0.0,0.0
2020-02-20 00:00:00+05:30,519.7312408428498,527.6653334357114,514.8560425721303,521.5474853515625,16010058,0.0,0.0
2020-02-24 00:00:00+05:30,518.1061630911014,518.1539527431494,503.8630041449425,506.5395812988281,9834434,0.0,0.0
2020-02-25 00:00:00+05:30,509.5029449850639,514.2347148359951,507.5432720933805,511.6537170410156,9804202,0.0,0.0
2020-02-26 00:00:00+05:30,509.2161326716696,515.6207778799695,497.36278384729695,512.3228759765625,18965240,0.0,0.0
2020-02-27 00:00:00+05:30,511.1279888303154,512.2272697212096,503.7674312829373,508.21246337890625,11381143,0.0,0.0
2020-02-28 00:00:00+05:30,501.76004155961203,505.10573341448924,490.86260362439003,500.4217529296875,16934165,0.0,0.0
2020-03-02 00:00:00+05:30,510.45887231814896,512.3706961767349,489.28532203653776,495.498779296875,10096159,0.0,0.0
2020-03-03 00:00:00+05:30,500.89968333245474,509.8374775203562,491.4839331896901,497.84075927734375,10563605,0.0,0.0
2020-03-04 00:00:00+05:30,501.85557139933013,509.31170771690563,485.0314750355558,493.9692687988281,18066379,0.0,0.0
2020-03-05 00:00:00+05:30,499.7526175037594,507.3043335493963,493.87371759589996,503.6718444824219,14344961,0.0,0.0
2020-03-06 00:00:00+05:30,494.9252306539245,500.56512311100266,488.9029615245266,496.2635192871094,9503868,0.0,0.0
2020-03-09 00:00:00+05:30,487.5168953007312,489.4287191532207,469.40226919460775,474.373046875,15664232,0.0,0.0
2020-03-11 00:00:00+05:30,465.5308418798955,486.0830081773819,465.5308418798955,472.03106689453125,21401999,0.0,0.0
2020-03-12 00:00:00+05:30,457.4055406706074,460.273276386184,438.95635768458754,444.452880859375,14471096,0.0,0.0
2020-03-13 00:00:00+05:30,433.79443124081575,486.608773227108,401.48449518469886,470.1670227050781,24254296,0.0,0.0
2020-03-16 00:00:00+05:30,451.4310580624552,471.2184997312132,436.04082895563585,444.3094787597656,14936276,0.0,0.0
2020-03-17 00:00:00+05:30,444.50070225891574,459.79535327426925,424.7610486789633,434.65478515625,12629709,0.0,0.0
2020-03-18 00:00:00+05:30,439.72111575423787,457.6923132626586,389.48774249597875,406.7898254394531,29342689,0.0,0.0
2020-03-19 00:00:00+05:30,398.09098179457465,431.73920624369913,345.8024154426463,425.1434020996094,24017236,0.0,0.0
2020-03-20 00:00:00+05:30,425.38235588628,451.1920654499118,417.4004442465364,442.2542419433594,19758966,0.0,0.0
2020-03-23 00:00:00+05:30,398.04317721711146,426.05150839309647,381.8881950271548,389.39215087890625,14907385,0.0,0.0
2020-03-24 00:00:00+05:30,392.78565500878796,418.54757692299125,382.5095719229185,386.2376403808594,12947855,0.0,0.0
2020-03-25 00:00:00+05:30,388.62745044773084,418.92998615760837,387.71935780911036,410.183349609375,14093189,0.0,0.0
2020-03-26 00:00:00+05:30,407.6979413069109,471.6964570331547,401.7234622084563,449.94940185546875,22302573,0.0,0.0
2020-03-27 00:00:00+05:30,449.9494388674533,453.8686958141139,418.213036334451,429.15826416015625,16378409,0.0,0.0
2020-03-30 00:00:00+05:30,424.2830899586882,429.492845844444,409.1318377249441,412.04736328125,10210726,0.0,0.0
2020-03-31 00:00:00+05:30,421.5587140723535,427.29421547440694,405.3081515331468,421.463134765625,17059457,0.0,0.0
2020-04-01 00:00:00+05:30,420.6027920934543,420.6027920934543,394.2195457131478,402.77496337890625,9646905,0.0,0.0
2020-04-03 00:00:00+05:30,412.95542899959435,412.95542899959435,397.2784332763131,405.26031494140625,14419445,0.0,0.0
2020-04-07 00:00:00+05:30,414.05478590442254,464.3359502807825,414.05478590442254,449.4714660644531,15553539,0.0,0.0
2020-04-08 00:00:00+05:30,453.43845484764825,469.45003730367455,433.0296601791049,441.2983093261719,13639333,0.0,0.0
2020-04-09 00:00:00+05:30,450.2362068774927,470.59721526645734,450.2362068774927,467.1559143066406,11962829,0.0,0.0
2020-04-13 00:00:00+05:30,469.3544757864456,497.9363432002197,469.3544757864456,489.6199035644531,24416550,0.0,0.0
2020-04-15 00:00:00+05:30,510.4111038217112,512.3229277595403,482.7851171523695,487.994873046875,26277115,0.0,0.0
2020-04-16 00:00:00+05:30,477.9577121112105,490.38462647559066,475.424533642471,478.38787841796875,17401120,0.0,0.0
2020-04-17 00:00:00+05:30,488.47281370848583,489.90668161687887,476.2370873943188,480.2997131347656,16430317,0.0,0.0
2020-04-20 00:00:00+05:30,485.31830362614704,485.31830362614704,465.43525113455587,468.68536376953125,11688508,0.0,0.0
2020-04-21 00:00:00+05:30,462.6630628416246,481.5902020540232,458.0268722024202,478.4356689453125,15781695,0.0,0.0
2020-04-22 00:00:00+05:30,493.25235122290655,494.2560824895933,470.3581959311997,479.2959899902344,18447565,0.0,0.0
2020-04-23 00:00:00+05:30,479.7261971376987,484.9359233582051,469.40229428651173,474.13409423828125,12767355,0.0,0.0
2020-04-24 00:00:00+05:30,473.08250650630373,477.00176289258746,463.0931920880697,472.461181640625,12161869,0.0,0.0
2020-04-27 00:00:00+05:30,476.0936671134724,480.87325631118244,469.45007349537457,472.27001953125,10074370,0.0,0.0
2020-04-28 00:00:00+05:30,475.5201399837747,475.5201399837747,462.7586684083098,464.2403259277344,11729091,0.0,0.0
2020-04-29 00:00:00+05:30,469.3067149767513,476.42829487187834,465.57864637713965,474.13409423828125,8371711,0.0,0.0
2020-04-30 00:00:00+05:30,480.92106990869513,493.2045859301146,473.369353669807,491.6273193359375,20170888,0.0,0.0
2020-05-04 00:00:00+05:30,480.2997559504738,516.1943951127073,477.86218623289835,509.0250549316406,34658164,0.0,0.0
2020-05-05 00:00:00+05:30,514.2824759107407,529.290327576911,502.8592639519298,504.7710876464844,30498970,0.0,0.0
2020-05-06 00:00:00+05:30,508.3080350119214,527.1395949099259,506.6830085264375,521.9298095703125,26074684,0.0,0.0
2020-05-07 00:00:00+05:30,521.3084458201872,521.3084458201872,501.3298168842584,504.7710876464844,15823732,0.0,0.0
2020-05-08 00:00:00+05:30,516.194312459686,521.7386250879046,505.01010790411334,506.6829833984375,13847608,0.0,0.0
2020-05-11 00:00:00+05:30,509.55078469832495,524.3196903942578,508.6426623597443,512.5618896484375,14490804,0.0,0.0
2020-05-12 00:00:00+05:30,509.5029971007282,539.1363284838839,507.1131576654314,535.1693115234375,23041211,0.0,0.0
2020-05-13 00:00:00+05:30,543.3423924644902,544.6328320062803,525.0843669844073,531.4412231445312,21509772,0.0,0.0
2020-05-14 00:00:00+05:30,526.8050030594488,537.7024107179234,511.510353064494,516.0509643554688,13428330,0.0,0.0
2020-05-15 00:00:00+05:30,519.5400158753888,532.3493065682974,515.6207890024068,529.6727294921875,14758117,0.0,0.0
2020-05-18 00:00:00+05:30,532.3492766718156,534.3566796462311,511.6058946566986,514.3302612304688,21991328,0.0,0.0
2020-05-19 00:00:00+05:30,533.8787676951438,576.8949823228535,532.4448998182067,572.4021606445312,73259076,0.0,0.0
2020-05-20 00:00:00+05:30,578.3288735741761,585.020257270329,562.6518461582049,567.861572265625,36412918,0.0,0.0
2020-05-21 00:00:00+05:30,564.4680404042399,577.8508660424542,559.5929017485272,568.3394775390625,20673544,0.0,0.0
2020-05-22 00:00:00+05:30,570.6815019314157,571.0638785909375,561.1223826427039,567.049072265625,11630640,0.0,0.0
2020-05-26 00:00:00+05:30,546.7836091553336,551.037422909617,532.9706172863622,534.595703125,77933211,0.0,0.0
2020-05-27 00:00:00+05:30,536.2685384308701,540.6179910799832,529.4337861648889,538.2760009765625,22948762,0.0,0.0
2020-05-28 00:00:00+05:30,539.7577119665449,542.9600349868948,531.4890315886166,537.9414672851562,16574283,0.0,0.0
2020-05-29 00:00:00+05:30,533.4008280039391,539.136299686609,519.8268426910328,528.2388916015625,55206200,0.0,0.0
2020-06-01 00:00:00+05:30,534.3566903315376,536.8898983640611,525.8968525532061,534.4044799804688,40024637,0.0,0.0
2020-06-02 00:00:00+05:30,538.1803792809844,547.0704434652133,531.5845750616058,533.4963989257812,32573015,0.0,0.0
2020-06-03 00:00:00+05:30,542.9599865320976,543.2467244415465,525.036549036802,527.3307495117188,29783799,0.0,0.0
2020-06-04 00:00:00+05:30,527.9520798937302,559.5929309148761,525.3233518305457,547.2138061523438,30007267,0.0,0.0
2020-06-05 00:00:00+05:30,558.2547057959199,563.990177974691,542.4343082069246,558.5892333984375,48771843,0.0,0.0
2020-06-08 00:00:00+05:30,562.078309774022,567.5270435798786,553.6662607964897,559.3539428710938,20813563,0.0,0.0
2020-06-09 00:00:00+05:30,554.4309604609533,565.567376457203,540.7613955903032,542.768798828125,15219451,0.0,0.0
2020-06-10 00:00:00+05:30,545.8277388652895,550.6072985667765,538.2282329959385,542.0996704101562,19489440,0.0,0.0
2020-06-11 00:00:00+05:30,544.8718139728406,548.5043030355696,522.5989830775452,527.5219116210938,27803048,0.0,0.0
2020-06-12 00:00:00+05:30,516.1943264438481,537.2244476172312,516.1943264438481,535.408203125,19224358,0.0,0.0
2020-06-15 00:00:00+05:30,531.4890257590397,538.8973733708557,524.7976418566956,526.4226684570312,13838935,0.0,0.0
2020-06-16 00:00:00+05:30,533.4007890428155,534.6434982592366,513.3265801798807,520.8782958984375,19430678,0.0,0.0
2020-06-17 00:00:00+05:30,522.7423493653268,540.5702075848737,517.1502468440971,538.6105346679688,20916747,0.0,0.0
2020-06-18 00:00:00+05:30,539.3753578221539,547.6440385456564,533.5920959454096,536.1730346679688,19692591,0.0,0.0
2020-06-19 00:00:00+05:30,537.1288827475729,552.710330302783,536.2685501292035,547.2615966796875,41924711,0.0,0.0
2020-06-22 00:00:00+05:30,550.4161855953329,562.078347897911,545.2542488017242,555.4347534179688,12954502,0.0,0.0
2020-06-23 00:00:00+05:30,555.4347060924083,558.8281875287258,549.0300604431254,553.2838745117188,9944839,0.0,0.0
2020-06-24 00:00:00+05:30,555.3868381578004,556.3428095033493,530.533069170152,532.7794799804688,12619809,0.0,0.0
2020-06-25 00:00:00+05:30,529.48161134985,538.8495723922226,525.7535427946254,534.3567504882812,15881470,0.0,0.0
2020-06-26 00:00:00+05:30,535.3126306725621,541.4304787794725,532.5882638993571,535.6950073242188,11317405,0.0,0.0
2020-06-29 00:00:00+05:30,534.2611568357975,543.8681253316665,526.9005992315873,542.0996704101562,13162970,0.0,0.0
2020-06-30 00:00:00+05:30,546.7836839091183,551.5632438999708,532.8273211839328,535.1693115234375,13182057,0.0,0.0
2020-07-01 00:00:00+05:30,549.651364255113,549.651364255113,533.6875998379676,535.4560546875,13894655,0.0,0.0
2020-07-02 00:00:00+05:30,539.9010523408244,542.004094285744,533.0184506663611,533.8309936523438,13795692,0.0,0.0
2020-07-03 00:00:00+05:30,537.0333646091101,557.7289611396649,535.8862345073424,555.8170776367188,21005887,0.0,0.0
2020-07-06 00:00:00+05:30,561.695938205313,563.3210242070257,549.6991895686749,551.1808471679688,16114629,0.0,0.0
2020-07-07 00:00:00+05:30,553.4749729698334,556.9163031249211,541.0959087726715,542.1473999023438,12759442,0.0,0.0
2020-07-08 00:00:00+05:30,546.7837145391967,548.6955386426355,534.3567984269708,536.555419921875,9581306,0.0,0.0
2020-07-09 00:00:00+05:30,539.136266936167,545.1107459626222,535.5994167226507,543.581298828125,8611659,0.0,0.0
2020-07-10 00:00:00+05:30,544.0115287070873,553.4750694027063,540.7136263604361,549.3646240234375,13532330,0.0,0.0
2020-07-13 00:00:00+05:30,549.1734120994461,563.0341942052614,544.8718085134615,560.93115234375,16660491,0.0,0.0
2020-07-14 00:00:00+05:30,558.7326444170783,570.4903857934812,553.0449026330007,563.3688354492188,32935464,0.0,0.0
2020-07-15 00:00:00+05:30,562.9864117337357,562.9864117337357,534.9780498165632,538.7539672851562,20062926,0.0,0.0
2020-07-16 00:00:00+05:30,540.9525722422771,541.2393696171855,528.9080335340526,537.9414672851562,11528871,0.0,0.0
2020-07-17 00:00:00+05:30,538.2759543410782,548.5998257621247,536.9854555534826,541.7650146484375,12189475,0.0,0.0
2020-07-20 00:00:00+05:30,545.8277357574758,556.820782448171,542.5776232909966,550.3683471679688,9789671,0.0,0.0
2020-07-21 00:00:00+05:30,554.4309595690177,558.0634488048465,541.3827196644302,542.7210083007812,12005925,0.0,0.0
2020-07-22 00:00:00+05:30,542.9599842753369,550.1293235797373,537.9892066937002,544.0592651367188,11034525,0.0,0.0
2020-07-23 00:00:00+05:30,544.8718286822555,550.3683520766258,539.1362975821065,542.1952514648438,9718786,0.0,0.0
2020-07-24 00:00:00+05:30,540.0922912702752,542.3864324772385,530.9154886829438,534.7869262695312,9960443,0.0,0.0
2020-07-27 00:00:00+05:30,533.5920059877096,538.8973109517959,520.1613906434688,534.8346557617188,10895560,0.0,0.0
2020-07-28 00:00:00+05:30,533.8787894136935,548.9344918938076,530.8198949277361,539.7098999023438,14210206,0.0,0.0
2020-07-29 00:00:00+05:30,540.331135659398,544.0592035637414,535.5515766640494,541.2392578125,9979767,0.0,0.0
2020-07-30 00:00:00+05:30,550.6073043134542,554.8611184361613,519.1098807281963,528.33447265625,45326361,0.0,0.0
2020-07-31 00:00:00+05:30,526.6138525960943,534.6435849958427,522.2166691351704,530.3897705078125,13917435,0.0,0.0
2020-08-03 00:00:00+05:30,530.0550872779767,531.9669109957856,522.3121536689608,523.2202758789062,9392745,0.0,0.0
2020-08-04 00:00:00+05:30,523.8416954985485,528.9558421203054,521.7864432554901,524.797607421875,12035116,0.0,0.0
2020-08-05 00:00:00+05:30,527.6652453118808,535.7904951529526,522.4555203521492,534.308837890625,12920232,0.0,0.0
2020-08-06 00:00:00+05:30,538.8658301437595,538.8658301437595,530.1837084062477,532.7260131835938,10620956,1.963142,0.0
2020-08-07 00:00:00+05:30,533.3975634879866,540.4967254230951,529.6081463716336,538.00244140625,7346008,0.0,0.0
2020-08-10 00:00:00+05:30,541.3601478801068,542.0317248892165,532.2463742191738,536.1317138671875,9594610,0.0,0.0
2020-08-11 00:00:00+05:30,535.3162053609983,537.7145666369921,527.8332943185742,528.6967163085938,8290695,0.0,0.0
2020-08-12 00:00:00+05:30,527.6415140647606,538.4341709585732,523.1805197863489,525.4349975585938,12613101,0.0,0.0
2020-08-13 00:00:00+05:30,512.2919625858891,526.0106152255305,502.9383222285612,513.5870361328125,37464752,0.0,0.0
2020-08-14 00:00:00+05:30,520.782109168616,520.782109168616,503.6577316188604,507.1114196777344,18550546,0.0,0.0
2020-08-17 00:00:00+05:30,508.982207215301,510.85293524893024,497.03830069906024,500.2041320800781,19369462,0.0,0.0
2020-08-18 00:00:00+05:30,500.8276630830183,507.59109581430766,499.00489651657057,504.9049072265625,13771669,0.0,0.0
2020-08-19 00:00:00+05:30,507.49512224883983,517.9520495523949,505.67235565146154,514.066650390625,17395288,0.0,0.0
2020-08-20 00:00:00+05:30,509.4138571050943,511.9081409659912,501.4512139481754,504.18536376953125,13690809,0.0,0.0
2020-08-21 00:00:00+05:30,508.26262507850976,508.26262507850976,495.0236163563457,499.1008605957031,22244899,0.0,0.0
2020-08-24 00:00:00+05:30,496.8463985779416,510.75692507327483,487.5407201869077,505.48052978515625,29714401,0.0,0.0
2020-08-25 00:00:00+05:30,512.7715768898059,513.8748052392406,504.6170884659374,507.1593933105469,19881871,0.0,0.0
2020-08-26 00:00:00+05:30,506.91952584574216,506.91952584574216,491.1862333305442,493.5845947265625,26386996,0.0,0.0
2020-08-27 00:00:00+05:30,493.48865760590485,497.42198807503564,487.3488108563728,490.3707580566406,22268191,0.0,0.0
2020-08-28 00:00:00+05:30,491.28216764531487,508.0228260365565,491.28216764531487,502.1707763671875,22217757,0.0,0.0
2020-08-31 00:00:00+05:30,497.42198781246697,501.0675208859944,487.8764739516853,492.2414855957031,190329697,0.0,0.0
2020-09-01 00:00:00+05:30,496.46260994205187,532.8698896785047,493.2967789823525,524.0438842773438,75732733,0.0,0.0
2020-09-02 00:00:00+05:30,527.6414338828196,536.2755342244799,522.9406339883652,528.1690673828125,35680638,0.0,0.0
2020-09-03 00:00:00+05:30,528.1691001500606,530.4235777195747,513.8747948914233,516.1292724609375,25084656,0.0,0.0
2020-09-04 00:00:00+05:30,509.8935701468147,516.1293101243589,498.381375150341,501.8829650878906,28610361,0.0,0.0
2020-09-07 00:00:00+05:30,503.6577670392797,506.5358008552027,489.5553655492682,494.4960021972656,16450037,0.0,0.0
2020-09-08 00:00:00+05:30,495.02359667821355,495.8390574243314,473.9179573746134,477.8512878417969,33745174,0.0,0.0
2020-09-09 00:00:00+05:30,473.19849165236405,486.0537512651052,471.1358887971372,483.7513122558594,32068518,0.0,0.0
2020-09-10 00:00:00+05:30,487.34886761195344,487.34886761195344,471.23182394245424,477.1318054199219,21400064,0.0,0.0
2020-09-11 00:00:00+05:30,479.0025112842905,482.024458696732,468.68952703569033,471.66351318359375,15888599,0.0,0.0
2020-09-14 00:00:00+05:30,475.8366518342078,477.0358325097661,449.2627126185383,454.8269348144531,53032505,0.0,0.0
2020-09-15 00:00:00+05:30,455.83426735667655,467.82610464237865,450.941592017392,465.8114929199219,31436333,0.0,0.0
2020-09-16 00:00:00+05:30,467.20257434495,470.7521555141326,461.01476556246286,462.1659851074219,13379581,0.0,0.0
2020-09-17 00:00:00+05:30,460.4870850304136,462.7415626233673,454.73098789236997,459.5277404785156,13750507,0.0,0.0
2020-09-18 00:00:00+05:30,463.3651340460751,477.4196037812423,455.97817478626104,474.44561767578125,55830089,0.0,0.0
2020-09-21 00:00:00+05:30,475.8366811481309,475.8366811481309,442.49933700724074,448.7350769042969,23162880,0.0,0.0
2020-09-22 00:00:00+05:30,449.45462291867176,459.0480989059664,442.2595084715364,451.8050231933594,18950065,0.0,0.0
2020-09-23 00:00:00+05:30,448.0155903956441,448.0155903956441,406.6676989275797,416.1652526855469,86810146,0.0,0.0
2020-09-24 00:00:00+05:30,407.9627754260476,415.8773980658001,399.23272182106297,402.2546691894531,36458719,0.0,0.0
2020-09-25 00:00:00+05:30,407.7229646957757,426.86198577305674,404.9888443933,421.7774353027344,34232784,0.0,0.0
2020-09-28 00:00:00+05:30,427.86925422147067,429.4521846748334,416.40505094689604,425.6147766113281,21445626,0.0,0.0
2020-09-29 00:00:00+05:30,425.95059596474465,426.47822954520933,412.04003919498246,417.8920593261719,18187111,0.0,0.0
2020-09-30 00:00:00+05:30,420.1944637077568,422.4969025574419,401.1513968490343,403.83758544921875,27686374,0.0,0.0
2020-10-01 00:00:00+05:30,408.68231391786304,416.9326952357397,406.4278362496104,414.774169921875,13593932,0.0,0.0
2020-10-05 00:00:00+05:30,414.7741455067462,419.7147817538751,405.8042264522604,407.1952819824219,15282146,0.0,0.0
2020-10-06 00:00:00+05:30,409.64163056322127,412.5196641187518,405.9001750103698,409.40179443359375,11078299,0.0,0.0
2020-10-07 00:00:00+05:30,410.40912267910846,414.19853969999286,403.981478261246,405.276611328125,10393534,0.0,0.0
2020-10-08 00:00:00+05:30,408.6822898613232,417.7960926989365,402.0627708644682,407.1952819824219,17018635,0.0,0.0
2020-10-09 00:00:00+05:30,410.6010142085766,417.3164563047278,406.09205874992756,407.9148254394531,20948615,0.0,0.0
2020-10-12 00:00:00+05:30,410.6009758378657,413.09525965992356,395.1074902514239,398.1773986816406,14326607,0.0,0.0
2020-10-13 00:00:00+05:30,404.02948046320944,410.1213365527643,396.30670276606725,398.4172668457031,28303313,0.0,0.0
2020-10-14 00:00:00+05:30,399.4725392679511,402.4465252332926,394.5798642256106,396.4505920410156,14374547,0.0,0.0
2020-10-15 00:00:00+05:30,396.59453014693776,398.6091418715511,378.9425179643506,382.9717712402344,28378188,0.0,0.0
2020-10-16 00:00:00+05:30,388.0083320951088,390.74248189661165,382.1563125767965,385.3221435546875,23786283,0.0,0.0
2020-10-19 00:00:00+05:30,387.14492902203756,388.200225950713,377.98316446788607,381.5327453613281,17237471,0.0,0.0
2020-10-20 00:00:00+05:30,381.5327410438293,396.4026414439299,380.8132326205976,388.5359802246094,26395238,0.0,0.0
2020-10-21 00:00:00+05:30,389.20752170313295,403.11807733585215,387.14491898931715,401.96685791015625,23929199,0.0,0.0
2020-10-22 00:00:00+05:30,401.966873818614,414.7741717946899,401.0075292303424,413.1432800292969,27014551,0.0,0.0
2020-10-23 00:00:00+05:30,417.22048649388176,419.81072279765897,409.92944986744766,416.7408142089844,18512271,0.0,0.0
2020-10-26 00:00:00+05:30,416.69282668434414,421.5855015779373,410.60097115408416,416.405029296875,11956996,0.0,0.0
2020-10-27 00:00:00+05:30,416.4050371247228,421.0578759784496,410.1213066091397,415.7334899902344,13021129,0.0,0.0
2020-10-28 00:00:00+05:30,427.86926164770733,468.1618829672372,424.03185351759873,433.4814453125,125905730,0.0,0.0
2020-10-29 00:00:00+05:30,429.50013513897017,438.51801552615694,426.90989892888933,432.47412109375,25537340,0.0,0.0
2020-10-30 00:00:00+05:30,436.40748858324304,436.40748858324304,412.99937853176544,416.11724853515625,23483928,0.0,0.0
2020-11-02 00:00:00+05:30,417.316456320784,441.3001610498711,417.316456320784,438.80584716796875,28703578,0.0,0.0
2020-11-03 00:00:00+05:30,439.3814122902152,441.97164852728696,429.26030347820057,436.11962890625,16337850,0.0,0.0
2020-11-04 00:00:00+05:30,434.58469864918345,437.03102132496673,428.97251504710357,434.6326599121094,10191499,0.0,0.0
2020-11-05 00:00:00+05:30,438.42207198378753,443.12287223083376,434.2009440139234,438.7098693847656,9407770,0.0,0.0
2020-11-06 00:00:00+05:30,438.42211316275404,441.6359356177266,430.5074900192107,431.6107482910156,12195207,0.0,0.0
2020-11-09 00:00:00+05:30,437.75052220645915,455.4504947470225,434.1529801491581,452.62042236328125,24953555,0.0,0.0
2020-11-10 00:00:00+05:30,454.7310087486504,454.874922368698,446.0968775589075,447.4399719238281,9800899,0.0,0.0
2020-11-11 00:00:00+05:30,448.9269507327271,461.7822100937159,445.1854948726383,459.1440124511719,16032885,0.0,0.0
2020-11-12 00:00:00+05:30,457.4651668449268,463.5570230327663,455.73835250705815,460.34320068359375,14785276,0.0,0.0
2020-11-13 00:00:00+05:30,457.60906161758936,458.56840619096084,450.89361977733296,456.40985107421875,8428163,0.0,0.0
2020-11-14 00:00:00+05:30,467.2025111115959,467.2025111115959,459.52772512616303,461.92608642578125,4014491,0.0,0.0
2020-11-17 00:00:00+05:30,470.9439674231763,474.82933659609813,461.6862510345211,464.85211181640625,19050384,0.0,0.0
2020-11-18 00:00:00+05:30,464.27653493989584,465.28387065223524,451.9489088500822,458.9521484375,10504589,0.0,0.0
2020-11-19 00:00:00+05:30,456.64968650231657,461.87815021098925,448.01555552884076,449.5025634765625,11541941,0.0,0.0
2020-11-20 00:00:00+05:30,451.37329780728686,466.19520744645706,446.4326612608968,464.03668212890625,12090462,0.0,0.0
2020-11-23 00:00:00+05:30,466.96271093766796,466.96271093766796,455.78630466354963,457.8489074707031,10193531,0.0,0.0
2020-11-24 00:00:00+05:30,458.95211702654575,461.6862669024493,452.04483026986264,454.9708251953125,9346208,0.0,0.0
2020-11-25 00:00:00+05:30,457.1294041521323,458.4724687024039,440.00502541293224,445.23345947265625,14497115,0.0,0.0
2020-11-26 00:00:00+05:30,449.64643997969057,450.55782327352796,441.39605889932477,449.358642578125,11535113,0.0,0.0
2020-11-27 00:00:00+05:30,449.26271306295047,453.43587971401473,443.21881859083356,444.4179992675781,18491882,0.0,0.0
2020-12-01 00:00:00+05:30,448.7350752639344,462.8854677088412,441.779826942643,459.95947265625,18534936,0.0,0.0
2020-12-02 00:00:00+05:30,461.44644095325435,468.06593045513,454.7789603612767,465.1878967285156,20948620,0.0,0.0
2020-12-03 00:00:00+05:30,467.2984612325972,469.2651414757644,454.7309995576884,460.39117431640625,20094168,0.0,0.0
2020-12-04 00:00:00+05:30,467.05864204553876,477.5635013316825,463.74889717109005,473.67816162109375,31622330,0.0,0.0
2020-12-07 00:00:00+05:30,477.75536436321863,489.7472313606704,474.4935808349503,488.2602233886719,22541162,0.0,0.0
2020-12-08 00:00:00+05:30,493.1049416170772,495.26346695740745,479.3382989460975,483.1277160644531,19661141,0.0,0.0
2020-12-09 00:00:00+05:30,484.3749031100241,486.29359236167744,478.8106804189031,482.60009765625,11826802,0.0,0.0
2020-12-10 00:00:00+05:30,481.1130964028302,488.06837486471767,474.01393414103643,484.61474609375,13441906,0.0,0.0
2020-12-11 00:00:00+05:30,487.8285027465075,487.8285027465075,477.08380778589094,483.8951721191406,14019094,0.0,0.0
2020-12-14 00:00:00+05:30,486.3895148935969,491.18626784938823,480.7773309365162,482.60009765625,14147649,0.0,0.0
2020-12-15 00:00:00+05:30,485.2862393031063,486.1976226304079,477.85131871861233,483.7033386230469,13320211,0.0,0.0
2020-12-16 00:00:00+05:30,483.7033499420966,497.7098290291056,481.6887083567083,495.21551513671875,17707777,0.0,0.0
2020-12-17 00:00:00+05:30,495.9829540424923,501.25937891825964,491.18623127057265,494.16021728515625,20023766,0.0,0.0
2020-12-18 00:00:00+05:30,493.0090130054712,493.96835758933724,484.51876571560626,489.89111328125,11000487,0.0,0.0
2020-12-21 00:00:00+05:30,486.8691996811307,490.4187808529687,460.6310459431836,470.94403076171875,15539470,0.0,0.0
2020-12-22 00:00:00+05:30,473.9179887472816,484.4708090976627,465.81149114388694,479.9618835449219,21632475,0.0,0.0
2020-12-23 00:00:00+05:30,479.9618403190443,488.7878157457046,478.13907382571676,486.5813293457031,13326963,0.0,0.0
2020-12-24 00:00:00+05:30,498.86104941599876,501.7390832630943,489.69925464809427,496.27081298828125,21241048,0.0,0.0
2020-12-28 00:00:00+05:30,498.9569487196128,505.5764381904471,495.59924272097487,500.3959655761719,13124256,0.0,0.0
2020-12-29 00:00:00+05:30,501.73905815686277,503.6097860291981,494.1602241414144,499.1008605957031,11457626,0.0,0.0
2020-12-30 00:00:00+05:30,502.1228196083254,502.1228196083254,492.433391526309,495.16754150390625,10691466,0.0,0.0
2020-12-31 00:00:00+05:30,496.07889713784584,497.37400033143723,485.71792245583913,488.9797058105469,15816475,0.0,0.0
2021-01-01 00:00:00+05:30,491.42607970995465,495.40737164096515,487.54071030612124,494.20819091796875,10377082,0.0,0.0
2021-01-04 00:00:00+05:30,495.98296610326616,499.34070195191543,490.80249345295755,496.07891845703125,13489114,0.0,0.0
2021-01-05 00:00:00+05:30,493.10491943359375,495.8870305666335,490.32280830055396,493.10491943359375,10689423,0.0,0.0
2021-01-06 00:00:00+05:30,494.0642841752374,510.1333657402959,492.24151752025733,503.9455871582031,30837593,0.0,0.0
2021-01-07 00:00:00+05:30,510.37318908583387,531.9105389902629,505.6723293949427,523.0845336914062,39444841,0.0,0.0
2021-01-08 00:00:00+05:30,526.9699041753314,527.4016151964311,515.4577097015273,518.287841796875,14538362,0.0,0.0
2021-01-11 00:00:00+05:30,519.4870098846723,531.8146655458463,519.4870098846723,524.9073486328125,19892197,0.0,0.0
2021-01-12 00:00:00+05:30,526.6821683863027,545.8691205651879,522.844730227873,542.751220703125,25857074,0.0,0.0
2021-01-13 00:00:00+05:30,564.0966811461951,577.2397372237944,543.9503860185873,554.7430419921875,85239439,0.0,0.0
2021-01-14 00:00:00+05:30,559.0120966772001,561.0267081695914,546.8763471572105,556.9495239257812,16974338,0.0,0.0
2021-01-15 00:00:00+05:30,584.7706123767297,585.8259391050469,569.6609058780044,578.151123046875,57451072,0.0,0.0
2021-01-18 00:00:00+05:30,578.1511001076736,578.4868885830567,560.2592831914147,563.08935546875,21359539,0.0,0.0
2021-01-19 00:00:00+05:30,567.0706745049511,573.1625306701333,562.6577012327377,568.221923828125,11034273,0.0,0.0
2021-01-20 00:00:00+05:30,568.2219107167824,578.0072612980542,565.0560497177476,571.9154052734375,13333007,0.0,0.0
2021-01-21 00:00:00+05:30,575.8487259198762,579.4942593376593,551.0495899404577,557.717041015625,17380638,0.0,0.0
2021-01-22 00:00:00+05:30,560.163336657322,561.7462969610498,549.4666029045735,553.3999633789062,12662954,0.0,0.0
2021-01-25 00:00:00+05:30,555.462474777452,563.9527508623296,546.3966635961633,557.141357421875,12503932,0.0,0.0
2021-01-27 00:00:00+05:30,556.4218922800779,558.1007751448693,539.4894184524311,547.5958862304688,15567653,0.0,0.0
2021-01-28 00:00:00+05:30,543.470705624369,552.4405948951204,539.8731338024901,547.6918334960938,15201598,0.0,0.0
2021-01-29 00:00:00+05:30,554.9828433494745,554.9828433494745,528.2170591599357,531.0950927734375,25521965,0.0,0.0
2021-02-01 00:00:00+05:30,536.2755519427019,557.4771730803315,526.8739518431702,555.6064453125,14212955,0.0,0.0
2021-02-02 00:00:00+05:30,561.1226954687058,581.0291853555865,555.7024163864332,574.9852905273438,21711996,0.0,0.0
2021-02-03 00:00:00+05:30,584.6267546547767,597.1942165506853,575.0812103320161,584.09912109375,30641248,0.0,0.0
2021-02-04 00:00:00+05:30,589.9030985952667,597.6738368482087,571.4356869527874,576.1844482421875,51976676,0.0,0.0
2021-02-05 00:00:00+05:30,579.2543291047465,581.269000306183,552.8243340640802,557.4771728515625,35465208,0.0,0.0
2021-02-08 00:00:00+05:30,565.0560320368514,579.1104715566557,560.9308265797117,573.0186157226562,21646080,0.0,0.0
2021-02-09 00:00:00+05:30,574.5535402035587,583.0438168639026,570.8120845968448,574.6015014648438,20927436,0.0,0.0
2021-02-10 00:00:00+05:30,580.3575733109616,583.0437616082114,556.6616701630234,566.2071533203125,31642664,0.0,0.0
2021-02-11 00:00:00+05:30,567.9340226991511,579.014505183286,565.0559892456035,573.7860717773438,19253595,0.0,0.0
2021-02-12 00:00:00+05:30,573.5462298536984,573.5462298536984,560.8348850747692,562.4177856445312,15905053,0.0,0.0
2021-02-15 00:00:00+05:30,568.0300033863429,578.4869309223815,566.0153916932136,569.5650024414062,17972742,0.0,0.0
2021-02-16 00:00:00+05:30,570.8121154183088,577.143837396162,568.8934262500657,569.8048095703125,15064854,0.0,0.0
2021-02-17 00:00:00+05:30,572.6828798094347,574.4576852991299,566.0633898265922,569.7089233398438,16436661,0.0,0.0
2021-02-18 00:00:00+05:30,572.7308611031094,573.6902057818983,561.4105700320735,565.1040649414062,22193564,0.0,0.0
2021-02-19 00:00:00+05:30,566.0154137369859,571.7714814577074,552.1048570919269,557.717041015625,19465126,0.0,0.0
2021-02-22 00:00:00+05:30,558.3406380620002,561.1226896444498,544.9097541771671,547.1162109375,20227667,0.0,0.0
2021-02-23 00:00:00+05:30,551.6251380289715,553.5438271065938,541.0722884487383,542.559326171875,23764401,0.0,0.0
2021-02-24 00:00:00+05:30,545.0056692170823,550.7617366657897,542.2235580195445,549.6585083007812,8888950,0.0,0.0
2021-02-25 00:00:00+05:30,556.3259238714227,560.6909950985688,553.5917741102368,555.6064453125,16230241,0.0,0.0
2021-02-26 00:00:00+05:30,551.1454703121035,562.1300309908667,529.320292393905,533.6853637695312,198547005,0.0,0.0
2021-03-01 00:00:00+05:30,535.3162048167061,536.3714718464087,499.82033866147185,510.5650329589844,55091122,0.0,0.0
2021-03-02 00:00:00+05:30,518.5276417683671,521.8853477165972,507.35123592622574,519.19921875,30622757,0.0,0.0
2021-03-03 00:00:00+05:30,526.4423193205577,528.3610086347726,518.0480237442083,524.0919189453125,24669015,0.0,0.0
2021-03-04 00:00:00+05:30,518.0479342975605,523.8040012463573,516.1292453146282,517.6641845703125,17678275,0.0,0.0
2021-03-05 00:00:00+05:30,513.2512187014247,516.6089244664423,503.08211923329594,511.140625,16658703,0.0,0.0
2021-03-08 00:00:00+05:30,509.4138959891977,513.6829854620996,503.4179623597729,504.329345703125,15293359,0.0,0.0
2021-03-09 00:00:00+05:30,508.5504917859808,510.3732585367535,493.3927629251648,500.5398864746094,20181762,0.0,0.0
2021-03-10 00:00:00+05:30,499.05289685517863,508.93413988804605,495.35940239189716,504.47320556640625,19013738,0.0,0.0
2021-03-12 00:00:00+05:30,508.98217447662876,511.0927087104481,500.34801352499585,502.8902587890625,11624491,0.0,0.0
2021-03-15 00:00:00+05:30,506.3439151893727,506.3439151893727,495.40734580859987,501.59515380859375,10875944,0.0,0.0
2021-03-16 00:00:00+05:30,502.6983786402922,512.0520175538363,502.6983786402922,507.7829284667969,13252045,0.0,0.0
2021-03-17 00:00:00+05:30,507.3032722290637,509.4138660355232,497.90167175781505,501.64312744140625,8482758,0.0,0.0
2021-03-18 00:00:00+05:30,508.3105862725043,510.56506390227355,494.4000602161689,505.7683410644531,12465338,0.0,0.0
2021-03-19 00:00:00+05:30,506.53579672776505,513.0114025874835,504.1374352340386,508.4065246582031,49597558,0.0,0.0
2021-03-22 00:00:00+05:30,511.38054102819405,512.2919243618456,501.7390741279815,506.5357971191406,13581706,0.0,0.0
2021-03-23 00:00:00+05:30,508.16672691062774,510.80489477158795,500.9236213893662,507.7350158691406,15239339,0.0,0.0
2021-03-24 00:00:00+05:30,506.5357765924721,511.7642700596035,500.30003695666005,502.36260986328125,10801499,0.0,0.0
2021-03-25 00:00:00+05:30,502.1228233180278,502.36262964065173,479.24234730065837,487.1090087890625,17572322,0.0,0.0
2021-03-26 00:00:00+05:30,491.2821738831966,503.56183836938976,489.8431569927813,501.2593994140625,11148490,0.0,0.0
2021-03-30 00:00:00+05:30,506.34391267055736,506.4398351922556,495.2634297349866,500.3000183105469,10691124,0.0,0.0
2021-03-31 00:00:00+05:30,501.11552715888484,504.521194579283,495.2634772804717,496.27081298828125,7712521,0.0,0.0
2021-04-01 00:00:00+05:30,498.8130182500807,502.6024649696411,493.63254581083623,499.62847900390625,7111516,0.0,0.0
2021-04-05 00:00:00+05:30,499.628482116349,507.4951133474215,493.6805101478262,506.775634765625,9376649,0.0,0.0
2021-04-06 00:00:00+05:30,507.01542248213747,515.9853711945351,503.2260057045894,510.5650329589844,13115141,0.0,0.0
2021-04-07 00:00:00+05:30,515.1699734253468,524.667497159996,513.4910905020247,519.5829467773438,21391503,0.0,0.0
2021-04-08 00:00:00+05:30,524.5716201850363,526.250503254163,518.5277246508296,520.9260864257812,11367448,0.0,0.0
2021-04-09 00:00:00+05:30,517.5682729229572,527.4015839936803,514.6902393881079,523.0845336914062,11641539,0.0,0.0
2021-04-12 00:00:00+05:30,515.697607909544,516.9447797877235,497.42203905151973,501.2114562988281,9869735,0.0,0.0
2021-04-13 00:00:00+05:30,505.00085262200105,518.047986749601,501.83499161829826,514.3544921875,6657701,0.0,0.0
2021-04-15 00:00:00+05:30,518.0479945725741,523.948005638874,508.6943548658271,517.4244384765625,9989813,0.0,0.0
2021-04-16 00:00:00+05:30,518.0959400960993,522.0293005718968,516.1292896848569,518.7675170898438,6273393,0.0,0.0
2021-04-19 00:00:00+05:30,510.61301990327723,513.2512472635468,501.97891888417786,505.0487976074219,7368743,0.0,0.0
2021-04-20 00:00:00+05:30,507.4951435083362,515.1699599745896,504.5211871739852,508.6463928222656,7369109,0.0,0.0
2021-04-22 00:00:00+05:30,508.4544367359622,511.7162199825552,504.665019977123,509.2698974609375,6675147,0.0,0.0
2021-04-23 00:00:00+05:30,507.4951334210851,510.80487819621015,497.99761012318817,501.3553161621094,7123670,0.0,0.0
2021-04-26 00:00:00+05:30,501.4992468542547,507.0154482369836,501.4992468542547,506.10406494140625,5929161,0.0,0.0
2021-04-27 00:00:00+05:30,506.0081230115674,516.6568949213596,504.8569334472539,512.5796508789062,9875033,0.0,0.0
2021-04-28 00:00:00+05:30,514.1626721725005,525.7228287161203,513.8268836541428,522.1732177734375,12195400,0.0,0.0
2021-04-29 00:00:00+05:30,527.3536201017414,527.6414473151135,517.1845206067076,518.8634033203125,8846896,0.0,0.0
2021-04-30 00:00:00+05:30,511.8122744918644,524.763427135552,511.8122744918644,514.9301147460938,8331737,0.0,0.0
2021-05-03 00:00:00+05:30,508.45448507320566,539.6333037461833,507.54310174178096,536.1317138671875,14556346,0.0,0.0
2021-05-04 00:00:00+05:30,542.94309654838,542.94309654838,524.4756816188799,529.991943359375,14196229,0.0,0.0
2021-05-05 00:00:00+05:30,534.2609557965541,541.9836733923983,531.4788446947854,537.1869506835938,12095639,0.0,0.0
2021-05-06 00:00:00+05:30,537.1869562021776,541.4560454222014,530.1357558518041,536.0357666015625,9169742,0.0,0.0
2021-05-07 00:00:00+05:30,538.3861652281357,549.6105322429654,534.2609598062792,545.389404296875,12894499,0.0,0.0
2021-05-10 00:00:00+05:30,548.7470857252345,553.5438082559403,545.9649747267634,549.2747192382812,8365615,0.0,0.0
2021-05-11 00:00:00+05:30,542.5114067585849,551.481296784383,541.1203511046742,545.2935180664062,8033470,0.0,0.0
2021-05-12 00:00:00+05:30,544.9098135492766,546.0130420496483,535.5082117015108,538.9138793945312,6815070,0.0,0.0
2021-05-14 00:00:00+05:30,541.0722807033699,546.2047918085316,533.5414082855125,537.61865234375,7697716,0.0,0.0
2021-05-17 00:00:00+05:30,541.0243771303816,541.0243771303816,523.6122303862849,527.3057250976562,13677009,0.0,0.0
2021-05-18 00:00:00+05:30,525.2430607740416,530.4235930339753,512.8195426321055,514.54638671875,34968901,0.0,0.0
2021-05-19 00:00:00+05:30,516.0333698582725,518.5756150965178,504.8090024924743,506.7276916503906,19583966,0.0,0.0
2021-05-20 00:00:00+05:30,509.4139137331758,509.4139137331758,498.8610630194118,499.484619140625,14036583,0.0,0.0
2021-05-21 00:00:00+05:30,501.9789155429372,511.6203223180925,500.77970502716636,509.3658447265625,10492773,0.0,0.0
2021-05-24 00:00:00+05:30,509.41386542522974,511.3325545269972,504.6170830174998,505.38458251953125,6386039,0.0,0.0
2021-05-25 00:00:00+05:30,508.358515163658,509.22193715014606,503.1780428980381,504.7129821777344,9412913,0.0,0.0
2021-05-26 00:00:00+05:30,507.49509815072213,509.22194214062165,503.6577200872201,504.37725830078125,6908901,0.0,0.0
2021-05-27 00:00:00+05:30,504.71302386014133,505.57644591793627,497.6138619952801,498.6691589355469,22783169,0.0,0.0
2021-05-28 00:00:00+05:30,501.0195032112394,507.01543638621047,499.2447277508,502.31463623046875,10248988,0.0,0.0
2021-05-31 00:00:00+05:30,504.1374838380059,514.2106627361278,503.7537340313495,513.1553955078125,12803471,0.0,0.0
2021-06-01 00:00:00+05:30,515.6016128812669,516.5129961153847,508.74225799571235,511.2365417480469,8435896,0.0,0.0
2021-06-02 00:00:00+05:30,508.3585727747876,512.8675282581889,506.5358060752558,507.9748229980469,10567595,0.0,0.0
2021-06-03 00:00:00+05:30,508.4545238712356,511.71630767680955,507.01550686759873,510.4212341308594,6290021,0.0,0.0
2021-06-04 00:00:00+05:30,512.2440104900853,514.0187564036938,509.60578277420194,511.0447998046875,4878809,0.0,0.0
2021-06-07 00:00:00+05:30,512.291933710484,519.0073460206539,511.3325890947454,514.642333984375,9674473,0.0,0.0
2021-06-08 00:00:00+05:30,516.225199818249,525.7227824561999,512.2918990901934,524.571533203125,12822963,0.0,0.0
2021-06-09 00:00:00+05:30,527.5454967501335,529.0804957756774,513.5869796514575,518.0479736328125,12674395,0.0,0.0
2021-06-10 00:00:00+05:30,521.7893760163468,525.578792623267,518.3837091265779,522.9885864257812,7018193,0.0,0.0
2021-06-11 00:00:00+05:30,523.3243373810747,527.401581361752,518.0959038535259,518.8634033203125,7777365,0.0,0.0
2021-06-14 00:00:00+05:30,518.8634553811917,518.8634553811917,507.78297152756386,517.4244384765625,5714387,0.0,0.0
2021-06-15 00:00:00+05:30,519.0072723431728,521.549576971299,516.5129886270003,520.4462890625,7264778,0.0,0.0
2021-06-16 00:00:00+05:30,521.6935481480045,521.6935481480045,513.1553689189102,514.9301147460938,10045600,0.0,0.0
2021-06-17 00:00:00+05:30,517.5682996960157,519.247182504845,505.6243942899103,507.1593933105469,10214732,0.0,0.0
2021-06-18 00:00:00+05:30,509.79755455126315,519.8707319696543,497.9016702123159,516.8487548828125,15000348,0.0,0.0
2021-06-21 00:00:00+05:30,513.2512118402296,519.8707007620076,511.3325228572974,517.6641845703125,5742834,0.0,0.0
2021-06-22 00:00:00+05:30,525.7707666136325,526.6821499420122,513.7309382874855,514.5943603515625,9114558,0.0,0.0
2021-06-23 00:00:00+05:30,516.129322055207,517.2805117548078,511.0447716331181,512.3399047851562,4767421,0.0,0.0
2021-06-24 00:00:00+05:30,513.2512433247209,513.6829543376939,505.9601770196746,507.25531005859375,6419922,0.0,0.0
2021-06-25 00:00:00+05:30,509.70169540288936,514.1147285999051,507.83096733429585,513.3472290039062,5504204,0.0,0.0
2021-06-28 00:00:00+05:30,515.1699968750404,515.1699968750404,508.88623559637216,509.60577392578125,5265796,0.0,0.0
2021-06-29 00:00:00+05:30,509.6537279623389,510.6130726190595,502.6984493744555,503.6098327636719,8713975,0.0,0.0
2021-06-30 00:00:00+05:30,505.57644411723584,508.8382276276696,503.0341988701729,504.28131103515625,5760552,0.0,0.0
2021-07-01 00:00:00+05:30,507.4951459403802,509.41389480612446,500.77973369687663,501.4032897949219,6575188,0.0,0.0
2021-07-02 00:00:00+05:30,504.23334016907563,511.33256152677205,498.86102254124575,503.6577453613281,13309063,0.0,0.0
2021-07-05 00:00:00+05:30,506.53576051935,507.01543278380717,502.0268650947768,502.6504211425781,6373586,0.0,0.0
2021-07-06 00:00:00+05:30,502.2186983915644,506.24798111073915,499.9162596453657,504.7129821777344,10494366,0.0,0.0
2021-07-07 00:00:00+05:30,501.9308935644311,509.03011481293237,501.9308935644311,508.0707702636719,6669192,0.0,0.0
2021-07-08 00:00:00+05:30,508.45448287808364,511.1406715962978,502.26670429599085,503.9455871582031,5400962,0.0,0.0
2021-07-09 00:00:00+05:30,504.1373351799082,515.6495277183303,501.7389741621749,514.4503173828125,7303645,0.0,0.0
2021-07-12 00:00:00+05:30,517.0406722831455,517.0406722831455,507.1593993238676,508.1187438964844,8932790,0.0,0.0
2021-07-13 00:00:00+05:30,511.8602085035748,513.7309364178287,506.7276970554088,508.50250244140625,8138019,0.0,0.0
2021-07-14 00:00:00+05:30,507.4951369347734,509.7975758794946,505.24071890749406,508.50250244140625,6666859,0.0,0.0
2021-07-15 00:00:00+05:30,510.8528797602108,510.8528797602108,503.65773601036096,504.0894470214844,6886797,0.0,0.0
2021-07-16 00:00:00+05:30,505.57647664709725,521.3098003928728,504.56917073621645,519.1512451171875,11251138,0.0,0.0
2021-07-19 00:00:00+05:30,517.0886076442714,522.5569072262547,507.7829299640442,516.5609741210938,9130551,0.0,0.0
2021-07-20 00:00:00+05:30,514.6422804126346,514.9780092358747,501.7390310554691,504.37725830078125,7646460,0.0,0.0
2021-07-22 00:00:00+05:30,509.50976392669065,525.7227576561702,502.36258174094814,524.4755859375,20220601,0.0,0.0
2021-07-23 00:00:00+05:30,525.4349642722435,537.8585420389364,511.0926973707166,526.0105590820312,33200836,0.0,0.0
2021-07-26 00:00:00+05:30,522.8446718327249,531.3349483763433,520.0625607965808,521.9332885742188,5214592,0.0,0.0
2021-07-27 00:00:00+05:30,523.6121498693037,523.6121498693037,514.3544338814359,518.5755615234375,5835018,0.0,0.0
2021-07-28 00:00:00+05:30,517.5683233688662,547.499970493946,515.985422666411,544.8137817382812,32532037,0.0,0.0
2021-07-29 00:00:00+05:30,550.761750240828,553.2560939193979,542.0317263257755,544.0942993164062,15844335,0.0,0.0
2021-07-30 00:00:00+05:30,542.895117058237,545.3894608669079,535.1244373363088,538.8179321289062,10125413,0.0,0.0
2021-08-02 00:00:00+05:30,542.9910589311802,546.7804759766144,537.2349318144198,542.1755981445312,6372299,0.0,0.0
2021-08-03 00:00:00+05:30,544.9097302793779,558.3406135751804,539.2495855279512,556.61376953125,21680353,0.0,0.0
2021-08-04 00:00:00+05:30,551.6251553575812,563.0414273120343,547.1162000915393,551.049560546875,21816567,0.0,0.0
2021-08-05 00:00:00+05:30,554.0235537084562,593.8365349334643,554.0235537084562,574.3617553710938,72423461,0.0,0.0
2021-08-06 00:00:00+05:30,570.332514554582,591.869928437411,564.5764463289635,583.1878051757812,29055626,0.0,0.0
2021-08-09 00:00:00+05:30,585.2023892023725,587.792655572304,573.258542238758,574.889404296875,10078649,0.0,0.0
2021-08-10 00:00:00+05:30,577.7194801768686,602.4706560166278,574.0739465932377,596.9064331054688,34514358,0.0,0.0
2021-08-11 00:00:00+05:30,596.9063404275245,603.6697729449315,588.7519120516172,595.6112670898438,18731287,0.0,0.0
2021-08-12 00:00:00+05:30,597.673865236109,603.3819713065418,591.9177979032335,597.8177490234375,8430316,0.0,0.0
2021-08-13 00:00:00+05:30,597.8178087585039,612.8315943092779,592.9731242345749,611.1527709960938,21079044,0.0,0.0
2021-08-16 00:00:00+05:30,612.7835536186888,617.8201422120799,606.3079482348016,608.274658203125,10506327,0.0,0.0
2021-08-17 00:00:00+05:30,608.2746842790358,612.0641012884536,597.6738731132937,600.8876953125,11311229,0.0,0.0
2021-08-18 00:00:00+05:30,600.4559879860515,608.2267267583115,595.6113038525518,597.6259155273438,7136872,0.0,0.0
2021-08-20 00:00:00+05:30,594.3161755604162,607.2673870672172,582.3243086353551,588.751953125,12770173,0.0,0.0
2021-08-23 00:00:00+05:30,593.2608295636071,604.8689463489603,582.8998845554062,597.3380737304688,12790616,0.0,0.0
2021-08-24 00:00:00+05:30,602.4226577115103,602.4226577115103,591.9657895887118,594.8917846679688,5885050,0.0,0.0
2021-08-25 00:00:00+05:30,597.05037920748,597.05037920748,586.1617396762036,587.5527954101562,8127668,0.0,0.0
2021-08-26 00:00:00+05:30,585.2023507488303,586.6413676420176,560.5470992002511,563.0414428710938,26316897,0.0,0.0
2021-08-27 00:00:00+05:30,564.8641987268874,580.789366429486,561.266626736086,570.9560546875,16444274,0.0,0.0
2021-08-30 00:00:00+05:30,571.7714395478874,599.592550798768,566.1112947733934,595.2275390625,40506274,0.0,0.0
2021-08-31 00:00:00+05:30,600.5998423758666,640.9404527335275,599.5925365877798,637.0550537109375,60781970,0.0,0.0
2021-09-01 00:00:00+05:30,640.8446305539551,645.9291812048521,627.4137454187547,639.3096313476562,30796359,0.0,0.0
2021-09-02 00:00:00+05:30,642.7153235344391,646.3607973169829,637.0551186636848,639.4055786132812,18951106,0.0,0.0
2021-09-03 00:00:00+05:30,640.8445332223014,642.3794725421541,627.4136501269875,631.6827392578125,7920313,0.0,0.0
2021-09-06 00:00:00+05:30,637.3908582763106,638.685991316524,626.8380682122955,627.9892578125,10223448,0.0,0.0
2021-09-07 00:00:00+05:30,631.2031040250391,652.8363781691955,621.6575597572177,643.2908935546875,28185127,0.0,0.0
2021-09-08 00:00:00+05:30,650.438011809454,656.002234238517,637.9664726077632,640.7006225585938,20876941,0.0,0.0
2021-09-09 00:00:00+05:30,640.700683881577,660.2234255155663,639.9332439355958,658.2567749023438,19784500,0.0,0.0
2021-09-13 00:00:00+05:30,663.8688560900778,668.665578707884,657.9688455128595,665.1160278320312,19704664,0.0,0.0
2021-09-14 00:00:00+05:30,666.7469320631694,671.2558874026442,661.0867870835337,665.9794921875,11694600,0.0,0.0
2021-09-15 00:00:00+05:30,668.6655807320853,705.0728307833979,667.8501796419065,696.0070190429688,56796797,0.0,0.0
2021-09-16 00:00:00+05:30,705.120896049818,707.0395852234345,686.3176347724132,689.3875732421875,45001991,0.0,0.0
2021-09-17 00:00:00+05:30,691.6899599889846,704.8809768889118,691.6899599889846,698.5492553710938,26649321,0.0,0.0
2021-09-20 00:00:00+05:30,695.5273313771177,703.873664364521,691.0183764105964,695.4793701171875,14330899,0.0,0.0
2021-09-21 00:00:00+05:30,693.5127781569445,710.6370969109249,692.6493560989883,697.1102905273438,14216876,0.0,0.0
2021-09-22 00:00:00+05:30,697.4461051569226,702.290849185106,694.6639938229766,697.206298828125,16348622,0.0,0.0
2021-09-23 00:00:00+05:30,703.5859351466007,710.0135800188011,693.8005840384697,697.2542724609375,26497345,0.0,0.0
2021-09-24 00:00:00+05:30,699.4126865761509,722.3891132710593,698.4053807880745,709.3419799804688,72175065,0.0,0.0
2021-09-27 00:00:00+05:30,714.4500478490968,715.3296955723421,701.8909976818836,706.1913452148438,11282248,0.0,0.0
2021-09-28 00:00:00+05:30,707.9994520080022,710.3450796996624,670.4688124083684,680.3890380859375,21944239,0.0,0.0
2021-09-29 00:00:00+05:30,681.2198656822018,686.1066652925475,673.547614155285,678.385498046875,16729859,0.0,0.0
2021-09-30 00:00:00+05:30,680.046996012066,693.7300344012556,671.2507570475868,672.716796875,13911568,0.0,0.0
2021-10-01 00:00:00+05:30,671.7882565312298,671.7882565312298,652.5343155672796,660.5975341796875,14952128,0.0,0.0
2021-10-04 00:00:00+05:30,659.7179560514644,670.6643992529075,654.5379603272052,665.9730834960938,8917898,0.0,0.0
2021-10-05 00:00:00+05:30,668.9051141715344,687.5238076330542,664.9956747191077,683.4188842773438,25598885,0.0,0.0
2021-10-06 00:00:00+05:30,689.7717957471016,691.9219996021628,672.619140280866,675.7467041015625,10406502,0.0,0.0
2021-10-07 00:00:00+05:30,679.9981359158182,686.3021190669724,675.648872522956,676.8217163085938,8121590,0.0,0.0
2021-10-08 00:00:00+05:30,679.4117320892324,683.7120796910492,673.3032329503063,679.7537841796875,6297352,0.0,0.0
2021-10-11 00:00:00+05:30,677.4081663616329,680.2913901825832,669.4915745242067,675.2091064453125,8792050,0.0,0.0
2021-10-12 00:00:00+05:30,675.3556602761828,682.5881470695534,668.7096251882083,670.8109130859375,8579567,0.0,0.0
2021-10-13 00:00:00+05:30,673.4009918500066,681.0243873742492,667.6345444009951,674.2806396484375,7062149,0.0,0.0
2021-10-14 00:00:00+05:30,677.3103793497896,678.2877392045511,666.4127931078732,670.2733764648438,9820591,0.0,0.0
2021-10-18 00:00:00+05:30,684.1519063398185,686.0577700095705,664.2626569239787,665.1911010742188,8574445,0.0,0.0
2021-10-19 00:00:00+05:30,683.1745757872783,683.1745757872783,660.1577618813312,665.6798095703125,7328862,0.0,0.0
2021-10-20 00:00:00+05:30,667.9277905622099,697.7372680049622,665.9730707298983,692.41064453125,21217306,0.0,0.0
2021-10-21 00:00:00+05:30,694.853944281031,696.2222121746655,673.5963691651712,680.291259765625,8908979,0.0,0.0
2021-10-22 00:00:00+05:30,682.685867694061,689.3319028647867,668.7584895771814,678.7764282226562,6587256,0.0,0.0
2021-10-25 00:00:00+05:30,677.3103767187831,688.0613350793986,659.7178994014121,675.453369140625,9540441,0.0,0.0
2021-10-26 00:00:00+05:30,679.2651444465066,693.7789153981741,673.4009849261051,680.43798828125,10953878,0.0,0.0
2021-10-27 00:00:00+05:30,683.5655055876232,698.4702433576061,678.287738515944,686.4486694335938,11878571,0.0,0.0
2021-10-28 00:00:00+05:30,686.8397126980733,690.0649886392043,668.9051812723003,674.134033203125,8884507,0.0,0.0
2021-10-29 00:00:00+05:30,676.5285079712809,685.1292628206784,661.721482210194,669.8335571289062,8602343,0.0,0.0
2021-11-01 00:00:00+05:30,674.329443691216,706.4356910572762,673.9873319500789,696.368896484375,17121001,0.0,0.0
2021-11-02 00:00:00+05:30,696.3688880744598,706.7288785479977,693.4856646072087,697.7860717773438,7725455,0.0,0.0
2021-11-03 00:00:00+05:30,709.3189428607549,715.916122143304,680.2424860228527,683.2722778320312,23261507,0.0,0.0
2021-11-04 00:00:00+05:30,688.0612959789923,688.8431718846705,683.3699808916152,685.2269287109375,1064714,0.0,0.0
2021-11-08 00:00:00+05:30,691.4332852116582,698.7146285239644,688.0613815673483,692.9481811523438,7565546,0.0,0.0
2021-11-09 00:00:00+05:30,695.5870607191639,700.2295202972803,689.1853652315823,697.0531005859375,5278131,0.0,0.0
2021-11-10 00:00:00+05:30,701.2557546453982,721.2916333495524,691.3355274256733,718.7993774414062,15180490,0.0,0.0
2021-11-11 00:00:00+05:30,718.3595586536478,721.8780305898083,707.8529392583733,712.1044311523438,7421118,0.0,0.0
2021-11-12 00:00:00+05:30,716.4047145574143,728.1330318489408,708.8301763066368,726.6669921875,9207508,0.0,0.0
2021-11-15 00:00:00+05:30,723.2462891691912,729.110448270563,719.5323336689846,720.8517456054688,5454742,0.0,0.0
2021-11-16 00:00:00+05:30,724.5658072067622,725.2499711327694,710.5895712325585,713.7659912109375,4639931,0.0,0.0
2021-11-17 00:00:00+05:30,708.1461054009399,715.7695007095103,700.0340301411366,703.7479858398438,8002927,0.0,0.0
2021-11-18 00:00:00+05:30,704.2855627332383,707.0710744089293,691.9708511087321,698.1770629882812,4469597,0.0,0.0
2021-11-22 00:00:00+05:30,723.246274272805,738.8351754935361,716.5024675838021,725.2987060546875,36884348,0.0,0.0
2021-11-23 00:00:00+05:30,728.1331184837996,743.7708767331161,719.0436834320471,741.7184448242188,18240414,0.0,0.0
2021-11-24 00:00:00+05:30,746.7029564048629,764.0999505265648,739.1284172528502,741.7184448242188,21653712,0.0,0.0
2021-11-25 00:00:00+05:30,741.8649734899807,751.1010358945576,735.7564744992964,747.826904296875,8483653,0.0,0.0
2021-11-26 00:00:00+05:30,745.7255737924334,745.7255737924334,716.502490093109,722.0245971679688,11142921,0.0,0.0
2021-11-29 00:00:00+05:30,734.9745875472922,737.9066670188905,710.638304071703,722.6109619140625,15885643,0.0,0.0
2021-11-30 00:00:00+05:30,723.2463696548876,733.2154531672807,706.2891982276846,711.7623901367188,14272616,0.0,0.0
2021-12-01 00:00:00+05:30,716.404812367493,720.7052198228394,701.9887537284474,705.898193359375,10488561,0.0,0.0
2021-12-02 00:00:00+05:30,707.5108386779667,719.0436732935625,697.9815798791517,715.9649658203125,11507427,0.0,0.0
2021-12-03 00:00:00+05:30,713.4727539427089,718.0175015106569,700.0829108764085,702.0864868164062,11024093,0.0,0.0
2021-12-06 00:00:00+05:30,701.744441172204,705.5561688226277,678.1411746168538,681.8062744140625,8804487,0.0,0.0
2021-12-07 00:00:00+05:30,686.4486524700652,689.7228436912676,678.3854338757263,683.0278930664062,10238693,0.0,0.0
2021-12-08 00:00:00+05:30,689.0386969619744,702.7217349158293,686.3998134259259,698.9589233398438,8296393,0.0,0.0
2021-12-09 00:00:00+05:30,700.5715234683173,707.559670206459,694.9028483100926,697.7860717773438,9069515,0.0,0.0
2021-12-10 00:00:00+05:30,694.9028151488448,702.6239814007107,690.9933759637598,694.609619140625,4251339,0.0,0.0
2021-12-13 00:00:00+05:30,698.812307990128,702.1353554139237,682.5392422714106,687.1817016601562,9896899,0.0,0.0
2021-12-14 00:00:00+05:30,685.1292844854381,690.3092799838379,672.8145737040867,675.9420776367188,9275631,0.0,0.0
2021-12-15 00:00:00+05:30,676.0886907053196,679.1673981600261,668.6118638314963,669.9313354492188,7674319,0.0,0.0
2021-12-16 00:00:00+05:30,674.2806429426678,674.2806429426678,662.2590680208547,665.9730834960938,9633006,0.0,0.0
2021-12-17 00:00:00+05:30,665.5820617942825,670.1756650471667,646.1325768026991,650.9705200195312,13850460,0.0,0.0
2021-12-20 00:00:00+05:30,644.2268157589359,646.1815356008462,630.4948611468632,643.34716796875,11812939,0.0,0.0
2021-12-21 00:00:00+05:30,648.9180513560783,655.7107138989949,644.2755923045372,651.8989868164062,8084499,0.0,0.0
2021-12-22 00:00:00+05:30,651.8990541355764,670.4688922593784,651.8990541355764,669.2471923828125,8522226,0.0,0.0
2021-12-23 00:00:00+05:30,673.4009340289767,673.4009340289767,660.2065761053321,663.3829956054688,5602466,0.0,0.0
2021-12-24 00:00:00+05:30,666.6571520584864,667.3901719704346,657.4211488905897,661.7214965820312,3756020,0.0,0.0
2021-12-27 00:00:00+05:30,659.6690517742679,662.9920395180511,653.5116965651204,660.450927734375,3658572,0.0,0.0
2021-12-28 00:00:00+05:30,664.4580805494065,668.0254679190041,659.7667651267241,664.653564453125,3892590,0.0,0.0
2021-12-29 00:00:00+05:30,664.5559136657266,668.0255295770507,659.7179699553902,661.5260620117188,3847574,0.0,0.0
2021-12-30 00:00:00+05:30,662.1612685717674,670.2733430309886,658.9359931425962,663.9693603515625,5701612,0.0,0.0
2021-12-31 00:00:00+05:30,665.0933889231097,678.3854592415854,664.6047089900288,668.3186645507812,4598628,0.0,0.0
2022-01-03 00:00:00+05:30,672.2281052084564,676.9194206436965,667.6345018986812,675.6488647460938,2939833,0.0,0.0
2022-01-04 00:00:00+05:30,676.5773240243454,687.3282818636633,674.7692322490562,681.6596069335938,6473875,0.0,0.0
2022-01-05 00:00:00+05:30,685.0316253715115,686.8397174508231,676.0887578037807,684.1519775390625,4586105,0.0,0.0
2022-01-06 00:00:00+05:30,686.1066206130769,704.1877779939058,684.1519008962305,694.3164672851562,21642414,0.0,0.0
2022-01-07 00:00:00+05:30,697.7372675875106,698.9589674819745,685.5691247079877,688.7455444335938,4315015,0.0,0.0
2022-01-10 00:00:00+05:30,689.4296920463602,695.2449356842152,687.7193122344466,688.9898681640625,3565324,0.0,0.0
2022-01-11 00:00:00+05:30,687.0840408404969,693.4857365449761,678.8741934470788,687.5238647460938,10642484,0.0,0.0
2022-01-12 00:00:00+05:30,691.9219550552933,716.1116126474038,688.2568554201251,713.668212890625,12366953,0.0,0.0
2022-01-13 00:00:00+05:30,712.4953379165026,718.994804846613,709.7098861769192,715.23193359375,5829874,0.0,0.0
2022-01-14 00:00:00+05:30,713.423811521728,714.352315280065,702.184173607765,704.2854614257812,5344096,0.0,0.0
2022-01-17 00:00:00+05:30,703.699159497451,718.1152186677112,703.2593355921016,712.1044311523438,4340924,0.0,0.0
2022-01-18 00:00:00+05:30,710.5406903334014,714.1569341130795,696.4178269923972,698.1770629882812,4312058,0.0,0.0
2022-01-19 00:00:00+05:30,697.8349218057003,698.8122816401622,685.8134077724827,687.7681274414062,5879490,0.0,0.0
2022-01-20 00:00:00+05:30,690.0161010293049,703.3570877504752,689.2830810919509,699.2033081054688,4812496,0.0,0.0
2022-01-21 00:00:00+05:30,693.5345509459607,697.8349583038363,673.7430132629737,679.5094604492188,6704622,0.0,0.0
2022-01-24 00:00:00+05:30,674.6715478284943,690.9934705920967,662.0147248028273,674.2806396484375,11091633,0.0,0.0
2022-01-25 00:00:00+05:30,668.5141337311744,704.1389119988268,666.7060418799217,695.7335815429688,14128764,0.0,0.0
2022-01-27 00:00:00+05:30,690.504773039833,699.7896921394486,685.6179735137196,691.23779296875,8937312,0.0,0.0
2022-01-28 00:00:00+05:30,698.7145891623347,736.9293359028696,685.7645709916278,699.5941772460938,21450677,0.0,0.0
2022-01-31 00:00:00+05:30,711.5179573333035,718.359476153816,703.2592548264513,712.7885131835938,10745370,0.0,0.0
2022-02-01 00:00:00+05:30,716.4047965082539,718.3595162804455,702.0375942519822,706.6800537109375,4814511,0.0,0.0
2022-02-02 00:00:00+05:30,709.6609204398133,715.1830271207223,704.187729471104,708.6347045898438,3286577,0.0,0.0
2022-02-03 00:00:00+05:30,709.5632591123078,712.4953386954165,702.2330601545361,705.311767578125,3651578,0.0,0.0
2022-02-04 00:00:00+05:30,704.7742414900695,706.8755892600161,700.2784095469084,703.8946533203125,3284198,0.0,0.0
2022-02-07 00:00:00+05:30,701.7444614807258,703.7968935652333,683.6633019578937,690.5048217773438,6833983,0.0,0.0
2022-02-08 00:00:00+05:30,695.0983797288978,698.5191394129444,685.129296719014,692.8504638671875,7167684,0.0,0.0
2022-02-09 00:00:00+05:30,691.0911236183185,709.6609607023423,686.2532401006558,703.0637817382812,10185173,0.0,0.0
2022-02-10 00:00:00+05:30,706.5823376605576,710.4917771832351,692.557187580965,707.6574096679688,6074014,0.0,0.0
2022-02-11 00:00:00+05:30,705.3606184518778,708.9768618417731,694.805143960995,698.9589233398438,5646980,0.0,0.0
2022-02-14 00:00:00+05:30,688.061378870615,688.061378870615,669.4915405204139,674.0851440429688,7441445,0.0,0.0
2022-02-15 00:00:00+05:30,680.2424950688517,696.9553256122347,671.0552880844695,695.4404296875,4650249,0.0,0.0
2022-02-16 00:00:00+05:30,701.1579655305535,711.7134397582796,691.9707592721138,705.4583129882812,5433910,0.0,0.0
2022-02-17 00:00:00+05:30,708.0483717917305,711.0293074731547,698.8123090629631,700.7670288085938,5107708,0.0,0.0
2022-02-18 00:00:00+05:30,695.9291056939487,703.259304952687,695.2449418324703,696.4177856445312,4099366,0.0,0.0
2022-02-21 00:00:00+05:30,692.0196403447637,700.3271991956092,687.0839849581591,693.8766479492188,4307430,0.0,0.0
2022-02-22 00:00:00+05:30,678.4832288993174,686.5953038324404,671.9349058858403,683.4188842773438,9148804,0.0,0.0
2022-02-23 00:00:00+05:30,684.2496362862022,692.8993071193354,683.6632442125348,688.4523315429688,4124469,0.0,0.0
2022-02-24 00:00:00+05:30,666.5594249868041,672.961120143625,630.8369340094494,655.7107543945312,14139461,0.0,0.0
2022-02-25 00:00:00+05:30,662.1613125044205,679.4117380863403,662.1613125044205,673.0588989257812,6452099,0.0,0.0
2022-02-28 00:00:00+05:30,665.5821010425676,674.3783402633945,651.3615262328939,670.9575805664062,8301523,0.0,0.0
2022-03-02 00:00:00+05:30,668.514183511193,668.514183511193,650.9217049977406,658.9849243164062,10220908,0.0,0.0
2022-03-03 00:00:00+05:30,659.7179404673583,664.4092561133521,653.46281317049,656.834716796875,6517030,0.0,0.0
2022-03-04 00:00:00+05:30,649.9443629594572,652.8275867258053,635.2839637949581,638.9002075195312,7094874,0.0,0.0
2022-03-07 00:00:00+05:30,625.5102652742868,663.9693491294375,624.5329054847957,660.1088256835938,12615451,0.0,0.0
2022-03-08 00:00:00+05:30,659.7178647668261,671.2995545314093,652.4853783880591,667.5367431640625,8462985,0.0,0.0
2022-03-09 00:00:00+05:30,666.5594414457927,682.1971996028788,659.0337584020324,675.8443603515625,9896395,0.0,0.0
2022-03-10 00:00:00+05:30,684.1030846035682,691.4821400329744,674.9647336040762,681.952880859375,5989327,0.0,0.0
2022-03-11 00:00:00+05:30,680.9266207563014,686.4975838428502,675.8443375957075,679.1184692382812,3353880,0.0,0.0
2022-03-14 00:00:00+05:30,672.5701887991551,688.8920501871107,672.5701887991551,684.5428466796875,4016137,0.0,0.0
2022-03-15 00:00:00+05:30,683.1745500490903,693.4368286978963,679.7537904994882,687.1817016601562,6006439,0.0,0.0
2022-03-16 00:00:00+05:30,693.9254683591007,699.3009473393472,689.0386692861492,695.8801879882812,3843706,0.0,0.0
2022-03-17 00:00:00+05:30,703.6990798880851,711.4691024925113,698.8122807221955,706.533447265625,8168953,0.0,0.0
2022-03-21 00:00:00+05:30,705.6538138052006,707.9505855982281,690.7979321102183,692.166259765625,6317305,0.0,0.0
2022-03-22 00:00:00+05:30,692.4595063030201,704.6765053556493,689.8694786425365,702.9661254882812,3000133,0.0,0.0
2022-03-23 00:00:00+05:30,702.9661026964646,703.5524947706524,687.0840044429818,688.9898681640625,7974713,0.0,0.0
2022-03-24 00:00:00+05:30,682.1972228419685,692.8015540921543,682.0505949929255,690.358154296875,3597143,0.0,0.0
2022-03-25 00:00:00+05:30,696.1733845186554,698.2747319829076,689.8694017792078,693.2901611328125,2930336,0.0,0.0
2022-03-28 00:00:00+05:30,699.0566797465607,720.314257914317,694.0232523190763,716.4536743164062,7960258,0.0,0.0
2022-03-29 00:00:00+05:30,723.6372748790021,745.7255841794807,720.3142274446623,737.8578491210938,15833573,0.0,0.0
2022-03-30 00:00:00+05:30,745.4812066483449,752.4693532596336,727.7421019601874,732.5311889648438,9938988,0.0,0.0
2022-03-31 00:00:00+05:30,735.9519854353198,741.8161446818164,722.9531110362483,737.8578491210938,7371181,0.0,0.0
2022-04-01 00:00:00+05:30,742.5980095002817,749.2929603314922,732.2868749106802,741.3274536132812,5920139,0.0,0.0
2022-04-04 00:00:00+05:30,740.6921278187525,757.4538728667407,739.0795198814095,750.4168701171875,5783224,0.0,0.0
2022-04-05 00:00:00+05:30,750.4169234069421,756.2810828391192,743.7708879811375,749.2440795898438,3990794,0.0,0.0
2022-04-06 00:00:00+05:30,746.702966655519,763.0248889829714,745.7256067515196,758.0892333984375,7490027,0.0,0.0
2022-04-07 00:00:00+05:30,757.4539322282426,760.2393841176914,742.3537096486424,745.1392211914062,5818505,0.0,0.0
2022-04-08 00:00:00+05:30,750.9544465695792,750.9544465695792,740.447827766778,744.845947265625,5583587,0.0,0.0
2022-04-11 00:00:00+05:30,739.8614183490016,747.8757811785568,738.884058483283,740.8876342773438,4927865,0.0,0.0
2022-04-12 00:00:00+05:30,742.7446834008083,742.7446834008083,723.3440531898673,724.8590087890625,3904026,0.0,0.0
2022-04-13 00:00:00+05:30,725.2010648704018,739.3727837930713,721.2427691019744,723.8816528320312,6343030,0.0,0.0
2022-04-18 00:00:00+05:30,719.9722171937607,723.392976953027,707.0221981051097,712.9840698242188,8950327,0.0,0.0
2022-04-19 00:00:00+05:30,722.268951184023,722.268951184023,700.6204059847734,707.119873046875,9957060,0.0,0.0
2022-04-20 00:00:00+05:30,713.5215274827699,727.6443888682967,707.5596564185106,722.6109619140625,6632292,0.0,0.0
2022-04-21 00:00:00+05:30,727.0580361534696,727.0580361534696,713.472710005734,719.092529296875,6111830,0.0,0.0
2022-04-22 00:00:00+05:30,714.4500582467481,724.1259447300192,712.4953385251428,722.0245971679688,5182247,0.0,0.0
2022-04-25 00:00:00+05:30,713.423815361707,726.1783491324975,712.6419394332761,722.6109619140625,3571031,0.0,0.0
2022-04-26 00:00:00+05:30,728.1330916675753,741.718417507664,722.3666446641853,739.17724609375,4987848,0.0,0.0
2022-04-27 00:00:00+05:30,733.0199181439473,744.3084129527012,729.5014463981818,735.4633178710938,4571399,0.0,0.0
2022-04-28 00:00:00+05:30,733.9972579709132,737.2225335919205,727.7421309790773,730.4298706054688,6101866,0.0,0.0
2022-04-29 00:00:00+05:30,734.9746609121279,743.7709002049592,718.897078274012,722.2689819335938,7219115,0.0,0.0
2022-05-02 00:00:00+05:30,717.3821030607072,726.1294853216051,713.8147158803488,724.565673828125,3938533,0.0,0.0
2022-05-04 00:00:00+05:30,720.3142301637016,722.6110020159242,700.767032601593,706.0447998046875,6785271,0.0,0.0
2022-05-05 00:00:00+05:30,709.5632263338404,716.5024571653132,698.07924849717,702.6728515625,4836692,0.0,0.0
2022-05-06 00:00:00+05:30,695.1472818494808,707.5109093879906,691.7265219387979,694.169921875,5912312,0.0,0.0
2022-05-09 00:00:00+05:30,690.1137734209767,704.187779269081,688.5011654436453,695.3915405273438,4819274,0.0,0.0
2022-05-10 00:00:00+05:30,694.9028689109239,712.0066666689283,694.0721368811458,703.3570556640625,6746893,0.0,0.0
2022-05-11 00:00:00+05:30,703.3570542443963,718.3595043862397,700.6693146021348,706.4845581054688,6919703,0.0,0.0
2022-05-12 00:00:00+05:30,699.0566585165326,706.4357137257508,685.3736201114554,689.4296875,6754953,0.0,0.0
2022-05-13 00:00:00+05:30,696.8576301727935,696.8576301727935,669.2472121470131,674.2806396484375,11938252,0.0,0.0
2022-05-16 00:00:00+05:30,670.322228691617,682.1971747203517,664.2626453494147,677.505859375,5412233,0.0,0.0
2022-05-17 00:00:00+05:30,679.2651226353031,693.9255209655614,675.2090552359396,691.0422973632812,4847812,0.0,0.0
2022-05-18 00:00:00+05:30,704.6764048781831,710.6871914163448,673.5963756505557,680.3890380859375,18992703,0.0,0.0
2022-05-19 00:00:00+05:30,669.491543428607,677.3104227679192,652.7297969836304,658.9849243164062,7322668,0.0,0.0
2022-05-20 00:00:00+05:30,672.9121976612685,675.8442769539101,667.536718958092,672.3258056640625,5577407,0.0,0.0
2022-05-23 00:00:00+05:30,666.3639699484315,678.1900605669632,664.2137662311245,670.322265625,3788601,0.0,0.0
2022-05-24 00:00:00+05:30,673.6452733438094,673.6452733438094,660.5486275560331,662.845458984375,4053608,0.0,0.0
2022-05-25 00:00:00+05:30,665.8263560921501,674.2805421262394,664.1648325205981,672.6190185546875,4188088,0.0,0.0
2022-05-26 00:00:00+05:30,674.3782914239647,679.7537705585036,660.5975415040167,677.9456787109375,5780597,0.0,0.0
2022-05-27 00:00:00+05:30,681.2686563677111,684.1518797917813,660.6952439132059,668.9050903320312,7131633,0.0,0.0
2022-05-30 00:00:00+05:30,671.8860383153474,687.81699188046,667.536775068354,683.223388671875,4675033,0.0,0.0
2022-05-31 00:00:00+05:30,681.7085284556581,690.6024796609224,676.9194410969378,684.347412109375,44593174,0.0,0.0
2022-06-01 00:00:00+05:30,685.666843393045,690.2115909052234,675.6000480970897,678.923095703125,3749781,0.0,0.0
2022-06-02 00:00:00+05:30,673.3032888803643,681.1710244941969,667.5856974193927,680.1936645507812,3466993,0.0,0.0
2022-06-03 00:00:00+05:30,681.2687157223793,684.9338153977237,669.7358806746248,670.9575805664062,6673615,0.0,0.0
2022-06-06 00:00:00+05:30,666.7548951586448,674.1828060855537,661.1839321368078,667.4879150390625,6407024,0.0,0.0
2022-06-07 00:00:00+05:30,662.7966414956144,671.6905927437365,658.0564101782608,669.7847290039062,8349903,0.0,0.0
2022-06-08 00:00:00+05:30,667.0481597113303,672.2281554678026,645.4973849436276,648.2828369140625,13904149,0.0,0.0
2022-06-09 00:00:00+05:30,645.0575427940972,664.0183489739164,640.2684553574817,661.037353515625,6774925,0.0,0.0
2022-06-10 00:00:00+05:30,652.8763733250569,661.135075906313,652.8763733250569,658.105224609375,3221484,0.0,0.0
2022-06-13 00:00:00+05:30,645.1553018493845,658.1053216428505,643.1028697434459,656.1017456054688,5982102,0.0,0.0
2022-06-14 00:00:00+05:30,653.9515142058458,673.7919687776454,653.9515142058458,666.6083374023438,8878530,0.0,0.0
2022-06-15 00:00:00+05:30,666.5105973339807,669.4915331054664,658.2518942285133,666.6571655273438,6005970,0.0,0.0
2022-06-16 00:00:00+05:30,667.6345201425303,668.4164557808643,635.2839314924701,639.3888549804688,9525587,0.0,0.0
2022-06-17 00:00:00+05:30,641.1480059573876,646.7678246071665,623.5555301841666,629.07763671875,11085830,0.0,0.0
2022-06-20 00:00:00+05:30,630.3482490870431,632.7916487194037,619.8416306678927,626.3899536132812,3883001,0.0,0.0
2022-06-21 00:00:00+05:30,627.5627096275377,643.2493822878832,625.9989577941374,639.4865112304688,3515991,0.0,0.0
2022-06-22 00:00:00+05:30,633.915595689446,635.625975483177,626.9275083241906,628.2957763671875,4348884,0.0,0.0
2022-06-23 00:00:00+05:30,633.4758762756962,649.5533997514013,633.0849084338621,645.2530517578125,4336533,0.0,0.0
2022-06-24 00:00:00+05:30,647.1099565323132,660.4020867712933,647.1099565323132,656.0039672851562,5621332,0.0,0.0
2022-06-27 00:00:00+05:30,659.7178885432654,671.4462065618123,656.0039331013876,668.4652709960938,5284297,0.0,0.0
2022-06-28 00:00:00+05:30,667.5367906270649,669.3937982397681,660.9884675731208,665.7286987304688,3216376,0.0,0.0
2022-06-29 00:00:00+05:30,661.672674077318,673.4987053952169,659.7179542129833,672.2281494140625,5011798,0.0,0.0
2022-06-30 00:00:00+05:30,674.1827982635054,675.9420340254349,663.6273240386195,669.442626953125,6505666,0.0,0.0
2022-07-01 00:00:00+05:30,669.3449314963219,670.2734353706076,650.9217204762998,658.2030639648438,4488771,0.0,0.0
2022-07-04 00:00:00+05:30,655.3198043813914,669.9802026896999,650.9705409525972,666.4617309570312,4229588,0.0,0.0
2022-07-05 00:00:00+05:30,667.8299917727344,673.694151032533,664.6535721736768,668.9539794921875,3494504,0.0,0.0
2022-07-06 00:00:00+05:30,669.0028891322066,679.2163125916234,668.7096930763987,678.2389526367188,4697006,0.0,0.0
2022-07-07 00:00:00+05:30,676.3330155677864,680.7311348886752,669.9313204869328,671.250732421875,3485283,0.0,0.0
2022-07-08 00:00:00+05:30,672.4235961738952,680.8288672647437,671.1041841997047,679.4117431640625,2732170,0.0,0.0
2022-07-11 00:00:00+05:30,659.7179557569722,665.5821153637008,644.0313407396363,645.5950927734375,18687521,0.0,0.0
2022-07-12 00:00:00+05:30,648.2339029441592,651.8012901613008,645.057483517746,647.9895629882812,7416645,0.0,0.0
2022-07-13 00:00:00+05:30,654.8310649311626,654.8310649311626,626.4876307774257,628.9310302734375,12030163,0.0,0.0
2022-07-14 00:00:00+05:30,635.2839787405708,637.4341825992794,614.5150794355906,627.123046875,11379990,0.0,0.0
2022-07-15 00:00:00+05:30,634.2577000850195,642.6141150496798,628.6867368908083,637.0431518554688,5567877,0.0,0.0
2022-07-18 00:00:00+05:30,642.1254368448363,654.8311151994525,634.4531856997199,648.0384521484375,8982417,0.0,0.0
2022-07-19 00:00:00+05:30,659.7178981303415,661.6726178285054,648.0872920649414,657.6654663085938,7836419,0.0,0.0
2022-07-20 00:00:00+05:30,664.604783612564,664.604783612564,653.0719478275979,655.4664916992188,4458819,0.0,0.0
2022-07-21 00:00:00+05:30,656.2972343834662,664.5559382434529,656.0040383166394,662.9921264648438,3550107,0.0,0.0
2022-07-22 00:00:00+05:30,664.3115045583417,666.4617081673633,659.9133852162428,663.480712890625,2415220,0.0,0.0
2022-07-25 00:00:00+05:30,664.604706508539,671.006401677334,661.2328030522084,663.0409545898438,2913348,0.0,0.0
2022-07-26 00:00:00+05:30,667.1458376051921,669.8335773049181,655.0754668150211,668.6118774414062,5016687,0.0,0.0
2022-07-27 00:00:00+05:30,668.4653346754056,668.4653346754056,654.5379557016319,659.6202392578125,6237523,0.0,0.0
2022-07-28 00:00:00+05:30,663.4319044277844,664.0183561741272,649.1624733998453,651.75244140625,7374170,0.0,0.0
2022-07-29 00:00:00+05:30,657.5676474947034,665.2399575531695,655.8084118228593,662.60107421875,7669970,0.0,0.0
2022-08-01 00:00:00+05:30,665.54626805326,685.0330693428729,664.6627104470199,681.744384765625,8812526,3.0,0.0
2022-08-02 00:00:00+05:30,687.1927569006475,687.4872560984857,668.6876616286328,674.2342529296875,6236599,0.0,0.0
2022-08-03 00:00:00+05:30,675.4123401696111,684.10039645005,674.4306361868064,680.4681396484375,5237250,0.0,0.0
2022-08-04 00:00:00+05:30,685.425776679139,685.7202759091517,668.2459558796971,681.5971069335938,6352142,0.0,0.0
2022-08-05 00:00:00+05:30,685.2293497511666,697.0097970248257,683.6095142836573,690.7760009765625,5811092,0.0,0.0
2022-08-08 00:00:00+05:30,694.9973661895152,696.8625678583164,686.2111033121982,691.4631958007812,5918607,0.0,0.0
2022-08-10 00:00:00+05:30,700.8385418656821,704.8635044837906,693.0830559408861,702.163818359375,12201239,0.0,0.0
2022-08-11 00:00:00+05:30,705.6488124274136,706.2378707694816,692.7885141914218,696.8134765625,7142902,0.0,0.0
2022-08-12 00:00:00+05:30,696.8625516783263,699.4640912130275,693.7211468525556,696.71533203125,4540159,0.0,0.0
2022-08-16 00:00:00+05:30,701.9184331552758,702.9001372575909,687.6837236717073,691.2178344726562,6679663,0.0,0.0
2022-08-17 00:00:00+05:30,694.0647100127288,711.3918091310653,689.4506893486137,709.722900390625,8812954,0.0,0.0
2022-08-18 00:00:00+05:30,711.7354154323878,722.5341596665343,707.7104529124982,719.785400390625,10354897,0.0,0.0
2022-08-19 00:00:00+05:30,716.8403009551149,724.1048748895344,712.7171320093852,718.90185546875,13743828,0.0,0.0
2022-08-22 00:00:00+05:30,718.4600840034419,720.96347726215,711.1464367761102,714.287841796875,8118490,0.0,0.0
2022-08-23 00:00:00+05:30,711.7354117614154,729.0133784795506,709.3302249379783,724.1048583984375,8229797,0.0,0.0
2022-08-24 00:00:00+05:30,709.6247082091124,740.4011643770131,704.8634678048329,725.2338256835938,14922081,0.0,0.0
2022-08-25 00:00:00+05:30,731.1731513276063,740.2539136270551,721.7978898021373,727.4426879882812,9849958,0.0,0.0
2022-08-26 00:00:00+05:30,727.9335658378824,727.9335658378824,714.680560930517,717.4783935546875,5928897,0.0,0.0
2022-08-29 00:00:00+05:30,704.5689270553769,711.637207380319,702.0164608699641,707.4158325195312,5878942,0.0,0.0
2022-08-30 00:00:00+05:30,708.7902769464008,716.7420552550099,698.7768843188685,713.3060913085938,8894800,0.0,0.0
2022-09-01 00:00:00+05:30,713.2079443852264,732.351172073474,713.2079443852264,721.6015014648438,11869518,0.0,0.0
2022-09-02 00:00:00+05:30,711.7354495509142,727.3445682050015,706.4833567526471,721.552490234375,5693707,0.0,0.0
2022-09-05 00:00:00+05:30,721.5524729212148,728.3753280162025,719.8344908428309,726.8536987304688,3660135,0.0,0.0
2022-09-06 00:00:00+05:30,726.8536398463845,751.0035334244151,726.8536398463845,747.3221435546875,10166270,0.0,0.0
2022-09-07 00:00:00+05:30,741.6773414978292,747.9602708068206,673.6452690794029,739.3212280273438,126794211,0.0,0.0
2022-09-08 00:00:00+05:30,745.1133676112315,761.8023363192565,743.199032746325,755.7157592773438,10648073,0.0,0.0
2022-09-09 00:00:00+05:30,758.8572224496511,760.624277736864,748.9420356191805,751.7398681640625,4627905,0.0,0.0
2022-09-12 00:00:00+05:30,752.9669492040553,757.2864706636119,750.5126892653196,755.07763671875,2654087,0.0,0.0
2022-09-13 00:00:00+05:30,759.8389011197003,774.4663147856409,755.9120850932419,769.9013671875,8335652,0.0,0.0
2022-09-14 00:00:00+05:30,761.8023821281639,773.9755369439889,761.5569561029938,769.0178833007812,6645392,0.0,0.0
2022-09-15 00:00:00+05:30,773.5827443478147,776.1842838894634,767.69252040608,770.7357788085938,5485310,0.0,0.0
2022-09-16 00:00:00+05:30,773.5827636379693,773.5827636379693,762.2440942510789,765.3855590820312,20211162,0.0,0.0
2022-09-19 00:00:00+05:30,759.3480103747679,771.6193098313737,758.0718072149718,768.4287719726562,5760313,0.0,0.0
2022-09-20 00:00:00+05:30,772.3065614799156,782.369027645336,770.6376526687884,777.6568603515625,7936714,0.0,0.0
2022-09-21 00:00:00+05:30,777.6568509083098,782.418091361382,764.7474192854662,765.9254760742188,9966193,0.0,0.0
2022-09-22 00:00:00+05:30,776.7242853570599,780.2583961016874,762.1459437189319,769.754150390625,7721133,0.0,0.0
2022-09-23 00:00:00+05:30,773.5827614905697,773.5827614905697,754.6358860418146,757.2373657226562,9271829,0.0,0.0
2022-09-26 00:00:00+05:30,755.8630093195823,757.041066107226,739.4194672644148,741.235595703125,13144297,0.0,0.0
2022-09-27 00:00:00+05:30,744.9660390362119,751.0035424626072,743.346263425111,746.6840209960938,5965026,0.0,0.0
2022-09-28 00:00:00+05:30,741.6773430962862,756.8937545032915,741.1864911154152,747.5184936523438,5546932,0.0,0.0
2022-09-29 00:00:00+05:30,749.9728293533241,754.9304228774749,745.4078815024804,750.6600341796875,5413233,0.0,0.0
2022-09-30 00:00:00+05:30,751.936211961228,794.1985583678136,747.5185438368087,785.2650756835938,7469164,0.0,0.0
2022-10-03 00:00:00+05:30,788.7010496406699,800.6287177746458,783.4488970760119,788.6519165039062,12619046,0.0,0.0
2022-10-04 00:00:00+05:30,798.125368035496,801.8067581094604,792.7259959270148,793.904052734375,5772140,0.0,0.0
2022-10-06 00:00:00+05:30,795.7201677828828,800.9231870159736,772.2574780582787,774.1717529296875,6503205,0.0,0.0
2022-10-07 00:00:00+05:30,777.509566073964,782.2217332785997,770.343138875408,778.5894165039062,6025982,0.0,0.0
2022-10-10 00:00:00+05:30,770.5886361463896,780.2583974494073,765.4346896824694,777.8532104492188,3519416,0.0,0.0
2022-10-11 00:00:00+05:30,782.9090038003244,782.9090038003244,761.8023660803157,766.023681640625,3699862,0.0,0.0
2022-10-12 00:00:00+05:30,766.0236901348346,767.0544674465726,755.1267986933824,761.360595703125,5984299,0.0,0.0
2022-10-13 00:00:00+05:30,760.8206461867753,764.7474624251587,753.6051453161302,754.832275390625,2842056,0.0,0.0
2022-10-14 00:00:00+05:30,765.6800747639609,765.6800747639609,749.0892525902992,751.9362182617188,3608210,0.0,0.0
2022-10-17 00:00:00+05:30,747.0767703541887,756.8938107004988,745.9477867469794,751.9852905273438,4566333,0.0,0.0
2022-10-18 00:00:00+05:30,755.7648217009248,771.2266601360432,754.5868248025399,768.821533203125,4391263,0.0,0.0
2022-10-19 00:00:00+05:30,773.5336968872532,774.2209016870277,765.2382859094183,769.0669555664062,5219180,0.0,0.0
2022-10-20 00:00:00+05:30,767.692590044365,779.4730389964525,764.0602729671124,778.3931884765625,4756732,0.0,0.0
2022-10-21 00:00:00+05:30,775.5461565302794,788.1610289064589,775.3007305313774,782.85986328125,4807736,0.0,0.0
2022-10-24 00:00:00+05:30,785.3632501233106,792.7260305932167,785.3632501233106,787.4248046875,522406,0.0,0.0
2022-10-25 00:00:00+05:30,791.4007513645015,791.5970442415911,784.0870441390944,787.6211547851562,3184277,0.0,0.0
2022-10-27 00:00:00+05:30,791.7442909605968,807.1570560355239,789.4863837016234,802.1503295898438,8159181,0.0,0.0
2022-10-28 00:00:00+05:30,804.0155948434127,809.3168205350383,796.4564618825607,801.9049072265625,3905093,0.0,0.0
2022-10-31 00:00:00+05:30,807.9423741560715,818.5447651382195,804.9972622211162,816.7777099609375,5487233,0.0,0.0
2022-11-01 00:00:00+05:30,812.85096369513,826.0548953185559,806.0281084775233,820.2628173828125,10488759,0.0,0.0
2022-11-02 00:00:00+05:30,814.8143185157238,814.8143185157238,792.4805525564074,795.032958984375,11729925,0.0,0.0
2022-11-03 00:00:00+05:30,794.9348679451705,809.3168564885311,789.4864223591243,803.6720581054688,5897840,0.0,0.0
2022-11-04 00:00:00+05:30,800.7759909945963,806.7643616232242,794.3949147857317,801.4631958007812,3768226,0.0,0.0
2022-11-07 00:00:00+05:30,802.0522240440528,808.973225743972,794.1985914952738,807.64794921875,7171570,0.0,0.0
2022-11-09 00:00:00+05:30,809.1204357161992,810.3966389118967,799.5488218707831,804.0646362304688,3969171,0.0,0.0
2022-11-10 00:00:00+05:30,804.8009995700797,815.501598099475,802.5921653714996,810.6421508789062,4425290,0.0,0.0
2022-11-11 00:00:00+05:30,815.5505935408582,821.5880970752302,808.7277387944719,811.7710571289062,4325441,0.0,0.0
2022-11-14 00:00:00+05:30,803.0338792262891,815.5996785556739,802.0521752174549,806.862548828125,10406576,0.0,0.0
2022-11-15 00:00:00+05:30,807.5988153507167,823.40422570081,807.5988153507167,819.96826171875,6229710,0.0,0.0
2022-11-16 00:00:00+05:30,822.1771313201261,828.6072807813857,812.900016183031,825.8094482421875,3445345,0.0,0.0
2022-11-17 00:00:00+05:30,826.3984358198002,833.8594223568892,823.0606780876585,830.6688842773438,4545534,0.0,0.0
2022-11-18 00:00:00+05:30,834.3992919394115,836.2644935104469,815.8941363611073,821.980712890625,7405949,0.0,0.0
2022-11-21 00:00:00+05:30,821.686255925598,837.1971672915174,819.7228479066598,835.62646484375,5527122,0.0,0.0
2022-11-22 00:00:00+05:30,837.7862777350957,844.8054258881192,829.6380860151473,832.0923461914062,7601660,0.0,0.0
2022-11-23 00:00:00+05:30,836.2645298611011,836.2645298611011,826.2020638439127,827.8218994140625,4596816,0.0,0.0
2022-11-24 00:00:00+05:30,830.5216327133195,835.4301530012232,822.4225742382782,832.82861328125,3455310,0.0,0.0
2022-11-25 00:00:00+05:30,836.4118176923758,844.2654497833842,826.2020720066821,831.3560180664062,2991065,0.0,0.0
2022-11-28 00:00:00+05:30,824.8768120130362,836.9517596101363,820.7536430993179,822.0789794921875,3668846,0.0,0.0
2022-11-29 00:00:00+05:30,823.6496424932342,829.3435136161709,819.7228265576288,820.5572509765625,2680296,0.0,0.0
2022-11-30 00:00:00+05:30,819.526469946307,836.4117903741716,817.3667092081286,833.2212524414062,6874390,0.0,0.0
2022-12-01 00:00:00+05:30,837.3934960947137,837.5898488746756,826.2020467398991,833.073974609375,4506664,0.0,0.0
2022-12-02 00:00:00+05:30,835.822855092357,836.3627803380739,823.7478472998989,833.1231689453125,3505272,0.0,0.0
2022-12-05 00:00:00+05:30,835.4301540434544,836.0191525113535,825.4658338791947,828.6563720703125,3311316,0.0,0.0
2022-12-06 00:00:00+05:30,829.4418186771492,829.5399651198372,814.5199043623068,818.1030883789062,5567349,0.0,0.0
2022-12-07 00:00:00+05:30,822.2261871778288,826.2020764616485,816.7777418690048,818.7411499023438,3771882,0.0,0.0
2022-12-08 00:00:00+05:30,817.7594047730579,824.827685321414,811.1819762083591,817.36669921875,4822179,0.0,0.0
2022-12-09 00:00:00+05:30,815.1088204662198,821.2935436920121,808.8750240240435,819.6246948242188,4615843,0.0,0.0
2022-12-12 00:00:00+05:30,817.3667000406972,821.6371482538832,810.2984794036884,813.2435913085938,3149823,0.0,0.0
2022-12-13 00:00:00+05:30,806.9607034967344,824.631375836079,806.9607034967344,822.717041015625,3832999,0.0,0.0
2022-12-14 00:00:00+05:30,825.2695766772998,826.5948532465925,812.9982754117625,814.029052734375,7491333,0.0,0.0
2022-12-15 00:00:00+05:30,813.8326186775043,815.796026683964,809.267671095103,811.2310791015625,2996482,0.0,0.0
2022-12-16 00:00:00+05:30,809.9057944340389,817.4649271657812,804.8991280358292,807.6969604492188,4309644,0.0,0.0
2022-12-19 00:00:00+05:30,807.6479351906609,829.5889967753319,806.9607303708866,825.0241088867188,6397169,0.0,0.0
2022-12-20 00:00:00+05:30,824.3858990678287,824.3858990678287,806.9606538061985,813.7835083007812,2828863,0.0,0.0
2022-12-21 00:00:00+05:30,817.7594316562212,817.8085048725092,797.4872200973607,799.1070556640625,5079337,0.0,0.0
2022-12-22 00:00:00+05:30,804.0155984965888,809.6113234368502,794.6894102356393,801.6594848632812,3626834,0.0,0.0
2022-12-23 00:00:00+05:30,799.1071344521463,802.9848776165343,790.2717975847393,793.8550415039062,2804496,0.0,0.0
2022-12-26 00:00:00+05:30,790.3208362032854,800.2851563126455,786.4922263461145,796.1619873046875,6023206,0.0,0.0
2022-12-27 00:00:00+05:30,800.0888088503674,804.4574039007886,790.2717682509764,799.8924560546875,1782053,0.0,0.0
2022-12-28 00:00:00+05:30,798.1253780432439,799.0089356394576,786.7867084569486,789.0936889648438,2907741,0.0,0.0
2022-12-29 00:00:00+05:30,792.2842243662966,809.6603976577076,746.1932082358582,805.7335815429688,6110313,0.0,0.0
2022-12-30 00:00:00+05:30,809.6113551115242,809.7095015507273,790.2226998104757,791.3516235351562,3113243,0.0,0.0
2023-01-02 00:00:00+05:30,791.4988568756722,801.266823744217,790.860725302746,798.6162109375,1626846,0.0,0.0
2023-01-03 00:00:00+05:30,795.5238202464974,803.8192311116688,793.7076917960417,802.6411743164062,1717603,0.0,0.0
2023-01-04 00:00:00+05:30,803.9665345044845,805.4390905625847,791.4498080106325,796.9473266601562,2970216,0.0,0.0
2023-01-05 00:00:00+05:30,809.9057770219532,809.9057770219532,789.044567613812,792.333251953125,5297349,0.0,0.0
2023-01-06 00:00:00+05:30,792.7750708354946,797.3890917217311,777.5095852799152,781.4364013671875,3199618,0.0,0.0
2023-01-09 00:00:00+05:30,788.0137957312377,806.4698185481618,786.3939601989077,804.4082641601562,4340729,0.0,0.0
2023-01-10 00:00:00+05:30,810.9856522122543,810.9856522122543,775.8406609188231,778.343994140625,8392344,0.0,0.0
2023-01-11 00:00:00+05:30,760.820633255602,765.3855810225194,737.8978678210268,751.5435180664062,28389020,0.0,0.0
2023-01-12 00:00:00+05:30,751.003535990904,755.2248510722599,739.7630135665648,743.0517578125,12732671,0.0,0.0
2023-01-13 00:00:00+05:30,743.1499180940611,751.9361807606347,738.2413981594901,750.3163452148438,12279288,0.0,0.0
2023-01-16 00:00:00+05:30,752.3779741606388,754.0468230360615,740.8429520902176,745.2606201171875,5779293,0.0,0.0
2023-01-17 00:00:00+05:30,745.2605859029193,754.8321995219293,744.8678803511677,751.6907348632812,6594428,0.0,0.0
2023-01-18 00:00:00+05:30,754.1450197432637,765.7291148821483,751.9852589740073,762.3422241210938,5800899,0.0,0.0
2023-01-19 00:00:00+05:30,761.8023042827073,762.2931562828894,751.6416918463194,757.87548828125,4169463,0.0,0.0
2023-01-20 00:00:00+05:30,761.6550744661251,761.6550744661251,744.4261801180418,750.4636840820312,6289718,0.0,0.0
2023-01-23 00:00:00+05:30,753.8505766052888,761.8023555762649,749.8746272013396,758.562744140625,2685320,0.0,0.0
2023-01-24 00:00:00+05:30,758.8572006373812,763.3239419045307,747.0767525032951,761.458740234375,5012125,0.0,0.0
2023-01-25 00:00:00+05:30,760.7715835607559,766.2200291836868,753.9487282678687,762.293212890625,6560514,0.0,0.0
2023-01-27 00:00:00+05:30,760.7715517474065,764.649294658341,751.788935885271,760.3297729492188,6745926,0.0,0.0
2023-01-30 00:00:00+05:30,757.4828091700936,760.7715536372532,749.0401784394701,756.1084594726562,5420851,0.0,0.0
2023-01-31 00:00:00+05:30,760.8206249388401,764.7474410675567,754.3414022938413,756.2066040039062,8537557,0.0,0.0
2023-02-01 00:00:00+05:30,761.7532731784574,770.2941104374823,742.7572637701757,755.028564453125,4472974,0.0,0.0
2023-02-02 00:00:00+05:30,751.1017445100825,766.7108628687771,751.0526712912862,763.5203247070312,2841909,0.0,0.0
2023-02-03 00:00:00+05:30,765.6310354451344,780.4056698555185,764.1584793261235,778.3931884765625,5493687,0.0,0.0
2023-02-06 00:00:00+05:30,775.2516542682598,780.1111010111111,764.5510567908078,774.8098754882812,2407975,0.0,0.0
2023-02-07 00:00:00+05:30,779.3748726686999,781.2891476397983,768.6742745095481,771.521240234375,4126502,0.0,0.0
2023-02-08 00:00:00+05:30,763.7657278334337,766.7108398944881,751.0035755688649,760.9187622070312,9951783,0.0,0.0
2023-02-09 00:00:00+05:30,755.9120975951042,760.9187641442599,747.3712606126107,752.6234130859375,5913945,0.0,0.0
2023-02-10 00:00:00+05:30,754.881364808795,759.0536071516088,747.0768053838391,757.8264770507812,2954992,0.0,0.0
2023-02-13 00:00:00+05:30,756.893772222126,765.3364025233691,752.6724570715045,754.5376586914062,3705892,0.0,0.0
2023-02-14 00:00:00+05:30,754.9304514168589,763.3730826928872,752.1816919259518,761.0170288085938,3502010,0.0,0.0
2023-02-15 00:00:00+05:30,760.8206492791339,772.7483776190879,758.0718898847854,771.0303955078125,3602838,0.0,0.0
2023-02-16 00:00:00+05:30,775.2026515251795,776.0370760266405,766.3181816574041,770.0977783203125,3399428,0.0,0.0
2023-02-17 00:00:00+05:30,771.5702619489032,773.0428179320419,756.2065705574408,762.587646484375,3093216,0.0,0.0
2023-02-20 00:00:00+05:30,766.9562076390648,779.2765801748881,762.8821122967047,764.8946533203125,3381774,0.0,0.0
2023-02-21 00:00:00+05:30,768.723324889558,773.5827717976128,763.9130111175261,764.7965087890625,2769616,0.0,0.0
2023-02-22 00:00:00+05:30,762.7840679552911,767.3490158814816,752.4761751450844,758.0228271484375,3261898,0.0,0.0
2023-02-23 00:00:00+05:30,759.8389062295378,763.2748702757954,747.9111785015747,748.9910888671875,4062194,0.0,0.0
2023-02-24 00:00:00+05:30,761.507776549053,761.6059229780312,741.1864925188196,743.248046875,4357223,0.0,0.0
2023-02-27 00:00:00+05:30,739.2231464371894,740.5975560685999,724.9393645554616,739.125,6719439,0.0,0.0
2023-02-28 00:00:00+05:30,741.1865259043975,743.2480803534373,726.1173933517374,728.6697998046875,10562614,0.0,0.0
2023-03-01 00:00:00+05:30,728.817085888614,739.6649032883136,727.4426762979957,736.474365234375,3744982,0.0,0.0
2023-03-02 00:00:00+05:30,737.2597411733232,738.04509242923,722.337827637255,726.5591430664062,4910541,0.0,0.0
2023-03-03 00:00:00+05:30,731.369469487613,751.8871067600842,729.945986724382,750.41455078125,5759333,0.0,0.0
2023-03-06 00:00:00+05:30,752.6724861384948,761.7041751304351,751.1017237512027,752.5742797851562,4597345,0.0,0.0
2023-03-08 00:00:00+05:30,750.0218742423356,755.8139519505957,746.7822629472319,752.5252075195312,3546995,0.0,0.0
2023-03-09 00:00:00+05:30,780.4547225536338,780.4547225536338,756.1084740098667,759.2499389648438,5240056,0.0,0.0
2023-03-10 00:00:00+05:30,758.8572278246163,764.6983788840605,754.1450603858527,759.593505859375,4113931,0.0,0.0
2023-03-13 00:00:00+05:30,763.2258238497783,763.5693962990811,749.1874679516965,751.298095703125,3447889,0.0,0.0
2023-03-14 00:00:00+05:30,750.0218589372971,762.5385849863162,750.0218589372971,757.6791381835938,3753502,0.0,0.0
2023-03-15 00:00:00+05:30,744.1316729899942,751.5435266145797,738.7323006925733,742.806396484375,8101060,0.0,0.0
2023-03-16 00:00:00+05:30,736.2780746781632,745.1134115743012,729.8969980309524,732.3021850585938,7465693,0.0,0.0
2023-03-17 00:00:00+05:30,736.2780314382841,745.5551466180983,725.6265665508607,743.3953857421875,9306857,0.0,0.0
2023-03-20 00:00:00+05:30,741.1375139557313,745.8987548198774,735.1000098411471,740.990234375,3566109,0.0,0.0
2023-03-21 00:00:00+05:30,746.0950764759731,751.9853007639413,741.3338358105827,743.1008911132812,5332221,0.0,0.0
2023-03-22 00:00:00+05:30,747.0767841934193,749.2365450933078,739.3704313461932,742.85546875,2680654,0.0,0.0
2023-03-23 00:00:00+05:30,744.1316934935986,751.78897334269,743.0027098329189,749.5801391601562,2454948,0.0,0.0
2023-03-24 00:00:00+05:30,749.5800945982828,752.9669854605127,744.9660737075972,748.500244140625,2336818,0.0,0.0
2023-03-27 00:00:00+05:30,749.0401793612314,755.6176083851856,745.4569356629584,747.8130493164062,2258853,0.0,0.0
2023-03-28 00:00:00+05:30,751.5925972089484,751.5925972089484,729.2097568378593,734.7564086914062,4166723,0.0,0.0
2023-03-29 00:00:00+05:30,737.2597512201696,741.0884210327719,725.3320228888372,729.9951171875,4891868,0.0,0.0
2023-03-31 00:00:00+05:30,738.3887786676632,739.2232032032293,728.4735310932743,735.29638671875,5796532,0.0,0.0
2023-04-03 00:00:00+05:30,741.1865036344628,747.9602850522793,738.2904649147165,746.6349487304688,2120667,0.0,0.0
2023-04-05 00:00:00+05:30,753.9487362257178,753.9487362257178,742.1682872221909,749.4819946289062,3197932,0.0,0.0
2023-04-06 00:00:00+05:30,748.6474737904638,754.6359043603734,745.2115096649032,751.9362182617188,1777379,0.0,0.0
2023-04-10 00:00:00+05:30,754.8813357611016,762.0968365089319,752.4270756538859,755.6666870117188,1701065,0.0,0.0
2023-04-11 00:00:00+05:30,761.8023345601598,761.8023345601598,754.0959818183976,759.9862060546875,3485481,0.0,0.0
2023-04-12 00:00:00+05:30,759.838908975374,760.3788342009026,751.1017192587907,756.991943359375,3794841,0.0,0.0
2023-04-13 00:00:00+05:30,755.9120910722048,757.0410746561244,751.4453497904697,753.0160522460938,4292170,0.0,0.0
2023-04-17 00:00:00+05:30,774.5644531711364,774.5644531711364,740.548385727987,745.75146484375,9083437,0.0,0.0
2023-04-18 00:00:00+05:30,751.0036167999599,751.0036167999599,738.7813890918761,745.8496704101562,4051481,0.0,0.0
2023-04-19 00:00:00+05:30,747.4203628437542,752.8197351790287,742.1682700850079,750.6600341796875,3429794,0.0,0.0
2023-04-20 00:00:00+05:30,750.0219121193314,759.593526835514,748.6475024491103,758.1700439453125,2355441,0.0,0.0
2023-04-21 00:00:00+05:30,755.5194130415359,761.0660648923665,750.4636731342493,751.199951171875,4524208,0.0,0.0
2023-04-24 00:00:00+05:30,751.1999008077828,753.3596615570425,741.8246397409381,746.3404541015625,5271105,0.0,0.0
2023-04-25 00:00:00+05:30,750.954477978197,762.7839990557957,747.8130132313415,758.4644775390625,5773233,0.0,0.0
2023-04-26 00:00:00+05:30,765.631014351457,765.631014351457,753.0651545473258,759.2990112304688,5057352,0.0,0.0
2023-04-27 00:00:00+05:30,757.8755208747218,774.7608423908557,757.2373892796585,772.1102294921875,4129769,0.0,0.0
2023-04-28 00:00:00+05:30,775.3988499366408,787.3756502492918,772.7973703900296,784.6759643554688,6572656,0.0,0.0
2023-05-02 00:00:00+05:30,785.6086674477704,792.0388170033259,774.122718058094,775.7425537109375,6301210,0.0,0.0
2023-05-03 00:00:00+05:30,779.9637820212341,779.9637820212341,762.9803158060987,765.0418701171875,3908267,0.0,0.0
2023-05-04 00:00:00+05:30,765.0419707764087,778.1968292991446,759.4953787246694,774.6626586914062,2457671,0.0,0.0
2023-05-05 00:00:00+05:30,774.6626241134201,776.4788125153248,765.9745674376467,772.8955688476562,1438467,0.0,0.0
2023-05-08 00:00:00+05:30,775.4480026829336,780.7491682574505,770.8339819640062,779.2275390625,2489174,0.0,0.0
2023-05-09 00:00:00+05:30,782.3199323269688,783.7433551753904,776.0370028337971,779.0802612304688,2486331,0.0,0.0
2023-05-10 00:00:00+05:30,782.4181044360955,782.9580296637462,773.6318414678328,781.4854736328125,2737334,0.0,0.0
2023-05-11 00:00:00+05:30,780.0129037322193,780.0129037322193,769.3614392652462,774.1717529296875,4808171,0.0,0.0
2023-05-12 00:00:00+05:30,773.0919153832868,779.1784922880913,770.1468033246839,777.4605102539062,2576010,0.0,0.0
2023-05-15 00:00:00+05:30,778.491334585152,787.817523334911,775.1044435291786,782.4672241210938,7569060,0.0,0.0
2023-05-16 00:00:00+05:30,786.1977075495471,786.5904131584467,769.6560173681402,772.9447021484375,4846217,0.0,0.0
2023-05-17 00:00:00+05:30,773.5827628244319,783.0562305243732,769.5578003354951,777.7550048828125,6529233,0.0,0.0
2023-05-18 00:00:00+05:30,783.3507479561426,788.3083413570749,780.111136619189,784.72509765625,11383252,0.0,0.0
2023-05-19 00:00:00+05:30,784.7251266074632,793.5604632624623,778.7367557309038,791.008056640625,3432240,0.0,0.0
2023-05-22 00:00:00+05:30,786.3448968640175,789.290008837291,784.8723408773808,787.1793212890625,9996762,0.0,0.0
2023-05-23 00:00:00+05:30,794.1494841873458,794.1494841873458,783.3507398963017,785.3141479492188,6516636,0.0,0.0
2023-05-24 00:00:00+05:30,788.2102270132323,788.2102270132323,780.4547408412615,786.7376708984375,9104329,0.0,0.0
2023-05-25 00:00:00+05:30,784.970549283074,810.3967086271305,783.2525671630286,807.64794921875,9570396,0.0,0.0
2023-05-26 00:00:00+05:30,812.7527690719038,814.1761919432759,798.518061010525,802.9848022460938,6150206,0.0,0.0
2023-05-29 00:00:00+05:30,814.2253379983717,814.2253379983717,803.0338882051465,806.2244262695312,3684829,0.0,0.0
2023-05-30 00:00:00+05:30,806.2244674198897,811.2311342090853,797.929056045393,803.4757080078125,5148256,0.0,0.0
2023-05-31 00:00:00+05:30,804.0156022056248,872.4894584374225,803.0338981736277,834.3502807617188,47342125,0.0,0.0
2023-06-01 00:00:00+05:30,822.6189203792087,822.6189203792087,807.9424328534044,812.8018798828125,9713155,0.0,0.0
2023-06-02 00:00:00+05:30,817.5631176160166,823.9441939157261,811.820172913662,821.1954345703125,6834131,0.0,0.0
2023-06-05 00:00:00+05:30,823.1588106606805,825.9566431159367,816.9250141776218,819.2319946289062,5298053,0.0,0.0
2023-06-06 00:00:00+05:30,819.2320073961848,822.9133974833456,811.0348027694902,814.2744140625,2722174,0.0,0.0
2023-06-07 00:00:00+05:30,813.7344566733483,831.9941268166318,812.1146211316327,828.8035888671875,4110739,0.0,0.0
2023-06-08 00:00:00+05:30,832.1904773796779,833.8593861324775,819.2810460512513,820.7045288085938,4050621,0.0,0.0
2023-06-09 00:00:00+05:30,823.2078371154346,824.4349670556576,813.7835031419045,818.250244140625,3332436,0.0,0.0
2023-06-12 00:00:00+05:30,819.5755397403035,827.6745975358217,816.5322813845213,821.048095703125,1569715,0.0,0.0
2023-06-13 00:00:00+05:30,822.7661068344682,828.5581844609981,817.5140143482182,819.084716796875,3224345,0.0,0.0
2023-06-14 00:00:00+05:30,816.777769300161,818.6921041806503,804.015616654846,812.8018798828125,5108720,0.0,0.0
2023-06-15 00:00:00+05:30,811.8691627546518,818.5447375989316,809.1204036915311,814.519775390625,3865201,0.0,0.0
2023-06-16 00:00:00+05:30,807.4515590810923,824.6313794870731,805.7826502579626,822.4716186523438,4907797,0.0,0.0
2023-06-19 00:00:00+05:30,824.6313989627378,824.6313989627378,812.3600983829351,812.9982299804688,3017364,0.0,0.0
2023-06-20 00:00:00+05:30,812.9491130849568,818.4466918056181,811.7219830024602,815.992431640625,2691557,0.0,0.0
2023-06-21 00:00:00+05:30,816.7777907106675,825.3677013701847,815.2070881574547,823.6497192382812,3022724,0.0,0.0
2023-06-22 00:00:00+05:30,821.3918170579097,828.0673928290933,819.428408894711,827.3801879882812,4380046,0.0,0.0
2023-06-23 00:00:00+05:30,828.5581920740979,846.9651424311943,825.956652456245,839.1605834960938,7667340,0.0,0.0
2023-06-26 00:00:00+05:30,841.6639589864734,841.6639589864734,830.8652142352138,836.36279296875,4431992,0.0,0.0
2023-06-27 00:00:00+05:30,840.8294681734377,855.4077484703582,837.9825026325549,849.0758056640625,5533649,0.0,0.0
2023-06-28 00:00:00+05:30,853.5916357274691,857.6165981965239,847.7995581076513,856.2422485351562,6272649,0.0,0.0
2023-06-30 00:00:00+05:30,863.8995543652205,866.8446664823747,851.1864750758132,862.6724243164062,5217511,0.0,0.0
2023-07-03 00:00:00+05:30,863.8994878781538,867.973583294052,858.5982625078832,863.0650634765625,3333167,0.0,0.0
2023-07-04 00:00:00+05:30,857.8129315608896,857.8129315608896,837.6879998343345,849.3212280273438,7397493,0.0,0.0
2023-07-05 00:00:00+05:30,852.1190997179135,855.0642118137127,847.259652776153,850.7938232421875,4284477,0.0,0.0
2023-07-06 00:00:00+05:30,848.5358732272798,861.8380110642725,847.6523755317137,853.7389526367188,6365222,0.0,0.0
2023-07-07 00:00:00+05:30,849.173993000573,867.4336641427969,846.7197329051955,854.5242919921875,18763997,0.0,0.0
2023-07-10 00:00:00+05:30,851.1374268477748,873.3239148143692,849.1740187120245,869.2008056640625,4310681,0.0,0.0
2023-07-11 00:00:00+05:30,873.7166474256633,876.8090393024763,870.0843302785156,875.5819091796875,3353977,0.0,0.0
2023-07-12 00:00:00+05:30,873.6675415039062,879.3123398574556,866.9428327316449,873.6675415039062,3033186,0.0,0.0
2023-07-13 00:00:00+05:30,875.0418399403195,876.9561747316848,867.0900614758267,868.8571166992188,4228714,0.0,0.0
2023-07-14 00:00:00+05:30,868.8080835745823,873.9620298330756,863.5559908785493,870.2806396484375,3860080,0.0,0.0
2023-07-17 00:00:00+05:30,869.7897877149802,880.2449598078321,859.9727472215832,862.0343017578125,5614592,0.0,0.0
2023-07-18 00:00:00+05:30,861.0035027648963,864.0958944096734,847.3578527744569,859.4328002929688,4731911,0.0,0.0
2023-07-19 00:00:00+05:30,859.4328075592721,860.954436826528,851.3337492880989,854.8187866210938,6641825,0.0,0.0
2023-07-20 00:00:00+05:30,855.0642501521999,870.4770161283027,852.1191379243508,868.6608276367188,3779959,0.0,0.0
2023-07-21 00:00:00+05:30,862.0342484095111,875.5818113867556,858.7946372308703,869.7897338867188,7001587,0.0,0.0
2023-07-24 00:00:00+05:30,868.8080600215098,876.2689866260627,864.6848911428009,871.9004516601562,4125577,0.0,0.0
2023-07-25 00:00:00+05:30,871.7531766392531,878.330605608849,863.015986824922,867.4827880859375,3652262,0.0,0.0
2023-07-26 00:00:00+05:30,870.2806587390963,880.0976994468132,867.1391937289347,873.1276245117188,2845581,0.0,0.0
2023-07-27 00:00:00+05:30,873.078407866547,884.9079887226573,871.9004110290613,878.7723388671875,3445446,0.0,0.0
2023-07-28 00:00:00+05:30,883.4354939517375,883.4354939517375,874.2565251810664,878.7232666015625,2314339,0.0,0.0
2023-07-31 00:00:00+05:30,877.6434319273872,881.3738953814177,869.0535213799994,873.6184692382812,4424817,0.0,0.0
2023-08-01 00:00:00+05:30,878.134197080197,880.981162547336,871.9004008670768,875.3363647460938,2087412,0.0,0.0
2023-08-02 00:00:00+05:30,867.0410283605211,874.3547355117938,856.6349294864441,862.0343017578125,3328903,0.0,0.0
2023-08-03 00:00:00+05:30,858.9910150817819,865.9120164196064,849.2721213437592,855.7514038085938,4642067,0.0,0.0
2023-08-04 00:00:00+05:30,853.1007743125596,876.6125970497444,850.352015101688,873.3729858398438,7066276,0.0,0.0
2023-08-07 00:00:00+05:30,868.9553531806273,884.073559414361,867.9245160059864,875.0910034179688,4086452,0.0,0.0
2023-08-08 00:00:00+05:30,875.6800285446542,877.9379359170748,864.3413585443882,869.2008056640625,3282856,0.0,0.0
2023-08-09 00:00:00+05:30,868.8080024775977,881.030228733431,862.7214259567756,867.5317993164062,3185159,0.0,0.0
2023-08-10 00:00:00+05:30,865.8629587692443,867.7282204029109,852.3154550715126,858.794677734375,3439922,0.0,0.0
2023-08-11 00:00:00+05:30,859.9781172257823,861.6546921077359,853.0746231654836,858.548095703125,2812690,4.0,0.0
2023-08-14 00:00:00+05:30,858.49882301156,858.5974202807814,845.7766452099597,855.0963745117188,2665905,0.0,0.0
2023-08-16 00:00:00+05:30,858.005693480659,861.9505472437885,841.4373197142536,845.1356201171875,3962408,0.0,0.0
2023-08-17 00:00:00+05:30,845.3822058603738,847.9956354623415,838.281456776003,844.8890991210938,3013019,0.0,0.0
2023-08-18 00:00:00+05:30,844.8891206153813,850.1160401459854,840.5004584854014,844.4453125,4929835,0.0,0.0
2023-08-21 00:00:00+05:30,843.8535657509539,861.9505585491952,842.3248867427377,859.9288330078125,3220142,0.0,0.0
2023-08-22 00:00:00+05:30,858.9918886146853,867.8185107603136,854.2580762385547,865.5502319335938,3333869,0.0,0.0
2023-08-23 00:00:00+05:30,864.9091781574083,864.9091781574083,854.8497891321188,856.1812133789062,1860153,0.0,0.0
2023-08-24 00:00:00+05:30,860.9643023842145,862.6408772111002,852.2856364607746,857.4632568359375,2842728,0.0,0.0
2023-08-25 00:00:00+05:30,857.4632452641665,863.87363230881,849.2283273290653,861.4573974609375,3124339,0.0,0.0
2023-08-28 00:00:00+05:30,861.9998317881169,863.6764066487824,853.9128696671406,858.350830078125,3094455,0.0,0.0
2023-08-29 00:00:00+05:30,858.0056755843035,858.0056755843035,836.8020870497488,843.4097290039062,14064286,0.0,0.0
2023-08-30 00:00:00+05:30,847.9955846502774,850.7076715538085,844.6424951403073,845.924560546875,3261665,0.0,0.0
2023-08-31 00:00:00+05:30,843.7055845242102,847.6504382215765,835.3720690497859,844.5932006835938,12528190,0.0,0.0
2023-09-01 00:00:00+05:30,841.3880157216618,855.5894530622558,840.9935062703851,854.0115356445312,4427899,0.0,0.0
2023-09-04 00:00:00+05:30,853.8142914881948,857.463293279756,847.8477121743447,853.3704833984375,3102649,0.0,0.0
2023-09-05 00:00:00+05:30,851.2007735241998,855.8359886086195,846.56561863347,853.9622192382812,2216754,0.0,0.0
2023-09-06 00:00:00+05:30,855.1950254138994,870.234780670061,853.8636011274664,868.1636962890625,4235096,0.0,0.0
2023-09-07 00:00:00+05:30,868.1636721404094,871.5168218866454,861.1122822179088,863.2326049804688,4532834,0.0,0.0
2023-09-08 00:00:00+05:30,869.6429936291222,878.3710186318876,866.0433507130305,873.6371459960938,3741470,0.0,0.0
2023-09-11 00:00:00+05:30,875.7575353033365,879.9982410594229,871.4181720869694,878.5189208984375,2733894,0.0,0.0
2023-09-12 00:00:00+05:30,882.5624724042685,884.1403899038642,872.7989348186501,878.12451171875,4106031,0.0,0.0
2023-09-13 00:00:00+05:30,875.8067842822528,905.3438871940422,873.3412508203954,902.533203125,5222561,0.0,0.0
2023-09-14 00:00:00+05:30,907.6122163591562,907.9080683522764,897.5528272372292,902.3359985351562,5513106,0.0,0.0
2023-09-15 00:00:00+05:30,900.0183987790812,935.6207415631934,897.4542678056854,923.2437744140625,14003428,0.0,0.0
2023-09-18 00:00:00+05:30,916.5867864397319,922.8985162790999,905.3439292538741,907.5136108398438,2977375,0.0,0.0
2023-09-20 00:00:00+05:30,898.4404442785624,906.6260037958198,892.3259089088394,898.1445922851562,5241903,0.0,0.0
2023-09-21 00:00:00+05:30,897.651462729919,907.4642982518225,890.8958647182594,905.2946166992188,4896202,0.0,0.0
2023-09-22 00:00:00+05:30,905.2946469856972,909.6339500423854,891.3397026135427,898.8349609375,6112928,0.0,0.0
2023-09-25 00:00:00+05:30,899.4266723357491,900.7580364245587,889.6138364047512,897.8487548828125,5278045,0.0,0.0
2023-09-26 00:00:00+05:30,897.4542161101915,908.2532651449808,895.4817892615977,900.1170043945312,5355047,0.0,0.0
2023-09-27 00:00:00+05:30,902.3359473168656,908.3518248790391,894.9393469402484,907.5628662109375,4713145,0.0,0.0
2023-09-28 00:00:00+05:30,913.2336393937695,919.1509199945931,905.9356359086107,912.8884887695312,7386917,0.0,0.0
2023-09-29 00:00:00+05:30,919.1509451291062,923.4903084325146,909.0915557938903,913.628173828125,5608557,0.0,0.0
2023-10-03 00:00:00+05:30,905.5904812892251,915.4526155804227,903.4207997064234,912.5432739257812,4338272,0.0,0.0
2023-10-04 00:00:00+05:30,905.6397695897889,913.184326313958,905.6397695897889,911.5077514648438,5603669,0.0,0.0
2023-10-05 00:00:00+05:30,912.2967733498577,916.784032673227,906.7247032691707,916.0443725585938,7063132,0.0,0.0
2023-10-06 00:00:00+05:30,916.3895554485728,916.3895554485728,911.5570854361968,913.282958984375,2420855,0.0,0.0
2023-10-09 00:00:00+05:30,905.3439637249619,915.2553970407287,903.9139421574639,911.8036499023438,2248103,0.0,0.0
2023-10-10 00:00:00+05:30,911.8036443363156,940.8969414679625,908.3518972190016,935.2755126953125,7897875,0.0,0.0
2023-10-11 00:00:00+05:30,935.4234457782845,943.6090052735049,934.9303390593714,942.425537109375,5645289,0.0,0.0
2023-10-12 00:00:00+05:30,942.4255453988175,943.609013573357,933.9441338363861,937.2479248046875,5544735,0.0,0.0
2023-10-13 00:00:00+05:30,933.2537507159111,942.7707343311474,933.2537507159111,941.0448608398438,4421671,0.0,0.0
2023-10-16 00:00:00+05:30,944.7431622956171,945.5321209966937,930.8375168901686,933.5003051757812,1881721,0.0,0.0
2023-10-17 00:00:00+05:30,933.5003506681002,947.0114872846042,932.9579452967827,940.5025024414062,3863410,0.0,0.0
2023-10-18 00:00:00+05:30,939.8613960329486,945.680079330356,937.5438185567234,939.7134399414062,2334392,0.0,0.0
2023-10-19 00:00:00+05:30,932.7606353255136,938.1848091048574,928.3719735925793,929.949951171875,4306963,0.0,0.0
2023-10-20 00:00:00+05:30,924.8709418589913,934.437224160907,924.0819831543746,932.1689453125,3125104,0.0,0.0
2023-10-23 00:00:00+05:30,928.6185596560593,936.015160524795,924.0820018673782,926.3502807617188,2180066,0.0,0.0
2023-10-25 00:00:00+05:30,911.8529200386376,926.695480424769,906.3301488673036,909.8804931640625,6365249,0.0,0.0
2023-10-26 00:00:00+05:30,908.9436679922419,911.8529495715125,887.6414209406829,893.0162963867188,6595332,0.0,0.0
2023-10-27 00:00:00+05:30,898.1938860436366,905.7384428998489,893.9531803113205,901.9907836914062,3508393,0.0,0.0
2023-10-30 00:00:00+05:30,902.1880683635893,919.1016534149405,897.7994063928543,913.480224609375,3686768,0.0,0.0
2023-10-31 00:00:00+05:30,907.6122636166848,910.8174574620398,899.8212131549619,901.7936401367188,5697563,0.0,0.0
2023-11-01 00:00:00+05:30,890.5507468445904,901.9415001724689,883.1048473233325,900.856689453125,4821458,0.0,0.0
2023-11-02 00:00:00+05:30,907.3163835051998,913.1843656329122,903.7660391254826,911.11328125,6611573,0.0,0.0
2023-11-03 00:00:00+05:30,912.2474246213361,920.827493518675,909.4860390504098,917.9181518554688,3895154,0.0,0.0
2023-11-06 00:00:00+05:30,921.3206416028502,927.7310291988325,917.1785329636305,926.251708984375,2760800,0.0,0.0
2023-11-07 00:00:00+05:30,923.1451095320351,926.0051526817365,919.594765106062,924.22998046875,3616946,0.0,0.0
2023-11-08 00:00:00+05:30,928.815815102141,928.815815102141,921.5178716888993,923.83544921875,1808553,0.0,0.0
2023-11-09 00:00:00+05:30,923.8354570439095,924.3778624072252,917.7209215638343,919.49609375,3914416,0.0,0.0
2023-11-10 00:00:00+05:30,916.1922738561013,924.0819812735921,916.1922738561013,922.6026611328125,1345614,0.0,0.0
2023-11-13 00:00:00+05:30,925.0681983988553,927.3364772517135,920.926089949376,922.1095581054688,1656368,0.0,0.0
2023-11-15 00:00:00+05:30,934.9303441097862,939.5655593313472,923.2930375193099,936.9027709960938,4816316,0.0,0.0
2023-11-16 00:00:00+05:30,935.9165790075699,940.749049067278,930.2458515794418,936.458984375,5310736,0.0,0.0
2023-11-17 00:00:00+05:30,935.7193104110979,940.8476323958093,932.9579247866202,934.239990234375,3249469,0.0,0.0
2023-11-20 00:00:00+05:30,935.9165590901432,951.0056127564409,928.9637663432277,948.1456298828125,4646962,0.0,0.0
2023-11-21 00:00:00+05:30,953.668373421375,962.8894447849433,947.7510929244481,957.4652709960938,5704644,0.0,0.0
2023-11-22 00:00:00+05:30,960.8677523229487,962.8401792230035,952.6328940926968,956.3804931640625,3309732,0.0,0.0
2023-11-23 00:00:00+05:30,956.6270204282941,967.4753680826356,950.4138879013639,963.1853637695312,2749555,0.0,0.0
2023-11-24 00:00:00+05:30,961.5581133824509,963.6784963766171,957.6132595839587,959.733642578125,2322104,0.0,0.0
2023-11-28 00:00:00+05:30,960.6211428146819,974.378831677202,957.8104587238577,971.3215942382812,5096984,0.0,0.0
2023-11-29 00:00:00+05:30,982.1699866016216,993.2155289479946,977.2882180466725,981.6768798828125,5647918,0.0,0.0
2023-11-30 00:00:00+05:30,981.2823382714245,1004.1625013130739,979.0140594779771,1000.7107543945312,9934052,0.0,0.0
2023-12-01 00:00:00+05:30,1001.0066063773827,1008.4525055486441,994.3003672600947,1000.7107543945312,5544950,0.0,0.0
2023-12-04 00:00:00+05:30,1021.7171497734981,1029.6068574937567,1011.0659961961945,1018.659912109375,5164902,0.0,0.0
2023-12-05 00:00:00+05:30,1024.4786206887675,1031.529950826312,1008.0087831874522,1016.8847045898438,4266159,0.0,0.0
2023-12-06 00:00:00+05:30,1014.9122104438597,1020.7308937222647,999.4780064762542,1010.3262939453125,4121251,0.0,0.0
2023-12-07 00:00:00+05:30,1001.0066415405273,1005.6418567469901,984.2410130615234,986.2134399414062,13805235,0.0,0.0
2023-12-08 00:00:00+05:30,984.9313421944802,990.158261215946,977.633338900871,986.4599609375,6630766,0.0,0.0
2023-12-11 00:00:00+05:30,982.367182940045,990.7499971752111,978.3730305490866,987.0516967773438,6195119,0.0,0.0
2023-12-12 00:00:00+05:30,985.4737231617027,987.051640497346,973.3926092175137,981.5288696289062,7119331,0.0,0.0
2023-12-13 00:00:00+05:30,979.5071652807429,988.1858312006535,977.8305904545389,986.1148071289062,4153219,0.0,0.0
2023-12-14 00:00:00+05:30,992.1306945323441,997.2590163241321,985.375156723591,991.3417358398438,6541673,0.0,0.0
2023-12-15 00:00:00+05:30,985.8683015288926,996.9138440381273,974.6254440967956,978.8661499023438,10119597,0.0,0.0
2023-12-18 00:00:00+05:30,981.2823531014303,985.0299520594615,968.609534729305,976.5978393554688,5750263,0.0,0.0
2023-12-19 00:00:00+05:30,981.7261869940402,984.1917206093783,972.3078606221873,974.8226928710938,3912964,0.0,0.0
2023-12-20 00:00:00+05:30,979.2113323582611,979.9509924259523,955.6408074570255,958.1556396484375,3990591,0.0,0.0
2023-12-21 00:00:00+05:30,954.654614673378,968.0177948131771,946.7649071140938,964.4181518554688,4294277,0.0,0.0
2023-12-22 00:00:00+05:30,968.3629742106023,985.1779008619243,962.1004829224306,975.907470703125,4605120,0.0,0.0
2023-12-26 00:00:00+05:30,981.2823795830698,988.6789804341984,976.0061617200747,986.0654907226562,2460643,0.0,0.0
2023-12-27 00:00:00+05:30,986.2134182789054,1009.9318991434651,984.2409914423476,1007.1211547851562,4791379,0.0,0.0
2023-12-28 00:00:00+05:30,1009.7838897772814,1027.5849688056066,1008.1073150159249,1022.4073486328125,5288328,0.0,0.0
2023-12-29 00:00:00+05:30,1018.9064574386966,1028.8671892794778,1010.2770896877305,1017.969482421875,4631749,0.0,0.0
2024-01-01 00:00:00+05:30,1017.7228936715331,1017.7228936715331,993.1169169235629,999.08349609375,3804406,0.0,0.0
2024-01-02 00:00:00+05:30,1003.3736129464141,1011.3125591830157,1001.992890004757,1007.6143188476562,6865791,0.0,0.0
2024-01-03 00:00:00+05:30,1017.7229677631221,1022.7033940666183,1007.269128796139,1020.9281616210938,3604276,0.0,0.0
2024-01-04 00:00:00+05:30,1020.9775004580986,1044.2028759598666,1013.3837048520998,1033.453125,4664043,0.0,0.0
2024-01-05 00:00:00+05:30,1039.2718299091878,1048.9860087642198,1024.6264631883344,1032.1710205078125,4008221,0.0,0.0
2024-01-08 00:00:00+05:30,1035.524134907209,1044.4000560635563,1030.839620963581,1034.5872802734375,4489695,0.0,0.0
2024-01-09 00:00:00+05:30,1042.4276178663692,1053.1773685613894,1033.6010556335234,1049.82421875,3371125,0.0,0.0
2024-01-10 00:00:00+05:30,1052.2403572179799,1058.5029087264575,1040.7510672186897,1048.0489501953125,3111573,0.0,0.0
2024-01-11 00:00:00+05:30,1051.0569423823747,1059.0946057565116,1042.7727256555797,1048.1968994140625,2604325,0.0,0.0
2024-01-12 00:00:00+05:30,1043.5123480923305,1063.6804838450962,1037.101961154325,1061.5107421875,3394013,0.0,0.0
2024-01-15 00:00:00+05:30,1063.1875076729355,1089.4700010352597,1059.7357604364315,1087.2017822265625,3312897,0.0,0.0
2024-01-16 00:00:00+05:30,1091.7383274373713,1101.6004622832372,1077.9313386531587,1080.7913818359375,5025540,0.0,0.0
2024-01-17 00:00:00+05:30,1076.9450263476158,1093.6612952225112,1063.9270577005625,1070.2880859375,4568700,0.0,0.0
2024-01-18 00:00:00+05:30,1060.3767498063035,1080.8900395884882,1060.3767498063035,1072.0634765625,4407330,0.0,0.0
2024-01-19 00:00:00+05:30,1075.9588555772568,1120.6836106935739,1074.775447612418,1109.4901123046875,11753391,0.0,0.0
2024-01-23 00:00:00+05:30,1129.214381611615,1156.384609865607,1119.3522472743955,1142.03515625,18194595,0.0,0.0
2024-01-24 00:00:00+05:30,1124.3819600280942,1177.538890467549,1124.3819600280942,1173.544677734375,9546592,0.0,0.0
2024-01-25 00:00:00+05:30,1169.6491325650616,1184.0971834486747,1141.098301809594,1144.550048828125,11424697,0.0,0.0
2024-01-29 00:00:00+05:30,1142.0351199900256,1153.6231274683355,1142.0351199900256,1146.1279296875,4015858,0.0,0.0
2024-01-30 00:00:00+05:30,1146.1280167017399,1164.5701605719744,1138.6328183518679,1142.67626953125,3902023,0.0,0.0
2024-01-31 00:00:00+05:30,1143.021409175492,1158.8501834885712,1130.3978286327495,1154.56005859375,5981966,0.0,0.0
2024-02-01 00:00:00+05:30,1148.988009796964,1154.066912673751,1133.109877194679,1135.328857421875,3606209,0.0,0.0
2024-02-02 00:00:00+05:30,1139.0764964379189,1158.99795930292,1129.510274449626,1134.9344482421875,4969983,0.0,0.0
2024-02-05 00:00:00+05:30,1138.4354332057546,1143.6624124679106,1094.6968922635126,1098.197998046875,7809331,0.0,0.0
2024-02-06 00:00:00+05:30,1109.4901254427007,1140.1613394996843,1107.5176985530247,1118.4154052734375,9863065,0.0,0.0
2024-02-07 00:00:00+05:30,1123.0998253656078,1132.4194934862473,1116.1963318281346,1118.661865234375,2770694,0.0,0.0
2024-02-08 00:00:00+05:30,1128.6226667278795,1130.6936908412158,1100.8113759331113,1126.4036865234375,6519392,0.0,0.0
2024-02-09 00:00:00+05:30,1130.1511777731437,1130.1511777731437,1100.860688461307,1104.8055419921875,4203171,0.0,0.0
2024-02-12 00:00:00+05:30,1107.4191464085875,1113.4350245897435,1095.979094059811,1103.2769775390625,3887976,0.0,0.0
2024-02-13 00:00:00+05:30,1095.683061082551,1109.4900483509177,1088.582372928055,1102.4385986328125,3211554,0.0,0.0
2024-02-14 00:00:00+05:30,1094.6968622727188,1105.693165642393,1089.4698831537632,1100.4661865234375,4653070,0.0,0.0
2024-02-15 00:00:00+05:30,1106.8274275131657,1115.8511844698764,1094.1052496499617,1105.2493896484375,5056712,0.0,0.0
2024-02-16 00:00:00+05:30,1108.5039358956474,1111.5119351222047,1101.4524855355598,1104.55908203125,3091952,0.0,0.0
2024-02-19 00:00:00+05:30,1105.5946838741286,1129.2144488635233,1102.9318352120604,1126.4530029296875,4711035,0.0,0.0
2024-02-20 00:00:00+05:30,1129.2142831075255,1135.7232671248194,1119.352149630604,1128.1787109375,5397418,0.0,0.0
2024-02-21 00:00:00+05:30,1139.0764908260933,1143.1693005632474,1116.985286320475,1124.1846923828125,4570259,0.0,0.0
2024-02-22 00:00:00+05:30,1121.9164408102838,1123.0506103999107,1082.5172600866651,1119.894775390625,8642368,0.0,0.0
2024-02-23 00:00:00+05:30,1111.4626252854,1116.2457367293362,1099.9239753783875,1110.2298583984375,6709844,0.0,0.0
2024-02-26 00:00:00+05:30,1102.6851613345705,1110.3776738900342,1089.1247272952041,1094.7462158203125,3186134,0.0,0.0
2024-02-27 00:00:00+05:30,1097.655593148039,1115.4074356248268,1086.1169436930818,1111.9556884765625,7149094,0.0,0.0
2024-02-28 00:00:00+05:30,1117.7742707941488,1136.7588783901397,1108.0107342387355,1113.1883544921875,5302711,0.0,0.0
2024-02-29 00:00:00+05:30,1103.4249542734735,1122.261608112162,1083.8486403071868,1107.8629150390625,13818650,0.0,0.0
2024-03-01 00:00:00+05:30,1112.4487368474558,1125.0229579421414,1101.9948986815073,1113.1390380859375,5927490,0.0,0.0
2024-03-04 00:00:00+05:30,1116.3936046571737,1133.4057863535838,1116.3936046571737,1117.8729248046875,5855090,0.0,0.0
2024-03-05 00:00:00+05:30,1117.4291844237036,1163.4853038374815,1117.4291844237036,1152.784912109375,5375008,0.0,0.0
2024-03-06 00:00:00+05:30,1157.7652047342087,1180.1029629382997,1141.394085919773,1177.242919921875,5464839,0.0,0.0
2024-03-07 00:00:00+05:30,1193.1702462395453,1196.8685464533642,1173.051468998895,1183.16015625,8903981,0.0,0.0
2024-03-11 00:00:00+05:30,1169.6490675331627,1201.5038078308794,1169.6490675331627,1180.1029052734375,6679208,0.0,0.0
2024-03-12 00:00:00+05:30,1183.4561757188085,1191.3458835569338,1181.286554218279,1187.6475830078125,4249548,0.0,0.0
2024-03-13 00:00:00+05:30,1195.2905677640374,1195.2905677640374,1135.821855222809,1152.6368408203125,7528096,0.0,0.0
2024-03-14 00:00:00+05:30,1157.765282516524,1183.160279973648,1147.5087584942378,1178.130615234375,8569080,0.0,0.0
2024-03-15 00:00:00+05:30,1173.5940161533042,1205.9418657618958,1171.4736331390798,1203.180419921875,10115416,0.0,0.0
2024-03-18 00:00:00+05:30,1208.1114364526068,1213.5849690747523,1198.4464968060338,1208.4073486328125,4141080,0.0,0.0
2024-03-19 00:00:00+05:30,1199.432765550153,1223.299203587274,1197.8548480868242,1211.415283203125,7703719,0.0,0.0
2024-03-20 00:00:00+05:30,1211.3166431983411,1221.9184375515933,1206.7800855060536,1214.8177490234375,6596032,0.0,0.0
2024-03-21 00:00:00+05:30,1220.9321825847028,1225.764652295995,1197.3616583749379,1203.9693603515625,9952250,0.0,0.0
2024-03-22 00:00:00+05:30,1210.0345941630235,1227.8357958236961,1205.152885539403,1219.0584716796875,7840007,0.0,0.0
2024-03-26 00:00:00+05:30,1208.1114521799027,1216.987373053061,1193.3182507246386,1196.37548828125,10898138,0.0,0.0
2024-03-27 00:00:00+05:30,1193.860764688126,1211.3166949583808,1193.860764688126,1207.914306640625,5779169,0.0,0.0
2024-03-28 00:00:00+05:30,1210.034466998073,1221.4252797726228,1203.4762442845683,1211.6617431640625,10518377,0.0,0.0
2024-04-01 00:00:00+05:30,1211.0700916347114,1214.9163480879006,1191.345823041312,1200.56689453125,5461473,0.0,0.0
2024-04-02 00:00:00+05:30,1208.1114826009014,1210.8235696026586,1186.6119811229273,1191.5924072265625,3625577,0.0,0.0
2024-04-03 00:00:00+05:30,1178.5250535458156,1223.4963620555268,1173.0515208325537,1208.8017578125,9532291,0.0,0.0
2024-04-04 00:00:00+05:30,1214.9656032702455,1216.0011755406229,1184.7382575442073,1190.211669921875,7327626,0.0,0.0
2024-04-05 00:00:00+05:30,1189.2748044431585,1194.6496195048844,1172.558414500141,1174.5802001953125,4227519,0.0,0.0
2024-04-08 00:00:00+05:30,1171.6214715679616,1193.8606309887841,1166.7890020269492,1188.0911865234375,4827733,0.0,0.0
2024-04-09 00:00:00+05:30,1198.1999676555577,1198.1999676555577,1181.7796102321865,1187.8447265625,3372798,0.0,0.0
2024-04-10 00:00:00+05:30,1196.52343481367,1213.7328108808472,1192.0854744125477,1212.4508056640625,6442196,0.0,0.0
2024-04-12 00:00:00+05:30,1209.196275824134,1214.8670031093752,1202.7366500185933,1208.6539306640625,7877073,0.0,0.0
2024-04-15 00:00:00+05:30,1193.909974792086,1217.973606974979,1193.66342143035,1207.667724609375,4281602,0.0,0.0
2024-04-16 00:00:00+05:30,1207.0266838354057,1216.938056925768,1195.340078353171,1199.6793212890625,5235632,0.0,0.0
2024-04-18 00:00:00+05:30,1203.1804169804218,1264.177695190026,1199.038368617902,1248.2996826171875,19939924,0.0,0.0
2024-04-19 00:00:00+05:30,1262.3532050038789,1278.6257267871322,1236.0705927128452,1271.2291259765625,13103862,0.0,0.0
2024-04-22 00:00:00+05:30,1286.022283205372,1287.4030060531604,1270.4894220393564,1279.6612548828125,7894656,0.0,0.0
2024-04-23 00:00:00+05:30,1291.9396462393458,1332.374398526226,1284.148535745616,1323.8436279296875,12074766,0.0,0.0
2024-04-24 00:00:00+05:30,1333.3604905976906,1335.3329173589298,1315.1649018802093,1317.9755859375,6277492,0.0,0.0
2024-04-25 00:00:00+05:30,1312.6501010793654,1325.2736813859462,1306.0917575637384,1320.243896484375,8512627,0.0,0.0
2024-04-26 00:00:00+05:30,1319.5535551735718,1327.147350348094,1303.774140462976,1307.718994140625,5289771,0.0,0.0
2024-04-29 00:00:00+05:30,1306.2397292639869,1327.443318678238,1301.8017686889111,1314.080078125,3195888,0.0,0.0
2024-04-30 00:00:00+05:30,1304.9083256985014,1316.3977362505912,1301.752370485921,1304.070068359375,5272565,0.0,0.0
2024-05-02 00:00:00+05:30,1297.1171973947226,1301.7031138636721,1275.7656528279133,1286.0716552734375,7995432,0.0,0.0
2024-05-03 00:00:00+05:30,1287.9947425863597,1292.4327030317183,1240.8044539281873,1259.7890625,11290875,0.0,0.0
2024-05-06 00:00:00+05:30,1257.422082209037,1280.548738232754,1255.646849938026,1265.706298828125,5555467,0.0,0.0
2024-05-07 00:00:00+05:30,1268.615651566955,1276.6039564611576,1253.4772991363725,1268.41845703125,5767030,0.0,0.0
2024-05-08 00:00:00+05:30,1258.5562857465543,1281.485747866059,1257.1262040486083,1270.8345947265625,2682816,0.0,0.0
2024-05-09 00:00:00+05:30,1265.311804121669,1277.4422772109124,1252.5403886262889,1257.8658447265625,4809145,0.0,0.0
2024-05-10 00:00:00+05:30,1257.471522645904,1290.4603147887597,1254.2169700669508,1283.211669921875,5532513,0.0,0.0
2024-05-13 00:00:00+05:30,1283.2117087114548,1284.9375823218068,1263.7339922517683,1268.22119140625,3703942,0.0,0.0
2024-05-14 00:00:00+05:30,1272.7578282622558,1281.9789000307385,1263.0435293766575,1266.593994140625,3262908,0.0,0.0
2024-05-15 00:00:00+05:30,1263.881816880964,1300.0758001038328,1262.8462446675198,1291.8409423828125,6891004,0.0,0.0
2024-05-16 00:00:00+05:30,1309.6914384431557,1338.1436718951106,1303.0838565999388,1326.5556640625,11932181,0.0,0.0
2024-05-17 00:00:00+05:30,1334.9385503242647,1341.2503407109705,1320.78641088027,1325.9146728515625,6614017,0.0,0.0
2024-05-21 00:00:00+05:30,1337.3054954067675,1343.9624364790357,1317.334672189963,1325.766845703125,5422220,0.0,0.0
2024-05-22 00:00:00+05:30,1323.6464113115976,1332.374376301678,1311.2201458691625,1329.317138671875,3026723,0.0,0.0
2024-05-23 00:00:00+05:30,1332.1277470594475,1358.311760925617,1325.7667187986788,1355.1065673828125,7147341,0.0,0.0
2024-05-24 00:00:00+05:30,1356.53664658917,1378.4798965976097,1355.1066851930134,1369.357421875,5622368,0.0,0.0
2024-05-27 00:00:00+05:30,1376.7539368084301,1387.602284448038,1359.0020952163445,1365.2645263671875,6553974,0.0,0.0
2024-05-28 00:00:00+05:30,1365.708383659235,1367.8286461891164,1348.0551394737822,1352.14794921875,2068963,0.0,0.0
2024-05-29 00:00:00+05:30,1336.8123157610053,1371.0832327456567,1336.8123157610053,1358.114501953125,4445083,0.0,0.0
2024-05-30 00:00:00+05:30,1359.7910945593974,1367.3355308176651,1344.7019812681042,1358.163818359375,7100303,0.0,0.0
2024-05-31 00:00:00+05:30,1360.9745101359042,1368.8642174410397,1319.5535467839418,1353.824462890625,24825643,0.0,0.0
2024-06-03 00:00:00+05:30,1395.7879465562285,1400.8668495233412,1365.9056308102631,1371.9215087890625,6017122,0.0,0.0
2024-06-04 00:00:00+05:30,1371.9214220157578,1377.7401050911126,1202.2434805896828,1281.781494140625,19924421,0.0,0.0
2024-06-05 00:00:00+05:30,1307.3737761313134,1330.1552808679628,1262.2051556955462,1325.81591796875,12175520,0.0,0.0
2024-06-06 00:00:00+05:30,1340.2641709020031,1357.2763540867415,1310.6777653633274,1351.7042236328125,10279789,0.0,0.0
2024-06-07 00:00:00+05:30,1351.7040019431797,1410.9261621385056,1344.3567605943686,1405.6005859375,12280748,0.0,0.0
2024-06-10 00:00:00+05:30,1401.4585815033724,1416.8434862603754,1401.4585815033724,1406.3896484375,5318477,0.0,0.0
2024-06-11 00:00:00+05:30,1406.3403533278047,1414.8217647612814,1393.5195787182245,1407.5731201171875,4416792,0.0,0.0
2024-06-12 00:00:00+05:30,1405.354052697814,1427.8890041320199,1402.4940098464278,1418.5693359375,4876138,0.0,0.0
2024-06-13 00:00:00+05:30,1429.023335528587,1435.8774710740622,1400.8668924603528,1406.0938720703125,7990376,0.0,0.0
2024-06-14 00:00:00+05:30,1414.2300538746206,1414.2300538746206,1401.3599205013531,1407.7210693359375,3978442,0.0,0.0
2024-06-18 00:00:00+05:30,1424.0922235735738,1424.0922235735738,1398.4506738416396,1408.657958984375,8671131,0.0,0.0
2024-06-19 00:00:00+05:30,1414.1807530299523,1415.019130786918,1369.1602045655725,1373.154296875,8640918,0.0,0.0
2024-06-20 00:00:00+05:30,1386.5667865883688,1387.5530000630608,1357.276294544969,1362.1087646484375,8742855,0.0,0.0
2024-06-21 00:00:00+05:30,1365.8562536401241,1404.3185777456931,1353.923095110488,1396.527587890625,43929578,0.0,0.0
2024-06-24 00:00:00+05:30,1382.6713039856756,1404.1708060827762,1370.1956793408522,1400.2259521484375,6195831,0.0,0.0
2024-06-25 00:00:00+05:30,1414.2300407116736,1414.2300407116736,1390.4129626012916,1395.442626953125,6353748,0.0,0.0
2024-06-26 00:00:00+05:30,1395.4426823885688,1459.546557073419,1389.525401648429,1439.3785400390625,9579826,0.0,0.0
2024-06-27 00:00:00+05:30,1443.8164905588649,1468.4718268047473,1420.1967265902633,1455.453857421875,19675528,0.0,0.0
2024-06-28 00:00:00+05:30,1515.0704348342108,1515.0704348342108,1416.8435978477416,1424.1416015625,29145832,0.0,0.0
2024-07-01 00:00:00+05:30,1430.0094919322773,1446.5779259247906,1429.2698318502432,1433.954345703125,6011806,0.0,0.0
2024-07-02 00:00:00+05:30,1441.8441118310177,1453.0869696122393,1397.4645051057128,1399.3875732421875,7792632,0.0,0.0
2024-07-03 00:00:00+05:30,1408.2634513723176,1412.6521734684666,1389.0322890481596,1400.275146484375,8261388,0.0,0.0
2024-07-04 00:00:00+05:30,1398.4506044369582,1421.2321099522144,1392.0402173221203,1403.4310302734375,9570938,0.0,0.0
2024-07-05 00:00:00+05:30,1402.8885694472265,1413.8355141717643,1397.3164396281854,1409.9892578125,4881198,0.0,0.0
2024-07-08 00:00:00+05:30,1411.2714479147253,1419.0131994250407,1403.52969640441,1415.3642578125,3261797,0.0,0.0
2024-07-09 00:00:00+05:30,1416.20253696718,1421.7746671267357,1408.4607853376988,1415.7587890625,2897480,0.0,0.0
2024-07-10 00:00:00+05:30,1421.1335949517859,1428.7767492619014,1406.4883491576225,1425.1278076171875,3416762,0.0,0.0
2024-07-11 00:00:00+05:30,1430.0095308143189,1430.8477881859396,1408.3128344847223,1418.1256103515625,4178558,0.0,0.0
2024-07-12 00:00:00+05:30,1422.1197237007784,1427.642494666801,1401.8529901629902,1413.4903564453125,6342135,0.0,0.0
2024-07-15 00:00:00+05:30,1413.490391187128,1420.1473318049636,1406.3897026830555,1417.7803955078125,3324806,0.0,0.0
2024-07-16 00:00:00+05:30,1431.9818878121805,1452.9882818420633,1425.0783938626726,1446.281982421875,6967651,0.0,0.0
2024-07-18 00:00:00+05:30,1445.788865795556,1465.4637752617646,1438.934730719076,1463.195556640625,6470342,0.0,0.0
2024-07-19 00:00:00+05:30,1459.5958063429964,1459.5958063429964,1431.9324728043157,1441.597412109375,3858596,0.0,0.0
2024-07-22 00:00:00+05:30,1430.0095538719172,1451.7062505513532,1429.0726992157151,1445.197265625,3560584,0.0,0.0
2024-07-23 00:00:00+05:30,1449.7336856607312,1449.7336856607312,1408.7564710845538,1445.492919921875,2936143,0.0,0.0
2024-07-24 00:00:00+05:30,1445.7889711918415,1455.2565965846513,1416.7450321697165,1435.1378173828125,4529339,0.0,0.0
2024-07-25 00:00:00+05:30,1425.0783329768756,1433.9542533898803,1420.2458633412089,1429.171142578125,4277756,0.0,0.0
2024-07-26 00:00:00+05:30,1430.2559923593205,1499.0443774426253,1429.1711816899629,1493.5216064453125,9564987,0.0,0.0
2024-07-29 00:00:00+05:30,1503.975486556938,1503.975486556938,1456.6866005608056,1460.92724609375,4589313,0.0,0.0
2024-07-30 00:00:00+05:30,1463.9352039310047,1464.4283106340004,1443.8657851965568,1450.078857421875,4263689,0.0,0.0
2024-07-31 00:00:00+05:30,1457.475619018746,1483.413082617375,1452.840463653351,1470.98681640625,5634305,0.0,0.0
2024-08-01 00:00:00+05:30,1464.5268881451605,1490.1684363551094,1464.5268881451605,1484.7442626953125,4531379,0.0,0.0
2024-08-02 00:00:00+05:30,1473.5014802768655,1484.399186970816,1463.1462391312123,1473.2056884765625,3335905,0.0,0.0
2024-08-05 00:00:00+05:30,1461.5682463600026,1467.4855267096382,1431.4887379160214,1445.492919921875,5111901,0.0,0.0
2024-08-06 00:00:00+05:30,1462.6531062177266,1472.3180459355494,1411.370008129027,1423.6484375,8249573,0.0,0.0
2024-08-07 00:00:00+05:30,1439.9620182043307,1442.8379996148785,1410.8057382521752,1429.7969970703125,5700734,8.0,0.0
2024-08-08 00:00:00+05:30,1423.1030271553045,1454.34187409286,1418.1444800223592,1439.7637939453125,5986360,0.0,0.0
2024-08-09 00:00:00+05:30,1452.8542325699207,1469.7132919239743,1445.2181188152174,1451.961669921875,3615910,0.0,0.0
2024-08-12 00:00:00+05:30,1453.8459980796479,1465.2506563183356,1433.0201004263924,1446.50732421875,4028226,0.0,0.0
2024-08-13 00:00:00+05:30,1455.8293808709282,1466.1431827127315,1438.3256859696467,1447.59814453125,4495208,0.0,0.0
2024-08-14 00:00:00+05:30,1441.0528868298818,1467.829040293595,1441.0528868298818,1459.4986572265625,5891784,0.0,0.0
2024-08-16 00:00:00+05:30,1467.7298715848824,1478.6386746844998,1455.9285058381872,1471.25048828125,7176426,0.0,0.0
2024-08-19 00:00:00+05:30,1474.671955092678,1476.7545207301773,1452.1601989560693,1457.4658203125,4404075,0.0,0.0
2024-08-20 00:00:00+05:30,1467.7299538379389,1472.440573622216,1434.5076879909316,1437.1357421875,10046892,0.0,0.0
2024-08-21 00:00:00+05:30,1440.9538233962949,1454.4410476348723,1435.6977149151705,1451.317138671875,6175510,0.0,0.0
2024-08-22 00:00:00+05:30,1461.4820737350453,1487.4649322833907,1452.8542505000953,1474.0272216796875,6781325,0.0,0.0
2024-08-23 00:00:00+05:30,1480.6221740935323,1497.4812343477788,1467.085316207143,1494.2581787109375,6238112,0.0,0.0
2024-08-26 00:00:00+05:30,1496.489504800467,1508.0924565137798,1492.5226671469204,1501.0018310546875,4307432,0.0,0.0
2024-08-27 00:00:00+05:30,1505.414868633024,1513.6956179082501,1489.547518239,1510.12548828125,3965066,0.0,0.0
2024-08-28 00:00:00+05:30,1515.282328261828,1551.5293552301443,1509.034631681102,1543.4468994140625,6225319,0.0,0.0
2024-08-29 00:00:00+05:30,1552.0252839660698,1558.6696888351357,1533.1331705845757,1552.9178466796875,8036748,0.0,0.0
2024-08-30 00:00:00+05:30,1562.9339985302859,1595.0654069756854,1548.6533591036334,1575.8758544921875,37820442,0.0,0.0
2024-09-02 00:00:00+05:30,1591.6935546081613,1591.6935546081613,1552.5210341053435,1558.322509765625,4890314,0.0,0.0
2024-09-03 00:00:00+05:30,1565.9092212522494,1565.9092212522494,1545.6783242644397,1547.6617431640625,4546295,0.0,0.0
2024-09-04 00:00:00+05:30,1545.0832368835377,1553.0169120408345,1529.2158865689444,1548.950927734375,5213811,0.0,0.0
2024-09-05 00:00:00+05:30,1546.0750225923184,1550.0418603667697,1528.7201073290948,1534.372802734375,5652812,0.0,0.0
2024-09-06 00:00:00+05:30,1539.9264809899037,1542.7031948124218,1517.5137505935581,1526.48876953125,5497805,0.0,0.0
2024-09-09 00:00:00+05:30,1510.6214083067318,1533.9265802057687,1510.6214083067318,1529.860595703125,3912508,0.0,0.0
2024-09-10 00:00:00+05:30,1532.3398273000187,1572.8511327043614,1532.3398273000187,1564.7686767578125,6163457,0.0,0.0
2024-09-11 00:00:00+05:30,1565.3636304646234,1585.644160024583,1561.3967929242822,1564.7191162109375,5994914,0.0,0.0
2024-09-12 00:00:00+05:30,1582.916941982038,1639.097302247129,1576.917051844284,1633.097412109375,12204496,0.0,0.0
2024-09-13 00:00:00+05:30,1637.3122533966011,1641.1799443485638,1617.527698879112,1620.8994140625,5609618,0.0,0.0
2024-09-16 00:00:00+05:30,1620.8994038668964,1639.2460280324376,1616.5854921261139,1621.89111328125,3762063,0.0,0.0
2024-09-17 00:00:00+05:30,1636.3205587342034,1652.2375435015663,1624.9159002945407,1647.97314453125,4223072,0.0,0.0
2024-09-18 00:00:00+05:30,1641.477371829532,1657.0967950829047,1634.1883318562805,1641.179931640625,3171195,0.0,0.0
2024-09-19 00:00:00+05:30,1634.0395229327034,1697.5089242598776,1634.0395229327034,1651.04736328125,8498240,0.0,0.0
2024-09-20 00:00:00+05:30,1657.1464350262888,1709.1120326642626,1652.187887943625,1697.55859375,21646275,0.0,0.0
2024-09-23 00:00:00+05:30,1704.7485306163608,1739.7062884431361,1704.7485306163608,1735.937744140625,5001827,0.0,0.0
2024-09-24 00:00:00+05:30,1737.4748308899004,1752.8959601467361,1731.623721345911,1742.0863037109375,7579205,0.0,0.0
2024-09-25 00:00:00+05:30,1740.9955313468167,1752.2514091209669,1730.5329484785486,1745.8052978515625,4017103,0.0,0.0
2024-09-26 00:00:00+05:30,1755.3256477718326,1764.2510324215198,1731.6734026618167,1756.41650390625,7417423,0.0,0.0
2024-09-27 00:00:00+05:30,1740.6483058195895,1748.8299084418002,1708.2194565766843,1720.2191162109375,7116861,0.0,0.0
2024-09-30 00:00:00+05:30,1699.7898894037503,1718.6323677577009,1690.07108898735,1695.3768310546875,6907288,0.0,0.0
2024-10-01 00:00:00+05:30,1690.8645168244616,1708.5665052962765,1681.9391322781742,1684.61669921875,3649090,0.0,0.0
2024-10-03 00:00:00+05:30,1651.1961537838697,1680.9474358340296,1651.1961537838697,1659.5760498046875,7200276,0.0,0.0
2024-10-04 00:00:00+05:30,1656.2043744726727,1672.716239560555,1616.6351441837319,1627.2960205078125,8576527,0.0,0.0
2024-10-07 00:00:00+05:30,1637.31219276775,1656.1546710612615,1628.8330291123602,1648.2706298828125,5387707,0.0,0.0
2024-10-08 00:00:00+05:30,1648.8160679915902,1665.5759815080908,1638.3039722842311,1643.708740234375,5224335,0.0,0.0
2024-10-09 00:00:00+05:30,1652.9316226564424,1690.467798785298,1647.278927567443,1664.1875,3414614,0.0,0.0
2024-10-10 00:00:00+05:30,1672.617029799058,1684.86461653074,1651.1961312272244,1664.1875,5047657,0.0,0.0
2024-10-11 00:00:00+05:30,1664.187576305186,1676.236870135029,1644.8988762450629,1673.4105224609375,2367678,0.0,0.0
2024-10-14 00:00:00+05:30,1672.0220941797384,1695.8727543260768,1665.4272022775158,1681.54248046875,2069815,0.0,0.0
2024-10-15 00:00:00+05:30,1693.8396276523147,1718.3844349031313,1685.8563186888402,1703.012939453125,5891334,0.0,0.0
2024-10-16 00:00:00+05:30,1705.7401652065914,1727.8056993204557,1702.864183739646,1719.574462890625,3299887,0.0,0.0
2024-10-17 00:00:00+05:30,1722.351340028693,1723.541342912728,1680.352470185237,1687.0465087890625,4373392,0.0,0.0
2024-10-18 00:00:00+05:30,1695.8231174450298,1701.8725207283533,1671.228675271638,1693.69091796875,4154915,0.0,0.0
2024-10-21 00:00:00+05:30,1691.4100446873852,1694.7817598587612,1648.2210511511773,1678.517822265625,3836168,0.0,0.0
2024-10-22 00:00:00+05:30,1677.9722874963065,1698.6990379542221,1673.3608146222061,1678.22021484375,3070057,0.0,0.0
2024-10-23 00:00:00+05:30,1675.9888614644642,1687.2447387780294,1666.1709143365383,1671.82373046875,2764757,0.0,0.0
2024-10-24 00:00:00+05:30,1673.0138321388245,1678.9640888032186,1643.6592568061362,1664.53466796875,3669575,0.0,0.0
2024-10-25 00:00:00+05:30,1667.1626539919503,1670.7824175263368,1642.1219915538793,1652.1878662109375,3434386,0.0,0.0
2024-10-28 00:00:00+05:30,1644.4029739708797,1663.9396008243875,1632.0066064094465,1649.559814453125,2811651,0.0,0.0
2024-10-29 00:00:00+05:30,1636.8163962480994,1654.121677188332,1596.6521647739714,1623.5274658203125,6990747,0.0,0.0
2024-10-30 00:00:00+05:30,1614.3046789789096,1637.3122896223679,1604.3875845535772,1619.80859375,4622628,0.0,0.0
2024-10-31 00:00:00+05:30,1620.453196677562,1625.2134503297918,1588.8672757765003,1599.2305908203125,4921681,0.0,0.0
2024-11-01 00:00:00+05:30,1606.5692007178998,1612.866531089306,1592.0406340429627,1603.048583984375,279441,0.0,0.0
2024-11-04 00:00:00+05:30,1605.726334262962,1610.3873201213667,1560.008554136931,1578.0576171875,6094029,0.0,0.0
2024-11-05 00:00:00+05:30,1570.123975571089,1580.6857053503006,1553.016987679978,1565.314208984375,6473278,0.0,0.0
2024-11-06 00:00:00+05:30,1569.8759869347814,1597.3959229028424,1553.5127817645832,1585.5450439453125,6631728,0.0,0.0
2024-11-07 00:00:00+05:30,1582.718565296283,1595.214200557558,1556.6366807641537,1562.7357177734375,5160994,0.0,0.0
2024-11-08 00:00:00+05:30,1557.9754997056518,1566.4050297804436,1545.9262060341464,1556.8846435546875,3096384,0.0,0.0
2024-11-11 00:00:00+05:30,1548.0584034325336,1568.4875932572072,1538.9347251988436,1547.6121826171875,3664301,0.0,0.0
2024-11-12 00:00:00+05:30,1555.79381090626,1581.7765496942259,1537.2487718266007,1542.7528076171875,4479934,0.0,0.0
2024-11-13 00:00:00+05:30,1546.967551869879,1559.4630663776882,1533.5298407760313,1537.5958251953125,5816699,0.0,0.0
2024-11-14 00:00:00+05:30,1537.1495310547505,1555.0002998024831,1523.811088386004,1537.6453857421875,5139154,0.0,0.0
2024-11-18 00:00:00+05:30,1555.942390635251,1555.942390635251,1516.7698699412754,1524.25732421875,4816078,0.0,0.0
2024-11-19 00:00:00+05:30,1524.2573190174585,1545.0832160242032,1506.7041113922262,1512.8526611328125,6238241,0.0,0.0
2024-11-21 00:00:00+05:30,1525.2490568094568,1529.2655283017389,1498.472903016313,1512.505615234375,7356679,0.0,0.0
2024-11-22 00:00:00+05:30,1520.2905717507851,1561.9423682371082,1507.5966424935457,1556.2896728515625,7640321,0.0,0.0
2024-11-25 00:00:00+05:30,1568.8346766198333,1595.908392348482,1549.5956106194408,1565.6612548828125,12155641,0.0,0.0
2024-11-26 00:00:00+05:30,1576.8180013485198,1591.544862243798,1553.0169749130705,1564.1737060546875,4030593,0.0,0.0
2024-11-27 00:00:00+05:30,1556.1409042638131,1570.619837990379,1541.2652625464616,1564.5704345703125,4982785,0.0,0.0
2024-11-28 00:00:00+05:30,1557.9754743817023,1575.3303889594742,1544.0419088259516,1547.46337890625,6714728,0.0,0.0
2024-11-29 00:00:00+05:30,1538.290116988543,1635.229714428469,1538.290116988543,1613.6600341796875,10775801,0.0,0.0
2024-12-02 00:00:00+05:30,1613.6599398846556,1632.5519309153465,1603.7923589308846,1629.9735107421875,3790108,0.0,0.0
2024-12-03 00:00:00+05:30,1639.1965215609926,1639.1965215609926,1599.776072187385,1607.11474609375,9131055,0.0,0.0
2024-12-04 00:00:00+05:30,1616.238354059703,1616.9821360910237,1569.2809393606492,1570.966796875,8772014,0.0,0.0
2024-12-05 00:00:00+05:30,1586.7350485118698,1608.6022893224847,1572.2064815122776,1601.957763671875,10324005,0.0,0.0
2024-12-06 00:00:00+05:30,1604.585874710944,1611.1807667018509,1581.5782641149153,1584.6029052734375,4296866,0.0,0.0
2024-12-09 00:00:00+05:30,1582.6690244241763,1592.5861182283777,1575.875839379953,1589.263916015625,4264409,0.0,0.0
2024-12-10 00:00:00+05:30,1597.1976891795864,1598.4868388183645,1557.033456805162,1565.5621337890625,14645786,0.0,0.0
2024-12-11 00:00:00+05:30,1574.8344929756463,1574.8344929756463,1558.173726994408,1572.85107421875,3853182,0.0,0.0
2024-12-12 00:00:00+05:30,1565.413296958698,1604.486671756462,1565.413296958698,1597.1976318359375,13120939,0.0,0.0
2024-12-13 00:00:00+05:30,1604.5857779575313,1671.0303064638074,1593.4786813171052,1667.8072509765625,12900707,0.0,0.0
2024-12-16 00:00:00+05:30,1667.807251180467,1673.0137254297294,1646.386352766584,1648.7664794921875,4375126,0.0,0.0
2024-12-17 00:00:00+05:30,1636.8163247292393,1644.8987803535226,1595.1645309463686,1601.908203125,6182486,0.0,0.0
2024-12-18 00:00:00+05:30,1607.957718950532,1609.5444298514833,1582.8674215591093,1588.619384765625,3905144,0.0,0.0
2024-12-19 00:00:00+05:30,1573.2478079753505,1596.4041981301114,1572.3056114154133,1587.0325927734375,5865855,0.0,0.0
2024-12-20 00:00:00+05:30,1596.6521560714723,1608.850230283404,1560.3556157413789,1565.0166015625,9738879,0.0,0.0
2024-12-23 00:00:00+05:30,1572.8510896827163,1594.1232076362628,1565.2644886513433,1573.74365234375,4363599,0.0,0.0
2024-12-24 00:00:00+05:30,1576.8179578613504,1585.545049070309,1561.9423167494508,1570.7685546875,3610076,0.0,0.0
2024-12-26 00:00:00+05:30,1570.7686146769386,1593.5282980240522,1567.9917798066892,1586.2392578125,3400479,0.0,0.0
2024-12-27 00:00:00+05:30,1586.2392296228948,1614.949169131801,1583.0658078775332,1586.5863037109375,2559578,0.0,0.0
2024-12-30 00:00:00+05:30,1591.6935680584866,1599.676877056794,1567.991689468889,1573.74365234375,4438130,0.0,0.0
