Date,Open,High,Low,Close,Volume,Dividends,Stock Splits
2015-01-02 00:00:00-05:00,39.17188158107311,39.34252863461323,38.659943675274555,38.91591262817383,2769700,0.0,0.0
2015-01-05 00:00:00-05:00,39.40225304967829,39.4193180798365,38.651407996825895,38.72819900512695,4301500,0.0,0.0
2015-01-06 00:00:00-05:00,38.93298678706594,39.39372970837966,38.412514616410775,39.103633880615234,6216100,0.0,0.0
2015-01-07 00:00:00-05:00,39.15480883226922,39.49610287207558,39.026826008457725,39.24866485595703,7102600,0.0,0.0
2015-01-08 00:00:00-05:00,39.308393075433,40.07630308155597,39.2742630185339,39.82886505126953,4910000,0.0,0.0
2015-01-09 00:00:00-05:00,39.862997783725476,39.862997783725476,39.27426565457575,39.504638671875,3696200,0.0,0.0
2015-01-12 00:00:00-05:00,40.35788356749558,40.4773355581528,39.427860312606654,39.49612045288086,3907000,0.0,0.0
2015-01-13 00:00:00-05:00,39.88859257754186,39.97391446829249,38.87324775639471,39.21453857421875,4364800,0.0,0.0
2015-01-14 00:00:00-05:00,39.009773631735165,39.146290640965525,38.48930151691249,38.804996490478516,4418400,0.0,0.0
2015-01-15 00:00:00-05:00,39.13773677292875,39.23159277975347,38.33570015475307,38.54047393798828,4535700,0.0,0.0
2015-01-16 00:00:00-05:00,38.813517258919596,38.915904166853394,38.1991893016746,38.78791809082031,4589400,0.0,0.0
2015-01-20 00:00:00-05:00,39.112147576896994,39.18893857249567,38.60020977611991,38.719661712646484,4114400,0.0,0.0
2015-01-21 00:00:00-05:00,38.95856786943864,39.214536784832,38.77085581256687,38.9329719543457,3728500,0.0,0.0
2015-01-22 00:00:00-05:00,39.20600997037286,39.8203347801621,38.822054929991026,39.461978912353516,4002000,0.0,0.0
2015-01-23 00:00:00-05:00,39.828867799508785,39.854463716538575,39.53023791808924,39.572898864746094,2605700,0.0,0.0
2015-01-26 00:00:00-05:00,39.572903224667165,39.89712905883789,39.43638622743161,39.89712905883789,2734000,0.0,0.0
2015-01-27 00:00:00-05:00,39.752075188250785,39.89712305199078,39.137747165772055,39.35105514526367,3909600,0.0,0.0
2015-01-28 00:00:00-05:00,39.70088260909195,39.777673616752196,38.463698853752625,38.53195571899414,3898700,0.0,0.0
2015-01-29 00:00:00-05:00,37.79817655616903,38.591682568307235,37.39715973361593,38.293052673339844,6934600,0.0,0.0
2015-01-30 00:00:00-05:00,38.062681654246866,38.41250665888306,37.45688768972451,37.508079528808594,4365100,0.0,0.0
2015-02-02 00:00:00-05:00,37.38862955132985,37.43982464795633,36.48420237319457,37.12412643432617,5111800,0.0,0.0
2015-02-03 00:00:00-05:00,37.038806010099094,37.456891178888526,36.93641906757152,37.2777099609375,5310400,0.0,0.0
2015-02-04 00:00:00-05:00,37.081451416015625,37.456875472565216,36.90227352801924,37.081451416015625,4067400,0.0,0.0
2015-02-05 00:00:00-05:00,37.345957962940155,37.40568393125141,37.03879398029876,37.286231994628906,3352700,0.0,0.0
2015-02-06 00:00:00-05:00,37.14972084067106,37.37155972126136,36.87668687002683,36.970542907714844,3153800,0.0,0.0
2015-02-09 00:00:00-05:00,36.68897642865998,36.82549342006212,36.27089131165365,36.39034652709961,3784200,0.0,0.0
2015-02-10 00:00:00-05:00,37.0985381625219,37.32038037215471,36.84256913625715,37.15826416015625,4683200,0.0,0.0
2015-02-11 00:00:00-05:00,37.19238534519829,37.74698748194593,37.19238534519829,37.60193634033203,5808300,0.0,0.0
2015-02-12 00:00:00-05:00,37.90910143790383,38.16507041001516,37.798180356554155,37.857906341552734,3631700,0.0,0.0
2015-02-13 00:00:00-05:00,37.26064656774223,37.39716683688301,37.03027675062306,37.098533630371094,4900800,0.0,0.0
2015-02-17 00:00:00-05:00,36.9364128112793,37.12412163164868,36.79989582609172,36.9364128112793,5748000,0.0,0.0
2015-02-18 00:00:00-05:00,37.708781244320456,37.820346606002225,37.39983630030007,37.64870834350586,5339900,0.25,0.0
2015-02-19 00:00:00-05:00,38.28377006877289,38.29235050897494,37.38267325608454,37.5028190612793,5077300,0.0,0.0
2015-02-20 00:00:00-05:00,37.13379669189453,37.25394249307771,36.74761142114322,37.13379669189453,4736300,0.0,0.0
2015-02-23 00:00:00-05:00,37.468496348038,37.51998881812249,37.168131790198856,37.348350524902344,4096200,0.0,0.0
2015-02-24 00:00:00-05:00,37.46848582805084,37.48564997992651,37.06513644329069,37.40841293334961,4761600,0.0,0.0
2015-02-25 00:00:00-05:00,37.52855311634404,37.74310007214779,37.47706066840952,37.665863037109375,6421000,0.0,0.0
2015-02-26 00:00:00-05:00,37.657294127066635,37.7774399352998,37.44274710558519,37.56289291381836,4255200,0.0,0.0
2015-02-27 00:00:00-05:00,37.537146713281174,37.94907658405901,37.537146713281174,37.75169372558594,6008800,0.0,0.0
2015-03-02 00:00:00-05:00,37.78602273268522,39.141961564416206,37.760278136094456,38.78152084350586,10802800,0.0,0.0
2015-03-03 00:00:00-05:00,38.74718977764969,38.764350656888325,38.06063675391631,38.352420806884766,5307400,0.0,0.0
2015-03-04 00:00:00-05:00,38.15504001377147,38.30093368497868,38.017730056373416,38.266605377197266,2143800,0.0,0.0
2015-03-05 00:00:00-05:00,38.644215150012116,39.09047342477722,38.644215150012116,39.021820068359375,3940600,0.0,0.0
2015-03-06 00:00:00-05:00,38.80726388211555,38.82442803561501,37.803182181626156,38.10354995727539,4490900,0.0,0.0
2015-03-09 00:00:00-04:00,38.19795297804138,38.69570367463232,38.137880069656674,38.609886169433594,4101900,0.0,0.0
2015-03-10 00:00:00-04:00,38.38675855394646,38.46399562442636,37.7946098627527,37.82035446166992,3209100,0.0,0.0
2015-03-11 00:00:00-04:00,37.78602515948153,37.88042638468113,37.59722598281049,37.62297058105469,2500900,0.0,0.0
2015-03-12 00:00:00-04:00,38.24943234211405,38.87590908188807,38.13786700459277,38.86732864379883,4433100,0.0,0.0
2015-03-13 00:00:00-04:00,38.524056130136145,38.9617338131339,38.39532990328113,38.90166091918945,3774400,0.0,0.0
2015-03-16 00:00:00-04:00,39.09905437066518,39.84567716510883,39.090470655640814,39.73411178588867,3416800,0.0,0.0
2015-03-17 00:00:00-04:00,39.24493575544931,39.38224570068057,39.07329750547841,39.193443298339844,2506400,0.0,0.0
2015-03-18 00:00:00-04:00,39.12479012337849,40.18894465858958,39.04755307426053,40.09454345703125,4005500,0.0,0.0
2015-03-19 00:00:00-04:00,39.888576746329186,40.31767073448728,39.73410264869409,40.06021499633789,4084500,0.0,0.0
2015-03-20 00:00:00-04:00,40.13745989484873,40.540809370193244,39.94865745554228,40.23186111450195,6474200,0.0,0.0
2015-03-23 00:00:00-04:00,39.244933618937885,39.879994127139064,39.12478783261724,39.52813720703125,5384000,0.0,0.0
2015-03-24 00:00:00-04:00,39.28784448969044,39.459482739618444,38.944571263561755,38.95315170288086,4647000,0.0,0.0
2015-03-25 00:00:00-04:00,38.83300847550097,38.97031842976911,38.04347705689106,38.10354995727539,6466600,0.0,0.0
2015-03-26 00:00:00-04:00,37.717366115812084,38.35242345069727,37.5371474078361,38.12071228027344,5500300,0.0,0.0
2015-03-27 00:00:00-04:00,40.171788020993525,40.93557494196915,39.691201483943175,40.43782424926758,12474200,0.0,0.0
2015-03-30 00:00:00-04:00,40.712437221932916,40.995640831099394,40.12028868512217,40.95273208618164,4949100,0.0,0.0
2015-03-31 00:00:00-04:00,40.669524623742106,41.26167637817626,40.61803544421015,41.05570983886719,5467800,0.0,0.0
2015-04-01 00:00:00-04:00,41.029972584380836,41.193027138261165,40.343419513094354,40.746768951416016,3140600,0.0,0.0
2015-04-02 00:00:00-04:00,40.832593070046116,41.321760045521444,40.695279825548404,41.16728591918945,3910700,0.0,0.0
2015-04-06 00:00:00-04:00,40.89266260964953,41.25310002558588,40.721024341891784,40.987060546875,3997700,0.0,0.0
2015-04-07 00:00:00-04:00,41.56204984137307,42.18852675996527,41.450484472007176,41.80234146118164,6965300,0.0,0.0
2015-04-08 00:00:00-04:00,42.08553949690605,42.23142988271321,41.622117200117394,41.71651840209961,4736300,0.0,0.0
2015-04-09 00:00:00-04:00,41.66502746400161,41.75942866942648,41.235933456599476,41.630699157714844,2963300,0.0,0.0
2015-04-10 00:00:00-04:00,41.62211336430555,41.69935040665231,41.407566388200884,41.47622299194336,1775000,0.0,0.0
2015-04-13 00:00:00-04:00,41.35607933541417,41.639282952240286,40.978477786706826,41.04713439941406,2484600,0.0,0.0
2015-04-14 00:00:00-04:00,41.03855237501821,41.15011773839551,40.63520294308094,40.75535202026367,2726800,0.0,0.0
2015-04-15 00:00:00-04:00,40.64378974119437,40.83259217450999,40.317677340120426,40.343421936035156,2712700,0.0,0.0
2015-04-16 00:00:00-04:00,40.31767587792016,40.85833528861636,40.16320176057838,40.566551208496094,4085100,0.0,0.0
2015-04-17 00:00:00-04:00,40.41207855677824,40.5408080838076,39.905747436845495,40.343421936035156,4217500,0.0,0.0
2015-04-20 00:00:00-04:00,39.70836097485735,40.22327248899299,39.42515735047345,39.89716339111328,4904400,0.0,0.0
2015-04-21 00:00:00-04:00,40.01731094427022,40.25760255822004,39.751271461877415,39.98298263549805,2621900,0.0,0.0
2015-04-22 00:00:00-04:00,40.00872039794922,40.12028574554299,39.69977221921393,40.00872039794922,1900800,0.0,0.0
2015-04-23 00:00:00-04:00,39.86283102903078,40.00872140949593,39.656864480090725,39.725521087646484,2190100,0.0,0.0
2015-04-24 00:00:00-04:00,39.940067201562805,39.99155638237553,39.58821027985813,39.802757263183594,2138600,0.0,0.0
2015-04-27 00:00:00-04:00,40.223270821511235,40.291927433204485,39.296429479744376,39.322174072265625,2862700,0.0,0.0
2015-04-28 00:00:00-04:00,39.08188966058576,39.159126726070234,38.62704770885359,38.978904724121094,2565500,0.0,0.0
2015-04-29 00:00:00-04:00,38.99606302315453,39.02181089026749,37.554306866475294,38.10354995727539,7737400,0.0,0.0
2015-04-30 00:00:00-04:00,38.37817247073086,38.403917065863695,37.49423651101297,37.73453140258789,4208600,0.0,0.0
2015-05-01 00:00:00-04:00,37.65729429933887,38.25802661698066,37.65729429933887,38.21511459350586,2697500,0.0,0.0
2015-05-04 00:00:00-04:00,38.30951997574725,38.51548658016367,38.00915542110677,38.04348373413086,2498400,0.0,0.0
2015-05-05 00:00:00-04:00,37.725948387421376,37.889006222891354,37.19387267787472,37.245365142822266,2457500,0.0,0.0
2015-05-06 00:00:00-04:00,37.253944548654516,37.50281987839629,36.987905064407,37.288272857666016,3425400,0.0,0.0
2015-05-07 00:00:00-04:00,37.90615980883155,38.369582082987,37.79459773350787,38.17219924926758,4358700,0.0,0.0
2015-05-08 00:00:00-04:00,39.107625419609136,39.708357651643496,39.05613296301398,39.613956451416016,4731100,0.0,0.0
2015-05-11 00:00:00-04:00,40.137448744048925,40.257594527055424,39.64828189967844,39.67402648925781,2813900,0.0,0.0
2015-05-12 00:00:00-04:00,39.519554924686666,39.553883228799826,39.12478924856712,39.30500793457031,2015300,0.0,0.0
2015-05-13 00:00:00-04:00,39.71694466760698,39.86283834858815,39.227777706997344,39.27927017211914,3468300,0.0,0.0
2015-05-14 00:00:00-04:00,39.79417112773707,40.66952315925734,39.75984610052749,40.65235900878906,4364500,0.0,0.0
2015-05-15 00:00:00-04:00,41.029967390200326,41.253094818512295,40.875493296089246,41.10720443725586,3599100,0.0,0.0
2015-05-18 00:00:00-04:00,41.02997382116697,41.38183080763003,40.944153047805386,41.11579132080078,2203200,0.0,0.0
2015-05-19 00:00:00-04:00,41.15012281419237,41.673618114157,41.141539099328156,41.50197982788086,3277700,0.0,0.0
2015-05-20 00:00:00-04:00,41.31218629843911,41.51059481918502,40.98437934250552,40.99300765991211,3368000,0.25,0.0
2015-05-21 00:00:00-04:00,40.89812469282594,41.156918328019856,40.768726229859176,40.88949966430664,2277300,0.0,0.0
2015-05-22 00:00:00-04:00,40.803238966559874,41.10516766127133,40.62208372417707,40.846370697021484,2373700,0.0,0.0
2015-05-26 00:00:00-04:00,40.77734774870352,40.83773281048706,40.40640906018227,40.50130081176758,2772000,0.0,0.0
2015-05-27 00:00:00-04:00,40.975755911638494,41.19141778485765,40.77734738316556,41.05339431762695,1962900,0.0,0.0
2015-05-28 00:00:00-04:00,40.880869336079776,40.880869336079776,40.48405222890018,40.67383575439453,2114000,0.0,0.0
2015-05-29 00:00:00-04:00,40.51856667010875,40.69109359092129,39.94921927550315,39.96647262573242,3738400,0.0,0.0
2015-06-01 00:00:00-04:00,40.1044909006705,40.44954798798403,39.897454015690656,40.35465621948242,2316200,0.0,0.0
2015-06-02 00:00:00-04:00,40.302901449447305,40.76872870477918,40.25114140297052,40.57032012939453,2134100,0.0,0.0
2015-06-03 00:00:00-04:00,40.967132379951025,41.33806778794734,40.880865653071176,41.25180435180664,2743000,0.0,0.0
2015-06-04 00:00:00-04:00,40.86361747153556,41.22593118873736,40.77735402449395,40.8808708190918,3023900,0.0,0.0
2015-06-05 00:00:00-04:00,40.70833746502305,40.9930127414289,40.48405054573243,40.76009750366211,2073200,0.0,0.0
2015-06-08 00:00:00-04:00,40.54444556312663,40.88950599059822,40.466807131482526,40.56169891357422,1965600,0.0,0.0
2015-06-09 00:00:00-04:00,40.47542496380322,40.75147523113599,40.35465482288612,40.71696853637695,2071300,0.0,0.0
2015-06-10 00:00:00-04:00,40.82910501450285,41.087898588987336,40.53580475255675,40.544429779052734,4142500,0.0,0.0
2015-06-11 00:00:00-04:00,40.691082664557726,41.28631157004649,40.56168750869349,41.260433197021484,2812800,0.0,0.0
2015-06-12 00:00:00-04:00,40.760089802256765,41.10515007984119,40.71695809024339,40.90673828125,1890900,0.0,0.0
2015-06-15 00:00:00-04:00,40.46679667358769,40.794603665896034,40.15624302726812,40.74284362792969,2266300,0.0,0.0
2015-06-16 00:00:00-04:00,40.647953348533484,41.087905460398254,40.440919770617796,40.9326286315918,2121700,0.0,0.0
2015-06-17 00:00:00-04:00,40.72557977537521,41.13965010006451,40.53579959993746,41.044761657714844,2216100,0.0,0.0
2015-06-18 00:00:00-04:00,41.05339534722077,42.01955964206644,40.94987856688637,41.94192123413086,4063500,0.0,0.0
2015-06-19 00:00:00-04:00,41.95055262942765,42.37324809973165,41.864285897204844,42.20071792602539,6296800,0.0,0.0
2015-06-22 00:00:00-04:00,43.4946897295068,43.69310157024211,42.718308876140924,43.0633659362793,6143900,0.0,0.0
2015-06-23 00:00:00-04:00,43.05474229573756,43.22727247673606,42.32149313991831,42.68380355834961,5867800,0.0,0.0
2015-06-24 00:00:00-04:00,43.382546305720965,43.9432652417042,42.96847587444836,42.994354248046875,5375200,0.0,0.0
2015-06-25 00:00:00-04:00,43.61546250917111,43.99502625691757,43.10650030907916,43.16688537597656,5083400,0.0,0.0
2015-06-26 00:00:00-04:00,43.58095328820096,43.83112185982832,43.49468656139541,43.64996337890625,4451600,0.0,0.0
2015-06-29 00:00:00-04:00,43.184140008784034,43.32216349305256,42.18346892515239,42.226600646972656,3203400,0.0,0.0
2015-06-30 00:00:00-04:00,42.73556530319082,42.92534554818773,42.28698813101149,42.60616683959961,3234200,0.0,0.0
2015-07-01 00:00:00-04:00,43.05473834639772,43.270400230178666,42.623414578835835,42.81319808959961,3995600,0.0,0.0
2015-07-02 00:00:00-04:00,43.02887291865296,43.192774814970385,42.64930578293232,43.011619567871094,2894300,0.0,0.0
2015-07-06 00:00:00-04:00,42.657918709084825,43.10649579530793,42.27835171034428,42.58028030395508,3431900,0.0,0.0
2015-07-07 00:00:00-04:00,42.554406286556876,43.36529381919422,41.898792289327254,43.304908752441406,3988400,0.0,0.0
2015-07-08 00:00:00-04:00,42.78731520908508,42.882206961768496,42.200714638623154,42.20934295654297,3997300,0.0,0.0
2015-07-09 00:00:00-04:00,43.089254159896576,43.14963923688007,42.42501502233819,42.44226837158203,2722600,0.0,0.0
2015-07-10 00:00:00-04:00,43.57232877316418,43.7879906728924,43.26177840177667,43.63271713256836,4469100,0.0,0.0
2015-07-13 00:00:00-04:00,44.503995966890024,44.95257317578027,44.47811758834978,44.71103286743164,4407700,0.0,0.0
2015-07-14 00:00:00-04:00,45.03020095825195,45.20273111946531,44.88354916946191,45.03020095825195,2726300,0.0,0.0
2015-07-15 00:00:00-04:00,45.00432609513902,45.08196451487906,44.59888393937625,44.71965408325195,3569300,0.0,0.0
2015-07-16 00:00:00-04:00,45.14234223648337,45.2027272941871,44.79728194325737,45.038822174072266,3576900,0.0,0.0
2015-07-17 00:00:00-04:00,44.98707040376003,45.142347223792775,44.86629698427074,44.94393539428711,2874100,0.0,0.0
2015-07-20 00:00:00-04:00,45.150973844233285,45.18548053673339,44.8835519134665,44.9870719909668,2960700,0.0,0.0
2015-07-21 00:00:00-04:00,45.194108449458625,45.2631218388643,44.61613612151399,44.82316970825195,2477600,0.0,0.0
2015-07-22 00:00:00-04:00,44.74552938671664,45.202734845227326,44.72827604009932,45.17685317993164,2266400,0.0,0.0
2015-07-23 00:00:00-04:00,45.12509514321222,45.21998361079087,44.59887960398674,44.69377136230469,2278700,0.0,0.0
2015-07-24 00:00:00-04:00,44.58162506613473,44.6937701675799,43.84837597448838,44.098541259765625,2637600,0.0,0.0
2015-07-27 00:00:00-04:00,43.93463303205723,44.089909829743654,43.58957275036769,43.86561965942383,2390000,0.0,0.0
2015-07-28 00:00:00-04:00,43.84836989815954,44.32282532057903,43.71897146898207,44.2883186340332,2499600,0.0,0.0
2015-07-29 00:00:00-04:00,44.7110234549772,45.245864006901535,44.66788844550428,44.94393539428711,3396500,0.0,0.0
2015-07-30 00:00:00-04:00,44.47809968017667,44.85766333914974,44.133039415118546,44.754146575927734,2914000,0.0,0.0
2015-07-31 00:00:00-04:00,46.237896630210656,46.62608859574507,45.849707955414736,45.97047805786133,5530200,0.0,0.0
2015-08-03 00:00:00-04:00,45.849709530678204,45.875587899023444,44.75414696396895,45.047447204589844,4078600,0.0,0.0
2015-08-04 00:00:00-04:00,45.23724189009892,45.332133658764945,44.58163111954951,44.74553298950195,3400800,0.0,0.0
2015-08-05 00:00:00-04:00,45.185476433232665,45.78933033418838,45.133716399183086,45.40113830566406,3725000,0.0,0.0
2015-08-06 00:00:00-04:00,45.685820556869906,45.772087299717555,44.719656072154585,44.93531799316406,4136200,0.0,0.0
2015-08-07 00:00:00-04:00,44.98707146128128,45.05608155472962,44.47810927048505,44.969818115234375,3478800,0.0,0.0
2015-08-10 00:00:00-04:00,45.54778528915322,45.72894046621173,45.04745147288604,45.21997833251953,3815000,0.0,0.0
2015-08-11 00:00:00-04:00,44.788653096775356,45.14234170305901,44.57299123874218,45.021568298339844,3559400,0.0,0.0
2015-08-12 00:00:00-04:00,44.667889576699416,44.72827464260368,43.91738712136114,44.13304901123047,3985500,0.0,0.0
2015-08-13 00:00:00-04:00,44.39184201717211,45.237236219073345,44.26244685945393,44.95256423950195,3395000,0.0,0.0
2015-08-14 00:00:00-04:00,45.056077029064525,45.30624558550752,44.84904347877574,45.23723220825195,2223800,0.0,0.0
2015-08-17 00:00:00-04:00,45.081954612589584,45.78070023676988,45.038822897927844,45.625423431396484,2247100,0.0,0.0
2015-08-18 00:00:00-04:00,45.66856065927184,45.78070576352191,45.41839536773763,45.54779052734375,1880300,0.0,0.0
2015-08-19 00:00:00-04:00,45.192084836751086,45.71262969881622,45.05327265289748,45.37427520751953,2269800,0.3,0.0
2015-08-20 00:00:00-04:00,44.723596774076825,44.76697496516125,43.28341898708445,43.31812286376953,5190500,0.0,0.0
2015-08-21 00:00:00-04:00,42.91035479020785,43.118574712647934,41.8692617970942,41.97337341308594,6428200,0.0,0.0
2015-08-24 00:00:00-04:00,40.3770298656816,41.9733714998115,38.798040166759364,40.324974060058594,8379200,0.0,0.0
2015-08-25 00:00:00-04:00,42.008079835463,42.459220305728934,41.05374638921759,41.07109832763672,7940600,0.0,0.0
2015-08-26 00:00:00-04:00,42.3204039095328,42.51127190366441,41.09712050346216,42.381134033203125,5923100,0.0,0.0
2015-08-27 00:00:00-04:00,42.53729620961837,43.222682784905125,42.16423786152777,43.15327835083008,5525700,0.0,0.0
2015-08-28 00:00:00-04:00,42.74551462373112,43.08386908808219,42.54597233217903,42.9450569152832,3563900,0.0,0.0
2015-08-31 00:00:00-04:00,42.875653868702706,43.1793078052595,42.537299367304136,42.7108154296875,3524300,0.0,0.0
2015-09-01 00:00:00-04:00,41.73913328945817,42.094839755113654,41.14050299416546,41.45283126831055,5112700,0.0,0.0
2015-09-02 00:00:00-04:00,42.21629637515633,42.89300537109375,41.96469825272806,42.89300537109375,3933500,0.0,0.0
2015-09-03 00:00:00-04:00,43.240028042991774,43.55235622195322,42.71948328441795,42.85829544067383,2958400,0.0,0.0
2015-09-04 00:00:00-04:00,42.34642652698148,42.69345527541301,42.05145027056605,42.45053482055664,3204700,0.0,0.0
2015-09-08 00:00:00-04:00,43.31811688595937,43.96879959106445,43.161952771970675,43.96879959106445,3925000,0.0,0.0
2015-09-09 00:00:00-04:00,44.13364132265997,44.63683757419771,43.73455669460539,43.83866500854492,3003700,0.0,0.0
2015-09-10 00:00:00-04:00,43.92541983788293,44.23774805471058,43.58706537283406,44.003501892089844,3081000,0.0,0.0
2015-09-11 00:00:00-04:00,43.725881965372594,44.593458962228844,43.66515184035614,44.576107025146484,2501700,0.0,0.0
2015-09-14 00:00:00-04:00,44.08158840170191,44.96651733564052,44.046884527537195,44.576107025146484,3827000,0.0,0.0
2015-09-15 00:00:00-04:00,44.593461592907175,45.25281869321585,44.33318583086111,45.06195068359375,3758100,0.0,0.0
2015-09-16 00:00:00-04:00,45.60851347229576,45.94686790486615,45.27883335178538,45.8687858581543,3634700,0.0,0.0
2015-09-17 00:00:00-04:00,45.77336822260005,46.45008063892523,45.51309574380304,45.756019592285156,3581100,0.0,0.0
2015-09-18 00:00:00-04:00,45.74733673462144,45.75601435833039,45.070627705248015,45.17473602294922,8391300,0.0,0.0
2015-09-21 00:00:00-04:00,45.67792654054471,45.9902514543179,45.20943420556993,45.70395278930664,6855500,0.0,0.0
2015-09-22 00:00:00-04:00,45.13135537697614,45.15738162759914,42.988439154519995,43.196659088134766,9986100,0.0,0.0
2015-09-23 00:00:00-04:00,44.081590774304914,44.74094787120505,43.196661792736776,44.68021774291992,6754100,0.0,0.0
2015-09-24 00:00:00-04:00,44.09894053745642,44.35921297577714,43.84734241294416,44.14231872558594,4989400,0.0,0.0
2015-09-25 00:00:00-04:00,44.602131497846045,44.78432186563201,43.73455453557746,43.98615264892578,3988000,0.0,0.0
2015-09-28 00:00:00-04:00,43.847345653593756,43.94277966025816,41.72178118271599,42.19894790649414,5503100,0.0,0.0
2015-09-29 00:00:00-04:00,42.34643508537321,42.372461336641265,41.46150613727906,41.843238830566406,4452400,0.0,0.0
2015-09-30 00:00:00-04:00,43.21400239970433,43.32678500292207,42.43318194142738,43.118568420410156,5182200,0.0,0.0
2015-10-01 00:00:00-04:00,43.38751999367259,43.760578331290375,42.49391683170329,42.953731536865234,4636900,0.0,0.0
2015-10-02 00:00:00-04:00,42.693460933201735,43.17930521684211,41.999400034817924,43.17062759399414,4515800,0.0,0.0
2015-10-05 00:00:00-04:00,43.5263405385707,43.786616310346666,43.161959753354616,43.708534240722656,5150100,0.0,0.0
2015-10-06 00:00:00-04:00,43.83866501983687,44.02085870620752,42.47656938624574,42.65008544921875,5198300,0.0,0.0
2015-10-07 00:00:00-04:00,41.91263604969753,42.788887154186845,41.85190593896772,42.72815704345703,5557700,0.0,0.0
2015-10-08 00:00:00-04:00,42.50259653360972,43.179305500283114,42.415836852277586,43.04916763305664,4458400,0.0,0.0
2015-10-09 00:00:00-04:00,42.41583852456414,42.93638670444972,42.20762190024477,42.82360076904297,4881100,0.0,0.0
2015-10-12 00:00:00-04:00,42.5806836073588,43.79528950317873,42.55465404512158,43.69118118286133,3372300,0.0,0.0
2015-10-13 00:00:00-04:00,43.248711753189966,43.916746434573824,43.18798162847721,43.26606369018555,2588200,0.0,0.0
2015-10-14 00:00:00-04:00,43.47428391704121,43.56971791638712,41.877942107688284,41.956024169921875,4489900,0.0,0.0
2015-10-15 00:00:00-04:00,42.62405983536582,43.96880355180993,42.424517518303865,43.90807342529297,4667300,0.0,0.0
2015-10-16 00:00:00-04:00,44.003498839437384,44.38523146155412,43.847334741857125,44.33317565917969,4154000,0.0,0.0
2015-10-19 00:00:00-04:00,44.22039179335574,45.06193906243242,44.02952383295716,44.99253463745117,4471400,0.0,0.0
2015-10-20 00:00:00-04:00,45.01856956581462,45.33089781232604,44.524050945352734,44.827701568603516,2986300,0.0,0.0
2015-10-21 00:00:00-04:00,45.009899534003836,45.244145741171835,44.41994685881269,44.64551544189453,3056300,0.0,0.0
2015-10-22 00:00:00-04:00,44.8537347719799,45.461039377351916,44.68889301207467,45.443687438964844,2989700,0.0,0.0
2015-10-23 00:00:00-04:00,46.02495749959239,46.70166978525578,45.851441444049385,46.48477554321289,5562900,0.0,0.0
2015-10-26 00:00:00-04:00,46.36331543521973,46.53683150366536,46.085691049524215,46.42404556274414,3206300,0.0,0.0
2015-10-27 00:00:00-04:00,46.2245019062284,46.771076347692805,46.18112371775679,46.71034622192383,2088800,0.0,0.0
2015-10-28 00:00:00-04:00,46.736370102989696,46.93591240747474,45.74733289400144,46.233177185058594,3514200,0.0,0.0
2015-10-29 00:00:00-04:00,46.30258168254117,47.031346465320865,46.1030393777917,46.91856384277344,2303400,0.0,0.0
2015-10-30 00:00:00-04:00,46.67564004215122,47.36102663860164,46.61490991938153,46.91856384277344,2764300,0.0,0.0
2015-11-02 00:00:00-05:00,47.100752434984244,47.33499860378145,46.354635743899074,46.458744049072266,3408900,0.0,0.0
2015-11-03 00:00:00-05:00,46.11171556943648,46.137741818517476,44.96651427626547,45.96422576904297,5460500,0.0,0.0
2015-11-04 00:00:00-05:00,45.65190699058024,46.09437317379565,45.33090438381693,45.80807113647461,3595100,0.0,0.0
2015-11-05 00:00:00-05:00,44.81902803710157,46.059663421539106,44.79300178595258,45.89482498168945,3671100,0.0,0.0
2015-11-06 00:00:00-05:00,45.747325214142926,46.29389953613281,45.53043100965171,46.29389953613281,3367100,0.0,0.0
2015-11-09 00:00:00-05:00,45.86011478468132,45.97290070668391,44.92313015797031,45.608516693115234,3077400,0.0,0.0
2015-11-10 00:00:00-05:00,45.3829550896032,46.15509810756941,45.32222496299083,46.09436798095703,2879100,0.0,0.0
2015-11-11 00:00:00-05:00,46.26788350597784,46.38066613434328,45.825417377781115,45.8340950012207,2237200,0.0,0.0
2015-11-12 00:00:00-05:00,45.556470015977034,45.6866078989419,45.16606298617011,45.26149368286133,2594300,0.0,0.0
2015-11-13 00:00:00-05:00,45.02724558614218,45.148705831118605,44.48934548761306,44.732269287109375,2653700,0.0,0.0
2015-11-16 00:00:00-05:00,43.90806664558582,44.229069166116695,43.25738398233658,44.046878814697266,5171700,0.0,0.0
2015-11-17 00:00:00-05:00,44.33318308721662,44.59345883315501,43.43957984209512,43.578392028808594,4583000,0.0,0.0
2015-11-18 00:00:00-05:00,43.814042180167995,43.98860078037352,43.41255973029515,43.89259338378906,4759600,0.3,0.0
2015-11-19 00:00:00-05:00,44.45990195961099,45.10576774213048,44.16315335619849,44.983577728271484,6164500,0.0,0.0
2015-11-20 00:00:00-05:00,45.14068367581183,45.3326951429352,44.870117674255056,45.01849365234375,4423000,0.0,0.0
2015-11-23 00:00:00-05:00,44.826478507823566,45.11449737098707,44.739197542146435,44.8526611328125,2414300,0.0,0.0
2015-11-24 00:00:00-05:00,43.744223826485424,44.110797273643676,43.403836337328464,43.97987747192383,7722500,0.0,0.0
2015-11-25 00:00:00-05:00,44.56464650021389,45.02722400921618,44.372631686924464,44.5035514831543,2843000,0.0,0.0
2015-11-27 00:00:00-05:00,44.60828854025039,44.660653798976654,44.18062006055511,44.37263488769531,1345800,0.0,0.0
2015-11-30 00:00:00-05:00,44.54719068749527,44.54719068749527,43.97987600487187,44.10206604003906,3469500,0.0,0.0
2015-12-01 00:00:00-05:00,44.62574603395675,44.97485997685646,44.33772378487116,44.91376495361328,5021600,0.0,0.0
2015-12-02 00:00:00-05:00,44.85265757784616,45.08831117235418,44.57336516867254,44.66937255859375,3015600,0.0,0.0
2015-12-03 00:00:00-05:00,44.87011902911196,44.93121404269077,42.897615741934985,43.037261962890625,4994900,0.0,0.0
2015-12-04 00:00:00-05:00,43.46492832798916,44.30280567820581,43.41256307449351,44.2417106628418,4126300,0.0,0.0
2015-12-07 00:00:00-05:00,44.52100709376569,44.73920454798405,43.88387092697955,44.22425842285156,3566800,0.0,0.0
2015-12-08 00:00:00-05:00,43.334011544452224,43.97987408193361,43.23800414118182,43.77913284301758,3428400,0.0,0.0
2015-12-09 00:00:00-05:00,43.76166966166212,44.35516685127468,43.66566227372066,43.9100456237793,4775800,0.0,0.0
2015-12-10 00:00:00-05:00,44.27661095676874,44.695549517438955,44.136964769878674,44.477352142333984,3932000,0.0,0.0
2015-12-11 00:00:00-05:00,43.805315793425386,44.72174768274276,43.735494345621646,44.2417106628418,6697600,0.0,0.0
2015-12-14 00:00:00-05:00,44.4511771398708,44.86138934077878,43.910048489122694,44.32898712158203,4268600,0.0,0.0
2015-12-15 00:00:00-05:00,45.04467415485939,45.707992820754484,44.76538173454269,45.52470779418945,4630100,0.0,0.0
2015-12-16 00:00:00-05:00,45.47234655662914,45.64690517986001,44.40754528083558,45.559627532958984,7302500,0.0,0.0
2015-12-17 00:00:00-05:00,45.385055065148464,45.58579625532836,43.92749816406616,44.040958404541016,5849400,0.0,0.0
2015-12-18 00:00:00-05:00,45.07959352381914,46.257858396486434,44.564647419813184,45.74291229248047,8631300,0.0,0.0
2015-12-21 00:00:00-05:00,46.633156283445324,47.27029239696791,46.545878640825826,47.078277587890625,5530600,0.0,0.0
2015-12-22 00:00:00-05:00,47.479758447952996,47.558309649888514,46.56332664889582,47.366294860839844,4726700,0.0,0.0
2015-12-23 00:00:00-05:00,47.55831362511394,47.671773892282516,47.08700637410597,47.200469970703125,3757400,0.0,0.0
2015-12-24 00:00:00-05:00,47.5321307392011,47.61068195277568,47.16556062880561,47.235382080078125,1684000,0.0,0.0
2015-12-28 00:00:00-05:00,47.017182008439015,47.497215695948015,46.96481675526663,47.29647445678711,2868300,0.0,0.0
2015-12-29 00:00:00-05:00,47.75032197178832,48.317636588170394,47.62813195088839,48.1256217956543,2660200,0.0,0.0
2015-12-30 00:00:00-05:00,48.45728398858484,48.67548141108598,48.00343295025105,48.03834533691406,2947000,0.0,0.0
2015-12-31 00:00:00-05:00,47.9510582124455,48.23908037128524,47.53211961457426,47.54957580566406,2269900,0.0,0.0
2016-01-04 00:00:00-05:00,47.270290097010275,47.32265867769115,46.449868976247515,47.30520248413086,4773000,0.0,0.0
2016-01-05 00:00:00-05:00,47.14809749238815,47.28774370380297,46.79898029913696,46.851348876953125,4545300,0.0,0.0
2016-01-06 00:00:00-05:00,46.17930201457866,47.22665030052306,46.135663196295226,46.71170425415039,5092000,0.0,0.0
2016-01-07 00:00:00-05:00,45.95237577878945,46.70297207085293,45.60325859177016,45.72544860839844,4908000,0.0,0.0
2016-01-08 00:00:00-05:00,46.82516882849812,46.85135145413229,45.30651328257466,45.42870330810547,4932700,0.0,0.0
2016-01-11 00:00:00-05:00,46.2578564272099,47.567041043074326,46.2578564272099,47.078277587890625,7022700,0.0,0.0
2016-01-12 00:00:00-05:00,47.51466917821665,47.916154963051994,47.08700409771792,47.72414016723633,6031400,0.0,0.0
2016-01-13 00:00:00-05:00,47.462307717062785,47.72414397716908,45.41124979913464,45.71672821044922,7727700,0.0,0.0
2016-01-14 00:00:00-05:00,45.07959611602123,45.54217366116837,43.80532043202491,45.33270263671875,8825300,0.0,0.0
2016-01-15 00:00:00-05:00,43.43000960479282,44.05841919051155,43.176903147814464,43.49110794067383,9111900,0.0,0.0
2016-01-19 00:00:00-05:00,44.36390100703802,44.73919750614827,42.40885066001272,42.827789306640625,10713500,0.0,0.0
2016-01-20 00:00:00-05:00,42.76669435368757,42.792876978691105,40.89892496972486,42.16447067260742,10088400,0.0,0.0
2016-01-21 00:00:00-05:00,42.312842184834054,43.51729284410419,42.13828358749474,43.264183044433594,8299600,0.0,0.0
2016-01-22 00:00:00-05:00,43.796585268075766,43.979870297039305,43.10708063977104,43.264183044433594,4912400,0.0,0.0
2016-01-25 00:00:00-05:00,43.24672477995126,43.46492218381522,42.48739874674456,42.592132568359375,4936900,0.0,0.0
2016-01-26 00:00:00-05:00,42.95871122606475,43.700581158749856,42.63577663140687,43.482383728027344,5548700,0.0,0.0
2016-01-27 00:00:00-05:00,44.0496946432054,44.13697227631973,41.67570573289862,41.93754196166992,7413400,0.0,0.0
2016-01-28 00:00:00-05:00,42.27793965943399,42.321581816018174,39.98250472267135,40.89893341064453,12679900,0.0,0.0
2016-01-29 00:00:00-05:00,40.968751821836555,42.00737380981445,40.94256919337622,42.00737380981445,8603700,0.0,0.0
2016-02-01 00:00:00-05:00,41.98117591477933,42.880151412968,41.69315709532588,42.74050521850586,7056300,0.0,0.0
2016-02-02 00:00:00-05:00,41.239315780592975,41.29168436430551,38.84787039524595,39.34536361694336,16123000,0.0,0.0
2016-02-03 00:00:00-05:00,39.807935805724526,40.08722822271526,39.22316501866827,39.61592102050781,8651700,0.0,0.0
2016-02-04 00:00:00-05:00,39.711930916676565,39.903945713998475,39.11843366079833,39.72065734863281,7697700,0.0,0.0
2016-02-05 00:00:00-05:00,39.14461612961501,39.301718539627025,37.4252227102611,37.56486892700195,9093600,0.0,0.0
2016-02-08 00:00:00-05:00,36.91901001344701,37.0848422158909,35.627281434127134,36.58734893798828,12096500,0.0,0.0
2016-02-09 00:00:00-05:00,35.58363843812549,38.088544083534835,35.36544100104801,37.50377655029297,9800500,0.0,0.0
2016-02-10 00:00:00-05:00,37.913988567893554,38.90024199636136,37.80052828852522,37.8878059387207,7325100,0.0,0.0
2016-02-11 00:00:00-05:00,37.27684309837974,38.13217650871711,37.24193071524073,37.69578170776367,6704100,0.0,0.0
2016-02-12 00:00:00-05:00,37.774341773346,38.533671302460036,37.39031545694373,38.45512008666992,4835000,0.0,0.0
2016-02-16 00:00:00-05:00,38.943870654985155,39.79920405544215,38.455110614397206,39.29298782348633,5145100,0.0,0.0
2016-02-17 00:00:00-05:00,39.74110264678826,40.549457580178135,39.65323951026849,40.34736633300781,5846200,0.3,0.0
2016-02-18 00:00:00-05:00,40.364942672975985,40.47038246686329,39.679600771528804,39.8377571105957,4359700,0.0,0.0
2016-02-19 00:00:00-05:00,39.8553197028542,40.900905573120276,39.38963913612646,40.76032257080078,4931600,0.0,0.0
2016-02-22 00:00:00-05:00,40.760325813349844,41.98164137161369,40.760325813349844,41.93770980834961,6756000,0.0,0.0
2016-02-23 00:00:00-05:00,41.955296802490516,42.68457372748549,41.849860345878845,42.262821197509766,6061300,0.0,0.0
2016-02-24 00:00:00-05:00,41.27872536020368,42.23644816521999,40.944839453857284,42.20130157470703,5282400,0.0,0.0
2016-02-25 00:00:00-05:00,42.2100937592646,42.7197059612644,42.13980057180882,42.62305450439453,4297400,0.0,0.0
2016-02-26 00:00:00-05:00,42.75484842268524,42.93057802257657,41.93770863218941,42.47368240356445,4829900,0.0,0.0
2016-02-29 00:00:00-05:00,42.46490199322744,42.89543603985547,42.12222772833753,42.139801025390625,4115600,0.0,0.0
2016-03-01 00:00:00-05:00,42.69335402983801,43.027240016292296,42.19252672603868,43.01845169067383,4368500,0.0,0.0
2016-03-02 00:00:00-05:00,42.78120949083451,42.93936580591634,42.12222596191478,42.315528869628906,3922100,0.0,0.0
2016-03-03 00:00:00-05:00,41.638970534657005,42.22766420873097,41.146931662699174,42.218875885009766,7237700,0.0,0.0
2016-03-04 00:00:00-05:00,42.201302808740955,42.34188582314031,41.67411734268425,42.14858627319336,5087300,0.0,0.0
2016-03-07 00:00:00-05:00,41.77077023090115,41.99921638024979,41.155718264828316,41.340232849121094,4610000,0.0,0.0
2016-03-08 00:00:00-05:00,41.19086630864618,41.419312466042506,40.69882404810158,40.733970642089844,5538900,0.0,0.0
2016-03-09 00:00:00-05:00,40.86575923428668,41.01513056053057,40.400078664713654,40.83061599731445,3975300,0.0,0.0
2016-03-10 00:00:00-05:00,40.76032586586423,41.64775886305369,40.189208839168565,40.68124771118164,4791400,0.0,0.0
2016-03-11 00:00:00-05:00,41.18207587076634,42.10465212914679,40.98877631727858,42.09586715698242,3653300,0.0,0.0
2016-03-14 00:00:00-04:00,42.24523700984033,42.74606419965613,42.166158856092395,42.28038024902344,3275300,0.0,0.0
2016-03-15 00:00:00-04:00,41.92013754782341,42.50883123574159,41.82348609519777,42.09586715698242,2472600,0.0,0.0
2016-03-16 00:00:00-04:00,41.94649776257483,43.08873515619657,41.77076815930301,42.90422058105469,3834600,0.0,0.0
2016-03-17 00:00:00-04:00,42.91300076224528,43.34353807460917,42.57911488847918,43.027225494384766,4459200,0.0,0.0
2016-03-18 00:00:00-04:00,43.00965713085327,43.85315520696285,42.97451053974119,43.60713577270508,6237300,0.0,0.0
2016-03-21 00:00:00-04:00,43.60713886486173,43.76529518431747,43.3347577920738,43.73893356323242,2934000,0.0,0.0
2016-03-22 00:00:00-04:00,42.12223127627512,42.913012951453375,42.12223127627512,42.83393478393555,7003800,0.0,0.0
2016-03-23 00:00:00-04:00,42.95693829624748,43.1326679043483,42.095866903493274,42.227664947509766,5313800,0.0,0.0
2016-03-24 00:00:00-04:00,42.35946229173235,43.07116574080425,42.08708456629882,42.983299255371094,4340800,0.0,0.0
2016-03-28 00:00:00-04:00,43.03601658540867,43.43140736691753,42.86907530066648,43.071163177490234,4199500,0.0,0.0
2016-03-29 00:00:00-04:00,43.15024419046713,43.730149591150436,43.08873932613433,43.61592483520508,4381100,0.0,0.0
2016-03-30 00:00:00-04:00,44.61757653562117,46.03219503072922,44.61757653562117,46.01462173461914,9520100,0.0,0.0
2016-03-31 00:00:00-04:00,45.94432840385525,46.612096846378485,45.82131869221386,46.3660774230957,7717400,0.0,0.0
2016-04-01 00:00:00-04:00,45.865249248320275,46.48030114481424,45.698304627524905,46.34850311279297,5386100,0.0,0.0
2016-04-04 00:00:00-04:00,46.39244411400713,46.752688342845424,46.15520961914817,46.59453201293945,3586900,0.0,0.0
2016-04-05 00:00:00-04:00,45.85647354866135,45.96191334400922,45.09205346709192,45.25020980834961,5511500,0.0,0.0
2016-04-06 00:00:00-04:00,45.61923595213328,45.75103401152425,45.17991355651521,45.68074417114258,3963900,0.0,0.0
2016-04-07 00:00:00-04:00,45.54893760747088,45.54893760747088,44.77572939705217,44.969032287597656,2975400,0.0,0.0
2016-04-08 00:00:00-04:00,45.434722385355826,45.434722385355826,44.8284586722278,44.933895111083984,2961700,0.0,0.0
2016-04-11 00:00:00-04:00,45.21505242374564,45.39956699394187,44.60000050466157,44.63514709472656,3977100,0.0,0.0
2016-04-12 00:00:00-04:00,45.05689390084423,45.15354534288053,44.65271819029532,45.012962341308594,3538600,0.0,0.0
2016-04-13 00:00:00-04:00,45.2677803089435,45.505014806163274,44.96025261917095,45.408363342285156,4515500,0.0,0.0
2016-04-14 00:00:00-04:00,45.390780878042555,45.67194688794788,44.84602215282139,45.311702728271484,2772600,0.0,0.0
2016-04-15 00:00:00-04:00,45.27656423969531,45.461082190016114,44.74059038999415,44.82845687866211,4737800,0.0,0.0
2016-04-18 00:00:00-04:00,45.56651758337938,45.66316904282357,44.10796742245993,44.6702995300293,5266800,0.0,0.0
2016-04-19 00:00:00-04:00,44.88117164438345,45.02175465842736,44.38912941934805,44.45941925048828,3253100,0.0,0.0
2016-04-20 00:00:00-04:00,44.46821158051668,44.59122130991701,43.85315958175128,43.967384338378906,3742000,0.0,0.0
2016-04-21 00:00:00-04:00,43.65985353391376,43.96738118713713,43.10630979128601,43.21174621582031,5332800,0.0,0.0
2016-04-22 00:00:00-04:00,43.14145503070813,43.92345165821726,42.28917191927053,42.62305450439453,4882800,0.0,0.0
2016-04-25 00:00:00-04:00,42.82514299391939,43.66864107867093,42.754849810975045,43.26446533203125,3606200,0.0,0.0
2016-04-26 00:00:00-04:00,43.2029517680692,43.659847345306105,42.90421583286052,43.167808532714844,3125500,0.0,0.0
2016-04-27 00:00:00-04:00,43.23810804617507,43.721361996180555,43.15024491045181,43.484130859375,3450200,0.0,0.0
2016-04-28 00:00:00-04:00,42.869079354139764,43.475343041936114,42.710923026581796,42.79878616333008,4475600,0.0,0.0
2016-04-29 00:00:00-04:00,43.1853930409041,43.74772517375976,42.39461138422339,43.09752655029297,5878700,0.0,0.0
2016-05-02 00:00:00-04:00,43.34354558823284,43.77407962346698,43.334757264057025,43.51927185058594,3542200,0.0,0.0
2016-05-03 00:00:00-04:00,43.09752501795959,43.87073334902664,42.99208858473892,43.484130859375,3738600,0.0,0.0
2016-05-04 00:00:00-04:00,43.1502479639417,43.396267442787206,43.00966492577798,43.19417953491211,3200300,0.0,0.0
2016-05-05 00:00:00-04:00,43.06237890817255,43.21175026270167,42.456115220617875,42.51762008666992,3216300,0.0,0.0
2016-05-06 00:00:00-04:00,42.543980121218446,43.308403519725104,42.31553394523422,43.24689865112305,3628400,0.0,0.0
2016-05-09 00:00:00-04:00,43.317175383135385,43.879507355458436,43.26445885558194,43.70378112792969,3313200,0.0,0.0
2016-05-10 00:00:00-04:00,43.1678153046787,44.36277264002481,42.50004345174361,44.274906158447266,6062100,0.0,0.0
2016-05-11 00:00:00-04:00,44.17824935913086,44.93388425044991,44.14310612251564,44.17824935913086,4072400,0.0,0.0
2016-05-12 00:00:00-04:00,44.705444627396545,45.06568883122793,44.3803436652884,44.85481262207031,4010200,0.0,0.0
2016-05-13 00:00:00-04:00,44.42427768236518,44.898743277764076,43.571991242287815,43.58077621459961,4532300,0.0,0.0
2016-05-16 00:00:00-04:00,43.65986195951469,44.09039941640831,43.61593038679432,43.923458099365234,4432500,0.0,0.0
2016-05-17 00:00:00-04:00,44.03767647396022,44.19583280623225,43.738937107642364,43.87073516845703,2483100,0.0,0.0
2016-05-18 00:00:00-04:00,43.87951659685142,44.38034382466521,43.774080167775786,44.222190856933594,3565600,0.0,0.0
2016-05-19 00:00:00-04:00,43.87952091764711,44.01131898079248,43.27325720105919,43.53684997558594,3408700,0.0,0.0
2016-05-20 00:00:00-04:00,43.84437387293254,44.204618082313154,43.74772241523662,43.958595275878906,3087900,0.0,0.0
2016-05-23 00:00:00-04:00,44.14311908446902,44.20462395630955,43.78287482721844,43.85316467285156,2182700,0.0,0.0
2016-05-24 00:00:00-04:00,44.12554044807378,44.85481384816088,44.072820556402384,44.66151428222656,2411700,0.0,0.0
2016-05-25 00:00:00-04:00,44.440325551381456,44.440325551381456,43.79446814335852,43.90948486328125,5194800,0.35,0.0
2016-05-26 00:00:00-04:00,43.06898897764671,43.148615427020054,41.84805121225651,42.1046257019043,10709400,0.0,0.0
2016-05-27 00:00:00-04:00,42.62661925661254,43.316712880006286,42.48506150373682,42.998207092285156,5430600,0.0,0.0
2016-05-31 00:00:00-04:00,42.99820211462929,43.20169452489634,42.042688237083325,42.23733139038086,6066500,0.0,0.0
2016-06-01 00:00:00-04:00,41.83035278656597,42.57353179736803,41.73303120330572,42.511600494384766,4547200,0.0,0.0
2016-06-02 00:00:00-04:00,42.36119851837042,42.76817663242463,42.20194562591391,42.75933074951172,3438100,0.0,0.0
2016-06-03 00:00:00-04:00,42.38774306613084,42.476215402627396,41.7772758442967,42.246185302734375,3349400,0.0,0.0
2016-06-06 00:00:00-04:00,41.671102792126256,41.92767727943522,41.432226821186866,41.644561767578125,4198500,0.0,0.0
2016-06-07 00:00:00-04:00,42.03383977861928,42.405430953336975,41.96306259653188,42.024993896484375,5054500,0.0,0.0
2016-06-08 00:00:00-04:00,41.94537054268309,42.33465351030553,41.78611765251868,42.18424987792969,3046400,0.0,0.0
2016-06-09 00:00:00-04:00,42.193097277895596,42.7681775547239,42.09577906374284,42.4939079284668,3516700,0.0,0.0
2016-06-10 00:00:00-04:00,41.69764452041167,41.883438430352335,41.5118472354681,41.71533966064453,3790300,0.0,0.0
2016-06-13 00:00:00-04:00,41.14025559944239,41.794962227316375,41.03408814289617,41.26411819458008,3660100,0.0,0.0
2016-06-14 00:00:00-04:00,40.75982294600765,41.24642749715866,40.7244326650141,41.157955169677734,4327400,0.0,0.0
2016-06-15 00:00:00-04:00,41.75072891049403,42.29041890539074,41.653410696253054,41.812660217285156,4193800,0.0,0.0
2016-06-16 00:00:00-04:00,41.379146157933405,42.0426988480061,41.02525003989324,41.99846267700195,3061300,0.0,0.0
2016-06-17 00:00:00-04:00,41.998452386361095,42.343499160653494,41.94536696916123,42.29926300048828,5882300,0.0,0.0
2016-06-20 00:00:00-04:00,43.81216471793326,43.927181441623105,42.79471609491366,42.909732818603516,5553500,0.0,0.0
2016-06-21 00:00:00-04:00,43.130918465376745,43.35210266263508,42.98936071413152,43.04244613647461,3073600,0.0,0.0
2016-06-22 00:00:00-04:00,43.22823715209961,43.697146538828406,43.130915571834514,43.22823715209961,3174400,0.0,0.0
2016-06-23 00:00:00-04:00,44.236839526445834,44.236839526445834,43.57328693354915,43.67060852050781,4211000,0.0,0.0
2016-06-24 00:00:00-04:00,40.22013484447343,41.75072913111934,39.77776643648318,40.38823699951172,10970200,0.0,0.0
2016-06-27 00:00:00-04:00,38.62760419662192,39.01688712971792,38.3444887225516,38.60990905761719,10886700,0.0,0.0
2016-06-28 00:00:00-04:00,39.94586496807359,40.83944758615659,37.99059421711487,38.689537048339844,14384200,0.0,0.0
2016-06-29 00:00:00-04:00,38.76031976751952,39.91932279591749,38.36218753925178,39.34424591064453,7537000,0.0,0.0
2016-06-30 00:00:00-04:00,39.03458138406179,39.23807041550038,38.72492489600363,39.10536193847656,6542300,0.0,0.0
2016-07-01 00:00:00-04:00,39.56543029721421,40.087425137897604,39.503498991963895,39.689292907714844,5651700,0.0,0.0
2016-07-05 00:00:00-04:00,39.29115568600994,39.29115568600994,38.53913086064825,38.70722961425781,6251900,0.0,0.0
2016-07-06 00:00:00-04:00,38.48605360647909,38.724932964899004,38.0967706010929,38.202938079833984,6195600,0.0,0.0
2016-07-07 00:00:00-04:00,38.609915949294034,39.25577345073693,38.53028949706117,38.769168853759766,4953500,0.0,0.0
2016-07-08 00:00:00-04:00,39.370785999855535,39.78661335895607,39.30885469637285,39.38848114013672,4181700,0.0,0.0
2016-07-11 00:00:00-04:00,39.777761456700276,40.423618846510706,39.768915574649256,40.37053680419922,5547500,0.0,0.0
2016-07-12 00:00:00-04:00,40.81290804899464,41.653408653516024,40.78636365095515,41.326053619384766,4911900,0.0,0.0
2016-07-13 00:00:00-04:00,41.62686094626783,41.91882567647142,41.184492597476456,41.27296829223633,3609100,0.0,0.0
2016-07-14 00:00:00-04:00,41.65341620726578,41.94537763862327,40.972168367426924,40.981014251708984,4010400,0.0,0.0
2016-07-15 00:00:00-04:00,40.50324192614904,40.520937063786356,39.59196427534303,40.09626388549805,6204300,0.0,0.0
2016-07-18 00:00:00-04:00,40.19358795105305,40.67134657192245,40.184738694183636,40.36168670654297,3072100,0.0,0.0
2016-07-19 00:00:00-04:00,40.40592065552275,40.59171791458766,39.83084386556712,39.928165435791016,3866800,0.0,0.0
2016-07-20 00:00:00-04:00,40.680193522867086,40.84829228277465,40.361687767250466,40.71558380126953,4223900,0.0,0.0
2016-07-21 00:00:00-04:00,40.63595377092769,40.777511497023795,39.9635520407194,40.09626388549805,2972700,0.0,0.0
2016-07-22 00:00:00-04:00,40.282060187659475,40.70673339145505,40.17589273046123,40.64480209350586,3842100,0.0,0.0
2016-07-25 00:00:00-04:00,40.618271850847506,41.14026676850175,40.60942596665152,40.97216796875,2964800,0.0,0.0
2016-07-26 00:00:00-04:00,41.104867766774305,41.35259634678475,40.78636200319144,40.84829330444336,2750000,0.0,0.0
2016-07-27 00:00:00-04:00,40.98986351099458,41.1225720252467,40.75098413533652,40.981014251708984,3431500,0.0,0.0
2016-07-28 00:00:00-04:00,40.89253737130803,41.272974478289285,40.689048305365084,41.140262603759766,2588700,0.0,0.0
2016-07-29 00:00:00-04:00,41.31720857632275,41.538392772796634,41.122565403424765,41.334903717041016,3887100,0.0,0.0
2016-08-01 00:00:00-04:00,41.211040269557714,41.503001647968674,41.15795484848166,41.326053619384766,4294000,0.0,0.0
2016-08-02 00:00:00-04:00,40.857145800874896,41.2729731779636,39.883936668330385,40.04318618774414,7242700,0.0,0.0
2016-08-03 00:00:00-04:00,39.90162405543067,40.777514878599874,39.883932291328634,40.37053680419922,2826400,0.0,0.0
2016-08-04 00:00:00-04:00,40.39707865973736,41.06063120235788,40.39707865973736,40.839447021484375,2772300,0.0,0.0
2016-08-05 00:00:00-04:00,40.998703074668306,41.68879669240021,40.97216205091032,41.62686538696289,2566300,0.0,0.0
2016-08-08 00:00:00-04:00,41.42337302874368,41.67994748796766,41.060631107945305,41.122562408447266,2823000,0.0,0.0
2016-08-09 00:00:00-04:00,40.48554978787569,40.9986986923671,39.83084652180356,39.85738754272461,7587400,0.0,0.0
2016-08-10 00:00:00-04:00,39.99009962123236,40.21128379681993,39.821997487784095,40.20243453979492,4842700,0.0,0.0
2016-08-11 00:00:00-04:00,40.44131941922667,40.981009421923055,40.3616929700583,40.627113342285156,4630700,0.0,0.0
2016-08-12 00:00:00-04:00,40.62711314819599,40.85714661136262,40.52979493301348,40.73328399658203,3423900,0.0,0.0
2016-08-15 00:00:00-04:00,40.60941276579006,41.025236687899984,40.520937077573386,40.830596923828125,3446500,0.0,0.0
2016-08-16 00:00:00-04:00,40.82176549278317,41.27298326221143,40.768683431676706,41.21105194091797,3012400,0.0,0.0
2016-08-17 00:00:00-04:00,41.14911101463015,41.59147945689667,40.90138576696198,41.573787689208984,3467900,0.0,0.0
2016-08-18 00:00:00-04:00,41.45876156842713,41.494151845801575,40.99869808756719,41.37913513183594,3709100,0.0,0.0
2016-08-19 00:00:00-04:00,41.096019040849036,41.31720320858772,40.76866741759649,41.255271911621094,3132500,0.0,0.0
2016-08-22 00:00:00-04:00,41.17565050352788,41.53839244790779,40.97216144936384,41.50300216674805,3481900,0.0,0.0
2016-08-23 00:00:00-04:00,41.75957938044934,42.4496730332926,41.72418909696938,42.28157424926758,5136500,0.0,0.0
2016-08-24 00:00:00-04:00,42.30830836590131,42.495473012919504,42.103318028704805,42.14788055419922,5564600,0.35,0.0
2016-08-25 00:00:00-04:00,41.827019197143194,42.16570046429925,41.764630990022646,42.058746337890625,2753800,0.0,0.0
2016-08-26 00:00:00-04:00,42.15679201640468,42.48655878742688,41.800288409865296,41.978538513183594,5077000,0.0,0.0
2016-08-29 00:00:00-04:00,41.96071397289501,42.272655036878945,41.88941121546862,42.04983901977539,2366100,0.0,0.0
2016-08-30 00:00:00-04:00,42.04984287489512,42.29939574896122,41.93397758340604,42.25483322143555,2694300,0.0,0.0
2016-08-31 00:00:00-04:00,42.08549319549581,42.70937536492697,42.05875295973245,42.60242462158203,5859200,0.0,0.0
2016-09-01 00:00:00-04:00,42.82524085810848,43.404563903808594,42.789589476855554,43.404563903808594,4118500,0.0,0.0
2016-09-02 00:00:00-04:00,41.61311598402864,42.02310001827954,41.069447786254756,41.34573745727539,12104300,0.0,0.0
2016-09-06 00:00:00-04:00,40.89120061732399,41.238793095778206,40.7307727965139,40.882286071777344,5301400,0.0,0.0
2016-09-07 00:00:00-04:00,40.64164231817173,40.864458347108865,40.3029644021173,40.374263763427734,5083000,0.0,0.0
2016-09-08 00:00:00-04:00,40.2762244622298,40.507955037970255,39.88406947238809,39.98210906982422,6043100,0.0,0.0
2016-09-09 00:00:00-04:00,39.88406473155389,39.97318977322769,39.50082093253224,39.54538345336914,4629800,0.0,0.0
2016-09-12 00:00:00-04:00,39.34931840094411,40.436658485159306,39.31366701460175,40.30297088623047,3510000,0.0,0.0
2016-09-13 00:00:00-04:00,40.65946619259977,40.891196756290725,40.12470910699433,40.66838073730469,9740700,0.0,0.0
2016-09-14 00:00:00-04:00,40.70403112278866,41.345742383374485,40.36535320183756,41.20314025878906,6272700,0.0,0.0
2016-09-15 00:00:00-04:00,41.19422197034503,41.55964006372528,41.087267845524785,41.41703796386719,6364700,0.0,0.0
2016-09-16 00:00:00-04:00,41.4259528489796,41.56855496171661,40.989235366179884,41.22096252441406,7241200,0.0,0.0
2016-09-19 00:00:00-04:00,41.33683349674151,41.55964954107511,40.67729650955674,40.909027099609375,4709300,0.0,0.0
2016-09-20 00:00:00-04:00,41.0872779993546,41.47943642080448,40.93576471826939,41.1674919128418,4927700,0.0,0.0
2016-09-21 00:00:00-04:00,41.26552915916108,41.3100916863502,40.51686714271401,40.83772277832031,4510900,0.0,0.0
2016-09-22 00:00:00-04:00,41.16748035998158,41.7735401140496,41.16748035998158,41.746803283691406,4370300,0.0,0.0
2016-09-23 00:00:00-04:00,41.470517146664086,42.37069578426485,41.327915027823714,42.12113952636719,8279900,0.0,0.0
2016-09-26 00:00:00-04:00,42.74501938131399,43.00348674977623,40.819889333278645,41.41703796386719,10295600,0.0,0.0
2016-09-27 00:00:00-04:00,42.13896473849658,43.27087053141745,42.11222790398671,43.09261703491211,7849800,0.0,0.0
2016-09-28 00:00:00-04:00,43.306521645008424,43.52933766429744,42.84306391689896,43.475860595703125,6648300,0.0,0.0
2016-09-29 00:00:00-04:00,43.22631411622211,43.44913016836759,42.869807072828095,43.01240921020508,4540800,0.0,0.0
2016-09-30 00:00:00-04:00,43.27087104320465,43.8769308985494,43.190657138823646,43.511512756347656,4481500,0.0,0.0
2016-10-03 00:00:00-04:00,43.44021121501045,44.108659251311025,43.44021121501045,43.787803649902344,4338500,0.0,0.0
2016-10-04 00:00:00-04:00,43.94823221176217,44.242347584879,43.689764817272845,43.841278076171875,4205800,0.0,0.0
2016-10-05 00:00:00-04:00,43.56498523208798,43.71649847999614,43.32434354432001,43.46694564819336,4068200,0.0,0.0
2016-10-06 00:00:00-04:00,43.40456241870121,43.80563194431676,43.395647873741574,43.52042770385742,3813000,0.0,0.0
2016-10-07 00:00:00-04:00,43.0124045290755,43.31543446301009,42.54895018296638,42.557861328125,5033300,0.0,0.0
2016-10-10 00:00:00-04:00,42.37069622864847,42.691551849380104,42.317219158558956,42.343955993652344,3202700,0.0,0.0
2016-10-11 00:00:00-04:00,42.343952351985585,42.540031525547874,41.57746814603812,41.75571823120117,3515700,0.0,0.0
2016-10-12 00:00:00-04:00,41.39921615115076,41.898321847416675,41.20313697053054,41.622032165527344,4540100,0.0,0.0
2016-10-13 00:00:00-04:00,41.35465895114339,41.80920218302018,41.203142273915795,41.70225143432617,3698800,0.0,0.0
2016-10-14 00:00:00-04:00,41.74681075988218,41.880501735419344,41.09618837206699,41.131839752197266,4007500,0.0,0.0
2016-10-17 00:00:00-04:00,41.20314215463439,41.452695034165636,40.9268490380798,41.09619140625,2997300,0.0,0.0
2016-10-18 00:00:00-04:00,41.56855963331531,41.880504127417765,41.45269434122566,41.46160888671875,2587800,0.0,0.0
2016-10-19 00:00:00-04:00,41.247705513854925,41.55965001945446,41.0427151586968,41.55073547363281,2535600,0.0,0.0
2016-10-20 00:00:00-04:00,41.44378708267556,42.12114640785433,41.38139885798422,42.06767272949219,4194100,0.0,0.0
2016-10-21 00:00:00-04:00,41.72898671230291,41.78246378460322,41.381394242108065,41.63094711303711,2850800,0.0,0.0
2016-10-24 00:00:00-04:00,41.568556312211555,42.005277209102175,41.523993788015204,41.88941192626953,3293100,0.0,0.0
2016-10-25 00:00:00-04:00,41.69333498524726,41.94289125401105,41.630946768032025,41.818111419677734,2823500,0.0,0.0
2016-10-26 00:00:00-04:00,41.4883413304741,42.04092409593386,41.47051564127829,42.023101806640625,3221000,0.0,0.0
2016-10-27 00:00:00-04:00,41.94289233333447,41.987454861077396,41.09619070660716,41.47052001953125,4670400,0.0,0.0
2016-10-28 00:00:00-04:00,42.31722014930074,43.54716559093357,41.94289084961842,43.18174743652344,5915000,0.0,0.0
2016-10-31 00:00:00-04:00,43.36000408696486,43.90367238548559,43.07479981892337,43.761070251464844,4371300,0.0,0.0
2016-11-01 00:00:00-04:00,43.752151260567636,43.93040474610759,42.71828512431882,43.15500259399414,3648100,0.0,0.0
2016-11-02 00:00:00-04:00,43.199570020069345,43.51151108070323,42.923276937863214,43.02131652832031,2304700,0.0,0.0
2016-11-03 00:00:00-04:00,43.38673543268554,43.56498892762372,42.905452016323245,43.065879821777344,2797300,0.0,0.0
2016-11-04 00:00:00-04:00,42.914369555105935,43.36891276900379,42.780678574599165,42.81632995605469,1644900,0.0,0.0
2016-11-07 00:00:00-05:00,43.28869225399685,43.698672878455845,43.10152762977457,43.66302490234375,2428600,0.0,0.0
2016-11-08 00:00:00-05:00,43.50259213925775,44.54536926925713,43.431289395376446,44.402767181396484,2519500,0.0,0.0
2016-11-09 00:00:00-05:00,43.618465150282745,44.17105135693844,43.17283308679431,43.9927978515625,4594300,0.0,0.0
2016-11-10 00:00:00-05:00,43.99279191518775,44.76819064905275,43.787801601632744,44.49189758300781,4968100,0.0,0.0
2016-11-11 00:00:00-05:00,44.313642151446814,44.70579704308811,44.11756300567519,44.402767181396484,3722000,0.0,0.0
2016-11-14 00:00:00-05:00,44.19778549684334,45.42773086902114,44.11757159431212,45.25838851928711,5583700,0.0,0.0
2016-11-15 00:00:00-05:00,45.45446739433057,45.45446739433057,44.91971031435831,45.427730560302734,2512600,0.0,0.0
2016-11-16 00:00:00-05:00,44.99101266525063,45.427733582877586,44.598857673838765,45.40099334716797,3681700,0.0,0.0
2016-11-17 00:00:00-05:00,45.400991592848975,46.033791681681535,45.32969223348496,45.90010070800781,3088700,0.0,0.0
2016-11-18 00:00:00-05:00,45.57924509111304,46.02487713682185,45.481205497072665,45.90010070800781,2278700,0.0,0.0
2016-11-21 00:00:00-05:00,45.8644488700178,46.015965531993984,45.5614189459681,45.686195373535156,3345200,0.0,0.0
2016-11-22 00:00:00-05:00,45.784910839093726,46.538719771786695,45.67722482678804,46.45795440673828,3732900,0.35,0.0
2016-11-23 00:00:00-05:00,46.68230615243785,47.0502365298104,46.42206179634396,46.93357467651367,3323500,0.0,0.0
2016-11-25 00:00:00-05:00,46.88870028943063,47.1938135000154,46.574614671156525,47.15791702270508,1498900,0.0,0.0
2016-11-28 00:00:00-05:00,46.745121331970324,46.90665206878326,46.29642560155144,46.71820068359375,2338300,0.0,0.0
2016-11-29 00:00:00-05:00,46.97843381137228,47.80403559847166,46.843827168545204,47.7591667175293,4152900,0.0,0.0
2016-11-30 00:00:00-05:00,47.01433077947362,47.04125142366669,46.02720169526401,46.1348876953125,5548500,0.0,0.0
2016-12-01 00:00:00-05:00,45.63235786641293,45.86568158091685,44.62728031275723,44.76189041137695,5822300,0.0,0.0
2016-12-02 00:00:00-05:00,44.887517385060164,45.43492667637302,44.72598666227026,45.2285270690918,5594700,0.0,0.0
2016-12-05 00:00:00-05:00,46.05413237903697,47.01434102837439,45.93747052330826,46.33232498168945,3800500,0.0,0.0
2016-12-06 00:00:00-05:00,46.628459796490276,47.2835551565053,46.51180137055768,47.184844970703125,3510800,0.0,0.0
2016-12-07 00:00:00-05:00,46.798966026312655,47.8219917433819,46.75409371467399,47.70532989501953,3853800,0.0,0.0
2016-12-08 00:00:00-05:00,47.570717451766356,47.89377890922241,47.36431783689756,47.489952087402344,4104000,0.0,0.0
2016-12-09 00:00:00-05:00,47.37329105446667,47.9207003357021,47.36431522376777,47.86685562133789,3135300,0.0,0.0
2016-12-12 00:00:00-05:00,47.09510294203511,47.1489476614797,46.37719046582417,46.7810173034668,3895700,0.0,0.0
2016-12-13 00:00:00-05:00,47.01433365266331,47.27457797335468,46.709220447816016,46.7989616394043,5387700,0.0,0.0
2016-12-14 00:00:00-05:00,47.15791803296006,47.56174485316109,46.93357017987911,47.032283782958984,3522300,0.0,0.0
2016-12-15 00:00:00-05:00,47.34636562120923,48.16299160417924,46.61948082626005,47.52584457397461,6992900,0.0,0.0
2016-12-16 00:00:00-05:00,47.068182665121725,47.13997220167058,46.125922318709584,46.215660095214844,6323700,0.0,0.0
2016-12-19 00:00:00-05:00,45.67723155864085,46.31437874165992,45.56056969787153,46.054134368896484,5040600,0.0,0.0
2016-12-20 00:00:00-05:00,46.448981408580714,47.66943436674084,46.1079751116006,47.10408020019531,6363600,0.0,0.0
2016-12-21 00:00:00-05:00,46.90664878789422,47.7860919472093,46.72716982362498,47.64250946044922,4565600,0.0,0.0
2016-12-22 00:00:00-05:00,47.55277244527954,47.70532734220183,46.73614639699595,47.032283782958984,2693200,0.0,0.0
2016-12-23 00:00:00-05:00,47.22971050128894,47.66943037175091,46.97843858060557,47.58866500854492,2351600,0.0,0.0
2016-12-27 00:00:00-05:00,47.56174323840554,47.92967356803573,47.23868179321289,47.23868179321289,1290300,0.0,0.0
2016-12-28 00:00:00-05:00,47.1579232472531,47.22971621134997,46.74512397352695,46.834861755371094,1965600,0.0,0.0
2016-12-29 00:00:00-05:00,46.96946586874868,47.07715187790069,46.63743201028535,46.65538024902344,1639900,0.0,0.0
2016-12-30 00:00:00-05:00,46.888703828773295,46.99638984555634,46.39513920996787,46.71820068359375,2323800,0.0,0.0
2017-01-03 00:00:00-05:00,46.870751017267374,47.13099533711405,46.43103116137952,46.78998565673828,3450800,0.0,0.0
2017-01-04 00:00:00-05:00,47.06818127771148,47.48995292278587,46.879729898639305,47.40021514892578,3169800,0.0,0.0
2017-01-05 00:00:00-05:00,47.60661627399322,48.45016643739042,47.40021664896194,48.19889450073242,4022300,0.0,0.0
2017-01-06 00:00:00-05:00,48.091205332370826,48.512980386428325,47.68737851713243,48.145050048828125,3669600,0.0,0.0
2017-01-09 00:00:00-05:00,47.893777564231975,48.41426621402253,47.87582932562439,48.18094253540039,2413800,0.0,0.0
2017-01-10 00:00:00-05:00,48.369393715108124,49.239860971239914,48.26170429150887,48.68347930908203,4197100,0.0,0.0
2017-01-11 00:00:00-05:00,48.719381454880654,49.07833597216754,48.521954245243066,48.96167755126953,3234700,0.0,0.0
2017-01-12 00:00:00-05:00,48.6565588645019,48.728348390586454,47.78608818152156,48.136070251464844,3121400,0.0,0.0
2017-01-13 00:00:00-05:00,47.983524171798635,48.23479269410537,47.73225222621502,47.97454833984375,1940200,0.0,0.0
2017-01-17 00:00:00-05:00,47.992491557972144,47.992491557972144,47.33739624817447,47.64250946044922,2738200,0.0,0.0
2017-01-18 00:00:00-05:00,47.37329667741592,48.21684342958789,47.247662418930396,48.100181579589844,3185900,0.0,0.0
2017-01-19 00:00:00-05:00,48.10017901697937,48.584771208129126,47.93864828659612,47.965572357177734,2163200,0.0,0.0
2017-01-20 00:00:00-05:00,48.03736275546336,48.4142689408985,47.58866703483089,47.830963134765625,2666200,0.0,0.0
2017-01-23 00:00:00-05:00,47.857891728244894,48.29761165898186,47.588671531803655,48.252742767333984,2381100,0.0,0.0
2017-01-24 00:00:00-05:00,48.20787231104217,49.09628797597729,48.15402758884612,48.934757232666016,2532800,0.0,0.0
2017-01-25 00:00:00-05:00,49.087307144974346,50.15520161072613,49.042438262481234,50.10136032104492,5113200,0.0,0.0
2017-01-26 00:00:00-05:00,50.98081494958344,51.86025825367946,50.65775344536917,51.0885009765625,5702300,0.0,0.0
2017-01-27 00:00:00-05:00,51.09746248259209,51.1333589583512,50.35262943861032,50.51416015625,2927800,0.0,0.0
2017-01-30 00:00:00-05:00,50.253920074549775,50.37955432701189,49.823172598989686,49.93085861206055,3279000,0.0,0.0
2017-01-31 00:00:00-05:00,49.93085289261536,49.93085289261536,49.132175159212636,49.697532653808594,2966100,0.0,0.0
2017-02-01 00:00:00-05:00,49.598826078237984,49.984704677357975,49.3834506230151,49.77830505371094,1951800,0.0,0.0
2017-02-02 00:00:00-05:00,49.76036174632888,49.76933415551739,49.42832783392095,49.634727478027344,1514100,0.0,0.0
2017-02-03 00:00:00-05:00,49.73342613980368,50.00264627890996,49.54497478105031,49.607791900634766,1573600,0.0,0.0
2017-02-06 00:00:00-05:00,49.42832260726435,49.87701833133926,49.37447788799575,49.80522537231445,1466900,0.0,0.0
2017-02-07 00:00:00-05:00,49.859074333191955,49.93086387504733,49.52703700437023,49.76036071777344,1550000,0.0,0.0
2017-02-08 00:00:00-05:00,49.984707570907894,50.056497111286845,49.67061848982884,49.88599395751953,1724000,0.0,0.0
2017-02-09 00:00:00-05:00,49.778303191418324,50.68466701989682,49.76035495221483,50.53211212158203,3283000,0.0,0.0
2017-02-10 00:00:00-05:00,50.27186805266602,50.55006062686961,50.14623380085686,50.478267669677734,2610300,0.0,0.0
2017-02-13 00:00:00-05:00,50.81928349948705,51.08850027487563,50.639804508135654,50.666725158691406,2687800,0.0,0.0
2017-02-14 00:00:00-05:00,50.72953907280007,50.82825268294268,50.50519120366754,50.58595657348633,2755500,0.0,0.0
2017-02-15 00:00:00-05:00,50.280838866720636,50.72953456511586,49.903936123241365,50.68466567993164,3190200,0.0,0.0
2017-02-16 00:00:00-05:00,50.55903824496102,50.6667242685692,49.984708221348114,50.280845642089844,2674000,0.0,0.0
2017-02-17 00:00:00-05:00,50.038542645572825,50.07443912293523,49.544978063307425,49.715484619140625,3954100,0.0,0.0
2017-02-21 00:00:00-05:00,49.83215090163992,50.316743152695665,49.562934125479075,50.15521240234375,2780300,0.0,0.0
2017-02-22 00:00:00-05:00,50.001690194527264,50.31775857723393,49.44180225681614,50.11908721923828,3625200,0.35,0.0
2017-02-23 00:00:00-05:00,51.13049679478499,51.365290836536246,50.43515050936679,50.49836349487305,4377100,0.0,0.0
2017-02-24 00:00:00-05:00,50.47127604821917,50.67897636158371,50.20036274578062,50.59770202636719,3586700,0.0,0.0
2017-02-27 00:00:00-05:00,50.66994483889977,50.68800618412547,50.30872482408442,50.615760803222656,3477400,0.0,0.0
2017-02-28 00:00:00-05:00,50.76927462514171,50.94085221760601,50.507390317025965,50.52545166015625,2542500,0.0,0.0
2017-03-01 00:00:00-05:00,51.03115800842441,51.220800398232875,50.733154444181075,51.02212905883789,2682800,0.0,0.0
2017-03-02 00:00:00-05:00,51.058252113423364,51.175645683136665,50.65188048212957,51.08534240722656,1851900,0.0,0.0
2017-03-03 00:00:00-05:00,50.805403040707,50.85055812911106,50.13715044846183,50.3177604675293,3253000,0.0,0.0
2017-03-06 00:00:00-05:00,50.20938221586514,50.453205175475915,49.73076869043411,50.335811614990234,2754500,0.0,0.0
2017-03-07 00:00:00-05:00,50.25453963125476,50.35387185362585,49.96556502380475,50.14617156982422,2172000,0.0,0.0
2017-03-08 00:00:00-05:00,50.3719331971976,50.46223991505639,50.11005232752976,50.14617156982422,2345100,0.0,0.0
2017-03-09 00:00:00-05:00,50.371939331626315,50.79637234512855,50.29066499808013,50.751220703125,2493000,0.0,0.0
2017-03-10 00:00:00-05:00,51.14855190021229,51.88904973567907,51.121461608257064,51.66328811645508,3720500,0.0,0.0
2017-03-13 00:00:00-04:00,51.798752061090624,51.85293265085351,51.5278387777283,51.57299041748047,2362700,0.0,0.0
2017-03-14 00:00:00-04:00,51.52783929751642,51.744568548452825,51.229832271417195,51.46462631225586,2321600,0.0,0.0
2017-03-15 00:00:00-04:00,51.518802796667494,51.96129710307527,51.383347886839935,51.807777404785156,2389200,0.0,0.0
2017-03-16 00:00:00-04:00,51.71747691162512,52.00645153527653,51.63620258342008,51.961299896240234,2170700,0.0,0.0
2017-03-17 00:00:00-04:00,52.15093707933432,52.34057602376811,51.99742082284481,52.05160140991211,3796600,0.0,0.0
2017-03-20 00:00:00-04:00,52.15997314453125,52.241247481068726,51.97033417422702,52.15997314453125,1937700,0.0,0.0
2017-03-21 00:00:00-04:00,52.71082652109139,53.06301412683522,52.09675458728448,52.18706130981445,4017300,0.0,0.0
2017-03-22 00:00:00-04:00,51.99742568254692,52.7740428768372,51.55493132599657,52.638587951660156,5536700,0.0,0.0
2017-03-23 00:00:00-04:00,52.80113132178741,53.23459323960663,52.7650086340902,52.846282958984375,3638900,0.0,0.0
2017-03-24 00:00:00-04:00,53.11720469435078,53.38811800556755,52.728894351828544,52.91853332519531,4531800,0.0,0.0
2017-03-27 00:00:00-04:00,52.80113693480115,53.22556650339041,52.43088795866826,53.162353515625,4376000,0.0,0.0
2017-03-28 00:00:00-04:00,54.07442916066877,54.39952647454672,53.27974722061703,53.5145378112793,7319800,0.0,0.0
2017-03-29 00:00:00-04:00,53.361022661071324,53.61387460164588,52.87337668009239,53.24362564086914,4112200,0.0,0.0
2017-03-30 00:00:00-04:00,53.61386790276484,53.6409616393335,53.3248933082577,53.5416259765625,4780700,0.0,0.0
2017-03-31 00:00:00-04:00,53.43325782041989,53.523564534065656,53.16234456918037,53.19846725463867,3435200,0.0,0.0
2017-04-03 00:00:00-04:00,53.279753208841164,53.32490485309906,52.755984489870485,53.02690124511719,4372500,0.0,0.0
2017-04-04 00:00:00-04:00,53.153322228778805,53.33393223367664,52.746950578970996,52.95465087890625,4480300,0.0,0.0
2017-04-05 00:00:00-04:00,53.008833075646244,53.451323955209936,52.68373576707338,53.09913635253906,3356300,0.0,0.0
2017-04-06 00:00:00-04:00,52.94562067361123,53.604844247737574,52.6385847060189,53.33393096923828,3553100,0.0,0.0
2017-04-07 00:00:00-04:00,53.243627651275425,53.45132795956834,52.873378676518584,52.92756271362305,4726400,0.0,0.0
2017-04-10 00:00:00-04:00,53.09914137619523,53.27072244131357,52.63858910871075,52.774044036865234,2888400,0.0,0.0
2017-04-11 00:00:00-04:00,53.05398823372514,53.135262566260145,51.95227026932831,52.17803192138672,4076200,0.0,0.0
2017-04-12 00:00:00-04:00,52.58440832406556,52.6205310184149,51.898094355676825,52.13288497924805,3901500,0.0,0.0
2017-04-13 00:00:00-04:00,52.16900749423523,52.6837438299695,51.86197148302095,51.898094177246094,3200300,0.0,0.0
2017-04-17 00:00:00-04:00,52.11482163711817,52.82822932138453,51.82584698308489,52.79210662841797,2981800,0.0,0.0
2017-04-18 00:00:00-04:00,52.90046926993652,52.97271120359464,52.34961031579019,52.7108268737793,4371500,0.0,0.0
2017-04-19 00:00:00-04:00,53.126226784373316,53.32489467014026,52.774035758777174,52.99076843261719,3141100,0.0,0.0
2017-04-20 00:00:00-04:00,53.33393593969188,53.71321387596784,53.20750651608367,53.469390869140625,2943200,0.0,0.0
2017-04-21 00:00:00-04:00,53.40617430119545,53.66805863670443,53.108170720496766,53.24362564086914,2193100,0.0,0.0
2017-04-24 00:00:00-04:00,54.10151826594523,54.22794423081883,53.67708528828457,53.83963394165039,3183900,0.0,0.0
2017-04-25 00:00:00-04:00,54.182798161523046,54.42662116663184,54.119585172589225,54.20988845825195,2540600,0.0,0.0
2017-04-26 00:00:00-04:00,54.35437274030472,54.80589603304812,54.30019214987909,54.67947006225586,3668400,0.0,0.0
2017-04-27 00:00:00-04:00,54.99554141627821,55.32966770646887,54.96844767474686,55.06778335571289,3274800,0.0,0.0
2017-04-28 00:00:00-04:00,55.63669784164156,56.44040871050326,55.48317813862743,55.781185150146484,4847100,0.0,0.0
2017-05-01 00:00:00-04:00,55.790211341831316,57.027387519897445,55.618633747978976,56.485557556152344,3479800,0.0,0.0
2017-05-02 00:00:00-04:00,56.48556671134558,56.76551241022999,56.232714754191626,56.62102508544922,2880200,0.0,0.0
2017-05-03 00:00:00-04:00,56.62102134582371,56.71132462602889,56.35010806035887,56.566837310791016,2258700,0.0,0.0
2017-05-04 00:00:00-04:00,57.000292550856905,57.26217685543227,56.79259227493989,56.864837646484375,3110100,0.0,0.0
2017-05-05 00:00:00-04:00,57.1538190233297,57.23509335353466,56.74744737230494,56.909996032714844,2236100,0.0,0.0
2017-05-08 00:00:00-04:00,56.86484595217296,57.02739461704102,56.55780996796103,56.64811325073242,2194200,0.0,0.0
2017-05-09 00:00:00-04:00,56.864845041291545,57.10866803468797,56.74744801968969,57.090606689453125,2677600,0.0,0.0
2017-05-10 00:00:00-04:00,56.81969358322039,56.9190292659291,56.02501501124988,56.115318298339844,4573700,0.0,0.0
2017-05-11 00:00:00-04:00,55.91664577965611,56.13337848699138,55.66379382513955,55.979862213134766,2365500,0.0,0.0
2017-05-12 00:00:00-04:00,55.880523937807375,55.880523937807375,55.130993614793624,55.25741958618164,2813100,0.0,0.0
2017-05-15 00:00:00-04:00,55.11293463819263,55.18518002200457,54.8510537339981,55.00457000732422,2735600,0.0,0.0
2017-05-16 00:00:00-04:00,55.25742039416151,55.60961146298421,55.076813829451694,55.26645278930664,3172300,0.0,0.0
2017-05-17 00:00:00-04:00,55.08584722415174,55.22130560346248,53.89382588767611,53.95703887939453,3349500,0.0,0.0
2017-05-18 00:00:00-04:00,54.73365698782126,55.52833898957181,54.4266209947483,55.12196731567383,3207100,0.0,0.0
2017-05-19 00:00:00-04:00,55.60961797934052,55.826347260328475,55.14906222875395,55.53737258911133,2883400,0.0,0.0
2017-05-22 00:00:00-04:00,55.853432344537744,56.20562342174836,55.73603876365036,56.03404235839844,2067900,0.0,0.0
2017-05-23 00:00:00-04:00,56.07015711641071,56.115308752274714,55.65475655470348,55.9166374206543,2135100,0.0,0.0
2017-05-24 00:00:00-04:00,56.29838245682155,56.42563389560405,56.043886513750905,56.371097564697266,2471300,0.4,0.0
2017-05-25 00:00:00-04:00,56.82556206232457,57.31637868603431,56.798295627867645,57.052791595458984,2383500,0.0,0.0
2017-05-26 00:00:00-04:00,57.14367890671512,57.670853059127694,57.10732481850351,57.58905029296875,1881800,0.0,0.0
2017-05-30 00:00:00-04:00,57.50725178731688,58.216210302301015,57.48907300824062,57.934444427490234,2219400,0.0,0.0
2017-05-31 00:00:00-04:00,58.11621849812168,58.470699447848425,57.84354377831026,58.234378814697266,3414100,0.0,0.0
2017-06-01 00:00:00-04:00,58.45252435347712,59.534139177418304,58.3434586129084,59.4432487487793,3579000,0.0,0.0
2017-06-02 00:00:00-04:00,59.897697658226036,60.424871763132366,59.44323865768486,59.50686264038086,5235100,0.0,0.0
2017-06-05 00:00:00-04:00,59.25238011354139,59.334179423586136,58.906986756919785,59.13421630859375,3056700,0.0,0.0
2017-06-06 00:00:00-04:00,58.98878616539747,59.05241015511313,58.452520879655644,58.470703125,3087900,0.0,0.0
2017-06-07 00:00:00-04:00,58.96152254879172,58.96152254879172,58.33436680984982,58.44343948364258,5103700,0.0,0.0
2017-06-08 00:00:00-04:00,58.488878435849564,58.73429020653482,58.22529135431474,58.470703125,3234000,0.0,0.0
2017-06-09 00:00:00-04:00,58.35254378956857,58.388901348538774,57.06188165135554,57.57087707519531,3199900,0.0,0.0
2017-06-12 00:00:00-04:00,57.57087380274351,57.79810333251953,56.961896859975084,57.79810333251953,3069000,0.0,0.0
2017-06-13 00:00:00-04:00,58.17076696021853,58.6343172010916,58.052606619001175,58.22529983520508,2469200,0.0,0.0
2017-06-14 00:00:00-04:00,58.90698349516814,59.34326726140265,58.588863527338404,58.861541748046875,3613700,0.0,0.0
2017-06-15 00:00:00-04:00,58.4343513610021,59.5523168531785,58.23438824936197,59.534141540527344,2699500,0.0,0.0
2017-06-16 00:00:00-04:00,59.488687921432366,59.688651016481735,59.170567967715144,59.66138458251953,3838000,0.0,0.0
2017-06-19 00:00:00-04:00,59.94315484878017,60.324905777851924,59.69774997640873,60.279457092285156,2846300,0.0,0.0
2017-06-20 00:00:00-04:00,60.27944354089431,60.3885162010365,59.61593032706093,59.715911865234375,2394500,0.0,0.0
2017-06-21 00:00:00-04:00,59.97042607543419,60.55213317050062,59.897710954927,60.37943649291992,3518100,0.0,0.0
2017-06-22 00:00:00-04:00,60.097675629893956,61.17019941449552,59.67957407786226,59.70684051513672,6039100,0.0,0.0
2017-06-23 00:00:00-04:00,59.85225263429165,60.49758362227449,59.806810892162815,60.39760208129883,4000200,0.0,0.0
2017-06-26 00:00:00-04:00,60.461236101210076,60.952052765314214,59.96133524786935,59.98860168457031,3372800,0.0,0.0
2017-06-27 00:00:00-04:00,59.89770102779544,60.05221543239315,59.09784870377077,59.1251220703125,3014700,0.0,0.0
2017-06-28 00:00:00-04:00,59.78862952724446,60.270354994762194,59.78862952724446,60.07948303222656,2577600,0.0,0.0
2017-06-29 00:00:00-04:00,60.01586414987257,60.07948814279653,59.07967956777929,59.21601867675781,2776300,0.0,0.0
2017-06-30 00:00:00-04:00,59.72501104828352,59.97950702180368,59.48869038665971,59.59776306152344,2599300,0.0,0.0
2017-07-03 00:00:00-04:00,59.67048012877509,60.29762895988172,59.29782034501289,59.30691146850586,1773400,0.0,0.0
2017-07-05 00:00:00-04:00,59.61592442999832,60.63391502047885,59.56139157256862,60.479400634765625,2514100,0.0,0.0
2017-07-06 00:00:00-04:00,59.697749193645826,60.01586918495455,59.27964764299782,59.515968322753906,2946600,0.0,0.0
2017-07-07 00:00:00-04:00,59.77954375260078,60.424881742301565,59.65229576619377,59.834083557128906,3252200,0.0,0.0
2017-07-10 00:00:00-04:00,59.81589610397808,59.9976838790891,59.74318792842825,59.843162536621094,2104200,0.0,0.0
2017-07-11 00:00:00-04:00,59.53414206269123,59.82499560912913,59.143306959556334,59.76137161254883,2815700,0.0,0.0
2017-07-12 00:00:00-04:00,60.0794949192573,60.261282729897836,59.91588935692877,59.96133804321289,1820600,0.0,0.0
2017-07-13 00:00:00-04:00,59.97042625371595,60.352170235770224,59.89771113299258,60.14311599731445,2435300,0.0,0.0
2017-07-14 00:00:00-04:00,60.07949159545036,60.1249402792201,59.597766059271535,59.76137161254883,1950300,0.0,0.0
2017-07-17 00:00:00-04:00,60.043127023617316,61.07020890711024,59.7522735111447,60.915687561035156,2841100,0.0,0.0
2017-07-18 00:00:00-04:00,60.74299556556357,61.12473948618,60.44305094172446,60.67028045654297,3058800,0.0,0.0
2017-07-19 00:00:00-04:00,60.79753779874678,60.98840978846763,60.53395068880021,60.6884651184082,2216300,0.0,0.0
2017-07-20 00:00:00-04:00,60.87934074343398,61.62465334911852,60.852067373955684,61.42469024658203,2441600,0.0,0.0
2017-07-21 00:00:00-04:00,61.08838631727284,61.40650627395805,60.84298147482853,60.89751434326172,2755800,0.0,0.0
2017-07-24 00:00:00-04:00,61.01567190381329,61.2156350030249,60.81571573909673,60.888423919677734,2208800,0.0,0.0
2017-07-25 00:00:00-04:00,61.461044238805904,61.624649773707574,60.97022763410088,61.033851623535156,2274400,0.0,0.0
2017-07-26 00:00:00-04:00,61.13384252528123,61.14292671480874,60.415796286346286,60.62484359741211,2779000,0.0,0.0
2017-07-27 00:00:00-04:00,61.21563963753289,61.261088321520006,59.9068021395499,60.297630310058594,3817700,0.0,0.0
2017-07-28 00:00:00-04:00,60.23400523441322,60.57030746020639,60.0340490581395,60.352169036865234,2034400,0.0,0.0
2017-07-31 00:00:00-04:00,60.85206232100179,61.37923646855135,60.561208814508,60.697547912597656,3633800,0.0,0.0
2017-08-01 00:00:00-04:00,61.960946238762794,62.0700189089871,61.142918548317716,61.333797454833984,4113800,0.0,0.0
2017-08-02 00:00:00-04:00,61.72463809135715,61.8064374005353,60.95205207625404,61.35197830200195,3637000,0.0,0.0
2017-08-03 00:00:00-04:00,60.99749632645443,61.824608219730884,60.99749632645443,61.279258728027344,3225400,0.0,0.0
2017-08-04 00:00:00-04:00,61.35199224414244,62.05185636374875,61.27927710757378,61.63375473022461,2701700,0.0,0.0
2017-08-07 00:00:00-04:00,61.83371251565918,61.91551877081485,61.5246836138403,61.80644607543945,2126300,0.0,0.0
2017-08-08 00:00:00-04:00,61.8518881499657,62.59720081907312,61.74281546625642,61.83370590209961,3545400,0.0,0.0
2017-08-09 00:00:00-04:00,61.67007781339847,62.29723338023593,61.53373874219556,61.951847076416016,4229900,0.0,0.0
2017-08-10 00:00:00-04:00,61.806432583064215,61.860965451599114,61.20654329120041,61.24290084838867,3741100,0.0,0.0
2017-08-11 00:00:00-04:00,61.43377206775431,61.53375361516954,60.98840413303778,61.333797454833984,3320400,0.0,0.0
2017-08-14 00:00:00-04:00,62.033669021652095,62.24272326513763,61.7700819035598,61.83370590209961,2870100,0.0,0.0
2017-08-15 00:00:00-04:00,62.315439273741916,62.93350402333723,62.269997517365226,62.451778411865234,2871900,0.0,0.0
2017-08-16 00:00:00-04:00,62.62444584082094,62.86076644079577,62.279052594436166,62.5971794128418,2279600,0.0,0.0
2017-08-17 00:00:00-04:00,62.54266209574938,62.55175321984026,61.29744854063884,61.3610725402832,2748200,0.0,0.0
2017-08-18 00:00:00-04:00,61.43376964685107,61.724630089320705,61.07929215070948,61.31561279296875,2797200,0.0,0.0
2017-08-21 00:00:00-04:00,61.50649102843183,62.33360989342179,61.370151915747236,62.260894775390625,2442600,0.0,0.0
2017-08-22 00:00:00-04:00,62.1518218896467,62.433591237447466,61.76098679966074,62.07002258300781,2501000,0.0,0.0
2017-08-23 00:00:00-04:00,61.93288277252011,62.21631229085524,61.86888390877082,61.91460037231445,1888000,0.4,0.0
2017-08-24 00:00:00-04:00,62.29858371707138,62.563723817978875,62.08830475882358,62.33515548706055,1682600,0.0,0.0
2017-08-25 00:00:00-04:00,62.39915901787295,62.700870911384605,62.188873068511136,62.32601547241211,1730400,0.0,0.0
2017-08-28 00:00:00-04:00,62.32600690567303,62.72828937506133,62.32600690567303,62.67343521118164,1713900,0.0,0.0
2017-08-29 00:00:00-04:00,61.978589127988414,62.36258224785879,61.713449028453574,62.271156311035156,1978600,0.0,0.0
2017-08-30 00:00:00-04:00,62.32601913978047,62.7831558627808,62.32601913978047,62.664302825927734,1411700,0.0,0.0
2017-08-31 00:00:00-04:00,62.98428728227902,63.58771101039564,62.91114374395851,63.523712158203125,3060000,0.0,0.0
2017-09-01 00:00:00-04:00,63.83457484823167,63.89857371357313,63.112297953461926,63.2037239074707,1683200,0.0,0.0
2017-09-05 00:00:00-04:00,62.87457736655779,62.97514799653491,60.29632671015367,61.22888946533203,7020200,0.0,0.0
2017-09-06 00:00:00-04:00,60.71689567104503,61.59459723770646,60.57060858892546,61.21974182128906,3573700,0.0,0.0
2017-09-07 00:00:00-04:00,61.22888087966352,61.43002211141324,59.976324011718425,60.031185150146484,4908300,0.0,0.0
2017-09-08 00:00:00-04:00,60.11347543415235,60.387760241483356,59.49176924950747,59.94890594482422,6086200,0.0,0.0
2017-09-11 00:00:00-04:00,61.192311864269136,62.198011092891925,61.0734588471411,61.850589752197266,6671200,0.0,0.0
2017-09-12 00:00:00-04:00,62.00601653251,62.33515548706055,61.83230236889946,62.33515548706055,2634900,0.0,0.0
2017-09-13 00:00:00-04:00,62.08831387657803,62.582015405552696,62.024308038183726,62.554588317871094,2302800,0.0,0.0
2017-09-14 00:00:00-04:00,62.07916262003115,63.15800546525221,62.03344616183065,62.84714889526367,3187200,0.0,0.0
2017-09-15 00:00:00-04:00,61.503167789358905,61.5671666475545,59.50091381132388,60.28718948364258,10390500,0.0,0.0
2017-09-18 00:00:00-04:00,59.884908732830056,60.42432669996416,59.36377316485618,59.60148620605469,4926200,0.0,0.0
2017-09-19 00:00:00-04:00,59.61062069117447,59.939759661062666,59.09862983817158,59.628910064697266,3909000,0.0,0.0
2017-09-20 00:00:00-04:00,59.64719336305916,59.71119222065039,58.4586386664956,58.95235061645508,3798100,0.0,0.0
2017-09-21 00:00:00-04:00,59.12606039687289,59.37291812646851,58.69635077341968,58.92491912841797,3983600,0.0,0.0
2017-09-22 00:00:00-04:00,58.97063323617014,59.09863095183286,58.38549882875416,58.815208435058594,3513500,0.0,0.0
2017-09-25 00:00:00-04:00,58.339788167775694,58.86092025032459,57.67236898990264,58.05636215209961,5020400,0.0,0.0
2017-09-26 00:00:00-04:00,59.391205526517425,60.57061917465882,59.226636018047614,59.72034454345703,6144300,0.0,0.0
2017-09-27 00:00:00-04:00,59.70205746706892,60.049478857584106,58.10207548498793,58.22093200683594,3948200,0.0,0.0
2017-09-28 00:00:00-04:00,57.70892724468308,58.87919939011716,57.60835662796778,58.85177230834961,4009000,0.0,0.0
2017-09-29 00:00:00-04:00,58.82434008140063,59.22662256077785,58.30320807322488,59.03462600708008,3477500,0.0,0.0
2017-10-02 00:00:00-04:00,58.56835161619619,59.01635060325906,58.43121269916649,58.90663528442383,3339200,0.0,0.0
2017-10-03 00:00:00-04:00,58.70548623732299,59.062052257070945,58.422063753767304,58.604915618896484,4081600,0.0,0.0
2017-10-04 00:00:00-04:00,58.97063531706166,59.811765185483964,58.9249188561322,59.60148620605469,4011000,0.0,0.0
2017-10-05 00:00:00-04:00,59.39119415457482,60.49746403705009,59.35462238465598,60.25975799560547,4504400,0.0,0.0
2017-10-06 00:00:00-04:00,60.26890141702348,60.488332057327455,59.601485734985026,60.003761291503906,3411200,0.0,0.0
2017-10-09 00:00:00-04:00,59.9854699156457,60.780890173169546,59.7751839939952,60.753456115722656,3157100,0.0,0.0
2017-10-10 00:00:00-04:00,60.927177623814806,61.60373797345571,60.85403407916381,61.32946014404297,3571500,0.0,0.0
2017-10-11 00:00:00-04:00,61.37517578794473,61.64031593240153,61.183179195480086,61.43917465209961,2879800,0.0,0.0
2017-10-12 00:00:00-04:00,61.228881774571335,61.65859132588966,61.055167621821,61.12831115722656,2727900,0.0,0.0
2017-10-13 00:00:00-04:00,61.60374762699692,62.18888212519303,61.256326198490925,62.115745544433594,2997800,0.0,0.0
2017-10-16 00:00:00-04:00,61.84144444308039,62.46315055593174,61.53059487433052,62.39000701904297,2552000,0.0,0.0
2017-10-17 00:00:00-04:00,62.01516993398804,62.62773147284947,62.00602524636765,62.28944778442383,1877900,0.0,0.0
2017-10-18 00:00:00-04:00,62.316867709949854,62.316867709949854,61.30202385025542,61.67687225341797,2605700,0.0,0.0
2017-10-19 00:00:00-04:00,61.55802525910665,61.603734740600515,60.01290109236328,60.15004348754883,4742800,0.0,0.0
2017-10-20 00:00:00-04:00,60.60718193372261,60.95460329975283,60.076901710293164,60.23232650756836,2640200,0.0,0.0
2017-10-23 00:00:00-04:00,60.15918624407272,60.552324044138324,59.93975562867442,60.43346405029297,2142200,0.0,0.0
2017-10-24 00:00:00-04:00,60.57061127165539,60.726036071777344,60.278044069810164,60.726036071777344,2258000,0.0,0.0
2017-10-25 00:00:00-04:00,60.71690136700637,60.95460743472231,60.08605047305046,60.19575881958008,2530600,0.0,0.0
2017-10-26 00:00:00-04:00,60.561463156453726,61.14659752702028,60.561463156453726,60.890602111816406,2149500,0.0,0.0
2017-10-27 00:00:00-04:00,60.799173837930596,61.91458836875791,60.360319589193814,61.448307037353516,2741500,0.0,0.0
2017-10-30 00:00:00-04:00,61.448312402777624,61.55802771837964,60.3328977745567,60.36032485961914,2255500,0.0,0.0
2017-10-31 00:00:00-04:00,60.4883294298044,61.0734638278259,60.39689651263985,60.6986083984375,2589200,0.0,0.0
2017-11-01 00:00:00-04:00,60.872317271546805,60.94546080877023,58.65063289968453,59.03462600708008,5136600,0.0,0.0
2017-11-02 00:00:00-04:00,59.034632679808,60.04947670359881,58.678066614730405,59.61062240600586,5120100,0.0,0.0
2017-11-03 00:00:00-04:00,59.72948545861881,60.01290799266551,59.61977013478488,59.8209114074707,1719000,0.0,0.0
2017-11-06 00:00:00-05:00,59.766054958074896,60.7077554485713,59.766054958074896,60.04033279418945,3233200,0.0,0.0
2017-11-07 00:00:00-05:00,61.137463548400426,61.99687578400093,60.34204319515562,60.6894645690918,3575300,0.0,0.0
2017-11-08 00:00:00-05:00,60.2414662564202,60.39689104095558,59.57405066383812,60.278038024902344,2530400,0.0,0.0
2017-11-09 00:00:00-05:00,60.04032950654065,60.762606293524954,59.96718596410758,60.50661087036133,2708700,0.0,0.0
2017-11-10 00:00:00-05:00,60.150046885969516,60.387759919364896,58.14778593904979,59.116920471191406,4345200,0.0,0.0
2017-11-13 00:00:00-05:00,58.9340578086929,60.36032196639329,58.92491312232633,60.32375717163086,2554300,0.0,0.0
2017-11-14 00:00:00-05:00,60.27804360443182,60.643754347752946,59.62891034832914,60.36032485961914,2399000,0.0,0.0
2017-11-15 00:00:00-05:00,60.24147410549207,60.506614230019885,59.81176448902809,60.14090347290039,2246700,0.0,0.0
2017-11-16 00:00:00-05:00,60.36031921307053,60.598032220294684,60.0494696443057,60.177467346191406,2126400,0.0,0.0
2017-11-17 00:00:00-05:00,60.150044553402985,60.625463626405036,59.98547507133456,60.543182373046875,1839200,0.0,0.0
2017-11-20 00:00:00-05:00,60.60717880199314,60.78089296370809,60.2506127676796,60.46089172363281,1625600,0.0,0.0
2017-11-21 00:00:00-05:00,61.0277449906762,61.539735825152015,60.70775071912881,61.25631332397461,2307600,0.0,0.0
2017-11-22 00:00:00-05:00,61.39437779759533,61.66131072989142,61.17347044837437,61.47722244262695,1658500,0.45,0.0
2017-11-24 00:00:00-05:00,61.36676065271991,61.51403688949651,61.072215201684216,61.40357971191406,1069600,0.0,0.0
2017-11-27 00:00:00-05:00,61.44960690991247,61.82698998718589,60.823696932162555,60.897335052490234,3278300,0.0,0.0
2017-11-28 00:00:00-05:00,61.09063827827141,61.71654834235902,60.78688625690861,61.21950149536133,2521300,0.0,0.0
2017-11-29 00:00:00-05:00,61.21949258807159,61.32994274521064,60.26221809860001,60.47391891479492,3872900,0.0,0.0
2017-11-30 00:00:00-05:00,60.216199829176844,60.74085920684094,59.18529411728584,60.418701171875,5269900,0.0,0.0
2017-12-01 00:00:00-05:00,60.12415858528799,60.832906296466135,59.72836240248183,60.75006866455078,3611800,0.0,0.0
2017-12-04 00:00:00-05:00,61.74415139987767,62.4805115240472,61.62448770059342,61.90062713623047,4100500,0.0,0.0
2017-12-05 00:00:00-05:00,61.69813262752285,61.77177075482029,60.53835670140243,60.69483947753906,2798900,0.0,0.0
2017-12-06 00:00:00-05:00,60.65802098869589,61.283931031618636,60.43711362722856,60.80529022216797,3002900,0.0,0.0
2017-12-07 00:00:00-05:00,60.777678859150775,61.14586248375294,60.63040962282103,60.915748596191406,2314900,0.0,0.0
2017-12-08 00:00:00-05:00,61.044604639402856,61.780971802092736,61.044604639402856,61.587677001953125,1753500,0.0,0.0
2017-12-11 00:00:00-05:00,61.449615463424884,61.75336046265057,61.36677081089522,61.69813537597656,2216000,0.0,0.0
2017-12-12 00:00:00-05:00,61.19188553372622,61.560062120548075,60.888133529331775,61.256317138671875,2706600,0.0,0.0
2017-12-13 00:00:00-05:00,61.07222417175408,61.449614317035696,60.160975146039746,60.207000732421875,3275100,0.0,0.0
2017-12-14 00:00:00-05:00,60.21620385666346,60.53836191317655,59.912451822300156,59.995296478271484,2924200,0.0,0.0
2017-12-15 00:00:00-05:00,59.75597243735397,60.92495491487967,59.52585855055961,60.70404052734375,5507200,0.0,0.0
2017-12-18 00:00:00-05:00,61.30233383178711,61.80858715700994,60.92495073504485,61.30233383178711,4916900,0.0,0.0
2017-12-19 00:00:00-05:00,61.99268568112444,63.272118453384124,61.74416574930876,62.71063995361328,6814500,0.0,0.0
2017-12-20 00:00:00-05:00,63.051209523919,63.667913099551306,62.27803017939832,62.314842224121094,3206200,0.0,0.0
2017-12-21 00:00:00-05:00,62.084728916095855,62.21359214141834,60.786890140342535,61.06302261352539,3719200,0.0,0.0
2017-12-22 00:00:00-05:00,61.053810015346386,61.578469326607106,60.85130869827776,61.07221603393555,1816900,0.0,0.0
2017-12-26 00:00:00-05:00,61.09983888409191,61.27472769153169,60.409497198958604,60.46472930908203,1438800,0.0,0.0
2017-12-27 00:00:00-05:00,60.89733976367089,61.45881116268276,60.768469531868874,61.44961166381836,2225500,0.0,0.0
2017-12-28 00:00:00-05:00,61.606089082549914,61.67052068893613,60.98938556106497,61.19188690185547,1996900,0.0,0.0
2017-12-29 00:00:00-05:00,61.57848136869381,61.57848136869381,61.07222797702099,61.090641021728516,1877000,0.0,0.0
2018-01-02 00:00:00-05:00,61.87301434011439,61.90983339954753,61.302329452676965,61.440399169921875,2783800,0.0,0.0
2018-01-03 00:00:00-05:00,61.431195891944945,61.790172962218996,60.805285893579295,61.57847213745117,2807500,0.0,0.0
2018-01-04 00:00:00-05:00,61.578473398233925,61.771768207530016,61.173470737317515,61.532447814941406,3050300,0.0,0.0
2018-01-05 00:00:00-05:00,61.670526913809944,61.78098411698633,60.934159604338895,61.02621078491211,3793500,0.0,0.0
2018-01-08 00:00:00-05:00,60.95256492347322,61.026203049590215,60.704038003457924,60.79608917236328,2027100,0.0,0.0
2018-01-09 00:00:00-05:00,61.79017281090978,62.609377612607894,61.56005894475822,62.25040054321289,3469900,0.0,0.0
2018-01-10 00:00:00-05:00,62.76585912649462,63.40096860909,62.471313664597666,62.544944763183594,3300600,0.0,0.0
2018-01-11 00:00:00-05:00,63.35495934559351,63.64029832858739,62.72904926941557,63.32734680175781,2632400,0.0,0.0
2018-01-12 00:00:00-05:00,63.49302285429773,64.17415795128127,63.33654008372579,64.14654541015625,3244000,0.0,0.0
2018-01-16 00:00:00-05:00,63.87961983009374,64.18337186247875,62.78427542256418,63.06961441040039,3663900,0.0,0.0
2018-01-17 00:00:00-05:00,63.10642763321754,64.06370220806151,62.99597746622825,63.92563247680664,3299300,0.0,0.0
2018-01-18 00:00:00-05:00,64.02688924305619,64.10052737640812,63.37336661022531,63.529842376708984,2491000,0.0,0.0
2018-01-19 00:00:00-05:00,63.81517704241452,63.99005879988531,62.894721606715535,63.106422424316406,4096700,0.0,0.0
2018-01-22 00:00:00-05:00,63.13404523339735,63.419391240191466,62.63700539708515,63.382572174072266,3752600,0.0,0.0
2018-01-23 00:00:00-05:00,63.26290705664722,64.04529279562871,62.98676760876299,63.06040573120117,4189900,0.0,0.0
2018-01-24 00:00:00-05:00,63.86121818362512,65.80338040154889,63.419403350862645,65.50883483886719,6755800,0.0,0.0
2018-01-25 00:00:00-05:00,65.50882234740317,65.65609861192091,64.78166159201413,65.13143920898438,2863800,0.0,0.0
2018-01-26 00:00:00-05:00,65.36155442187886,65.96905146895338,65.08541493160565,65.95064544677734,2811800,0.0,0.0
2018-01-29 00:00:00-05:00,65.75734729435675,66.36484431077585,65.55484594804419,66.21757507324219,3510200,0.0,0.0
2018-01-30 00:00:00-05:00,65.9506503174985,66.91712455979484,65.93223727144364,66.07951354980469,3496000,0.0,0.0
2018-01-31 00:00:00-05:00,66.0979219502157,66.42928656592441,65.75735783366821,65.91383361816406,3634600,0.0,0.0
2018-02-01 00:00:00-05:00,66.20835589587108,66.53972039513096,65.28790051404194,65.45358276367188,2658000,0.0,0.0
2018-02-02 00:00:00-05:00,65.35235315841678,65.80337447447222,64.20178356055733,64.38587188720703,2577700,0.0,0.0
2018-02-05 00:00:00-05:00,64.17416958857096,64.86451133195487,62.51734659544184,62.627803802490234,3518200,0.0,0.0
2018-02-06 00:00:00-05:00,62.066317712300346,63.92563482425231,61.458813681477764,63.759952545166016,4476000,0.0,0.0
2018-02-07 00:00:00-05:00,63.15245671844779,64.38586380165292,62.94074884911926,63.621891021728516,3122300,0.0,0.0
2018-02-08 00:00:00-05:00,64.05449541364224,64.06370193502485,61.440405142435736,61.44961166381836,3683600,0.0,0.0
2018-02-09 00:00:00-05:00,61.946658877333554,62.24120436079931,59.6455200932204,61.73495101928711,5188900,0.0,0.0
2018-02-12 00:00:00-05:00,62.195173240406184,63.46539920807316,62.18596671978405,63.29971694946289,3146000,0.0,0.0
2018-02-13 00:00:00-05:00,63.15245925709182,63.5758679902507,62.80268865731333,63.28132247924805,2051600,0.0,0.0
2018-02-14 00:00:00-05:00,62.839492894293805,64.49631557691407,62.67381062603177,64.35824584960938,2740200,0.0,0.0
2018-02-15 00:00:00-05:00,64.33984492079527,64.5147267015355,63.68632231719469,64.06370544433594,2499500,0.0,0.0
2018-02-16 00:00:00-05:00,63.65870530232988,64.33063387998594,63.09722688948407,63.971656799316406,2286200,0.0,0.0
2018-02-20 00:00:00-05:00,63.815182309817345,64.41347979690961,63.54824936872947,63.92563247680664,1869300,0.0,0.0
2018-02-21 00:00:00-05:00,64.49631694642079,64.94733817750955,63.98086411089078,64.04529571533203,2914000,0.0,0.0
2018-02-22 00:00:00-05:00,64.14720269115884,64.23984599829575,63.08178698850619,63.18369674682617,2492600,0.45,0.0
2018-02-23 00:00:00-05:00,63.396781564327675,63.72103666753896,63.21149495341584,63.702510833740234,2042000,0.0,0.0
2018-02-26 00:00:00-05:00,63.69324505417604,63.906331020379014,63.46163325397904,63.59133529663086,1643600,0.0,0.0
2018-02-27 00:00:00-05:00,63.683979892349925,63.739571531919886,62.516661484851056,62.52592086791992,3027700,0.0,0.0
2018-02-28 00:00:00-05:00,62.8594458680499,63.08179123378816,61.979323788671834,61.988590240478516,3182000,0.0,0.0
2018-03-01 00:00:00-05:00,61.71065818385035,62.349909113402596,60.839795418168414,61.12699890136719,2797500,0.0,0.0
2018-03-02 00:00:00-05:00,60.87684550870303,60.95096298210717,59.77437106356815,60.19127655029297,3749400,0.0,0.0
2018-03-05 00:00:00-05:00,60.33950037506412,61.00654345442465,60.05230402020699,60.39509201049805,3380800,0.0,0.0
2018-03-06 00:00:00-05:00,60.77493984924389,61.284488677978516,60.311716211569426,61.284488677978516,2971900,0.0,0.0
2018-03-07 00:00:00-05:00,60.997287556239634,61.21963999998028,60.33951081369565,61.154788970947266,2245900,0.0,0.0
2018-03-08 00:00:00-05:00,61.562419571090125,62.04417611992691,61.4975685435427,61.82183074951172,2369400,0.0,0.0
2018-03-09 00:00:00-05:00,62.07196536230068,62.54445543595437,61.81256126483797,62.50739669799805,2700100,0.0,0.0
2018-03-12 00:00:00-04:00,62.60931423991124,62.766808594621594,62.18314930280724,62.405494689941406,1926700,0.0,0.0
2018-03-13 00:00:00-04:00,62.729731017604124,63.27633847097218,62.47959341571047,62.60002899169922,2227700,0.0,0.0
2018-03-14 00:00:00-04:00,62.692685007592594,62.74827665013969,61.868147503499905,62.034908294677734,2151700,0.0,0.0
2018-03-15 00:00:00-04:00,62.2757879423437,62.37769770966564,61.775505557735606,61.82183074951172,2910900,0.0,0.0
2018-03-16 00:00:00-04:00,61.905206310681834,62.13681812822677,61.45124912739864,61.988590240478516,3955300,0.0,0.0
2018-03-19 00:00:00-04:00,62.22945950680358,62.99841241352065,62.053439337339704,62.65562438964844,3477100,0.0,0.0
2018-03-20 00:00:00-04:00,63.00768626272064,63.87854196546245,62.72974923038308,62.85945129394531,4205000,0.0,0.0
2018-03-21 00:00:00-04:00,62.887242376985384,63.13738711493641,61.90521046650323,62.12755584716797,4586300,0.0,0.0
2018-03-22 00:00:00-04:00,63.665461781563934,64.02677567556043,61.11773161873974,61.330810546875,6151000,0.0,0.0
2018-03-23 00:00:00-04:00,62.396220170680714,62.53518867026092,59.67247009277344,59.67247009277344,5608500,0.0,0.0
2018-03-26 00:00:00-04:00,60.26540011582003,60.988027883981324,59.755851269946284,60.960235595703125,4491000,0.0,0.0
2018-03-27 00:00:00-04:00,61.2196370570679,61.97005708098074,60.459950581386636,60.895381927490234,4917100,0.0,0.0
2018-03-28 00:00:00-04:00,60.93242656888995,61.28448101315961,59.52422999650398,59.88554382324219,5391100,0.0,0.0
2018-03-29 00:00:00-04:00,60.052314385694544,61.099197302027626,59.69100050004719,60.75641632080078,3710100,0.0,0.0
2018-04-02 00:00:00-04:00,60.849055285088795,61.07140064460404,58.96836851017774,59.86702346801758,4017100,0.0,0.0
2018-04-03 00:00:00-04:00,60.17274308227416,60.26539345727418,59.2926210656238,59.746578216552734,3023600,0.0,0.0
2018-04-04 00:00:00-04:00,59.357475862498795,60.27465667383837,59.08880530801918,60.20054626464844,3329700,0.0,0.0
2018-04-05 00:00:00-04:00,60.404362989061056,60.91391184701335,59.95040577721494,60.691566467285156,2331800,0.0,0.0
2018-04-06 00:00:00-04:00,60.79347083929144,60.9324322716341,59.28336083845577,59.765113830566406,3312400,0.0,0.0
2018-04-09 00:00:00-04:00,60.543320225438535,60.802724298177964,60.015245629295876,60.08936309814453,2250300,0.0,0.0
2018-04-10 00:00:00-04:00,60.71009537729866,60.89538909331285,57.337827496398255,58.45882797241211,8879900,0.0,0.0
2018-04-11 00:00:00-04:00,58.588529640510146,59.84849501777739,58.51441215908005,58.9591064453125,5543300,0.0,0.0
2018-04-12 00:00:00-04:00,59.3296828191207,59.70026313327253,58.46808659271611,59.061012268066406,3390600,0.0,0.0
2018-04-13 00:00:00-04:00,59.50570628256621,59.663200608911154,58.1252984107705,58.310585021972656,4409000,0.0,0.0
2018-04-16 00:00:00-04:00,59.03321960662407,59.570560705320894,58.87572173716902,59.36674118041992,2963400,0.0,0.0
2018-04-17 00:00:00-04:00,59.92260910058326,60.24686422815908,59.29262468062238,59.45011901855469,3574000,0.0,0.0
2018-04-18 00:00:00-04:00,59.84849358972531,60.53406260601504,59.802175466110754,60.46921157836914,3125500,0.0,0.0
2018-04-19 00:00:00-04:00,60.44141517218753,60.682293430558666,60.12642650743648,60.274654388427734,4343200,0.0,0.0
2018-04-20 00:00:00-04:00,60.16348809041852,61.06214307495012,60.16348809041852,61.03434371948242,3844900,0.0,0.0
2018-04-23 00:00:00-04:00,61.03435030556848,61.66433480107996,60.96949927227608,61.39566421508789,3621100,0.0,0.0
2018-04-24 00:00:00-04:00,61.618015414708445,61.840360800278546,60.35804644942396,60.7193603515625,3303300,0.0,0.0
2018-04-25 00:00:00-04:00,60.72862343806699,61.21963937692425,60.441419968216316,61.21037292480469,3147400,0.0,0.0
2018-04-26 00:00:00-04:00,61.51609709961559,61.66432498000508,59.385265656694585,59.57981872558594,5282400,0.0,0.0
2018-04-27 00:00:00-04:00,59.63540704531318,60.29318368967684,59.24629739507793,59.62614059448242,3226400,0.0,0.0
2018-04-30 00:00:00-04:00,60.228333270492215,60.228333270492215,58.40323119135138,58.42176055908203,3950600,0.0,0.0
2018-05-01 00:00:00-04:00,58.588523166154296,59.42232353540706,58.282793890213995,59.39453125,4537200,0.0,0.0
2018-05-02 00:00:00-04:00,59.514972171388976,59.69099941903567,58.069716654973334,58.227210998535156,3822600,0.0,0.0
2018-05-03 00:00:00-04:00,58.34764499346331,58.68116655527495,57.68986832106571,58.644107818603516,4182700,0.0,0.0
2018-05-04 00:00:00-04:00,58.36617811497907,59.11660167731051,57.99559779266619,58.89425277709961,2228500,0.0,0.0
2018-05-07 00:00:00-04:00,58.959103462602314,58.959103462602314,57.97707162214632,58.301326751708984,3319400,0.0,0.0
2018-05-08 00:00:00-04:00,58.579259969853474,59.28336186829094,58.319855867332215,58.50514602661133,3589400,0.0,0.0
2018-05-09 00:00:00-04:00,58.82940158048364,59.26483292782319,58.5699974760852,59.24630355834961,3239400,0.0,0.0
2018-05-10 00:00:00-04:00,59.28336188956577,59.829965915871604,59.25556606848863,59.348209381103516,2256600,0.0,0.0
2018-05-11 00:00:00-04:00,59.31114959716797,59.70952219579994,58.84792950814106,59.31114959716797,2542400,0.0,0.0
2018-05-14 00:00:00-04:00,59.292620708803945,60.38582868585176,59.08880119420044,60.05230712890625,2552700,0.0,0.0
2018-05-15 00:00:00-04:00,60.182010406749306,60.53405780487193,59.89481403112905,60.38582992553711,3745000,0.0,0.0
2018-05-16 00:00:00-04:00,60.47847237476886,61.145515492880925,60.32097804638997,60.645233154296875,2920000,0.0,0.0
2018-05-17 00:00:00-04:00,60.71935024279728,60.75640897892803,59.820695329262485,60.05230712890625,2679700,0.0,0.0
2018-05-18 00:00:00-04:00,60.13569320524965,60.22833651477776,59.46865006747699,60.07083511352539,2627200,0.0,0.0
2018-05-21 00:00:00-04:00,60.2005415754473,60.69155745571339,59.8299612854365,60.0059814453125,2252600,0.0,0.0
2018-05-22 00:00:00-04:00,60.10789471464862,60.561858953852614,59.95040037936473,60.26539611816406,2800000,0.0,0.0
2018-05-23 00:00:00-04:00,60.09863848420163,60.52480339109679,59.32041908204774,59.922611236572266,3523400,0.0,0.0
2018-05-24 00:00:00-04:00,60.08132620353616,60.25872478834247,59.483781323795476,59.894596099853516,3276200,0.5,0.0
2018-05-25 00:00:00-04:00,59.82924332046348,60.342754697015394,59.819904677748795,59.98796463012695,3637600,0.0,0.0
2018-05-29 00:00:00-04:00,59.46511127577175,59.51179736622582,58.092626408319155,58.400733947753906,4545400,0.0,0.0
2018-05-30 00:00:00-04:00,58.50343963818896,58.91425089195915,58.21400225111186,58.70884704589844,3175400,0.0,0.0
2018-05-31 00:00:00-04:00,58.85823074702863,59.00761697484754,58.01793098951687,58.148643493652344,8064200,0.0,0.0
2018-06-01 00:00:00-04:00,58.52211284827568,59.026292720049774,58.456756593969644,58.97960662841797,3127300,0.0,0.0
2018-06-04 00:00:00-04:00,59.18501107989884,59.36240967128727,58.85822982468105,59.138328552246094,2827900,0.0,0.0
2018-06-05 00:00:00-04:00,56.65478880659036,57.63513628061092,56.47739375030158,56.57075881958008,11535300,0.0,0.0
2018-06-06 00:00:00-04:00,56.36534705118083,57.42038934867009,56.29999079539067,57.37370681762695,4817200,0.0,0.0
2018-06-07 00:00:00-04:00,57.299009230331436,57.83119789488183,56.9535542428414,57.26166534423828,4265800,0.0,0.0
2018-06-08 00:00:00-04:00,56.98156339385306,57.102940818926676,56.45871336888735,56.89753341674805,2878600,0.0,0.0
2018-06-11 00:00:00-04:00,56.953557963308526,57.45773785581224,56.953557963308526,57.08427047729492,2225300,0.0,0.0
2018-06-12 00:00:00-04:00,57.22431791842731,58.31670405292878,57.17763538955649,58.04594039916992,4348400,0.0,0.0
2018-06-13 00:00:00-04:00,58.3260442457457,59.65184662148399,58.251349348248404,59.595829010009766,6936700,0.0,0.0
2018-06-14 00:00:00-04:00,60.17469274733196,61.08034873157075,59.57715141442443,59.94127655029297,5777100,0.0,0.0
2018-06-15 00:00:00-04:00,59.75454887137517,60.93096854680362,59.22236020542138,60.85627365112305,5509700,0.0,0.0
2018-06-18 00:00:00-04:00,60.0159727534183,60.26806624077135,59.73587402318512,60.1746940612793,3603600,0.0,0.0
2018-06-19 00:00:00-04:00,59.71720218061422,59.894600779280275,58.88624104470073,59.259708404541016,3106800,0.0,0.0
2018-06-20 00:00:00-04:00,59.67985464465279,59.75454954117063,58.47542971231658,58.820884704589844,3974700,0.0,0.0
2018-06-21 00:00:00-04:00,58.746191375463,59.27838362323013,58.055281372482504,58.26068878173828,2829400,0.0,0.0
2018-06-22 00:00:00-04:00,58.50343604298563,59.521130814276056,58.44741487296695,59.31572341918945,5053800,0.0,0.0
2018-06-25 00:00:00-04:00,56.197283065231986,56.49605551648844,53.17221110584825,54.65673828125,16790000,0.0,0.0
2018-06-26 00:00:00-04:00,54.6567345137868,56.019884173889174,54.152554701426205,55.79580307006836,6526300,0.0,0.0
2018-06-27 00:00:00-04:00,56.29998665522172,56.29998665522172,54.19924085792503,54.21791458129883,5691400,0.0,0.0
2018-06-28 00:00:00-04:00,54.245925988912354,54.32995596730294,53.022827323242254,53.368282318115234,5905800,0.0,0.0
2018-06-29 00:00:00-04:00,53.36828395802133,54.28327510547437,53.28425397704866,53.50833511352539,4986100,0.0,0.0
2018-07-02 00:00:00-04:00,53.060171492650824,53.62970402026897,52.79874293067605,53.358943939208984,5315100,0.0,0.0
2018-07-03 00:00:00-04:00,53.34960947007559,53.38695691922898,52.705381999599254,52.994815826416016,4037400,0.0,0.0
2018-07-05 00:00:00-04:00,53.28425181915295,53.35894671550315,52.78007195373512,53.11619186401367,4248800,0.0,0.0
2018-07-06 00:00:00-04:00,53.153539231665796,54.15256031811991,52.96680555272185,53.7324104309082,4357600,0.0,0.0
2018-07-09 00:00:00-04:00,53.685727303916885,54.161894796356655,53.452311098247684,54.09653854370117,4122700,0.0,0.0
2018-07-10 00:00:00-04:00,53.71373485170139,54.95551074638918,53.54567490262111,54.91816329956055,6025500,0.0,0.0
2018-07-11 00:00:00-04:00,54.15255407426957,54.582038993166464,53.676386631431406,54.143218994140625,5568900,0.0,0.0
2018-07-12 00:00:00-04:00,54.441997701995724,54.66607526742363,54.16189540273782,54.52602767944336,3451500,0.0,0.0
2018-07-13 00:00:00-04:00,54.17123664626988,54.73143414838254,54.06853293983116,54.19924545288086,3241000,0.0,0.0
2018-07-16 00:00:00-04:00,54.367302805753965,54.684748991484064,53.80710533053552,54.52602767944336,2864300,0.0,0.0
2018-07-17 00:00:00-04:00,54.45133261482334,54.955512477950094,54.320620108453156,54.70342254638672,2398900,0.0,0.0
2018-07-18 00:00:00-04:00,55.207602336974624,55.814482338845785,55.086224911940924,55.5810661315918,4563200,0.0,0.0
2018-07-19 00:00:00-04:00,55.27295918825515,55.39433661460244,54.84347421705548,54.95551300048828,3811300,0.0,0.0
2018-07-20 00:00:00-04:00,54.82479523924239,54.8901514867861,54.236585449700634,54.283267974853516,3348900,0.0,0.0
2018-07-23 00:00:00-04:00,54.33928887868641,54.52602254004136,54.06852524780415,54.292606353759766,2433500,0.0,0.0
2018-07-24 00:00:00-04:00,54.60071857202721,54.610057214806176,53.58302376968826,53.91914367675781,4035200,0.0,0.0
2018-07-25 00:00:00-04:00,53.62037044130806,53.97516406715095,53.04149925509495,53.93781661987305,3075600,0.0,0.0
2018-07-26 00:00:00-04:00,53.611035684364985,54.13388929920601,53.555018071036606,53.844451904296875,3106400,0.0,0.0
2018-07-27 00:00:00-04:00,54.03118634197981,54.50735743176868,53.853791294564715,54.35797119140625,3256700,0.0,0.0
2018-07-30 00:00:00-04:00,54.3206182217256,55.086223071000845,54.180567077394144,54.83413314819336,3241500,0.0,0.0
2018-07-31 00:00:00-04:00,54.93683918935575,55.55305783973391,54.75944415239719,55.310306549072266,3243200,0.0,0.0
2018-08-01 00:00:00-04:00,55.23561375471982,55.33831746063317,54.52603001823035,54.7314338684082,2499400,0.0,0.0
2018-08-02 00:00:00-04:00,54.10587464296663,55.20759936686575,53.42429978185082,54.946170806884766,4946000,0.0,0.0
2018-08-03 00:00:00-04:00,55.030204165581836,55.51571030782263,54.90883030125816,55.13290786743164,2644900,0.0,0.0
2018-08-06 00:00:00-04:00,54.62872348019269,54.6847446479243,54.171229742820636,54.53535842895508,2456400,0.0,0.0
2018-08-07 00:00:00-04:00,54.740762030358745,54.83412707514021,54.3579596481177,54.79677963256836,2708300,0.0,0.0
2018-08-08 00:00:00-04:00,55.20760188786977,55.32897575026744,54.61939205311308,54.7127571105957,2232100,0.0,0.0
2018-08-09 00:00:00-04:00,55.17025125805917,55.63708364184317,54.946170146717535,55.40366744995117,3606600,0.0,0.0
2018-08-10 00:00:00-04:00,55.777131762618225,56.318655446439706,55.55305066340531,55.64641571044922,4521900,0.0,0.0
2018-08-13 00:00:00-04:00,55.441017746297675,55.61841277906404,54.80612538677258,55.07688903808594,3623000,0.0,0.0
2018-08-14 00:00:00-04:00,55.01153095886653,55.51571082997192,54.712758493392684,55.3849983215332,3590400,0.0,0.0
2018-08-15 00:00:00-04:00,54.610055695230244,55.28229192901508,54.42332202298224,55.27295684814453,3590900,0.0,0.0
2018-08-16 00:00:00-04:00,55.33831432615732,56.04789802245451,55.235610626061316,55.861167907714844,3494500,0.0,0.0
2018-08-17 00:00:00-04:00,55.43167948451108,56.61743423584106,55.31030562203891,56.56141662597656,3421700,0.0,0.0
2018-08-20 00:00:00-04:00,56.36534870718246,56.82284607280356,56.33733990006345,56.72014236450195,2674000,0.0,0.0
2018-08-21 00:00:00-04:00,56.95355691494107,57.560440503448326,56.776161872317616,57.37370681762695,3207800,0.0,0.0
2018-08-22 00:00:00-04:00,57.23365376586412,58.008597289760566,57.07493245324843,57.76584243774414,4190900,0.0,0.0
2018-08-23 00:00:00-04:00,57.20107996769318,57.53052361679576,57.11636537354302,57.417572021484375,3340900,0.5,0.0
2018-08-24 00:00:00-04:00,57.46463453344516,58.038810824634226,57.455223396671464,57.634063720703125,2324800,0.0,0.0
2018-08-27 00:00:00-04:00,57.954091664879364,58.377664599651546,57.72818849344498,58.07645797729492,2647100,0.0,0.0
2018-08-28 00:00:00-04:00,58.132935127088935,58.15176099084033,57.62465116846671,58.114112854003906,2923000,0.0,0.0
2018-08-29 00:00:00-04:00,58.236472963055,58.8577120762438,58.17999896500724,58.650634765625,3879100,0.0,0.0
2018-08-30 00:00:00-04:00,58.33060396656167,58.39649269330269,57.756427698675935,57.96350860595703,2068000,0.0,0.0
2018-08-31 00:00:00-04:00,57.935265806611895,58.208235430226786,57.681122045729005,57.87879180908203,2477800,0.0,0.0
2018-09-04 00:00:00-04:00,57.61524228373709,57.728197477699695,57.314035614503595,57.605831146240234,2379100,0.0,0.0
2018-09-05 00:00:00-04:00,57.38933215000917,57.671712919497665,57.19166237976755,57.370506286621094,2980300,0.0,0.0
2018-09-06 00:00:00-04:00,57.878794943111004,58.32119017393653,57.464633121913025,58.114112854003906,4005000,0.0,0.0
2018-09-07 00:00:00-04:00,57.67171210013451,58.547094986578394,57.605823374545515,58.41531753540039,2365300,0.0,0.0
2018-09-10 00:00:00-04:00,58.66946258293621,59.03655794514021,58.34001535712946,58.349430084228516,3134500,0.0,0.0
2018-09-11 00:00:00-04:00,58.151762582971756,58.500035685908365,58.09528858083774,58.22706604003906,2268400,0.0,0.0
2018-09-12 00:00:00-04:00,58.264720823884815,58.90478587985511,57.84114783233584,58.85771942138672,2517800,0.0,0.0
2018-09-13 00:00:00-04:00,58.01998901325597,59.13068994479159,57.963515007336106,59.017738342285156,2817500,0.0,0.0
2018-09-14 00:00:00-04:00,59.10244949115028,60.37316481949074,58.989494304572,60.1943244934082,4399700,0.0,0.0
2018-09-17 00:00:00-04:00,60.48612331461593,61.53093550828328,60.32610166287705,61.01323318481445,5740000,0.0,0.0
2018-09-18 00:00:00-04:00,60.909685017342255,62.10510398350998,60.74967056717255,61.81330490112305,6360200,0.0,0.0
2018-09-19 00:00:00-04:00,61.70977001507196,62.47220497119132,61.60622955413393,62.321598052978516,4030200,0.0,0.0
2018-09-20 00:00:00-04:00,62.81105803523593,63.338167841664074,62.3498297732788,63.008724212646484,3687400,0.0,0.0
2018-09-21 00:00:00-04:00,63.065197647552175,63.62054444845373,62.895768471096495,63.22521209716797,5272700,0.0,0.0
2018-09-24 00:00:00-04:00,62.97107835600554,63.06520409002252,62.039221380971036,62.88636016845703,3609300,0.0,0.0
2018-09-25 00:00:00-04:00,62.91459336980727,63.10285200780155,62.622801457582064,62.688690185546875,3043900,0.0,0.0
2018-09-26 00:00:00-04:00,63.206382075260535,63.714669542307846,62.933412481031525,63.04636764526367,4701500,0.0,0.0
2018-09-27 00:00:00-04:00,58.25529986281904,60.27903527776142,57.549346149327455,59.99665451049805,14342300,0.0,0.0
2018-09-28 00:00:00-04:00,60.015479986899884,60.59906741582024,59.57308474448167,60.02489471435547,6356300,0.0,0.0
2018-10-01 00:00:00-04:00,59.9778319242384,60.96616286832606,59.62955882127441,59.817813873291016,4563500,0.0,0.0
2018-10-02 00:00:00-04:00,59.81781396976892,60.15667234581206,59.41306686401367,59.41306686401367,3726100,0.0,0.0
2018-10-03 00:00:00-04:00,59.39423854133507,59.667208176367645,58.8671287254557,58.94242858886719,3515400,0.0,0.0
2018-10-04 00:00:00-04:00,58.914189174773284,59.027140760595216,57.76583668180742,58.06704330444336,4576500,0.0,0.0
2018-10-05 00:00:00-04:00,58.05763708929535,58.17058868469092,56.64572957951806,57.022239685058594,4292600,0.0,0.0
2018-10-08 00:00:00-04:00,56.78692389976199,57.53052582060227,56.41982491727128,57.502288818359375,3125500,0.0,0.0
2018-10-09 00:00:00-04:00,56.81515596070216,57.63406127052418,56.655137917020674,56.96575927734375,3078000,0.0,0.0
2018-10-10 00:00:00-04:00,56.965762755093714,57.06930321485587,55.544440501267545,55.59150695800781,4235100,0.0,0.0
2018-10-11 00:00:00-04:00,55.64797968176008,55.6668055458901,54.13253173062446,54.45256423950195,5871600,0.0,0.0
2018-10-12 00:00:00-04:00,55.450310442413404,55.49737330481491,54.17018047736166,54.81966018676758,3059200,0.0,0.0
2018-10-15 00:00:00-04:00,54.81024715169118,55.21499424403646,54.32078546814186,54.3302001953125,3188600,0.0,0.0
2018-10-16 00:00:00-04:00,55.02674118730122,55.78917253570132,54.78201213201219,55.61974334716797,3061400,0.0,0.0
2018-10-17 00:00:00-04:00,55.31853070496399,55.88329221177141,55.05497581387601,55.5350227355957,3000100,0.0,0.0
2018-10-18 00:00:00-04:00,55.4126637190595,55.600918776328015,53.95369330889501,54.16077423095703,2714100,0.0,0.0
2018-10-19 00:00:00-04:00,54.07605750693136,54.51845274483843,53.69954740720928,53.86897659301758,3208100,0.0,0.0
2018-10-22 00:00:00-04:00,54.113703559233315,54.27371800089865,53.13478027516499,53.16301727294922,2913700,0.0,0.0
2018-10-23 00:00:00-04:00,52.654735291613605,54.06664277957178,52.2594029185052,53.86897659301758,4782700,0.0,0.0
2018-10-24 00:00:00-04:00,53.238325150195536,53.47364305974979,51.440496464827646,51.53462219238281,5367100,0.0,0.0
2018-10-25 00:00:00-04:00,52.127627329243715,52.871229237315234,51.374610693475155,52.57002258300781,4876700,0.0,0.0
2018-10-26 00:00:00-04:00,52.12762537685249,52.24998810699865,50.87573234935917,51.08281326293945,5669700,0.0,0.0
2018-10-29 00:00:00-04:00,51.95819592537216,52.184099111152186,50.32979639776438,50.89455795288086,4332900,0.0,0.0
2018-10-30 00:00:00-04:00,50.91338254075031,51.26165203798781,50.423920862939234,50.960445404052734,5164500,0.0,0.0
2018-10-31 00:00:00-04:00,51.93936904063558,53.10654385578114,51.882891449967374,52.748863220214844,5108400,0.0,0.0
2018-11-01 00:00:00-04:00,53.07831031915901,54.55610659340692,52.95594399339329,54.35844039916992,4028200,0.0,0.0
2018-11-02 00:00:00-04:00,54.73494355540398,54.83848041255666,53.21008101770817,53.71836853027344,3138900,0.0,0.0
2018-11-05 00:00:00-05:00,53.41716572155743,53.765435223958974,53.19125894742328,53.52070617675781,2907000,0.0,0.0
2018-11-06 00:00:00-05:00,52.99359333570985,54.057231308784594,52.8241641509487,53.88780212402344,3252400,0.0,0.0
2018-11-07 00:00:00-05:00,54.20783565884293,55.29029951640659,53.79367741637789,55.22440719604492,4124300,0.0,0.0
2018-11-08 00:00:00-05:00,54.88555091130471,56.46688756212099,54.50904081704698,54.70670700073242,4268200,0.0,0.0
2018-11-09 00:00:00-05:00,54.52786309695307,55.38442009395869,54.499626098472866,55.1020393371582,2587000,0.0,0.0
2018-11-12 00:00:00-05:00,54.5843430216427,54.800835064147854,54.198421799669816,54.377262115478516,2340600,0.0,0.0
2018-11-13 00:00:00-05:00,55.1208701990498,56.146856461323765,55.06439260630084,55.44090270996094,3567600,0.0,0.0
2018-11-14 00:00:00-05:00,55.92095120153382,56.41982405038174,55.158519836690864,55.76093673706055,3835900,0.0,0.0
2018-11-15 00:00:00-05:00,55.21499394343309,56.561012668199105,54.97967603477702,56.335105895996094,3497000,0.0,0.0
2018-11-16 00:00:00-05:00,56.03390112029902,56.73044373293695,56.03390112029902,56.43864822387695,2779800,0.0,0.0
2018-11-19 00:00:00-05:00,56.43864550145755,56.721026269464474,55.384422291920764,55.582088470458984,3106700,0.0,0.0
2018-11-20 00:00:00-05:00,54.96084979399581,56.66455273361272,54.66905788729137,56.363346099853516,5681500,0.0,0.0
2018-11-21 00:00:00-05:00,56.52470642283676,57.255588880908306,56.372834978360906,56.98981475830078,3616000,0.5,0.0
2018-11-23 00:00:00-05:00,56.74302318228271,57.99596354383314,56.74302318228271,57.66374588012695,2044400,0.0,0.0
2018-11-26 00:00:00-05:00,58.09088336185315,58.366151485198195,57.549841117154735,58.280723571777344,3274000,0.0,0.0
2018-11-27 00:00:00-05:00,57.67323807519513,57.92952183278531,57.19863932874688,57.473907470703125,3890600,0.0,0.0
2018-11-28 00:00:00-05:00,57.3600026176598,59.34382544767695,57.29355908534017,58.79328918457031,3608400,0.0,0.0
2018-11-29 00:00:00-05:00,58.461070510077754,58.58446719120523,57.274573709354385,57.64476013183594,6206700,0.0,0.0
2018-11-30 00:00:00-05:00,57.388477460985385,57.50238376303242,56.09756833832661,57.227115631103516,5744700,0.0,0.0
2018-12-03 00:00:00-05:00,57.52136415326383,58.19529709619067,57.39797109153014,57.97698211669922,3997600,0.0,0.0
2018-12-04 00:00:00-05:00,56.81896039710239,56.980322226878464,55.129390081089554,55.33821105957031,5198400,0.0,0.0
2018-12-06 00:00:00-05:00,54.531396824976824,55.95519306781747,54.18968514735089,55.90773391723633,4443600,0.0,0.0
2018-12-07 00:00:00-05:00,55.34770271271637,55.98366324434886,53.70559161510472,53.84796905517578,3104400,0.0,0.0
2018-12-10 00:00:00-05:00,53.791020896696004,53.97137074011116,52.63300240224089,53.48727798461914,4973400,0.0,0.0
2018-12-11 00:00:00-05:00,54.38900891998964,54.51240559272039,52.94622847397829,53.22149658203125,2909300,0.0,0.0
2018-12-12 00:00:00-05:00,54.55987223073618,54.59784100000663,53.601184342514856,53.648643493652344,2505900,0.0,0.0
2018-12-13 00:00:00-05:00,53.95238343946852,54.066286120115834,53.24048534884617,53.715084075927734,2813500,0.0,0.0
2018-12-14 00:00:00-05:00,53.04115267450847,53.914412560094625,52.946230760270325,53.468292236328125,4024800,0.0,0.0
2018-12-17 00:00:00-05:00,53.91440930485803,54.11373988137179,53.193020904708,53.477779388427734,5204200,0.0,0.0
2018-12-18 00:00:00-05:00,54.05679305032028,54.39850469616854,53.33540099332936,53.35438537597656,5103100,0.0,0.0
2018-12-19 00:00:00-05:00,53.56321339173254,54.294095876366235,52.07297365712259,52.21535110473633,5866000,0.0,0.0
2018-12-20 00:00:00-05:00,49.5006504755322,50.00372398576813,46.263887184459215,47.26054382324219,11301100,0.0,0.0
2018-12-21 00:00:00-05:00,47.84904556951981,48.06736055882247,45.16281854202085,45.428592681884766,8078800,0.0,0.0
2018-12-24 00:00:00-05:00,45.0489160987013,45.23875633812691,43.824450356352564,43.86241912841797,3631600,0.0,0.0
2018-12-26 00:00:00-05:00,43.957336046823336,45.096370111708225,43.32137186039166,45.08687973022461,7955200,0.0,0.0
2018-12-27 00:00:00-05:00,45.19128859326122,45.70385605600802,44.03326661170009,45.684871673583984,5078900,0.0,0.0
2018-12-28 00:00:00-05:00,45.998107470579605,46.85238662231669,45.68487419554327,46.206932067871094,4797200,0.0,0.0
2018-12-31 00:00:00-05:00,46.41575624116387,46.86187657552832,46.03607581699326,46.795433044433594,3970700,0.0,0.0
2019-01-02 00:00:00-05:00,46.45372386746359,47.55479281127377,46.149980960267754,47.3174934387207,3926800,0.0,0.0
2019-01-03 00:00:00-05:00,46.76696246252592,46.89984953660009,44.92552056868168,44.96348571777344,6128200,0.0,0.0
2019-01-04 00:00:00-05:00,45.97912705985913,47.85853773516724,45.87471837309303,47.5073356628418,4568300,0.0,0.0
2019-01-07 00:00:00-05:00,48.41855813634585,48.636876726341626,47.77310723083491,48.06735610961914,4694900,0.0,0.0
2019-01-08 00:00:00-05:00,49.73794633649708,49.851849013228374,48.86468282582168,49.26334762573242,5776400,0.0,0.0
2019-01-09 00:00:00-05:00,49.73794858659279,50.08915063459445,49.111478404878575,49.348777770996094,4083400,0.0,0.0
2019-01-10 00:00:00-05:00,49.20639770062845,49.775914742497115,48.66535542458291,49.63353729248047,3918500,0.0,0.0
2019-01-11 00:00:00-05:00,49.56708973377218,50.06067281973649,49.424708674414894,49.737945556640625,3060100,0.0,0.0
2019-01-14 00:00:00-05:00,49.5481071472168,50.20305207801997,49.26334863908067,49.5481071472168,3181600,0.0,0.0
2019-01-15 00:00:00-05:00,49.79489926116786,50.231529235839844,49.53861550536447,50.231529235839844,3969500,0.0,0.0
2019-01-16 00:00:00-05:00,50.08914674316086,50.430858383166616,49.69048195618725,50.051177978515625,4697800,0.0,0.0
2019-01-17 00:00:00-05:00,49.927786077137995,50.933936711024124,49.88982092976385,50.82003402709961,3157800,0.0,0.0
2019-01-18 00:00:00-05:00,51.152250023184074,52.224844155998234,51.123775258360105,52.091957092285156,5684400,0.0,0.0
2019-01-22 00:00:00-05:00,51.69329099149603,52.10144617466828,51.342088957452745,51.750244140625,5848400,0.0,0.0
2019-01-23 00:00:00-05:00,51.73126206590422,52.082464115618635,50.99088919869519,51.51294708251953,4373200,0.0,0.0
2019-01-24 00:00:00-05:00,51.702787995389826,52.24383027037572,51.55091654312889,52.22484588623047,4879900,0.0,0.0
2019-01-25 00:00:00-05:00,52.69944303788136,52.84182048332542,52.28179746198415,52.68994903564453,3172800,0.0,0.0
2019-01-28 00:00:00-05:00,52.54757417898846,53.5821995988175,52.34824357300608,53.53474044799805,4511100,0.0,0.0
2019-01-29 00:00:00-05:00,53.620162612616895,53.64863737587206,53.10759514861954,53.4018440246582,3152200,0.0,0.0
2019-01-30 00:00:00-05:00,54.59783712454917,54.94903916311896,53.51575262345787,54.51240921020508,5488900,0.0,0.0
2019-01-31 00:00:00-05:00,55.04396360867096,55.10091314024978,54.32257149419692,54.65479278564453,3763100,0.0,0.0
2019-02-01 00:00:00-05:00,54.626315343092244,55.13888286156684,54.23714451333955,54.7781867980957,3032900,0.0,0.0
2019-02-04 00:00:00-05:00,54.63580660788118,55.252782778770644,54.578853457270995,55.224308013916016,2468800,0.0,0.0
2019-02-05 00:00:00-05:00,55.49008098346745,55.793823871913666,55.32871915812452,55.58500289916992,2983700,0.0,0.0
2019-02-06 00:00:00-05:00,55.575511206414426,55.594495590343755,55.110406473299314,55.34770584106445,3296100,0.0,0.0
2019-02-07 00:00:00-05:00,54.616824274916794,55.062944631626095,53.563214484926995,54.066287994384766,3965600,0.0,0.0
2019-02-08 00:00:00-05:00,53.572701927786255,53.86695443616007,52.993694533993946,53.7530517578125,3609500,0.0,0.0
2019-02-11 00:00:00-05:00,53.781527752202315,54.17069856461629,53.724574601275535,53.93339920043945,2310200,0.0,0.0
2019-02-12 00:00:00-05:00,54.06628474600782,54.075778748012674,53.28794314304786,53.69609832763672,2758000,0.0,0.0
2019-02-13 00:00:00-05:00,54.16121214261408,54.45546105832735,54.00934068327462,54.15171813964844,2595500,0.0,0.0
2019-02-14 00:00:00-05:00,53.961873611014624,54.3130792747382,53.506259269295825,54.19917297363281,2443800,0.0,0.0
2019-02-15 00:00:00-05:00,54.47443979490532,54.55037732715169,54.03780984719117,54.341552734375,3240300,0.0,0.0
2019-02-19 00:00:00-05:00,54.407997985535104,55.59449480765669,54.32257006950631,55.33821105957031,3807400,0.0,0.0
2019-02-20 00:00:00-05:00,55.414151090852805,55.96468375825248,55.19583610025457,55.86027145385742,3507500,0.0,0.0
2019-02-21 00:00:00-05:00,56.07087854286196,56.712292236630844,55.66880126026232,55.7836799621582,3726400,0.5,0.0
2019-02-22 00:00:00-05:00,56.051735161168494,56.36765617701831,55.7741082657723,56.31021499633789,2234600,0.0,0.0
2019-02-25 00:00:00-05:00,56.070884704589844,56.37723037792913,55.76453903125056,56.070884704589844,3336100,0.0,0.0
2019-02-26 00:00:00-05:00,56.013446127673085,56.386808358110855,55.73582285899237,55.76454162597656,2394700,0.0,0.0
2019-02-27 00:00:00-05:00,55.55392122769006,55.86984223601422,54.94122992274067,55.21885681152344,2986600,0.0,0.0
2019-02-28 00:00:00-05:00,55.11354908628321,55.47733591330124,54.81677514162005,55.295440673828125,4367200,0.0,0.0
2019-03-01 00:00:00-05:00,55.85069772586145,56.17619045296579,55.08483355971256,55.372032165527344,2902600,0.0,0.0
2019-03-04 00:00:00-05:00,55.199711157694765,55.23800527821152,54.05091310569054,54.14664840698242,3569000,0.0,0.0
2019-03-05 00:00:00-05:00,54.38598102726468,55.08483229102547,54.21366113735891,54.673179626464844,3889300,0.0,0.0
2019-03-06 00:00:00-05:00,54.46256186564696,54.682747564935184,53.7254165322413,53.7541389465332,3366100,0.0,0.0
2019-03-07 00:00:00-05:00,53.20846524483387,53.26590277462946,52.62449267905602,53.016998291015625,3422800,0.0,0.0
2019-03-08 00:00:00-05:00,52.65321141014303,52.720224296147116,52.203264616748356,52.62449264526367,3447800,0.0,0.0
2019-03-11 00:00:00-04:00,52.91169227676133,53.36163907888864,52.75851944121797,53.06486511230469,3472500,0.0,0.0
2019-03-12 00:00:00-04:00,53.25632616357011,53.371204864505415,52.55747495066086,52.9021110534668,4375100,0.0,0.0
2019-03-13 00:00:00-04:00,53.81157975820517,54.39555230812742,53.57224698541266,53.69670104980469,4136300,0.0,0.0
2019-03-14 00:00:00-04:00,53.73499531097214,54.04134096879647,53.39992723702608,54.022193908691406,3789900,0.0,0.0
2019-03-15 00:00:00-04:00,54.11792317652326,54.874215583724755,54.11792317652326,54.19451141357422,4395100,0.0,0.0
2019-03-18 00:00:00-04:00,54.23280620520385,55.08483026736568,54.22323084948957,54.90293502807617,4165600,0.0,0.0
2019-03-19 00:00:00-04:00,54.97952465375845,55.228429129689346,54.49128375399608,54.6827507019043,3416100,0.0,0.0
2019-03-20 00:00:00-04:00,54.50085762193359,54.69232456461425,53.75414056260001,54.117923736572266,4361300,0.0,0.0
2019-03-21 00:00:00-04:00,53.83073017358248,54.883796630665174,53.83073017358248,54.81678009033203,2931800,0.0,0.0
2019-03-22 00:00:00-04:00,54.35726263859959,54.73062121041667,53.849878287353675,54.01262283325195,3514500,0.0,0.0
2019-03-25 00:00:00-04:00,53.87859203032672,54.49128333740633,53.60096879250695,54.23280715942383,4244300,0.0,0.0
2019-03-26 00:00:00-04:00,50.212012372036284,51.695874712090315,48.900469906510125,49.50358581542969,18505000,0.0,0.0
2019-03-27 00:00:00-04:00,49.59932625258114,49.82908367449783,48.306927059568345,48.49839401245117,7383000,0.0,0.0
2019-03-28 00:00:00-04:00,48.12503423513052,48.67071266317185,47.78039445911951,48.192047119140625,5569200,0.0,0.0
2019-03-29 00:00:00-04:00,48.067594806100225,48.6898614967793,47.92399732881704,48.55583572387695,4929500,0.0,0.0
2019-04-01 00:00:00-04:00,48.82388911283618,49.97268723411215,48.82388911283618,49.963111877441406,5004900,0.0,0.0
2019-04-02 00:00:00-04:00,49.8290799268262,50.40348074227369,49.752495342590066,50.13542556762695,4509200,0.0,0.0
2019-04-03 00:00:00-04:00,50.65238533572547,51.3799553215093,50.59494415845512,50.92043685913086,4954100,0.0,0.0
2019-04-04 00:00:00-04:00,50.96830752345122,51.02574505013521,50.52793245794752,50.83427810668945,2296700,0.0,0.0
2019-04-05 00:00:00-04:00,50.8438551860468,51.08318796048541,50.55665658710613,50.80556106567383,3821200,0.0,0.0
2019-04-08 00:00:00-04:00,50.7289809519077,50.78641848560569,50.087567160827255,50.26945877075195,3192100,0.0,0.0
2019-04-09 00:00:00-04:00,50.25988304241429,50.441774637778344,49.561031773579735,49.68548583984375,4108500,0.0,0.0
2019-04-10 00:00:00-04:00,49.96311130966198,50.173725330882256,49.58018104154064,50.03969955444336,2639800,0.0,0.0
2019-04-11 00:00:00-04:00,50.17372184530676,50.53750867888895,49.9535361347494,50.231163024902344,4584200,0.0,0.0
2019-04-12 00:00:00-04:00,50.700252923031265,51.293800819709745,50.623668335931995,51.28422546386719,3395700,0.0,0.0
2019-04-15 00:00:00-04:00,51.11190762672414,51.51398859387887,50.97788185498202,51.44697570800781,3002000,0.0,0.0
2019-04-16 00:00:00-04:00,51.60014662114208,52.50960822468951,51.494839618138926,52.46174240112305,3464600,0.0,0.0
2019-04-17 00:00:00-04:00,52.76809119381309,52.978705212350334,51.98307995444688,52.21284103393555,4991900,0.0,0.0
2019-04-18 00:00:00-04:00,52.31814920869526,52.37558674090061,51.102338200658465,51.341670989990234,4114300,0.0,0.0
2019-04-22 00:00:00-04:00,51.016175075796866,51.32252073492402,50.77684230135826,50.80556106567383,2463100,0.0,0.0
2019-04-23 00:00:00-04:00,51.102335297896495,51.62886667413215,51.03532241284441,51.456546783447266,2541200,0.0,0.0
2019-04-24 00:00:00-04:00,50.97787853628935,51.52355694396017,50.8342774176694,51.43739700317383,2863300,0.0,0.0
2019-04-25 00:00:00-04:00,51.245932211166334,51.782038937642305,51.092759382448676,51.53313446044922,2482200,0.0,0.0
2019-04-26 00:00:00-04:00,51.77246853729975,52.31814698159321,51.65758617392231,52.097957611083984,1794200,0.0,0.0
2019-04-29 00:00:00-04:00,52.09795333106444,52.54790008750714,51.88734298603159,52.10752868652344,4796700,0.0,0.0
2019-04-30 00:00:00-04:00,51.935215336390094,52.58620081617102,51.66716378069038,52.519187927246094,4313700,0.0,0.0
2019-05-01 00:00:00-04:00,53.22760697005139,53.648834985515016,52.5191840108361,53.4382209777832,6672100,0.0,0.0
2019-05-02 00:00:00-04:00,52.94998287032105,53.007420397367184,51.79160949853833,52.01179885864258,7569800,0.0,0.0
2019-05-03 00:00:00-04:00,51.91606197085156,52.940405893665385,51.89691491177966,52.82552719116211,3826900,0.0,0.0
2019-05-06 00:00:00-04:00,51.8777670755203,52.528752466499895,51.753316671309534,52.509605407714844,2969500,0.0,0.0
2019-05-07 00:00:00-04:00,51.581000947923094,51.896918313496755,50.939587208719786,51.38953399658203,5068100,0.0,0.0
2019-05-08 00:00:00-04:00,51.504412843242044,52.11710416761607,51.20764253720808,51.71502685546875,3207100,0.0,0.0
2019-05-09 00:00:00-04:00,51.05447026423963,51.81075907182183,50.69068341694252,51.6384391784668,2749400,0.0,0.0
2019-05-10 00:00:00-04:00,51.18849293462037,52.06923575668499,50.64281452270464,52.02136993408203,2507300,0.0,0.0
2019-05-13 00:00:00-04:00,50.73854521117436,50.987449675173266,50.09713516614727,50.527931213378906,4467400,0.0,0.0
2019-05-14 00:00:00-04:00,50.48964388010185,51.93521223594987,50.384336874669735,51.5235595703125,4244100,0.0,0.0
2019-05-15 00:00:00-04:00,51.08318984988254,51.648015364525804,50.8438570665918,51.494842529296875,3906800,0.0,0.0
2019-05-16 00:00:00-04:00,51.36081276050858,51.86819705300733,51.236358700336524,51.62886428833008,2794400,0.0,0.0
2019-05-17 00:00:00-04:00,51.111907099733905,51.59057265212239,50.96830962517437,51.38953399658203,3006700,0.0,0.0
2019-05-20 00:00:00-04:00,50.61409831893314,50.6523924424862,49.94396576446889,50.1450080871582,2876500,0.0,0.0
2019-05-21 00:00:00-04:00,50.53751330918137,50.89172481932002,50.39391217299968,50.41305923461914,3220400,0.0,0.0
2019-05-22 00:00:00-04:00,50.40348162358483,50.49921326853591,49.99182897682451,50.384334564208984,2211000,0.0,0.0
2019-05-23 00:00:00-04:00,49.9397357507067,50.01705857718292,49.44681563626436,49.89141082763672,2930700,0.5,0.0
2019-05-24 00:00:00-04:00,50.104049630775606,50.36500866426912,49.852757794979425,49.881752014160156,1678700,0.0,0.0
2019-05-28 00:00:00-04:00,50.075050757592834,50.33600976683268,49.5338020324707,49.5338020324707,3153000,0.0,0.0
2019-05-29 00:00:00-04:00,49.340500211477924,50.01706021751168,49.02155275919177,49.8720817565918,3485200,0.0,0.0
2019-05-30 00:00:00-04:00,49.93973772898426,50.171702530646506,49.54346744498432,49.82375717163086,1950900,0.0,0.0
2019-05-31 00:00:00-04:00,49.20518847958173,49.553133832915165,49.11820214124837,49.47581100463867,2669500,0.0,0.0
2019-06-03 00:00:00-04:00,49.28251327809354,49.76576991327528,48.99255634742008,49.40815734863281,3544300,0.0,0.0
2019-06-04 00:00:00-04:00,49.901076958688485,50.57763692808493,49.16652487067341,50.5293083190918,4178100,0.0,0.0
2019-06-05 00:00:00-04:00,50.712952415265974,50.741946633516505,48.80892009509682,49.18585968017578,5599100,0.0,0.0
2019-06-06 00:00:00-04:00,48.779926468875225,49.58213057483866,48.605953783349555,49.44681930541992,4086000,0.0,0.0
2019-06-07 00:00:00-04:00,49.47581286516667,50.761277281437565,49.379163013141934,50.480987548828125,3503800,0.0,0.0
2019-06-10 00:00:00-04:00,50.32634719914325,51.602144459251356,50.258691563149306,51.39917755126953,3067300,0.0,0.0
2019-06-11 00:00:00-04:00,51.93075603638083,52.05640379015485,51.118884765839056,51.38950729370117,2775000,0.0,0.0
2019-06-12 00:00:00-04:00,51.58280781309178,51.91142244450196,51.2541931816816,51.60213851928711,2137700,0.0,0.0
2019-06-13 00:00:00-04:00,51.15754973264047,51.553820041792704,50.83859857097966,51.08022689819336,3030400,0.0,0.0
2019-06-14 00:00:00-04:00,51.09955439670575,51.495824680964084,50.90625100968707,51.341182708740234,1965200,0.0,0.0
2019-06-17 00:00:00-04:00,51.4088351732206,51.55381362628956,50.509977612885585,50.5293083190918,2467000,0.0,0.0
2019-06-18 00:00:00-04:00,50.60663441095405,51.21553879141571,50.22969483298675,50.6259651184082,3331600,0.0,0.0
2019-06-19 00:00:00-04:00,51.051229747820294,51.505492156727925,50.7902707269769,51.070560455322266,3662000,0.0,0.0
2019-06-20 00:00:00-04:00,45.619424300667,47.43647016985683,44.56592475310466,47.16584396362305,18522500,0.0,0.0
2019-06-21 00:00:00-04:00,45.078175472719195,45.69674333649598,44.65291098811148,45.068511962890625,12021200,0.0,0.0
2019-06-24 00:00:00-04:00,43.96668984473091,44.71090181083444,43.80238067322036,44.45960998535156,8929500,0.0,0.0
2019-06-25 00:00:00-04:00,43.94735881419311,44.188987127555585,43.4930964052459,43.92802810668945,9504600,0.0,0.0
2019-06-26 00:00:00-04:00,44.09233557727096,44.39195602664824,43.73472668972465,43.860374450683594,7337000,0.0,0.0
2019-06-27 00:00:00-04:00,43.69606255840021,44.65291228525773,43.26113086437406,44.382286071777344,6662700,0.0,0.0
2019-06-28 00:00:00-04:00,44.45960653466257,45.04918016775245,44.2663031601643,44.991188049316406,5950300,0.0,0.0
2019-07-01 00:00:00-04:00,45.194157396469954,45.513108534818066,44.62391443844745,44.739898681640625,4821000,0.0,0.0
2019-07-02 00:00:00-04:00,44.78822279364679,45.000856882021424,44.53693097853114,44.971858978271484,4150300,0.0,0.0
2019-07-03 00:00:00-04:00,45.11683584747211,45.11683584747211,44.48860080137179,44.63357925415039,2599300,0.0,0.0
2019-07-05 00:00:00-04:00,45.10717322045216,45.39713015538318,44.84621787814317,45.33913803100586,3597100,0.0,0.0
2019-07-08 00:00:00-04:00,45.08784465784723,45.34879999123484,44.75923000485471,44.865543365478516,4066200,0.0,0.0
2019-07-09 00:00:00-04:00,44.459608900473285,44.643245088193034,44.275972712753536,44.382286071777344,5222000,0.0,0.0
2019-07-10 00:00:00-04:00,44.56592546795109,44.56592546795109,43.74438701317686,43.98601531982422,4056800,0.0,0.0
2019-07-11 00:00:00-04:00,44.12133066741146,44.36295897624295,43.74438740859181,44.29530334472656,2799600,0.0,0.0
2019-07-12 00:00:00-04:00,44.333959792046066,44.81721639575648,44.25664065266915,44.710899353027344,2871900,0.0,0.0
2019-07-15 00:00:00-04:00,44.70123994315411,45.50344774862941,44.67224572409786,45.37779998779297,3876400,0.0,0.0
2019-07-16 00:00:00-04:00,45.14583068914543,45.38745898915621,44.681904795559355,44.89453887939453,4392400,0.0,0.0
2019-07-17 00:00:00-04:00,44.89454087245343,44.95252930737901,44.073002403772044,44.111663818359375,4730300,0.0,0.0
2019-07-18 00:00:00-04:00,44.12132821034138,44.35328930920692,43.90869413058532,43.9666862487793,2489200,0.0,0.0
2019-07-19 00:00:00-04:00,44.188986310459015,44.449945326499765,43.560751232551056,43.580081939697266,2845200,0.0,0.0
2019-07-22 00:00:00-04:00,43.62840979946197,43.85070741616678,43.290131619031975,43.58974838256836,2792100,0.0,0.0
2019-07-23 00:00:00-04:00,44.16965552298239,44.75922918552568,44.159988325949165,44.65291213989258,4392200,0.0,0.0
2019-07-24 00:00:00-04:00,44.652916143320034,45.56143733726215,44.575593307943315,45.54210662841797,5333600,0.0,0.0
2019-07-25 00:00:00-04:00,45.39712736096427,45.71607480801778,44.86554213761616,45.05884552001953,4309600,0.0,0.0
2019-07-26 00:00:00-04:00,45.44545587265659,45.95770674255468,45.319808111131444,45.68708419799805,3324300,0.0,0.0
2019-07-29 00:00:00-04:00,45.44545302989515,45.803061896683325,45.42612232264235,45.764400482177734,2531100,0.0,0.0
2019-07-30 00:00:00-04:00,45.54210050188059,45.81272670233747,45.4454506576172,45.79339599609375,2467100,0.0,0.0
2019-07-31 00:00:00-04:00,45.77406617605284,46.01569447834454,45.31014027808741,45.64841842651367,6388100,0.0,0.0
2019-08-01 00:00:00-04:00,45.51310846354281,45.87071732877321,44.73023141451424,45.09750747680664,5407600,0.0,0.0
2019-08-02 00:00:00-04:00,44.875210435311736,44.92353536035911,44.01501423382,44.42094802856445,2669500,0.0,0.0
2019-08-05 00:00:00-04:00,43.49309329681484,43.79271371127455,43.1258172544054,43.69606018066406,5741700,0.0,0.0
2019-08-06 00:00:00-04:00,43.80238207399757,43.91836263662517,43.08716430301253,43.551090240478516,4097000,0.0,0.0
2019-08-07 00:00:00-04:00,43.435102873902466,44.15032428051735,43.25146668900725,43.89902877807617,3493200,0.0,0.0
2019-08-08 00:00:00-04:00,44.0923311536202,45.14583068914543,43.889364266480406,44.89453887939453,4345600,0.0,0.0
2019-08-09 00:00:00-04:00,44.778561131072074,44.778561131072074,43.908697721793864,44.45960998535156,3453600,0.0,0.0
2019-08-12 00:00:00-04:00,44.39195333959157,44.39195333959157,43.81204687126942,44.02467727661133,3187900,0.0,0.0
2019-08-13 00:00:00-04:00,43.79271448057809,44.57558781402211,43.502757570608175,44.401615142822266,3185700,0.0,0.0
2019-08-14 00:00:00-04:00,43.68639981838264,43.783049669000874,42.8841920478205,43.212806701660156,4936000,0.0,0.0
2019-08-15 00:00:00-04:00,43.290129061282954,43.35778469337159,42.4975884965685,42.81653594970703,3488300,0.0,0.0
2019-08-16 00:00:00-04:00,43.125821299380824,43.63807584227519,42.96151581236481,43.42544174194336,2083100,0.0,0.0
2019-08-19 00:00:00-04:00,44.31463016133344,44.50793354490168,44.12133046472057,44.208316802978516,2487500,0.0,0.0
2019-08-20 00:00:00-04:00,43.850705829817805,44.02467851258976,43.58008329526389,43.83137512207031,2817900,0.0,0.0
2019-08-21 00:00:00-04:00,44.33396256921476,44.44027961860381,44.02467861842235,44.411285400390625,3383700,0.0,0.0
2019-08-22 00:00:00-04:00,44.636025513950784,44.743512160566375,43.824992618590116,44.05950927734375,3170100,0.5,0.0
2019-08-23 00:00:00-04:00,44.1865399631046,44.23539651389764,42.202931198767345,42.29087448120117,3779300,0.0,0.0
2019-08-26 00:00:00-04:00,42.623105072699424,42.877165105781565,42.28110548299188,42.486305236816406,3275300,0.0,0.0
2019-08-27 00:00:00-04:00,42.73059180596349,42.96510847330088,42.03681907834417,42.04658889770508,4200100,0.0,0.0
2019-08-28 00:00:00-04:00,41.6850448388356,42.525390927259366,41.45052817769945,42.40813446044922,2405800,0.0,0.0
2019-08-29 00:00:00-04:00,42.8576192699005,43.424361946973725,42.81853253975318,42.99441909790039,2522700,0.0,0.0
2019-08-30 00:00:00-04:00,43.11167669262245,43.30710662097388,42.96510704199576,43.072593688964844,3176000,0.0,0.0
2019-09-03 00:00:00-04:00,42.81853229680279,42.857619026728344,41.939099511056575,42.671958923339844,3308900,0.0,0.0
2019-09-04 00:00:00-04:00,42.93578892188122,43.44390523029301,42.52538943865385,42.886932373046875,3186500,0.0,0.0
2019-09-05 00:00:00-04:00,43.23870590434962,44.2744818961674,43.23870590434962,44.07905197143555,2524200,0.0,0.0
2019-09-06 00:00:00-04:00,44.07905405673004,44.84122669897382,43.981337225983424,44.675113677978516,3456300,0.0,0.0
2019-09-09 00:00:00-04:00,44.5285406189734,46.5707758024584,44.5285406189734,46.52191925048828,6328100,0.0,0.0
2019-09-10 00:00:00-04:00,47.176603958603295,48.554379560610485,47.02026076006049,48.52506637573242,7331700,0.0,0.0
2019-09-11 00:00:00-04:00,48.2416952411594,48.788898323383656,47.49906594797707,48.57392501831055,6314200,0.0,0.0
2019-09-12 00:00:00-04:00,48.46643762125004,48.82798430650378,47.69449515378552,48.48598098754883,4216300,0.0,0.0
2019-09-13 00:00:00-04:00,49.101578975290046,49.707408358743486,49.013635699666516,49.39472198486328,4124500,0.0,0.0
2019-09-16 00:00:00-04:00,47.88014871081631,48.62277794867305,47.43066249507365,47.80197525024414,5847100,0.0,0.0
2019-09-17 00:00:00-04:00,47.19614578430832,48.300321684714326,46.96163285790441,48.24169158935547,3742100,0.0,0.0
2019-09-18 00:00:00-04:00,47.74335165485217,47.909464676940786,47.27432204672929,47.72380828857422,3218700,0.0,0.0
2019-09-19 00:00:00-04:00,47.77266145351861,47.8312915481957,47.19614523549891,47.27431869506836,3092500,0.0,0.0
2019-09-20 00:00:00-04:00,47.459976721056705,47.52837663680125,46.678260735750605,47.117977142333984,4478000,0.0,0.0
2019-09-23 00:00:00-04:00,46.78574985317108,46.80529321977521,45.818373707605126,46.60986328125,3404800,0.0,0.0
2019-09-24 00:00:00-04:00,46.971401258615025,47.67494747161782,46.29717195616445,46.53168487548828,3611600,0.0,0.0
2019-09-25 00:00:00-04:00,45.89654635747803,46.96163558959961,45.82814643933852,46.96163558959961,3881800,0.0,0.0
2019-09-26 00:00:00-04:00,44.46013971252546,44.684882828605545,42.603560958798255,42.94556427001953,12694600,0.0,0.0
2019-09-27 00:00:00-04:00,42.114985410524824,43.19961792016862,42.10521559195387,42.58401870727539,7540600,0.0,0.0
2019-09-30 00:00:00-04:00,42.808761133267595,43.11167396188546,42.525387941482954,42.71104431152344,4732500,0.0,0.0
2019-10-01 00:00:00-04:00,42.79899112943436,43.16053408102047,41.18670257613462,41.5189323425293,6694400,0.0,0.0
2019-10-02 00:00:00-04:00,41.186700141050785,41.196469959698334,40.48315391792472,40.492923736572266,6393600,0.0,0.0
2019-10-03 00:00:00-04:00,40.31703693783351,40.444066944580364,39.67212081302622,40.06298065185547,7156700,0.0,0.0
2019-10-04 00:00:00-04:00,40.11184004160406,40.38544343917459,39.89687046978229,40.19978332519531,5147900,0.0,0.0
2019-10-07 00:00:00-04:00,39.877323526985855,40.404979453690345,39.60372015395565,39.97503662109375,5719700,0.0,0.0
2019-10-08 00:00:00-04:00,39.47669374836873,39.5450936595243,39.007660461136844,39.21286392211914,4290600,0.0,0.0
2019-10-09 00:00:00-04:00,39.60372543334961,39.857785475922704,39.40829921908243,39.60372543334961,3492400,0.0,0.0
2019-10-10 00:00:00-04:00,39.88709581176709,40.502698779755704,39.81869589615901,40.01412582397461,4233000,0.0,0.0
2019-10-11 00:00:00-04:00,40.971730788136036,41.35281711973429,40.58087090943646,40.60041427612305,5951400,0.0,0.0
2019-10-14 00:00:00-04:00,40.52224311865007,41.27464593592788,40.395213103391235,41.07921600341797,4069100,0.0,0.0
2019-10-15 00:00:00-04:00,41.108529112269565,41.89024511334058,40.97172927802163,41.5189323425293,2944800,0.0,0.0
2019-10-16 00:00:00-04:00,41.67527508462581,41.90978801861126,41.21601530825681,41.42121505737305,2776900,0.0,0.0
2019-10-17 00:00:00-04:00,41.430986882890494,41.77298645054363,41.186700412419476,41.470069885253906,3168500,0.0,0.0
2019-10-18 00:00:00-04:00,41.38212996012437,41.98796313979662,41.34304695459392,41.812076568603516,5269400,0.0,0.0
2019-10-21 00:00:00-04:00,42.0856763757648,42.525392805114876,41.987963270360794,42.1345329284668,4574000,0.0,0.0
2019-10-22 00:00:00-04:00,42.15407283064895,42.2517896555382,41.55801324512957,41.57755661010742,3898100,0.0,0.0
2019-10-23 00:00:00-04:00,42.04658639316437,43.07259255819504,41.665500093017314,42.99441909790039,7283100,0.0,0.0
2019-10-24 00:00:00-04:00,43.04327910067847,43.082365833962164,42.202932972659184,42.89670944213867,4187300,0.0,0.0
2019-10-25 00:00:00-04:00,42.896705650746675,43.795678071720474,42.87716228583215,43.5513916015625,2730400,0.0,0.0
2019-10-28 00:00:00-04:00,43.5709368385962,43.834766685004716,43.12145060879615,43.17030715942383,2764400,0.0,0.0
2019-10-29 00:00:00-04:00,43.61979021202567,43.67842030501788,43.140990832227196,43.150760650634766,3297400,0.0,0.0
2019-10-30 00:00:00-04:00,43.47322242235914,43.47322242235914,41.97818667126618,42.22247314453125,4253700,0.0,0.0
2019-10-31 00:00:00-04:00,42.14430287582641,42.25178951909963,41.48961319748759,41.909786224365234,5084700,0.0,0.0
2019-11-01 00:00:00-04:00,42.24201778686189,42.329961068996866,41.89024465832196,41.96841812133789,4303000,0.0,0.0
2019-11-04 00:00:00-05:00,42.2615601249281,43.35596248792702,42.2615601249281,43.19961929321289,4211500,0.0,0.0
2019-11-05 00:00:00-05:00,43.34619342994194,44.28425261469336,43.29733687964536,43.83476638793945,3851900,0.0,0.0
2019-11-06 00:00:00-05:00,43.844533776865134,43.88362050594232,43.20939120318129,43.355960845947266,3075500,0.0,0.0
2019-11-07 00:00:00-05:00,43.86408068772703,44.30379710660643,43.649107387937995,44.020423889160156,3818000,0.0,0.0
2019-11-08 00:00:00-05:00,43.58070747028075,44.020423889160156,43.24847770129586,44.020423889160156,2709900,0.0,0.0
2019-11-11 00:00:00-05:00,43.61979540779599,43.98133837219081,43.40482210206694,43.65888214111328,2295000,0.0,0.0
2019-11-12 00:00:00-05:00,43.93248099394577,44.01065445911171,43.23870826441993,43.46345138549805,2249400,0.0,0.0
2019-11-13 00:00:00-05:00,43.24847719875668,43.36573739410594,42.867390882661326,43.05305099487305,2564900,0.0,0.0
2019-11-14 00:00:00-05:00,43.15076631579508,43.48299609800407,42.94556655465556,43.42436599731445,1933800,0.0,0.0
2019-11-15 00:00:00-05:00,43.82499313354492,44.04973997593608,43.54162364892923,43.82499313354492,2187500,0.0,0.0
2019-11-18 00:00:00-05:00,43.77613411624652,43.903164122719375,43.44390437221297,43.67842102050781,2196500,0.0,0.0
2019-11-19 00:00:00-05:00,43.93247684335031,44.020420119595414,43.46344727921495,43.47322082519531,2503500,0.0,0.0
2019-11-20 00:00:00-05:00,43.033505583877584,43.14099222741498,42.515615731153375,42.671958923339844,3082200,0.0,0.0
2019-11-21 00:00:00-05:00,42.40507854041963,42.780691892475396,41.980039005109035,42.5236930847168,3770400,0.5,0.0
2019-11-22 00:00:00-05:00,43.02780778778605,43.423194630262245,42.74115628621362,43.17607879638672,3971000,0.0,0.0
2019-11-25 00:00:00-05:00,43.37377183517739,44.10523258541381,43.33423239714074,43.98661804199219,3054600,0.0,0.0
2019-11-26 00:00:00-05:00,44.19419584598507,44.233735285283515,43.63077203339184,44.16454315185547,3217700,0.0,0.0
2019-11-27 00:00:00-05:00,44.47096854479835,44.77738977535779,44.27327511724124,44.69831466674805,4832600,0.0,0.0
2019-11-29 00:00:00-05:00,44.698313157453676,44.83669742086438,44.49073299164924,44.55992889404297,1913100,0.0,0.0
2019-12-02 00:00:00-05:00,44.639002766742685,44.658772485353516,43.92730797950573,43.97673416137695,3377400,0.0,0.0
2019-12-03 00:00:00-05:00,43.34411423370258,43.34411423370258,42.77080747997137,43.03769302368164,3091800,0.0,0.0
2019-12-04 00:00:00-05:00,43.047576960971746,43.828463891079,43.047576960971746,43.37377166748047,2644600,0.0,0.0
2019-12-05 00:00:00-05:00,43.88777215003769,43.98661697203663,43.36388403551621,43.69007873535156,3152100,0.0,0.0
2019-12-06 00:00:00-05:00,44.35235053591242,44.59946637941423,44.20408329222445,44.25350570678711,3682400,0.0,0.0
2019-12-09 00:00:00-05:00,44.55004215816859,44.99485141257076,44.431427613890804,44.8861198425293,3205500,0.0,0.0
2019-12-10 00:00:00-05:00,44.54015848392016,44.88611913707992,44.36223478495562,44.797157287597656,3698300,0.0,0.0
2019-12-11 00:00:00-05:00,44.93554310717649,45.38035237001334,44.856467999721296,45.26173782348633,2839000,0.0,0.0
2019-12-12 00:00:00-05:00,45.35069942842181,46.41823788271264,45.23208111185406,46.35893249511719,5272500,0.0,0.0
2019-12-13 00:00:00-05:00,46.61593260695414,47.446241992653114,46.5665101923495,46.902587890625,6957400,0.0,0.0
2019-12-16 00:00:00-05:00,47.505550545974344,47.505550545974344,46.31939375716682,46.44789505004883,4590100,0.0,0.0
2019-12-17 00:00:00-05:00,46.22054550586986,46.7642033757298,46.00308612861439,46.65547180175781,3246200,0.0,0.0
2019-12-18 00:00:00-05:00,46.40835581710395,46.61593221912961,46.032738681994296,46.042625427246094,6584400,0.0,0.0
2019-12-19 00:00:00-05:00,46.151352074201384,46.487429761262824,46.032737528970415,46.11181640625,4477400,0.0,0.0
2019-12-20 00:00:00-05:00,48.33586033180482,50.619208304706355,47.703240607226896,49.63074493408203,15867400,0.0,0.0
2019-12-23 00:00:00-05:00,49.73947451884913,50.67851543752335,49.57143756249406,50.66862869262695,5965400,0.0,0.0
2019-12-24 00:00:00-05:00,50.80701763087588,51.024477003519266,50.15463197156886,50.35232162475586,2142300,0.0,0.0
2019-12-26 00:00:00-05:00,50.41162878426427,50.856438027674855,50.17439593088254,50.737823486328125,3217100,0.0,0.0
2019-12-27 00:00:00-05:00,51.02447498035869,51.1430932923937,50.599435455620615,50.737823486328125,2093400,0.0,0.0
2019-12-30 00:00:00-05:00,51.044246516993454,51.093668930090764,50.35232142156583,50.431400299072266,2568500,0.0,0.0
2019-12-31 00:00:00-05:00,50.44128478159111,50.54013338142968,50.16451624342015,50.243595123291016,3131000,0.0,0.0
2020-01-02 00:00:00-05:00,50.75759139328024,51.073899362871465,50.14474517353328,50.718055725097656,4201000,0.0,0.0
2020-01-03 00:00:00-05:00,49.47258803066754,49.818552452414814,48.99812609320595,49.31443405151367,4892300,0.0,0.0
2020-01-06 00:00:00-05:00,48.78066432827283,48.830090511831195,47.713125881665604,47.82185745239258,6696400,0.0,0.0
2020-01-07 00:00:00-05:00,47.58462320291677,48.10850755128821,47.57474022890656,47.970123291015625,5725400,0.0,0.0
2020-01-08 00:00:00-05:00,47.940472804986264,48.464357177471996,47.871280671665076,48.197471618652344,5021400,0.0,0.0
2020-01-09 00:00:00-05:00,48.573087540618694,48.72135854872289,48.365511145823525,48.63239669799805,2588900,0.0,0.0
2020-01-10 00:00:00-05:00,48.69170400493787,49.00801575274705,48.23701175916298,48.286434173583984,4362500,0.0,0.0
2020-01-13 00:00:00-05:00,48.533547656339984,49.07720550060019,48.25677913248994,48.790550231933594,4041700,0.0,0.0
2020-01-14 00:00:00-05:00,48.859744711615384,49.69993706837065,48.790552577326764,49.63074493408203,4406100,0.0,0.0
2020-01-15 00:00:00-05:00,49.92728157907602,50.35232111637586,49.52201176103297,49.858089447021484,3656000,0.0,0.0
2020-01-16 00:00:00-05:00,50.00636076460826,50.76747799259218,49.877859473990604,50.757591247558594,4772700,0.0,0.0
2020-01-17 00:00:00-05:00,50.85644118672289,51.34078612687623,50.718056918107656,51.30125045776367,6560200,0.0,0.0
2020-01-21 00:00:00-05:00,50.78724765629837,50.78724765629837,49.719705435146714,50.10520553588867,12100700,0.0,0.0
2020-01-22 00:00:00-05:00,50.09532392800656,50.45117134476358,49.166169717009865,49.3045539855957,5109200,0.0,0.0
2020-01-23 00:00:00-05:00,48.464356224413734,49.037666770016195,47.574741483197755,48.879512786865234,6305100,0.0,0.0
2020-01-24 00:00:00-05:00,48.57308844169341,48.73124242695054,46.576392021141864,46.971778869628906,6470400,0.0,0.0
2020-01-27 00:00:00-05:00,44.876235354692575,45.60769608553774,44.21396298254482,44.74773406982422,8099200,0.0,0.0
2020-01-28 00:00:00-05:00,45.27162163907046,46.31939416981092,44.85646883316804,45.96354675292969,7155700,0.0,0.0
2020-01-29 00:00:00-05:00,45.82516248429555,46.428125743934466,45.73620063007524,45.96354675292969,3407500,0.0,0.0
2020-01-30 00:00:00-05:00,43.25515377254865,45.261736901659084,43.25515377254865,44.233734130859375,14856100,0.0,0.0
2020-01-31 00:00:00-05:00,44.470968524078955,44.63900548647668,42.711501167397806,43.027809143066406,11796400,0.0,0.0
2020-02-03 00:00:00-05:00,43.24527260852836,43.60112002644585,41.61430653330274,42.25680923461914,8341500,0.0,0.0
2020-02-04 00:00:00-05:00,43.70985025548126,43.89765693329538,42.87954089612719,43.057464599609375,6164400,0.0,0.0
2020-02-05 00:00:00-05:00,43.84823478044001,44.520390159652536,43.41330849348577,43.63077163696289,6679600,0.0,0.0
2020-02-06 00:00:00-05:00,44.11512136078734,44.30292804407326,43.23538956276555,43.274925231933594,4534600,0.0,0.0
2020-02-07 00:00:00-05:00,42.484154040222776,42.533576453247385,41.49569069697696,41.71315383911133,11253000,0.0,0.0
2020-02-10 00:00:00-05:00,41.59453853511223,41.91084649752698,41.18926495191196,41.297996520996094,4829300,0.0,0.0
2020-02-11 00:00:00-05:00,41.624192731711354,42.79057979925371,41.555000598101934,42.45450210571289,5807600,0.0,0.0
2020-02-12 00:00:00-05:00,42.73127038278974,43.92731013733595,42.5830031419576,43.55169677734375,6867900,0.0,0.0
2020-02-13 00:00:00-05:00,42.76092358334005,43.097001278837745,42.2666919000016,42.70161819458008,6670600,0.0,0.0
2020-02-14 00:00:00-05:00,42.5731147318883,42.62253714356622,42.009690943245715,42.10853576660156,3998000,0.0,0.0
2020-02-18 00:00:00-05:00,42.10853866781214,42.47427283494154,42.03934653255816,42.42484664916992,6245300,0.0,0.0
2020-02-19 00:00:00-05:00,42.068999974774066,42.93884497565028,42.03934351130471,42.84000015258789,4625400,0.0,0.0
2020-02-20 00:00:00-05:00,42.619998931884766,42.86000061035156,42.189998626708984,42.5,5343800,0.5,0.0
2020-02-21 00:00:00-05:00,42.11000061035156,42.189998626708984,41.650001525878906,41.689998626708984,8009800,0.0,0.0
2020-02-24 00:00:00-05:00,39.380001068115234,39.75,37.7599983215332,37.7599983215332,15441400,0.0,0.0
2020-02-25 00:00:00-05:00,38.0,38.11000061035156,35.66999816894531,35.84000015258789,16153700,0.0,0.0
2020-02-26 00:00:00-05:00,36.16999816894531,36.189998626708984,32.380001068115234,33.13999938964844,23492300,0.0,0.0
2020-02-27 00:00:00-05:00,32.650001525878906,33.70000076293945,30.190000534057617,31.850000381469727,31486400,0.0,0.0
2020-02-28 00:00:00-05:00,31.229999542236328,33.5,31.059999465942383,33.459999084472656,24855700,0.0,0.0
2020-03-02 00:00:00-05:00,32.709999084472656,33.060001373291016,31.25,33.060001373291016,19716200,0.0,0.0
2020-03-03 00:00:00-05:00,33.02000045776367,33.34000015258789,31.15999984741211,31.829999923706055,19720600,0.0,0.0
2020-03-04 00:00:00-05:00,32.25,32.459999084472656,30.899999618530273,32.459999084472656,19503500,0.0,0.0
2020-03-05 00:00:00-05:00,30.90999984741211,30.90999984741211,27.649999618530273,27.8700008392334,33085000,0.0,0.0
2020-03-06 00:00:00-05:00,26.90999984741211,29.299999237060547,26.100000381469727,27.149999618530273,29767800,0.0,0.0
2020-03-09 00:00:00-04:00,24.440000534057617,24.75,21.510000228881836,21.739999771118164,33764200,0.0,0.0
2020-03-10 00:00:00-04:00,23.510000228881836,24.18000030517578,20.200000762939453,24.020000457763672,45551300,0.0,0.0
2020-03-11 00:00:00-04:00,22.889999389648438,23.700000762939453,20.40999984741211,21.75,38235000,0.0,0.0
2020-03-12 00:00:00-04:00,17.90999984741211,22.5,14.699999809265137,14.970000267028809,47752900,0.0,0.0
2020-03-13 00:00:00-04:00,18.34000015258789,18.459999084472656,15.010000228881836,17.579999923706055,55565800,0.0,0.0
2020-03-16 00:00:00-04:00,15.050000190734863,17.899999618530273,14.5,14.569999694824219,50744900,0.0,0.0
2020-03-17 00:00:00-04:00,14.770000457763672,14.890000343322754,12.079999923706055,12.710000038146973,41578700,0.0,0.0
2020-03-18 00:00:00-04:00,11.15999984741211,11.550000190734863,7.900000095367432,9.300000190734863,69931000,0.0,0.0
2020-03-19 00:00:00-04:00,9.130000114440918,10.399999618530273,8.600000381469727,10.0,52662000,0.0,0.0
2020-03-20 00:00:00-04:00,11.09000015258789,13.8100004196167,10.600000381469727,12.0,80096400,0.0,0.0
2020-03-23 00:00:00-04:00,11.270000457763672,12.449999809265137,10.609999656677246,12.0,52551800,0.0,0.0
2020-03-24 00:00:00-04:00,14.0600004196167,16.68000030517578,13.100000381469727,13.680000305175781,65012400,0.0,0.0
2020-03-25 00:00:00-04:00,15.050000190734863,17.06999969482422,13.119999885559082,15.550000190734863,78051700,0.0,0.0
2020-03-26 00:00:00-04:00,15.5,19.139999389648438,15.050000190734863,17.81999969482422,97446600,0.0,0.0
2020-03-27 00:00:00-04:00,16.0,16.15999984741211,14.050000190734863,14.40999984741211,64592400,0.0,0.0
2020-03-30 00:00:00-04:00,13.4399995803833,13.470000267028809,11.710000038146973,12.800000190734863,46165600,0.0,0.0
2020-03-31 00:00:00-04:00,10.949999809265137,14.550000190734863,10.949999809265137,13.170000076293945,112205700,0.0,0.0
2020-04-01 00:00:00-04:00,12.600000381469727,12.609999656677246,8.609999656677246,8.800000190734863,182979300,0.0,0.0
2020-04-02 00:00:00-04:00,8.010000228881836,8.529999732971191,7.800000190734863,7.96999979019165,262061100,0.0,0.0
2020-04-03 00:00:00-04:00,8.289999961853027,8.739999771118164,8.020000457763672,8.489999771118164,124436200,0.0,0.0
2020-04-06 00:00:00-04:00,9.279999732971191,10.960000038146973,9.140000343322754,10.210000038146973,195697600,0.0,0.0
2020-04-07 00:00:00-04:00,12.350000381469727,12.949999809265137,11.050000190734863,11.300000190734863,185454300,0.0,0.0
2020-04-08 00:00:00-04:00,11.859999656677246,12.1899995803833,11.359999656677246,11.989999771118164,108041200,0.0,0.0
2020-04-09 00:00:00-04:00,12.90999984741211,13.729999542236328,11.920000076293945,12.420000076293945,144691900,0.0,0.0
2020-04-13 00:00:00-04:00,11.770000457763672,11.819999694824219,10.949999809265137,11.5,77438800,0.0,0.0
2020-04-14 00:00:00-04:00,12.460000038146973,13.1899995803833,12.170000076293945,12.510000228881836,79840100,0.0,0.0
2020-04-15 00:00:00-04:00,11.880000114440918,12.430000305175781,11.569999694824219,12.380000114440918,55875300,0.0,0.0
2020-04-16 00:00:00-04:00,12.140000343322754,12.289999961853027,11.369999885559082,11.850000381469727,59788600,0.0,0.0
2020-04-17 00:00:00-04:00,12.710000038146973,12.770000457763672,12.260000228881836,12.5600004196167,60675100,0.0,0.0
2020-04-20 00:00:00-04:00,12.079999923706055,12.5600004196167,11.859999656677246,12.220000267028809,41265200,0.0,0.0
2020-04-21 00:00:00-04:00,11.789999961853027,12.300000190734863,11.619999885559082,11.84000015258789,40644500,0.0,0.0
2020-04-22 00:00:00-04:00,12.079999923706055,12.180000305175781,11.380000114440918,11.640000343322754,38548100,0.0,0.0
2020-04-23 00:00:00-04:00,11.6899995803833,12.390000343322754,11.649999618530273,12.170000076293945,46795200,0.0,0.0
2020-04-24 00:00:00-04:00,12.25,12.350000381469727,11.619999885559082,11.90999984741211,39084700,0.0,0.0
2020-04-27 00:00:00-04:00,12.0600004196167,13.25,12.0,12.979999542236328,54811200,0.0,0.0
2020-04-28 00:00:00-04:00,13.960000038146973,14.670000076293945,13.369999885559082,14.460000038146973,90378200,0.0,0.0
2020-04-29 00:00:00-04:00,15.760000228881836,16.829999923706055,15.630000114440918,16.690000534057617,111882500,0.0,0.0
2020-04-30 00:00:00-04:00,16.260000228881836,16.690000534057617,15.180000305175781,15.899999618530273,87744900,0.0,0.0
2020-05-01 00:00:00-04:00,14.899999618530273,15.300000190734863,13.729999542236328,13.930000305175781,63622500,0.0,0.0
2020-05-04 00:00:00-04:00,13.119999885559082,14.579999923706055,12.75,14.34000015258789,74722700,0.0,0.0
2020-05-05 00:00:00-04:00,14.25,14.890000343322754,12.930000305175781,13.09000015258789,89357400,0.0,0.0
2020-05-06 00:00:00-04:00,13.510000228881836,13.59000015258789,12.579999923706055,12.819999694824219,50586800,0.0,0.0
2020-05-07 00:00:00-04:00,12.979999542236328,13.739999771118164,12.979999542236328,13.529999732971191,39715800,0.0,0.0
2020-05-08 00:00:00-04:00,14.069999694824219,14.390000343322754,13.649999618530273,14.210000038146973,41461800,0.0,0.0
2020-05-11 00:00:00-04:00,14.069999694824219,14.289999961853027,13.640000343322754,13.850000381469727,36936900,0.0,0.0
2020-05-12 00:00:00-04:00,14.109999656677246,14.220000267028809,13.15999984741211,13.1899995803833,35482300,0.0,0.0
2020-05-13 00:00:00-04:00,13.0,13.010000228881836,11.890000343322754,12.260000228881836,57274000,0.0,0.0
2020-05-14 00:00:00-04:00,11.670000076293945,12.619999885559082,11.0,12.270000457763672,56189700,0.0,0.0
2020-05-15 00:00:00-04:00,12.130000114440918,13.100000381469727,11.949999809265137,12.779999732971191,36812800,0.0,0.0
2020-05-18 00:00:00-04:00,14.100000381469727,15.069999694824219,13.920000076293945,14.720000267028809,79741300,0.0,0.0
2020-05-19 00:00:00-04:00,14.609999656677246,14.829999923706055,13.630000114440918,14.109999656677246,51347100,0.0,0.0
2020-05-20 00:00:00-04:00,14.619999885559082,14.6899995803833,13.829999923706055,14.149999618530273,40132600,0.0,0.0
2020-05-21 00:00:00-04:00,13.899999618530273,15.130000114440918,13.899999618530273,14.600000381469727,50573100,0.0,0.0
2020-05-22 00:00:00-04:00,14.920000076293945,15.180000305175781,14.149999618530273,14.460000038146973,29208000,0.0,0.0
2020-05-26 00:00:00-04:00,15.9399995803833,16.520000457763672,15.819999694824219,16.280000686645508,59226200,0.0,0.0
2020-05-27 00:00:00-04:00,18.15999984741211,18.15999984741211,16.1200008392334,17.239999771118164,88455700,0.0,0.0
2020-05-28 00:00:00-04:00,17.34000015258789,17.399999618530273,15.739999771118164,15.930000305175781,60785600,0.0,0.0
2020-05-29 00:00:00-04:00,15.229999542236328,15.920000076293945,15.0,15.739999771118164,50273900,0.0,0.0
2020-06-01 00:00:00-04:00,15.979999542236328,17.079999923706055,15.869999885559082,16.799999237060547,42436400,0.0,0.0
2020-06-02 00:00:00-04:00,17.329999923706055,17.479999542236328,16.559999465942383,16.8700008392334,41632100,0.0,0.0
2020-06-03 00:00:00-04:00,16.709999084472656,17.649999618530273,16.56999969482422,17.25,53113200,0.0,0.0
2020-06-04 00:00:00-04:00,17.360000610351562,19.059999465942383,16.65999984741211,18.479999542236328,86050100,0.0,0.0
2020-06-05 00:00:00-04:00,22.299999237060547,22.940000534057617,21.059999465942383,21.510000228881836,113521100,0.0,0.0
2020-06-08 00:00:00-04:00,24.56999969482422,25.280000686645508,23.40999984741211,24.90999984741211,107262900,0.0,0.0
2020-06-09 00:00:00-04:00,23.8799991607666,23.899999618530273,21.93000030517578,23.040000915527344,72547400,0.0,0.0
2020-06-10 00:00:00-04:00,22.200000762939453,22.469999313354492,19.5,20.59000015258789,82883100,0.0,0.0
2020-06-11 00:00:00-04:00,17.290000915527344,18.989999771118164,16.75,17.440000534057617,79106600,0.0,0.0
2020-06-12 00:00:00-04:00,19.809999465942383,20.200000762939453,18.530000686645508,19.979999542236328,65140100,0.0,0.0
2020-06-15 00:00:00-04:00,18.139999389648438,19.81999969482422,17.950000762939453,19.440000534057617,59224500,0.0,0.0
2020-06-16 00:00:00-04:00,21.81999969482422,21.850000381469727,19.610000610351562,20.420000076293945,58679100,0.0,0.0
2020-06-17 00:00:00-04:00,19.31999969482422,19.799999237060547,18.670000076293945,19.09000015258789,44645700,0.0,0.0
2020-06-18 00:00:00-04:00,17.959999084472656,19.549999237060547,17.799999237060547,18.81999969482422,60188000,0.0,0.0
2020-06-19 00:00:00-04:00,19.299999237060547,19.350000381469727,17.489999771118164,17.829999923706055,54899100,0.0,0.0
2020-06-22 00:00:00-04:00,17.360000610351562,17.649999618530273,16.540000915527344,17.229999542236328,44450700,0.0,0.0
2020-06-23 00:00:00-04:00,17.5,18.040000915527344,17.1200008392334,18.0,33867700,0.0,0.0
2020-06-24 00:00:00-04:00,17.030000686645508,17.280000686645508,15.65999984741211,16.0,47046000,0.0,0.0
2020-06-25 00:00:00-04:00,15.220000267028809,16.239999771118164,15.109999656677246,16.0,37376700,0.0,0.0
2020-06-26 00:00:00-04:00,16.209999084472656,16.350000381469727,15.15999984741211,15.779999732971191,36856000,0.0,0.0
2020-06-29 00:00:00-04:00,15.520000457763672,16.799999237060547,14.920000076293945,16.780000686645508,36047600,0.0,0.0
2020-06-30 00:00:00-04:00,16.549999237060547,16.709999084472656,15.850000381469727,16.420000076293945,25267600,0.0,0.0
2020-07-01 00:00:00-04:00,16.940000534057617,17.829999923706055,16.190000534057617,16.360000610351562,37215100,0.0,0.0
2020-07-02 00:00:00-04:00,17.049999237060547,17.170000076293945,15.800000190734863,15.880000114440918,30023300,0.0,0.0
2020-07-06 00:00:00-04:00,16.040000915527344,16.219999313354492,15.109999656677246,15.609999656677246,34196900,0.0,0.0
2020-07-07 00:00:00-04:00,15.15999984741211,15.399999618530273,14.5600004196167,14.569999694824219,31134800,0.0,0.0
2020-07-08 00:00:00-04:00,14.529999732971191,15.479999542236328,14.270000457763672,15.319999694824219,29958600,0.0,0.0
2020-07-09 00:00:00-04:00,15.850000381469727,16.0,14.5,14.579999923706055,40152000,0.0,0.0
2020-07-10 00:00:00-04:00,14.470000267028809,16.270000457763672,14.300000190734863,16.15999984741211,61894100,0.0,0.0
2020-07-13 00:00:00-04:00,16.479999542236328,16.700000762939453,15.25,15.279999732971191,41340500,0.0,0.0
2020-07-14 00:00:00-04:00,14.970000267028809,15.180000305175781,14.600000381469727,15.039999961853027,31410700,0.0,0.0
2020-07-15 00:00:00-04:00,16.1299991607666,17.559999465942383,15.930000305175781,17.479999542236328,72487600,0.0,0.0
2020-07-16 00:00:00-04:00,16.440000534057617,16.6200008392334,15.779999732971191,15.779999732971191,42311000,0.0,0.0
2020-07-17 00:00:00-04:00,15.640000343322754,15.989999771118164,15.229999542236328,15.470000267028809,28043600,0.0,0.0
2020-07-20 00:00:00-04:00,15.5600004196167,15.949999809265137,14.90999984741211,15.0,25175200,0.0,0.0
2020-07-21 00:00:00-04:00,15.270000457763672,15.479999542236328,15.010000228881836,15.1899995803833,24686900,0.0,0.0
2020-07-22 00:00:00-04:00,15.100000381469727,15.34000015258789,14.970000267028809,15.140000343322754,17650100,0.0,0.0
2020-07-23 00:00:00-04:00,15.010000228881836,15.380000114440918,14.510000228881836,14.800000190734863,32436100,0.0,0.0
2020-07-24 00:00:00-04:00,14.59000015258789,15.350000381469727,14.460000038146973,14.800000190734863,26712200,0.0,0.0
2020-07-27 00:00:00-04:00,14.609999656677246,14.630000114440918,13.619999885559082,13.75,37462900,0.0,0.0
2020-07-28 00:00:00-04:00,13.8100004196167,14.59000015258789,13.75,14.329999923706055,31311300,0.0,0.0
2020-07-29 00:00:00-04:00,14.470000267028809,14.699999809265137,14.09000015258789,14.649999618530273,19415000,0.0,0.0
2020-07-30 00:00:00-04:00,14.229999542236328,14.520000457763672,14.010000228881836,14.34000015258789,15895300,0.0,0.0
2020-07-31 00:00:00-04:00,14.220000267028809,14.350000381469727,13.720000267028809,13.880000114440918,20629700,0.0,0.0
2020-08-03 00:00:00-04:00,13.479999542236328,13.539999961853027,12.829999923706055,13.069999694824219,34967500,0.0,0.0
2020-08-04 00:00:00-04:00,13.100000381469727,13.989999771118164,13.069999694824219,13.739999771118164,24159800,0.0,0.0
2020-08-05 00:00:00-04:00,14.199999809265137,14.270000457763672,13.670000076293945,14.020000457763672,24040900,0.0,0.0
2020-08-06 00:00:00-04:00,13.449999809265137,14.020000457763672,13.300000190734863,13.779999732971191,85130200,0.0,0.0
2020-08-07 00:00:00-04:00,13.619999885559082,14.319999694824219,13.329999923706055,14.220000267028809,36316300,0.0,0.0
2020-08-10 00:00:00-04:00,14.369999885559082,15.470000267028809,14.34000015258789,15.4399995803833,41905600,0.0,0.0
2020-08-11 00:00:00-04:00,16.489999771118164,16.520000457763672,15.619999885559082,15.819999694824219,54167600,0.0,0.0
2020-08-12 00:00:00-04:00,16.200000762939453,16.229999542236328,14.819999694824219,15.1899995803833,35876200,0.0,0.0
2020-08-13 00:00:00-04:00,15.0,15.75,14.90999984741211,15.220000267028809,21416100,0.0,0.0
2020-08-14 00:00:00-04:00,15.020000457763672,15.720000267028809,14.859999656677246,15.470000267028809,20937100,0.0,0.0
2020-08-17 00:00:00-04:00,15.399999618530273,15.4399995803833,14.680000305175781,14.680000305175781,33330600,0.0,0.0
2020-08-18 00:00:00-04:00,14.680000305175781,14.90999984741211,14.260000228881836,14.40999984741211,24744600,0.0,0.0
2020-08-19 00:00:00-04:00,14.420000076293945,15.170000076293945,14.25,14.600000381469727,26620300,0.0,0.0
2020-08-20 00:00:00-04:00,14.350000381469727,14.720000267028809,14.170000076293945,14.539999961853027,19955400,0.0,0.0
2020-08-21 00:00:00-04:00,14.470000267028809,14.930000305175781,14.4399995803833,14.649999618530273,18797400,0.0,0.0
2020-08-24 00:00:00-04:00,15.020000457763672,16.209999084472656,14.649999618530273,16.139999389648438,56417200,0.0,0.0
2020-08-25 00:00:00-04:00,16.290000915527344,16.389999389648438,15.329999923706055,15.890000343322754,38551500,0.0,0.0
2020-08-26 00:00:00-04:00,15.699999809265137,15.779999732971191,15.1899995803833,15.279999732971191,24425200,0.0,0.0
2020-08-27 00:00:00-04:00,15.670000076293945,16.68000030517578,15.649999618530273,16.1200008392334,48079400,0.0,0.0
2020-08-28 00:00:00-04:00,16.579999923706055,17.34000015258789,16.229999542236328,17.209999084472656,51079100,0.0,0.0
2020-08-31 00:00:00-04:00,17.329999923706055,17.34000015258789,16.469999313354492,16.479999542236328,43771700,0.0,0.0
2020-09-01 00:00:00-04:00,16.09000015258789,16.700000762939453,16.020000457763672,16.510000228881836,26417100,0.0,0.0
2020-09-02 00:00:00-04:00,16.600000381469727,16.770000457763672,16.209999084472656,16.709999084472656,20720900,0.0,0.0
2020-09-03 00:00:00-04:00,17.6200008392334,18.739999771118164,17.100000381469727,17.579999923706055,94120100,0.0,0.0
2020-09-04 00:00:00-04:00,18.399999618530273,18.649999618530273,17.399999618530273,18.530000686645508,66539700,0.0,0.0
2020-09-08 00:00:00-04:00,17.860000610351562,18.920000076293945,17.860000610351562,18.290000915527344,46728100,0.0,0.0
2020-09-09 00:00:00-04:00,18.1299991607666,18.219999313354492,17.260000228881836,17.65999984741211,36217900,0.0,0.0
2020-09-10 00:00:00-04:00,17.799999237060547,18.75,17.799999237060547,17.8799991607666,36598300,0.0,0.0
2020-09-11 00:00:00-04:00,18.239999771118164,18.239999771118164,17.440000534057617,17.690000534057617,23899500,0.0,0.0
2020-09-14 00:00:00-04:00,17.940000534057617,18.1200008392334,17.540000915527344,17.850000381469727,25838400,0.0,0.0
2020-09-15 00:00:00-04:00,17.200000762939453,17.229999542236328,15.850000381469727,15.930000305175781,80598100,0.0,0.0
2020-09-16 00:00:00-04:00,16.100000381469727,16.670000076293945,15.9399995803833,16.459999084472656,38270300,0.0,0.0
2020-09-17 00:00:00-04:00,15.800000190734863,16.510000228881836,15.699999809265137,16.239999771118164,30506200,0.0,0.0
2020-09-18 00:00:00-04:00,15.960000038146973,16.079999923706055,15.069999694824219,15.3100004196167,51607600,0.0,0.0
2020-09-21 00:00:00-04:00,14.75,14.890000343322754,14.0,14.289999961853027,42775100,0.0,0.0
2020-09-22 00:00:00-04:00,14.399999618530273,14.819999694824219,14.180000305175781,14.40999984741211,30011100,0.0,0.0
2020-09-23 00:00:00-04:00,14.550000190734863,15.050000190734863,14.109999656677246,14.130000114440918,31255200,0.0,0.0
2020-09-24 00:00:00-04:00,14.069999694824219,14.170000076293945,13.399999618530273,13.739999771118164,32679800,0.0,0.0
2020-09-25 00:00:00-04:00,14.550000190734863,15.09000015258789,14.170000076293945,15.069999694824219,54137400,0.0,0.0
2020-09-28 00:00:00-04:00,15.539999961853027,15.550000190734863,14.779999732971191,15.3100004196167,36759400,0.0,0.0
2020-09-29 00:00:00-04:00,15.25,15.430000305175781,14.819999694824219,15.069999694824219,23215000,0.0,0.0
2020-09-30 00:00:00-04:00,15.420000076293945,15.960000038146973,15.109999656677246,15.180000305175781,44374800,0.0,0.0
2020-10-01 00:00:00-04:00,15.430000305175781,15.430000305175781,14.699999809265137,15.029999732971191,28158400,0.0,0.0
2020-10-02 00:00:00-04:00,14.260000228881836,15.220000267028809,14.229999542236328,15.15999984741211,30936100,0.0,0.0
2020-10-05 00:00:00-04:00,15.109999656677246,15.229999542236328,14.800000190734863,14.960000038146973,22169300,0.0,0.0
2020-10-06 00:00:00-04:00,15.260000228881836,15.970000267028809,15.119999885559082,15.1899995803833,43724300,0.0,0.0
2020-10-07 00:00:00-04:00,15.479999542236328,16.049999237060547,15.289999961853027,15.989999771118164,30265000,0.0,0.0
2020-10-08 00:00:00-04:00,16.15999984741211,16.170000076293945,15.369999885559082,15.609999656677246,40986000,0.0,0.0
2020-10-09 00:00:00-04:00,15.720000267028809,16.06999969482422,15.539999961853027,15.6899995803833,33815700,0.0,0.0
2020-10-12 00:00:00-04:00,15.449999809265137,15.510000228881836,15.199999809265137,15.210000038146973,25968000,0.0,0.0
2020-10-13 00:00:00-04:00,14.710000038146973,14.829999923706055,13.979999542236328,14.029999732971191,49344200,0.0,0.0
2020-10-14 00:00:00-04:00,14.329999923706055,14.430000305175781,13.90999984741211,13.970000267028809,34393700,0.0,0.0
2020-10-15 00:00:00-04:00,13.720000267028809,14.039999961853027,13.619999885559082,14.020000457763672,29283600,0.0,0.0
2020-10-16 00:00:00-04:00,14.050000190734863,14.329999923706055,13.710000038146973,14.079999923706055,39528600,0.0,0.0
2020-10-19 00:00:00-04:00,14.210000038146973,14.5,13.989999771118164,14.149999618530273,28037800,0.0,0.0
2020-10-20 00:00:00-04:00,14.420000076293945,14.710000038146973,14.229999542236328,14.609999656677246,27572800,0.0,0.0
2020-10-21 00:00:00-04:00,14.600000381469727,14.630000114440918,14.3100004196167,14.479999542236328,17538900,0.0,0.0
2020-10-22 00:00:00-04:00,14.529999732971191,15.239999771118164,14.470000267028809,15.1899995803833,32572800,0.0,0.0
2020-10-23 00:00:00-04:00,15.1899995803833,15.5,15.029999732971191,15.359999656677246,25638400,0.0,0.0
2020-10-26 00:00:00-04:00,14.75,14.829999923706055,13.819999694824219,14.029999732971191,49748400,0.0,0.0
2020-10-27 00:00:00-04:00,14.039999961853027,14.170000076293945,13.729999542236328,13.760000228881836,24449800,0.0,0.0
2020-10-28 00:00:00-04:00,13.239999771118164,13.270000457763672,12.289999961853027,12.300000190734863,58953200,0.0,0.0
2020-10-29 00:00:00-04:00,12.34000015258789,13.09000015258789,12.109999656677246,12.979999542236328,31579500,0.0,0.0
2020-10-30 00:00:00-04:00,12.779999732971191,14.479999542236328,12.619999885559082,13.710000038146973,76419100,0.0,0.0
2020-11-02 00:00:00-05:00,13.489999771118164,13.649999618530273,12.930000305175781,13.550000190734863,31928100,0.0,0.0
2020-11-03 00:00:00-05:00,13.59000015258789,13.979999542236328,13.470000267028809,13.710000038146973,26494900,0.0,0.0
2020-11-04 00:00:00-05:00,13.6899995803833,13.869999885559082,13.260000228881836,13.34000015258789,27613000,0.0,0.0
2020-11-05 00:00:00-05:00,13.529999732971191,14.229999542236328,13.449999809265137,14.180000305175781,27600300,0.0,0.0
2020-11-06 00:00:00-05:00,13.90999984741211,14.140000343322754,13.65999984741211,13.819999694824219,19585600,0.0,0.0
2020-11-09 00:00:00-05:00,18.489999771118164,19.860000610351562,17.709999084472656,19.25,185304300,0.0,0.0
2020-11-10 00:00:00-05:00,18.540000915527344,18.670000076293945,16.399999618530273,16.729999542236328,119449500,0.0,0.0
2020-11-11 00:00:00-05:00,16.950000762939453,16.989999771118164,16.079999923706055,16.209999084472656,57841400,0.0,0.0
2020-11-12 00:00:00-05:00,15.640000343322754,15.850000381469727,14.880000114440918,14.930000305175781,87592200,0.0,0.0
2020-11-13 00:00:00-05:00,15.1899995803833,16.200000762939453,14.979999542236328,16.010000228881836,159666300,0.0,0.0
2020-11-16 00:00:00-05:00,17.34000015258789,18.0,16.90999984741211,17.56999969482422,112274700,0.0,0.0
2020-11-17 00:00:00-05:00,17.200000762939453,18.579999923706055,16.940000534057617,18.049999237060547,63499700,0.0,0.0
2020-11-18 00:00:00-05:00,17.540000915527344,18.299999237060547,17.440000534057617,17.59000015258789,72257800,0.0,0.0
2020-11-19 00:00:00-05:00,17.670000076293945,18.25,17.459999084472656,18.190000534057617,44098300,0.0,0.0
2020-11-20 00:00:00-05:00,18.15999984741211,18.280000686645508,17.329999923706055,17.3700008392334,52433300,0.0,0.0
2020-11-23 00:00:00-05:00,17.8700008392334,18.360000610351562,17.6299991607666,18.18000030517578,50751300,0.0,0.0
2020-11-24 00:00:00-05:00,19.389999389648438,20.43000030517578,19.059999465942383,20.229999542236328,80233200,0.0,0.0
2020-11-25 00:00:00-05:00,20.479999542236328,20.899999618530273,19.920000076293945,20.649999618530273,60387900,0.0,0.0
2020-11-27 00:00:00-05:00,21.0,22.25,20.860000610351562,21.579999923706055,46919100,0.0,0.0
2020-11-30 00:00:00-05:00,21.770000457763672,21.770000457763672,19.829999923706055,19.979999542236328,86740700,0.0,0.0
2020-12-01 00:00:00-05:00,20.989999771118164,21.010000228881836,20.049999237060547,20.149999618530273,47884200,0.0,0.0
2020-12-02 00:00:00-05:00,19.809999465942383,21.270000457763672,19.229999542236328,21.15999984741211,52282400,0.0,0.0
2020-12-03 00:00:00-05:00,21.479999542236328,23.5,21.3700008392334,22.8799991607666,92899300,0.0,0.0
2020-12-04 00:00:00-05:00,23.540000915527344,23.709999084472656,22.600000381469727,23.450000762939453,65203900,0.0,0.0
2020-12-07 00:00:00-05:00,23.389999389648438,23.450000762939453,22.700000762939453,23.200000762939453,47155000,0.0,0.0
2020-12-08 00:00:00-05:00,23.010000228881836,23.920000076293945,22.950000762939453,23.56999969482422,42765200,0.0,0.0
2020-12-09 00:00:00-05:00,23.969999313354492,24.3799991607666,21.969999313354492,22.690000534057617,66956200,0.0,0.0
2020-12-10 00:00:00-05:00,22.25,23.06999969482422,22.15999984741211,22.31999969482422,50011800,0.0,0.0
2020-12-11 00:00:00-05:00,22.639999389648438,22.81999969482422,21.280000686645508,21.31999969482422,52517400,0.0,0.0
2020-12-14 00:00:00-05:00,22.31999969482422,22.75,20.93000030517578,20.93000030517578,55423500,0.0,0.0
2020-12-15 00:00:00-05:00,21.219999313354492,21.709999084472656,19.950000762939453,21.530000686645508,56761600,0.0,0.0
2020-12-16 00:00:00-05:00,21.530000686645508,22.209999084472656,21.309999465942383,21.760000228881836,35103700,0.0,0.0
2020-12-17 00:00:00-05:00,21.889999389648438,21.899999618530273,21.309999465942383,21.6299991607666,25810800,0.0,0.0
2020-12-18 00:00:00-05:00,21.610000610351562,21.979999542236328,21.0,21.459999084472656,68420700,0.0,0.0
2020-12-21 00:00:00-05:00,20.219999313354492,21.299999237060547,20.030000686645508,21.059999465942383,51476700,0.0,0.0
2020-12-22 00:00:00-05:00,21.06999969482422,21.260000228881836,19.75,19.809999465942383,39933700,0.0,0.0
2020-12-23 00:00:00-05:00,20.1200008392334,21.079999923706055,20.030000686645508,20.940000534057617,31385200,0.0,0.0
2020-12-24 00:00:00-05:00,20.979999542236328,21.079999923706055,20.43000030517578,20.84000015258789,14819300,0.0,0.0
2020-12-28 00:00:00-05:00,21.309999465942383,22.049999237060547,21.020000457763672,21.709999084472656,33112800,0.0,0.0
2020-12-29 00:00:00-05:00,22.219999313354492,22.270000457763672,21.360000610351562,21.43000030517578,26851200,0.0,0.0
2020-12-30 00:00:00-05:00,21.520000457763672,22.09000015258789,21.3799991607666,21.790000915527344,23606400,0.0,0.0
2020-12-31 00:00:00-05:00,21.6200008392334,21.790000915527344,20.899999618530273,21.65999984741211,25679300,0.0,0.0
2021-01-04 00:00:00-05:00,21.700000762939453,21.709999084472656,20.040000915527344,20.3799991607666,40642500,0.0,0.0
2021-01-05 00:00:00-05:00,20.18000030517578,20.850000381469727,20.149999618530273,20.600000381469727,32464400,0.0,0.0
2021-01-06 00:00:00-05:00,20.540000915527344,20.920000076293945,20.15999984741211,20.399999618530273,35295900,0.0,0.0
2021-01-07 00:00:00-05:00,20.479999542236328,21.280000686645508,20.469999313354492,20.739999771118164,28989000,0.0,0.0
2021-01-08 00:00:00-05:00,20.8700008392334,21.020000457763672,20.18000030517578,20.469999313354492,30370000,0.0,0.0
2021-01-11 00:00:00-05:00,20.170000076293945,20.440000534057617,19.6299991607666,20.139999389648438,31213700,0.0,0.0
2021-01-12 00:00:00-05:00,20.049999237060547,20.139999389648438,19.610000610351562,20.1299991607666,33169500,0.0,0.0
2021-01-13 00:00:00-05:00,19.860000610351562,20.200000762939453,19.68000030517578,20.100000381469727,24791400,0.0,0.0
2021-01-14 00:00:00-05:00,20.459999084472656,21.549999237060547,20.450000762939453,20.920000076293945,46177600,0.0,0.0
2021-01-15 00:00:00-05:00,20.780000686645508,21.399999618530273,20.56999969482422,20.790000915527344,33762400,0.0,0.0
2021-01-19 00:00:00-05:00,21.0,21.260000228881836,20.610000610351562,20.8700008392334,21273500,0.0,0.0
2021-01-20 00:00:00-05:00,21.010000228881836,21.209999084472656,20.59000015258789,20.780000686645508,21272500,0.0,0.0
2021-01-21 00:00:00-05:00,20.700000762939453,20.8799991607666,20.31999969482422,20.739999771118164,20209300,0.0,0.0
2021-01-22 00:00:00-05:00,20.309999465942383,20.43000030517578,20.040000915527344,20.219999313354492,24748800,0.0,0.0
2021-01-25 00:00:00-05:00,19.799999237060547,19.809999465942383,18.729999542236328,19.219999313354492,55839500,0.0,0.0
2021-01-26 00:00:00-05:00,19.399999618530273,19.510000228881836,18.6200008392334,18.719999313354492,44110700,0.0,0.0
2021-01-27 00:00:00-05:00,18.40999984741211,19.420000076293945,17.959999084472656,18.979999542236328,50578900,0.0,0.0
2021-01-28 00:00:00-05:00,20.100000381469727,20.670000076293945,19.65999984741211,19.739999771118164,59670200,0.0,0.0
2021-01-29 00:00:00-05:00,19.700000762939453,19.809999465942383,18.3799991607666,18.670000076293945,50346100,0.0,0.0
2021-02-01 00:00:00-05:00,18.959999084472656,19.1299991607666,18.40999984741211,18.799999237060547,27139000,0.0,0.0
2021-02-02 00:00:00-05:00,19.219999313354492,19.600000381469727,18.979999542236328,19.450000762939453,27697100,0.0,0.0
2021-02-03 00:00:00-05:00,19.6299991607666,20.489999771118164,19.440000534057617,20.440000534057617,33548800,0.0,0.0
2021-02-04 00:00:00-05:00,21.0,21.329999923706055,20.65999984741211,21.049999237060547,32541100,0.0,0.0
2021-02-05 00:00:00-05:00,21.389999389648438,21.75,21.1299991607666,21.309999465942383,29887300,0.0,0.0
2021-02-08 00:00:00-05:00,21.600000381469727,21.809999465942383,21.25,21.610000610351562,22166600,0.0,0.0
2021-02-09 00:00:00-05:00,21.420000076293945,21.420000076293945,20.68000030517578,21.049999237060547,26144100,0.0,0.0
2021-02-10 00:00:00-05:00,21.149999618530273,21.649999618530273,20.8700008392334,20.93000030517578,27930900,0.0,0.0
2021-02-11 00:00:00-05:00,20.899999618530273,21.1299991607666,20.459999084472656,20.719999313354492,22698400,0.0,0.0
2021-02-12 00:00:00-05:00,20.100000381469727,20.829999923706055,20.049999237060547,20.600000381469727,25063700,0.0,0.0
2021-02-16 00:00:00-05:00,21.15999984741211,22.559999465942383,20.959999084472656,22.469999313354492,55038100,0.0,0.0
2021-02-17 00:00:00-05:00,22.280000686645508,24.059999465942383,21.8799991607666,23.200000762939453,59742500,0.0,0.0
2021-02-18 00:00:00-05:00,22.969999313354492,23.149999618530273,22.3799991607666,22.889999389648438,26606400,0.0,0.0
2021-02-19 00:00:00-05:00,23.6200008392334,24.719999313354492,23.479999542236328,24.59000015258789,52483300,0.0,0.0
2021-02-22 00:00:00-05:00,25.139999389648438,27.329999923706055,24.649999618530273,25.969999313354492,87361900,0.0,0.0
2021-02-23 00:00:00-05:00,25.079999923706055,26.729999542236328,23.459999084472656,26.459999084472656,115819500,0.0,0.0
2021-02-24 00:00:00-05:00,27.09000015258789,28.18000030517578,26.729999542236328,27.010000228881836,92985300,0.0,0.0
2021-02-25 00:00:00-05:00,27.90999984741211,28.239999771118164,25.06999969482422,25.469999313354492,71020500,0.0,0.0
2021-02-26 00:00:00-05:00,25.889999389648438,26.860000610351562,25.270000457763672,26.75,58092900,0.0,0.0
2021-03-01 00:00:00-05:00,27.549999237060547,27.920000076293945,26.020000457763672,26.309999465942383,59643100,0.0,0.0
2021-03-02 00:00:00-05:00,26.90999984741211,27.850000381469727,26.540000915527344,27.59000015258789,49295000,0.0,0.0
2021-03-03 00:00:00-05:00,28.450000762939453,29.59000015258789,28.18000030517578,28.670000076293945,71576000,0.0,0.0
2021-03-04 00:00:00-05:00,29.09000015258789,29.43000030517578,26.229999542236328,27.399999618530273,74016500,0.0,0.0
2021-03-05 00:00:00-05:00,27.110000610351562,27.15999984741211,23.260000228881836,26.09000015258789,83747400,0.0,0.0
2021-03-08 00:00:00-05:00,27.040000915527344,27.270000457763672,25.799999237060547,26.690000534057617,48007700,0.0,0.0
2021-03-09 00:00:00-05:00,26.989999771118164,27.850000381469727,25.799999237060547,27.579999923706055,42549100,0.0,0.0
2021-03-10 00:00:00-05:00,27.399999618530273,28.420000076293945,26.670000076293945,26.700000762939453,41997600,0.0,0.0
2021-03-11 00:00:00-05:00,27.020000457763672,27.770000457763672,26.479999542236328,27.469999313354492,33297300,0.0,0.0
2021-03-12 00:00:00-05:00,27.3799991607666,28.5,27.290000915527344,28.459999084472656,32490600,0.0,0.0
2021-03-15 00:00:00-04:00,28.979999542236328,30.1200008392334,28.899999618530273,29.790000915527344,53480800,0.0,0.0
2021-03-16 00:00:00-04:00,29.950000762939453,29.979999542236328,27.850000381469727,28.25,51042700,0.0,0.0
2021-03-17 00:00:00-04:00,28.149999618530273,28.950000762939453,27.81999969482422,28.93000030517578,30463300,0.0,0.0
2021-03-18 00:00:00-04:00,29.489999771118164,29.739999771118164,28.020000457763672,28.270000457763672,46998200,0.0,0.0
2021-03-19 00:00:00-04:00,28.479999542236328,29.09000015258789,27.1299991607666,28.959999084472656,41506400,0.0,0.0
2021-03-22 00:00:00-04:00,28.309999465942383,28.469999313354492,27.350000381469727,27.479999542236328,33792000,0.0,0.0
2021-03-23 00:00:00-04:00,27.0,27.34000015258789,25.18000030517578,25.329999923706055,51242200,0.0,0.0
2021-03-24 00:00:00-04:00,26.25,27.3700008392334,24.149999618530273,24.850000381469727,72339100,0.0,0.0
2021-03-25 00:00:00-04:00,23.90999984741211,26.040000915527344,23.719999313354492,25.850000381469727,47085000,0.0,0.0
2021-03-26 00:00:00-04:00,26.25,26.510000228881836,25.209999084472656,26.059999465942383,28542000,0.0,0.0
2021-03-29 00:00:00-04:00,26.049999237060547,26.139999389648438,25.25,25.6299991607666,19988900,0.0,0.0
2021-03-30 00:00:00-04:00,25.700000762939453,26.829999923706055,25.65999984741211,26.649999618530273,23735600,0.0,0.0
2021-03-31 00:00:00-04:00,26.579999923706055,26.799999237060547,25.90999984741211,26.540000915527344,21560400,0.0,0.0
2021-04-01 00:00:00-04:00,26.989999771118164,27.100000381469727,26.530000686645508,26.860000610351562,19640300,0.0,0.0
2021-04-05 00:00:00-04:00,27.799999237060547,28.729999542236328,27.690000534057617,28.110000610351562,40105700,0.0,0.0
2021-04-06 00:00:00-04:00,28.170000076293945,29.09000015258789,27.850000381469727,28.600000381469727,35528100,0.0,0.0
2021-04-07 00:00:00-04:00,29.420000076293945,30.6299991607666,28.8700008392334,29.0,70953700,0.0,0.0
2021-04-08 00:00:00-04:00,29.1299991607666,29.1299991607666,27.81999969482422,28.559999465942383,37870800,0.0,0.0
2021-04-09 00:00:00-04:00,28.799999237060547,29.579999923706055,28.489999771118164,29.299999237060547,36287700,0.0,0.0
2021-04-12 00:00:00-04:00,28.899999618530273,29.079999923706055,27.479999542236328,27.75,39161600,0.0,0.0
2021-04-13 00:00:00-04:00,27.110000610351562,27.940000534057617,26.729999542236328,27.81999969482422,27690600,0.0,0.0
2021-04-14 00:00:00-04:00,28.010000228881836,28.75,27.850000381469727,27.940000534057617,23267500,0.0,0.0
2021-04-15 00:00:00-04:00,28.18000030517578,28.200000762939453,27.1200008392334,27.31999969482422,24024400,0.0,0.0
2021-04-16 00:00:00-04:00,27.530000686645508,27.790000915527344,26.81999969482422,27.030000686645508,22092400,0.0,0.0
2021-04-19 00:00:00-04:00,27.100000381469727,27.270000457763672,26.389999389648438,26.889999389648438,22214500,0.0,0.0
2021-04-20 00:00:00-04:00,26.479999542236328,26.510000228881836,25.1200008392334,25.719999313354492,31217000,0.0,0.0
2021-04-21 00:00:00-04:00,25.649999618530273,27.350000381469727,25.25,27.329999923706055,31354100,0.0,0.0
2021-04-22 00:00:00-04:00,26.969999313354492,27.899999618530273,26.770000457763672,26.90999984741211,29698400,0.0,0.0
2021-04-23 00:00:00-04:00,27.0,27.40999984741211,26.56999969482422,27.270000457763672,19297600,0.0,0.0
2021-04-26 00:00:00-04:00,27.81999969482422,28.5,27.309999465942383,27.549999237060547,20033500,0.0,0.0
2021-04-27 00:00:00-04:00,27.59000015258789,27.8799991607666,27.139999389648438,27.809999465942383,18145200,0.0,0.0
2021-04-28 00:00:00-04:00,27.700000762939453,28.270000457763672,27.56999969482422,27.799999237060547,17273000,0.0,0.0
2021-04-29 00:00:00-04:00,28.790000915527344,29.139999389648438,27.1299991607666,27.209999084472656,40714900,0.0,0.0
2021-04-30 00:00:00-04:00,27.0,28.010000228881836,26.8700008392334,27.959999084472656,21653500,0.0,0.0
2021-05-03 00:00:00-04:00,28.020000457763672,28.360000610351562,27.530000686645508,27.93000030517578,21866600,0.0,0.0
2021-05-04 00:00:00-04:00,27.479999542236328,27.559999465942383,26.200000762939453,26.68000030517578,33649300,0.0,0.0
2021-05-05 00:00:00-04:00,26.81999969482422,27.309999465942383,26.3700008392334,26.520000457763672,25678100,0.0,0.0
2021-05-06 00:00:00-04:00,26.479999542236328,26.829999923706055,25.520000457763672,25.950000762939453,25871400,0.0,0.0
2021-05-07 00:00:00-04:00,25.989999771118164,26.860000610351562,25.8799991607666,26.760000228881836,20185500,0.0,0.0
2021-05-10 00:00:00-04:00,26.829999923706055,26.829999923706055,26.229999542236328,26.270000457763672,18093900,0.0,0.0
2021-05-11 00:00:00-04:00,25.329999923706055,26.1200008392334,25.09000015258789,25.8799991607666,28145500,0.0,0.0
2021-05-12 00:00:00-04:00,25.5,25.84000015258789,24.68000030517578,24.780000686645508,24001500,0.0,0.0
2021-05-13 00:00:00-04:00,24.959999084472656,25.600000381469727,24.290000915527344,25.1200008392334,28167000,0.0,0.0
2021-05-14 00:00:00-04:00,25.530000686645508,27.260000228881836,25.510000228881836,27.200000762939453,35569900,0.0,0.0
2021-05-17 00:00:00-04:00,27.299999237060547,27.600000381469727,26.790000915527344,27.520000457763672,29753400,0.0,0.0
2021-05-18 00:00:00-04:00,27.649999618530273,28.6200008392334,27.420000076293945,28.0,33424800,0.0,0.0
2021-05-19 00:00:00-04:00,27.010000228881836,27.799999237060547,26.739999771118164,27.68000030517578,26292100,0.0,0.0
2021-05-20 00:00:00-04:00,27.649999618530273,27.68000030517578,26.959999084472656,27.530000686645508,24022300,0.0,0.0
2021-05-21 00:00:00-04:00,27.889999389648438,28.040000915527344,27.15999984741211,27.170000076293945,20551500,0.0,0.0
2021-05-24 00:00:00-04:00,27.3799991607666,28.149999618530273,26.899999618530273,27.899999618530273,26473300,0.0,0.0
2021-05-25 00:00:00-04:00,28.25,29.3700008392334,28.229999542236328,28.579999923706055,38680700,0.0,0.0
2021-05-26 00:00:00-04:00,28.84000015258789,29.420000076293945,28.6299991607666,29.3700008392334,24530200,0.0,0.0
2021-05-27 00:00:00-04:00,29.56999969482422,30.0,29.219999313354492,30.0,30294500,0.0,0.0
2021-05-28 00:00:00-04:00,29.959999084472656,30.06999969482422,29.40999984741211,29.559999465942383,25635800,0.0,0.0
2021-06-01 00:00:00-04:00,30.190000534057617,30.75,29.90999984741211,30.149999618530273,36826700,0.0,0.0
2021-06-02 00:00:00-04:00,30.309999465942383,31.5,29.93000030517578,31.309999465942383,36078200,0.0,0.0
2021-06-03 00:00:00-04:00,31.139999389648438,31.299999237060547,30.350000381469727,30.670000076293945,24269800,0.0,0.0
2021-06-04 00:00:00-04:00,30.920000076293945,31.110000610351562,30.25,30.540000915527344,19384100,0.0,0.0
2021-06-07 00:00:00-04:00,30.75,31.459999084472656,30.649999618530273,30.889999389648438,24165700,0.0,0.0
2021-06-08 00:00:00-04:00,31.110000610351562,31.520000457763672,30.610000610351562,31.079999923706055,25061900,0.0,0.0
2021-06-09 00:00:00-04:00,31.299999237060547,31.350000381469727,30.43000030517578,30.450000762939453,18447300,0.0,0.0
2021-06-10 00:00:00-04:00,30.639999389648438,30.770000457763672,29.40999984741211,29.829999923706055,30486500,0.0,0.0
2021-06-11 00:00:00-04:00,29.5,30.040000915527344,29.290000915527344,29.93000030517578,20215000,0.0,0.0
2021-06-14 00:00:00-04:00,29.8700008392334,29.979999542236328,28.6299991607666,28.75,24538300,0.0,0.0
2021-06-15 00:00:00-04:00,28.81999969482422,29.389999389648438,28.40999984741211,28.610000610351562,19070900,0.0,0.0
2021-06-16 00:00:00-04:00,28.979999542236328,29.489999771118164,28.690000534057617,29.280000686645508,25453900,0.0,0.0
2021-06-17 00:00:00-04:00,29.200000762939453,29.719999313354492,28.40999984741211,28.420000076293945,26049300,0.0,0.0
2021-06-18 00:00:00-04:00,28.1200008392334,28.520000457763672,27.729999542236328,28.18000030517578,26749900,0.0,0.0
2021-06-21 00:00:00-04:00,28.299999237060547,28.700000762939453,27.90999984741211,28.670000076293945,21897600,0.0,0.0
2021-06-22 00:00:00-04:00,28.649999618530273,28.690000534057617,27.799999237060547,28.059999465942383,18403400,0.0,0.0
2021-06-23 00:00:00-04:00,28.110000610351562,28.489999771118164,28.020000457763672,28.149999618530273,17916700,0.0,0.0
2021-06-24 00:00:00-04:00,28.1299991607666,28.540000915527344,27.389999389648438,27.459999084472656,31193600,0.0,0.0
2021-06-25 00:00:00-04:00,27.530000686645508,28.229999542236328,27.520000457763672,28.1299991607666,31580700,0.0,0.0
2021-06-28 00:00:00-04:00,27.420000076293945,27.530000686645508,26.0,26.149999618530273,63786300,0.0,0.0
2021-06-29 00:00:00-04:00,26.15999984741211,26.489999771118164,25.760000228881836,25.780000686645508,33185800,0.0,0.0
2021-06-30 00:00:00-04:00,25.790000915527344,26.479999542236328,25.690000534057617,26.360000610351562,22820200,0.0,0.0
2021-07-01 00:00:00-04:00,26.59000015258789,26.850000381469727,26.1200008392334,26.360000610351562,19363500,0.0,0.0
2021-07-02 00:00:00-04:00,26.260000228881836,26.299999237060547,25.700000762939453,26.059999465942383,20454000,0.0,0.0
2021-07-06 00:00:00-04:00,26.079999923706055,26.280000686645508,24.93000030517578,25.020000457763672,30647200,0.0,0.0
2021-07-07 00:00:00-04:00,24.860000610351562,25.290000915527344,23.8700008392334,24.079999923706055,36383500,0.0,0.0
2021-07-08 00:00:00-04:00,23.139999389648438,24.15999984741211,22.84000015258789,23.719999313354492,37066500,0.0,0.0
2021-07-09 00:00:00-04:00,24.06999969482422,24.34000015258789,23.6200008392334,24.260000228881836,23124400,0.0,0.0
2021-07-12 00:00:00-04:00,23.969999313354492,24.010000228881836,23.559999465942383,23.860000610351562,23022800,0.0,0.0
2021-07-13 00:00:00-04:00,23.559999465942383,23.559999465942383,22.81999969482422,22.850000381469727,27175500,0.0,0.0
2021-07-14 00:00:00-04:00,23.010000228881836,23.360000610351562,22.479999542236328,22.579999923706055,26614200,0.0,0.0
2021-07-15 00:00:00-04:00,22.299999237060547,22.459999084472656,21.3700008392334,21.950000762939453,43232200,0.0,0.0
2021-07-16 00:00:00-04:00,22.260000228881836,22.360000610351562,20.799999237060547,20.920000076293945,41516000,0.0,0.0
2021-07-19 00:00:00-04:00,19.719999313354492,20.299999237060547,19.190000534057617,19.719999313354492,85011700,0.0,0.0
2021-07-20 00:00:00-04:00,19.920000076293945,21.3799991607666,19.6200008392334,21.190000534057617,68222400,0.0,0.0
2021-07-21 00:00:00-04:00,21.739999771118164,23.360000610351562,21.670000076293945,23.190000534057617,76771400,0.0,0.0
2021-07-22 00:00:00-04:00,22.760000228881836,22.8799991607666,22.190000534057617,22.709999084472656,40877000,0.0,0.0
2021-07-23 00:00:00-04:00,22.709999084472656,22.799999237060547,21.889999389648438,21.959999084472656,32632400,0.0,0.0
2021-07-26 00:00:00-04:00,21.75,23.200000762939453,21.709999084472656,23.15999984741211,37050500,0.0,0.0
2021-07-27 00:00:00-04:00,22.950000762939453,23.329999923706055,22.489999771118164,22.799999237060547,26484800,0.0,0.0
2021-07-28 00:00:00-04:00,23.190000534057617,23.389999389648438,22.200000762939453,22.81999969482422,27108200,0.0,0.0
2021-07-29 00:00:00-04:00,23.079999923706055,23.34000015258789,22.700000762939453,22.709999084472656,26426800,0.0,0.0
2021-07-30 00:00:00-04:00,22.219999313354492,22.68000030517578,21.489999771118164,21.649999618530273,36760800,0.0,0.0
2021-08-02 00:00:00-04:00,21.829999923706055,22.559999465942383,21.360000610351562,21.459999084472656,34093900,0.0,0.0
2021-08-03 00:00:00-04:00,21.56999969482422,21.600000381469727,20.520000457763672,21.43000030517578,33254000,0.0,0.0
2021-08-04 00:00:00-04:00,21.06999969482422,21.690000534057617,20.81999969482422,21.040000915527344,33239400,0.0,0.0
2021-08-05 00:00:00-04:00,21.15999984741211,22.649999618530273,21.139999389648438,22.549999237060547,32938000,0.0,0.0
2021-08-06 00:00:00-04:00,22.850000381469727,23.100000381469727,22.40999984741211,23.079999923706055,30680700,0.0,0.0
2021-08-09 00:00:00-04:00,22.8700008392334,22.8700008392334,21.989999771118164,22.709999084472656,29949200,0.0,0.0
2021-08-10 00:00:00-04:00,22.81999969482422,23.850000381469727,22.719999313354492,23.649999618530273,34886200,0.0,0.0
2021-08-11 00:00:00-04:00,23.59000015258789,24.010000228881836,23.06999969482422,23.989999771118164,29487300,0.0,0.0
2021-08-12 00:00:00-04:00,23.780000686645508,23.8799991607666,22.959999084472656,23.360000610351562,29141100,0.0,0.0
2021-08-13 00:00:00-04:00,23.299999237060547,23.3799991607666,22.739999771118164,22.860000610351562,21235800,0.0,0.0
2021-08-16 00:00:00-04:00,22.43000030517578,22.93000030517578,21.940000534057617,22.790000915527344,25770200,0.0,0.0
2021-08-17 00:00:00-04:00,22.239999771118164,22.5,21.65999984741211,22.040000915527344,26331800,0.0,0.0
2021-08-18 00:00:00-04:00,22.020000457763672,22.979999542236328,21.68000030517578,22.479999542236328,31060700,0.0,0.0
2021-08-19 00:00:00-04:00,22.0,22.270000457763672,21.34000015258789,21.65999984741211,27943900,0.0,0.0
2021-08-20 00:00:00-04:00,21.510000228881836,22.020000457763672,21.329999923706055,21.959999084472656,22632800,0.0,0.0
2021-08-23 00:00:00-04:00,22.260000228881836,22.989999771118164,22.239999771118164,22.829999923706055,23992000,0.0,0.0
2021-08-24 00:00:00-04:00,23.239999771118164,24.06999969482422,23.200000762939453,23.84000015258789,32814300,0.0,0.0
2021-08-25 00:00:00-04:00,23.979999542236328,24.31999969482422,23.40999984741211,24.110000610351562,30576000,0.0,0.0
2021-08-26 00:00:00-04:00,23.829999923706055,24.31999969482422,23.239999771118164,23.469999313354492,28762800,0.0,0.0
2021-08-27 00:00:00-04:00,23.56999969482422,24.56999969482422,23.540000915527344,24.350000381469727,36693800,0.0,0.0
2021-08-30 00:00:00-04:00,24.6299991607666,24.639999389648438,23.600000381469727,23.6299991607666,27629300,0.0,0.0
2021-08-31 00:00:00-04:00,23.530000686645508,24.190000534057617,23.5,24.139999389648438,28512600,0.0,0.0
2021-09-01 00:00:00-04:00,24.219999313354492,24.420000076293945,23.309999465942383,23.510000228881836,31875000,0.0,0.0
2021-09-02 00:00:00-04:00,23.579999923706055,24.469999313354492,23.1200008392334,24.020000457763672,36546600,0.0,0.0
2021-09-03 00:00:00-04:00,23.920000076293945,24.149999618530273,22.639999389648438,22.959999084472656,44194500,0.0,0.0
2021-09-07 00:00:00-04:00,22.700000762939453,23.600000381469727,22.559999465942383,23.559999465942383,33580100,0.0,0.0
2021-09-08 00:00:00-04:00,23.56999969482422,23.809999465942383,22.760000228881836,22.780000686645508,24700600,0.0,0.0
2021-09-09 00:00:00-04:00,22.770000457763672,23.719999313354492,22.6200008392334,23.280000686645508,27193100,0.0,0.0
2021-09-10 00:00:00-04:00,23.399999618530273,23.5,22.719999313354492,22.75,25471400,0.0,0.0
2021-09-13 00:00:00-04:00,23.030000686645508,23.479999542236328,22.239999771118164,23.309999465942383,36359500,0.0,0.0
2021-09-14 00:00:00-04:00,23.200000762939453,23.5,22.700000762939453,22.860000610351562,24577500,0.0,0.0
2021-09-15 00:00:00-04:00,22.75,23.18000030517578,22.360000610351562,23.170000076293945,21566100,0.0,0.0
2021-09-16 00:00:00-04:00,23.110000610351562,23.43000030517578,22.920000076293945,23.09000015258789,19305700,0.0,0.0
2021-09-17 00:00:00-04:00,23.209999084472656,23.84000015258789,23.139999389648438,23.549999237060547,33586000,0.0,0.0
2021-09-20 00:00:00-04:00,23.18000030517578,23.399999618530273,22.6200008392334,23.239999771118164,32162300,0.0,0.0
2021-09-21 00:00:00-04:00,23.43000030517578,23.690000534057617,22.860000610351562,22.959999084472656,25614500,0.0,0.0
2021-09-22 00:00:00-04:00,23.170000076293945,23.93000030517578,23.170000076293945,23.610000610351562,32222300,0.0,0.0
2021-09-23 00:00:00-04:00,24.010000228881836,25.059999465942383,23.899999618530273,24.690000534057617,48872400,0.0,0.0
2021-09-24 00:00:00-04:00,24.799999237060547,25.950000762939453,24.600000381469727,25.440000534057617,48644500,0.0,0.0
2021-09-27 00:00:00-04:00,25.959999084472656,27.389999389648438,25.920000076293945,26.3799991607666,58020600,0.0,0.0
2021-09-28 00:00:00-04:00,26.440000534057617,26.989999771118164,26.110000610351562,26.170000076293945,34642300,0.0,0.0
2021-09-29 00:00:00-04:00,26.459999084472656,26.489999771118164,25.479999542236328,25.520000457763672,27404000,0.0,0.0
2021-09-30 00:00:00-04:00,25.440000534057617,25.510000228881836,24.729999542236328,25.010000228881836,28685100,0.0,0.0
2021-10-01 00:00:00-04:00,26.06999969482422,26.56999969482422,25.670000076293945,26.09000015258789,36843200,0.0,0.0
2021-10-04 00:00:00-04:00,26.200000762939453,26.420000076293945,25.239999771118164,25.34000015258789,33448100,0.0,0.0
2021-10-05 00:00:00-04:00,25.530000686645508,26.010000228881836,25.270000457763672,25.420000076293945,26161500,0.0,0.0
2021-10-06 00:00:00-04:00,25.020000457763672,25.139999389648438,24.360000610351562,24.899999618530273,36943300,0.0,0.0
2021-10-07 00:00:00-04:00,25.219999313354492,25.280000686645508,24.399999618530273,24.489999771118164,26234900,0.0,0.0
2021-10-08 00:00:00-04:00,24.540000915527344,24.700000762939453,23.760000228881836,23.829999923706055,32061800,0.0,0.0
2021-10-11 00:00:00-04:00,23.709999084472656,24.440000534057617,23.420000076293945,23.8799991607666,26631100,0.0,0.0
2021-10-12 00:00:00-04:00,23.940000534057617,24.3700008392334,23.809999465942383,24.329999923706055,25818400,0.0,0.0
2021-10-13 00:00:00-04:00,24.399999618530273,24.399999618530273,23.610000610351562,23.649999618530273,28606200,0.0,0.0
2021-10-14 00:00:00-04:00,23.940000534057617,24.0,23.579999923706055,23.729999542236328,19413900,0.0,0.0
2021-10-15 00:00:00-04:00,24.059999465942383,24.420000076293945,23.6299991607666,23.670000076293945,22362900,0.0,0.0
2021-10-18 00:00:00-04:00,23.450000762939453,23.600000381469727,22.81999969482422,23.1299991607666,37062300,0.0,0.0
2021-10-19 00:00:00-04:00,23.059999465942383,23.059999465942383,22.270000457763672,22.34000015258789,50814000,0.0,0.0
2021-10-20 00:00:00-04:00,22.360000610351562,22.770000457763672,22.139999389648438,22.440000534057617,27014600,0.0,0.0
2021-10-21 00:00:00-04:00,22.510000228881836,22.899999618530273,22.219999313354492,22.329999923706055,26812500,0.0,0.0
2021-10-22 00:00:00-04:00,22.200000762939453,22.34000015258789,21.850000381469727,22.290000915527344,29155700,0.0,0.0
2021-10-25 00:00:00-04:00,21.790000915527344,22.170000076293945,21.719999313354492,22.049999237060547,26140400,0.0,0.0
2021-10-26 00:00:00-04:00,22.170000076293945,22.469999313354492,21.65999984741211,21.81999969482422,25617900,0.0,0.0
2021-10-27 00:00:00-04:00,21.899999618530273,22.0,21.610000610351562,21.639999389648438,20827900,0.0,0.0
2021-10-28 00:00:00-04:00,21.639999389648438,22.079999923706055,21.309999465942383,21.969999313354492,23048700,0.0,0.0
2021-10-29 00:00:00-04:00,21.8799991607666,22.469999313354492,21.770000457763672,22.15999984741211,26720300,0.0,0.0
2021-11-01 00:00:00-04:00,22.299999237060547,23.100000381469727,22.010000228881836,23.06999969482422,27315500,0.0,0.0
2021-11-02 00:00:00-04:00,22.979999542236328,23.06999969482422,22.549999237060547,22.90999984741211,21579400,0.0,0.0
2021-11-03 00:00:00-04:00,22.709999084472656,23.329999923706055,22.56999969482422,23.170000076293945,23001300,0.0,0.0
2021-11-04 00:00:00-04:00,23.329999923706055,23.489999771118164,22.729999542236328,22.8799991607666,20186900,0.0,0.0
2021-11-05 00:00:00-04:00,24.399999618530273,25.290000915527344,24.100000381469727,24.790000915527344,67588300,0.0,0.0
2021-11-08 00:00:00-05:00,24.889999389648438,25.06999969482422,24.450000762939453,24.59000015258789,33083000,0.0,0.0
2021-11-09 00:00:00-05:00,24.5,24.540000915527344,23.709999084472656,24.170000076293945,22673500,0.0,0.0
2021-11-10 00:00:00-05:00,23.729999542236328,24.34000015258789,23.309999465942383,23.489999771118164,21338300,0.0,0.0
2021-11-11 00:00:00-05:00,23.34000015258789,23.6299991607666,22.969999313354492,23.020000457763672,19703700,0.0,0.0
2021-11-12 00:00:00-05:00,22.950000762939453,22.950000762939453,22.059999465942383,22.360000610351562,37320300,0.0,0.0
2021-11-15 00:00:00-05:00,22.510000228881836,22.719999313354492,22.139999389648438,22.299999237060547,22519600,0.0,0.0
2021-11-16 00:00:00-05:00,22.139999389648438,22.139999389648438,21.329999923706055,21.59000015258789,40285700,0.0,0.0
2021-11-17 00:00:00-05:00,21.670000076293945,21.850000381469727,20.979999542236328,21.329999923706055,30081600,0.0,0.0
2021-11-18 00:00:00-05:00,21.450000762939453,21.579999923706055,20.56999969482422,20.950000762939453,26850800,0.0,0.0
2021-11-19 00:00:00-05:00,20.360000610351562,20.899999618530273,19.860000610351562,20.489999771118164,49148700,0.0,0.0
2021-11-22 00:00:00-05:00,20.5,20.90999984741211,20.149999618530273,20.329999923706055,29802700,0.0,0.0
2021-11-23 00:00:00-05:00,20.540000915527344,20.829999923706055,20.010000228881836,20.149999618530273,26273500,0.0,0.0
2021-11-24 00:00:00-05:00,19.959999084472656,20.649999618530273,19.760000228881836,20.15999984741211,30483200,0.0,0.0
2021-11-26 00:00:00-05:00,18.06999969482422,18.280000686645508,17.200000762939453,17.950000762939453,84158400,0.0,0.0
2021-11-29 00:00:00-05:00,18.809999465942383,19.239999771118164,17.690000534057617,18.15999984741211,58061500,0.0,0.0
2021-11-30 00:00:00-05:00,17.790000915527344,17.899999618530273,17.110000610351562,17.6200008392334,60131100,0.0,0.0
2021-12-01 00:00:00-05:00,18.1200008392334,18.489999771118164,16.31999969482422,16.3799991607666,82486400,0.0,0.0
2021-12-02 00:00:00-05:00,16.729999542236328,17.989999771118164,16.350000381469727,17.889999389648438,76746800,0.0,0.0
2021-12-03 00:00:00-05:00,17.780000686645508,17.799999237060547,16.84000015258789,17.200000762939453,59329100,0.0,0.0
2021-12-06 00:00:00-05:00,17.559999465942383,19.190000534057617,17.399999618530273,18.59000015258789,78131600,0.0,0.0
2021-12-07 00:00:00-05:00,18.979999542236328,19.280000686645508,18.31999969482422,18.5,62779400,0.0,0.0
2021-12-08 00:00:00-05:00,18.700000762939453,20.040000915527344,18.540000915527344,19.520000457763672,69762100,0.0,0.0
2021-12-09 00:00:00-05:00,19.020000457763672,19.600000381469727,18.889999389648438,19.190000534057617,38179500,0.0,0.0
2021-12-10 00:00:00-05:00,19.18000030517578,19.360000610351562,18.68000030517578,19.280000686645508,33181500,0.0,0.0
2021-12-13 00:00:00-05:00,18.68000030517578,18.850000381469727,17.90999984741211,18.34000015258789,39686300,0.0,0.0
2021-12-14 00:00:00-05:00,18.020000457763672,18.84000015258789,18.010000228881836,18.149999618530273,38288200,0.0,0.0
2021-12-15 00:00:00-05:00,17.989999771118164,18.079999923706055,17.239999771118164,17.889999389648438,45971600,0.0,0.0
2021-12-16 00:00:00-05:00,18.0,18.25,17.450000762939453,17.56999969482422,45611100,0.0,0.0
2021-12-17 00:00:00-05:00,17.700000762939453,18.469999313354492,17.40999984741211,18.280000686645508,48588400,0.0,0.0
2021-12-20 00:00:00-05:00,17.670000076293945,19.290000915527344,17.610000610351562,18.899999618530273,59262500,0.0,0.0
2021-12-21 00:00:00-05:00,19.329999923706055,20.729999542236328,19.260000228881836,20.540000915527344,69186200,0.0,0.0
2021-12-22 00:00:00-05:00,20.549999237060547,21.5,20.030000686645508,21.25,62921900,0.0,0.0
2021-12-23 00:00:00-05:00,21.540000915527344,21.780000686645508,20.8799991607666,21.200000762939453,39191000,0.0,0.0
2021-12-27 00:00:00-05:00,20.34000015258789,21.1299991607666,20.030000686645508,20.950000762939453,37286800,0.0,0.0
2021-12-28 00:00:00-05:00,20.639999389648438,21.799999237060547,20.510000228881836,20.899999618530273,39749600,0.0,0.0
2021-12-29 00:00:00-05:00,20.65999984741211,20.899999618530273,20.280000686645508,20.790000915527344,30313700,0.0,0.0
2021-12-30 00:00:00-05:00,20.760000228881836,21.510000228881836,20.270000457763672,20.530000686645508,49120200,0.0,0.0
2021-12-31 00:00:00-05:00,20.510000228881836,20.770000457763672,20.020000457763672,20.1200008392334,29363700,0.0,0.0
2022-01-03 00:00:00-05:00,20.559999465942383,21.739999771118164,20.43000030517578,21.40999984741211,38836800,0.0,0.0
2022-01-04 00:00:00-05:00,22.059999465942383,22.3799991607666,21.510000228881836,21.729999542236328,44776400,0.0,0.0
2022-01-05 00:00:00-05:00,21.790000915527344,22.170000076293945,21.059999465942383,21.170000076293945,31833200,0.0,0.0
2022-01-06 00:00:00-05:00,21.6200008392334,21.989999771118164,21.020000457763672,21.06999969482422,31459900,0.0,0.0
2022-01-07 00:00:00-05:00,21.350000381469727,22.290000915527344,21.1200008392334,21.899999618530273,37140600,0.0,0.0
2022-01-10 00:00:00-05:00,22.0,22.1299991607666,20.959999084472656,21.399999618530273,32828800,0.0,0.0
2022-01-11 00:00:00-05:00,21.3799991607666,22.219999313354492,21.110000610351562,21.979999542236328,29608000,0.0,0.0
2022-01-12 00:00:00-05:00,22.18000030517578,22.459999084472656,21.799999237060547,22.309999465942383,33645000,0.0,0.0
2022-01-13 00:00:00-05:00,22.420000076293945,23.299999237060547,22.3700008392334,22.899999618530273,43271400,0.0,0.0
2022-01-14 00:00:00-05:00,22.600000381469727,22.950000762939453,22.270000457763672,22.950000762939453,28270800,0.0,0.0
2022-01-18 00:00:00-05:00,22.520000457763672,22.760000228881836,21.90999984741211,21.979999542236328,29779000,0.0,0.0
2022-01-19 00:00:00-05:00,21.93000030517578,21.959999084472656,21.18000030517578,21.219999313354492,27894500,0.0,0.0
2022-01-20 00:00:00-05:00,21.309999465942383,21.979999542236328,20.729999542236328,20.799999237060547,25457800,0.0,0.0
2022-01-21 00:00:00-05:00,20.68000030517578,20.690000534057617,19.780000686645508,19.989999771118164,41314300,0.0,0.0
2022-01-24 00:00:00-05:00,19.079999923706055,19.760000228881836,18.25,19.739999771118164,52166800,0.0,0.0
2022-01-25 00:00:00-05:00,19.25,20.399999618530273,19.09000015258789,20.200000762939453,36484500,0.0,0.0
2022-01-26 00:00:00-05:00,20.540000915527344,21.100000381469727,20.040000915527344,20.290000915527344,40706400,0.0,0.0
2022-01-27 00:00:00-05:00,20.459999084472656,20.709999084472656,18.940000534057617,19.110000610351562,42718200,0.0,0.0
2022-01-28 00:00:00-05:00,19.200000762939453,19.280000686645508,18.280000686645508,18.969999313354492,50152500,0.0,0.0
2022-01-31 00:00:00-05:00,18.780000686645508,19.8700008392334,18.149999618530273,19.809999465942383,50989300,0.0,0.0
2022-02-01 00:00:00-05:00,19.950000762939453,21.06999969482422,19.860000610351562,20.93000030517578,38953800,0.0,0.0
2022-02-02 00:00:00-05:00,20.719999313354492,21.239999771118164,20.43000030517578,20.850000381469727,30717600,0.0,0.0
2022-02-03 00:00:00-05:00,20.530000686645508,20.959999084472656,20.329999923706055,20.34000015258789,27585900,0.0,0.0
2022-02-04 00:00:00-05:00,20.020000457763672,20.239999771118164,19.559999465942383,19.959999084472656,33287000,0.0,0.0
2022-02-07 00:00:00-05:00,20.139999389648438,21.739999771118164,20.110000610351562,21.520000457763672,41055700,0.0,0.0
2022-02-08 00:00:00-05:00,21.719999313354492,22.579999923706055,21.469999313354492,22.549999237060547,41620200,0.0,0.0
2022-02-09 00:00:00-05:00,22.829999923706055,23.360000610351562,22.760000228881836,23.190000534057617,39322700,0.0,0.0
2022-02-10 00:00:00-05:00,22.8700008392334,23.860000610351562,22.600000381469727,23.1200008392334,42465600,0.0,0.0
2022-02-11 00:00:00-05:00,23.18000030517578,23.639999389648438,21.989999771118164,22.040000915527344,51041700,0.0,0.0
2022-02-14 00:00:00-05:00,22.0,22.520000457763672,21.270000457763672,21.360000610351562,36570700,0.0,0.0
2022-02-15 00:00:00-05:00,22.219999313354492,22.8700008392334,22.049999237060547,22.780000686645508,31683800,0.0,0.0
2022-02-16 00:00:00-05:00,22.780000686645508,23.639999389648438,22.6200008392334,23.309999465942383,40609500,0.0,0.0
2022-02-17 00:00:00-05:00,22.899999618530273,23.18000030517578,22.270000457763672,22.420000076293945,25412100,0.0,0.0
2022-02-18 00:00:00-05:00,22.420000076293945,22.770000457763672,21.959999084472656,22.170000076293945,29897300,0.0,0.0
2022-02-22 00:00:00-05:00,21.549999237060547,22.190000534057617,21.350000381469727,21.510000228881836,34908600,0.0,0.0
2022-02-23 00:00:00-05:00,21.8799991607666,22.0,20.190000534057617,20.209999084472656,36958200,0.0,0.0
2022-02-24 00:00:00-05:00,18.84000015258789,20.709999084472656,18.649999618530273,20.6299991607666,49931700,0.0,0.0
2022-02-25 00:00:00-05:00,20.700000762939453,21.399999618530273,20.290000915527344,21.100000381469727,34048000,0.0,0.0
2022-02-28 00:00:00-05:00,20.6299991607666,20.790000915527344,19.81999969482422,20.329999923706055,48343800,0.0,0.0
2022-03-01 00:00:00-05:00,19.969999313354492,20.030000686645508,18.610000610351562,18.860000610351562,55954900,0.0,0.0
2022-03-02 00:00:00-05:00,19.1200008392334,19.59000015258789,18.690000534057617,19.020000457763672,41781800,0.0,0.0
2022-03-03 00:00:00-05:00,19.260000228881836,19.709999084472656,18.110000610351562,18.270000457763672,40969400,0.0,0.0
2022-03-04 00:00:00-05:00,17.850000381469727,18.06999969482422,17.020000457763672,17.229999542236328,56989800,0.0,0.0
2022-03-07 00:00:00-05:00,17.299999237060547,17.479999542236328,15.520000457763672,15.529999732971191,67688600,0.0,0.0
2022-03-08 00:00:00-05:00,15.680000305175781,16.549999237060547,14.9399995803833,15.880000114440918,68269000,0.0,0.0
2022-03-09 00:00:00-05:00,16.90999984741211,17.780000686645508,16.850000381469727,17.270000457763672,58123200,0.0,0.0
2022-03-10 00:00:00-05:00,16.81999969482422,18.229999542236328,16.709999084472656,17.649999618530273,42701100,0.0,0.0
2022-03-11 00:00:00-05:00,17.93000030517578,18.0,17.18000030517578,17.209999084472656,28443500,0.0,0.0
2022-03-14 00:00:00-04:00,17.299999237060547,17.8799991607666,16.84000015258789,17.1200008392334,31014800,0.0,0.0
2022-03-15 00:00:00-04:00,17.43000030517578,18.190000534057617,17.34000015258789,18.040000915527344,40891100,0.0,0.0
2022-03-16 00:00:00-04:00,18.280000686645508,19.440000534057617,18.09000015258789,19.329999923706055,51372500,0.0,0.0
2022-03-17 00:00:00-04:00,18.719999313354492,19.15999984741211,18.219999313354492,19.149999618530273,38740600,0.0,0.0
2022-03-18 00:00:00-04:00,18.770000457763672,19.540000915527344,18.68000030517578,19.459999084472656,32136300,0.0,0.0
2022-03-21 00:00:00-04:00,19.209999084472656,19.209999084472656,18.59000015258789,18.950000762939453,32803500,0.0,0.0
2022-03-22 00:00:00-04:00,18.639999389648438,19.299999237060547,18.3700008392334,18.93000030517578,43514800,0.0,0.0
2022-03-23 00:00:00-04:00,18.709999084472656,18.899999618530273,18.239999771118164,18.299999237060547,27832900,0.0,0.0
2022-03-24 00:00:00-04:00,18.309999465942383,18.520000457763672,17.829999923706055,18.489999771118164,31280500,0.0,0.0
2022-03-25 00:00:00-04:00,18.440000534057617,18.75,18.229999542236328,18.389999389648438,25947400,0.0,0.0
2022-03-28 00:00:00-04:00,18.59000015258789,19.43000030517578,18.520000457763672,19.399999618530273,32494500,0.0,0.0
2022-03-29 00:00:00-04:00,19.959999084472656,20.399999618530273,19.670000076293945,19.93000030517578,40091600,0.0,0.0
2022-03-30 00:00:00-04:00,19.579999923706055,19.920000076293945,19.450000762939453,19.600000381469727,24681700,0.0,0.0
2022-03-31 00:00:00-04:00,19.6299991607666,20.540000915527344,19.510000228881836,20.219999313354492,42409900,0.0,0.0
2022-04-01 00:00:00-04:00,20.350000381469727,20.459999084472656,19.68000030517578,20.049999237060547,27871800,0.0,0.0
2022-04-04 00:00:00-04:00,19.920000076293945,19.940000534057617,19.350000381469727,19.739999771118164,25523400,0.0,0.0
2022-04-05 00:00:00-04:00,20.690000534057617,21.5,20.139999389648438,20.219999313354492,68213000,0.0,0.0
2022-04-06 00:00:00-04:00,19.829999923706055,19.889999389648438,18.860000610351562,18.93000030517578,44802800,0.0,0.0
2022-04-07 00:00:00-04:00,18.889999389648438,18.920000076293945,18.059999465942383,18.739999771118164,42475400,0.0,0.0
2022-04-08 00:00:00-04:00,18.600000381469727,18.729999542236328,18.040000915527344,18.34000015258789,28731700,0.0,0.0
2022-04-11 00:00:00-04:00,18.1299991607666,19.020000457763672,17.989999771118164,18.540000915527344,27851900,0.0,0.0
2022-04-12 00:00:00-04:00,18.770000457763672,18.950000762939453,18.360000610351562,18.510000228881836,23404200,0.0,0.0
2022-04-13 00:00:00-04:00,18.799999237060547,19.639999389648438,18.780000686645508,19.510000228881836,35391100,0.0,0.0
2022-04-14 00:00:00-04:00,19.709999084472656,20.09000015258789,19.450000762939453,19.559999465942383,25316700,0.0,0.0
2022-04-18 00:00:00-04:00,19.440000534057617,19.59000015258789,18.969999313354492,19.040000915527344,18700700,0.0,0.0
2022-04-19 00:00:00-04:00,19.110000610351562,20.079999923706055,19.110000610351562,19.90999984741211,28760200,0.0,0.0
2022-04-20 00:00:00-04:00,19.959999084472656,20.329999923706055,19.6200008392334,19.6200008392334,21267000,0.0,0.0
2022-04-21 00:00:00-04:00,20.479999542236328,20.6299991607666,19.389999389648438,19.510000228881836,37800100,0.0,0.0
2022-04-22 00:00:00-04:00,19.469999313354492,19.68000030517578,18.75,18.84000015258789,25671500,0.0,0.0
2022-04-25 00:00:00-04:00,18.729999542236328,18.889999389648438,18.34000015258789,18.8799991607666,27164700,0.0,0.0
2022-04-26 00:00:00-04:00,18.84000015258789,18.8799991607666,17.43000030517578,17.5,44476200,0.0,0.0
2022-04-27 00:00:00-04:00,17.600000381469727,17.899999618530273,17.149999618530273,17.40999984741211,35893100,0.0,0.0
2022-04-28 00:00:00-04:00,17.729999542236328,18.0,17.1200008392334,17.829999923706055,30952100,0.0,0.0
2022-04-29 00:00:00-04:00,17.760000228881836,18.200000762939453,17.239999771118164,17.299999237060547,22197100,0.0,0.0
2022-05-02 00:00:00-04:00,17.309999465942383,17.479999542236328,16.729999542236328,17.350000381469727,34360800,0.0,0.0
2022-05-03 00:00:00-04:00,17.6299991607666,17.829999923706055,17.110000610351562,17.489999771118164,28177600,0.0,0.0
2022-05-04 00:00:00-04:00,17.420000076293945,17.729999542236328,16.690000534057617,17.729999542236328,37917900,0.0,0.0
2022-05-05 00:00:00-04:00,17.299999237060547,17.540000915527344,16.360000610351562,16.540000915527344,44517800,0.0,0.0
2022-05-06 00:00:00-04:00,16.420000076293945,16.559999465942383,15.59000015258789,15.920000076293945,43828900,0.0,0.0
2022-05-09 00:00:00-04:00,15.550000190734863,15.619999885559082,14.050000190734863,14.140000343322754,55563200,0.0,0.0
2022-05-10 00:00:00-04:00,14.8100004196167,15.029999732971191,13.819999694824219,14.1899995803833,46996200,0.0,0.0
2022-05-11 00:00:00-04:00,14.25,14.739999771118164,13.520000457763672,13.550000190734863,40917100,0.0,0.0
2022-05-12 00:00:00-04:00,13.260000228881836,13.859999656677246,12.720000267028809,13.260000228881836,53708800,0.0,0.0
2022-05-13 00:00:00-04:00,13.550000190734863,14.5,13.550000190734863,14.279999732971191,40862000,0.0,0.0
2022-05-16 00:00:00-04:00,14.270000457763672,14.529999732971191,14.029999732971191,14.09000015258789,29771800,0.0,0.0
2022-05-17 00:00:00-04:00,14.510000228881836,14.960000038146973,14.319999694824219,14.869999885559082,29133500,0.0,0.0
2022-05-18 00:00:00-04:00,14.609999656677246,14.829999923706055,13.699999809265137,13.84000015258789,36536400,0.0,0.0
2022-05-19 00:00:00-04:00,13.670000076293945,13.9399995803833,13.489999771118164,13.579999923706055,37716400,0.0,0.0
2022-05-20 00:00:00-04:00,13.8100004196167,13.960000038146973,12.699999809265137,13.130000114440918,45620600,0.0,0.0
2022-05-23 00:00:00-04:00,13.119999885559082,13.1899995803833,12.539999961853027,13.109999656677246,41410400,0.0,0.0
2022-05-24 00:00:00-04:00,12.84000015258789,12.869999885559082,11.5600004196167,11.760000228881836,63216500,0.0,0.0
2022-05-25 00:00:00-04:00,11.649999618530273,12.3100004196167,11.609999656677246,12.180000305175781,38049800,0.0,0.0
2022-05-26 00:00:00-04:00,12.300000190734863,13.470000267028809,12.300000190734863,13.210000038146973,49498400,0.0,0.0
2022-05-27 00:00:00-04:00,13.350000381469727,13.970000267028809,13.329999923706055,13.970000267028809,35625500,0.0,0.0
2022-05-31 00:00:00-04:00,13.859999656677246,14.170000076293945,13.720000267028809,13.880000114440918,38118300,0.0,0.0
2022-06-01 00:00:00-04:00,14.039999961853027,14.199999809265137,13.149999618530273,13.470000267028809,33402900,0.0,0.0
2022-06-02 00:00:00-04:00,13.489999771118164,14.0600004196167,13.390000343322754,14.0600004196167,34067200,0.0,0.0
2022-06-03 00:00:00-04:00,13.649999618530273,13.890000343322754,13.34000015258789,13.510000228881836,27169400,0.0,0.0
2022-06-06 00:00:00-04:00,13.670000076293945,13.800000190734863,13.34000015258789,13.609999656677246,26843100,0.0,0.0
2022-06-07 00:00:00-04:00,13.300000190734863,13.8100004196167,13.210000038146973,13.779999732971191,23383200,0.0,0.0
2022-06-08 00:00:00-04:00,13.350000381469727,13.5600004196167,12.920000076293945,12.930000305175781,43179100,0.0,0.0
2022-06-09 00:00:00-04:00,12.819999694824219,12.850000381469727,11.729999542236328,11.729999542236328,63169100,0.0,0.0
2022-06-10 00:00:00-04:00,11.5600004196167,12.069999694824219,11.039999961853027,11.050000190734863,67279900,0.0,0.0
2022-06-13 00:00:00-04:00,10.529999732971191,10.539999961853027,9.770000457763672,9.90999984741211,71269000,0.0,0.0
2022-06-14 00:00:00-04:00,10.010000228881836,10.170000076293945,9.40999984741211,9.520000457763672,59250200,0.0,0.0
2022-06-15 00:00:00-04:00,9.640000343322754,10.020000457763672,9.510000228881836,9.84000015258789,67274100,0.0,0.0
2022-06-16 00:00:00-04:00,9.430000305175781,9.489999771118164,8.699999809265137,8.75,76859100,0.0,0.0
2022-06-17 00:00:00-04:00,8.90999984741211,9.640000343322754,8.75,9.600000381469727,69584400,0.0,0.0
2022-06-21 00:00:00-04:00,9.6899995803833,9.789999961853027,9.430000305175781,9.569999694824219,49067200,0.0,0.0
2022-06-22 00:00:00-04:00,9.359999656677246,9.829999923706055,9.279999732971191,9.619999885559082,38634600,0.0,0.0
2022-06-23 00:00:00-04:00,9.619999885559082,9.739999771118164,9.220000267028809,9.649999618530273,48309600,0.0,0.0
2022-06-24 00:00:00-04:00,9.720000267028809,10.880000114440918,9.479999542236328,10.850000381469727,85277300,0.0,0.0
2022-06-27 00:00:00-04:00,10.729999542236328,10.8100004196167,10.180000305175781,10.550000190734863,52876800,0.0,0.0
2022-06-28 00:00:00-04:00,10.489999771118164,11.050000190734863,10.3100004196167,10.329999923706055,46295200,0.0,0.0
2022-06-29 00:00:00-04:00,9.489999771118164,9.600000381469727,8.65999984741211,8.869999885559082,109730900,0.0,0.0
2022-06-30 00:00:00-04:00,8.65999984741211,8.8100004196167,8.100000381469727,8.649999618530273,74706500,0.0,0.0
2022-07-01 00:00:00-04:00,8.609999656677246,8.970000267028809,8.529999732971191,8.819999694824219,51985500,0.0,0.0
2022-07-05 00:00:00-04:00,8.539999961853027,9.40999984741211,8.149999618530273,9.380000114440918,69309900,0.0,0.0
2022-07-06 00:00:00-04:00,9.25,9.529999732971191,8.699999809265137,8.739999771118164,52642200,0.0,0.0
2022-07-07 00:00:00-04:00,8.949999809265137,9.449999809265137,8.930000305175781,9.329999923706055,46116100,0.0,0.0
2022-07-08 00:00:00-04:00,9.210000038146973,9.430000305175781,8.9399995803833,9.010000228881836,45688300,0.0,0.0
2022-07-11 00:00:00-04:00,8.960000038146973,8.970000267028809,8.460000038146973,8.489999771118164,40155700,0.0,0.0
2022-07-12 00:00:00-04:00,8.479999542236328,9.270000457763672,8.430000305175781,9.130000114440918,65626100,0.0,0.0
2022-07-13 00:00:00-04:00,8.729999542236328,9.130000114440918,8.649999618530273,9.0,41433700,0.0,0.0
2022-07-14 00:00:00-04:00,8.819999694824219,9.0,8.649999618530273,8.710000038146973,40652900,0.0,0.0
2022-07-15 00:00:00-04:00,8.880000114440918,9.1899995803833,8.710000038146973,9.180000305175781,44346700,0.0,0.0
2022-07-18 00:00:00-04:00,9.430000305175781,10.119999885559082,9.430000305175781,9.649999618530273,66343700,0.0,0.0
2022-07-19 00:00:00-04:00,10.020000457763672,10.40999984741211,9.989999771118164,10.359999656677246,60355900,0.0,0.0
2022-07-20 00:00:00-04:00,10.34000015258789,11.100000381469727,10.279999732971191,11.09000015258789,69920800,0.0,0.0
2022-07-21 00:00:00-04:00,9.670000076293945,9.899999618530273,9.420000076293945,9.850000381469727,144225000,0.0,0.0
2022-07-22 00:00:00-04:00,9.899999618530273,9.989999771118164,9.149999618530273,9.260000228881836,100507900,0.0,0.0
2022-07-25 00:00:00-04:00,9.260000228881836,9.289999961853027,8.84000015258789,9.180000305175781,54848200,0.0,0.0
2022-07-26 00:00:00-04:00,9.069999694824219,9.100000381469727,8.460000038146973,8.5,68820200,0.0,0.0
2022-07-27 00:00:00-04:00,8.789999961853027,8.890000343322754,8.470000267028809,8.850000381469727,66105600,0.0,0.0
2022-07-28 00:00:00-04:00,8.970000267028809,9.380000114440918,8.569999694824219,9.100000381469727,58406700,0.0,0.0
2022-07-29 00:00:00-04:00,9.010000228881836,9.180000305175781,8.770000457763672,9.0600004196167,40901800,0.0,0.0
2022-08-01 00:00:00-04:00,8.899999618530273,8.979999542236328,8.569999694824219,8.920000076293945,54740900,0.0,0.0
2022-08-02 00:00:00-04:00,8.770000457763672,9.640000343322754,8.670000076293945,9.350000381469727,56616000,0.0,0.0
2022-08-03 00:00:00-04:00,9.5,9.8100004196167,9.470000267028809,9.789999961853027,45506500,0.0,0.0
2022-08-04 00:00:00-04:00,9.770000457763672,9.9399995803833,9.600000381469727,9.75,40094000,0.0,0.0
2022-08-05 00:00:00-04:00,9.529999732971191,10.050000190734863,9.479999542236328,9.819999694824219,42444200,0.0,0.0
2022-08-08 00:00:00-04:00,10.039999961853027,10.489999771118164,9.779999732971191,10.010000228881836,67345200,0.0,0.0
2022-08-09 00:00:00-04:00,9.710000038146973,9.760000228881836,9.260000228881836,9.470000267028809,51552800,0.0,0.0
2022-08-10 00:00:00-04:00,9.890000343322754,10.609999656677246,9.819999694824219,10.34000015258789,71504000,0.0,0.0
2022-08-11 00:00:00-04:00,10.84000015258789,10.949999809265137,10.4399995803833,10.539999961853027,50079000,0.0,0.0
2022-08-12 00:00:00-04:00,10.710000038146973,10.789999961853027,10.449999809265137,10.720000267028809,39632900,0.0,0.0
2022-08-15 00:00:00-04:00,10.5600004196167,10.789999961853027,10.420000076293945,10.710000038146973,34057500,0.0,0.0
2022-08-16 00:00:00-04:00,10.630000114440918,11.380000114440918,10.40999984741211,11.1899995803833,59639300,0.0,0.0
2022-08-17 00:00:00-04:00,10.970000267028809,10.970000267028809,10.399999618530273,10.5600004196167,53063700,0.0,0.0
2022-08-18 00:00:00-04:00,10.5600004196167,10.569999694824219,10.199999809265137,10.449999809265137,47229500,0.0,0.0
2022-08-19 00:00:00-04:00,10.140000343322754,10.239999771118164,9.699999809265137,9.869999885559082,50379400,0.0,0.0
2022-08-22 00:00:00-04:00,9.539999961853027,9.630000114440918,9.350000381469727,9.390000343322754,35610400,0.0,0.0
2022-08-23 00:00:00-04:00,9.479999542236328,9.739999771118164,9.449999809265137,9.539999961853027,37301800,0.0,0.0
2022-08-24 00:00:00-04:00,9.510000228881836,10.949999809265137,9.489999771118164,10.050000190734863,37870300,0.0,0.0
2022-08-25 00:00:00-04:00,10.239999771118164,10.6899995803833,10.210000038146973,10.539999961853027,47824200,0.0,0.0
2022-08-26 00:00:00-04:00,10.619999885559082,10.859999656677246,9.970000267028809,9.970000267028809,46325500,0.0,0.0
2022-08-29 00:00:00-04:00,9.760000228881836,10.039999961853027,9.640000343322754,9.829999923706055,31611600,0.0,0.0
2022-08-30 00:00:00-04:00,10.069999694824219,10.329999923706055,9.569999694824219,9.770000457763672,41537700,0.0,0.0
2022-08-31 00:00:00-04:00,9.90999984741211,9.960000038146973,9.449999809265137,9.460000038146973,43196800,0.0,0.0
2022-09-01 00:00:00-04:00,9.289999961853027,9.359999656677246,8.9399995803833,9.350000381469727,43701600,0.0,0.0
2022-09-02 00:00:00-04:00,9.59000015258789,9.710000038146973,9.270000457763672,9.369999885559082,39677800,0.0,0.0
2022-09-06 00:00:00-04:00,9.550000190734863,9.720000267028809,9.149999618530273,9.4399995803833,35375100,0.0,0.0
2022-09-07 00:00:00-04:00,9.390000343322754,9.869999885559082,9.390000343322754,9.819999694824219,38557200,0.0,0.0
2022-09-08 00:00:00-04:00,9.569999694824219,10.100000381469727,9.539999961853027,10.079999923706055,41765200,0.0,0.0
2022-09-09 00:00:00-04:00,10.229999542236328,10.520000457763672,10.210000038146973,10.399999618530273,47276400,0.0,0.0
2022-09-12 00:00:00-04:00,10.539999961853027,10.789999961853027,10.399999618530273,10.600000381469727,34324800,0.0,0.0
2022-09-13 00:00:00-04:00,10.069999694824219,10.460000038146973,9.960000038146973,10.239999771118164,41934000,0.0,0.0
2022-09-14 00:00:00-04:00,10.140000343322754,10.59000015258789,9.930000305175781,10.569999694824219,38845700,0.0,0.0
2022-09-15 00:00:00-04:00,10.460000038146973,11.1899995803833,10.449999809265137,10.920000076293945,59124100,0.0,0.0
2022-09-16 00:00:00-04:00,10.710000038146973,10.8100004196167,10.460000038146973,10.760000228881836,47810800,0.0,0.0
2022-09-19 00:00:00-04:00,10.65999984741211,11.140000343322754,10.619999885559082,10.779999732971191,37564600,0.0,0.0
2022-09-20 00:00:00-04:00,10.880000114440918,10.989999771118164,10.399999618530273,10.420000076293945,47008400,0.0,0.0
2022-09-21 00:00:00-04:00,10.319999694824219,10.359999656677246,9.699999809265137,9.710000038146973,67793100,0.0,0.0
2022-09-22 00:00:00-04:00,9.739999771118164,9.930000305175781,9.399999618530273,9.640000343322754,62079500,0.0,0.0
2022-09-23 00:00:00-04:00,9.229999542236328,9.34000015258789,8.739999771118164,8.949999809265137,79394400,0.0,0.0
2022-09-26 00:00:00-04:00,8.989999771118164,9.359999656677246,8.880000114440918,8.899999618530273,56042300,0.0,0.0
2022-09-27 00:00:00-04:00,9.199999809265137,9.550000190734863,9.020000457763672,9.220000267028809,64007800,0.0,0.0
2022-09-28 00:00:00-04:00,9.199999809265137,9.850000381469727,9.130000114440918,9.829999923706055,65649300,0.0,0.0
2022-09-29 00:00:00-04:00,9.609999656677246,9.65999984741211,9.020000457763672,9.15999984741211,57340600,0.0,0.0
2022-09-30 00:00:00-04:00,8.449999809265137,8.510000228881836,7.010000228881836,7.03000020980835,237674800,0.0,0.0
2022-10-03 00:00:00-04:00,7.170000076293945,7.190000057220459,6.579999923706055,6.849999904632568,104262100,0.0,0.0
2022-10-04 00:00:00-04:00,7.099999904632568,7.820000171661377,7.079999923706055,7.760000228881836,117870500,0.0,0.0
2022-10-05 00:00:00-04:00,7.46999979019165,7.570000171661377,7.170000076293945,7.429999828338623,82831500,0.0,0.0
2022-10-06 00:00:00-04:00,7.369999885559082,7.610000133514404,6.96999979019165,6.980000019073486,86819900,0.0,0.0
2022-10-07 00:00:00-04:00,6.900000095367432,6.989999771118164,6.570000171661377,6.760000228881836,82260200,0.0,0.0
2022-10-10 00:00:00-04:00,6.730000019073486,6.820000171661377,6.150000095367432,6.380000114440918,82505700,0.0,0.0
2022-10-11 00:00:00-04:00,6.420000076293945,6.739999771118164,6.110000133514404,6.639999866485596,73379000,0.0,0.0
2022-10-12 00:00:00-04:00,6.639999866485596,7.389999866485596,6.550000190734863,7.309999942779541,97735700,0.0,0.0
2022-10-13 00:00:00-04:00,6.989999771118164,7.320000171661377,6.849999904632568,7.099999904632568,81275600,0.0,0.0
2022-10-14 00:00:00-04:00,7.269999980926514,7.429999828338623,7.010000228881836,7.130000114440918,63672500,0.0,0.0
2022-10-17 00:00:00-04:00,7.380000114440918,7.46999979019165,7.170000076293945,7.269999980926514,52393700,0.0,0.0
2022-10-18 00:00:00-04:00,7.699999809265137,8.239999771118164,7.679999828338623,8.079999923706055,116496300,0.0,0.0
2022-10-19 00:00:00-04:00,8.020000457763672,8.140000343322754,7.619999885559082,7.679999828338623,70897600,0.0,0.0
2022-10-20 00:00:00-04:00,7.71999979019165,8.289999961853027,7.710000038146973,8.0,59658500,0.0,0.0
2022-10-21 00:00:00-04:00,7.929999828338623,8.220000267028809,7.789999961853027,8.199999809265137,57281000,0.0,0.0
2022-10-24 00:00:00-04:00,8.109999656677246,8.279999732971191,7.920000076293945,8.220000267028809,51101500,0.0,0.0
2022-10-25 00:00:00-04:00,8.270000457763672,8.680000305175781,8.210000038146973,8.619999885559082,52082000,0.0,0.0
2022-10-26 00:00:00-04:00,8.59000015258789,9.130000114440918,8.569999694824219,8.670000076293945,58695700,0.0,0.0
2022-10-27 00:00:00-04:00,8.800000190734863,8.960000038146973,8.640000343322754,8.649999618530273,48689900,0.0,0.0
2022-10-28 00:00:00-04:00,8.5600004196167,8.949999809265137,8.479999542236328,8.9399995803833,42739400,0.0,0.0
2022-10-31 00:00:00-04:00,9.020000457763672,9.149999618530273,8.800000190734863,9.0600004196167,49289000,0.0,0.0
2022-11-01 00:00:00-04:00,9.390000343322754,9.489999771118164,9.039999961853027,9.050000190734863,52041000,0.0,0.0
2022-11-02 00:00:00-04:00,9.010000228881836,9.260000228881836,8.649999618530273,8.6899995803833,52525000,0.0,0.0
2022-11-03 00:00:00-04:00,8.34000015258789,9.069999694824219,8.25,8.829999923706055,63837000,0.0,0.0
2022-11-04 00:00:00-04:00,9.119999885559082,9.319999694824219,8.84000015258789,9.0,51717100,0.0,0.0
2022-11-07 00:00:00-05:00,9.069999694824219,9.079999923706055,8.569999694824219,8.760000228881836,46375900,0.0,0.0
2022-11-08 00:00:00-05:00,8.90999984741211,9.229999542236328,8.829999923706055,9.100000381469727,53290100,0.0,0.0
2022-11-09 00:00:00-05:00,9.0,9.020000457763672,8.520000457763672,8.5600004196167,41664900,0.0,0.0
2022-11-10 00:00:00-05:00,9.119999885559082,9.8100004196167,9.079999923706055,9.779999732971191,84559500,0.0,0.0
2022-11-11 00:00:00-05:00,10.170000076293945,10.449999809265137,9.760000228881836,10.350000381469727,69889400,0.0,0.0
2022-11-14 00:00:00-05:00,10.40999984741211,10.75,10.220000267028809,10.600000381469727,70950200,0.0,0.0
2022-11-15 00:00:00-05:00,10.989999771118164,11.489999771118164,10.960000038146973,11.15999984741211,106425900,0.0,0.0
2022-11-16 00:00:00-05:00,9.779999732971191,9.819999694824219,9.489999771118164,9.630000114440918,124544100,0.0,0.0
2022-11-17 00:00:00-05:00,9.369999885559082,9.569999694824219,9.149999618530273,9.510000228881836,45732600,0.0,0.0
2022-11-18 00:00:00-05:00,9.699999809265137,9.729999542236328,9.390000343322754,9.470000267028809,38882000,0.0,0.0
2022-11-21 00:00:00-05:00,9.460000038146973,9.529999732971191,9.130000114440918,9.319999694824219,38776300,0.0,0.0
2022-11-22 00:00:00-05:00,9.359999656677246,9.5600004196167,9.180000305175781,9.470000267028809,36685900,0.0,0.0
2022-11-23 00:00:00-05:00,9.489999771118164,9.779999732971191,9.390000343322754,9.729999542236328,44422600,0.0,0.0
2022-11-25 00:00:00-05:00,9.699999809265137,9.930000305175781,9.640000343322754,9.729999542236328,23780800,0.0,0.0
2022-11-28 00:00:00-05:00,9.579999923706055,9.729999542236328,9.270000457763672,9.319999694824219,32078200,0.0,0.0
2022-11-29 00:00:00-05:00,9.359999656677246,9.789999961853027,9.319999694824219,9.75,46085800,0.0,0.0
2022-11-30 00:00:00-05:00,9.8100004196167,9.9399995803833,9.40999984741211,9.930000305175781,65648500,0.0,0.0
2022-12-01 00:00:00-05:00,9.960000038146973,10.289999961853027,9.899999618530273,9.970000267028809,52863100,0.0,0.0
2022-12-02 00:00:00-05:00,9.729999542236328,10.039999961853027,9.449999809265137,10.0,48326900,0.0,0.0
2022-12-05 00:00:00-05:00,9.890000343322754,10.270000457763672,9.630000114440918,9.680000305175781,52424100,0.0,0.0
2022-12-06 00:00:00-05:00,9.699999809265137,9.760000228881836,9.170000076293945,9.300000190734863,50508400,0.0,0.0
2022-12-07 00:00:00-05:00,9.220000267028809,9.350000381469727,8.859999656677246,8.890000343322754,52196200,0.0,0.0
2022-12-08 00:00:00-05:00,9.0,9.239999771118164,8.9399995803833,9.029999732971191,37881700,0.0,0.0
2022-12-09 00:00:00-05:00,9.020000457763672,9.130000114440918,8.850000381469727,8.869999885559082,37684100,0.0,0.0
2022-12-12 00:00:00-05:00,8.770000457763672,9.010000228881836,8.569999694824219,9.010000228881836,44353700,0.0,0.0
2022-12-13 00:00:00-05:00,9.600000381469727,9.670000076293945,8.720000267028809,8.90999984741211,62156900,0.0,0.0
2022-12-14 00:00:00-05:00,8.880000114440918,9.109999656677246,8.710000038146973,8.930000305175781,57877700,0.0,0.0
2022-12-15 00:00:00-05:00,8.720000267028809,8.949999809265137,8.470000267028809,8.630000114440918,52117200,0.0,0.0
2022-12-16 00:00:00-05:00,8.489999771118164,8.699999809265137,8.350000381469727,8.449999809265137,43358200,0.0,0.0
2022-12-19 00:00:00-05:00,8.479999542236328,8.489999771118164,8.020000457763672,8.09000015258789,41998400,0.0,0.0
2022-12-20 00:00:00-05:00,7.949999809265137,8.270000457763672,7.929999828338623,8.100000381469727,49501000,0.0,0.0
2022-12-21 00:00:00-05:00,7.880000114440918,8.789999961853027,7.78000020980835,8.479999542236328,77709700,0.0,0.0
2022-12-22 00:00:00-05:00,8.470000267028809,8.5,7.630000114440918,7.880000114440918,64849100,0.0,0.0
2022-12-23 00:00:00-05:00,7.860000133514404,7.940000057220459,7.53000020980835,7.809999942779541,39623700,0.0,0.0
2022-12-27 00:00:00-05:00,7.78000020980835,7.900000095367432,7.550000190734863,7.670000076293945,37674800,0.0,0.0
2022-12-28 00:00:00-05:00,7.710000038146973,7.909999847412109,7.630000114440918,7.670000076293945,34112400,0.0,0.0
2022-12-29 00:00:00-05:00,7.730000019073486,8.100000381469727,7.699999809265137,8.079999923706055,38092700,0.0,0.0
2022-12-30 00:00:00-05:00,7.980000019073486,8.220000267028809,7.929999828338623,8.0600004196167,30690600,0.0,0.0
2023-01-03 00:00:00-05:00,8.239999771118164,8.319999694824219,7.920000076293945,7.96999979019165,33965200,0.0,0.0
2023-01-04 00:00:00-05:00,8.069999694824219,8.760000228881836,7.980000019073486,8.739999771118164,52046600,0.0,0.0
2023-01-05 00:00:00-05:00,8.569999694824219,8.989999771118164,8.470000267028809,8.949999809265137,35689900,0.0,0.0
2023-01-06 00:00:00-05:00,9.0,9.229999542236328,8.829999923706055,9.199999809265137,40099600,0.0,0.0
2023-01-09 00:00:00-05:00,9.260000228881836,9.640000343322754,9.210000038146973,9.470000267028809,44454500,0.0,0.0
2023-01-10 00:00:00-05:00,9.420000076293945,9.710000038146973,9.260000228881836,9.680000305175781,38995500,0.0,0.0
2023-01-11 00:00:00-05:00,9.75,9.899999618530273,9.65999984741211,9.859999656677246,33668900,0.0,0.0
2023-01-12 00:00:00-05:00,10.0600004196167,10.289999961853027,9.859999656677246,10.279999732971191,48425800,0.0,0.0
2023-01-13 00:00:00-05:00,10.149999618530273,10.609999656677246,10.140000343322754,10.510000228881836,41626900,0.0,0.0
2023-01-17 00:00:00-05:00,10.609999656677246,10.9399995803833,10.430000305175781,10.880000114440918,48197800,0.0,0.0
2023-01-18 00:00:00-05:00,11.09000015258789,11.170000076293945,10.34000015258789,10.430000305175781,57513800,0.0,0.0
2023-01-19 00:00:00-05:00,10.130000114440918,10.239999771118164,9.920000076293945,10.119999885559082,44119300,0.0,0.0
2023-01-20 00:00:00-05:00,10.279999732971191,10.619999885559082,10.15999984741211,10.470000267028809,39941600,0.0,0.0
2023-01-23 00:00:00-05:00,10.640000343322754,10.829999923706055,10.529999732971191,10.720000267028809,34611400,0.0,0.0
2023-01-24 00:00:00-05:00,10.720000267028809,10.960000038146973,10.399999618530273,10.680000305175781,33317400,0.0,0.0
2023-01-25 00:00:00-05:00,10.489999771118164,10.899999618530273,10.380000114440918,10.880000114440918,29042400,0.0,0.0
2023-01-26 00:00:00-05:00,11.0,11.09000015258789,10.569999694824219,10.630000114440918,32096200,0.0,0.0
2023-01-27 00:00:00-05:00,10.779999732971191,11.25,10.760000228881836,11.020000457763672,50631600,0.0,0.0
2023-01-30 00:00:00-05:00,10.829999923706055,11.220000267028809,10.609999656677246,10.640000343322754,35766600,0.0,0.0
2023-01-31 00:00:00-05:00,10.779999732971191,10.829999923706055,10.579999923706055,10.819999694824219,30246300,0.0,0.0
2023-02-01 00:00:00-05:00,10.819999694824219,11.420000076293945,10.619999885559082,11.34000015258789,47240000,0.0,0.0
2023-02-02 00:00:00-05:00,11.720000267028809,12.260000228881836,11.470000267028809,12.039999961853027,61194400,0.0,0.0
2023-02-03 00:00:00-05:00,11.789999961853027,12.149999618530273,11.680000305175781,11.800000190734863,35978400,0.0,0.0
2023-02-06 00:00:00-05:00,11.600000381469727,11.899999618530273,11.550000190734863,11.869999885559082,33494900,0.0,0.0
2023-02-07 00:00:00-05:00,12.149999618530273,12.619999885559082,11.699999809265137,12.1899995803833,70218900,0.0,0.0
2023-02-08 00:00:00-05:00,12.319999694824219,12.399999618530273,11.84000015258789,11.869999885559082,38275600,0.0,0.0
2023-02-09 00:00:00-05:00,11.949999809265137,12.130000114440918,11.359999656677246,11.529999732971191,34305000,0.0,0.0
2023-02-10 00:00:00-05:00,11.369999885559082,11.449999809265137,11.010000228881836,11.15999984741211,39694500,0.0,0.0
2023-02-13 00:00:00-05:00,11.220000267028809,11.710000038146973,11.130000114440918,11.640000343322754,28988700,0.0,0.0
2023-02-14 00:00:00-05:00,11.550000190734863,11.960000038146973,11.390000343322754,11.880000114440918,34073000,0.0,0.0
2023-02-15 00:00:00-05:00,11.819999694824219,12.210000038146973,11.630000114440918,12.1899995803833,34244000,0.0,0.0
2023-02-16 00:00:00-05:00,12.0,12.0,11.569999694824219,11.600000381469727,30227800,0.0,0.0
2023-02-17 00:00:00-05:00,11.510000228881836,11.569999694824219,11.15999984741211,11.289999961853027,31103300,0.0,0.0
2023-02-21 00:00:00-05:00,11.119999885559082,11.279999732971191,11.029999732971191,11.130000114440918,20923500,0.0,0.0
2023-02-22 00:00:00-05:00,11.069999694824219,11.34000015258789,10.880000114440918,11.039999961853027,25605800,0.0,0.0
2023-02-23 00:00:00-05:00,11.15999984741211,11.220000267028809,10.670000076293945,10.890000343322754,28657500,0.0,0.0
2023-02-24 00:00:00-05:00,10.680000305175781,10.760000228881836,10.380000114440918,10.59000015258789,32077800,0.0,0.0
2023-02-27 00:00:00-05:00,10.819999694824219,10.989999771118164,10.760000228881836,10.829999923706055,23336700,0.0,0.0
2023-02-28 00:00:00-05:00,10.5600004196167,10.699999809265137,10.25,10.619999885559082,39800000,0.0,0.0
2023-03-01 00:00:00-05:00,10.619999885559082,10.760000228881836,10.510000228881836,10.59000015258789,26906600,0.0,0.0
2023-03-02 00:00:00-05:00,10.4399995803833,10.800000190734863,10.350000381469727,10.760000228881836,22463300,0.0,0.0
2023-03-03 00:00:00-05:00,10.989999771118164,11.199999809265137,10.850000381469727,11.109999656677246,29919900,0.0,0.0
2023-03-06 00:00:00-05:00,11.1899995803833,11.529999732971191,11.069999694824219,11.069999694824219,32128800,0.0,0.0
2023-03-07 00:00:00-05:00,11.0600004196167,11.199999809265137,10.859999656677246,10.869999885559082,24794000,0.0,0.0
2023-03-08 00:00:00-05:00,10.850000381469727,10.970000267028809,10.449999809265137,10.529999732971191,29901000,0.0,0.0
2023-03-09 00:00:00-05:00,10.510000228881836,10.59000015258789,9.9399995803833,9.989999771118164,37505400,0.0,0.0
2023-03-10 00:00:00-05:00,9.960000038146973,10.069999694824219,9.520000457763672,9.6899995803833,46525200,0.0,0.0
2023-03-13 00:00:00-04:00,9.4399995803833,9.5600004196167,9.109999656677246,9.239999771118164,50015700,0.0,0.0
2023-03-14 00:00:00-04:00,9.470000267028809,9.5600004196167,9.010000228881836,9.069999694824219,45033700,0.0,0.0
2023-03-15 00:00:00-04:00,8.720000267028809,8.890000343322754,8.369999885559082,8.729999542236328,54438600,0.0,0.0
2023-03-16 00:00:00-04:00,8.550000190734863,9.15999984741211,8.489999771118164,9.029999732971191,51497900,0.0,0.0
2023-03-17 00:00:00-04:00,8.890000343322754,8.979999542236328,8.550000190734863,8.550000190734863,53049200,0.0,0.0
2023-03-20 00:00:00-04:00,8.579999923706055,8.890000343322754,8.520000457763672,8.609999656677246,45019800,0.0,0.0
2023-03-21 00:00:00-04:00,8.949999809265137,9.210000038146973,8.949999809265137,9.119999885559082,43641300,0.0,0.0
2023-03-22 00:00:00-04:00,9.149999618530273,9.460000038146973,8.970000267028809,8.989999771118164,47728500,0.0,0.0
2023-03-23 00:00:00-04:00,9.050000190734863,9.5600004196167,8.989999771118164,9.220000267028809,57700900,0.0,0.0
2023-03-24 00:00:00-04:00,9.079999923706055,9.270000457763672,8.960000038146973,9.229999542236328,45523800,0.0,0.0
2023-03-27 00:00:00-04:00,9.529999732971191,9.720000267028809,8.680000305175781,8.789999961853027,93540200,0.0,0.0
2023-03-28 00:00:00-04:00,8.9399995803833,9.479999542236328,8.9399995803833,9.329999923706055,72930100,0.0,0.0
2023-03-29 00:00:00-04:00,9.670000076293945,9.960000038146973,9.569999694824219,9.890000343322754,55593500,0.0,0.0
2023-03-30 00:00:00-04:00,10.119999885559082,10.300000190734863,10.0600004196167,10.15999984741211,46584200,0.0,0.0
2023-03-31 00:00:00-04:00,10.279999732971191,10.350000381469727,10.0600004196167,10.149999618530273,37314300,0.0,0.0
2023-04-03 00:00:00-04:00,9.979999542236328,10.069999694824219,9.819999694824219,9.970000267028809,39031900,0.0,0.0
2023-04-04 00:00:00-04:00,10.069999694824219,10.119999885559082,9.550000190734863,9.850000381469727,38016300,0.0,0.0
2023-04-05 00:00:00-04:00,9.779999732971191,9.890000343322754,9.609999656677246,9.65999984741211,25510600,0.0,0.0
2023-04-06 00:00:00-04:00,9.720000267028809,9.880000114440918,9.539999961853027,9.729999542236328,28095400,0.0,0.0
2023-04-10 00:00:00-04:00,9.600000381469727,9.890000343322754,9.5600004196167,9.869999885559082,24047400,0.0,0.0
2023-04-11 00:00:00-04:00,9.90999984741211,10.140000343322754,9.789999961853027,10.039999961853027,26263500,0.0,0.0
2023-04-12 00:00:00-04:00,10.1899995803833,10.229999542236328,9.600000381469727,9.619999885559082,34149900,0.0,0.0
2023-04-13 00:00:00-04:00,9.720000267028809,9.850000381469727,9.699999809265137,9.770000457763672,21807900,0.0,0.0
2023-04-14 00:00:00-04:00,9.819999694824219,9.869999885559082,9.550000190734863,9.600000381469727,21640200,0.0,0.0
2023-04-17 00:00:00-04:00,9.619999885559082,9.800000190734863,9.510000228881836,9.75,24539000,0.0,0.0
2023-04-18 00:00:00-04:00,9.760000228881836,9.859999656677246,9.65999984741211,9.84000015258789,22055200,0.0,0.0
2023-04-19 00:00:00-04:00,9.699999809265137,9.850000381469727,9.520000457763672,9.800000190734863,25981000,0.0,0.0
2023-04-20 00:00:00-04:00,9.630000114440918,9.65999984741211,9.300000190734863,9.329999923706055,38877300,0.0,0.0
2023-04-21 00:00:00-04:00,9.300000190734863,9.380000114440918,9.069999694824219,9.380000114440918,28720300,0.0,0.0
2023-04-24 00:00:00-04:00,9.319999694824219,9.4399995803833,9.140000343322754,9.279999732971191,23084800,0.0,0.0
2023-04-25 00:00:00-04:00,9.270000457763672,9.270000457763672,8.90999984741211,8.960000038146973,27625300,0.0,0.0
2023-04-26 00:00:00-04:00,9.029999732971191,9.079999923706055,8.699999809265137,8.760000228881836,33804600,0.0,0.0
2023-04-27 00:00:00-04:00,8.90999984741211,8.960000038146973,8.720000267028809,8.899999618530273,25196300,0.0,0.0
2023-04-28 00:00:00-04:00,8.84000015258789,9.300000190734863,8.829999923706055,9.210000038146973,34200500,0.0,0.0
2023-05-01 00:00:00-04:00,9.270000457763672,9.630000114440918,9.210000038146973,9.489999771118164,43945100,0.0,0.0
2023-05-02 00:00:00-04:00,9.380000114440918,9.539999961853027,9.170000076293945,9.449999809265137,33396200,0.0,0.0
2023-05-03 00:00:00-04:00,9.460000038146973,9.699999809265137,9.40999984741211,9.430000305175781,28997800,0.0,0.0
2023-05-04 00:00:00-04:00,9.779999732971191,9.84000015258789,9.210000038146973,9.390000343322754,51862300,0.0,0.0
2023-05-05 00:00:00-04:00,9.539999961853027,10.09000015258789,9.529999732971191,10.010000228881836,52156100,0.0,0.0
2023-05-08 00:00:00-04:00,10.149999618530273,10.65999984741211,10.039999961853027,10.609999656677246,44199800,0.0,0.0
2023-05-09 00:00:00-04:00,10.489999771118164,10.710000038146973,10.380000114440918,10.649999618530273,26602000,0.0,0.0
2023-05-10 00:00:00-04:00,10.800000190734863,10.890000343322754,10.34000015258789,10.489999771118164,29655000,0.0,0.0
2023-05-11 00:00:00-04:00,10.369999885559082,10.489999771118164,10.15999984741211,10.239999771118164,25870000,0.0,0.0
2023-05-12 00:00:00-04:00,10.25,10.260000228881836,9.680000305175781,9.829999923706055,29797400,0.0,0.0
2023-05-15 00:00:00-04:00,9.859999656677246,10.380000114440918,9.819999694824219,10.3100004196167,27705900,0.0,0.0
2023-05-16 00:00:00-04:00,10.260000228881836,10.640000343322754,10.069999694824219,10.359999656677246,30032700,0.0,0.0
2023-05-17 00:00:00-04:00,10.40999984741211,11.180000305175781,10.399999618530273,11.039999961853027,53763700,0.0,0.0
2023-05-18 00:00:00-04:00,10.970000267028809,11.319999694824219,10.970000267028809,11.279999732971191,33835000,0.0,0.0
2023-05-19 00:00:00-04:00,11.170000076293945,11.220000267028809,10.8100004196167,10.9399995803833,28822700,0.0,0.0
2023-05-22 00:00:00-04:00,11.069999694824219,11.279999732971191,10.829999923706055,11.220000267028809,24221100,0.0,0.0
2023-05-23 00:00:00-04:00,11.119999885559082,11.529999732971191,11.020000457763672,11.039999961853027,31999100,0.0,0.0
2023-05-24 00:00:00-04:00,10.84000015258789,10.859999656677246,10.380000114440918,10.670000076293945,34266800,0.0,0.0
2023-05-25 00:00:00-04:00,11.0,11.220000267028809,10.869999885559082,11.0,40944700,0.0,0.0
2023-05-26 00:00:00-04:00,11.149999618530273,11.369999885559082,11.149999618530273,11.279999732971191,30569800,0.0,0.0
2023-05-30 00:00:00-04:00,11.5,11.84000015258789,11.199999809265137,11.380000114440918,32709100,0.0,0.0
2023-05-31 00:00:00-04:00,11.399999618530273,11.449999809265137,10.9399995803833,11.229999542236328,32724100,0.0,0.0
2023-06-01 00:00:00-04:00,11.319999694824219,11.930000305175781,11.199999809265137,11.850000381469727,39965900,0.0,0.0
2023-06-02 00:00:00-04:00,12.039999961853027,12.279999732971191,11.899999618530273,12.180000305175781,36332300,0.0,0.0
2023-06-05 00:00:00-04:00,12.170000076293945,12.380000114440918,12.079999923706055,12.300000190734863,26125500,0.0,0.0
2023-06-06 00:00:00-04:00,12.229999542236328,12.84000015258789,12.199999809265137,12.770000457763672,32243400,0.0,0.0
2023-06-07 00:00:00-04:00,12.869999885559082,13.180000305175781,12.8100004196167,13.029999732971191,38518700,0.0,0.0
2023-06-08 00:00:00-04:00,12.850000381469727,12.970000267028809,12.699999809265137,12.75,31998400,0.0,0.0
2023-06-09 00:00:00-04:00,12.880000114440918,13.390000343322754,12.850000381469727,13.09000015258789,34064600,0.0,0.0
2023-06-12 00:00:00-04:00,13.9399995803833,15.100000381469727,13.84000015258789,14.720000267028809,126582800,0.0,0.0
2023-06-13 00:00:00-04:00,15.0600004196167,15.369999885559082,14.739999771118164,15.34000015258789,68046100,0.0,0.0
2023-06-14 00:00:00-04:00,15.510000228881836,15.779999732971191,15.1899995803833,15.600000381469727,59729300,0.0,0.0
2023-06-15 00:00:00-04:00,15.449999809265137,16.15999984741211,15.40999984741211,16.1200008392334,64037400,0.0,0.0
2023-06-16 00:00:00-04:00,16.299999237060547,16.399999618530273,15.6899995803833,15.800000190734863,51111900,0.0,0.0
2023-06-20 00:00:00-04:00,15.989999771118164,16.059999465942383,15.699999809265137,15.899999618530273,37891000,0.0,0.0
2023-06-21 00:00:00-04:00,15.880000114440918,16.18000030517578,15.449999809265137,15.890000343322754,37155600,0.0,0.0
2023-06-22 00:00:00-04:00,15.739999771118164,15.960000038146973,15.59000015258789,15.760000228881836,23564100,0.0,0.0
2023-06-23 00:00:00-04:00,15.489999771118164,16.0,15.430000305175781,15.800000190734863,39855000,0.0,0.0
2023-06-26 00:00:00-04:00,14.979999542236328,15.039999961853027,13.899999618530273,14.600000381469727,107033000,0.0,0.0
2023-06-27 00:00:00-04:00,14.75,15.90999984741211,14.699999809265137,15.890000343322754,62431700,0.0,0.0
2023-06-28 00:00:00-04:00,15.9399995803833,17.489999771118164,15.880000114440918,17.290000915527344,96977000,0.0,0.0
2023-06-29 00:00:00-04:00,17.25,17.75,16.8799991607666,17.15999984741211,60301600,0.0,0.0
2023-06-30 00:00:00-04:00,17.799999237060547,18.8799991607666,17.6200008392334,18.829999923706055,115111200,0.0,0.0
2023-07-03 00:00:00-04:00,18.549999237060547,19.190000534057617,18.43000030517578,18.959999084472656,44829000,0.0,0.0
2023-07-05 00:00:00-04:00,18.93000030517578,19.549999237060547,18.799999237060547,19.209999084472656,55764800,0.0,0.0
2023-07-06 00:00:00-04:00,18.829999923706055,19.040000915527344,18.149999618530273,18.860000610351562,56532200,0.0,0.0
2023-07-07 00:00:00-04:00,18.81999969482422,19.459999084472656,18.81999969482422,19.040000915527344,44380200,0.0,0.0
2023-07-10 00:00:00-04:00,19.030000686645508,19.389999389648438,18.969999313354492,19.299999237060547,39739700,0.0,0.0
2023-07-11 00:00:00-04:00,19.309999465942383,19.3799991607666,18.65999984741211,18.899999618530273,43404900,0.0,0.0
2023-07-12 00:00:00-04:00,19.15999984741211,19.15999984741211,18.190000534057617,18.219999313354492,55581800,0.0,0.0
2023-07-13 00:00:00-04:00,18.299999237060547,18.479999542236328,17.719999313354492,17.75,49645400,0.0,0.0
2023-07-14 00:00:00-04:00,17.739999771118164,17.940000534057617,17.100000381469727,17.229999542236328,41398100,0.0,0.0
2023-07-17 00:00:00-04:00,17.350000381469727,17.979999542236328,17.34000015258789,17.709999084472656,35689400,0.0,0.0
2023-07-18 00:00:00-04:00,17.889999389648438,18.579999923706055,17.850000381469727,18.25,39141300,0.0,0.0
2023-07-19 00:00:00-04:00,18.489999771118164,18.5,17.889999389648438,18.149999618530273,35920000,0.0,0.0
2023-07-20 00:00:00-04:00,18.0,18.15999984741211,17.610000610351562,17.649999618530273,32239300,0.0,0.0
2023-07-21 00:00:00-04:00,17.600000381469727,17.899999618530273,17.56999969482422,17.8799991607666,27228300,0.0,0.0
2023-07-24 00:00:00-04:00,17.8799991607666,18.010000228881836,17.219999313354492,17.850000381469727,28805300,0.0,0.0
2023-07-25 00:00:00-04:00,17.709999084472656,17.780000686645508,17.34000015258789,17.450000762939453,26368800,0.0,0.0
2023-07-26 00:00:00-04:00,17.5,17.739999771118164,17.329999923706055,17.649999618530273,23856600,0.0,0.0
2023-07-27 00:00:00-04:00,18.6200008392334,18.809999465942383,18.09000015258789,18.219999313354492,50553800,0.0,0.0
2023-07-28 00:00:00-04:00,18.360000610351562,18.719999313354492,18.360000610351562,18.489999771118164,24508400,0.0,0.0
2023-07-31 00:00:00-04:00,18.760000228881836,18.860000610351562,18.5,18.84000015258789,27014200,0.0,0.0
2023-08-01 00:00:00-04:00,18.15999984741211,18.40999984741211,17.479999542236328,17.989999771118164,42573300,0.0,0.0
2023-08-02 00:00:00-04:00,17.6200008392334,17.940000534057617,17.549999237060547,17.719999313354492,25360500,0.0,0.0
2023-08-03 00:00:00-04:00,17.56999969482422,17.899999618530273,17.389999389648438,17.559999465942383,22112300,0.0,0.0
2023-08-04 00:00:00-04:00,17.6200008392334,17.649999618530273,17.079999923706055,17.15999984741211,26799300,0.0,0.0
2023-08-07 00:00:00-04:00,17.389999389648438,18.049999237060547,17.389999389648438,18.040000915527344,29955200,0.0,0.0
2023-08-08 00:00:00-04:00,17.760000228881836,17.950000762939453,17.510000228881836,17.920000076293945,21033700,0.0,0.0
2023-08-09 00:00:00-04:00,17.989999771118164,18.1299991607666,17.260000228881836,17.270000457763672,24718700,0.0,0.0
2023-08-10 00:00:00-04:00,17.459999084472656,17.709999084472656,17.18000030517578,17.360000610351562,22120800,0.0,0.0
2023-08-11 00:00:00-04:00,17.1200008392334,17.149999618530273,16.68000030517578,16.790000915527344,26491300,0.0,0.0
2023-08-14 00:00:00-04:00,16.600000381469727,16.850000381469727,16.479999542236328,16.829999923706055,20464000,0.0,0.0
2023-08-15 00:00:00-04:00,16.649999618530273,16.829999923706055,16.489999771118164,16.610000610351562,17912200,0.0,0.0
2023-08-16 00:00:00-04:00,16.479999542236328,16.610000610351562,16.15999984741211,16.18000030517578,22550600,0.0,0.0
2023-08-17 00:00:00-04:00,16.260000228881836,16.290000915527344,15.800000190734863,15.800000190734863,27220500,0.0,0.0
2023-08-18 00:00:00-04:00,15.4399995803833,15.84000015258789,15.390000343322754,15.59000015258789,25707700,0.0,0.0
2023-08-21 00:00:00-04:00,15.770000457763672,15.850000381469727,15.5,15.710000038146973,18829000,0.0,0.0
2023-08-22 00:00:00-04:00,15.789999961853027,15.859999656677246,15.430000305175781,15.65999984741211,20250500,0.0,0.0
2023-08-23 00:00:00-04:00,15.699999809265137,16.389999389648438,15.489999771118164,16.25,29806800,0.0,0.0
2023-08-24 00:00:00-04:00,16.170000076293945,16.329999923706055,15.699999809265137,15.710000038146973,21392500,0.0,0.0
2023-08-25 00:00:00-04:00,15.720000267028809,15.989999771118164,15.550000190734863,15.899999618530273,19060500,0.0,0.0
2023-08-28 00:00:00-04:00,15.920000076293945,16.09000015258789,15.680000305175781,15.710000038146973,19018100,0.0,0.0
2023-08-29 00:00:00-04:00,15.59000015258789,16.1200008392334,15.430000305175781,16.040000915527344,17645000,0.0,0.0
2023-08-30 00:00:00-04:00,16.170000076293945,16.239999771118164,15.829999923706055,15.869999885559082,18121700,0.0,0.0
2023-08-31 00:00:00-04:00,15.850000381469727,16.040000915527344,15.6899995803833,15.819999694824219,21797600,0.0,0.0
2023-09-01 00:00:00-04:00,15.829999923706055,16.059999465942383,15.579999923706055,15.729999542236328,16767300,0.0,0.0
2023-09-05 00:00:00-04:00,15.569999694824219,15.569999694824219,14.920000076293945,15.369999885559082,31023200,0.0,0.0
2023-09-06 00:00:00-04:00,15.109999656677246,15.489999771118164,15.039999961853027,15.430000305175781,19238600,0.0,0.0
2023-09-07 00:00:00-04:00,15.25,15.359999656677246,14.989999771118164,15.300000190734863,18761400,0.0,0.0
2023-09-08 00:00:00-04:00,15.210000038146973,15.520000457763672,15.09000015258789,15.300000190734863,13695000,0.0,0.0
2023-09-11 00:00:00-04:00,15.5600004196167,15.600000381469727,14.949999809265137,15.479999542236328,18092800,0.0,0.0
2023-09-12 00:00:00-04:00,15.319999694824219,15.640000343322754,15.229999542236328,15.460000038146973,15495000,0.0,0.0
2023-09-13 00:00:00-04:00,15.15999984741211,15.270000457763672,14.920000076293945,15.020000457763672,23991200,0.0,0.0
2023-09-14 00:00:00-04:00,15.350000381469727,15.779999732971191,15.260000228881836,15.630000114440918,24656700,0.0,0.0
2023-09-15 00:00:00-04:00,15.539999961853027,15.619999885559082,15.109999656677246,15.1899995803833,24302500,0.0,0.0
2023-09-18 00:00:00-04:00,15.140000343322754,15.210000038146973,14.979999542236328,15.039999961853027,19251100,0.0,0.0
2023-09-19 00:00:00-04:00,15.0600004196167,15.579999923706055,15.0,15.09000015258789,23552300,0.0,0.0
2023-09-20 00:00:00-04:00,15.239999771118164,15.300000190734863,14.640000343322754,14.649999618530273,22637100,0.0,0.0
2023-09-21 00:00:00-04:00,14.449999809265137,14.6899995803833,14.270000457763672,14.449999809265137,22663700,0.0,0.0
2023-09-22 00:00:00-04:00,14.65999984741211,14.670000076293945,14.010000228881836,14.050000190734863,21291500,0.0,0.0
2023-09-25 00:00:00-04:00,13.550000190734863,14.050000190734863,13.380000114440918,13.899999618530273,29506500,0.0,0.0
2023-09-26 00:00:00-04:00,13.670000076293945,13.970000267028809,13.649999618530273,13.760000228881836,26210700,0.0,0.0
2023-09-27 00:00:00-04:00,13.890000343322754,14.180000305175781,13.720000267028809,13.979999542236328,25160200,0.0,0.0
2023-09-28 00:00:00-04:00,13.65999984741211,14.640000343322754,13.640000343322754,14.4399995803833,45202200,0.0,0.0
2023-09-29 00:00:00-04:00,14.649999618530273,15.239999771118164,13.239999771118164,13.720000267028809,91954900,0.0,0.0
2023-10-02 00:00:00-04:00,13.5,14.170000076293945,13.420000076293945,13.640000343322754,38918600,0.0,0.0
2023-10-03 00:00:00-04:00,13.369999885559082,13.510000228881836,12.649999618530273,12.739999771118164,53693600,0.0,0.0
2023-10-04 00:00:00-04:00,12.84000015258789,13.229999542236328,12.819999694824219,13.09000015258789,35704600,0.0,0.0
2023-10-05 00:00:00-04:00,13.270000457763672,13.649999618530273,13.100000381469727,13.300000190734863,24169100,0.0,0.0
2023-10-06 00:00:00-04:00,13.069999694824219,13.470000267028809,12.989999771118164,13.260000228881836,26188700,0.0,0.0
2023-10-09 00:00:00-04:00,12.65999984741211,12.760000228881836,12.279999732971191,12.6899995803833,37982300,0.0,0.0
2023-10-10 00:00:00-04:00,12.819999694824219,13.289999961853027,12.800000190734863,12.899999618530273,26502400,0.0,0.0
2023-10-11 00:00:00-04:00,12.920000076293945,13.010000228881836,12.489999771118164,12.649999618530273,25157700,0.0,0.0
2023-10-12 00:00:00-04:00,12.6899995803833,12.920000076293945,12.34000015258789,12.600000381469727,28842100,0.0,0.0
2023-10-13 00:00:00-04:00,12.380000114440918,12.520000457763672,12.149999618530273,12.260000228881836,25958500,0.0,0.0
2023-10-16 00:00:00-04:00,12.470000267028809,12.529999732971191,12.239999771118164,12.359999656677246,28778300,0.0,0.0
2023-10-17 00:00:00-04:00,12.270000457763672,12.65999984741211,12.229999542236328,12.5,22430900,0.0,0.0
2023-10-18 00:00:00-04:00,12.300000190734863,12.34000015258789,11.670000076293945,11.6899995803833,37759500,0.0,0.0
2023-10-19 00:00:00-04:00,11.59000015258789,11.720000267028809,11.34000015258789,11.390000343322754,36476100,0.0,0.0
2023-10-20 00:00:00-04:00,11.239999771118164,11.390000343322754,11.020000457763672,11.029999732971191,33490700,0.0,0.0
2023-10-23 00:00:00-04:00,10.979999542236328,11.640000343322754,10.84000015258789,11.380000114440918,41028400,0.0,0.0
2023-10-24 00:00:00-04:00,11.510000228881836,11.729999542236328,11.399999618530273,11.449999809265137,23219100,0.0,0.0
2023-10-25 00:00:00-04:00,11.319999694824219,11.470000267028809,11.239999771118164,11.270000457763672,22471300,0.0,0.0
2023-10-26 00:00:00-04:00,11.640000343322754,11.739999771118164,10.949999809265137,11.369999885559082,38025200,0.0,0.0
2023-10-27 00:00:00-04:00,11.5600004196167,11.579999923706055,11.010000228881836,11.130000114440918,25951000,0.0,0.0
2023-10-30 00:00:00-04:00,11.359999656677246,11.5,11.1899995803833,11.399999618530273,28263900,0.0,0.0
2023-10-31 00:00:00-04:00,11.430000305175781,11.479999542236328,11.100000381469727,11.460000038146973,25679000,0.0,0.0
2023-11-01 00:00:00-04:00,11.449999809265137,11.569999694824219,11.119999885559082,11.300000190734863,26672000,0.0,0.0
2023-11-02 00:00:00-04:00,11.619999885559082,12.039999961853027,11.609999656677246,11.899999618530273,30172100,0.0,0.0
2023-11-03 00:00:00-04:00,12.1899995803833,12.819999694824219,12.15999984741211,12.550000190734863,43517900,0.0,0.0
2023-11-06 00:00:00-05:00,12.649999618530273,12.739999771118164,12.020000457763672,12.260000228881836,30665400,0.0,0.0
2023-11-07 00:00:00-05:00,12.25,12.569999694824219,12.15999984741211,12.5600004196167,22553000,0.0,0.0
2023-11-08 00:00:00-05:00,12.609999656677246,12.970000267028809,12.510000228881836,12.789999961853027,30333400,0.0,0.0
2023-11-09 00:00:00-05:00,12.800000190734863,12.920000076293945,12.25,12.3100004196167,22164800,0.0,0.0
2023-11-10 00:00:00-05:00,12.300000190734863,12.8100004196167,12.229999542236328,12.760000228881836,21955600,0.0,0.0
2023-11-13 00:00:00-05:00,12.630000114440918,12.829999923706055,12.449999809265137,12.779999732971191,19364700,0.0,0.0
2023-11-14 00:00:00-05:00,13.579999923706055,14.119999885559082,13.329999923706055,13.890000343322754,46888800,0.0,0.0
2023-11-15 00:00:00-05:00,14.1899995803833,14.649999618530273,14.149999618530273,14.569999694824219,45858300,0.0,0.0
2023-11-16 00:00:00-05:00,14.489999771118164,14.829999923706055,14.40999984741211,14.8100004196167,31253700,0.0,0.0
2023-11-17 00:00:00-05:00,14.920000076293945,15.010000228881836,14.640000343322754,14.789999961853027,25665200,0.0,0.0
2023-11-20 00:00:00-05:00,14.75,15.0,14.550000190734863,14.569999694824219,23870500,0.0,0.0
2023-11-21 00:00:00-05:00,14.319999694824219,14.359999656677246,13.880000114440918,14.199999809265137,26656000,0.0,0.0
2023-11-22 00:00:00-05:00,14.5,14.84000015258789,14.40999984741211,14.470000267028809,26064700,0.0,0.0
2023-11-24 00:00:00-05:00,14.270000457763672,14.460000038146973,14.119999885559082,14.40999984741211,8927300,0.0,0.0
2023-11-27 00:00:00-05:00,14.380000114440918,14.739999771118164,14.359999656677246,14.619999885559082,21496800,0.0,0.0
2023-11-28 00:00:00-05:00,14.680000305175781,14.779999732971191,14.479999542236328,14.630000114440918,18419200,0.0,0.0
2023-11-29 00:00:00-05:00,14.8100004196167,15.300000190734863,14.760000228881836,14.90999984741211,27451400,0.0,0.0
2023-11-30 00:00:00-05:00,15.09000015258789,15.1899995803833,14.829999923706055,15.0600004196167,30451000,0.0,0.0
2023-12-01 00:00:00-05:00,15.119999885559082,15.770000457763672,15.029999732971191,15.760000228881836,31943600,0.0,0.0
2023-12-04 00:00:00-05:00,15.75,16.40999984741211,15.75,16.350000381469727,36854500,0.0,0.0
2023-12-05 00:00:00-05:00,16.200000762939453,16.6200008392334,16.149999618530273,16.5,27681700,0.0,0.0
2023-12-06 00:00:00-05:00,16.81999969482422,17.81999969482422,16.799999237060547,17.479999542236328,43374500,0.0,0.0
2023-12-07 00:00:00-05:00,17.549999237060547,18.040000915527344,17.43000030517578,17.93000030517578,33502900,0.0,0.0
2023-12-08 00:00:00-05:00,17.920000076293945,18.139999389648438,17.84000015258789,18.110000610351562,32727000,0.0,0.0
2023-12-11 00:00:00-05:00,18.010000228881836,18.059999465942383,17.459999084472656,17.6299991607666,34179200,0.0,0.0
2023-12-12 00:00:00-05:00,17.639999389648438,18.049999237060547,17.610000610351562,17.81999969482422,22240600,0.0,0.0
2023-12-13 00:00:00-05:00,17.75,18.299999237060547,17.6200008392334,18.270000457763672,38465400,0.0,0.0
2023-12-14 00:00:00-05:00,18.5,19.229999542236328,18.479999542236328,18.780000686645508,41074500,0.0,0.0
2023-12-15 00:00:00-05:00,18.68000030517578,18.950000762939453,18.549999237060547,18.610000610351562,36118100,0.0,0.0
2023-12-18 00:00:00-05:00,18.530000686645508,18.719999313354492,18.209999084472656,18.360000610351562,26063300,0.0,0.0
2023-12-19 00:00:00-05:00,18.450000762939453,18.860000610351562,18.399999618530273,18.709999084472656,27102200,0.0,0.0
2023-12-20 00:00:00-05:00,18.639999389648438,18.799999237060547,18.059999465942383,18.06999969482422,34109700,0.0,0.0
2023-12-21 00:00:00-05:00,18.5,19.5,18.329999923706055,19.190000534057617,63822500,0.0,0.0
2023-12-22 00:00:00-05:00,19.139999389648438,19.739999771118164,18.700000762939453,18.93000030517578,38240400,0.0,0.0
2023-12-26 00:00:00-05:00,18.790000915527344,18.860000610351562,18.360000610351562,18.610000610351562,26668600,0.0,0.0
2023-12-27 00:00:00-05:00,18.399999618530273,18.610000610351562,18.200000762939453,18.540000915527344,25594200,0.0,0.0
2023-12-28 00:00:00-05:00,18.6200008392334,18.760000228881836,18.540000915527344,18.670000076293945,17540700,0.0,0.0
2023-12-29 00:00:00-05:00,18.639999389648438,18.8799991607666,18.530000686645508,18.540000915527344,25436700,0.0,0.0
2024-01-02 00:00:00-05:00,18.309999465942383,18.34000015258789,17.209999084472656,17.290000915527344,36400200,0.0,0.0
2024-01-03 00:00:00-05:00,16.760000228881836,16.899999618530273,16.260000228881836,16.350000381469727,43978500,0.0,0.0
2024-01-04 00:00:00-05:00,16.350000381469727,17.100000381469727,16.299999237060547,16.850000381469727,33978600,0.0,0.0
2024-01-05 00:00:00-05:00,16.899999618530273,17.559999465942383,16.850000381469727,17.329999923706055,34785400,0.0,0.0
2024-01-08 00:00:00-05:00,17.40999984741211,17.579999923706055,17.040000915527344,17.350000381469727,26151600,0.0,0.0
2024-01-09 00:00:00-05:00,17.049999237060547,17.559999465942383,17.049999237060547,17.3799991607666,21013000,0.0,0.0
2024-01-10 00:00:00-05:00,17.260000228881836,17.829999923706055,17.190000534057617,17.780000686645508,24717400,0.0,0.0
2024-01-11 00:00:00-05:00,17.739999771118164,17.780000686645508,17.15999984741211,17.530000686645508,23338900,0.0,0.0
2024-01-12 00:00:00-05:00,17.530000686645508,17.530000686645508,16.739999771118164,16.959999084472656,24801400,0.0,0.0
2024-01-16 00:00:00-05:00,16.649999618530273,17.100000381469727,16.530000686645508,17.030000686645508,24477200,0.0,0.0
2024-01-17 00:00:00-05:00,16.56999969482422,16.979999542236328,16.56999969482422,16.860000610351562,15919000,0.0,0.0
2024-01-18 00:00:00-05:00,17.1200008392334,17.649999618530273,16.84000015258789,17.280000686645508,31558400,0.0,0.0
2024-01-19 00:00:00-05:00,17.219999313354492,17.350000381469727,16.81999969482422,17.329999923706055,21539400,0.0,0.0
2024-01-22 00:00:00-05:00,17.5,17.549999237060547,16.389999389648438,16.639999389648438,54155000,0.0,0.0
2024-01-23 00:00:00-05:00,16.510000228881836,16.780000686645508,16.209999084472656,16.25,40097200,0.0,0.0
2024-01-24 00:00:00-05:00,16.5,16.75,16.059999465942383,16.079999923706055,35602600,0.0,0.0
2024-01-25 00:00:00-05:00,16.280000686645508,16.5,16.209999084472656,16.469999313354492,40046700,0.0,0.0
2024-01-26 00:00:00-05:00,16.5,16.510000228881836,15.8100004196167,15.829999923706055,39896600,0.0,0.0
2024-01-29 00:00:00-05:00,15.699999809265137,16.549999237060547,15.6899995803833,16.549999237060547,37138300,0.0,0.0
2024-01-30 00:00:00-05:00,16.809999465942383,17.200000762939453,16.389999389648438,16.469999313354492,42567900,0.0,0.0
2024-01-31 00:00:00-05:00,16.399999618530273,17.18000030517578,16.350000381469727,16.579999923706055,37512800,0.0,0.0
2024-02-01 00:00:00-05:00,17.09000015258789,17.239999771118164,16.219999313354492,16.799999237060547,41876600,0.0,0.0
2024-02-02 00:00:00-05:00,16.6299991607666,16.65999984741211,16.139999389648438,16.440000534057617,32332100,0.0,0.0
2024-02-05 00:00:00-05:00,16.209999084472656,16.25,15.640000343322754,15.829999923706055,32575500,0.0,0.0
2024-02-06 00:00:00-05:00,15.760000228881836,16.1299991607666,15.5600004196167,15.970000267028809,22660700,0.0,0.0
2024-02-07 00:00:00-05:00,16.0,16.030000686645508,15.609999656677246,15.720000267028809,27082300,0.0,0.0
2024-02-08 00:00:00-05:00,15.640000343322754,15.789999961853027,15.420000076293945,15.6899995803833,25545000,0.0,0.0
2024-02-09 00:00:00-05:00,15.680000305175781,15.739999771118164,14.960000038146973,15.3100004196167,45686600,0.0,0.0
2024-02-12 00:00:00-05:00,15.329999923706055,15.640000343322754,15.279999732971191,15.489999771118164,28026400,0.0,0.0
2024-02-13 00:00:00-05:00,15.029999732971191,15.239999771118164,14.899999618530273,15.119999885559082,26733700,0.0,0.0
2024-02-14 00:00:00-05:00,15.260000228881836,15.359999656677246,14.84000015258789,15.270000457763672,25927100,0.0,0.0
2024-02-15 00:00:00-05:00,15.359999656677246,15.609999656677246,15.140000343322754,15.220000267028809,26700100,0.0,0.0
2024-02-16 00:00:00-05:00,15.020000457763672,15.119999885559082,14.770000457763672,14.800000190734863,24237600,0.0,0.0
2024-02-20 00:00:00-05:00,14.75,14.829999923706055,14.4399995803833,14.760000228881836,24917100,0.0,0.0
2024-02-21 00:00:00-05:00,14.619999885559082,14.75,14.539999961853027,14.710000038146973,18529500,0.0,0.0
2024-02-22 00:00:00-05:00,15.550000190734863,15.609999656677246,15.100000381469727,15.210000038146973,39773500,0.0,0.0
2024-02-23 00:00:00-05:00,15.039999961853027,15.460000038146973,14.949999809265137,15.229999542236328,26825200,0.0,0.0
2024-02-26 00:00:00-05:00,15.149999618530273,15.25,14.770000457763672,14.779999732971191,25467300,0.0,0.0
2024-02-27 00:00:00-05:00,16.010000228881836,16.209999084472656,15.489999771118164,15.90999984741211,56116000,0.0,0.0
2024-02-28 00:00:00-05:00,15.720000267028809,16.1200008392334,15.430000305175781,15.470000267028809,28772600,0.0,0.0
2024-02-29 00:00:00-05:00,15.520000457763672,15.9399995803833,15.4399995803833,15.859999656677246,34166800,0.0,0.0
2024-03-01 00:00:00-05:00,15.899999618530273,16.110000610351562,15.649999618530273,16.0,22562800,0.0,0.0
2024-03-04 00:00:00-05:00,16.059999465942383,16.40999984741211,16.020000457763672,16.06999969482422,26876000,0.0,0.0
2024-03-05 00:00:00-05:00,15.920000076293945,16.15999984741211,15.760000228881836,15.890000343322754,26446500,0.0,0.0
2024-03-06 00:00:00-05:00,16.149999618530273,16.329999923706055,15.880000114440918,16.010000228881836,21260400,0.0,0.0
2024-03-07 00:00:00-05:00,16.15999984741211,16.229999542236328,15.609999656677246,15.65999984741211,26335600,0.0,0.0
2024-03-08 00:00:00-05:00,15.960000038146973,16.780000686645508,15.680000305175781,16.3700008392334,44025100,0.0,0.0
2024-03-11 00:00:00-04:00,16.360000610351562,16.3799991607666,16.06999969482422,16.229999542236328,24125300,0.0,0.0
2024-03-12 00:00:00-04:00,16.239999771118164,16.25,15.90999984741211,16.239999771118164,22403600,0.0,0.0
2024-03-13 00:00:00-04:00,16.399999618530273,16.940000534057617,16.350000381469727,16.649999618530273,32798700,0.0,0.0
2024-03-14 00:00:00-04:00,16.540000915527344,16.6200008392334,16.139999389648438,16.200000762939453,23985100,0.0,0.0
2024-03-15 00:00:00-04:00,16.190000534057617,16.3799991607666,16.079999923706055,16.260000228881836,24012900,0.0,0.0
2024-03-18 00:00:00-04:00,16.360000610351562,16.649999618530273,16.1200008392334,16.190000534057617,25799400,0.0,0.0
2024-03-19 00:00:00-04:00,16.110000610351562,16.200000762939453,15.890000343322754,16.079999923706055,21516100,0.0,0.0
2024-03-20 00:00:00-04:00,16.079999923706055,16.850000381469727,16.040000915527344,16.850000381469727,29629800,0.0,0.0
2024-03-21 00:00:00-04:00,17.06999969482422,17.280000686645508,16.8700008392334,17.020000457763672,31116800,0.0,0.0
2024-03-22 00:00:00-04:00,17.06999969482422,17.18000030517578,16.959999084472656,17.079999923706055,18601300,0.0,0.0
2024-03-25 00:00:00-04:00,17.34000015258789,17.670000076293945,17.09000015258789,17.110000610351562,41079600,0.0,0.0
2024-03-26 00:00:00-04:00,17.450000762939453,17.6200008392334,16.790000915527344,17.030000686645508,65639200,0.0,0.0
2024-03-27 00:00:00-04:00,16.610000610351562,17.68000030517578,16.170000076293945,17.190000534057617,112964400,0.0,0.0
2024-03-28 00:00:00-04:00,17.0,17.1299991607666,16.309999465942383,16.34000015258789,60284300,0.0,0.0
2024-04-01 00:00:00-04:00,16.479999542236328,16.670000076293945,16.059999465942383,16.260000228881836,33043900,0.0,0.0
2024-04-02 00:00:00-04:00,15.84000015258789,15.880000114440918,15.40999984741211,15.479999542236328,35824500,0.0,0.0
2024-04-03 00:00:00-04:00,15.350000381469727,15.600000381469727,15.25,15.34000015258789,26613300,0.0,0.0
2024-04-04 00:00:00-04:00,15.59000015258789,15.800000190734863,14.979999542236328,15.0600004196167,35613200,0.0,0.0
2024-04-05 00:00:00-04:00,15.010000228881836,15.15999984741211,14.84000015258789,15.119999885559082,29861000,0.0,0.0
2024-04-08 00:00:00-04:00,15.25,15.680000305175781,15.239999771118164,15.65999984741211,26731500,0.0,0.0
2024-04-09 00:00:00-04:00,15.619999885559082,15.710000038146973,15.149999618530273,15.5,25736000,0.0,0.0
2024-04-10 00:00:00-04:00,15.149999618530273,15.34000015258789,14.789999961853027,14.949999809265137,33185600,0.0,0.0
2024-04-11 00:00:00-04:00,14.880000114440918,15.029999732971191,14.59000015258789,14.970000267028809,26083900,0.0,0.0
2024-04-12 00:00:00-04:00,14.710000038146973,14.739999771118164,14.229999542236328,14.359999656677246,34056700,0.0,0.0
2024-04-15 00:00:00-04:00,14.65999984741211,14.760000228881836,13.920000076293945,14.0600004196167,30780000,0.0,0.0
2024-04-16 00:00:00-04:00,14.020000457763672,14.079999923706055,13.800000190734863,13.899999618530273,27095100,0.0,0.0
2024-04-17 00:00:00-04:00,14.1899995803833,14.300000190734863,14.010000228881836,14.119999885559082,22639800,0.0,0.0
2024-04-18 00:00:00-04:00,14.210000038146973,14.5600004196167,14.15999984741211,14.180000305175781,23061100,0.0,0.0
2024-04-19 00:00:00-04:00,14.100000381469727,14.3100004196167,14.050000190734863,14.119999885559082,29493400,0.0,0.0
2024-04-22 00:00:00-04:00,14.350000381469727,14.40999984741211,14.069999694824219,14.279999732971191,24348300,0.0,0.0
2024-04-23 00:00:00-04:00,14.399999618530273,14.9399995803833,14.329999923706055,14.789999961853027,25455300,0.0,0.0
2024-04-24 00:00:00-04:00,14.829999923706055,15.050000190734863,14.770000457763672,15.010000228881836,24536500,0.0,0.0
2024-04-25 00:00:00-04:00,15.0600004196167,15.199999809265137,14.800000190734863,15.180000305175781,29288000,0.0,0.0
2024-04-26 00:00:00-04:00,15.180000305175781,15.229999542236328,14.90999984741211,15.079999923706055,20459000,0.0,0.0
2024-04-29 00:00:00-04:00,15.079999923706055,15.279999732971191,14.850000381469727,15.130000114440918,19562500,0.0,0.0
2024-04-30 00:00:00-04:00,14.949999809265137,15.140000343322754,14.770000457763672,14.819999694824219,22986100,0.0,0.0
2024-05-01 00:00:00-04:00,14.630000114440918,14.800000190734863,14.210000038146973,14.470000267028809,33933600,0.0,0.0
2024-05-02 00:00:00-04:00,14.609999656677246,14.680000305175781,14.359999656677246,14.460000038146973,19596400,0.0,0.0
2024-05-03 00:00:00-04:00,14.760000228881836,14.869999885559082,14.369999885559082,14.4399995803833,23570400,0.0,0.0
2024-05-06 00:00:00-04:00,14.59000015258789,14.710000038146973,14.4399995803833,14.600000381469727,29357200,0.0,0.0
2024-05-07 00:00:00-04:00,14.529999732971191,14.59000015258789,14.119999885559082,14.119999885559082,25935000,0.0,0.0
2024-05-08 00:00:00-04:00,14.020000457763672,14.329999923706055,13.979999542236328,14.300000190734863,23651400,0.0,0.0
2024-05-09 00:00:00-04:00,14.3100004196167,14.699999809265137,14.270000457763672,14.5600004196167,24245800,0.0,0.0
2024-05-10 00:00:00-04:00,14.630000114440918,14.630000114440918,14.34000015258789,14.430000305175781,16374000,0.0,0.0
2024-05-13 00:00:00-04:00,14.460000038146973,14.6899995803833,14.449999809265137,14.5600004196167,24898100,0.0,0.0
2024-05-14 00:00:00-04:00,14.680000305175781,14.760000228881836,14.40999984741211,14.520000457763672,24220000,0.0,0.0
2024-05-15 00:00:00-04:00,14.609999656677246,15.020000457763672,14.579999923706055,14.859999656677246,35205300,0.0,0.0
2024-05-16 00:00:00-04:00,14.9399995803833,15.079999923706055,14.819999694824219,14.899999618530273,29313600,0.0,0.0
2024-05-17 00:00:00-04:00,14.989999771118164,15.119999885559082,14.930000305175781,15.0,22775900,0.0,0.0
2024-05-20 00:00:00-04:00,15.390000343322754,16.239999771118164,15.3100004196167,16.09000015258789,53286300,0.0,0.0
2024-05-21 00:00:00-04:00,15.960000038146973,16.200000762939453,15.850000381469727,16.200000762939453,29685600,0.0,0.0
2024-05-22 00:00:00-04:00,16.139999389648438,16.190000534057617,15.59000015258789,15.649999618530273,29002500,0.0,0.0
2024-05-23 00:00:00-04:00,15.649999618530273,15.739999771118164,14.770000457763672,14.779999732971191,33957700,0.0,0.0
2024-05-24 00:00:00-04:00,14.8100004196167,15.140000343322754,14.800000190734863,15.130000114440918,21930800,0.0,0.0
2024-05-28 00:00:00-04:00,15.199999809265137,15.699999809265137,15.180000305175781,15.649999618530273,27374300,0.0,0.0
2024-05-29 00:00:00-04:00,15.210000038146973,15.300000190734863,14.739999771118164,15.220000267028809,37684800,0.0,0.0
2024-05-30 00:00:00-04:00,15.229999542236328,15.449999809265137,15.079999923706055,15.199999809265137,27430100,0.0,0.0
2024-05-31 00:00:00-04:00,15.300000190734863,15.430000305175781,14.960000038146973,15.079999923706055,27997800,0.0,0.0
2024-06-03 00:00:00-04:00,15.210000038146973,16.040000915527344,15.199999809265137,16.010000228881836,43854800,0.0,0.0
2024-06-04 00:00:00-04:00,16.170000076293945,16.959999084472656,16.139999389648438,16.940000534057617,51622200,0.0,0.0
2024-06-05 00:00:00-04:00,17.0,17.059999465942383,16.559999465942383,16.950000762939453,29171100,0.0,0.0
2024-06-06 00:00:00-04:00,16.889999389648438,17.06999969482422,16.56999969482422,16.6200008392334,23698600,0.0,0.0
2024-06-07 00:00:00-04:00,16.440000534057617,16.75,16.40999984741211,16.700000762939453,17319800,0.0,0.0
2024-06-10 00:00:00-04:00,16.59000015258789,16.84000015258789,16.360000610351562,16.530000686645508,16632000,0.0,0.0
2024-06-11 00:00:00-04:00,16.489999771118164,16.5,16.229999542236328,16.34000015258789,13762600,0.0,0.0
2024-06-12 00:00:00-04:00,16.75,17.030000686645508,16.700000762939453,16.739999771118164,25555900,0.0,0.0
2024-06-13 00:00:00-04:00,16.68000030517578,16.700000762939453,16.270000457763672,16.510000228881836,21689200,0.0,0.0
2024-06-14 00:00:00-04:00,16.170000076293945,16.229999542236328,15.039999961853027,15.34000015258789,56577700,0.0,0.0
2024-06-17 00:00:00-04:00,15.260000228881836,15.779999732971191,14.979999542236328,15.6899995803833,25057400,0.0,0.0
2024-06-18 00:00:00-04:00,16.100000381469727,16.270000457763672,15.8100004196167,15.949999809265137,28003700,0.0,0.0
2024-06-20 00:00:00-04:00,15.75,16.149999618530273,15.699999809265137,16.059999465942383,21089900,0.0,0.0
2024-06-21 00:00:00-04:00,15.9399995803833,16.100000381469727,15.770000457763672,16.06999969482422,24785100,0.0,0.0
2024-06-24 00:00:00-04:00,16.290000915527344,16.5,16.0,16.389999389648438,38154600,0.0,0.0
2024-06-25 00:00:00-04:00,17.020000457763672,18.010000228881836,16.65999984741211,17.81999969482422,105894500,0.0,0.0
2024-06-26 00:00:00-04:00,17.899999618530273,18.5,17.790000915527344,18.3700008392334,55127800,0.0,0.0
2024-06-27 00:00:00-04:00,18.489999771118164,18.65999984741211,18.1299991607666,18.610000610351562,38085600,0.0,0.0
2024-06-28 00:00:00-04:00,18.6299991607666,18.920000076293945,18.56999969482422,18.719999313354492,34277000,0.0,0.0
2024-07-01 00:00:00-04:00,18.649999618530273,18.739999771118164,17.459999084472656,17.709999084472656,41781100,0.0,0.0
2024-07-02 00:00:00-04:00,17.670000076293945,17.989999771118164,17.510000228881836,17.559999465942383,24523800,0.0,0.0
2024-07-03 00:00:00-04:00,17.559999465942383,17.59000015258789,17.31999969482422,17.450000762939453,14095400,0.0,0.0
2024-07-05 00:00:00-04:00,17.530000686645508,17.540000915527344,17.010000228881836,17.209999084472656,25550000,0.0,0.0
2024-07-08 00:00:00-04:00,17.329999923706055,17.8799991607666,17.329999923706055,17.559999465942383,29603500,0.0,0.0
2024-07-09 00:00:00-04:00,17.510000228881836,18.110000610351562,17.5,17.899999618530273,26254200,0.0,0.0
2024-07-10 00:00:00-04:00,18.1200008392334,18.170000076293945,17.729999542236328,17.739999771118164,22307800,0.0,0.0
2024-07-11 00:00:00-04:00,17.68000030517578,18.149999618530273,17.309999465942383,18.1200008392334,30702600,0.0,0.0
2024-07-12 00:00:00-04:00,18.149999618530273,18.56999969482422,18.149999618530273,18.229999542236328,22504500,0.0,0.0
2024-07-15 00:00:00-04:00,18.299999237060547,18.34000015258789,17.790000915527344,18.31999969482422,25269100,0.0,0.0
2024-07-16 00:00:00-04:00,18.399999618530273,19.239999771118164,18.3799991607666,19.18000030517578,28752600,0.0,0.0
2024-07-17 00:00:00-04:00,18.68000030517578,19.1200008392334,18.399999618530273,18.399999618530273,30846600,0.0,0.0
2024-07-18 00:00:00-04:00,18.459999084472656,18.700000762939453,18.100000381469727,18.25,20659600,0.0,0.0
2024-07-19 00:00:00-04:00,18.290000915527344,18.5,18.15999984741211,18.43000030517578,13619900,0.0,0.0
2024-07-22 00:00:00-04:00,18.399999618530273,18.739999771118164,18.200000762939453,18.420000076293945,21676000,0.0,0.0
2024-07-23 00:00:00-04:00,18.510000228881836,19.479999542236328,18.459999084472656,19.06999969482422,35636000,0.0,0.0
2024-07-24 00:00:00-04:00,18.8700008392334,19.030000686645508,18.18000030517578,18.190000534057617,28171400,0.0,0.0
2024-07-25 00:00:00-04:00,18.15999984741211,18.15999984741211,17.079999923706055,17.100000381469727,34773400,0.0,0.0
2024-07-26 00:00:00-04:00,17.3799991607666,17.510000228881836,17.1200008392334,17.270000457763672,20816900,0.0,0.0
2024-07-29 00:00:00-04:00,17.34000015258789,17.540000915527344,17.030000686645508,17.25,16795900,0.0,0.0
2024-07-30 00:00:00-04:00,17.329999923706055,17.399999618530273,17.06999969482422,17.1200008392334,20316800,0.0,0.0
2024-07-31 00:00:00-04:00,17.43000030517578,17.530000686645508,16.649999618530273,16.65999984741211,38380700,0.0,0.0
2024-08-01 00:00:00-04:00,16.790000915527344,16.860000610351562,15.479999542236328,15.760000228881836,41570900,0.0,0.0
2024-08-02 00:00:00-04:00,15.15999984741211,15.199999809265137,14.630000114440918,14.800000190734863,44420000,0.0,0.0
2024-08-05 00:00:00-04:00,13.869999885559082,14.710000038146973,13.779999732971191,14.399999618530273,35572300,0.0,0.0
2024-08-06 00:00:00-04:00,14.449999809265137,15.039999961853027,14.4399995803833,14.539999961853027,32738600,0.0,0.0
2024-08-07 00:00:00-04:00,14.800000190734863,14.84000015258789,13.949999809265137,14.010000228881836,29573300,0.0,0.0
2024-08-08 00:00:00-04:00,14.109999656677246,14.550000190734863,14.079999923706055,14.489999771118164,24132100,0.0,0.0
2024-08-09 00:00:00-04:00,14.489999771118164,14.850000381469727,14.489999771118164,14.770000457763672,26030000,0.0,0.0
2024-08-12 00:00:00-04:00,14.789999961853027,14.850000381469727,14.489999771118164,14.600000381469727,19250800,0.0,0.0
2024-08-13 00:00:00-04:00,14.800000190734863,14.90999984741211,14.5600004196167,14.869999885559082,18842800,0.0,0.0
2024-08-14 00:00:00-04:00,14.899999618530273,15.079999923706055,14.529999732971191,14.760000228881836,23097000,0.0,0.0
2024-08-15 00:00:00-04:00,15.0600004196167,15.789999961853027,15.039999961853027,15.739999771118164,32425400,0.0,0.0
2024-08-16 00:00:00-04:00,15.649999618530273,15.670000076293945,15.3100004196167,15.460000038146973,23514000,0.0,0.0
2024-08-19 00:00:00-04:00,15.489999771118164,15.670000076293945,15.420000076293945,15.600000381469727,17931300,0.0,0.0
2024-08-20 00:00:00-04:00,15.529999732971191,15.529999732971191,15.279999732971191,15.319999694824219,20241900,0.0,0.0
2024-08-21 00:00:00-04:00,15.40999984741211,15.609999656677246,15.300000190734863,15.489999771118164,13809500,0.0,0.0
2024-08-22 00:00:00-04:00,15.65999984741211,15.670000076293945,15.319999694824219,15.449999809265137,18683600,0.0,0.0
2024-08-23 00:00:00-04:00,15.520000457763672,16.75,15.470000267028809,16.610000610351562,42378900,0.0,0.0
2024-08-26 00:00:00-04:00,16.600000381469727,16.709999084472656,16.40999984741211,16.600000381469727,21673600,0.0,0.0
2024-08-27 00:00:00-04:00,16.549999237060547,17.3700008392334,16.510000228881836,17.040000915527344,30136600,0.0,0.0
2024-08-28 00:00:00-04:00,16.93000030517578,17.020000457763672,16.489999771118164,16.6299991607666,24878400,0.0,0.0
2024-08-29 00:00:00-04:00,16.790000915527344,16.8700008392334,16.510000228881836,16.540000915527344,22800000,0.0,0.0
2024-08-30 00:00:00-04:00,16.6200008392334,16.790000915527344,16.25,16.5,20664200,0.0,0.0
2024-09-03 00:00:00-04:00,16.299999237060547,16.790000915527344,16.200000762939453,16.34000015258789,23606100,0.0,0.0
2024-09-04 00:00:00-04:00,16.229999542236328,16.520000457763672,15.989999771118164,16.149999618530273,18999300,0.0,0.0
2024-09-05 00:00:00-04:00,16.299999237060547,16.59000015258789,16.06999969482422,16.149999618530273,15078900,0.0,0.0
2024-09-06 00:00:00-04:00,16.209999084472656,16.459999084472656,15.5,15.670000076293945,24505600,0.0,0.0
2024-09-09 00:00:00-04:00,15.880000114440918,16.200000762939453,15.850000381469727,16.030000686645508,21478400,0.0,0.0
2024-09-10 00:00:00-04:00,16.1299991607666,16.170000076293945,15.489999771118164,16.139999389648438,17919700,0.0,0.0
2024-09-11 00:00:00-04:00,16.110000610351562,16.549999237060547,15.880000114440918,16.540000915527344,31864300,0.0,0.0
2024-09-12 00:00:00-04:00,16.639999389648438,17.170000076293945,16.610000610351562,16.920000076293945,27585200,0.0,0.0
2024-09-13 00:00:00-04:00,17.010000228881836,17.489999771118164,17.0,17.260000228881836,23340800,0.0,0.0
2024-09-16 00:00:00-04:00,17.3700008392334,17.940000534057617,17.270000457763672,17.829999923706055,27539900,0.0,0.0
2024-09-17 00:00:00-04:00,18.040000915527344,18.18000030517578,17.8700008392334,18.030000686645508,24716400,0.0,0.0
2024-09-18 00:00:00-04:00,18.1299991607666,18.739999771118164,18.1299991607666,18.360000610351562,30907100,0.0,0.0
2024-09-19 00:00:00-04:00,18.93000030517578,18.989999771118164,18.6200008392334,18.760000228881836,25872300,0.0,0.0
2024-09-20 00:00:00-04:00,18.700000762939453,19.09000015258789,18.549999237060547,19.0,36581200,0.0,0.0
2024-09-23 00:00:00-04:00,19.0,19.020000457763672,18.709999084472656,18.969999313354492,27346800,0.0,0.0
2024-09-24 00:00:00-04:00,19.0,19.010000228881836,18.3700008392334,18.729999542236328,32022100,0.0,0.0
2024-09-25 00:00:00-04:00,18.670000076293945,18.68000030517578,17.989999771118164,18.040000915527344,32886900,0.0,0.0
2024-09-26 00:00:00-04:00,18.43000030517578,18.899999618530273,18.3799991607666,18.68000030517578,31889000,0.0,0.0
2024-09-27 00:00:00-04:00,18.799999237060547,18.8700008392334,18.479999542236328,18.540000915527344,34530800,0.0,0.0
2024-09-30 00:00:00-04:00,18.670000076293945,18.719999313354492,17.329999923706055,18.479999542236328,68527300,0.0,0.0
2024-10-01 00:00:00-04:00,18.700000762939453,18.81999969482422,17.6200008392334,18.020000457763672,45154300,0.0,0.0
2024-10-02 00:00:00-04:00,17.709999084472656,17.860000610351562,17.479999542236328,17.709999084472656,29643700,0.0,0.0
2024-10-03 00:00:00-04:00,17.43000030517578,17.700000762939453,17.110000610351562,17.34000015258789,31611000,0.0,0.0
2024-10-04 00:00:00-04:00,17.68000030517578,18.149999618530273,17.549999237060547,18.020000457763672,31705200,0.0,0.0
2024-10-07 00:00:00-04:00,17.989999771118164,18.420000076293945,17.829999923706055,18.010000228881836,31436400,0.0,0.0
2024-10-08 00:00:00-04:00,18.079999923706055,18.989999771118164,18.06999969482422,18.8700008392334,35723400,0.0,0.0
2024-10-09 00:00:00-04:00,19.149999618530273,20.450000762939453,19.09000015258789,20.200000762939453,70901700,0.0,0.0
2024-10-10 00:00:00-04:00,19.860000610351562,20.5,19.719999313354492,20.389999389648438,38703100,0.0,0.0
2024-10-11 00:00:00-04:00,20.459999084472656,20.809999465942383,20.360000610351562,20.43000030517578,28855400,0.0,0.0
2024-10-14 00:00:00-04:00,20.329999923706055,20.43000030517578,19.969999313354492,20.209999084472656,27465900,0.0,0.0
2024-10-15 00:00:00-04:00,20.780000686645508,21.799999237060547,20.760000228881836,21.549999237060547,46916700,0.0,0.0
2024-10-16 00:00:00-04:00,21.56999969482422,21.670000076293945,21.290000915527344,21.399999618530273,22859800,0.0,0.0
2024-10-17 00:00:00-04:00,21.6200008392334,21.780000686645508,21.229999542236328,21.40999984741211,20065300,0.0,0.0
2024-10-18 00:00:00-04:00,21.360000610351562,21.420000076293945,21.049999237060547,21.31999969482422,17996300,0.0,0.0
2024-10-21 00:00:00-04:00,21.25,21.3799991607666,21.030000686645508,21.280000686645508,17595600,0.0,0.0
2024-10-22 00:00:00-04:00,21.170000076293945,21.559999465942383,20.780000686645508,21.450000762939453,19644100,0.0,0.0
2024-10-23 00:00:00-04:00,21.280000686645508,21.399999618530273,20.81999969482422,21.0,15934800,0.0,0.0
2024-10-24 00:00:00-04:00,21.049999237060547,21.25,20.610000610351562,20.90999984741211,15605400,0.0,0.0
2024-10-25 00:00:00-04:00,20.979999542236328,21.059999465942383,20.739999771118164,20.90999984741211,16284000,0.0,0.0
2024-10-28 00:00:00-04:00,21.719999313354492,22.389999389648438,21.549999237060547,21.920000076293945,32073400,0.0,0.0
2024-10-29 00:00:00-04:00,21.469999313354492,22.350000381469727,21.43000030517578,22.100000381469727,27969800,0.0,0.0
2024-10-30 00:00:00-04:00,21.920000076293945,22.299999237060547,21.719999313354492,22.15999984741211,23747300,0.0,0.0
2024-10-31 00:00:00-04:00,22.489999771118164,23.049999237060547,21.90999984741211,22.0,32433300,0.0,0.0
2024-11-01 00:00:00-04:00,22.0,22.149999618530273,21.75,21.899999618530273,23499000,0.0,0.0
2024-11-04 00:00:00-05:00,21.799999237060547,22.209999084472656,21.549999237060547,21.90999984741211,16784900,0.0,0.0
2024-11-05 00:00:00-05:00,21.940000534057617,22.670000076293945,21.940000534057617,22.450000762939453,17652300,0.0,0.0
2024-11-06 00:00:00-05:00,23.6299991607666,24.34000015258789,23.510000228881836,24.229999542236328,48011000,0.0,0.0
2024-11-07 00:00:00-05:00,23.829999923706055,24.190000534057617,23.68000030517578,23.68000030517578,24617800,0.0,0.0
2024-11-08 00:00:00-05:00,23.700000762939453,24.40999984741211,23.670000076293945,24.06999969482422,18979500,0.0,0.0
2024-11-11 00:00:00-05:00,24.5,24.729999542236328,24.010000228881836,24.600000381469727,20466800,0.0,0.0
2024-11-12 00:00:00-05:00,24.219999313354492,24.780000686645508,24.209999084472656,24.59000015258789,18197400,0.0,0.0
2024-11-13 00:00:00-05:00,24.579999923706055,24.829999923706055,24.31999969482422,24.549999237060547,17563900,0.0,0.0
2024-11-14 00:00:00-05:00,24.56999969482422,24.989999771118164,24.260000228881836,24.309999465942383,20945300,0.0,0.0
2024-11-15 00:00:00-05:00,24.010000228881836,24.40999984741211,23.920000076293945,24.309999465942383,18241900,0.0,0.0
2024-11-18 00:00:00-05:00,24.219999313354492,24.639999389648438,23.950000762939453,24.510000228881836,24142300,0.0,0.0
2024-11-19 00:00:00-05:00,24.0,25.219999313354492,23.860000610351562,25.1299991607666,27670700,0.0,0.0
2024-11-20 00:00:00-05:00,25.18000030517578,25.450000762939453,24.889999389648438,25.079999923706055,14496000,0.0,0.0
2024-11-21 00:00:00-05:00,25.1299991607666,25.600000381469727,25.0,25.350000381469727,19109500,0.0,0.0
2024-11-22 00:00:00-05:00,25.350000381469727,25.579999923706055,24.850000381469727,24.899999618530273,32540400,0.0,0.0
2024-11-25 00:00:00-05:00,25.200000762939453,25.440000534057617,25.049999237060547,25.190000534057617,24680900,0.0,0.0
2024-11-26 00:00:00-05:00,25.079999923706055,25.799999237060547,24.969999313354492,25.34000015258789,20993100,0.0,0.0
2024-11-27 00:00:00-05:00,25.350000381469727,25.520000457763672,25.139999389648438,25.139999389648438,9131300,0.0,0.0
2024-11-29 00:00:00-05:00,25.270000457763672,25.579999923706055,25.260000228881836,25.43000030517578,8047700,0.0,0.0
2024-12-02 00:00:00-05:00,25.670000076293945,26.65999984741211,25.6299991607666,25.989999771118164,21179700,0.0,0.0
2024-12-03 00:00:00-05:00,26.09000015258789,26.56999969482422,25.93000030517578,26.110000610351562,19172800,0.0,0.0
2024-12-04 00:00:00-05:00,26.260000228881836,26.790000915527344,26.260000228881836,26.780000686645508,19191500,0.0,0.0
2024-12-05 00:00:00-05:00,26.989999771118164,27.170000076293945,26.420000076293945,26.450000762939453,21657700,0.0,0.0
2024-12-06 00:00:00-05:00,26.489999771118164,26.649999618530273,25.889999389648438,26.610000610351562,18633200,0.0,0.0
2024-12-09 00:00:00-05:00,26.559999465942383,26.600000381469727,25.329999923706055,25.389999389648438,19616000,0.0,0.0
2024-12-10 00:00:00-05:00,25.959999084472656,26.360000610351562,25.639999389648438,25.829999923706055,18652700,0.0,0.0
2024-12-11 00:00:00-05:00,25.93000030517578,26.6200008392334,25.93000030517578,26.610000610351562,15172100,0.0,0.0
2024-12-12 00:00:00-05:00,26.5,26.780000686645508,26.18000030517578,26.18000030517578,15743800,0.0,0.0
2024-12-13 00:00:00-05:00,26.290000915527344,26.40999984741211,25.780000686645508,25.899999618530273,13799100,0.0,0.0
2024-12-16 00:00:00-05:00,26.280000686645508,26.459999084472656,25.850000381469727,25.90999984741211,15710900,0.0,0.0
2024-12-17 00:00:00-05:00,25.8700008392334,25.989999771118164,25.399999618530273,25.719999313354492,17328000,0.0,0.0
2024-12-18 00:00:00-05:00,26.110000610351562,26.190000534057617,24.549999237060547,24.81999969482422,21896700,0.0,0.0
2024-12-19 00:00:00-05:00,25.0,25.450000762939453,24.770000457763672,25.18000030517578,21381700,0.0,0.0
2024-12-20 00:00:00-05:00,25.780000686645508,27.139999389648438,25.440000534057617,26.799999237060547,61015000,0.0,0.0
2024-12-23 00:00:00-05:00,26.520000457763672,26.540000915527344,25.260000228881836,25.729999542236328,35169600,0.0,0.0
2024-12-24 00:00:00-05:00,26.0,26.049999237060547,25.420000076293945,25.790000915527344,10234900,0.0,0.0
2024-12-26 00:00:00-05:00,25.479999542236328,25.829999923706055,25.3700008392334,25.65999984741211,12363700,0.0,0.0
2024-12-27 00:00:00-05:00,25.40999984741211,25.540000915527344,24.889999389648438,25.079999923706055,14967400,0.0,0.0
2024-12-30 00:00:00-05:00,24.540000915527344,25.350000381469727,24.309999465942383,25.049999237060547,15497600,0.0,0.0
