Date,Open,High,Low,Close,Volume,Dividends,Stock Splits
2015-01-02 00:00:00-05:00,103.8447042561435,104.33647393694966,101.91862210589264,102.69725036621094,8538620,0.0,0.0
2015-01-05 00:00:00-05:00,102.49230314422084,102.49230314422084,100.48426130332857,100.81210327148438,8770735,0.0,0.0
2015-01-06 00:00:00-05:00,100.23838389776503,100.68916991360359,98.0664208432332,98.64014434814453,13304295,0.0,0.0
2015-01-07 00:00:00-05:00,99.21386063955177,99.95151156768816,98.27130522605339,98.68111419677734,9106535,0.0,0.0
2015-01-08 00:00:00-05:00,99.66466335127771,99.91054486068126,98.88603530952007,99.86956787109375,9019294,0.0,0.0
2015-01-09 00:00:00-05:00,100.48425988434592,100.52523686780744,98.14836958432535,98.47621154785156,9000055,0.0,0.0
2015-01-12 00:00:00-05:00,98.64014969283612,98.92701472281486,97.4107355917383,98.27132415771484,8945573,0.0,0.0
2015-01-13 00:00:00-05:00,99.41879485843022,99.70565339497867,96.83701583781142,97.77957153320312,8591202,0.0,0.0
2015-01-14 00:00:00-05:00,96.91897569832707,97.73858735541546,95.93544301461306,97.45172882080078,8732675,0.0,0.0
2015-01-15 00:00:00-05:00,97.77957194804065,98.23035803819258,96.5501577108846,96.63211822509766,6568703,0.0,0.0
2015-01-16 00:00:00-05:00,96.34526124815658,96.91898489579174,96.09937968488437,96.67310333251953,10390099,0.0,0.0
2015-01-20 00:00:00-05:00,97.69760180529885,97.82053930252219,96.50916468039486,97.73857879638672,9298421,0.0,0.0
2015-01-21 00:00:00-05:00,97.65663195209501,98.68114820805454,97.16486884648612,98.51722717285156,7849930,0.0,0.0
2015-01-22 00:00:00-05:00,99.58270818819365,99.82858971078241,98.18936651227095,99.50074768066406,9834098,0.0,0.0
2015-01-23 00:00:00-05:00,100.11543090617862,102.00053517833284,99.541700966148,100.3203353881836,13299850,0.0,0.0
2015-01-26 00:00:00-05:00,101.30390181871516,101.38586233427421,99.99252052184944,100.77114868164062,8174317,0.0,0.0
2015-01-27 00:00:00-05:00,99.95155176044084,100.23841032654977,99.17291701254224,99.91056823730469,8012228,0.0,0.0
2015-01-28 00:00:00-05:00,100.27938138966836,100.36134190179578,97.57466491758267,97.6976089477539,10360866,0.0,0.0
2015-01-29 00:00:00-05:00,97.69758180058162,99.172877132896,97.45170033252228,98.68111419677734,8437544,0.0,0.0
2015-01-30 00:00:00-05:00,97.8615269744567,98.80407609703141,97.6156454456059,97.90250396728516,11416362,0.0,0.0
2015-02-02 00:00:00-05:00,98.35327976977301,99.25485180544737,97.943477264448,99.21387481689453,8263540,0.0,0.0
2015-02-03 00:00:00-05:00,99.54172966958258,100.52526233327221,99.41879216409649,100.27938079833984,7871527,0.0,0.0
2015-02-04 00:00:00-05:00,100.03350365320874,100.11546416844956,98.68114536579453,99.00898742675781,6935093,0.0,0.0
2015-02-05 00:00:00-05:00,99.37780472079382,100.4023208618164,99.33682120461056,100.4023208618164,5351640,0.0,0.0
2015-02-06 00:00:00-05:00,100.56625922860135,101.42684797732197,100.27939413770748,100.48429870605469,5732365,0.0,0.0
2015-02-09 00:00:00-05:00,100.2793685459429,101.42682209272188,100.19740804431294,100.97603607177734,5693136,0.0,0.0
2015-02-10 00:00:00-05:00,101.50879205415885,101.6317360800409,100.60721992825049,101.30389404296875,5649693,0.0,0.0
2015-02-11 00:00:00-05:00,101.26289232011432,101.71367830202087,100.81210633820777,101.50877380371094,5102894,0.0,0.0
2015-02-12 00:00:00-05:00,101.67272360958103,102.41037479340004,101.26292102077083,102.00057220458984,5534199,0.0,0.0
2015-02-13 00:00:00-05:00,102.41037227729866,103.14802344299446,102.205474249908,103.0660629272461,6901749,0.0,0.0
2015-02-17 00:00:00-05:00,102.94309811451667,103.3119236229241,102.3693746200734,103.14800262451172,7509644,0.0,0.0
2015-02-18 00:00:00-05:00,103.63978814338144,103.63978814338144,103.06605803640784,103.47586059570312,6414440,0.0,0.0
2015-02-19 00:00:00-05:00,103.51723086319566,104.26166305524558,103.18637503736613,103.43451690673828,6934446,1.102261,0.0
2015-02-20 00:00:00-05:00,102.89683750920128,104.30298745323631,102.56598179716067,104.26162719726562,8323489,0.0,0.0
2015-02-23 00:00:00-05:00,104.30299479157884,104.63385052689713,103.8067046046697,104.09620666503906,6421471,0.0,0.0
2015-02-24 00:00:00-05:00,103.8894400430985,105.25423010968879,103.7653724086386,105.00608825683594,8860648,0.0,0.0
2015-02-25 00:00:00-05:00,105.25421299806436,107.77700455176009,105.21285932127846,107.15664672851562,14234844,0.0,0.0
2015-02-26 00:00:00-05:00,107.28073989347608,107.57024201788799,106.74309591268245,107.0739517211914,7980741,0.0,0.0
2015-02-27 00:00:00-05:00,106.82580016965117,108.64552011916496,106.4949443911696,107.48751831054688,10752733,0.0,0.0
2015-03-02 00:00:00-05:00,107.03258157092297,108.02515542768285,106.90850736985342,107.98379516601562,6762530,0.0,0.0
2015-03-03 00:00:00-05:00,107.73566064745879,107.85973485693499,106.61901251397067,106.94987487792969,6373020,0.0,0.0
2015-03-04 00:00:00-05:00,106.53629615609609,106.57765641962895,105.3369341047649,106.12272644042969,6581995,0.0,0.0
2015-03-05 00:00:00-05:00,105.95729964704981,106.78443908691406,105.79186517514447,106.78443908691406,5920536,0.0,0.0
2015-03-06 00:00:00-05:00,106.32950527793247,106.61900736343668,104.7579338147935,105.1301498413086,6737031,0.0,0.0
2015-03-09 00:00:00-04:00,105.54373350806236,106.28816565956866,105.41965928816694,106.04002380371094,6591865,0.0,0.0
2015-03-10 00:00:00-04:00,105.46099644912456,106.04000056986328,104.09620666503906,104.09620666503906,7812747,0.0,0.0
2015-03-11 00:00:00-04:00,104.55113291224706,105.41963247884709,103.97212881189273,104.17891693115234,7553171,0.0,0.0
2015-03-12 00:00:00-04:00,104.50979460773863,105.08879220930764,104.09621830839977,105.04743194580078,6128301,0.0,0.0
2015-03-13 00:00:00-04:00,104.55116783650136,104.8820236706906,102.60737335080546,103.55859375,9453853,0.0,0.0
2015-03-16 00:00:00-04:00,103.64128730513369,105.37829326053762,103.22771759381482,105.25421905517578,7221878,0.0,0.0
2015-03-17 00:00:00-04:00,104.63384116083726,105.00605712171813,103.76534164140264,104.67520141601562,7148555,0.0,0.0
2015-03-18 00:00:00-04:00,104.13758974093547,106.90852359117953,103.8480876171349,106.04002380371094,7992342,0.0,0.0
2015-03-19 00:00:00-04:00,105.21288752869906,105.91595947793986,104.46845530765172,104.7579574584961,7994846,0.0,0.0
2015-03-20 00:00:00-04:00,104.79929011655692,105.58508245172779,104.63386223039434,105.04743194580078,10565104,0.0,0.0
2015-03-23 00:00:00-04:00,105.3782743181633,106.45356195823533,105.25420013510455,105.3369140625,6673953,0.0,0.0
2015-03-24 00:00:00-04:00,104.96472720684476,105.3783035424492,104.50980377197266,104.50980377197266,5383753,0.0,0.0
2015-03-25 00:00:00-04:00,104.34435706344124,104.75793335059528,103.02092742919922,103.02092742919922,7281764,0.0,0.0
2015-03-26 00:00:00-04:00,102.56597900390625,103.06226914238255,102.0283351945167,102.56597900390625,6782436,0.0,0.0
2015-03-27 00:00:00-04:00,103.06230402380277,103.06230402380277,102.19379763350614,102.81415557861328,5909436,0.0,0.0
2015-03-30 00:00:00-04:00,103.31040683943955,104.22026657076891,103.26904658622877,103.889404296875,5692594,0.0,0.0
2015-03-31 00:00:00-04:00,103.7653692861769,103.7653692861769,102.60736083984375,102.60736083984375,7290841,0.0,0.0
2015-04-01 00:00:00-04:00,102.235123609484,103.06226945348732,101.61475928853322,102.73140716552734,8085552,0.0,0.0
2015-04-02 00:00:00-04:00,102.60736135823713,103.39315374849501,102.15243134743152,103.14501190185547,6095667,0.0,0.0
2015-04-06 00:00:00-04:00,102.97958001956259,105.0888022290717,102.52464999727368,104.13758850097656,6978724,0.0,0.0
2015-04-07 00:00:00-04:00,104.09621846169253,104.55114844127576,103.39314665250004,103.47586059570312,4436490,0.0,0.0
2015-04-08 00:00:00-04:00,103.59994481965305,103.88944695922062,102.85551921153662,103.43451690673828,4682210,0.0,0.0
2015-04-09 00:00:00-04:00,103.76535056157277,106.825785854204,103.06227883454997,106.41221618652344,12551004,0.0,0.0
2015-04-10 00:00:00-04:00,112.20225783129224,118.61262542274685,111.66461384295347,117.90955352783203,73595516,0.0,0.0
2015-04-13 00:00:00-04:00,116.04850733416366,116.5861514200129,113.73248988631872,114.27013397216797,32130811,0.0,0.0
2015-04-14 00:00:00-04:00,113.64976519400143,115.13862956433978,113.2361888316037,114.6836929321289,11638587,0.0,0.0
2015-04-15 00:00:00-04:00,114.51825981285599,115.17997142830656,113.44297185381568,113.5670394897461,11772736,0.0,0.0
2015-04-16 00:00:00-04:00,112.94669739110574,113.73247670683192,112.40905336755948,112.82261657714844,13012815,0.0,0.0
2015-04-17 00:00:00-04:00,113.31890424944409,114.55962011269257,111.33375623467327,112.69853973388672,18319384,0.0,0.0
2015-04-20 00:00:00-04:00,112.98803026133226,113.48432711890771,111.70596735488178,111.747314453125,12871738,0.0,0.0
2015-04-21 00:00:00-04:00,111.78867096633536,111.91273859263126,109.80352310627472,110.09302520751953,16040335,0.0,0.0
2015-04-22 00:00:00-04:00,110.4238901694738,111.74731999155799,110.0103204075516,111.29239654541016,9818824,0.0,0.0
2015-04-23 00:00:00-04:00,110.75475494068725,111.95411056797661,110.46524622522664,111.04425048828125,7963756,0.0,0.0
2015-04-24 00:00:00-04:00,111.16832471443216,111.41645997829019,110.42388600319346,110.83745574951172,5782861,0.0,0.0
2015-04-27 00:00:00-04:00,111.49915252798293,111.66458038499196,110.87878818830212,111.16829681396484,7557261,0.0,0.0
2015-04-28 00:00:00-04:00,111.45780925112126,112.32630892469061,110.17573328809429,112.16088104248047,8018175,0.0,0.0
2015-04-29 00:00:00-04:00,111.45782284511614,112.6985386969488,111.25103467516634,112.03682708740234,7752631,0.0,0.0
2015-04-30 00:00:00-04:00,111.91270948475018,113.11207784250065,111.54049353480856,111.99542999267578,8969340,0.0,0.0
2015-05-01 00:00:00-04:00,112.03681061890907,112.98801762584591,111.62323433980178,112.94667053222656,5905826,0.0,0.0
2015-05-04 00:00:00-04:00,113.15346604186746,114.18739363911483,112.69852947164497,112.78125,5467301,0.0,0.0
2015-05-05 00:00:00-04:00,112.69852353744899,113.15346008371657,111.04423156824171,111.333740234375,6332331,0.0,0.0
2015-05-06 00:00:00-04:00,111.66458403143214,112.40901599621374,110.05164591309486,110.87879180908203,5792668,0.0,0.0
2015-05-07 00:00:00-04:00,110.75475201838347,112.16089578593834,110.25846172258383,111.83003997802734,6476496,0.0,0.0
2015-05-08 00:00:00-04:00,112.6985439013136,113.69112452933632,112.5744762607608,113.15348052978516,7766716,0.0,0.0
2015-05-11 00:00:00-04:00,112.69852353744899,112.90531167958295,111.08559183024138,111.333740234375,6771794,0.0,0.0
2015-05-12 00:00:00-04:00,110.92017366216285,112.03682182674015,110.63066497068048,111.7886734008789,6216002,0.0,0.0
2015-05-13 00:00:00-04:00,111.74731915459908,112.65717920794647,111.33375597970755,112.53311157226562,7756053,0.0,0.0
2015-05-14 00:00:00-04:00,112.98800588385087,113.44294237716359,112.28493418315198,113.36022186279297,5628889,0.0,0.0
2015-05-15 00:00:00-04:00,113.23617340235742,113.48432181955741,112.69852947164497,112.78125,7463572,0.0,0.0
2015-05-18 00:00:00-04:00,112.53309425311927,113.2775262883667,112.53309425311927,112.94667053222656,4692706,0.0,0.0
2015-05-19 00:00:00-04:00,112.7812277227214,113.27751129122719,112.53307935453728,113.1120834350586,6082667,0.0,0.0
2015-05-20 00:00:00-04:00,113.07071645337025,114.55958023818937,112.4917124072893,114.31143188476562,8382707,0.0,0.0
2015-05-21 00:00:00-04:00,114.47686036076928,114.93179681657156,113.93921656527861,114.64228820800781,8411398,0.0,0.0
2015-05-22 00:00:00-04:00,114.51825846080328,114.89047453206625,114.22876292442814,114.47689819335938,4859594,0.0,0.0
2015-05-26 00:00:00-04:00,113.8151626586914,114.06331104332124,113.23615853979734,113.8151626586914,9904188,0.0,0.0
2015-05-27 00:00:00-04:00,114.02195078457237,114.22873891045334,113.56701427406156,113.8151626586914,5284743,0.0,0.0
2015-05-28 00:00:00-04:00,113.73248988631872,114.27013397216797,112.9053502034233,114.27013397216797,5512498,0.0,0.0
2015-05-29 00:00:00-04:00,113.73245706889234,113.73245706889234,112.78125,112.78125,8693071,0.0,0.0
2015-06-01 00:00:00-04:00,112.73990920237759,113.0707650371957,111.95411671878406,112.82261657714844,6953122,0.0,0.0
2015-06-02 00:00:00-04:00,112.57448020995959,113.40161978910625,112.28497148135784,113.02940368652344,5493092,0.0,0.0
2015-06-03 00:00:00-04:00,113.44293015608295,113.98057393798368,113.15343472269849,113.85650634765625,5489128,0.0,0.0
2015-06-04 00:00:00-04:00,113.40159494117833,114.22874750695112,112.53309528140836,112.73988342285156,6961072,0.0,0.0
2015-06-05 00:00:00-04:00,112.73990788026734,113.23619162667454,112.32633150766107,112.86397552490234,6395013,0.0,0.0
2015-06-08 00:00:00-04:00,112.98803659782742,113.15347767154115,112.53311314871394,112.65718078613281,6220801,0.0,0.0
2015-06-09 00:00:00-04:00,112.82261549976997,113.6084079758597,112.36769202320612,113.02940368652344,6492291,0.0,0.0
2015-06-10 00:00:00-04:00,113.15349869222636,114.47692218485903,112.98805758777841,114.27013397216797,6922511,0.0,0.0
2015-06-11 00:00:00-04:00,114.02197503653097,114.31147057362072,113.1534752573956,113.7738265991211,6549569,0.0,0.0
2015-06-12 00:00:00-04:00,113.48430735273564,113.6497352204921,112.82258271384642,113.27751922607422,4626164,0.0,0.0
2015-06-15 00:00:00-04:00,113.27754372208314,113.27754372208314,112.11953522950785,112.53311157226562,5946598,0.0,0.0
2015-06-16 00:00:00-04:00,112.36769758182571,112.65719315688104,111.66462561280458,112.5744857788086,5752709,0.0,0.0
2015-06-17 00:00:00-04:00,112.45038105444499,113.31889393071243,112.11952527675503,112.78125,7626245,0.0,0.0
2015-06-18 00:00:00-04:00,112.94810409406664,114.32449647577498,112.73955697686516,114.15766143798828,7862534,1.102261,0.0
2015-06-19 00:00:00-04:00,113.7405689648295,114.19936195231234,113.36518684785668,113.61543273925781,12575563,0.0,0.0
2015-06-22 00:00:00-04:00,113.86567542969122,114.69985041340898,113.82396336053804,114.36618041992188,5739188,0.0,0.0
2015-06-23 00:00:00-04:00,114.36621478452739,115.11697913539663,114.24109181934024,114.90843200683594,6783792,0.0,0.0
2015-06-24 00:00:00-04:00,114.9084020036505,115.07523700696292,113.65713283887243,113.69884490966797,6772483,0.0,0.0
2015-06-25 00:00:00-04:00,113.78227545180391,114.07424671800393,112.69784110276848,112.78126525878906,4870611,0.0,0.0
2015-06-26 00:00:00-04:00,112.78125241308565,113.15663451267848,112.23903530032608,112.98979949951172,5378766,0.0,0.0
2015-06-29 00:00:00-04:00,112.19730329556816,112.48926119677695,110.6540697380234,111.11286926269531,6963534,0.0,0.0
2015-06-30 00:00:00-04:00,111.86362852556626,112.44755758278058,110.65406498701304,110.8208999633789,7419565,0.0,0.0
2015-07-01 00:00:00-04:00,111.23803929049748,112.07222115156554,110.40385742942941,111.19632720947266,6349045,0.0,0.0
2015-07-02 00:00:00-04:00,111.36314643911321,111.90537021575273,110.94605888777767,111.69682312011719,5425694,0.0,0.0
2015-07-06 00:00:00-04:00,110.65410292562628,111.11290258790231,109.27770393879818,109.73650360107422,5812929,0.0,0.0
2015-07-07 00:00:00-04:00,110.02844940067975,110.73750149196593,108.15153899441053,110.4038314819336,6812212,0.0,0.0
2015-07-08 00:00:00-04:00,108.81889241016327,109.44452703778235,107.94300525948363,107.98471069335938,6683593,0.0,0.0
2015-07-09 00:00:00-04:00,109.1525587397055,110.1118700054785,108.4852187008392,108.52692413330078,6345706,0.0,0.0
2015-07-10 00:00:00-04:00,110.07015375281723,110.27870082701027,108.6103375133357,109.56964874267578,5291629,0.0,0.0
2015-07-13 00:00:00-04:00,110.48724898444168,110.65408398945785,109.44452024318824,110.4038314819336,5075622,0.0,0.0
2015-07-14 00:00:00-04:00,109.90334565681397,111.48829185683695,109.90334565681397,111.19632720947266,4652038,0.0,0.0
2015-07-15 00:00:00-04:00,110.98775890134685,111.73852973694781,110.94605346821832,111.65510559082031,5826910,0.0,0.0
2015-07-16 00:00:00-04:00,112.53100607059935,112.78126525878906,111.94707681807134,112.78126525878906,6392447,0.0,0.0
2015-07-17 00:00:00-04:00,113.69885688963895,113.99081485623064,112.73954555961159,113.61543273925781,8595000,0.0,0.0
2015-07-20 00:00:00-04:00,113.11494009827018,113.49032225646549,112.65614706040512,113.1983642578125,5151158,0.0,0.0
2015-07-21 00:00:00-04:00,112.65613817411929,113.24005412536614,111.78023768750596,111.98878479003906,6110106,0.0,0.0
2015-07-22 00:00:00-04:00,112.11389463001856,112.44756460358339,110.82090688261934,111.07115936279297,5035726,0.0,0.0
2015-07-23 00:00:00-04:00,110.86263217614147,110.94604967948511,109.27768633274255,109.52793884277344,4841211,0.0,0.0
2015-07-24 00:00:00-04:00,109.73647524089363,109.77818730847328,107.06709547389245,107.40077209472656,6494441,0.0,0.0
2015-07-27 00:00:00-04:00,106.52487859008679,108.36007676757664,106.44146109474036,108.23494720458984,7569635,0.0,0.0
2015-07-28 00:00:00-04:00,108.860595703125,109.44451820983298,108.23495448603569,108.860595703125,5792105,0.0,0.0
2015-07-29 00:00:00-04:00,108.8188867443851,109.61135634611706,108.65205173769785,109.52793884277344,5005365,0.0,0.0
2015-07-30 00:00:00-04:00,109.4028227493733,109.44452818368572,108.48522351527514,108.94402313232422,4615376,0.0,0.0
2015-07-31 00:00:00-04:00,109.40281277932124,109.65306528219608,108.6520486307619,108.860595703125,4840439,0.0,0.0
2015-08-03 00:00:00-04:00,108.94401967739297,108.9857251103828,106.77514460380155,107.90129089355469,6798273,0.0,0.0
2015-08-04 00:00:00-04:00,107.9846856409442,108.69373761175031,107.73443317594214,108.02639770507812,4587478,0.0,0.0
2015-08-05 00:00:00-04:00,108.81888363267846,109.81990028411265,108.56863112980362,108.860595703125,5314916,0.0,0.0
2015-08-06 00:00:00-04:00,109.06913138777128,109.19426095372921,108.27666184319642,108.5686264038086,3609479,0.0,0.0
2015-08-07 00:00:00-04:00,108.23495168473029,108.69375124809372,106.81684756520765,107.56761169433594,5407728,0.0,0.0
2015-08-10 00:00:00-04:00,108.02642240648625,109.69477919458829,108.02642240648625,109.44452667236328,4899219,0.0,0.0
2015-08-11 00:00:00-04:00,108.56864117256956,108.56864117256956,106.94198979351312,107.23394775390625,5891637,0.0,0.0
2015-08-12 00:00:00-04:00,106.52488013943405,107.94299086081749,105.73241060214987,107.85957336425781,6567598,0.0,0.0
2015-08-13 00:00:00-04:00,107.48419419553665,108.06811668713169,106.85855963457462,107.56761169433594,3425960,0.0,0.0
2015-08-14 00:00:00-04:00,106.98368307078309,108.86059340251569,106.85856014195737,108.77717590332031,4337313,0.0,0.0
2015-08-17 00:00:00-04:00,108.23494105609878,109.44450462981179,107.60930655657383,109.31938171386719,4011257,0.0,0.0
2015-08-18 00:00:00-04:00,109.15255350771724,109.31939514937174,108.19324892786153,108.73546600341797,4246023,0.0,0.0
2015-08-19 00:00:00-04:00,108.02640430907456,108.56862133636005,106.85855276106999,107.31735229492188,6082479,0.0,0.0
2015-08-20 00:00:00-04:00,106.39974896855266,106.94196597413584,105.02335042208753,105.06505584716797,7229265,0.0,0.0
2015-08-21 00:00:00-04:00,103.85550409159491,104.81481529668125,102.43739995877907,102.5625228881836,13584299,0.0,0.0
2015-08-24 00:00:00-04:00,95.26344740237533,100.26853750724689,80.79041410627008,99.55947875976562,19037599,0.0,0.0
2015-08-25 00:00:00-04:00,103.14644758913747,103.18815965710152,97.05693054199219,97.05693054199219,12682065,0.0,0.0
2015-08-26 00:00:00-04:00,99.47605546316366,100.393654598301,97.05693469594185,100.14340209960938,16477190,0.0,0.0
2015-08-27 00:00:00-04:00,101.89519474671594,104.31431579589844,101.6866476535317,104.31431579589844,13540959,0.0,0.0
2015-08-28 00:00:00-04:00,103.93893893755848,104.98166110969915,103.35500974040623,104.93994903564453,6873851,0.0,0.0
2015-08-31 00:00:00-04:00,104.18916661453336,104.18916661453336,102.5208035690653,103.52182006835938,7721916,0.0,0.0
2015-09-01 00:00:00-04:00,101.10272583525406,101.60323756747704,98.76702212470937,99.60120391845703,13634816,0.0,0.0
2015-09-02 00:00:00-04:00,100.68561692773633,102.52081515720062,99.392635753347,102.4791030883789,10533429,0.0,0.0
2015-09-03 00:00:00-04:00,103.27158771421169,104.06405732716115,101.72835392060743,102.2288589477539,7003701,0.0,0.0
2015-09-04 00:00:00-04:00,100.85247172522071,100.85247172522071,99.47607278287087,100.1017074584961,7434296,0.0,0.0
2015-09-08 00:00:00-04:00,102.22885590069342,104.18918379842476,101.22783923630196,104.10576629638672,9642859,0.0,0.0
2015-09-09 00:00:00-04:00,105.10677514293175,105.19019263876521,102.10372537312433,102.39568328857422,7222045,0.0,0.0
2015-09-10 00:00:00-04:00,102.43741454792975,103.68868385978905,102.18716201354502,102.93791961669922,7312166,0.0,0.0
2015-09-11 00:00:00-04:00,103.18814659130567,104.1057455709832,102.18713012619688,104.06403350830078,6656947,0.0,0.0
2015-09-14 00:00:00-04:00,104.14745207172825,104.18916413484243,102.60421861537591,103.31327056884766,5474792,0.0,0.0
2015-09-15 00:00:00-04:00,103.85549400720339,106.14949162277664,103.02131245245548,105.52385711669922,9668295,0.0,0.0
2015-09-16 00:00:00-04:00,106.48318591687672,108.56863683019996,106.0243863175495,108.15154266357422,12841086,0.0,0.0
2015-09-17 00:00:00-04:00,107.30989116101891,109.11942801158057,106.34200138261748,106.67865753173828,10191912,1.102261,0.0
2015-09-18 00:00:00-04:00,105.83701652808067,106.08950865439871,103.98539420303113,104.3641357421875,16248371,0.0,0.0
2015-09-21 00:00:00-04:00,104.74287135978035,106.04742398770954,104.5324579167316,105.58451843261719,6180342,0.0,0.0
2015-09-22 00:00:00-04:00,104.19581268551944,105.87910030821853,103.52249361682445,105.66869354248047,9223908,0.0,0.0
2015-09-23 00:00:00-04:00,105.24786747951627,106.59450562800238,105.121624758905,105.79493713378906,8594791,0.0,0.0
2015-09-24 00:00:00-04:00,104.65872115842222,107.09949196289904,103.73290992584434,104.8270492553711,11109065,0.0,0.0
2015-09-25 00:00:00-04:00,105.20578918425868,105.37411727858527,104.61663415475655,104.86913299560547,8127409,0.0,0.0
2015-09-28 00:00:00-04:00,103.90121585501596,104.11162928098898,102.30208587646484,102.30208587646484,8897623,0.0,0.0
2015-09-29 00:00:00-04:00,102.38628012946877,103.52250492588584,102.09170928538404,103.39625549316406,8677797,0.0,0.0
2015-09-30 00:00:00-04:00,104.06956354133669,106.21576347265874,103.90123544855828,106.13159942626953,9130698,0.0,0.0
2015-10-01 00:00:00-04:00,105.83699726380956,106.51031617745991,104.32203138293562,106.00532531738281,8288809,0.0,0.0
2015-10-02 00:00:00-04:00,104.65868271275006,107.26778065574094,104.49035467763538,107.1836166381836,8904905,0.0,0.0
2015-10-05 00:00:00-04:00,110.97106120741317,114.46389254779655,110.33982751569265,112.8647689819336,21997846,0.0,0.0
2015-10-06 00:00:00-04:00,113.58016870290872,115.34762039085072,113.45392598197515,114.84263610839844,15004766,0.0,0.0
2015-10-07 00:00:00-04:00,115.72635473203765,116.86257934570312,114.96887165626067,116.86257934570312,13703048,0.0,0.0
2015-10-08 00:00:00-04:00,116.273424211676,118.67211614913671,115.43178379446046,117.95671844482422,10665700,0.0,0.0
2015-10-09 00:00:00-04:00,117.74628142655396,118.54584971193086,117.36753996492432,118.1250228881836,9875476,0.0,0.0
2015-10-12 00:00:00-04:00,117.7462933945252,118.54586176117184,117.45172262719002,118.2092056274414,5266548,0.0,0.0
2015-10-13 00:00:00-04:00,117.70423603741031,119.00878876658604,117.28340911865234,117.28340911865234,9014870,0.0,0.0
2015-10-14 00:00:00-04:00,116.73635663114453,117.15718361171773,115.64221720062977,116.14720153808594,8160336,0.0,0.0
2015-10-15 00:00:00-04:00,116.9888219159885,118.54587343623366,116.31550958221605,117.95671844482422,16062516,0.0,0.0
2015-10-16 00:00:00-04:00,120.39744739614756,122.83822372382993,118.75623919271763,121.95449829101562,29634440,0.0,0.0
2015-10-19 00:00:00-04:00,121.19706512543021,124.39531213403446,120.98665166983729,121.99662017822266,27342329,0.0,0.0
2015-10-20 00:00:00-04:00,121.28121259250833,122.03869561147413,120.7762283794365,121.11288452148438,15681999,0.0,0.0
2015-10-21 00:00:00-04:00,121.15496427952701,123.04867173926415,121.11287891404051,121.40746307373047,13647356,0.0,0.0
2015-10-22 00:00:00-04:00,121.82830120690977,125.152804576791,121.65997310958703,124.4794921875,17001036,0.0,0.0
2015-10-23 00:00:00-04:00,124.98445146899697,125.53152102550212,123.80615502352505,124.18488311767578,16039271,0.0,0.0
2015-10-26 00:00:00-04:00,124.22700009669032,124.81615516871291,123.76410115356335,124.35325622558594,10173821,0.0,0.0
2015-10-27 00:00:00-04:00,123.76407386830195,124.73197031618913,123.00659085680033,123.9744873046875,14106851,0.0,0.0
2015-10-28 00:00:00-04:00,123.42742333628236,124.47947716728386,122.66994029037194,123.6799087524414,14831180,0.0,0.0
2015-10-29 00:00:00-04:00,122.75406206398516,123.63778756193331,122.29116333599814,123.4694595336914,8841827,0.0,0.0
2015-10-30 00:00:00-04:00,122.96449346331,123.4274056578266,121.65994100428331,121.7020263671875,14819474,0.0,0.0
2015-11-02 00:00:00-05:00,121.78618451440553,123.72197723388672,121.53369913270959,123.72197723388672,12416375,0.0,0.0
2015-11-03 00:00:00-05:00,122.9224313946563,125.3632087223439,122.796188680735,124.52156829833984,19996067,0.0,0.0
2015-11-04 00:00:00-05:00,124.35322733429417,125.36319573849676,123.97448583303925,124.31114196777344,21937459,0.0,0.0
2015-11-05 00:00:00-05:00,124.01656827499028,125.15279287471792,123.34325594865552,124.73197937011719,25580616,0.0,0.0
2015-11-06 00:00:00-05:00,123.89035793241517,126.03655158238269,123.09078928695097,125.91030883789062,26314334,0.0,0.0
2015-11-09 00:00:00-05:00,125.23694009850071,126.03649498620756,123.63780352565807,125.19485473632812,30352447,0.0,0.0
2015-11-10 00:00:00-05:00,124.68990949161999,127.38317253028922,124.60573874101219,126.75194549560547,49967267,0.0,0.0
2015-11-11 00:00:00-05:00,127.08860202670343,129.69770772017839,127.08860202670343,129.06646728515625,41231379,0.0,0.0
2015-11-12 00:00:00-05:00,127.97228834786681,130.0343237195643,126.70982126689466,126.92023468017578,61094507,0.0,0.0
2015-11-13 00:00:00-05:00,125.65778969025618,128.30898068817876,125.44738961626592,127.42525482177734,51571608,0.0,0.0
2015-11-16 00:00:00-05:00,125.74199647317428,128.77192991052786,125.27909741953536,127.76194763183594,59427840,0.0,0.0
2015-11-17 00:00:00-05:00,128.64562841952016,129.4031115119377,126.2469364264371,127.59357452392578,90002762,0.0,0.0
2015-11-18 00:00:00-05:00,127.17274386433012,128.6456246343119,126.66775961714933,128.43521118164062,37094987,0.0,0.0
2015-11-19 00:00:00-05:00,127.84609106430358,128.39316077364208,127.29902135496505,127.3831787109375,20642961,0.0,0.0
2015-11-20 00:00:00-05:00,127.3410439164281,130.41306089101263,127.13063051007302,129.0243377685547,43977100,0.0,0.0
2015-11-23 00:00:00-05:00,128.72979736328125,129.69769390103275,127.34107391368694,128.72979736328125,28251073,0.0,0.0
2015-11-24 00:00:00-05:00,127.63562804481087,129.90806335627477,127.42521463845578,129.0243377685547,30438937,0.0,0.0
2015-11-25 00:00:00-05:00,128.94025805718948,128.98233004481327,127.50944871248242,127.76194763183594,11301076,0.0,0.0
2015-11-27 00:00:00-05:00,127.38320595216675,127.84611840452784,127.0465496588435,127.76194763183594,6915875,0.0,0.0
2015-11-30 00:00:00-05:00,127.63566236256491,128.1406466343652,125.99445343017578,125.99445343017578,16633832,0.0,0.0
2015-12-01 00:00:00-05:00,126.20485640441527,127.29899560174249,125.69985877586687,126.96232604980469,11318854,0.0,0.0
2015-12-02 00:00:00-05:00,126.62570427660759,127.21485940406394,125.74197828478317,126.12071990966797,9206923,0.0,0.0
2015-12-03 00:00:00-05:00,126.62570019765616,127.2990260639396,126.12071584698342,126.37321472167969,13139431,0.0,0.0
2015-12-04 00:00:00-05:00,126.54155365945101,128.43524848608826,126.07864124937637,128.3090057373047,12144801,0.0,0.0
2015-12-07 00:00:00-05:00,128.01436848281392,128.09852580546107,126.75190145339447,127.803955078125,13913859,0.0,0.0
2015-12-08 00:00:00-05:00,126.54153970966523,127.84609263235288,125.86821386003064,127.04652404785156,11114491,0.0,0.0
2015-12-09 00:00:00-05:00,126.33111514741336,128.72980729197639,126.07861630108945,128.22482299804688,10550039,0.0,0.0
2015-12-10 00:00:00-05:00,128.09854358373846,130.1605791574145,127.8039728155201,128.98226928710938,9824333,0.0,0.0
2015-12-11 00:00:00-05:00,127.59356326121521,128.81394513643264,126.87816560346192,127.341064453125,13126452,0.0,0.0
2015-12-14 00:00:00-05:00,127.341064453125,128.18271821428152,125.27904221546733,127.341064453125,13575410,0.0,0.0
2015-12-15 00:00:00-05:00,127.9302306986186,128.8139565068666,127.17274760620106,127.59357452392578,12383177,0.0,0.0
2015-12-16 00:00:00-05:00,128.18269375616467,131.423025281678,128.01436571579475,130.3709716796875,15405835,0.0,0.0
2015-12-17 00:00:00-05:00,131.17652501973998,131.64288614153554,129.4382404771947,129.52304077148438,12107430,1.102261,0.0
2015-12-18 00:00:00-05:00,128.84471819757871,129.65026724320515,128.37835693359375,128.37835693359375,17349168,0.0,0.0
2015-12-21 00:00:00-05:00,128.9719005279374,129.73504930609576,127.82717736069985,128.88710021972656,8496553,0.0,0.0
2015-12-22 00:00:00-05:00,129.2687225341797,129.86228441490962,127.86962492147464,129.2687225341797,8817309,0.0,0.0
2015-12-23 00:00:00-05:00,129.39586320513106,131.4309221395904,129.39586320513106,131.2189483642578,7464970,0.0,0.0
2015-12-24 00:00:00-05:00,131.00694685305348,131.13413380421824,130.11661119703342,130.7101593017578,2820882,0.0,0.0
2015-12-28 00:00:00-05:00,130.32861122610726,131.4309343556073,129.77744966135725,131.00697326660156,5541585,0.0,0.0
2015-12-29 00:00:00-05:00,131.4732885864158,133.46596035427785,131.43088844264608,132.61801147460938,6969397,0.0,0.0
2015-12-30 00:00:00-05:00,132.6180806566771,133.29642931513675,131.4733571713226,131.6429443359375,6077847,0.0,0.0
2015-12-31 00:00:00-05:00,130.83741467429388,133.50842276357983,130.54062699841379,132.06692504882812,10914634,0.0,0.0
2016-01-04 00:00:00-05:00,129.5230675169643,130.41340329619032,128.25115733250777,130.201416015625,13120985,0.0,0.0
2016-01-05 00:00:00-05:00,130.07426978163684,130.752618492733,129.09913338523148,130.32864379882812,11513181,0.0,0.0
2016-01-06 00:00:00-05:00,128.33591594462436,130.2437875515379,127.4031802144591,128.25112915039062,13073243,0.0,0.0
2016-01-07 00:00:00-05:00,125.70731229418664,127.0216225177524,122.3155566033424,122.8243179321289,19252709,0.0,0.0
2016-01-08 00:00:00-05:00,123.79948017272714,124.22344128709686,120.15332279637599,120.61969757080078,15544512,0.0,0.0
2016-01-11 00:00:00-05:00,121.00127314342174,126.85206346590803,119.77174945323468,121.17086029052734,12192835,0.0,0.0
2016-01-12 00:00:00-05:00,121.93402218681659,122.4427836823118,120.15333670417549,121.42524719238281,9949593,0.0,0.0
2016-01-13 00:00:00-05:00,122.56995551722427,123.20591743211666,119.55976008481997,119.7293472290039,11626172,0.0,0.0
2016-01-14 00:00:00-05:00,120.02614221620269,124.01146059733234,119.94134188944184,123.20592498779297,13612468,0.0,0.0
2016-01-15 00:00:00-05:00,119.30534843830966,121.93396859137992,119.13576134768572,120.78924560546875,14486324,0.0,0.0
2016-01-19 00:00:00-05:00,121.76438150075597,122.48513001064094,119.55972232477929,120.78924560546875,10847674,0.0,0.0
2016-01-20 00:00:00-05:00,118.41504838681323,120.53489440547136,116.50717617087157,118.71182250976562,18375368,0.0,0.0
2016-01-21 00:00:00-05:00,119.2629752158202,122.90911873579033,119.2629752158202,121.2132339477539,11692923,0.0,0.0
2016-01-22 00:00:00-05:00,121.04365772063203,121.08605788141223,117.48231419383264,119.7293472290039,18335013,0.0,0.0
2016-01-25 00:00:00-05:00,120.06853217150392,120.78928089194301,118.71182155124038,118.88140869140625,9358244,0.0,0.0
2016-01-26 00:00:00-05:00,119.00855652408227,121.00122838868334,118.92376973135812,120.02609252929688,8854138,0.0,0.0
2016-01-27 00:00:00-05:00,119.55975821744154,121.1708563104308,117.94867362338897,118.71182250976562,9622744,0.0,0.0
2016-01-28 00:00:00-05:00,119.6445348563155,120.19569633194708,118.41502494880937,119.60213470458984,8361069,0.0,0.0
2016-01-29 00:00:00-05:00,120.66203748841441,123.4178579083641,120.15327624890305,123.37545776367188,10761998,0.0,0.0
2016-02-01 00:00:00-05:00,122.99394534383293,123.07873217694619,121.08607286205266,121.42524719238281,9065575,0.0,0.0
2016-02-02 00:00:00-05:00,119.85654771134452,119.94133453396803,118.37265007553248,119.7293472290039,8361466,0.0,0.0
2016-02-03 00:00:00-05:00,120.365283060067,121.63719311528489,118.16063716449813,121.55240631103516,9235718,0.0,0.0
2016-02-04 00:00:00-05:00,121.4675919688955,124.90176087011073,120.78924361756368,123.71463775634766,11267398,0.0,0.0
2016-02-05 00:00:00-05:00,123.58750278901542,123.79949011268941,119.9837452844337,121.00128173828125,10847236,0.0,0.0
2016-02-08 00:00:00-05:00,119.6445892848422,119.85657664097344,117.6943164075868,119.43260192871094,10035895,0.0,0.0
2016-02-09 00:00:00-05:00,117.65191709320443,121.00128726250269,117.65191709320443,119.89896392822266,7727091,0.0,0.0
2016-02-10 00:00:00-05:00,120.28053120184872,121.67964227535721,119.77176967463626,119.98375701904297,6779974,0.0,0.0
2016-02-11 00:00:00-05:00,117.65189816066918,118.83900813789717,114.89607676949699,116.37997436523438,16807731,0.0,0.0
2016-02-12 00:00:00-05:00,116.88873049929803,119.81412506103516,115.9983947847173,119.81412506103516,12028451,0.0,0.0
2016-02-16 00:00:00-05:00,121.1708384870915,123.07869692346453,120.49247652179615,122.35794830322266,9852773,0.0,0.0
2016-02-17 00:00:00-05:00,123.54503949106582,125.53769771702125,123.46023920535525,124.39297485351562,7982327,0.0,0.0
2016-02-18 00:00:00-05:00,124.22342347722166,124.43541075348246,122.90911316355272,123.29068756103516,6479855,0.0,0.0
2016-02-19 00:00:00-05:00,122.69712056191752,123.50266947695864,121.59479757235307,123.03630828857422,7525419,0.0,0.0
2016-02-22 00:00:00-05:00,123.03632697112161,125.02898598576738,123.03632697112161,124.68981170654297,8036224,0.0,0.0
2016-02-23 00:00:00-05:00,123.84186192552372,124.47782382027275,123.29070034964913,123.88426208496094,6500074,0.0,0.0
2016-02-24 00:00:00-05:00,122.52754157897326,123.16350342235565,120.40769576556937,122.78192901611328,9374875,0.0,0.0
2016-02-25 00:00:00-05:00,123.0811031813723,125.13245422071167,122.99562398485652,124.91876983642578,7487067,1.102261,0.0
2016-02-26 00:00:00-05:00,125.2179025914654,126.32905035135475,125.17516299908465,125.64527130126953,6123210,0.0,0.0
2016-02-29 00:00:00-05:00,125.81620341648124,126.28631167140985,124.44863184678024,124.53411102294922,7129232,0.0,0.0
2016-03-01 00:00:00-05:00,125.68804358610508,128.08128449090597,125.26067476513894,127.6966552734375,6746609,0.0,0.0
2016-03-02 00:00:00-05:00,127.26928287798857,128.97874450683594,127.18381728039887,128.97874450683594,7765401,0.0,0.0
2016-03-03 00:00:00-05:00,129.0642383721942,129.91896248020595,128.4659246930828,129.1497039794922,5866096,0.0,0.0
2016-03-04 00:00:00-05:00,129.14970200058002,130.73095858493073,129.14970200058002,130.17538452148438,6893131,0.0,0.0
2016-03-07 00:00:00-05:00,129.3206337325461,130.13263174579737,128.76505972532283,129.4488525390625,5476796,0.0,0.0
2016-03-08 00:00:00-05:00,128.55133165717703,129.14964506334678,128.08123701397236,128.4658660888672,6499386,0.0,0.0
2016-03-09 00:00:00-05:00,128.89326509917254,129.06420988304117,128.08126717054398,128.42315673828125,5179181,0.0,0.0
2016-03-10 00:00:00-05:00,128.9360007735544,129.44884877068088,127.31201840133241,127.95307159423828,6916710,0.0,0.0
2016-03-11 00:00:00-05:00,128.80775353318322,130.6881592901786,128.80775353318322,129.66249084472656,6710489,0.0,0.0
2016-03-14 00:00:00-04:00,129.1496731661729,129.79072629949013,128.5513596298108,129.3633575439453,4624015,0.0,0.0
2016-03-15 00:00:00-04:00,128.33768912801133,129.7907265715052,128.33768912801133,129.40609741210938,6030126,0.0,0.0
2016-03-16 00:00:00-04:00,129.2351682471311,129.53431824858546,128.5086494375949,128.93600463867188,6853924,0.0,0.0
2016-03-17 00:00:00-04:00,129.1496954235752,132.9532480680138,128.9787506132976,132.31219482421875,12653958,0.0,0.0
2016-03-18 00:00:00-04:00,132.86773877369654,133.12416273455275,132.05575451048963,132.14122009277344,10928447,0.0,0.0
2016-03-21 00:00:00-04:00,131.84209848409407,133.3378757621048,131.5856744681188,132.86776733398438,5710727,0.0,0.0
2016-03-22 00:00:00-04:00,132.3976124914877,133.50876004530852,132.35487290703324,132.739501953125,5432726,0.0,0.0
2016-03-23 00:00:00-04:00,132.6540519187072,133.508775672848,132.5258331503355,132.78225708007812,5682933,0.0,0.0
2016-03-24 00:00:00-04:00,132.0984487755633,132.95318603515625,131.71383333714547,132.95318603515625,5759700,0.0,0.0
2016-03-28 00:00:00-04:00,133.08140223356693,135.47464226658477,132.9104574888514,134.57717895507812,8239398,0.0,0.0
2016-03-29 00:00:00-04:00,134.44897516897376,134.96180940834864,133.67971700641127,134.53445434570312,8043882,0.0,0.0
2016-03-30 00:00:00-04:00,135.73109460756737,136.54309252023873,135.60288942393623,136.03025817871094,7322787,0.0,0.0
2016-03-31 00:00:00-04:00,136.2866980709923,136.97047734116262,135.73112401222738,135.8593292236328,7685922,0.0,0.0
2016-04-01 00:00:00-04:00,134.61992946515724,136.84222493376157,134.40624511517584,136.4575958251953,8221203,0.0,0.0
2016-04-04 00:00:00-04:00,135.4319653995645,135.5174309994159,132.8677660849333,133.46607971191406,9374979,0.0,0.0
2016-04-05 00:00:00-04:00,132.2693931340118,133.03865114354574,131.5428747043404,132.39759826660156,6527388,0.0,0.0
2016-04-06 00:00:00-04:00,132.01300076638313,134.61992526216238,130.94459265683452,132.0557403564453,7646047,0.0,0.0
2016-04-07 00:00:00-04:00,131.28649987598936,131.5429238439572,130.38903639860624,130.90187072753906,7003430,0.0,0.0
2016-04-08 00:00:00-04:00,132.05575591507736,132.82501419882567,131.15829245303854,131.5856475830078,5594001,0.0,0.0
2016-04-11 00:00:00-04:00,131.75659347981076,132.483112174656,131.24375915527344,131.24375915527344,5242948,0.0,0.0
2016-04-12 00:00:00-04:00,131.11556859617525,132.1839769598469,130.6881998079049,131.671142578125,5749746,0.0,0.0
2016-04-13 00:00:00-04:00,132.39759826660156,132.91043240395825,132.22665355414932,132.39759826660156,4943768,0.0,0.0
2016-04-14 00:00:00-04:00,132.44035259239368,132.8249816399853,131.8847788133168,132.5685577392578,4485692,0.0,0.0
2016-04-15 00:00:00-04:00,132.78224233927264,132.91044748641087,132.18392897429536,132.61129760742188,5099722,0.0,0.0
2016-04-18 00:00:00-04:00,132.0557230298504,133.2950757300354,132.0557230298504,132.739501953125,4397428,0.0,0.0
2016-04-19 00:00:00-04:00,133.08145168037072,133.38061530002824,132.52587765186996,133.1241912841797,4772603,0.0,0.0
2016-04-20 00:00:00-04:00,133.33787569621927,133.97891532533262,132.69682246010055,133.1241912841797,5540166,0.0,0.0
2016-04-21 00:00:00-04:00,132.99591156368325,133.67969041349218,131.84202454938236,132.39759826660156,8273744,0.0,0.0
2016-04-22 00:00:00-04:00,132.61131527750993,133.25235470561714,129.5342824801918,131.45742797851562,11788886,0.0,0.0
2016-04-25 00:00:00-04:00,131.6710980862125,131.88478240814334,129.91889753197935,131.1155242919922,7402601,0.0,0.0
2016-04-26 00:00:00-04:00,131.7993164230732,132.3976298629408,131.37194773645336,132.0557403564453,5985451,0.0,0.0
2016-04-27 00:00:00-04:00,132.22666902822354,132.5258189082741,131.71383483085145,132.18392944335938,4787522,0.0,0.0
2016-04-28 00:00:00-04:00,131.37194773645336,133.42329838242722,131.20100298320563,132.0557403564453,6015060,0.0,0.0
2016-04-29 00:00:00-04:00,131.41470336914062,132.35490643028024,130.7736638679561,131.41470336914062,6030877,0.0,0.0
2016-05-02 00:00:00-04:00,130.94459238098335,132.44036917400078,130.9018527910112,132.01300048828125,3587131,0.0,0.0
2016-05-03 00:00:00-04:00,130.9446103233675,131.24376028016093,129.70524368635967,130.90187072753906,5783174,0.0,0.0
2016-05-04 00:00:00-04:00,129.91891892296812,130.00439810861434,127.73936297301175,128.5086212158203,8303624,0.0,0.0
2016-05-05 00:00:00-04:00,128.8078189756384,129.2351878485403,127.3547811361803,127.73941040039062,6614421,0.0,0.0
2016-05-06 00:00:00-04:00,126.84189928767172,129.23513958962738,125.68801192592476,128.72230529785156,5905429,0.0,0.0
2016-05-09 00:00:00-04:00,128.4231891893559,128.59413401642033,126.62826170167587,127.6539306640625,5666073,0.0,0.0
2016-05-10 00:00:00-04:00,128.16669651542935,130.60266213983718,128.12395693433493,130.26077270507812,5661086,0.0,0.0
2016-05-11 00:00:00-04:00,130.34626980836123,131.41467784079043,129.66249084472656,129.66249084472656,4926616,0.0,0.0
2016-05-12 00:00:00-04:00,127.52567752394114,129.06419399638452,127.52567752394114,128.59408569335938,9863374,0.0,0.0
2016-05-13 00:00:00-04:00,128.08122637454198,128.67953973101115,126.24356032802886,126.67092895507812,7358865,0.0,0.0
2016-05-16 00:00:00-04:00,126.28632594410385,128.76503183513861,126.15810716535931,128.03851318359375,5362261,0.0,0.0
2016-05-17 00:00:00-04:00,127.73934326818726,128.59406695779217,126.41451134404984,126.97008514404297,6994374,0.0,0.0
2016-05-18 00:00:00-04:00,126.92732308577179,127.56837594472911,125.77343610384702,126.54269409179688,5801954,0.0,0.0
2016-05-19 00:00:00-04:00,125.34612953830029,125.85896385928925,124.1922421108232,125.47433471679688,7103859,0.0,0.0
2016-05-20 00:00:00-04:00,126.20083536717311,126.84188838202763,125.77346669060343,126.32904052734375,7304112,0.0,0.0
2016-05-23 00:00:00-04:00,126.15808185500599,126.79913479911237,125.68798724826063,126.02987670898438,4927639,0.0,0.0
2016-05-24 00:00:00-04:00,127.0128541110416,128.08126237194318,126.88463532269132,127.56842803955078,5053858,0.0,0.0
2016-05-25 00:00:00-04:00,128.20945657524854,129.57702828486507,128.0385118124217,128.59408569335938,5771239,0.0,0.0
2016-05-26 00:00:00-04:00,128.5085909229536,129.1923698189312,128.2094274507144,128.29490661621094,4725654,0.0,0.0
2016-05-27 00:00:00-04:00,128.80777087631327,129.02145523297034,128.3804021629992,128.72230529785156,4068723,0.0,0.0
2016-05-31 00:00:00-04:00,128.72233378578503,129.66253699895418,128.50864938183682,129.1924285888672,6321689,0.0,0.0
2016-06-01 00:00:00-04:00,128.38041711152158,128.80778587459818,127.73937757391008,128.67958068847656,4408341,0.0,0.0
2016-06-02 00:00:00-04:00,128.25221195441262,128.42315673828125,127.5684328189381,128.42315673828125,3971111,0.0,0.0
2016-06-03 00:00:00-04:00,128.29496118765297,128.42316638343237,127.3974976031883,127.95307159423828,4966679,0.0,0.0
2016-06-06 00:00:00-04:00,128.2094573990739,129.1923999968956,127.99577304241686,128.72230529785156,3894073,0.0,0.0
2016-06-07 00:00:00-04:00,128.8077850341797,129.96167252275583,128.7650454367502,128.8077850341797,5352370,0.0,0.0
2016-06-08 00:00:00-04:00,129.1923969791589,130.34628431395282,128.8932470510278,129.53428649902344,6080685,0.0,0.0
2016-06-09 00:00:00-04:00,128.8932484159681,129.61976705512419,128.29493494636844,129.23513793945312,5535221,0.0,0.0
2016-06-10 00:00:00-04:00,128.2948902873408,129.40603765538125,127.91026130555778,128.38035583496094,6140925,0.0,0.0
2016-06-13 00:00:00-04:00,128.1240090889886,128.76504863835632,127.3120111456522,127.48295593261719,6877502,0.0,0.0
2016-06-14 00:00:00-04:00,127.44017989907428,130.1753229225459,127.31197474725522,130.08984375,9118638,0.0,0.0
2016-06-15 00:00:00-04:00,130.2608333754606,132.0985001484522,130.21810738146422,130.73094177246094,9132138,0.0,0.0
2016-06-16 00:00:00-04:00,129.78359676821117,132.36720766657007,129.52523019434082,131.93661499023438,14109334,1.102261,0.0
2016-06-17 00:00:00-04:00,131.97969382757753,132.28112384872165,131.11849457449978,131.764404296875,11609103,0.0,0.0
2016-06-20 00:00:00-04:00,132.84088751003932,134.86471574359783,132.7547607421875,132.7547607421875,9993057,0.0,0.0
2016-06-21 00:00:00-04:00,132.97007272054825,133.5298556182388,132.92700933378248,133.2284393310547,7518992,0.0,0.0
2016-06-22 00:00:00-04:00,133.48672522494297,133.9173314562723,132.49635008699926,132.53941345214844,7514297,0.0,0.0
2016-06-23 00:00:00-04:00,133.74513358983683,134.39104313910605,133.35759060229242,134.30491638183594,8394267,0.0,0.0
2016-06-24 00:00:00-04:00,129.6544414063451,131.54909336239612,128.1042691313782,128.4056854248047,17875914,0.0,0.0
2016-06-27 00:00:00-04:00,127.19995775580949,127.54443730477483,125.60672270424094,126.25263214111328,11276120,0.0,0.0
2016-06-28 00:00:00-04:00,128.36262619001195,129.18076194415045,127.75977993795541,128.9224090576172,7972665,0.0,0.0
2016-06-29 00:00:00-04:00,131.37678673627408,131.85044262945897,130.47251089550772,131.5490264892578,7484334,0.0,0.0
2016-06-30 00:00:00-04:00,132.0226853527439,135.63974766694324,131.97962198600877,135.5536346435547,11375110,0.0,0.0
2016-07-01 00:00:00-04:00,135.55367579414502,136.19957165092254,134.8647028474735,135.5967254638672,6823313,0.0,0.0
2016-07-05 00:00:00-04:00,134.5632397308485,135.7689179748481,134.00345711861414,135.4244384765625,6752410,0.0,0.0
2016-07-06 00:00:00-04:00,134.64937637330434,136.93157058743662,134.64937637330434,136.6732177734375,6699284,0.0,0.0
2016-07-07 00:00:00-04:00,136.97465207604498,138.2233940690886,136.67323584981955,137.01771545410156,7828563,0.0,0.0
2016-07-08 00:00:00-04:00,137.749744526669,138.95542319842542,137.749744526669,138.6540069580078,8040105,0.0,0.0
2016-07-11 00:00:00-04:00,138.9123551638246,139.9457938887066,138.56787558886393,138.69705200195312,7924798,0.0,0.0
2016-07-12 00:00:00-04:00,139.12767195738087,139.90274422194162,138.35258598273458,138.91236877441406,7948148,0.0,0.0
2016-07-13 00:00:00-04:00,138.91237911386008,139.8597049633735,138.86931573204436,139.3429718017578,6774090,0.0,0.0
2016-07-14 00:00:00-04:00,139.94578674973155,140.8931123875901,139.9027233775372,140.5055694580078,7069013,0.0,0.0
2016-07-15 00:00:00-04:00,141.06542002557342,141.8835696505019,140.97930694984362,141.5821533203125,8828243,0.0,0.0
2016-07-18 00:00:00-04:00,141.62511594290547,141.8404190650133,140.63474077532388,141.71124267578125,7984476,0.0,0.0
2016-07-19 00:00:00-04:00,141.02233672047996,141.88353582290287,140.89314657255142,141.7974090576172,7002220,0.0,0.0
2016-07-20 00:00:00-04:00,141.92652914606222,142.09876888152374,140.80696401052225,141.1514434814453,7419565,0.0,0.0
2016-07-21 00:00:00-04:00,140.93617432138828,141.45289365219654,139.90272194968844,140.3333282470703,8848608,0.0,0.0
2016-07-22 00:00:00-04:00,136.63019593926415,138.09424136396873,136.45795610753936,138.05117797851562,12053115,0.0,0.0
2016-07-25 00:00:00-04:00,138.09421816746791,138.13728154568742,135.12306443168785,136.2426300048828,9541846,0.0,0.0
2016-07-26 00:00:00-04:00,136.37181921187278,136.6301857953217,134.82164713135262,135.5106201171875,7700445,0.0,0.0
2016-07-27 00:00:00-04:00,135.5967061443591,135.8981360499827,134.00348470923197,134.69244384765625,8191343,0.0,0.0
2016-07-28 00:00:00-04:00,134.34797502274503,134.82163104077074,133.83125562760287,134.5632781982422,6321940,0.0,0.0
2016-07-29 00:00:00-04:00,134.69243039152323,135.3383398018309,133.96040795255743,134.08958435058594,10443997,0.0,0.0
2016-08-01 00:00:00-04:00,134.0035292346215,134.4341219841679,133.57292277498664,134.13270568847656,6500847,0.0,0.0
2016-08-02 00:00:00-04:00,133.96049986211446,134.17580314660208,133.48682989422332,133.70213317871094,5634002,0.0,0.0
2016-08-03 00:00:00-04:00,133.61597864759287,134.5202411938941,133.61597864759287,134.0465850830078,4174494,0.0,0.0
2016-08-04 00:00:00-04:00,134.34797219491247,134.56327536587781,133.8743024767718,134.2187957763672,4234526,0.0,0.0
2016-08-05 00:00:00-04:00,134.64938047398374,135.42446635975304,134.43407731570517,134.69244384765625,4502365,0.0,0.0
2016-08-08 00:00:00-04:00,134.7786042157442,135.20919692962946,134.39106117618633,134.6494140625,4263822,0.0,0.0
2016-08-09 00:00:00-04:00,134.47713456123762,134.99385389150888,134.13265500772346,134.778564453125,4195944,0.0,0.0
2016-08-10 00:00:00-04:00,134.56330100375789,134.95084404331578,134.34799779177158,134.6494140625,3868199,0.0,0.0
2016-08-11 00:00:00-04:00,134.82164772277167,135.080014307354,134.34799164613867,134.73553466796875,7926280,0.0,0.0
2016-08-12 00:00:00-04:00,134.34799333244234,134.6924729761514,134.26186656647164,134.52023315429688,4450136,0.0,0.0
2016-08-15 00:00:00-04:00,134.7785997421221,134.9938892368751,134.43410638832614,134.52023315429688,4080032,0.0,0.0
2016-08-16 00:00:00-04:00,134.0896131987462,134.73552274801543,133.83126034710693,134.30491638183594,4670609,0.0,0.0
2016-08-17 00:00:00-04:00,134.60635823072096,134.90777448766136,134.261864881249,134.73553466796875,3672056,0.0,0.0
2016-08-18 00:00:00-04:00,134.56324735975704,135.3383331298828,134.3048808663545,135.3383331298828,5851135,0.0,0.0
2016-08-19 00:00:00-04:00,134.8646944178872,135.20917401464862,134.26184826851215,134.5632781982422,5162884,0.0,0.0
2016-08-22 00:00:00-04:00,134.21880447272244,135.33837006621368,133.83126148189194,134.8647003173828,4269331,0.0,0.0
2016-08-23 00:00:00-04:00,135.42449874850473,135.94121822590395,134.4771728515625,134.4771728515625,6701538,0.0,0.0
2016-08-24 00:00:00-04:00,134.64938519708076,134.99386477837623,134.21879257550367,134.43408203125,4599977,0.0,0.0
2016-08-25 00:00:00-04:00,134.30489498496686,134.77856465431842,134.04654217448723,134.39102172851562,3553077,0.0,0.0
2016-08-26 00:00:00-04:00,134.64941267736225,135.46756213247647,134.08962981599126,134.4771728515625,4645987,0.0,0.0
2016-08-29 00:00:00-04:00,134.26185553859477,135.42448452318308,134.2188058692323,135.0369415283203,4433840,0.0,0.0
2016-08-30 00:00:00-04:00,134.95076442894936,135.51054696583444,134.7785247029908,135.07994079589844,3784692,0.0,0.0
2016-08-31 00:00:00-04:00,134.73553635913677,134.9938892368751,134.30492994945698,134.52023315429688,6972715,0.0,0.0
2016-09-01 00:00:00-04:00,134.13270397508126,134.7355502688517,133.31455445424362,134.34800720214844,8608480,0.0,0.0
2016-09-02 00:00:00-04:00,134.56329484827614,135.4244939467392,134.47716808338646,134.73553466796875,4341736,0.0,0.0
2016-09-06 00:00:00-04:00,134.8216992899729,134.95088948672068,132.62563046636487,133.70213317871094,8545902,0.0,0.0
2016-09-07 00:00:00-04:00,133.4437162185919,133.74513244628906,132.62556687186336,133.74513244628906,5689568,0.0,0.0
2016-09-08 00:00:00-04:00,133.48680405486738,133.70210729767822,133.05621127933497,133.6590576171875,6313322,0.0,0.0
2016-09-09 00:00:00-04:00,132.71168395935766,132.71168395935766,129.65440368652344,129.65440368652344,9310440,0.0,0.0
2016-09-12 00:00:00-04:00,129.18083059471587,131.63526658166688,128.4918709177102,131.29078674316406,8640134,0.0,0.0
2016-09-13 00:00:00-04:00,130.12810361875432,130.2572937877618,127.97509865636495,128.53488159179688,9403607,0.0,0.0
2016-09-14 00:00:00-04:00,128.3626086478664,129.18074429019774,127.75976247819533,127.8889389038086,10657959,0.0,0.0
2016-09-15 00:00:00-04:00,128.23611415648358,129.53800146604345,127.6719625284381,129.10403442382812,7324018,1.102261,0.0
2016-09-16 00:00:00-04:00,128.5832637025964,129.10401578783325,128.19269618439776,128.8002471923828,13549410,0.0,0.0
2016-09-19 00:00:00-04:00,129.23423355039077,130.01536878743303,127.58517794835033,127.71536254882812,6364465,0.0,0.0
2016-09-20 00:00:00-04:00,128.75689697265625,129.32104873502078,128.5399133998869,128.75689697265625,6186101,0.0,0.0
2016-09-21 00:00:00-04:00,129.1040729892845,129.84180889117246,128.40973656799946,129.5380401611328,6057794,0.0,0.0
2016-09-22 00:00:00-04:00,130.01535021414216,130.6663007577153,129.88516563226182,130.36251831054688,6130471,0.0,0.0
2016-09-23 00:00:00-04:00,130.2757912667022,130.40597590661363,129.36447115313848,129.71163940429688,4762024,0.0,0.0
2016-09-26 00:00:00-04:00,129.32099100936406,129.3643904679634,128.1058890710826,128.19268798828125,5405558,0.0,0.0
2016-09-27 00:00:00-04:00,128.45308021615213,130.05874993654263,127.88892860411224,129.66818237304688,5319193,0.0,0.0
2016-09-28 00:00:00-04:00,129.84177474531612,129.92857368369548,128.45308845085316,129.75498962402344,5581836,0.0,0.0
2016-09-29 00:00:00-04:00,129.36445557718721,130.62294379038278,127.75878533754337,128.14935302734375,8111467,0.0,0.0
2016-09-30 00:00:00-04:00,128.45308753684765,129.5380051734365,128.3663024161725,128.53988647460938,7536875,0.0,0.0
2016-10-03 00:00:00-04:00,127.84552817134303,128.88703234217328,127.58514522009338,128.6266632080078,4130278,0.0,0.0
2016-10-04 00:00:00-04:00,128.930469651542,129.10405373096992,127.8021662267165,128.01914978027344,6495171,0.0,0.0
2016-10-05 00:00:00-04:00,128.10593491144328,128.887070177413,127.58518267315955,128.01914978027344,5203386,0.0,0.0
2016-10-06 00:00:00-04:00,127.58516297786386,128.01913001798633,126.45685972721428,127.02101135253906,5860880,0.0,0.0
2016-10-07 00:00:00-04:00,126.10970230163551,126.76063909985817,125.50215115743038,126.19648742675781,7895794,0.0,0.0
2016-10-10 00:00:00-04:00,125.84930369341254,127.19459041130521,125.0247691129696,125.24175262451172,7090734,0.0,0.0
2016-10-11 00:00:00-04:00,124.76440816232815,125.97949656299745,124.50402516792721,125.50214385986328,6456464,0.0,0.0
2016-10-12 00:00:00-04:00,125.50214317497004,125.9361102242412,125.0247766573545,125.41534423828125,4748043,0.0,0.0
2016-10-13 00:00:00-04:00,124.89459575868887,125.415347942945,124.37384357443273,124.8511962890625,5924459,0.0,0.0
2016-10-14 00:00:00-04:00,125.67573980500084,125.9795084796306,125.06818863865358,125.3719711303711,5880390,0.0,0.0
2016-10-17 00:00:00-04:00,125.41532630494231,125.8058938300212,124.54740614759167,125.19835662841797,8290687,0.0,0.0
2016-10-18 00:00:00-04:00,125.97945896282354,126.19644242388178,125.41530749090508,125.76248931884766,5751228,0.0,0.0
2016-10-19 00:00:00-04:00,126.10967254638672,126.80400865188734,125.97947416379233,126.10967254638672,6090429,0.0,0.0
2016-10-20 00:00:00-04:00,126.28327601621857,126.71724305751506,125.67572492182069,126.15309143066406,5932952,0.0,0.0
2016-10-21 00:00:00-04:00,123.41908451991758,125.84927441302155,122.941718142173,125.76248931884766,13386341,0.0,0.0
2016-10-24 00:00:00-04:00,125.84931197434022,126.76063172911383,125.41534492270081,125.50214385986328,6497675,0.0,0.0
2016-10-25 00:00:00-04:00,125.5889399444546,125.89272243395843,124.20026736530905,124.33045196533203,5525518,0.0,0.0
2016-10-26 00:00:00-04:00,124.0700616272535,126.15309800723438,123.8964775651029,125.28516387939453,5082424,0.0,0.0
2016-10-27 00:00:00-04:00,125.37200178330434,125.67577053220428,124.15689915352226,124.24369812011719,5306882,0.0,0.0
2016-10-28 00:00:00-04:00,125.32855243435094,128.40969344908976,125.28515296832123,126.80402374267578,14162063,0.0,0.0
2016-10-31 00:00:00-04:00,127.93230396029718,128.670039481847,126.2398494431388,126.28324890136719,9090093,0.0,0.0
2016-11-01 00:00:00-04:00,125.84931970860185,126.7172538652209,124.59083176200902,125.32856750488281,6679440,0.0,0.0
2016-11-02 00:00:00-04:00,125.24173351392783,125.24173351392783,123.24551038309721,123.63607788085938,6442087,0.0,0.0
2016-11-03 00:00:00-04:00,124.11346502158396,124.11346502158396,122.33422487400827,122.72479248046875,4799374,0.0,0.0
2016-11-04 00:00:00-04:00,122.4644091399848,125.02478449357203,122.4644091399848,123.41912841796875,7483645,0.0,0.0
2016-11-07 00:00:00-05:00,125.19837182417686,127.28139427172643,125.11157288936451,127.19459533691406,8608188,0.0,0.0
2016-11-08 00:00:00-05:00,127.45497540835918,128.53987916617675,127.10779349413865,127.67195892333984,7476237,0.0,0.0
2016-11-09 00:00:00-05:00,127.23801079048168,129.36443297260072,126.15310687153662,128.5832977294922,11277456,0.0,0.0
2016-11-10 00:00:00-05:00,129.53805489201508,133.83428616718558,129.45125592093865,131.96824645996094,16969403,0.0,0.0
2016-11-11 00:00:00-05:00,132.3153765044857,133.53047884614807,131.79462427966808,133.2700958251953,8912459,0.0,0.0
2016-11-14 00:00:00-05:00,133.40026550954596,133.87763202506284,132.31536170822406,132.40216064453125,7875012,0.0,0.0
2016-11-15 00:00:00-05:00,132.27196181690076,133.53046348681076,131.23045748706448,133.44366455078125,8385295,0.0,0.0
2016-11-16 00:00:00-05:00,133.00971618067686,133.5738817099104,132.53236341674847,133.40028381347656,5272015,0.0,0.0
2016-11-17 00:00:00-05:00,133.22669617158957,133.96443194335313,133.05311209688566,133.6172637939453,3721301,0.0,0.0
2016-11-18 00:00:00-05:00,133.44367999093495,134.09463063521585,132.44556119653942,133.0965118408203,5964376,0.0,0.0
2016-11-21 00:00:00-05:00,133.18324965685332,134.00777018065537,132.7058833067371,133.96437072753906,4619007,0.0,0.0
2016-11-22 00:00:00-05:00,134.22480381057997,135.5700906405649,134.00782028095833,135.30970764160156,5784384,0.0,0.0
2016-11-23 00:00:00-05:00,135.57007656491515,136.17762762135908,135.30969359298624,136.00404357910156,5064876,0.0,0.0
2016-11-25 00:00:00-05:00,136.4814487979544,136.65503290705652,135.78711236154604,136.43804931640625,2746306,0.0,0.0
2016-11-28 00:00:00-05:00,135.9606630058004,136.3946300802859,135.43991080667013,135.61349487304688,4609909,0.0,0.0
2016-11-29 00:00:00-05:00,135.7437399164925,136.04750871365107,134.4418519303805,134.74562072753906,6556935,0.0,0.0
2016-11-30 00:00:00-05:00,135.3097154523592,135.70028306480637,133.44367633381717,133.48707580566406,9522691,0.0,0.0
2016-12-01 00:00:00-05:00,132.96628377739302,136.5247768785697,132.87948485969153,136.22100830078125,9327613,0.0,0.0
2016-12-02 00:00:00-05:00,136.09082869168768,136.6549802832959,135.65687549458656,136.00404357910156,4465577,0.0,0.0
2016-12-05 00:00:00-05:00,136.39462193410722,136.48140705356877,134.78895214466192,135.0059356689453,4619424,0.0,0.0
2016-12-06 00:00:00-05:00,135.35311202904688,135.5700955665527,134.57197682086075,135.26632690429688,3666882,0.0,0.0
2016-12-07 00:00:00-05:00,134.5719657842484,137.13235473632812,134.22479767954616,137.13235473632812,6864357,0.0,0.0
2016-12-08 00:00:00-05:00,137.13239582670448,137.5663491790691,136.26446148779476,136.82861328125,5872815,0.0,0.0
2016-12-09 00:00:00-05:00,136.48138193733286,138.5210045829133,136.0474149686276,137.91346740722656,6515975,0.0,0.0
2016-12-12 00:00:00-05:00,137.43611606711818,138.82480222918616,137.39271660206614,138.26065063476562,6477017,0.0,0.0
2016-12-13 00:00:00-05:00,138.4342501907278,138.86821725570758,137.17576228279074,137.7399139404297,7198926,0.0,0.0
2016-12-14 00:00:00-05:00,137.17573068274064,138.781386345945,136.43798131538955,136.6983642578125,9113379,0.0,0.0
2016-12-15 00:00:00-05:00,136.65496502885603,138.65120201761056,135.09270882292904,135.6568603515625,9051219,0.0,0.0
2016-12-16 00:00:00-05:00,136.7851898078107,138.30406066396614,136.5248068146948,137.78329467773438,15018704,0.0,0.0
2016-12-19 00:00:00-05:00,137.82672076925834,138.8682391258193,137.60973720259608,138.52105712890625,7293116,0.0,0.0
2016-12-20 00:00:00-05:00,138.5209938645498,140.51723071246363,138.4776082247034,139.9530792236328,8308549,0.0,0.0
2016-12-21 00:00:00-05:00,139.73611112705007,139.90969515677818,139.08516065275634,139.43234252929688,5835173,0.0,0.0
2016-12-22 00:00:00-05:00,139.51983452728655,139.69472498611745,138.95143705581754,139.12632751464844,5048329,1.150185,0.0
2016-12-23 00:00:00-05:00,139.34494444219183,139.65099926569815,138.90771133340468,139.38865661621094,3127553,0.0,0.0
2016-12-27 00:00:00-05:00,139.43236338850508,140.13192512875835,139.25747295344178,139.47608947753906,3266793,0.0,0.0
2016-12-28 00:00:00-05:00,139.21371636673763,139.78211363644226,138.47042870028307,138.60159301757812,3940730,0.0,0.0
2016-12-29 00:00:00-05:00,138.77656404360792,139.3886737659316,138.60165964171404,138.6453857421875,3357811,0.0,0.0
2016-12-30 00:00:00-05:00,138.29554726036034,139.03883497495454,137.77087603612978,138.1643829345703,5311535,0.0,0.0
2017-01-03 00:00:00-05:00,138.47043967985914,139.21372740525035,137.28991896738935,138.55789184570312,6708382,0.0,0.0
2017-01-04 00:00:00-05:00,138.82020949378293,139.1700042083523,138.2518122240783,138.60159301757812,4474320,0.0,0.0
2017-01-05 00:00:00-05:00,138.03319300489275,138.82020673516274,136.89639848807374,137.81459045410156,5395334,0.0,0.0
2017-01-06 00:00:00-05:00,138.0769516161474,138.90769162073613,137.11504726596613,138.2081298828125,4615772,0.0,0.0
2017-01-09 00:00:00-05:00,138.33932119803717,138.42675947178768,137.42114275774284,137.55230712890625,4436678,0.0,0.0
2017-01-10 00:00:00-05:00,137.55224403668964,138.25180559012114,137.1587371826172,137.1587371826172,5676131,0.0,0.0
2017-01-11 00:00:00-05:00,136.59036270056217,137.81460954413532,136.59036270056217,137.5959930419922,5922894,0.0,0.0
2017-01-12 00:00:00-05:00,137.50851391702514,137.5959660691677,136.10939085129183,137.24618530273438,6242356,0.0,0.0
2017-01-13 00:00:00-05:00,137.11502075195312,137.50852763371066,136.63407563039942,137.11502075195312,5075455,0.0,0.0
2017-01-17 00:00:00-05:00,136.28436885615574,137.50860232577185,136.2406427519715,136.72158813476562,6015165,0.0,0.0
2017-01-18 00:00:00-05:00,136.4592993579729,137.0276971157742,136.1095182641077,136.54673767089844,5154246,0.0,0.0
2017-01-19 00:00:00-05:00,136.6340884150734,137.02759533365085,135.75962240886963,136.45919799804688,7866123,0.0,0.0
2017-01-20 00:00:00-05:00,134.49169933293342,135.10382291658294,132.48043811823845,133.48606872558594,17434281,0.0,0.0
2017-01-23 00:00:00-05:00,133.35488850218707,133.39861459319334,129.3323804721471,130.07566833496094,12330552,0.0,0.0
2017-01-24 00:00:00-05:00,130.55660820375806,131.43107430362892,130.3817177679984,131.16873168945312,7029095,0.0,0.0
2017-01-25 00:00:00-05:00,133.00508500264817,133.223701499437,132.13061901549293,132.78646850585938,7956640,0.0,0.0
2017-01-26 00:00:00-05:00,133.09254240893313,133.31115893719434,131.73713107057205,132.56787109375,5585279,0.0,0.0
2017-01-27 00:00:00-05:00,132.91768655532022,133.09257703922057,130.90643902992787,131.21249389648438,6261031,0.0,0.0
2017-01-30 00:00:00-05:00,130.99388122558594,131.6060048980664,130.16315488250532,130.99388122558594,5469409,0.0,0.0
2017-01-31 00:00:00-05:00,130.51290528544757,130.73152182590928,128.98260342328933,129.8570556640625,8075932,0.0,0.0
2017-02-01 00:00:00-05:00,129.98822969456967,130.33802453798683,129.24494175432324,129.81333923339844,5358922,0.0,0.0
2017-02-02 00:00:00-05:00,129.33235928885412,129.90075661561852,128.98257846024077,129.76959228515625,4529950,0.0,0.0
2017-02-03 00:00:00-05:00,130.2505626526788,130.2942887449859,129.15749387144396,129.8570556640625,6490288,0.0,0.0
2017-02-06 00:00:00-05:00,129.76959633545738,130.07565108977872,129.2886372402994,129.68214416503906,4950529,0.0,0.0
2017-02-07 00:00:00-05:00,130.0756588072188,130.33800141296726,129.11375448090405,129.2449188232422,4961630,0.0,0.0
2017-02-08 00:00:00-05:00,129.02630981129542,129.15748808233695,127.93324107905418,128.67652893066406,6715038,0.0,0.0
2017-02-09 00:00:00-05:00,129.0700299356028,129.8570438411815,128.8077012477915,129.3760986328125,4520873,0.0,0.0
2017-02-10 00:00:00-05:00,130.0319725830983,130.0756986843068,129.20124626551953,129.9445343017578,4754804,0.0,0.0
2017-02-13 00:00:00-05:00,130.64406615573319,131.43108011196844,129.98821655184605,131.3436279296875,7724671,0.0,0.0
2017-02-14 00:00:00-05:00,131.7371404806732,132.3929901123047,130.81896213324816,132.3929901123047,7309078,0.0,0.0
2017-02-15 00:00:00-05:00,132.43669171845184,132.6990203857422,131.9557326266341,132.6990203857422,5315103,0.0,0.0
2017-02-16 00:00:00-05:00,132.6990735805104,133.22375896756304,132.48045698941795,133.1363067626953,5411130,0.0,0.0
2017-02-17 00:00:00-05:00,132.96135891907625,133.0925232487212,132.04318076941993,132.78646850585938,4559141,0.0,0.0
2017-02-21 00:00:00-05:00,132.96136135366962,133.74837518809164,132.65530660520378,133.4423065185547,6310150,0.0,0.0
2017-02-22 00:00:00-05:00,133.44231356601048,133.5734918260561,132.30551883871277,132.61158752441406,6285841,0.0,0.0
2017-02-23 00:00:00-05:00,132.39120572450202,132.567491068893,131.55385384667127,132.30307006835938,6040329,1.150185,0.0
2017-02-24 00:00:00-05:00,131.50981468170616,133.0523223876953,131.24537957732446,133.0523223876953,5701420,0.0,0.0
2017-02-27 00:00:00-05:00,132.43531231110194,132.8760327937654,131.7742456192158,131.95053100585938,4918541,0.0,0.0
2017-02-28 00:00:00-05:00,132.17086986295374,132.567501394648,130.76057296587135,131.37757873535156,8161171,0.0,0.0
2017-03-01 00:00:00-05:00,132.12682057052373,133.75746395656708,131.4216649695424,133.0523223876953,7696084,0.0,0.0
2017-03-02 00:00:00-05:00,133.22860777991326,133.22860777991326,132.21495625057793,133.0523223876953,5767504,0.0,0.0
2017-03-03 00:00:00-05:00,133.05230080996438,133.18451132465924,132.43529502120958,132.74380493164062,4164269,0.0,0.0
2017-03-06 00:00:00-05:00,132.21495056152344,132.56752133078862,131.86237979225825,132.21495056152344,4886991,0.0,0.0
2017-03-07 00:00:00-05:00,131.9064561176218,132.17089121357444,131.28945024847167,131.5979461669922,6256295,0.0,0.0
2017-03-08 00:00:00-05:00,131.73015693888473,131.9505171570887,131.02500143421042,131.33351135253906,6741538,0.0,0.0
2017-03-09 00:00:00-05:00,131.11315254863203,131.4657232887185,130.27578651684584,130.7165069580078,5412736,0.0,0.0
2017-03-10 00:00:00-05:00,131.5097760560483,134.10999535163626,130.58427451070523,133.4489288330078,12355279,0.0,0.0
2017-03-13 00:00:00-04:00,133.22860353316685,133.36081406508862,131.28945024847167,131.5979461669922,6299049,0.0,0.0
2017-03-14 00:00:00-04:00,131.15719840728235,131.2894088975631,129.87911221685113,130.1876220703125,4757830,0.0,0.0
2017-03-15 00:00:00-04:00,130.23175516988297,131.4657530394395,129.87917031789874,131.15725708007812,5246349,0.0,0.0
2017-03-16 00:00:00-04:00,131.33351941141322,131.42165508483842,130.54022819004405,131.1131591796875,4425097,0.0,0.0
2017-03-17 00:00:00-04:00,131.55388565916815,132.39123773948825,131.20131488512715,131.68609619140625,9105805,0.0,0.0
2017-03-20 00:00:00-04:00,131.77426272588934,131.86239841459818,130.84874678572558,131.06910705566406,3938998,0.0,0.0
2017-03-21 00:00:00-04:00,131.5979135969299,131.5979135969299,129.3061901062315,129.52655029296875,5599405,0.0,0.0
2017-03-22 00:00:00-04:00,130.27582628251795,130.93690714605066,129.17403887540888,130.14361572265625,5425360,0.0,0.0
2017-03-23 00:00:00-04:00,130.0113660554893,131.02500342971462,129.482495910902,130.54022216796875,5148737,0.0,0.0
2017-03-24 00:00:00-04:00,130.40802600496093,131.3776026673047,130.1435909035547,130.98095703125,5817541,0.0,0.0
2017-03-27 00:00:00-04:00,129.79102309878394,130.05544417414316,128.90958209529404,129.7469482421875,6048425,0.0,0.0
2017-03-28 00:00:00-04:00,129.1740000199826,131.02500342971462,128.90956494768895,130.54022216796875,5810759,0.0,0.0
2017-03-29 00:00:00-04:00,130.0994862918677,130.9368522280423,129.8350652830487,130.8046417236328,5750477,0.0,0.0
2017-03-30 00:00:00-04:00,130.7165421176906,132.170914351874,130.5843315626236,131.6420440673828,7503760,0.0,0.0
2017-03-31 00:00:00-04:00,131.59793238869776,132.39122356138907,131.06907628427274,131.33351135253906,10599304,0.0,0.0
2017-04-03 00:00:00-04:00,131.15724003034475,132.21495235246775,131.11316517556233,131.68609619140625,6241563,0.0,0.0
2017-04-04 00:00:00-04:00,131.77421403518642,132.61156591301716,130.89277328112576,132.30307006835938,5228488,0.0,0.0
2017-04-05 00:00:00-04:00,132.61163524031485,134.0660076319959,131.9946291963324,132.08277893066406,5391307,0.0,0.0
2017-04-06 00:00:00-04:00,132.2148983812186,133.0081893150373,131.86232775109994,131.90640258789062,4496668,0.0,0.0
2017-04-07 00:00:00-04:00,131.86238847000848,133.0523254186689,131.86238847000848,132.1708984375,3959509,0.0,0.0
2017-04-10 00:00:00-04:00,132.5234683116983,133.22860989174742,132.03867295133222,132.259033203125,3861334,0.0,0.0
2017-04-11 00:00:00-04:00,132.21491949077915,132.65563986484503,131.5097781179583,132.39120483398438,4598954,0.0,0.0
2017-04-12 00:00:00-04:00,131.68605985905077,131.77420954429496,130.67240863926875,131.20127868652344,5642494,0.0,0.0
2017-04-13 00:00:00-04:00,130.89279316868343,131.33351361267583,130.23172653480268,130.27578735351562,4172824,0.0,0.0
2017-04-17 00:00:00-04:00,130.5402072422055,130.89277794354606,130.23171138655903,130.62835693359375,4543951,0.0,0.0
2017-04-18 00:00:00-04:00,130.45202449807982,131.7741853412694,130.3638888611288,131.50975036621094,5363993,0.0,0.0
2017-04-19 00:00:00-04:00,131.73016926181106,132.4793856545268,131.6420195534403,132.21495056152344,5549243,0.0,0.0
2017-04-20 00:00:00-04:00,132.43531530327317,134.59482887858417,132.34717962401464,133.40489196777344,7737524,0.0,0.0
2017-04-21 00:00:00-04:00,133.40487052403094,133.8896657944089,129.79099954892445,130.23171997070312,15096994,0.0,0.0
2017-04-24 00:00:00-04:00,131.55386720393196,131.90643792851205,129.96728491121448,130.23171997070312,10137889,0.0,0.0
2017-04-25 00:00:00-04:00,129.79104614257812,130.45211298045518,129.21811500143232,129.79104614257812,8316040,0.0,0.0
2017-04-26 00:00:00-04:00,130.09950576080118,130.23173031710382,128.95364379882812,128.95364379882812,7797368,0.0,0.0
2017-04-27 00:00:00-04:00,129.08585636245684,129.17400606805126,127.89593356169152,128.1603546142578,6873288,0.0,0.0
2017-04-28 00:00:00-04:00,128.24850534239036,128.5129263970649,127.49928896729811,127.76371002197266,5024416,0.0,0.0
2017-05-01 00:00:00-04:00,127.85183721715482,128.55697861494286,127.49926651826081,127.54332733154297,5011187,0.0,0.0
2017-05-02 00:00:00-04:00,127.85185972826991,128.0281451087558,127.41113926100086,127.76371002197266,7044432,0.0,0.0
2017-05-03 00:00:00-04:00,127.45517408030834,129.085816845643,127.14667826938411,128.82139587402344,5611612,0.0,0.0
2017-05-04 00:00:00-04:00,128.99768955649665,129.17397489303207,128.02811318949927,128.68919372558594,4092740,0.0,0.0
2017-05-05 00:00:00-04:00,128.38071340229203,128.8655087133921,128.29257772979733,128.77735900878906,3532044,0.0,0.0
2017-05-08 00:00:00-04:00,128.51291878997927,128.909564380621,127.8077773097752,128.1162872314453,4513424,0.0,0.0
2017-05-09 00:00:00-04:00,128.16033413602,128.20440898177466,127.19075768994858,127.499267578125,4974233,0.0,0.0
2017-05-10 00:00:00-04:00,127.4551489277828,127.49922375838955,126.04485257307674,126.4855728149414,5435063,0.0,0.0
2017-05-11 00:00:00-04:00,126.39746682125788,127.32298245533914,125.60417572467753,127.23483276367188,5845752,0.0,0.0
2017-05-12 00:00:00-04:00,124.98716826443051,125.38381376274774,122.73950576326472,124.59052276611328,14279415,0.0,0.0
2017-05-15 00:00:00-04:00,123.70907539179987,124.45829150759404,123.26836910916454,124.1938705444336,8297970,0.0,0.0
2017-05-16 00:00:00-04:00,124.50241371365483,124.63463827764495,123.40062653972515,123.57691192626953,6157451,0.0,0.0
2017-05-17 00:00:00-04:00,122.6073116668473,126.83818819315333,120.80036926269531,120.80036926269531,10946789,0.0,0.0
2017-05-18 00:00:00-04:00,120.13928749795865,121.85807999229449,119.4341321447228,121.1088638305664,10109177,0.0,0.0
2017-05-19 00:00:00-04:00,121.41738356890414,124.14982777471684,121.19702335461506,123.6209716796875,10117753,0.0,0.0
2017-05-22 00:00:00-04:00,124.41423070180313,124.72272650285824,123.66501458600897,124.1938705444336,5803039,0.0,0.0
2017-05-23 00:00:00-04:00,124.32612598058128,124.63463592529297,123.88540550648392,124.63463592529297,4982246,0.0,0.0
2017-05-24 00:00:00-04:00,124.81090324773753,125.60418034136919,121.72588843969099,122.6513900756836,11205008,0.0,0.0
2017-05-25 00:00:00-04:00,122.47510897578287,122.95989021830586,120.84445182016304,121.15296173095703,8190905,0.0,0.0
2017-05-26 00:00:00-04:00,121.02073653087695,121.41738210539482,120.27152023058923,120.9766616821289,6390068,0.0,0.0
2017-05-30 00:00:00-04:00,120.35969497931846,120.97668686178055,119.69861420682463,120.5800552368164,7602749,0.0,0.0
2017-05-31 00:00:00-04:00,120.44781451569611,120.93260982362146,119.83080868384032,120.66817474365234,7430561,0.0,0.0
2017-06-01 00:00:00-04:00,121.24107867494261,122.87173557875866,121.19700383276269,122.16658020019531,6758085,0.0,0.0
2017-06-02 00:00:00-04:00,122.82762927067365,123.1361250226926,121.72584269106139,122.8717041015625,7722083,0.0,0.0
2017-06-05 00:00:00-04:00,122.95991394550384,123.70913039440892,122.56326829230585,123.31248474121094,9078783,0.0,0.0
2017-06-06 00:00:00-04:00,123.31246349483976,123.5768985621137,122.56324717502243,123.09211730957031,7036336,0.0,0.0
2017-06-07 00:00:00-04:00,123.1802550731579,123.22432992380475,120.75632070498277,121.99031829833984,9084960,0.0,0.0
2017-06-08 00:00:00-04:00,121.99032695520259,122.60733281171994,121.3292602770195,121.59368133544922,8538411,0.0,0.0
2017-06-09 00:00:00-04:00,121.76995495274623,123.26840161153612,121.59366958678993,123.13617706298828,5292255,0.0,0.0
2017-06-12 00:00:00-04:00,128.86548850055473,129.87912575184848,126.61782573891965,127.54332733154297,29022706,0.0,0.0
2017-06-13 00:00:00-04:00,128.33663292941114,128.51291829878838,124.89904717839354,125.38384246826172,12274276,0.0,0.0
2017-06-14 00:00:00-04:00,125.51604196313143,126.92633882638994,125.03124671584305,126.44154357910156,8580248,0.0,0.0
2017-06-15 00:00:00-04:00,126.5748722747525,128.66370934913482,126.35265315611969,128.6192626953125,9988258,1.150185,0.0
2017-06-16 00:00:00-04:00,128.79709188279222,128.93041773784952,127.19712502017097,128.88597106933594,17019649,0.0,0.0
2017-06-19 00:00:00-04:00,128.7082215691398,128.8859941245107,127.73046543935693,127.99713134765625,6365174,0.0,0.0
2017-06-20 00:00:00-04:00,127.59708559164692,127.64153224931185,124.7971442654756,125.01936340332031,9920401,0.0,0.0
2017-06-21 00:00:00-04:00,125.24159100107258,125.28603766173983,122.88608779147948,123.46385192871094,7044036,0.0,0.0
2017-06-22 00:00:00-04:00,123.41937541884981,123.68604116787881,122.39717322312912,122.44161987304688,7592087,0.0,0.0
2017-06-23 00:00:00-04:00,123.50827315908042,123.50827315908042,122.21940516799307,122.530517578125,6622204,0.0,0.0
2017-06-26 00:00:00-04:00,122.61945016409123,123.01944190107943,122.21945842710305,122.70834350585938,5947203,0.0,0.0
2017-06-27 00:00:00-04:00,122.30828131315816,122.61937952917002,120.8860877175124,120.93053436279297,8623879,0.0,0.0
2017-06-28 00:00:00-04:00,121.15283542216618,121.77504642571266,120.21952599208926,120.35285186767578,6471822,0.0,0.0
2017-06-29 00:00:00-04:00,120.70831593250753,121.8193971676083,119.06391740261553,120.08610534667969,7664597,0.0,0.0
2017-06-30 00:00:00-04:00,120.3972854807942,120.84170973469432,119.59730201309627,120.04174041748047,5478256,0.0,0.0
2017-07-03 00:00:00-04:00,120.70836112179316,122.61942608975943,120.26392280117915,121.9972152709961,4312002,0.0,0.0
2017-07-05 00:00:00-04:00,122.39721126868142,122.48610459614824,121.01947789680109,121.55279541015625,4438284,0.0,0.0
2017-07-06 00:00:00-04:00,119.37506903764726,120.21949907845179,115.99737010015285,116.93067932128906,15993094,0.0,0.0
2017-07-07 00:00:00-04:00,116.66399697911405,116.88620903552112,115.46402215850874,116.21955871582031,8459808,0.0,0.0
2017-07-10 00:00:00-04:00,116.13067398510555,116.39733270139803,114.88625956716739,115.73068237304688,9756038,0.0,0.0
2017-07-11 00:00:00-04:00,115.68623296539813,117.5528579713823,115.15290850287153,117.24175262451172,8607645,0.0,0.0
2017-07-12 00:00:00-04:00,117.95288087171127,119.15284884937739,117.19733709289493,118.13065338134766,10638908,0.0,0.0
2017-07-13 00:00:00-04:00,118.1306107451807,119.24169914225139,117.775058778994,119.06392669677734,5794045,0.0,0.0
2017-07-14 00:00:00-04:00,118.8417434920503,119.55283348869283,118.79729682963976,119.01951599121094,4394069,0.0,0.0
2017-07-17 00:00:00-04:00,118.93060746449845,119.4639390442906,118.75283498806097,119.19727325439453,5779022,0.0,0.0
2017-07-18 00:00:00-04:00,118.93062055495476,119.6417246894542,118.8417413821931,119.50838470458984,5455700,0.0,0.0
2017-07-19 00:00:00-04:00,119.33059921025186,120.13058243037312,119.28615255347187,119.7305908203125,5173234,0.0,0.0
2017-07-20 00:00:00-04:00,120.0861332753284,120.21947324289441,118.21951523419828,118.6195068359375,11509404,0.0,0.0
2017-07-21 00:00:00-04:00,112.79742793354177,115.59736953234327,112.26411044107337,115.1529312133789,18915198,0.0,0.0
2017-07-24 00:00:00-04:00,114.57516563751426,114.88627104188164,112.66410070034988,113.01964569091797,11867093,0.0,0.0
2017-07-25 00:00:00-04:00,113.6418203600412,114.35291719027971,112.70850444374594,113.06405639648438,9636328,0.0,0.0
2017-07-26 00:00:00-04:00,113.73072814941406,114.17515933057932,112.75297247561082,113.73072814941406,8499516,0.0,0.0
2017-07-27 00:00:00-04:00,113.73075165557147,114.66406086653704,113.4196462268359,114.61962127685547,8323113,0.0,0.0
2017-07-28 00:00:00-04:00,114.93072219622978,115.01960844734657,112.88631719482096,113.4640884399414,5902383,0.0,0.0
2017-07-31 00:00:00-04:00,113.50848241600386,114.17513256911572,113.28626333988721,113.81958770751953,6388461,0.0,0.0
2017-08-01 00:00:00-04:00,113.90847901816626,114.04181188484796,112.57517865230258,113.06405639648438,8745299,0.0,0.0
2017-08-02 00:00:00-04:00,113.06408698432023,113.64185110418268,112.84186783814536,113.41963195800781,5714629,0.0,0.0
2017-08-03 00:00:00-04:00,113.73072294939325,114.5751456926182,112.75296732029516,114.48625946044922,6451143,0.0,0.0
2017-08-04 00:00:00-04:00,114.44183896205963,114.88627019700137,113.86407481901509,114.57516479492188,4864539,0.0,0.0
2017-08-07 00:00:00-04:00,114.39737850850082,114.61959763679987,113.55295572629998,113.90850067138672,3937537,0.0,0.0
2017-08-08 00:00:00-04:00,113.90850221938453,115.06403038185954,113.41962437562667,113.59739685058594,5663840,0.0,0.0
2017-08-09 00:00:00-04:00,113.55294066071303,114.30847710640171,113.15294911293933,114.26403045654297,6191213,0.0,0.0
2017-08-10 00:00:00-04:00,114.26405017214512,114.26405017214512,112.30854582096308,112.4418716430664,6192861,0.0,0.0
2017-08-11 00:00:00-04:00,112.8863219603123,113.1085411351057,111.95301274656595,111.9974594116211,4009922,0.0,0.0
2017-08-14 00:00:00-04:00,112.35298926922646,113.55296416088649,112.21965636729526,112.70853424072266,5068840,0.0,0.0
2017-08-15 00:00:00-04:00,112.0418716501031,112.53074947016044,111.55299383004576,111.73076629638672,5703757,0.0,0.0
2017-08-16 00:00:00-04:00,111.64189527848758,112.21965941045679,111.33078988237176,111.55300903320312,5732741,0.0,0.0
2017-08-17 00:00:00-04:00,111.41968401459214,111.5530098458699,109.86416409792145,109.99748992919922,6514785,0.0,0.0
2017-08-18 00:00:00-04:00,109.46415643810063,109.95303425682,108.61972661243297,109.10860443115234,7151497,0.0,0.0
2017-08-21 00:00:00-04:00,108.84194946289062,109.33082729836612,108.08641291949385,108.84194946289062,9609933,0.0,0.0
2017-08-22 00:00:00-04:00,109.19750815608441,109.95305186985303,108.7975235814594,109.33084106445312,6253415,0.0,0.0
2017-08-23 00:00:00-04:00,108.97528606377145,109.15305854176998,108.17530283753814,108.39752197265625,7205853,0.0,0.0
2017-08-24 00:00:00-04:00,108.5753151657021,109.06419311109087,107.99755096435547,107.99755096435547,5330878,0.0,0.0
2017-08-25 00:00:00-04:00,108.39751828302184,109.33082729836612,108.21973873583465,108.84194946289062,4771643,0.0,0.0
2017-08-28 00:00:00-04:00,109.01971043761193,109.64192109904953,108.21972732297472,108.7530517578125,4994870,0.0,0.0
2017-08-29 00:00:00-04:00,108.13085026301655,108.70861432251392,107.90863821529878,108.6197280883789,4989131,0.0,0.0
2017-08-30 00:00:00-04:00,108.84196238543115,108.84196238543115,107.33088911923156,107.90865325927734,7068637,0.0,0.0
2017-08-31 00:00:00-04:00,108.48640080066185,109.77525471572615,107.90863674901526,109.10860443115234,11535738,0.0,0.0
2017-09-01 00:00:00-04:00,109.33082385030501,112.44186323698997,108.84194603024767,111.73076629638672,12279368,0.0,0.0
2017-09-05 00:00:00-04:00,111.3752373540059,111.3752373540059,109.19750664057075,109.99748992919922,9293476,0.0,0.0
2017-09-06 00:00:00-04:00,110.61971120926393,111.1974754001962,110.3086057813986,110.75304412841797,11481632,0.0,0.0
2017-09-07 00:00:00-04:00,108.93084398217817,109.10861646764386,105.90869050354098,106.75312042236328,16715628,0.0,0.0
2017-09-08 00:00:00-04:00,106.44201429446849,106.66422636213416,104.79760820249373,105.86425018310547,9307268,0.0,0.0
2017-09-11 00:00:00-04:00,105.7753594627262,106.17534399768611,104.97537624232666,105.41980743408203,9036446,0.0,0.0
2017-09-12 00:00:00-04:00,105.86425244391332,106.26424407958984,105.37537456422424,106.26424407958984,10362702,0.0,0.0
2017-09-13 00:00:00-04:00,106.3531456369442,107.46422738470095,106.3086989709181,107.15312194824219,8060554,0.0,0.0
2017-09-14 00:00:00-04:00,107.10868131954511,107.86421803273696,106.39758419670743,107.81977844238281,8781440,0.0,0.0
2017-09-15 00:00:00-04:00,108.17886482220761,108.49307868625095,106.60780264792496,107.41577911376953,13888549,1.150185,0.0
2017-09-18 00:00:00-04:00,107.55041903824306,110.19878034039255,107.4157610804984,109.79479217529297,10955699,0.0,0.0
2017-09-19 00:00:00-04:00,109.79482062992095,109.83971139142501,107.81977718837007,108.62774658203125,9460843,0.0,0.0
2017-09-20 00:00:00-04:00,108.62775129238835,109.5703930114369,108.58286767487269,109.1664047241211,8298554,0.0,0.0
2017-09-21 00:00:00-04:00,109.21126644424336,111.50053056471263,108.49307154051459,111.09654235839844,10874529,0.0,0.0
2017-09-22 00:00:00-04:00,111.50053537726001,112.3982861916029,111.18632152034992,111.63520050048828,8287537,0.0,0.0
2017-09-25 00:00:00-04:00,111.85962631341401,113.02670008558083,111.54541249492304,112.71248626708984,8865635,0.0,0.0
2017-09-26 00:00:00-04:00,112.8920355636008,113.16135863258832,111.8596268928488,111.90451049804688,8503648,0.0,0.0
2017-09-27 00:00:00-04:00,112.21874934287055,112.44318171077525,108.98685035650998,109.39083862304688,11787113,0.0,0.0
2017-09-28 00:00:00-04:00,109.48059995543666,109.74992305239482,108.44818403152975,108.80728149414062,7544053,0.0,0.0
2017-09-29 00:00:00-04:00,108.71750496552625,109.03171881202628,107.77487057195975,108.53795623779297,7026425,0.0,0.0
2017-10-02 00:00:00-04:00,108.71751203009433,110.4681301040846,108.17886581189275,110.28857421875,8868389,0.0,0.0
2017-10-03 00:00:00-04:00,110.46810113705321,111.4556260907406,109.21124599895494,111.32096099853516,7075210,0.0,0.0
2017-10-04 00:00:00-04:00,111.680076886129,111.7249676396123,109.66014304398152,109.88458251953125,6708361,0.0,0.0
2017-10-05 00:00:00-04:00,109.48060406463935,110.28857338583985,108.40330449043802,110.15391540527344,7252865,0.0,0.0
2017-10-06 00:00:00-04:00,109.57038044977571,110.1539174321247,108.31353211440359,109.48060607910156,8498765,0.0,0.0
2017-10-09 00:00:00-04:00,108.17886059894815,108.40330008535051,104.36342505977676,105.17139434814453,29275875,0.0,0.0
2017-10-10 00:00:00-04:00,106.383341207024,107.1015431558323,104.67762140426153,104.85717010498047,16812134,0.0,0.0
2017-10-11 00:00:00-04:00,103.82476589105667,104.45319355931883,102.79235717426405,103.5554428100586,16937707,0.0,0.0
2017-10-12 00:00:00-04:00,103.46566772460938,103.64521644401644,102.47814262193731,103.46566772460938,12509021,0.0,0.0
2017-10-13 00:00:00-04:00,103.91452903487252,104.27363358337493,103.06166913080284,103.15144348144531,8428237,0.0,0.0
2017-10-16 00:00:00-04:00,103.19633390443146,105.3958162071373,102.92700370742051,104.85717010498047,10382567,0.0,0.0
2017-10-17 00:00:00-04:00,104.2287431633189,104.36340826267295,103.24121815720939,104.09407806396484,12235757,0.0,0.0
2017-10-18 00:00:00-04:00,104.13898178681869,104.49807923525849,103.5554448601373,103.7798843383789,7297059,0.0,0.0
2017-10-19 00:00:00-04:00,103.86966100166892,106.74246209063308,103.46567279025727,105.84471130371094,15769450,0.0,0.0
2017-10-20 00:00:00-04:00,99.38090149240594,107.01177918023252,99.2013527742798,106.96688842773438,40147504,0.0,0.0
2017-10-23 00:00:00-04:00,105.21626488621676,105.21626488621676,99.56044522475435,100.1888656616211,39090944,0.0,0.0
2017-10-24 00:00:00-04:00,99.29112912080636,100.14399626787677,97.63029272599559,98.25872039794922,27880573,0.0,0.0
2017-10-25 00:00:00-04:00,98.03428908337642,98.25872857717594,95.61036684651715,96.50811767578125,23060959,0.0,0.0
2017-10-26 00:00:00-04:00,96.82231737312395,97.18142196635772,95.16148096045984,95.70013427734375,18004137,0.0,0.0
2017-10-27 00:00:00-04:00,95.43082935570162,95.6103781135262,92.64780217161619,93.32111358642578,20560436,0.0,0.0
2017-10-30 00:00:00-04:00,92.558044085088,93.00691605866143,90.94209068835151,91.61540222167969,20529324,0.0,0.0
2017-10-31 00:00:00-04:00,90.94206643393662,91.57049417527266,89.9994319678667,90.49319458007812,20450366,0.0,0.0
2017-11-01 00:00:00-04:00,90.08919319028433,92.10912695674313,89.59543065013665,89.86475372314453,19137318,0.0,0.0
2017-11-02 00:00:00-04:00,89.99942357691847,90.13408154755433,88.11414767461508,89.50566101074219,17012575,0.0,0.0
2017-11-03 00:00:00-04:00,89.41587918590378,91.2562641804454,89.14654897524274,90.40340423583984,14160018,0.0,0.0
2017-11-06 00:00:00-05:00,92.10912350629015,92.15401425640972,90.13407341968579,90.35851287841797,12661511,0.0,0.0
2017-11-07 00:00:00-05:00,90.53805689151952,90.89716143605358,90.31362459035975,90.71760559082031,8693113,0.0,0.0
2017-11-08 00:00:00-05:00,90.71762549829162,91.21138810268847,90.08920491283547,90.31364440917969,8280233,0.0,0.0
2017-11-09 00:00:00-05:00,89.95452674407802,90.08919185154738,89.10166678592678,89.73008728027344,10610572,0.0,0.0
2017-11-10 00:00:00-05:00,89.68520054501919,92.82732434488996,89.3261031322109,91.9744644165039,21019137,0.0,0.0
2017-11-13 00:00:00-05:00,90.94204484698516,93.14153427363344,84.16403501404893,85.3759994506836,54577114,0.0,0.0
2017-11-14 00:00:00-05:00,84.3435939720635,84.74758216674729,78.37355970405493,80.3486099243164,65218755,0.0,0.0
2017-11-15 00:00:00-05:00,78.59800530431335,82.50321529607126,78.55311454765688,81.96456909179688,30124129,0.0,0.0
2017-11-16 00:00:00-05:00,82.95206334799352,82.95206334799352,81.02190428388029,81.9196548461914,18649508,0.0,0.0
2017-11-17 00:00:00-05:00,82.3236645098661,82.90720145625563,81.74012756347656,81.74012756347656,12615126,0.0,0.0
2017-11-20 00:00:00-05:00,80.57302944367311,81.38099848700728,80.0343762688521,80.70768737792969,13340623,0.0,0.0
2017-11-21 00:00:00-05:00,80.57304660006312,81.1116927436463,79.45085641536524,80.03439331054688,16258721,0.0,0.0
2017-11-22 00:00:00-05:00,81.47079467773438,81.9196736348081,80.07928849023284,81.47079467773438,11444448,0.0,0.0
2017-11-24 00:00:00-05:00,82.50322022140456,82.50322022140456,81.47080421601062,81.65036010742188,5195206,0.0,0.0
2017-11-27 00:00:00-05:00,82.3236687064887,83.04187081016988,81.20147836610772,81.33614349365234,16453507,0.0,0.0
2017-11-28 00:00:00-05:00,81.56060147939107,82.77255931828769,81.06683876104482,82.63790130615234,11709157,0.0,0.0
2017-11-29 00:00:00-05:00,82.81742942380481,83.22141765128946,82.18900170417673,82.95208740234375,11509697,0.0,0.0
2017-11-30 00:00:00-05:00,83.3111925961236,83.44585057559543,81.60546530669751,82.09922790527344,14200582,0.0,0.0
2017-12-01 00:00:00-05:00,82.05432852207007,82.05432852207007,80.16905285843605,80.25882720947266,17116050,0.0,0.0
2017-12-04 00:00:00-05:00,80.79751438892981,81.06684472488571,80.25886800889045,80.57308197021484,14261616,0.0,0.0
2017-12-05 00:00:00-05:00,79.8099739648573,80.84239005256786,79.31621130245985,79.72019958496094,13733075,0.0,0.0
2017-12-06 00:00:00-05:00,79.0468618216139,80.07927756528771,79.00197821958993,79.27130126953125,9163104,0.0,0.0
2017-12-07 00:00:00-05:00,79.94462223197455,81.06681246269575,79.13664583752995,79.4957504272461,11598420,0.0,0.0
2017-12-08 00:00:00-05:00,79.54063403475224,79.98951298541408,79.27131095191517,79.4957504272461,11360294,0.0,0.0
2017-12-11 00:00:00-05:00,79.04687643773819,79.85485288289314,78.68777897141769,79.22642517089844,12138124,0.0,0.0
2017-12-12 00:00:00-05:00,80.57304951931006,80.97703056866756,79.22641981969615,80.39349365234375,13945388,0.0,0.0
2017-12-13 00:00:00-05:00,80.43840177006678,80.7526156726715,79.72019958496094,79.72019958496094,8785613,0.0,0.0
2017-12-14 00:00:00-05:00,79.76509376898174,79.98953330131627,79.18155670166016,79.18155670166016,10129668,0.0,0.0
2017-12-15 00:00:00-05:00,79.8099537223334,80.03439318811627,79.2713075795742,79.98950958251953,18441952,0.0,0.0
2017-12-18 00:00:00-05:00,80.21396224735841,81.0219388123606,79.6753159679802,79.72019958496094,11249683,0.0,0.0
2017-12-19 00:00:00-05:00,79.76508404510388,79.89974203134076,78.77755879833992,78.95710754394531,13666553,0.0,0.0
2017-12-20 00:00:00-05:00,79.13663534493354,79.2264096939762,77.92467805989145,78.32865905761719,15725818,0.0,0.0
2017-12-21 00:00:00-05:00,78.37355864930215,79.40596735276284,78.28378429012875,78.41844940185547,14163503,0.0,0.0
2017-12-22 00:00:00-05:00,78.59800660212427,78.82243895131082,78.10424400041946,78.55311584472656,9675745,0.0,0.0
2017-12-26 00:00:00-05:00,78.86946980773314,79.81861954497195,78.64348794243209,78.7790756225586,11546922,0.575092,0.0
2017-12-27 00:00:00-05:00,78.91470035160485,79.6830548138945,78.23674010868612,78.5531234741211,12546163,0.0,0.0
2017-12-28 00:00:00-05:00,78.4175068247303,78.64349590819232,77.9655358530776,78.46270751953125,12714804,0.0,0.0
2017-12-29 00:00:00-05:00,78.05593613532697,79.23106794854893,78.05593613532697,78.8694839477539,15889514,0.0,0.0
2018-01-02 00:00:00-05:00,79.45704761664267,81.31014668094011,79.23106571719096,81.26494598388672,16185981,0.0,0.0
2018-01-03 00:00:00-05:00,82.71127730056972,82.89206571953969,81.49094467961352,82.03330993652344,17000180,0.0,0.0
2018-01-04 00:00:00-05:00,83.07285615994417,84.15759389543182,82.71127931320586,83.75081634521484,17225995,0.0,0.0
2018-01-05 00:00:00-05:00,85.24233514974264,85.28753585508721,83.61523207698036,83.7960205078125,16667865,0.0,0.0
2018-01-08 00:00:00-05:00,84.38360911024394,84.5191968720526,81.80735529257926,82.62091064453125,17130657,0.0,0.0
2018-01-09 00:00:00-05:00,82.84688438796105,84.33839998611013,81.85254065586166,83.88642883300781,13855205,0.0,0.0
2018-01-10 00:00:00-05:00,84.02198483112026,86.14626643616452,83.97679133052486,85.55870056152344,17177522,0.0,0.0
2018-01-11 00:00:00-05:00,86.9146273522355,87.63778817452385,85.8750904157636,85.96548461914062,20808952,0.0,0.0
2018-01-12 00:00:00-05:00,86.41744693042737,86.55304181946929,84.51915446019741,84.79034423828125,18169606,0.0,0.0
2018-01-16 00:00:00-05:00,82.80167617232898,83.6604248084258,81.17456591943714,82.30450439453125,42912819,0.0,0.0
2018-01-17 00:00:00-05:00,79.77341564588654,79.99940469736791,78.01071831298074,78.41749572753906,39131904,0.0,0.0
2018-01-18 00:00:00-05:00,78.64350951585553,79.00508635574121,75.7508732109522,75.79607391357422,35944841,0.0,0.0
2018-01-19 00:00:00-05:00,75.25369505173721,75.61527186083998,72.40625969187278,73.49099731445312,44851332,0.0,0.0
2018-01-22 00:00:00-05:00,71.86391835258011,73.80741252993752,71.41194714579649,73.0842514038086,28005019,0.0,0.0
2018-01-23 00:00:00-05:00,73.67179273223995,76.97120661284477,73.53619781828235,76.33843994140625,25714786,0.0,0.0
2018-01-24 00:00:00-05:00,76.83561793016145,78.46272824851847,73.4458095637665,74.3045654296875,34850262,0.0,0.0
2018-01-25 00:00:00-05:00,74.57574690794715,75.11811220866191,72.90344310450023,73.12942504882812,19834813,0.0,0.0
2018-01-26 00:00:00-05:00,72.90343475341797,73.03902246542852,71.99948549383419,72.90343475341797,18965005,0.0,0.0
2018-01-29 00:00:00-05:00,72.40627358924226,74.25936588447712,72.18028444254156,73.58140563964844,15469060,0.0,0.0
2018-01-30 00:00:00-05:00,72.76783436235687,73.53618865675463,72.08987426757812,72.08987426757812,14242064,0.0,0.0
2018-01-31 00:00:00-05:00,72.58707947870904,73.53622261059222,72.27069603632295,73.0842514038086,16018822,0.0,0.0
2018-02-01 00:00:00-05:00,72.58706897412841,72.81305814245333,71.95430218092831,72.40628051757812,11022366,0.0,0.0
2018-02-02 00:00:00-05:00,71.8186817229759,71.99947009717766,70.50795521710683,70.6887435913086,17171805,0.0,0.0
2018-02-05 00:00:00-05:00,69.96559606713582,70.64355619562366,67.38934326171875,67.38934326171875,25715850,0.0,0.0
2018-02-06 00:00:00-05:00,66.98257612194831,69.33283993106299,66.48540437807617,69.0164566040039,26462505,0.0,0.0
2018-02-07 00:00:00-05:00,69.19724616731031,70.14639616421357,68.92606353759766,68.92606353759766,15859821,0.0,0.0
2018-02-08 00:00:00-05:00,68.65488706425957,68.74528128226956,65.31027221679688,65.31027221679688,28928098,0.0,0.0
2018-02-09 00:00:00-05:00,66.39500960921275,67.93172569623187,64.31592821755623,67.52494812011719,26929053,0.0,0.0
2018-02-12 00:00:00-05:00,68.06731213217412,68.4288889568445,66.80177885528312,66.98257446289062,15771182,0.0,0.0
2018-02-13 00:00:00-05:00,66.62100987635583,66.84699905533223,65.67186683709403,66.30462646484375,15378459,0.0,0.0
2018-02-14 00:00:00-05:00,66.39501940069968,67.93173571434329,66.16903742141108,67.34416961669922,17926577,0.0,0.0
2018-02-15 00:00:00-05:00,67.47974089734133,68.42889088170861,66.75658722765867,67.1181640625,11452419,0.0,0.0
2018-02-16 00:00:00-05:00,67.11818333164197,68.83568818076648,66.93739486231826,68.02213287353516,13505612,0.0,0.0
2018-02-20 00:00:00-05:00,67.4345496690241,67.66053879607165,66.07862929728428,66.6209945678711,12867294,0.0,0.0
2018-02-21 00:00:00-05:00,66.4853863083166,66.5757804921553,65.31024752787236,65.49104309082031,20472151,0.0,0.0
2018-02-22 00:00:00-05:00,65.67182824683934,68.11248548166591,65.49103988800333,66.07860565185547,16379390,0.0,0.0
2018-02-23 00:00:00-05:00,66.21533511918281,66.85333115643985,66.03305053710938,66.03305053710938,11040854,0.575092,0.0
2018-02-26 00:00:00-05:00,65.57734967055661,66.89892413241499,63.57220421251522,66.76220703125,30302034,0.0,0.0
2018-02-27 00:00:00-05:00,66.85332632650108,69.17747271707277,66.07861328125,66.07861328125,19410582,0.0,0.0
2018-02-28 00:00:00-05:00,66.53432687244047,66.62546914992554,64.21018065952666,64.30132293701172,18490403,0.0,0.0
2018-03-01 00:00:00-05:00,64.52919287740188,64.9849043398215,63.572187924092034,63.89118957519531,19170976,0.0,0.0
2018-03-02 00:00:00-05:00,63.75448753059018,64.89377733730194,63.66334521663174,64.34691619873047,15572368,0.0,0.0
2018-03-05 00:00:00-05:00,64.62032051754787,66.76217478749385,64.34688644727682,65.71403503417969,18247395,0.0,0.0
2018-03-06 00:00:00-05:00,66.5343215996126,66.85331591812114,66.12417775602466,66.71660614013672,12124707,0.0,0.0
2018-03-07 00:00:00-05:00,65.98748183702753,66.48876811127249,64.62034009083932,66.12419891357422,17318787,0.0,0.0
2018-03-08 00:00:00-05:00,66.0786346026433,66.7166380544883,65.66849056286023,66.1697769165039,10348638,0.0,0.0
2018-03-09 00:00:00-05:00,66.62550907175752,68.1293684335965,66.12422261781118,68.08379364013672,13386967,0.0,0.0
2018-03-12 00:00:00-04:00,68.44835072807855,69.86106750518762,68.17492378068289,68.81292724609375,14653629,0.0,0.0
2018-03-13 00:00:00-04:00,66.94447001464773,67.17232935796468,65.3494691210663,65.75961303710938,24772029,0.0,0.0
2018-03-14 00:00:00-04:00,65.89633484138893,66.48876337283805,64.89376236434903,65.03047943115234,11907699,0.0,0.0
2018-03-15 00:00:00-04:00,65.21274586725863,66.30646033282945,64.98488657094306,65.44060516357422,9895779,0.0,0.0
2018-03-16 00:00:00-04:00,65.34948602157283,65.71406251612946,64.62034754210056,65.21277618408203,23889514,0.0,0.0
2018-03-19 00:00:00-04:00,64.98489674772117,65.07603902955705,63.80003982903635,64.1190414428711,13810133,0.0,0.0
2018-03-20 00:00:00-04:00,64.25574889036301,64.30132365702482,62.06831969659203,62.159461975097656,18554546,0.0,0.0
2018-03-21 00:00:00-04:00,62.25063508769264,63.6177770379405,61.84049105165413,63.25320053100586,13592791,0.0,0.0
2018-03-22 00:00:00-04:00,62.66075883265626,62.843043420789826,60.70118862799163,60.8379020690918,14862500,0.0,0.0
2018-03-23 00:00:00-04:00,61.06575615893124,61.29361551536847,59.33404173609207,59.5619010925293,17536442,0.0,0.0
2018-03-26 00:00:00-04:00,60.29104518994942,60.336616337370316,58.012473309266234,58.741615295410156,22000434,0.0,0.0
2018-03-27 00:00:00-04:00,58.87833621329605,62.52405748913196,58.42262468122667,61.248050689697266,32336072,0.0,0.0
2018-03-28 00:00:00-04:00,61.61261658725978,63.57218672080217,59.6530428263079,62.34175491333008,29025877,0.0,0.0
2018-03-29 00:00:00-04:00,61.886059010937046,62.250635520405915,60.837915149003045,61.43034744262695,15548310,0.0,0.0
2018-04-02 00:00:00-04:00,61.29361937818656,61.703763343693865,59.06061858334976,59.78976058959961,15041824,0.0,0.0
2018-04-03 00:00:00-04:00,59.78976362683957,59.88090592882449,58.33147591285106,59.83533477783203,12474884,0.0,0.0
2018-04-04 00:00:00-04:00,58.422614447697505,60.610043928112425,58.285897384614465,60.518898010253906,11929712,0.0,0.0
2018-04-05 00:00:00-04:00,60.56446924874697,61.794897352828364,60.0176119105542,61.20246887207031,11168889,0.0,0.0
2018-04-06 00:00:00-04:00,60.70118778013172,61.384758603494234,58.92389856101578,59.51633071899414,13242927,0.0,0.0
2018-04-09 00:00:00-04:00,59.698613597147784,59.97204409511817,58.4226142797112,58.46818542480469,14258423,0.0,0.0
2018-04-10 00:00:00-04:00,59.288472130093005,59.880900668360795,59.015045248158465,59.470760345458984,11982984,0.0,0.0
2018-04-11 00:00:00-04:00,58.832755411277915,59.607472143559384,58.559328536879406,59.10618591308594,10479010,0.0,0.0
2018-04-12 00:00:00-04:00,59.37961598260772,60.38218849750145,59.10618909349654,60.06319046020508,13277419,0.0,0.0
2018-04-13 00:00:00-04:00,61.111337168422494,62.34176185814376,60.88347778873272,61.47590637207031,14850168,0.0,0.0
2018-04-16 00:00:00-04:00,61.52147036944367,61.88603950920753,60.29103864051287,60.74675369262695,12160618,0.0,0.0
2018-04-17 00:00:00-04:00,60.97463114995231,63.20763606439377,60.88348883250787,62.84305953979492,15050609,0.0,0.0
2018-04-18 00:00:00-04:00,63.25318314876105,63.435474979544175,62.06832615017391,62.25061798095703,8969027,0.0,0.0
2018-04-19 00:00:00-04:00,62.29622420356948,64.07351080571793,62.11393951434758,63.75450897216797,18316838,0.0,0.0
2018-04-20 00:00:00-04:00,68.0837627287612,68.58504895511366,65.34947224279713,66.26090240478516,39371615,0.0,0.0
2018-04-23 00:00:00-04:00,67.21792440813198,67.35463425151246,65.57734824899963,66.1697769165039,15298437,0.0,0.0
2018-04-24 00:00:00-04:00,66.80775298716598,67.30903913535734,66.26089207331275,66.89889526367188,15495602,0.0,0.0
2018-04-25 00:00:00-04:00,67.08119334075258,67.12676811560266,63.38990500620995,64.02790832519531,23216120,0.0,0.0
2018-04-26 00:00:00-04:00,64.30132193101404,66.07860719639388,64.07346261345731,65.53175354003906,13533448,0.0,0.0
2018-04-27 00:00:00-04:00,64.80260807674819,65.98746492033473,64.66589103525058,65.53175354003906,10188469,0.0,0.0
2018-04-30 00:00:00-04:00,65.4861829252277,65.57732520706358,64.1190414428711,64.1190414428711,10127373,0.0,0.0
2018-05-01 00:00:00-04:00,64.16461814010697,64.21019291495705,63.02533582668649,64.02790832519531,10719493,0.0,0.0
2018-05-02 00:00:00-04:00,64.25575441038669,65.53176092871941,64.1646121240513,64.62033081054688,10783239,0.0,0.0
2018-05-03 00:00:00-04:00,64.66592123979015,64.66592123979015,63.11649456825173,63.48106384277344,12665163,0.0,0.0
2018-05-04 00:00:00-04:00,63.20762017828089,64.39247726208689,62.75190145077442,64.2557601928711,8744820,0.0,0.0
2018-05-07 00:00:00-04:00,64.21018372470698,64.62032762037761,63.80003982903635,64.1190414428711,6858410,0.0,0.0
2018-05-08 00:00:00-04:00,64.62033548556154,66.03305190819225,64.21019153997075,65.03047943115234,12381195,0.0,0.0
2018-05-09 00:00:00-04:00,65.3950413226682,66.89889987080876,65.16718198830252,66.62547302246094,10614202,0.0,0.0
2018-05-10 00:00:00-04:00,67.26348257752755,67.26348257752755,66.0786254073991,66.9444808959961,7820843,0.0,0.0
2018-05-11 00:00:00-04:00,67.17232056704219,67.30903760610377,66.16974829343779,66.5343246459961,5970052,0.0,0.0
2018-05-14 00:00:00-04:00,66.9900697436794,67.44578134527882,66.71664278271975,67.03564453125,8562032,0.0,0.0
2018-05-15 00:00:00-04:00,66.9900697436794,67.08121206399927,66.39764103418949,67.03564453125,7357154,0.0,0.0
2018-05-16 00:00:00-04:00,67.03561279482544,68.8128980818815,66.94446326283682,68.493896484375,11397833,0.0,0.0
2018-05-17 00:00:00-04:00,68.90404035905223,69.45089402207661,67.99261033252705,68.493896484375,10585136,0.0,0.0
2018-05-18 00:00:00-04:00,68.72175274328615,68.81289501639665,67.99260730358446,68.22046661376953,7170422,0.0,0.0
2018-05-21 00:00:00-04:00,69.99777965362026,70.86363521985362,69.26863392400136,69.54206085205078,16258282,0.0,0.0
2018-05-22 00:00:00-04:00,70.13447580106288,71.0459059714842,69.67876434326172,69.67876434326172,13717258,0.0,0.0
2018-05-23 00:00:00-04:00,69.26861643292631,69.31419120350333,64.3013291809637,64.62033081054688,30743980,0.0,0.0
2018-05-24 00:00:00-04:00,65.3494605687037,67.08117829260704,64.8937491965279,66.5343246459961,21995906,0.0,0.0
2018-05-25 00:00:00-04:00,66.57990872826916,66.85333561963355,65.668478502235,66.67105102539062,10370235,0.0,0.0
2018-05-29 00:00:00-04:00,65.98747236039637,66.16975693306715,63.89118526504513,64.62033081054688,15867583,0.0,0.0
2018-05-30 00:00:00-04:00,64.43805823885157,64.89376975540046,63.89119716417292,64.57476806640625,10893914,0.0,0.0
2018-05-31 00:00:00-04:00,64.25576938276798,64.39248647153713,63.57219844856283,64.16462707519531,11571648,0.0,0.0
2018-06-01 00:00:00-04:00,64.2557601928711,64.48361955662433,63.572189356430655,64.2557601928711,11870536,0.0,0.0
2018-06-04 00:00:00-04:00,64.39249205680221,64.75706131871482,62.34177182149144,62.47848892211914,17197157,0.0,0.0
2018-06-05 00:00:00-04:00,62.478493465834944,63.48106626382714,61.61263777841313,62.88863754272461,14699910,0.0,0.0
2018-06-06 00:00:00-04:00,62.979749736466275,63.298751338644955,62.11389446325384,62.159461975097656,12967368,0.0,0.0
2018-06-07 00:00:00-04:00,62.11391064260835,62.888623839111496,62.0227683403621,62.797481536865234,14811336,0.0,0.0
2018-06-08 00:00:00-04:00,62.79749282563465,64.1190673280076,62.478491083017566,63.48106384277344,10484206,0.0,0.0
2018-06-11 00:00:00-04:00,63.75449087180064,63.936782764091795,63.11649464065578,63.70892333984375,9098022,0.0,0.0
2018-06-12 00:00:00-04:00,63.936782764091795,64.43806914454478,63.389921596860724,63.70892333984375,8663462,0.0,0.0
2018-06-13 00:00:00-04:00,63.89119567495861,64.07348027732937,63.02534018628761,63.29876708984375,7407462,0.0,0.0
2018-06-14 00:00:00-04:00,63.20760906013933,63.38989361715058,61.794892861075155,62.159461975097656,12659759,0.0,0.0
2018-06-15 00:00:00-04:00,62.11349823447182,62.15947751958493,61.148006439208984,61.148006439208984,20069141,0.575092,0.0
2018-06-18 00:00:00-04:00,60.73421948946023,60.82617073644711,60.22848397142695,60.6882438659668,14260009,0.0,0.0
2018-06-19 00:00:00-04:00,60.04458441976855,60.09056004551489,59.30896708861576,59.538848876953125,16249456,0.0,0.0
2018-06-20 00:00:00-04:00,58.66529560007142,60.27445323126657,58.61931998143199,59.21700668334961,20120367,0.0,0.0
2018-06-21 00:00:00-04:00,58.89519171486631,58.94116734471721,57.97567179863645,58.66530990600586,14750782,0.0,0.0
2018-06-22 00:00:00-04:00,58.66530353578216,60.13653451007382,58.66530353578216,59.99860763549805,14178026,0.0,0.0
2018-06-25 00:00:00-04:00,59.90665625085634,59.998611165589374,58.57335573229966,58.61933135986328,16029380,0.0,0.0
2018-06-26 00:00:00-04:00,61.8836119959086,64.09045623893552,61.56177901896512,63.170936584472656,44618882,0.0,0.0
2018-06-27 00:00:00-04:00,63.72264768035355,66.38925556483052,63.44679396378327,64.18241119384766,28252972,0.0,0.0
2018-06-28 00:00:00-04:00,64.0904598991462,64.36631361547612,62.89507915662929,63.58472442626953,13444307,0.0,0.0
2018-06-29 00:00:00-04:00,63.58473233250777,63.906565367848444,62.38935876056628,62.57326126098633,15015178,0.0,0.0
2018-07-02 00:00:00-04:00,61.975576556161336,62.297409602309195,60.64227240452674,61.46984100341797,13098533,0.0,0.0
2018-07-03 00:00:00-04:00,61.377886090514494,62.021548523204494,61.14800795727011,61.46984100341797,6721507,0.0,0.0
2018-07-05 00:00:00-04:00,61.51580001824704,61.79165372005903,59.952618062497606,61.74568176269531,11172227,0.0,0.0
2018-07-06 00:00:00-04:00,61.46982589915594,63.90655181082684,61.239944162791986,63.67667007446289,12524399,0.0,0.0
2018-07-09 00:00:00-04:00,64.09048737109718,65.01000747221991,63.95255679420407,64.13645935058594,13993109,0.0,0.0
2018-07-10 00:00:00-04:00,64.36632178338917,65.19389035660545,64.27437053294416,65.14791107177734,12585475,0.0,0.0
2018-07-11 00:00:00-04:00,64.64219905904504,65.69964980280253,64.32036590576172,64.32036590576172,9862643,0.0,0.0
2018-07-12 00:00:00-04:00,64.59622707669821,65.01001151388907,64.04451205403912,64.32036590576172,8309863,0.0,0.0
2018-07-13 00:00:00-04:00,64.22839692270338,64.68816053475982,63.81461259953735,63.860591888427734,10121259,0.0,0.0
2018-07-16 00:00:00-04:00,63.86058733426164,64.13644109029609,63.446803040604294,63.90656661987305,8943299,0.0,0.0
2018-07-17 00:00:00-04:00,63.67670336485181,63.86060592240398,62.75718325787752,62.94108581542969,12334350,0.0,0.0
2018-07-18 00:00:00-04:00,63.170939356742764,63.492772347809954,62.98703688162157,63.21691131591797,8562449,0.0,0.0
2018-07-19 00:00:00-04:00,63.079005140236255,63.814615239215925,62.6192415091618,63.124977111816406,15641895,0.0,0.0
2018-07-20 00:00:00-04:00,63.0790018862129,63.354855659099954,59.676779736698016,60.32044219970703,35732423,0.0,0.0
2018-07-23 00:00:00-04:00,59.86067849521915,60.32043841411651,59.308967324463445,59.72275161743164,18849031,0.0,0.0
2018-07-24 00:00:00-04:00,59.400922304205075,60.36641782852154,59.07909290250351,60.32044219970703,11824171,0.0,0.0
2018-07-25 00:00:00-04:00,60.36642254777646,60.45837747220011,59.58483313722174,60.274471282958984,11132811,0.0,0.0
2018-07-26 00:00:00-04:00,60.22848461451575,61.010077541460575,60.04458211857838,60.45836639404297,11374588,0.0,0.0
2018-07-27 00:00:00-04:00,60.32043227976788,60.59628966689496,59.67676992261175,60.044578552246094,8206805,0.0,0.0
2018-07-30 00:00:00-04:00,59.95263388642902,60.7342269004003,59.81470699911852,60.50434875488281,8255716,0.0,0.0
2018-07-31 00:00:00-04:00,60.642283404740645,62.75717725264328,60.504356499774744,62.665225982666016,14959799,0.0,0.0
2018-08-01 00:00:00-04:00,62.29740948294991,62.29740948294991,60.87215042114258,60.87215042114258,9291368,0.0,0.0
2018-08-02 00:00:00-04:00,60.550323486328125,60.73422600001576,60.04458791408127,60.550323486328125,7631879,0.0,0.0
2018-08-03 00:00:00-04:00,60.45837476725269,60.918131070770265,60.228492955887894,60.41239547729492,7354316,0.0,0.0
2018-08-06 00:00:00-04:00,60.320428715100704,60.59628608592585,60.04457500388063,60.228477478027344,6779285,0.0,0.0
2018-08-07 00:00:00-04:00,60.32044257886291,60.91812941681429,59.86068262822202,60.50434875488281,11811088,0.0,0.0
2018-08-08 00:00:00-04:00,60.64227004312391,60.64227004312391,59.63079897702374,59.99860763549805,8429823,0.0,0.0
2018-08-09 00:00:00-04:00,59.81470736590302,59.90665862467386,59.354947412442876,59.49287796020508,6778847,0.0,0.0
2018-08-10 00:00:00-04:00,59.35496253119423,59.35496253119423,58.435446049662886,58.711299896240234,10110158,0.0,0.0
2018-08-13 00:00:00-04:00,58.48140418639428,58.52737981372931,56.96419750552109,57.24005126953125,14001101,0.0,0.0
2018-08-14 00:00:00-04:00,57.37798315463946,57.92969435518379,56.642365780843114,56.780296325683594,10349974,0.0,0.0
2018-08-15 00:00:00-04:00,56.41248754468831,56.82627185930782,54.895280830820674,56.1826057434082,13501919,0.0,0.0
2018-08-16 00:00:00-04:00,56.366508721449584,56.826268638344345,56.13662693319938,56.550411224365234,10847153,0.0,0.0
2018-08-17 00:00:00-04:00,56.366508721449584,56.73431372728088,56.13662693319938,56.550411224365234,9795746,0.0,0.0
2018-08-20 00:00:00-04:00,56.4124843471785,56.96419551553108,55.814797553097,56.550411224365234,7878350,0.0,0.0
2018-08-21 00:00:00-04:00,56.73430771077356,58.343465419455924,56.68833208992022,58.06761169433594,12091467,0.0,0.0
2018-08-22 00:00:00-04:00,57.97568240113873,58.02165803939757,57.102137955007315,57.3320198059082,9065575,0.0,0.0
2018-08-23 00:00:00-04:00,57.056144709406134,57.74578273007543,56.964193461264294,57.653831481933594,7940552,0.0,0.0
2018-08-24 00:00:00-04:00,57.56188381000695,57.74578631771615,57.33200567537044,57.469932556152344,8068963,0.0,0.0
2018-08-27 00:00:00-04:00,57.377998985236005,58.757275537336454,57.24006840234046,58.711299896240234,9324212,0.0,0.0
2018-08-28 00:00:00-04:00,58.71128553585675,59.26299675367348,58.48140738660228,58.66530990600586,12325524,0.0,0.0
2018-08-29 00:00:00-04:00,58.711274777412406,59.67677014657266,58.25151490354536,59.630794525146484,9971648,0.0,0.0
2018-08-30 00:00:00-04:00,59.17105996680934,59.63082003737844,58.61934861404779,58.711299896240234,9320414,0.0,0.0
2018-08-31 00:00:00-04:00,58.52738242389937,59.538853589590495,58.38945553574311,59.49287796020508,10517216,0.0,0.0
2018-09-04 00:00:00-04:00,59.21701755205435,59.21701755205435,58.06761955589777,58.251522064208984,9355782,0.0,0.0
2018-09-05 00:00:00-04:00,57.24004543607376,57.83773219012332,56.274553700827795,57.74578094482422,11491355,0.0,0.0
2018-09-06 00:00:00-04:00,57.46992403809023,58.84919996068759,57.46992403809023,57.515899658203125,8475812,0.0,0.0
2018-09-07 00:00:00-04:00,56.96418673487356,57.1940648280839,56.41247565156363,57.010162353515625,9570746,0.0,0.0
2018-09-10 00:00:00-04:00,56.826261696904446,58.3894437595586,56.78028607679155,57.515899658203125,9050656,0.0,0.0
2018-09-11 00:00:00-04:00,57.194078634849134,57.332009183677144,56.228583091082946,56.6883430480957,8378597,0.0,0.0
2018-09-12 00:00:00-04:00,56.55040696244642,58.06761347597323,56.22857394699332,57.97566223144531,8385211,0.0,0.0
2018-09-13 00:00:00-04:00,58.251522450249034,58.61933112891472,57.14810007385774,58.435428619384766,11408558,0.0,0.0
2018-09-14 00:00:00-04:00,58.15693819173043,59.17804995487698,57.46072696939837,58.8531494140625,14600045,0.575092,0.0
2018-09-17 00:00:00-04:00,58.52825565350112,59.827850496303974,58.481841815864364,58.94598388671875,10573242,0.0,0.0
2018-09-18 00:00:00-04:00,58.80674022435424,59.17805462969068,58.29618430244923,58.76032638549805,8950101,0.0,0.0
2018-09-19 00:00:00-04:00,58.574666820735395,60.29198981846361,58.29618011312417,59.68860626220703,12958354,0.0,0.0
2018-09-20 00:00:00-04:00,58.43543396911073,58.899572393062456,57.36790820504743,57.83205032348633,18430204,0.0,0.0
2018-09-21 00:00:00-04:00,57.553548432418495,58.29617340984545,56.439609119034955,56.48602294921875,19910349,0.0,0.0
2018-09-24 00:00:00-04:00,56.16114398601095,56.16114398601095,53.84043680868812,54.490234375,31005079,0.0,0.0
2018-09-25 00:00:00-04:00,54.44380912002252,54.58305063481117,52.076688590668,52.30875778198242,27896911,0.0,0.0
2018-09-26 00:00:00-04:00,52.21592905386647,53.65476909449927,52.03027370455389,52.865726470947266,19483739,0.0,0.0
2018-09-27 00:00:00-04:00,52.77289693759251,54.53663377740228,52.7264831018991,53.51552200317383,17151231,0.0,0.0
2018-09-28 00:00:00-04:00,53.09780344247012,53.42270032879561,52.21593307632685,52.401588439941406,15978112,0.0,0.0
2018-10-01 00:00:00-04:00,60.43122365849205,60.66329650114087,55.418496807803216,56.114707946777344,64290209,0.0,0.0
2018-10-02 00:00:00-04:00,57.1822395324707,57.9248682749816,54.6294601572518,57.1822395324707,31029263,0.0,0.0
2018-10-03 00:00:00-04:00,57.27507599368156,58.62108848704829,56.99659294335631,57.92487716674805,17311880,0.0,0.0
2018-10-04 00:00:00-04:00,57.599973025119446,58.85315406321043,57.27507245863921,58.76032638549805,15631315,0.0,0.0
2018-10-05 00:00:00-04:00,59.78143252626663,61.73082835020542,59.688604857409835,61.173858642578125,31541445,0.0,0.0
2018-10-08 00:00:00-04:00,62.7519380992372,63.308904094649975,61.54517105353668,63.1696662902832,36025406,0.0,0.0
2018-10-09 00:00:00-04:00,63.633791677891,63.958692136956294,62.24136958357838,62.891170501708984,23046331,0.0,0.0
2018-10-10 00:00:00-04:00,62.148560084969624,63.401744769184575,61.405931302956304,61.63800048828125,19185019,0.0,0.0
2018-10-11 00:00:00-04:00,60.89536348877882,61.684405953509504,58.760312623487835,59.03879928588867,24238585,0.0,0.0
2018-10-12 00:00:00-04:00,58.15693744796215,59.549363569305164,56.62526982283081,57.1822395324707,25708943,0.0,0.0
2018-10-15 00:00:00-04:00,56.857345801194334,58.01769911855787,56.34678989821597,56.39320373535156,13070635,0.0,0.0
2018-10-16 00:00:00-04:00,56.76451255509695,57.04299926318709,55.696990641796894,56.161128997802734,18046308,0.0,0.0
2018-10-17 00:00:00-04:00,56.85734413099475,58.29618042890569,56.253956876983075,56.578857421875,17409325,0.0,0.0
2018-10-18 00:00:00-04:00,56.34679572561312,57.69280453072357,55.97548129564014,57.46073532104492,17010175,0.0,0.0
2018-10-19 00:00:00-04:00,56.996589657556605,59.08522719253647,56.90376197946628,58.29618453979492,18108844,0.0,0.0
2018-10-22 00:00:00-04:00,58.43543339066953,58.621088758412455,57.22866241687913,57.46073532104492,10483914,0.0,0.0
2018-10-23 00:00:00-04:00,56.393204627471405,59.13163953422669,56.06830406789564,58.899566650390625,17086295,0.0,0.0
2018-10-24 00:00:00-04:00,58.992388251574816,59.45653024789899,56.34678145866736,56.48602294921875,17394134,0.0,0.0
2018-10-25 00:00:00-04:00,56.62527180777482,56.99658619204634,54.39739289111912,54.768707275390625,18412572,0.0,0.0
2018-10-26 00:00:00-04:00,53.794002582688776,54.072485565119734,51.84460692772717,52.44799041748047,24541312,0.0,0.0
2018-10-29 00:00:00-04:00,53.05137573842204,54.44380178209824,50.730669360114724,51.798194885253906,25007880,0.0,0.0
2018-10-30 00:00:00-04:00,49.013331813610726,52.912118395993545,45.81075619731781,47.249595642089844,71983559,0.0,0.0
2018-10-31 00:00:00-04:00,47.24961025259624,48.224304428722576,45.48586984120699,46.8782958984375,42124411,0.0,0.0
2018-11-01 00:00:00-04:00,46.46057346205514,47.48168529150574,44.27910828854343,44.46476364135742,49320916,0.0,0.0
2018-11-02 00:00:00-04:00,44.65042704902539,44.83608241996968,42.09764722610547,43.11875915527344,54985507,0.0,0.0
2018-11-05 00:00:00-05:00,43.58290170321811,44.23269920236318,43.02593189045273,43.07234573364258,25955269,0.0,0.0
2018-11-06 00:00:00-05:00,43.443658219258126,44.27911105357824,43.443658219258126,43.72214126586914,23563834,0.0,0.0
2018-11-07 00:00:00-05:00,43.861368511208376,43.907782337201354,42.422532516454226,42.70101547241211,25878418,0.0,0.0
2018-11-08 00:00:00-05:00,42.42254028857541,43.35082067298869,42.004812083621836,42.236881256103516,33760858,0.0,0.0
2018-11-09 00:00:00-05:00,40.7980547754104,41.58709384543586,37.827546488813226,39.82335662841797,57077908,0.0,0.0
2018-11-12 00:00:00-05:00,39.08071725779542,39.21996245190283,35.831726766387504,37.08491134643555,51161628,0.0,0.0
2018-11-13 00:00:00-05:00,37.224161616461714,42.00482081353336,36.9920887012615,39.96259689331055,42945997,0.0,0.0
2018-11-14 00:00:00-05:00,40.65880470531728,41.07653296067043,38.01319734739666,38.616580963134766,35507986,0.0,0.0
2018-11-15 00:00:00-05:00,38.24526490974187,39.91617400368887,37.40980851552513,37.92036437988281,26807841,0.0,0.0
2018-11-16 00:00:00-05:00,37.502646131040606,38.05961967125688,35.878150439790915,37.22416305541992,36851582,0.0,0.0
2018-11-19 00:00:00-05:00,37.08492128085734,38.245274810843995,36.15663697907303,36.38870620727539,30898119,0.0,0.0
2018-11-20 00:00:00-05:00,35.59965979493919,36.48152637472223,34.94985870101063,35.506832122802734,29903260,0.0,0.0
2018-11-21 00:00:00-05:00,36.15663063798729,36.80642805748101,35.87814391849753,36.24945831298828,17620011,0.0,0.0
2018-11-23 00:00:00-05:00,36.110222890626744,36.48153365325382,35.04269705909909,35.13552474975586,9070771,0.0,0.0
2018-11-26 00:00:00-05:00,35.32117970569498,35.924563382184814,33.69668405530317,35.18193817138672,33103782,0.0,0.0
2018-11-27 00:00:00-05:00,34.76420035537384,35.413997698715534,34.20723067615433,34.53213119506836,23037755,0.0,0.0
2018-11-28 00:00:00-05:00,34.30005409810072,36.06379427623122,34.20722644545931,35.9245491027832,25938200,0.0,0.0
2018-11-29 00:00:00-05:00,35.50683547620692,37.131330975478676,34.764206640005135,36.85284423828125,25745417,0.0,0.0
2018-11-30 00:00:00-05:00,35.55324427034625,35.64607193807406,34.346477200911735,34.81061553955078,39037109,0.0,0.0
2018-12-03 00:00:00-05:00,34.99627731150134,36.899255732482004,34.94985977951406,36.24945831298828,27268484,0.0,0.0
2018-12-04 00:00:00-05:00,35.97096968537079,36.249452666998984,33.78950119018555,33.78950119018555,27820875,0.0,0.0
2018-12-06 00:00:00-05:00,33.41820654789811,34.30007343975824,33.18613359094377,34.114418029785156,23571659,0.0,0.0
2018-12-07 00:00:00-05:00,33.88233981207255,34.25365053387972,32.443499681608756,32.53632736206055,23887657,0.0,0.0
2018-12-10 00:00:00-05:00,32.350671411626436,33.04688269681474,31.32955955629057,32.16501235961914,23545806,0.0,0.0
2018-12-11 00:00:00-05:00,32.67556959893555,33.09329786461158,30.91183254823213,31.375974655151367,25995248,0.0,0.0
2018-12-12 00:00:00-05:00,31.747285262849207,32.629151834937254,31.097484174590676,31.143898010253906,22080622,0.0,0.0
2018-12-13 00:00:00-05:00,34.764210352342694,34.81062419775078,33.046886988781054,33.4182014465332,43251895,0.0,0.0
2018-12-14 00:00:00-05:00,32.86123571311247,33.65027487812675,32.489921208965114,32.954063415527344,26875823,0.0,0.0
2018-12-17 00:00:00-05:00,32.907643651775054,33.55744114641735,32.53632921434208,33.186126708984375,27069962,0.0,0.0
2018-12-18 00:00:00-05:00,33.32535919298568,35.41399633314198,33.23253153244295,33.78950119018555,30626065,0.0,0.0
2018-12-19 00:00:00-05:00,35.5091908006983,36.95000609357626,35.090888035205175,35.60214614868164,45795945,0.047924,0.0
2018-12-20 00:00:00-05:00,35.55567433392016,36.34579862155146,34.207810467342554,34.57963562011719,38050283,0.0,0.0
2018-12-21 00:00:00-05:00,34.02190530764857,34.62611896754269,32.99938874488333,33.23177719116211,38738388,0.0,0.0
2018-12-24 00:00:00-05:00,32.813472066816786,33.138819569150336,32.06982538950032,32.16278076171875,14608516,0.0,0.0
2018-12-26 00:00:00-05:00,32.48812585734251,34.44020332759642,31.465609439549397,34.34724426269531,27092394,0.0,0.0
2018-12-27 00:00:00-05:00,33.371202202991626,33.78950500488281,32.30221190859836,33.78950500488281,24993253,0.0,0.0
2018-12-28 00:00:00-05:00,33.41767552400241,35.555662996483115,33.41767552400241,34.90496826171875,25388083,0.0,0.0
2018-12-31 00:00:00-05:00,34.951457225880034,35.41623774398484,34.16133293479998,35.1838493347168,22610937,0.0,0.0
2019-01-02 00:00:00-05:00,34.672589508582966,38.0190046425052,34.44020111021415,37.414791107177734,26991297,0.0,0.0
2019-01-03 00:00:00-05:00,37.275347269732364,38.11195266063809,36.15987588156971,37.46125793457031,25654795,0.0,0.0
2019-01-04 00:00:00-05:00,38.06548176366345,38.39082921617468,37.089443105698244,38.25139617919922,25056937,0.0,0.0
2019-01-07 00:00:00-05:00,39.73869689399001,40.85416869807722,38.53026602325482,40.62177658081055,37493322,0.0,0.0
2019-01-08 00:00:00-05:00,41.41190140590613,42.01611494488463,39.59925708940205,39.78517150878906,30669237,0.0,0.0
2019-01-09 00:00:00-05:00,39.599253416472926,40.714725031057945,38.01900134588278,39.50629806518555,24268716,0.0,0.0
2019-01-10 00:00:00-05:00,39.50630166800908,41.597812060985795,39.4598239881268,41.551334381103516,23441412,0.0,0.0
2019-01-11 00:00:00-05:00,41.22598692235901,41.597812060985795,40.528818024556294,41.551334381103516,16832625,0.0,0.0
2019-01-14 00:00:00-05:00,40.94711094834377,41.83019035228264,40.71471890552052,41.365413665771484,17043123,0.0,0.0
2019-01-15 00:00:00-05:00,41.41190010670244,41.5048554636954,40.43586145913947,40.575294494628906,19626381,0.0,0.0
2019-01-16 00:00:00-05:00,40.48234263993212,41.830202832075926,40.24995052777606,41.737247467041016,17583057,0.0,0.0
2019-01-17 00:00:00-05:00,41.36542426354896,42.71328439888699,40.668251656032005,42.48089599609375,22074822,0.0,0.0
2019-01-18 00:00:00-05:00,42.89920184654891,42.992160921808285,41.969644390078024,42.10907745361328,19350175,0.0,0.0
2019-01-22 00:00:00-05:00,41.737247343809166,41.783725026189394,39.78517358513326,40.24995040893555,22571396,0.0,0.0
2019-01-23 00:00:00-05:00,40.389383780642994,41.086552657658636,40.017558653102704,40.575294494628906,15104193,0.0,0.0
2019-01-24 00:00:00-05:00,40.11051317485535,41.69076530953466,40.01755781979804,40.807682037353516,18848780,0.0,0.0
2019-01-25 00:00:00-05:00,41.13304067423567,42.806248619346256,41.08656298405783,42.57386016845703,23434130,0.0,0.0
2019-01-28 00:00:00-05:00,41.7372445057181,41.83019986415769,40.66825048452584,41.50485610961914,19120938,0.0,0.0
2019-01-29 00:00:00-05:00,41.365413665771484,42.43440374431482,40.20346085079057,41.365413665771484,23885070,0.0,0.0
2019-01-30 00:00:00-05:00,41.737239497480886,43.131580805466996,41.27245906148552,42.29497528076172,18035624,0.0,0.0
2019-01-31 00:00:00-05:00,46.199132762496184,50.05680584730575,45.36252717804672,47.22164535522461,72747847,0.0,0.0
2019-02-01 00:00:00-05:00,47.407554026318486,48.476547866228636,46.29208251507033,47.36107635498047,33002372,0.0,0.0
2019-02-04 00:00:00-05:00,47.73290277014542,48.058250203462464,46.94277857433015,47.454036712646484,21543088,0.0,0.0
2019-02-05 00:00:00-05:00,47.63995346519586,49.49907554946411,47.26812830842846,49.4061164855957,21455283,0.0,0.0
2019-02-06 00:00:00-05:00,49.59203673722757,50.70750863894799,48.47656483550716,48.6624755859375,25140965,0.0,0.0
2019-02-07 00:00:00-05:00,48.43008570178896,48.52304107422851,46.338575023622894,46.75687789916992,22682446,0.0,0.0
2019-02-08 00:00:00-05:00,46.5244743786295,46.94277715176988,44.34000886281302,45.594913482666016,24736786,0.0,0.0
2019-02-11 00:00:00-05:00,45.873781359244894,47.175163600831866,45.687866967898174,46.617427825927734,14749801,0.0,0.0
2019-02-12 00:00:00-05:00,46.803346895784465,47.17516831650952,46.05969665519758,46.38504409790039,14005879,0.0,0.0
2019-02-13 00:00:00-05:00,46.38504469367756,48.43007733220565,46.24561165911476,48.19768524169922,20644401,0.0,0.0
2019-02-14 00:00:00-05:00,47.825862944321976,47.87234062166228,46.24561081604667,46.663909912109375,19486347,0.0,0.0
2019-02-15 00:00:00-05:00,47.035738125424324,47.7793847113706,46.75687204303271,46.896305084228516,16347527,0.0,0.0
2019-02-19 00:00:00-05:00,46.61744142031114,47.17517735785989,46.24561992832469,47.08222198486328,13264315,0.0,0.0
2019-02-20 00:00:00-05:00,46.89630567472906,47.08221639866439,46.52448052728974,46.94278335571289,10151119,0.0,0.0
2019-02-21 00:00:00-05:00,46.617427825927734,47.40755566512326,46.4779948070937,46.617427825927734,10335701,0.0,0.0
2019-02-22 00:00:00-05:00,46.710391496152155,47.31460500382377,46.43152173130536,47.268123626708984,10587786,0.0,0.0
2019-02-25 00:00:00-05:00,53.77505188617794,54.611653864169526,50.10328910056315,50.28919982910156,60560499,0.0,0.0
2019-02-26 00:00:00-05:00,52.155753244962845,52.687458915518064,50.89898766079887,51.52737045288086,20864323,0.0,1.04
2019-02-27 00:00:00-05:00,52.34910057330798,52.83247138714123,51.43069750685217,52.59078598022461,21835966,0.0,0.0
2019-02-28 00:00:00-05:00,52.300766378498906,52.4457783746691,49.932250672804535,50.22227096557617,18230265,0.0,0.0
2019-03-01 00:00:00-05:00,50.51228381426407,50.85064259763576,48.57880082406247,49.642215728759766,17856700,0.0,0.0
2019-03-04 00:00:00-05:00,49.8839071582609,50.85064877072063,49.40053635203103,50.17393112182617,13996993,0.0,0.0
2019-03-05 00:00:00-05:00,50.1739394870317,51.09234269216106,46.306968692907105,47.805419921875,35870538,0.0,0.0
2019-03-06 00:00:00-05:00,44.76016272726156,46.596972173600975,43.74508645134574,44.03510665893555,41286543,0.0,0.0
2019-03-07 00:00:00-05:00,43.89010251019844,45.6785774230957,43.841767650122065,45.6785774230957,25577378,0.0,0.0
2019-03-08 00:00:00-05:00,45.146310856311466,46.83990095044416,44.90436941429251,46.35601806640625,17559457,0.049841,0.0
2019-03-11 00:00:00-04:00,45.72697617070842,48.485111970263105,45.14631736682413,47.904449462890625,21277594,0.0,0.0
2019-03-12 00:00:00-04:00,48.049601233767454,49.06575662515443,46.743118375903585,47.22700119018555,19937161,0.0,0.0
2019-03-13 00:00:00-04:00,47.081844765349175,48.63027303510013,46.93667915212404,48.485107421875,14880115,0.0,0.0
2019-03-14 00:00:00-04:00,49.83997344970703,50.807739133422494,49.356090607849296,49.83997344970703,26859385,0.0,0.0
2019-03-15 00:00:00-04:00,49.79158497315537,50.56579902156591,47.90443961896247,48.19477081298828,37959266,0.0,0.0
2019-03-18 00:00:00-04:00,48.33993136147928,49.88835929658577,48.243155541406885,49.35608673095703,18387845,0.0,0.0
2019-03-19 00:00:00-04:00,49.452866704885324,50.03352537757989,49.06575968859316,49.307701110839844,10970991,0.0,0.0
2019-03-20 00:00:00-04:00,49.017380171485975,49.98514976630495,48.96899409901231,49.452877044677734,9704794,0.0,0.0
2019-03-21 00:00:00-04:00,49.35609170383653,49.98514015291752,49.01737074422471,49.69480895996094,10135942,0.0,0.0
2019-03-22 00:00:00-04:00,49.45286692189248,49.549642750518345,48.00121838204232,48.29154586791992,16364625,0.0,0.0
2019-03-25 00:00:00-04:00,48.194777672564044,49.01737790140151,47.46895328768017,47.80767059326172,9977198,0.0,0.0
2019-03-26 00:00:00-04:00,48.1463684030457,49.11413756116897,48.04959259827931,48.872196197509766,9555279,0.0,0.0
2019-03-27 00:00:00-04:00,48.7754332010399,49.259316055424634,47.90443961896247,48.19477081298828,11064769,0.0,0.0
2019-03-28 00:00:00-04:00,48.194777331259,48.436718791173575,47.420563178137165,47.85606002807617,9068655,0.0,0.0
2019-03-29 00:00:00-04:00,48.29155315876661,48.53349461860223,48.00122562905663,48.339942932128906,9734708,0.0,0.0
2019-04-01 00:00:00-04:00,48.48508927495775,49.017358052916116,48.38831347019136,48.872196197509766,10301888,0.0,0.0
2019-04-02 00:00:00-04:00,48.67865082773619,49.74319600807301,48.581875003202086,49.54964065551758,10382584,0.0,0.0
2019-04-03 00:00:00-04:00,49.64640633912733,49.74318584738018,48.38831347019136,48.872196197509766,11263640,0.0,0.0
2019-04-04 00:00:00-04:00,48.872225561510525,48.969001424422956,48.24317689734669,48.533504486083984,8232943,0.0,0.0
2019-04-05 00:00:00-04:00,48.72705305309602,49.065770377331816,48.291556176088704,48.43672180175781,8678979,0.0,0.0
2019-04-08 00:00:00-04:00,46.01730414382277,46.16246976031704,44.27532415286741,45.92052459716797,35313691,0.0,0.0
2019-04-09 00:00:00-04:00,45.24309276381507,45.53342031110571,44.130161240480575,44.614044189453125,16687089,0.0,0.0
2019-04-10 00:00:00-04:00,44.75921210844536,44.807598183729176,43.93660809024868,44.32371520996094,10808576,0.0,0.0
2019-04-11 00:00:00-04:00,44.13016128540039,44.80759593325626,44.03338173271684,44.13016128540039,10997856,0.0,0.0
2019-04-12 00:00:00-04:00,44.27532000805724,44.565647510378994,43.501105928224064,43.549495697021484,13735824,0.0,0.0
2019-04-15 00:00:00-04:00,43.59789391485267,43.79144934050659,42.533352035966246,43.452728271484375,16642146,0.0,0.0
2019-04-16 00:00:00-04:00,43.743049626595905,44.468873975154196,43.501108177076475,44.226932525634766,12085548,0.0,0.0
2019-04-17 00:00:00-04:00,44.32371298379116,44.42048883298655,43.83983003432607,44.13016128540039,9643619,0.0,0.0
2019-04-18 00:00:00-04:00,44.17854243556032,45.24308776855469,44.03337682619856,45.24308776855469,10334612,0.0,0.0
2019-04-22 00:00:00-04:00,44.759198412121506,45.2430812378215,44.42047747134174,45.09791564941406,13467232,0.0,0.0
2019-04-23 00:00:00-04:00,45.00114329931075,45.33986056275416,44.61403626816649,45.14630889892578,8126706,0.0,0.0
2019-04-24 00:00:00-04:00,45.04952588544918,45.2430812378215,44.565643059749185,45.09791564941406,5775345,0.0,0.0
2019-04-25 00:00:00-04:00,44.61404423486548,44.66243401120726,43.45272293405637,44.13016128540039,12515311,0.0,0.0
2019-04-26 00:00:00-04:00,44.13015927299251,46.40440829107131,44.08176949885739,46.30763244628906,14905235,0.0,0.0
2019-04-29 00:00:00-04:00,46.30762645015176,47.1302302830061,46.16246455351865,47.08184051513672,13243923,0.0,0.0
2019-04-30 00:00:00-04:00,49.501257248561245,50.95290580485163,48.194770585109964,49.2109260559082,35549901,0.0,0.0
2019-05-01 00:00:00-04:00,49.11413756116897,50.42062018423136,48.82380644338334,48.872196197509766,19938144,0.0,0.0
2019-05-02 00:00:00-04:00,49.114151044866695,50.3238581952732,48.77543378345037,49.5980339050293,15895597,0.0,0.0
2019-05-03 00:00:00-04:00,49.83998105580056,50.80774688720703,49.54964982498345,50.80774688720703,13806910,0.0,0.0
2019-05-06 00:00:00-04:00,49.54964124085308,50.759348320537846,49.404475650593454,50.46902084350586,8754137,0.0,0.0
2019-05-07 00:00:00-04:00,50.03353232876566,50.13030817041198,48.67865943525354,48.92060089111328,11415060,0.0,0.0
2019-05-08 00:00:00-04:00,48.77543329959375,49.598033413012416,48.77543329959375,49.16253662109375,9500004,0.0,0.0
2019-05-09 00:00:00-04:00,48.92059592523259,49.404478787833604,48.48510283028667,48.581878662109375,11937839,0.0,0.0
2019-05-10 00:00:00-04:00,48.48509942724038,49.25931343445688,47.275392355644115,49.01736831665039,12666230,0.0,0.0
2019-05-13 00:00:00-04:00,47.66249781085656,48.72704304478518,47.5173322150038,47.75927734375,12065484,0.0,0.0
2019-05-14 00:00:00-04:00,48.09799666756917,50.08191792143366,47.95283106547146,49.93675231933594,14148995,0.0,0.0
2019-05-15 00:00:00-04:00,49.114150605818246,50.27546797843208,48.96898500836965,49.646419525146484,10777477,0.0,0.0
2019-05-16 00:00:00-04:00,49.452865084517384,49.79158232386689,48.678651077300884,49.01736831665039,10935800,0.0,0.0
2019-05-17 00:00:00-04:00,48.436722254990976,49.16254668664003,48.29155662796352,48.388336181640625,7436095,0.0,0.0
2019-05-20 00:00:00-04:00,47.952836210936084,48.67866059581996,47.32378767000581,47.80767059326172,10474656,0.0,0.0
2019-05-21 00:00:00-04:00,48.19477081298828,48.19477081298828,47.42055676457774,48.19477081298828,12121141,0.0,0.0
2019-05-22 00:00:00-04:00,48.146390939799765,48.96899492408138,47.807673612824615,47.904449462890625,10361698,0.0,0.0
2019-05-23 00:00:00-04:00,47.46893849863595,47.565714312438836,45.82373485003959,46.25923156738281,11404487,0.0,0.0
2019-05-24 00:00:00-04:00,46.54956308785071,46.839894258187414,45.67857328032773,45.72696304321289,9536881,0.0,0.0
2019-05-28 00:00:00-04:00,45.53341483405589,46.16246703623958,44.85598026837574,45.291473388671875,14488312,0.0,0.0
2019-05-29 00:00:00-04:00,45.04952781950972,45.436634837386386,44.27531748724376,45.33985900878906,8945986,0.0,0.0
2019-05-30 00:00:00-04:00,45.33986284017518,46.01730110457723,44.95275578958654,45.82374572753906,10138450,0.0,0.0
2019-05-31 00:00:00-04:00,45.19469833859477,45.82374684824998,45.001146660310596,45.67858123779297,9297080,0.0,0.0
2019-06-03 00:00:00-04:00,45.001135934056215,46.1624568374177,44.7591945421251,46.11406707763672,9484896,0.0,0.0
2019-06-04 00:00:00-04:00,46.501190437260156,48.388336181640625,46.404410883583054,48.388336181640625,12320032,0.0,0.0
2019-06-05 00:00:00-04:00,48.72705002446625,48.82382586773449,47.51733902140541,47.85606002807617,8258886,0.0,0.0
2019-06-06 00:00:00-04:00,47.856051298262244,48.38832389437329,47.275392641087535,48.001216888427734,7730128,0.0,0.0
2019-06-07 00:00:00-04:00,47.90443884992907,48.63026682334153,47.517331831938215,48.29154586791992,8243075,0.0,0.0
2019-06-10 00:00:00-04:00,48.63026809692383,50.08191667479134,48.38832666727924,48.63026809692383,10486695,0.0,0.0
2019-06-11 00:00:00-04:00,48.87219544915689,49.35607816906587,48.194757419192484,48.968971252441406,7816341,0.0,0.0
2019-06-12 00:00:00-04:00,48.77542895554461,50.27546345147928,48.485097786789716,49.743194580078125,11029015,0.0,0.0
2019-06-13 00:00:00-04:00,50.130300600358936,50.9045146235931,49.59803169993685,49.888362884521484,12462684,0.0,0.0
2019-06-14 00:00:00-04:00,49.74319261728988,50.0335200711018,49.25930982411637,49.501251220703125,6892891,0.0,0.0
2019-06-17 00:00:00-04:00,49.35609238585758,49.54964404817826,48.48510249843958,48.63026809692383,9239377,0.0,0.0
2019-06-18 00:00:00-04:00,48.920589437468465,50.46901735523188,48.82381361848,50.42062759399414,14759552,0.0,0.0
2019-06-19 00:00:00-04:00,50.662575837909856,51.34001406932751,49.98514130997972,50.03352737426758,12161930,0.0,0.0
2019-06-20 00:00:00-04:00,50.662587666162814,51.77551925344619,50.662587666162814,51.43680191040039,13234293,0.0,0.0
2019-06-21 00:00:00-04:00,51.63034402113706,51.823899397956836,50.56580241083522,50.710968017578125,13156947,0.0,0.0
2019-06-24 00:00:00-04:00,50.614184382855704,50.95290161074501,49.6948048174566,49.743194580078125,7343060,0.0,0.0
2019-06-25 00:00:00-04:00,49.646428741548654,49.74320829347224,48.87221825057686,49.452877044677734,7121838,0.0,0.0
2019-06-26 00:00:00-04:00,49.45286753365959,50.27546764238669,49.35609170383653,49.69480895996094,6847327,0.0,0.0
2019-06-27 00:00:00-04:00,49.54963856842606,50.51740417997808,49.54963856842606,50.3238525390625,6677849,0.0,0.0
2019-06-28 00:00:00-04:00,50.32386250972682,50.85664749145508,50.226993524063246,50.85664749145508,8832104,0.049841,0.0
2019-07-01 00:00:00-04:00,51.43786888690426,51.922221264867794,51.00195656590553,51.486305236816406,8010518,0.0,0.0
2019-07-02 00:00:00-04:00,51.48628728517237,51.92220316123363,51.19567670113152,51.43785095214844,6043516,0.0,0.0
2019-07-03 00:00:00-04:00,51.631601477823274,51.631601477823274,51.050383916598435,51.389427185058594,4449238,0.0,0.0
2019-07-05 00:00:00-04:00,51.05038916983462,51.09882180914022,50.226993524063246,50.85664749145508,6072809,0.0,0.0
2019-07-08 00:00:00-04:00,50.46916498141366,50.51760132502652,49.1129881378276,49.40359878540039,9659269,0.0,0.0
2019-07-09 00:00:00-04:00,49.01611335475105,49.839505149324964,48.62863377287752,49.64576721191406,7113732,0.0,0.0
2019-07-10 00:00:00-04:00,49.839511049707404,50.51760132502652,49.30672980522685,49.40359878540039,7845233,0.0,0.0
2019-07-11 00:00:00-04:00,49.500470682389974,49.936386679435515,48.919253060048305,48.96768569946289,6755455,0.0,0.0
2019-07-12 00:00:00-04:00,49.30672514612704,50.32385490241666,49.11298349703487,50.226985931396484,7864053,0.0,0.0
2019-07-15 00:00:00-04:00,49.64576485547253,50.081677047482295,49.40359059167786,49.74263381958008,8445819,0.0,0.0
2019-07-16 00:00:00-04:00,49.548898315647506,50.372290111425194,49.452025639748705,50.275421142578125,7931808,0.0,0.0
2019-07-17 00:00:00-04:00,50.22698574917803,50.22698574917803,48.3380241394043,48.3380241394043,10770776,0.0,0.0
2019-07-18 00:00:00-04:00,48.48333153822364,49.35515972591565,48.241157247589854,48.72550582885742,9059787,0.0,0.0
2019-07-19 00:00:00-04:00,48.82238471725612,49.35516600014863,48.580206688783704,48.62864303588867,6952842,0.0,0.0
2019-07-22 00:00:00-04:00,48.67707089795963,49.5488990445113,48.67707089795963,49.4520263671875,8692963,0.0,0.0
2019-07-23 00:00:00-04:00,49.79107890421738,51.728473355004645,49.74264256012682,51.583168029785156,14906960,0.0,0.0
2019-07-24 00:00:00-04:00,51.244113710808854,51.82533117951388,51.05037579025765,51.72846221923828,9008083,0.0,0.0
2019-07-25 00:00:00-04:00,51.48629433519784,51.6800322797194,50.178550234995804,50.51759719848633,9253562,0.0,0.0
2019-07-26 00:00:00-04:00,50.71133342822008,51.098813011212556,50.372290183246065,50.90507507324219,5420359,0.0,0.0
2019-07-29 00:00:00-04:00,50.85663866271227,51.24411824515228,50.275421142578125,50.275421142578125,7497670,0.0,0.0
2019-07-30 00:00:00-04:00,50.32386769623008,51.24413242250981,49.79108636664443,50.953521728515625,9091748,0.0,0.0
2019-07-31 00:00:00-04:00,52.115949708590605,52.261255024670696,48.67707329192031,50.61446762084961,34604621,0.0,0.0
2019-08-01 00:00:00-04:00,50.22698166462432,50.80819914842291,48.33802020846453,48.82237243652344,17640313,0.0,0.0
2019-08-02 00:00:00-04:00,48.483338646856154,48.82238566909613,47.563073983287296,48.434906005859375,12900213,0.0,0.0
2019-08-05 00:00:00-04:00,47.41776655273487,47.51463552993116,46.545938343864094,46.78811264038086,14093359,0.0,0.0
2019-08-06 00:00:00-04:00,47.03029759194222,47.22403559022752,45.91629483416952,46.35220718383789,13321830,0.0,0.0
2019-08-07 00:00:00-04:00,45.722535747378714,45.86784104438123,44.70540608246408,45.81940841674805,15406967,0.0,0.0
2019-08-08 00:00:00-04:00,46.06159055092127,46.158459529800176,45.14132598394131,45.964717864990234,9912773,0.0,0.0
2019-08-09 00:00:00-04:00,45.86785868741151,45.91629504072718,44.17263822010396,44.31794357299805,15393002,0.0,0.0
2019-08-12 00:00:00-04:00,43.785147490666574,44.02732178216529,43.3492315417377,43.83358383178711,13156727,0.0,0.0
2019-08-13 00:00:00-04:00,44.70540741022638,46.44905990488903,44.6085347379799,45.286624908447266,14852407,0.0,0.0
2019-08-14 00:00:00-04:00,44.75383916227212,45.044449759213364,43.39766255496553,43.7367057800293,17895704,0.0,0.0
2019-08-15 00:00:00-04:00,41.36340466827824,41.79932065725045,37.05269965938769,38.796356201171875,80465058,0.0,0.0
2019-08-16 00:00:00-04:00,40.73374325953353,42.62270478541932,40.54000532679985,42.57427215576172,49935166,0.0,0.0
2019-08-19 00:00:00-04:00,43.0102025395194,43.058638896704004,41.70246167312035,41.99306869506836,22398591,0.0,0.0
2019-08-20 00:00:00-04:00,41.55714088381775,41.65400985517881,40.34626947417495,40.588443756103516,20525588,0.0,0.0
2019-08-21 00:00:00-04:00,40.491581550833985,41.07279918317289,39.426011566651475,39.52288055419922,17105978,0.0,0.0
2019-08-22 00:00:00-04:00,39.619738409961194,40.2493922126891,39.280695195277374,39.668174743652344,13672704,0.0,0.0
2019-08-23 00:00:00-04:00,39.18383292471201,39.23226555962054,37.58548183168957,38.60261535644531,25801529,0.0,0.0
2019-08-26 00:00:00-04:00,39.0385258639486,39.23226380904206,38.36043564201775,38.99009323120117,11634356,0.0,0.0
2019-08-27 00:00:00-04:00,39.1838298655763,39.28069883488271,38.31200172771507,38.408870697021484,13255982,0.0,0.0
2019-08-28 00:00:00-04:00,38.36043323468383,38.69948017789808,37.58547779589096,38.457305908203125,11576392,0.0,0.0
2019-08-29 00:00:00-04:00,38.94165742153866,39.716616626566235,38.747915766755796,39.28070068359375,11785596,0.0,0.0
2019-08-30 00:00:00-04:00,39.42601245079482,40.00723009616775,39.28070711268846,39.958797454833984,9494847,0.0,0.0
2019-09-03 00:00:00-04:00,39.23226902258164,40.63688228584852,39.135400037162086,40.346275329589844,13572847,0.0,0.0
2019-09-04 00:00:00-04:00,40.73373843537557,42.9617429332052,40.685305811453915,42.62269973754883,18790362,0.0,0.0
2019-09-05 00:00:00-04:00,43.54296682664119,44.705405479942954,42.62270242939587,42.671138763427734,17433537,0.0,0.0
2019-09-06 00:00:00-04:00,42.71957531516853,42.71957531516853,41.50870032166401,42.186790466308594,8596517,0.0,0.0
2019-09-09 00:00:00-04:00,42.38053717163282,43.833586723536335,42.28366819005317,43.39767074584961,10023906,0.0,0.0
2019-09-10 00:00:00-04:00,43.1555055702915,44.89916243590031,43.1070692157262,44.269508361816406,12563304,0.0,0.0
2019-09-11 00:00:00-04:00,44.31794155390756,45.3350715637207,43.88202551508529,45.3350715637207,11455328,0.0,0.0
2019-09-12 00:00:00-04:00,45.52880203558224,46.110019570321626,44.656973879947245,44.850711822509766,13666384,0.0,0.0
2019-09-13 00:00:00-04:00,45.14164313736012,45.82046654073896,44.31736102209876,45.287105560302734,9146903,0.049841,0.0
2019-09-16 00:00:00-04:00,45.09315387782686,45.674999803579155,44.462819245320304,45.48105239868164,9178805,0.0,0.0
2019-09-17 00:00:00-04:00,45.09315405629724,45.52953757457365,44.85071794368595,45.38407516479492,7614962,0.0,0.0
2019-09-18 00:00:00-04:00,45.14163887352136,45.52953739437614,44.511304241014805,45.48105239868164,8079777,0.0,0.0
2019-09-19 00:00:00-04:00,45.33558942716981,46.062897753104124,45.28710072101697,45.67499923706055,6808664,0.0,0.0
2019-09-20 00:00:00-04:00,45.868954861548026,46.256853415739094,45.28710517473139,45.43256759643555,11542705,0.0,0.0
2019-09-23 00:00:00-04:00,44.70525957959237,45.52954169485373,44.608285867983994,45.287105560302734,6723554,0.0,0.0
2019-09-24 00:00:00-04:00,45.14164441639291,45.33559555616513,43.44459142645205,43.493080139160156,10702559,0.0,0.0
2019-09-25 00:00:00-04:00,43.444581372841604,44.608276809000884,43.3476076809265,44.41432571411133,8799802,0.0,0.0
2019-09-26 00:00:00-04:00,44.511309008220486,44.65677143300267,43.44459074491805,43.73551559448242,7469661,0.0,0.0
2019-09-27 00:00:00-04:00,43.832489013671875,44.46282370946513,43.59005287767909,43.832489013671875,6121624,0.0,0.0
2019-09-30 00:00:00-04:00,44.02642232296125,44.12339600405612,43.34760284423828,43.34760284423828,7040620,0.0,0.0
2019-10-01 00:00:00-04:00,43.44459255425948,43.83249113281344,41.2626672248363,41.74753952026367,13799506,0.0,0.0
2019-10-02 00:00:00-04:00,41.50508941702793,41.79601046982992,40.77777750737531,41.26265335083008,9534413,0.0,0.0
2019-10-03 00:00:00-04:00,41.214169714025985,42.23240280151367,40.00198923418804,42.23240280151367,11762643,0.0,0.0
2019-10-04 00:00:00-04:00,41.747532349285095,42.183915855787966,41.40811883193879,41.55358123779297,10487838,0.0,0.0
2019-10-07 00:00:00-04:00,41.45660772968423,41.941479944071915,41.11719792182479,41.505096435546875,6454560,0.0,0.0
2019-10-08 00:00:00-04:00,41.11720163925323,41.214175348686275,40.098968412556204,40.147457122802734,9129448,0.0,0.0
2019-10-09 00:00:00-04:00,40.29291487200652,40.583839704438454,39.95350504154254,40.48686599731445,6589067,0.0,0.0
2019-10-10 00:00:00-04:00,40.438372204540904,41.31114288105703,40.29290980661164,40.97173309326172,6128666,0.0,0.0
2019-10-11 00:00:00-04:00,41.65056319462446,43.25064241152655,41.60207448369467,42.668792724609375,11202546,0.0,0.0
2019-10-14 00:00:00-04:00,42.86274106750394,42.91122606421796,41.8929928894457,42.28089141845703,6832219,0.0,0.0
2019-10-15 00:00:00-04:00,42.377866704607435,43.2506374232631,41.74753209051947,43.10517501831055,7791583,0.0,0.0
2019-10-16 00:00:00-04:00,42.95970862463669,43.97794165370405,42.86273493402535,43.153656005859375,11605123,0.0,0.0
2019-10-17 00:00:00-04:00,43.25064302950123,44.07492514966465,43.05669189407092,43.832489013671875,6552993,0.0,0.0
2019-10-18 00:00:00-04:00,43.68701999220208,44.123403486661914,43.39609518852248,43.444583892822266,7827417,0.0,0.0
2019-10-21 00:00:00-04:00,43.59005635846852,44.22039110459579,42.47484930163726,42.62031173706055,12155530,0.0,0.0
2019-10-22 00:00:00-04:00,42.52332693425241,43.92945861816406,41.74753359825336,43.92945861816406,11459381,0.0,0.0
2019-10-23 00:00:00-04:00,43.54155908062728,44.36584481557852,43.29912297294978,44.31735610961914,9547274,0.0,0.0
2019-10-24 00:00:00-04:00,44.2203732099664,44.36583558652551,43.05667790855239,43.396087646484375,6848069,0.0,0.0
2019-10-25 00:00:00-04:00,43.25063982949487,44.07492188867173,43.25063982949487,43.6385383605957,8458780,0.0,0.0
2019-10-28 00:00:00-04:00,43.73551870961711,44.220391019386796,43.59005627447413,43.97795486450195,6371196,0.0,0.0
2019-10-29 00:00:00-04:00,43.687029994215976,44.31736473912864,43.29913140418815,43.97795486450195,9180931,0.0,0.0
2019-10-30 00:00:00-04:00,47.42054311286075,50.281291566841205,47.08113328572677,49.02062225341797,43326155,0.0,0.0
2019-10-31 00:00:00-04:00,48.729702856828126,49.50549624468234,47.808443337984954,48.390289306640625,17381933,0.0,0.0
2019-11-01 00:00:00-04:00,48.87516754852915,50.3782693948338,48.77819012336223,50.32978439331055,16462897,0.0,0.0
2019-11-04 00:00:00-05:00,50.52372463313394,53.093551813224686,50.52372463313394,52.99657440185547,19618249,0.0,0.0
2019-11-05 00:00:00-05:00,52.948096545338856,53.19053268432617,51.978351989389616,53.19053268432617,14321783,0.0,0.0
2019-11-06 00:00:00-05:00,52.99656951779082,53.82085517210649,52.31774996712309,53.43295669555664,15650118,0.0,0.0
2019-11-07 00:00:00-05:00,53.820859315205254,54.88757742453817,53.77237061025664,54.74211502075195,14261713,0.0,0.0
2019-11-08 00:00:00-05:00,54.45119104181417,56.00278127425986,54.014803853556074,55.85731887817383,12535897,0.0,0.0
2019-11-11 00:00:00-05:00,55.27547519240217,55.76034739117136,54.499678189947645,55.03303909301758,9144135,0.0,0.0
2019-11-12 00:00:00-05:00,54.88757577683729,56.14824495706031,54.74211337741779,55.3724479675293,9819738,0.0,0.0
2019-11-13 00:00:00-05:00,54.74211502075195,55.081528533273,54.2087578216153,54.74211502075195,10830626,0.0,0.0
2019-11-14 00:00:00-05:00,54.2087578216153,55.03303982832439,54.2087578216153,54.74211502075195,6177722,0.0,0.0
2019-11-15 00:00:00-05:00,54.98454821271706,56.00278127425986,54.93606322139466,55.85731887817383,7671582,0.0,0.0
2019-11-18 00:00:00-05:00,55.32396269908445,55.76034618410633,54.936064206254166,55.46942138671875,10226930,0.0,0.0
2019-11-19 00:00:00-05:00,55.42094325677384,56.00278921253395,54.59666117685868,55.760353088378906,9396375,0.0,0.0
2019-11-20 00:00:00-05:00,55.46943352266646,55.71187338090493,54.59666636167326,55.22699737548828,9367744,0.0,0.0
2019-11-21 00:00:00-05:00,54.936066885965595,56.34219481612257,54.83908947473297,55.90581130981445,8364300,0.0,0.0
2019-11-22 00:00:00-05:00,55.71186362994469,56.82707045398747,55.71186362994469,56.002784729003906,7720858,0.0,0.0
2019-11-25 00:00:00-05:00,56.53614143134228,57.40891208560879,56.09975795973871,56.14824295043945,11378143,0.0,0.0
2019-11-26 00:00:00-05:00,56.342193287482466,56.584629386867064,54.83908798687416,55.03303909301758,12879647,0.0,0.0
2019-11-27 00:00:00-05:00,55.22698722599961,55.614885732409654,54.59665632802535,54.74211502075195,9128706,0.0,0.0
2019-11-29 00:00:00-05:00,54.69362648867706,55.081524969993566,54.40270169992484,54.645137786865234,4562336,0.0,0.0
2019-12-02 00:00:00-05:00,54.839090404188234,55.857323550911204,54.01480837215807,54.11178207397461,13785963,0.0,0.0
2019-12-03 00:00:00-05:00,53.335987179132594,53.869344378960996,52.414727761331434,53.287498474121094,12850515,0.0,0.0
2019-12-04 00:00:00-05:00,54.160270317772046,54.208759023795984,52.70565366977023,52.851112365722656,8777551,0.0,0.0
2019-12-05 00:00:00-05:00,52.802632732767776,53.1420425762227,52.172298045745734,52.3177604675293,9484775,0.0,0.0
2019-12-06 00:00:00-05:00,52.85110990382073,53.86934299441471,52.60867380711354,53.820858001708984,10151591,0.0,0.0
2019-12-09 00:00:00-05:00,53.23900976910959,53.96631807792437,53.19052477515771,53.287498474121094,5356135,0.0,0.0
2019-12-10 00:00:00-05:00,53.287505810391,53.48145323501915,52.948095961761666,53.38447952270508,4971956,0.0,0.0
2019-12-11 00:00:00-05:00,53.19053268432617,53.77237867568368,53.09355897094328,53.19053268432617,7365872,0.0,0.0
2019-12-12 00:00:00-05:00,55.033037901696865,56.09975968474501,54.499677010172796,55.46942138671875,20039606,0.0,0.0
2019-12-13 00:00:00-05:00,55.760355216801734,56.24522748361983,54.93607310542299,54.98455810546875,10560930,0.0,0.0
2019-12-16 00:00:00-05:00,54.693635468880935,55.081534013886895,53.96632337758226,54.160274505615234,11137921,0.0,0.0
2019-12-17 00:00:00-05:00,54.063294098416165,54.451192595359565,53.72388059417849,53.820858001708984,8376439,0.0,0.0
2019-12-18 00:00:00-05:00,53.43296124795178,54.01480715681914,52.94808903871904,53.14203643798828,15133639,0.0,0.0
2019-12-19 00:00:00-05:00,53.239016712943524,54.06330253929087,53.239016712943524,53.52994155883789,9090163,0.0,0.0
2019-12-20 00:00:00-05:00,53.77259366500458,54.06378225581109,52.899031607009476,53.529937744140625,14775102,0.049841,0.0
2019-12-23 00:00:00-05:00,53.38434995153709,54.20937938268261,53.38434995153709,54.16084671020508,8834673,0.0,0.0
2019-12-24 00:00:00-05:00,53.869663056109275,54.354974934334614,53.82113038251685,54.30644226074219,4167022,0.0,0.0
2019-12-26 00:00:00-05:00,54.25790865685507,54.50056457519531,54.015249024090416,54.50056457519531,6092672,0.0,0.0
2019-12-27 00:00:00-05:00,54.20937519869995,54.40349844477798,54.01524823819755,54.25790786743164,6013441,0.0,0.0
2019-12-30 00:00:00-05:00,53.72406168442146,54.16084083161286,53.529934730006424,53.77259063720703,9659851,0.0,0.0
2019-12-31 00:00:00-05:00,53.38434995153709,54.16084671020508,53.1902229760516,54.16084671020508,11367670,0.0,0.0
2020-01-02 00:00:00-05:00,54.50056061517426,58.043337508407774,54.50056061517426,57.897743225097656,17540015,0.0,0.0
2020-01-03 00:00:00-05:00,56.15062586320383,58.237467459760786,55.95649890397508,58.09187316894531,17231837,0.0,0.0
2020-01-06 00:00:00-05:00,57.460976363607756,59.25662966953069,57.460976363607756,58.91691207885742,22461009,0.0,0.0
2020-01-07 00:00:00-05:00,58.96543342437484,59.40221256924855,57.84921551429017,58.48012161254883,14160793,0.0,0.0
2020-01-08 00:00:00-05:00,58.18892969567898,58.48011825181023,57.606556297840484,57.94627380371094,11115771,0.0,0.0
2020-01-09 00:00:00-05:00,58.57719790586818,58.67425954966289,57.41244703705615,57.800697326660156,7900488,0.0,0.0
2020-01-10 00:00:00-05:00,57.4609698537728,57.80068740595898,56.24769022851892,56.63593673706055,11767739,0.0,0.0
2020-01-13 00:00:00-05:00,56.975650143973375,58.96542994067268,56.68446158831162,58.8198356628418,13274420,0.0,0.0
2020-01-14 00:00:00-05:00,59.01395898823206,59.159553266304464,58.18892969838713,58.383056640625,9034667,0.0,0.0
2020-01-15 00:00:00-05:00,58.33452747298985,58.33452747298985,57.41243279954426,57.60655975341797,9239517,0.0,0.0
2020-01-16 00:00:00-05:00,57.94627985217129,58.14040310023879,57.363906393544376,57.460968017578125,7358067,0.0,0.0
2020-01-17 00:00:00-05:00,57.509495710850224,57.89774591289295,57.07271655506735,57.315372467041016,9345794,0.0,0.0
2020-01-21 00:00:00-05:00,56.97565637028299,57.26684495776588,56.344750240352994,56.587406158447266,8775485,0.0,0.0
2020-01-22 00:00:00-05:00,56.83006279781364,56.83006279781364,55.082938679591074,55.18000030517578,12428998,0.0,0.0
2020-01-23 00:00:00-05:00,56.92712309126383,57.50949654556859,56.296216968090185,57.121246337890625,14679157,0.0,0.0
2020-01-24 00:00:00-05:00,57.655092256310596,57.70362492637359,56.39327997891738,56.83006286621094,11912960,0.0,0.0
2020-01-27 00:00:00-05:00,55.568243204385,56.24768192285437,55.2285257023623,55.519710540771484,9602991,0.0,0.0
2020-01-28 00:00:00-05:00,55.90796767589735,57.3639069071366,55.66531175642822,56.9271240234375,12625782,0.0,0.0
2020-01-29 00:00:00-05:00,61.0037362040742,63.090581244005186,60.61548976489285,62.79939270019531,44278356,0.0,0.0
2020-01-30 00:00:00-05:00,62.55673944503761,63.04205122881473,60.66402125965242,61.78023910522461,19154638,0.0,0.0
2020-01-31 00:00:00-05:00,61.53758553291014,61.82877409992197,59.88752317721671,60.42136764526367,15646447,0.0,0.0
2020-02-03 00:00:00-05:00,60.46989491026995,61.53758003657764,59.45073873118035,59.499271392822266,10105766,0.0,0.0
2020-02-04 00:00:00-05:00,60.615493667220775,61.24639602871888,60.13017815815254,61.05227279663086,8905297,0.0,0.0
2020-02-05 00:00:00-05:00,61.92584393448914,62.41115951538086,61.003749159546906,62.41115951538086,10046658,0.0,0.0
2020-02-06 00:00:00-05:00,62.79939824181085,63.090586811316115,62.2655537691926,62.847930908203125,12763278,0.0,0.0
2020-02-07 00:00:00-05:00,63.18763957713434,63.52736078540737,62.16848709558692,62.26554870605469,13369743,0.0,0.0
2020-02-10 00:00:00-05:00,62.31408735285175,62.9449897386931,61.97436982637774,62.65380859375,6720424,0.0,0.0
2020-02-11 00:00:00-05:00,62.847929286378026,62.99351985294943,62.022896265544944,62.36261749267578,8202487,0.0,0.0
2020-02-12 00:00:00-05:00,62.84792451333299,64.35239244532136,62.5082033120026,63.86708068847656,13184414,0.0,0.0
2020-02-13 00:00:00-05:00,63.47882768318654,63.867081551215605,62.60526948060464,62.79939270019531,10234936,0.0,0.0
2020-02-14 00:00:00-05:00,62.944983693752974,63.430302889363475,61.877302264183605,62.26554870605469,7416954,0.0,0.0
2020-02-18 00:00:00-05:00,61.68317713610122,62.847927639112555,61.489053909477995,61.87730407714844,8820688,0.0,0.0
2020-02-19 00:00:00-05:00,61.6346590114071,62.79940978917479,61.100818155052,61.197879791259766,11010597,0.0,0.0
2020-02-20 00:00:00-05:00,61.39198949179374,61.53758377113139,60.22724268594063,60.80961608886719,7937566,0.0,0.0
2020-02-21 00:00:00-05:00,60.421372119621246,60.46990478919191,59.305154149315975,59.450748443603516,8611565,0.0,0.0
2020-02-24 00:00:00-05:00,56.73299604555446,58.52864895709306,56.296213198256446,57.55802536010742,14240786,0.0,0.0
2020-02-25 00:00:00-05:00,58.09187020819301,58.23746449158802,54.25790474610364,54.937339782714844,16269102,0.0,0.0
2020-02-26 00:00:00-05:00,55.17999425741672,56.00502355609974,52.41371408767947,53.141685485839844,18682881,0.0,0.0
2020-02-27 00:00:00-05:00,51.540152809305695,53.14168619211965,50.03568847157665,50.42393493652344,18910102,0.0,0.0
2020-02-28 00:00:00-05:00,48.28855626000913,54.30642790193706,47.85177717086211,52.80195999145508,30359552,0.0,0.0
2020-03-02 00:00:00-05:00,54.40349578857422,55.03440187916093,52.219592661913886,54.40349578857422,25039892,0.0,0.0
2020-03-03 00:00:00-05:00,54.59761643765091,55.228522455415096,51.78280383088035,52.80195999145508,21919391,0.0,0.0
2020-03-04 00:00:00-05:00,53.67552622525871,53.96671478452286,51.928402298521924,53.141685485839844,16665500,0.0,0.0
2020-03-05 00:00:00-05:00,51.44309640539318,52.074002546492615,48.28856569989601,48.91947555541992,21686251,0.0,0.0
2020-03-06 00:00:00-05:00,47.316354907131426,47.41351292222569,44.5959044576997,45.66465377807617,29787216,0.049841,0.0
2020-03-09 00:00:00-04:00,40.466652975524326,42.06977307013519,39.397903767041896,39.883697509765625,24558063,0.0,0.0
2020-03-10 00:00:00-04:00,42.65273147808642,42.9927864074707,39.6408068283913,42.9927864074707,19850767,0.0,0.0
2020-03-11 00:00:00-04:00,41.875453342178034,42.06977307013519,39.64080063840376,39.883697509765625,20746329,0.0,0.0
2020-03-12 00:00:00-04:00,35.12290954589844,37.7947784820632,33.17973484186026,35.12290954589844,31583435,0.0,0.0
2020-03-13 00:00:00-04:00,37.89194881651688,39.05785624958832,34.92860494033796,38.13484573364258,22099041,0.0,0.0
2020-03-16 00:00:00-04:00,33.95701750225716,34.73428541146562,32.30531622372638,32.35389709472656,23255932,0.0,0.0
2020-03-17 00:00:00-04:00,33.56837739952965,35.60871423102545,30.605032022815355,34.39422607421875,24121739,0.0,0.0
2020-03-18 00:00:00-04:00,31.625195673342905,33.033999723634835,28.661854287054748,32.06241226196289,27873844,0.0,0.0
2020-03-19 00:00:00-04:00,31.0908165332796,33.56836739621026,29.87633245650022,31.479454040527344,19861762,0.0,0.0
2020-03-20 00:00:00-04:00,34.054170196226025,34.248486213586794,31.33372364449774,31.673778533935547,25306037,0.0,0.0
2020-03-23 00:00:00-04:00,31.33372107177994,32.208150514332466,29.293384466453187,29.68202018737793,21193467,0.0,0.0
2020-03-24 00:00:00-04:00,32.353894234750584,34.29706941317179,31.430883794132605,34.05417251586914,23974833,0.0,0.0
2020-03-25 00:00:00-04:00,36.19167277581829,38.863539039845094,33.81128060063527,36.72604751586914,27665082,0.0,0.0
2020-03-26 00:00:00-04:00,37.066095687687046,40.32091696931211,36.483143898688525,39.44648742675781,24714600,0.0,0.0
2020-03-27 00:00:00-04:00,37.30899101651657,38.231997667333694,36.628877526024006,37.017513275146484,18719196,0.0,0.0
2020-03-30 00:00:00-04:00,36.62888423380878,38.572063335272254,35.70587741396301,38.329166412353516,17425331,0.0,0.0
2020-03-31 00:00:00-04:00,38.232000997425075,39.73796326215499,37.98910781594399,38.572059631347656,24307107,0.0,0.0
2020-04-01 00:00:00-04:00,36.53172816835429,36.677467073547795,34.005597059970356,34.19991683959961,19974760,0.0,0.0
2020-04-02 00:00:00-04:00,34.102742171083456,35.90017787658211,32.88825436572755,33.5197868347168,19561750,0.0,0.0
2020-04-03 00:00:00-04:00,34.15132413452585,34.248482131626304,31.965252468259536,32.69394302368164,19622924,0.0,0.0
2020-04-06 00:00:00-04:00,34.34564189515052,35.46296809359493,33.71410937271566,35.12290954589844,19672140,0.0,0.0
2020-04-07 00:00:00-04:00,37.35756943222134,37.64904718350734,34.00559016488434,34.151329040527344,19278732,0.0,0.0
2020-04-08 00:00:00-04:00,34.88001905653273,35.851606585393995,34.297067282838555,35.462974548339844,18589124,0.0,0.0
2020-04-09 00:00:00-04:00,36.19166544497006,36.62887834873239,34.44280639369482,34.68570327758789,25701070,0.0,0.0
2020-04-13 00:00:00-04:00,34.63711586887992,34.63711586887992,32.839680011319416,34.102745056152344,18874790,0.0,0.0
2020-04-14 00:00:00-04:00,34.4913795386536,35.17148917410253,33.228314537834564,33.66552734375,21481602,0.0,0.0
2020-04-15 00:00:00-04:00,32.69395438141387,32.69395438141387,30.847935063700355,31.576627731323242,27732155,0.0,0.0
2020-04-16 00:00:00-04:00,31.47945804187007,31.770932026479127,30.119233100301113,30.31355094909668,33241115,0.0,0.0
2020-04-17 00:00:00-04:00,31.43088481710573,33.71411870055303,30.79935211994187,33.22832489013672,33287181,0.0,0.0
2020-04-20 00:00:00-04:00,32.11099972783702,32.791109603667536,31.38230526357083,31.625202178955078,20001786,0.0,0.0
2020-04-21 00:00:00-04:00,31.042237542019617,31.965247671239098,30.60502290256785,31.479454040527344,15539929,0.0,0.0
2020-04-22 00:00:00-04:00,32.01383630853287,32.256736929293965,31.090827706659752,31.236568450927734,15398901,0.0,0.0
2020-04-23 00:00:00-04:00,31.382300789781475,32.74252406564562,31.236565635817357,31.673778533935547,16611930,0.0,0.0
2020-04-24 00:00:00-04:00,32.01383134078638,32.06241220102272,30.36213228727215,30.41071128845215,31222349,0.0,0.0
2020-04-27 00:00:00-04:00,30.993669689223267,31.430884485800707,30.75077278657543,31.236568450927734,21475783,0.0,0.0
2020-04-28 00:00:00-04:00,31.91667036374609,33.616948259971934,31.91667036374609,33.03399658203125,28223273,0.0,0.0
2020-04-29 00:00:00-04:00,32.45105336327226,33.51979900444427,31.67378177799445,31.965259552001953,45188986,0.0,0.0
2020-04-30 00:00:00-04:00,31.86809322614989,33.13115457533598,31.139400840139793,33.03399658203125,35254082,0.0,0.0
2020-05-01 00:00:00-04:00,32.40247657074196,32.74253153778334,31.139412874372262,31.576627731323242,24151935,0.0,0.0
2020-05-04 00:00:00-04:00,30.605032851030682,30.653611858081742,29.87634216809508,30.167818069458008,27457604,0.0,0.0
2020-05-05 00:00:00-04:00,30.507869795381016,31.382297354967147,29.924916229934002,30.119234085083008,23474184,0.0,0.0
2020-05-06 00:00:00-04:00,30.119236795631345,30.36213367166278,29.001910422264178,29.05048942565918,23525367,0.0,0.0
2020-05-07 00:00:00-04:00,29.43912332656404,30.410710769819598,29.43912332656404,29.68202018737793,20196745,0.0,0.0
2020-05-08 00:00:00-04:00,30.16781793208211,30.750771591209922,29.924921038876327,30.556453704833984,18787072,0.0,0.0
2020-05-11 00:00:00-04:00,30.313554605632085,30.362133608926708,29.779181851278366,30.07065773010254,14414337,0.0,0.0
2020-05-12 00:00:00-04:00,30.21639517506405,30.50787104015212,29.147647857666016,29.147647857666016,19191335,0.0,0.0
2020-05-13 00:00:00-04:00,29.1476478700488,29.244805872100656,26.621517508024574,28.127479553222656,47299141,0.0,0.0
2020-05-14 00:00:00-04:00,27.3016280369746,28.661853026154816,26.62151647191262,27.690263748168945,28130338,0.0,0.0
2020-05-15 00:00:00-04:00,27.253056806077343,27.49595373004532,26.62152406013788,26.670103073120117,25779038,0.0,0.0
2020-05-18 00:00:00-04:00,27.884582145286625,31.528036896085055,27.884582145286625,30.459291458129883,51073738,0.0,0.0
2020-05-19 00:00:00-04:00,30.55645384397962,30.945089618501235,29.584864407675585,30.167818069458008,21766084,0.0,0.0
2020-05-20 00:00:00-04:00,30.750773474886156,31.43088518933473,30.556455576607036,31.18798828125,18315596,0.0,0.0
2020-05-21 00:00:00-04:00,31.187976374855527,31.819508838403188,30.750761735403756,31.479454040527344,19827132,0.0,0.0
2020-05-22 00:00:00-04:00,31.47946681383631,31.47946681383631,30.459298288146787,31.1394100189209,13961540,0.0,0.0
2020-05-26 00:00:00-04:00,32.98541944443505,33.714109971388986,32.98541944443505,33.03399658203125,25984590,0.0,0.0
2020-05-27 00:00:00-04:00,35.22006697502809,36.094496229191705,34.44279570063559,35.41438293457031,29644242,0.0,0.0
2020-05-28 00:00:00-04:00,36.38598107350083,36.38598107350083,32.742524136178034,32.93684387207031,27831269,0.0,0.0
2020-05-29 00:00:00-04:00,31.868106039893057,32.64537401697234,31.28515040944131,31.916683197021484,25942336,0.0,0.0
2020-06-01 00:00:00-04:00,31.96525036541323,33.13115369014421,31.528033830054937,32.83967971801758,15083601,0.0,0.0
2020-06-02 00:00:00-04:00,33.519802403776154,34.880025956899544,33.325486346807246,34.24849319458008,22787385,0.0,0.0
2020-06-03 00:00:00-04:00,35.074334424075815,36.04592183190957,34.88001471164158,35.75444412231445,24642090,0.0,0.0
2020-06-04 00:00:00-04:00,35.511550125365275,37.649044825314405,34.8314403724481,37.600467681884766,25118482,0.0,0.0
2020-06-05 00:00:00-04:00,41.04960600796327,41.58398062892964,38.03768173431707,38.28057861328125,33669153,0.0,0.0
2020-06-08 00:00:00-04:00,39.93228286638451,41.632561157314676,39.39790820198976,41.09818649291992,31792699,0.0,0.0
2020-06-09 00:00:00-04:00,39.786542030814324,39.883700041904895,38.37773785660558,38.960693359375,23603936,0.0,0.0
2020-06-10 00:00:00-04:00,38.71779596952502,38.76637311538263,36.531720298769784,36.968936920166016,23465356,0.0,0.0
2020-06-11 00:00:00-04:00,34.297066107610654,35.70587020705299,33.22832060610763,33.762691497802734,24979842,0.0,0.0
2020-06-12 00:00:00-04:00,35.65729041351045,36.09450703048538,34.394225144177874,35.22007751464844,20261430,0.0,0.0
2020-06-15 00:00:00-04:00,33.76270049931973,35.705879726643495,33.276906622017236,35.171504974365234,20497800,0.0,0.0
2020-06-16 00:00:00-04:00,37.5518992553946,37.60048013302424,35.41440384762861,36.28883361816406,19694772,0.0,0.0
2020-06-17 00:00:00-04:00,36.43457054259723,36.58030944941074,34.97718891068976,35.171504974365234,15090141,0.0,0.0
2020-06-18 00:00:00-04:00,34.63712353373911,35.56013395325096,34.10275260276043,35.365814208984375,15729550,0.0,0.0
2020-06-19 00:00:00-04:00,36.04593366771191,36.191672570363316,34.44281317477377,34.73428726196289,17792356,0.0,0.0
2020-06-22 00:00:00-04:00,34.83144961669559,34.88002677301758,33.81128099845487,34.19991683959961,15707761,0.0,0.0
2020-06-23 00:00:00-04:00,34.44280127367874,34.6371172646624,33.85984958261533,34.005584716796875,16168082,0.0,0.0
2020-06-24 00:00:00-04:00,33.519800884554016,33.519800884554016,31.673783554561954,31.72236442565918,29025298,0.0,0.0
2020-06-25 00:00:00-04:00,31.57661287285626,32.54820016042771,31.187977214205276,32.45104217529297,14836396,0.0,0.0
2020-06-26 00:00:00-04:00,32.20777872220307,32.35373605335031,31.38069214395042,31.526649475097656,17938840,0.049841,0.0
2020-06-29 00:00:00-04:00,31.96452511284523,33.083526611328125,31.62396041079056,33.083526611328125,15103383,0.0,0.0
2020-06-30 00:00:00-04:00,32.64564756937794,33.42408411134953,32.402386615472565,33.22947311401367,13947676,0.0,0.0
2020-07-01 00:00:00-04:00,33.71600092394709,34.105219263067134,32.64565328413191,32.79160690307617,24202957,0.0,0.0
2020-07-02 00:00:00-04:00,33.37543146847267,34.25117167448907,33.13217050700622,33.18082046508789,14877567,0.0,0.0
2020-07-06 00:00:00-04:00,33.95926448454663,34.445786514260114,33.52139614727923,34.05656814575195,15133900,0.0,0.0
2020-07-07 00:00:00-04:00,33.52140704877028,33.52140704877028,32.840273751448045,32.8889274597168,12526487,0.0,0.0
2020-07-08 00:00:00-04:00,33.180827644691206,33.42409238248084,32.69430561648563,33.37543869018555,12928884,0.0,0.0
2020-07-09 00:00:00-04:00,33.22948894265572,33.22948894265572,32.01318359375,32.01318359375,14997186,0.0,0.0
2020-07-10 00:00:00-04:00,31.81857190688434,32.69431248640753,31.769921928053265,32.54835510253906,12725057,0.0,0.0
2020-07-13 00:00:00-04:00,32.88891481204882,33.1808257783407,32.30508915577843,32.59700012207031,13742084,0.0,0.0
2020-07-14 00:00:00-04:00,32.402396218378016,33.52139768271176,31.96452413736723,33.47274398803711,13946091,0.0,0.0
2020-07-15 00:00:00-04:00,34.49444797576461,35.078273798176376,34.20253320271488,34.737709045410156,18022606,0.0,0.0
2020-07-16 00:00:00-04:00,34.34848890609819,34.932314699901376,34.00792417002029,34.299835205078125,10502384,0.0,0.0
2020-07-17 00:00:00-04:00,34.34847918628295,34.78634747680699,33.95926085932466,34.397132873535156,12029771,0.0,0.0
2020-07-20 00:00:00-04:00,34.105220667862206,34.34848167437134,33.37543764833481,33.42409133911133,9844356,0.0,0.0
2020-07-21 00:00:00-04:00,33.764667999673044,34.78636235579526,33.57005689111068,34.251190185546875,14019625,0.0,0.0
2020-07-22 00:00:00-04:00,34.007923128357504,34.4944452289059,33.57005100365151,34.348487854003906,13143364,0.0,0.0
2020-07-23 00:00:00-04:00,34.34849387798403,34.64040867898355,33.910625400172805,34.251190185546875,13769391,0.0,0.0
2020-07-24 00:00:00-04:00,34.15387542478921,34.5917437606995,33.180827644691206,33.37543869018555,13131567,0.0,0.0
2020-07-27 00:00:00-04:00,33.278135985267305,33.32678595527333,32.548349198307406,32.64565658569336,14185812,0.0,0.0
2020-07-28 00:00:00-04:00,32.597013661298284,33.86197287835939,32.54835995153125,33.52140808105469,15255125,0.0,0.0
2020-07-29 00:00:00-04:00,34.00791654790052,34.056566514329255,31.721260138836094,32.061824798583984,29782982,0.0,0.0
2020-07-30 00:00:00-04:00,31.623955758332723,31.67260572364773,30.456300735473633,30.456300735473633,25586567,0.0,0.0
2020-07-31 00:00:00-04:00,30.407654247309942,30.60226345195606,29.191349045576228,29.53191375732422,28609840,0.0,0.0
2020-08-03 00:00:00-04:00,29.872479812089214,30.115740848210987,29.288652208290802,29.72652244567871,18011050,0.0,0.0
2020-08-04 00:00:00-04:00,29.677867397563233,30.164389417130433,29.677867397563233,29.87247657775879,14253587,0.0,0.0
2020-08-05 00:00:00-04:00,30.018434435052026,31.137435913085938,29.872478934771646,31.137435913085938,21286984,0.0,0.0
2020-08-06 00:00:00-04:00,30.79686737060547,31.234737540441973,30.55360637201222,30.79686737060547,14027650,0.0,0.0
2020-08-07 00:00:00-04:00,30.602262021704146,31.429348775490233,30.40765282615344,31.137435913085938,16665861,0.0,0.0
2020-08-10 00:00:00-04:00,31.283390884405698,32.59699951757552,31.04012802665369,32.45104217529297,18929062,0.0,0.0
2020-08-11 00:00:00-04:00,33.42408722270172,34.05656278278231,32.548343238698756,32.74295425415039,18687596,0.0,0.0
2020-08-12 00:00:00-04:00,33.42409218152949,33.47274214984545,32.013176074003866,32.694305419921875,14073295,0.0,0.0
2020-08-13 00:00:00-04:00,32.0618275678892,32.88891802917027,32.0618275678892,32.11048126220703,10719714,0.0,0.0
2020-08-14 00:00:00-04:00,31.81857144348783,32.69431201025699,31.478006701879703,32.402400970458984,10111524,0.0,0.0
2020-08-17 00:00:00-04:00,32.4510427339054,32.54834638920657,31.380695078219343,31.477998733520508,11843460,0.0,0.0
2020-08-18 00:00:00-04:00,31.575305626480073,31.964524011280908,31.186089103522747,31.33204460144043,8564375,0.0,0.0
2020-08-19 00:00:00-04:00,31.47800275100958,31.96452481329609,30.894175159159634,31.040132522583008,10907008,0.0,0.0
2020-08-20 00:00:00-04:00,30.79687005044115,31.040131070202122,30.213042485908744,30.50495719909668,12793394,0.0,0.0
2020-08-21 00:00:00-04:00,30.407649244731196,31.0401285903165,30.310345589338066,30.699562072753906,12008403,0.0,0.0
2020-08-24 00:00:00-04:00,30.894171188393024,32.305089083737236,30.650910188515624,32.25643539428711,20622516,0.0,0.0
2020-08-25 00:00:00-04:00,32.353739491903134,32.59700049510686,31.526652825747778,32.061824798583984,13934033,0.0,0.0
2020-08-26 00:00:00-04:00,32.20777872220307,32.20777872220307,31.33203845900591,31.526649475097656,11497281,0.0,0.0
2020-08-27 00:00:00-04:00,31.721256767503125,32.25643240714758,31.38069214395042,31.526649475097656,14724301,0.0,0.0
2020-08-28 00:00:00-04:00,31.672615668802703,32.207791521118374,31.478008299063053,32.159141540527344,11870004,0.0,0.0
2020-08-31 00:00:00-04:00,31.67260669204057,32.54834705503908,30.456301666677835,30.84552001953125,28464920,0.0,0.0
2020-09-01 00:00:00-04:00,30.504960143661513,31.13743773898538,29.92113252277374,30.115741729736328,18695642,0.0,0.0
2020-09-02 00:00:00-04:00,30.164391308881438,31.380698295923164,30.01843394912025,31.33204460144043,16816680,0.0,0.0
2020-09-03 00:00:00-04:00,31.08878317681258,32.35374198023485,30.553609300972724,30.74821662902832,18884902,0.0,0.0
2020-09-04 00:00:00-04:00,31.283400636807254,31.91588016807874,30.456310013928075,31.2347469329834,17992270,0.0,0.0
2020-09-08 00:00:00-04:00,30.748215095873714,30.94282613791266,29.823824748170747,29.87247657775879,24206006,0.0,0.0
2020-09-09 00:00:00-04:00,30.164391066446672,30.164391066446672,29.28865063860498,29.96978187561035,21878280,0.0,0.0
2020-09-10 00:00:00-04:00,30.018431898747995,30.164389248539745,29.19134521484375,29.19134521484375,19526919,0.0,0.0
2020-09-11 00:00:00-04:00,29.385957932519624,29.434609767694255,28.85078216006788,28.948087692260742,14429505,0.0,0.0
2020-09-14 00:00:00-04:00,29.142694342312712,29.969782968054844,28.99673884024779,29.921131134033203,14847532,0.0,0.0
2020-09-15 00:00:00-04:00,30.018434493244214,30.261697384536827,29.288651404896996,29.67786979675293,17325133,0.0,0.0
2020-09-16 00:00:00-04:00,29.677861388576247,33.132170379414674,29.4346004280466,32.84025573730469,51360267,0.0,0.0
2020-09-17 00:00:00-04:00,33.13218361747175,34.932314699901376,32.45105042162844,34.299835205078125,52374245,0.0,0.0
2020-09-18 00:00:00-04:00,33.667351319361664,34.73770281270778,33.424094017049484,33.47274398803711,29148649,0.0,0.0
2020-09-21 00:00:00-04:00,32.256436939613856,32.35374059948907,30.31034698551894,30.89417266845703,32651524,0.0,0.0
2020-09-22 00:00:00-04:00,31.137434965979836,32.013177250242364,30.21304271161383,30.407651901245117,28269901,0.0,0.0
2020-09-23 00:00:00-04:00,30.5536110855989,31.234742359108584,29.677870610823074,29.72652244567871,17785373,0.0,0.0
2020-09-24 00:00:00-04:00,29.677872227615136,30.067090651351265,29.191350128866823,29.48326301574707,19154738,0.0,0.0
2020-09-25 00:00:00-04:00,29.531994529562937,30.06805302991917,29.337063657182203,29.775657653808594,16006529,0.049841,0.0
2020-09-28 00:00:00-04:00,30.360449179836824,30.750309045666203,30.116786064348094,30.214250564575195,16711586,0.0,0.0
2020-09-29 00:00:00-04:00,30.262984415440158,30.360450785743694,29.531995030308508,29.824390411376953,14761158,0.0,0.0
2020-09-30 00:00:00-04:00,29.921854861365016,30.652844199583463,29.921854861365016,30.360448837280273,19417934,0.0,0.0
2020-10-01 00:00:00-04:00,30.55537829438443,30.6528427890268,29.775654877561973,30.4091796875,15885525,0.0,0.0
2020-10-02 00:00:00-04:00,29.483265089830862,31.188907122235694,29.483265089830862,31.140174865722656,18072625,0.0,0.0
2020-10-05 00:00:00-04:00,31.140174005604184,31.432571266448587,30.799044489592777,31.237640380859375,11693825,0.0,0.0
2020-10-06 00:00:00-04:00,31.335103863704425,32.06609321849856,29.775656922936662,30.068052291870117,34121508,0.0,0.0
2020-10-07 00:00:00-04:00,30.311711234890456,31.188897166895405,30.26297712901188,30.750303268432617,16710242,0.0,0.0
2020-10-08 00:00:00-04:00,30.993976205603012,32.504687254883635,30.896509833601,32.407222747802734,20699139,0.0,0.0
2020-10-09 00:00:00-04:00,34.45398842017017,34.45398842017017,32.6508786539575,33.33313751220703,34410686,0.0,0.0
2020-10-12 00:00:00-04:00,33.72300068710671,33.72300068710671,32.84581272172319,33.28440856933594,17863963,0.0,0.0
2020-10-13 00:00:00-04:00,33.08947572878562,33.235670597851964,32.4559509534125,32.74834442138672,15105450,0.0,0.0
2020-10-14 00:00:00-04:00,32.74834204132536,33.576799464979445,32.74834204132536,33.23566818237305,19652097,0.0,0.0
2020-10-15 00:00:00-04:00,32.65088578201055,33.5280738027791,32.21229363654738,33.47934341430664,17907361,0.0,0.0
2020-10-16 00:00:00-04:00,33.91793060650368,35.81850499558877,33.82046611394996,35.52610778808594,33937143,0.0,0.0
2020-10-19 00:00:00-04:00,36.01343398069621,36.40329568075277,35.2337105805831,35.52610778808594,26250714,0.0,0.0
2020-10-20 00:00:00-04:00,35.8185056880676,36.15963328352149,35.42864398047386,35.769771575927734,19746677,0.0,0.0
2020-10-21 00:00:00-04:00,35.47736575994751,36.110890414935206,35.428635389465896,35.672298431396484,14809210,0.0,0.0
2020-10-22 00:00:00-04:00,35.721045441525085,37.76781498748899,35.672311323589824,37.62161636352539,19214348,0.0,0.0
2020-10-23 00:00:00-04:00,38.644996255457805,39.132322430372774,36.841890154240716,37.18301773071289,26597033,0.0,0.0
2020-10-26 00:00:00-04:00,36.35456047987487,36.84189038771974,35.47737261350059,35.964698791503906,20917251,0.0,0.0
2020-10-27 00:00:00-04:00,36.06217572568761,36.06217572568761,34.55146271686497,34.600196838378906,19696497,0.0,0.0
2020-10-28 00:00:00-04:00,36.59822946048935,38.303871184249196,36.11089952385905,36.15963363647461,50860201,0.0,0.0
2020-10-29 00:00:00-04:00,37.32922202409326,37.719083769470764,35.623576421836425,35.91597366333008,24738095,0.0,0.0
2020-10-30 00:00:00-04:00,35.76977192507543,36.744424338652486,35.52610882168117,36.15963363647461,20539191,0.0,0.0
2020-11-02 00:00:00-05:00,36.54949671312821,36.93935843909011,35.72104287661035,36.6469612121582,21844975,0.0,0.0
2020-11-03 00:00:00-05:00,37.28048594986695,38.596266007820866,36.74442561188777,38.2551383972168,19636808,0.0,0.0
2020-11-04 00:00:00-05:00,37.475414947400154,39.08359596133769,36.69569522742542,38.2551383972168,25465824,0.0,0.0
2020-11-05 00:00:00-05:00,38.742460481926656,39.22979038338067,38.54753150521825,38.93739318847656,17215987,0.0,0.0
2020-11-06 00:00:00-05:00,39.083596959540884,39.66838769691809,38.791199725931286,39.42472457885742,16878656,0.0,0.0
2020-11-09 00:00:00-05:00,45.565040444259495,45.85743394846663,41.958824053635446,42.49488067626953,38779589,0.0,0.0
2020-11-10 00:00:00-05:00,42.98221259654685,44.346723137882435,42.641081231370784,43.761932373046875,33051594,0.0,0.0
2020-11-11 00:00:00-05:00,44.39545060342534,44.444184713960134,43.03093653670883,43.323333740234375,17543666,0.0,0.0
2020-11-12 00:00:00-05:00,42.68981170654297,43.225868307800326,42.25121587295947,42.68981170654297,15954303,0.0,0.0
2020-11-13 00:00:00-05:00,43.17713484757017,45.07770919799805,43.12840073736372,45.07770919799805,26078809,0.0,0.0
2020-11-16 00:00:00-05:00,46.83208634227748,46.97828121756725,45.90616432967261,46.63715362548828,23830013,0.0,0.0
2020-11-17 00:00:00-05:00,46.05236668266731,47.46561500749651,45.46757594439131,47.1732177734375,18127238,0.0,0.0
2020-11-18 00:00:00-05:00,48.58647851055677,48.97634034561867,47.416893005371094,47.416893005371094,29867932,0.0,0.0
2020-11-19 00:00:00-05:00,46.88082332874638,47.56308233886388,46.344766674199306,47.07575607299805,17490999,0.0,0.0
2020-11-20 00:00:00-05:00,46.97828536186943,47.90420745615673,46.73462224176888,47.563079833984375,16078116,0.0,0.0
2020-11-23 00:00:00-05:00,48.050397461585376,50.04843618021629,48.050397461585376,49.07378387451172,21708341,0.0,0.0
2020-11-24 00:00:00-05:00,52.192674357815726,52.87492949120757,50.681961766937675,50.92562484741211,35369990,0.0,0.0
2020-11-25 00:00:00-05:00,51.315491057124355,51.46168966429754,50.38956903158869,51.16929244995117,22044528,0.0,0.0
2020-11-27 00:00:00-05:00,51.41295803022499,51.46169214491244,50.24337657614553,50.681968688964844,10865436,0.0,0.0
2020-11-30 00:00:00-05:00,50.63323078574742,50.63323078574742,48.53772741829178,49.60984802246094,25100464,0.0,0.0
2020-12-01 00:00:00-05:00,50.3408415278121,51.071830875637595,49.26872083379448,49.463653564453125,17408658,0.0,0.0
2020-12-02 00:00:00-05:00,49.12251411679429,51.07181857483296,48.78138285276467,50.828155517578125,15496290,0.0,0.0
2020-12-03 00:00:00-05:00,50.68196759172204,52.14394624259113,50.633233478089664,51.656620025634766,18348801,0.0,0.0
2020-12-04 00:00:00-05:00,51.99775437203871,53.264804192310486,51.21803456173805,53.021141052246094,27090138,0.0,0.0
2020-12-07 00:00:00-05:00,53.06987033910485,54.093256926112076,52.43634548666429,52.92367172241211,19542810,0.0,0.0
2020-12-08 00:00:00-05:00,52.728744078996804,53.75213076476987,52.582549178036956,53.41100311279297,18735107,0.0,0.0
2020-12-09 00:00:00-05:00,53.605925776193075,55.99382635035859,53.605925776193075,55.50649642944336,25307401,0.0,0.0
2020-12-10 00:00:00-05:00,53.99579326780849,55.94510210572208,53.89832875837338,55.16537857055664,19195227,0.0,0.0
2020-12-11 00:00:00-05:00,54.97045281517349,55.60397775887624,53.70340292776798,54.385658264160156,17853791,0.0,0.0
2020-12-14 00:00:00-05:00,54.921707169197745,55.31156887812663,52.582540645466196,52.777469635009766,15913996,0.0,0.0
2020-12-15 00:00:00-05:00,53.36226711432711,54.33691957745448,51.90028468979409,54.14198684692383,17377921,0.0,0.0
2020-12-16 00:00:00-05:00,54.239461296698195,54.33692954476361,53.11861001252967,53.264808654785156,11800604,0.0,0.0
2020-12-17 00:00:00-05:00,53.3135383122603,53.5572014523247,52.6312792821746,53.021141052246094,12528955,0.0,0.0
2020-12-18 00:00:00-05:00,52.58212532899135,54.240560629766996,52.387017050440015,52.728458404541016,23023775,0.049841,0.0
2020-12-21 00:00:00-05:00,51.07002853504206,53.0211301944159,50.533475112055164,52.533355712890625,17218374,0.0,0.0
2020-12-22 00:00:00-05:00,52.24069275503965,52.484580010855375,51.1675858428321,51.7529182434082,17858164,0.0,0.0
2020-12-23 00:00:00-05:00,52.09436376672164,53.55768741711662,51.80169754333335,52.97235870361328,12139419,0.0,0.0
2020-12-24 00:00:00-05:00,52.92357373912214,52.92357373912214,51.80169165469635,51.94802474975586,6029070,0.0,0.0
2020-12-28 00:00:00-05:00,52.1919124901284,52.5821328362157,51.606583837633885,51.89925003051758,10793588,0.0,0.0
2020-12-29 00:00:00-05:00,51.99681158655812,52.53336510547691,51.411482850729776,51.509037017822266,10640944,0.0,0.0
2020-12-30 00:00:00-05:00,51.606588302771726,52.92357881815209,51.46025519366876,52.24069595336914,10156427,0.0,0.0
2020-12-31 00:00:00-05:00,51.94802950568765,52.826024423153825,51.60658807480446,52.679691314697266,9570828,0.0,0.0
2021-01-04 00:00:00-05:00,53.11870195960329,53.16747718396731,50.728603967547414,51.070045471191406,16040798,0.0,0.0
2021-01-05 00:00:00-05:00,50.874920235741044,53.069905402604796,50.826141294279424,52.533355712890625,16793346,0.0,0.0
2021-01-06 00:00:00-05:00,52.826015274523265,56.67943570791966,52.826015274523265,55.411224365234375,26400690,0.0,0.0
2021-01-07 00:00:00-05:00,56.38677726302461,56.435556205270096,54.82589591044259,54.97222900390625,15105891,0.0,0.0
2021-01-08 00:00:00-05:00,55.06978766211588,55.801449456041674,54.435680027392245,55.31367492675781,14590235,0.0,0.0
2021-01-11 00:00:00-05:00,54.191788046075544,56.24044387737798,53.947900802660754,55.850223541259766,13493535,0.0,0.0
2021-01-12 00:00:00-05:00,56.14289789876691,58.093996130084996,55.655123340937386,57.45988845825195,18346073,0.0,0.0
2021-01-13 00:00:00-05:00,57.45989419696431,57.65500627954661,56.191678726637306,56.435569763183594,10776915,0.0,0.0
2021-01-14 00:00:00-05:00,56.630670225809595,57.21599892549318,56.48433711757041,56.87455749511719,11879594,0.0,0.0
2021-01-15 00:00:00-05:00,56.58189460730051,56.58189460730051,54.87468362171371,55.2649040222168,14768762,0.0,0.0
2021-01-19 00:00:00-05:00,55.99656519819589,56.82578120597366,55.60634480239655,55.75267791748047,12740305,0.0,0.0
2021-01-20 00:00:00-05:00,56.09411342108051,56.09411342108051,55.11856440157085,55.557559967041016,11840751,0.0,0.0
2021-01-21 00:00:00-05:00,55.606345667183184,55.75267878454287,53.99668884277344,53.99668884277344,13162304,0.0,0.0
2021-01-22 00:00:00-05:00,53.508912468841494,54.53324052253417,53.167467295428416,54.191795349121094,10617570,0.0,0.0
2021-01-25 00:00:00-05:00,54.33812618416674,54.386905130688014,52.533361161976345,53.60646438598633,18462763,0.0,0.0
2021-01-26 00:00:00-05:00,58.67932345747647,59.6548724878717,54.63079050140868,55.069786071777344,42495519,0.0,0.0
2021-01-27 00:00:00-05:00,54.045457972301136,56.3867801197945,51.89925160367501,55.508785247802734,29983117,0.0,0.0
2021-01-28 00:00:00-05:00,55.65511975227697,55.947782228139715,53.996684122629084,54.09423828125,18879766,0.0,0.0
2021-01-29 00:00:00-05:00,53.655245725270866,54.825903161255916,52.045585217563186,52.094364166259766,21921317,0.0,0.0
2021-02-01 00:00:00-05:00,52.97234871420738,53.65523519557846,51.899245652935726,52.387020111083984,13379614,0.0,0.0
2021-02-02 00:00:00-05:00,53.069914904974645,55.36245836525025,52.87480657073874,54.825904846191406,16946953,0.0,0.0
2021-02-03 00:00:00-05:00,54.8259028522867,55.1185690762703,53.99668686203087,54.630794525146484,10877474,0.0,0.0
2021-02-04 00:00:00-05:00,54.77712041688925,56.094110784674555,54.582008382193756,55.850223541259766,13396066,0.0,0.0
2021-02-05 00:00:00-05:00,56.14289965406818,56.3380079899907,55.216125725252624,55.606346130371094,10396669,0.0,0.0
2021-02-08 00:00:00-05:00,55.947778296535205,56.82577312897049,55.65511584123865,56.63066482543945,8517928,0.0,0.0
2021-02-09 00:00:00-05:00,56.386788250180146,56.58189659063402,55.65512637356783,56.28923034667969,10581235,0.0,0.0
2021-02-10 00:00:00-05:00,56.53312005918665,56.53312005918665,55.50879196240984,55.606346130371094,9140985,0.0,0.0
2021-02-11 00:00:00-05:00,55.557556950288905,55.94777728355856,54.582007983751154,55.89900207519531,10398836,0.0,0.0
2021-02-12 00:00:00-05:00,55.655118097236816,57.26477473307065,55.50878499702047,57.21599578857422,11725144,0.0,0.0
2021-02-16 00:00:00-05:00,57.65499593628549,58.435432926783825,57.459883888706145,58.38665771484375,12100796,0.0,0.0
2021-02-17 00:00:00-05:00,57.75255874327481,58.28911228788856,57.36233832294423,57.85011291503906,8615357,0.0,0.0
2021-02-18 00:00:00-05:00,57.752553756264284,57.8501079196046,56.142896994692656,56.72822570800781,9802022,0.0,0.0
2021-02-19 00:00:00-05:00,57.16721925339898,58.6793216984937,56.97210721320486,58.63054275512695,12248665,0.0,0.0
2021-02-22 00:00:00-05:00,58.874435319227445,61.94741569686784,58.67932699469636,60.971866607666016,19388781,0.0,0.0
2021-02-23 00:00:00-05:00,61.45963718033813,61.703524436876975,59.4109849720664,61.41086196899414,14454364,0.0,0.0
2021-02-24 00:00:00-05:00,62.43518199077257,65.11794536482849,61.70352027055897,63.99606704711914,21426186,0.0,0.0
2021-02-25 00:00:00-05:00,63.89852139159989,64.72774115313324,61.75231102832747,62.24008560180664,18526244,0.0,0.0
2021-02-26 00:00:00-05:00,61.84985206388241,62.63029270904867,60.5328617417779,61.166969299316406,17802448,0.0,0.0
2021-03-01 00:00:00-05:00,63.02051478118397,64.82528346348789,62.386410901750665,63.94729232788086,15657201,0.0,0.0
2021-03-02 00:00:00-05:00,64.14240637729371,64.63018093327445,63.264407696600415,63.31318664550781,15490231,0.0,0.0
2021-03-03 00:00:00-05:00,63.849734992753426,66.43494441055174,63.654626679430876,65.55694580078125,23589309,0.0,0.0
2021-03-04 00:00:00-05:00,67.70314214282506,68.92257811899742,64.28871394299834,66.1910400390625,33418377,0.0,0.0
2021-03-05 00:00:00-05:00,67.36256746902052,67.41138238021676,64.14088046673514,66.38629913330078,21061930,0.049841,0.0
2021-03-08 00:00:00-05:00,69.36392283768784,69.99850177377313,67.41138605967474,69.16867065429688,28835014,0.0,0.0
2021-03-09 00:00:00-05:00,68.8269708439616,70.3890031897093,67.50901305728517,68.33883666992188,22966413,0.0,0.0
2021-03-10 00:00:00-05:00,66.63037820938094,67.06969754511334,63.0669936594344,64.67784118652344,44186284,0.0,0.0
2021-03-11 00:00:00-05:00,61.94429001141559,62.77412126377083,58.33209415206313,59.89412307739258,61355743,0.0,0.0
2021-03-12 00:00:00-05:00,59.747674806502964,61.602585565013605,59.69886362676842,61.40733337402344,26996039,0.0,0.0
2021-03-15 00:00:00-04:00,62.18834964995245,65.21478476442469,62.13953473416057,65.16596984863281,22351422,0.0,0.0
2021-03-16 00:00:00-04:00,65.06835127244501,65.16598112091658,63.79920807463437,64.18971252441406,14938641,0.0,0.0
2021-03-17 00:00:00-04:00,64.43377527760047,66.43512725830078,64.09207830331525,66.43512725830078,15895858,0.0,0.0
2021-03-18 00:00:00-04:00,66.33749616154178,66.82563041725616,64.38495913868428,64.67784118652344,12792812,0.0,0.0
2021-03-19 00:00:00-04:00,64.43376513205773,65.16596641419063,63.359866929442134,64.5313949584961,13737991,0.0,0.0
2021-03-22 00:00:00-04:00,64.23851628045031,64.62902066233877,63.11580310642994,64.09207153320312,10591427,0.0,0.0
2021-03-23 00:00:00-04:00,63.26224646238818,64.33613722499004,61.260891001081355,61.7978401184082,13172818,0.0,0.0
2021-03-24 00:00:00-04:00,62.285981001767134,63.555127823172015,61.01683044433594,61.01683044433594,12454218,0.0,0.0
2021-03-25 00:00:00-04:00,60.52869210004453,63.11580422400813,59.69886466979894,62.72529983520508,14725103,0.0,0.0
2021-03-26 00:00:00-04:00,63.21343919597605,64.0920778782352,62.041914726253225,63.40869140625,12143472,0.0,0.0
2021-03-29 00:00:00-04:00,63.06698376035471,63.70156267641062,62.38359740403037,63.21342849731445,10786807,0.0,0.0
2021-03-30 00:00:00-04:00,63.35986553193268,65.21477988898708,62.969361178895674,64.9218978881836,10618713,0.0,0.0
2021-03-31 00:00:00-04:00,65.3124070666696,65.55647417336291,64.09207153320312,64.09207153320312,12557044,0.0,0.0
2021-04-01 00:00:00-04:00,64.58021265236405,65.21479168085546,64.18970822871766,64.82427978515625,11874438,0.0,0.0
2021-04-05 00:00:00-04:00,65.75172628709751,66.23986044443916,65.26359212975588,65.70291137695312,10180082,0.0,0.0
2021-04-06 00:00:00-04:00,65.70290086284521,65.89815300012641,65.26358168595003,65.41001892089844,8035938,0.0,0.0
2021-04-07 00:00:00-04:00,65.41004386381856,66.04462289202996,64.72665738671249,65.3612289428711,8379669,0.0,0.0
2021-04-08 00:00:00-04:00,64.72665259894892,65.89817325476784,63.89682142038222,65.65410614013672,11018763,0.0,0.0
2021-04-09 00:00:00-04:00,65.89816496544091,67.50901220260926,65.50766061997355,66.38629913330078,12689464,0.0,0.0
2021-04-12 00:00:00-04:00,66.43512373311479,66.77682068926886,65.75173729285905,66.33749389648438,8442187,0.0,0.0
2021-04-13 00:00:00-04:00,65.946982564782,66.09341983228855,64.72664709538877,65.60528564453125,10277370,0.0,0.0
2021-04-14 00:00:00-04:00,65.55646682367971,67.31375128926872,65.50765938545456,66.77680969238281,12968951,0.0,0.0
2021-04-15 00:00:00-04:00,67.0208885549392,67.11851092060407,65.60529326830023,66.14224243164062,10208753,0.0,0.0
2021-04-16 00:00:00-04:00,66.53275715739899,66.7768242900835,65.16597673113405,65.3612289428711,10036727,0.0,0.0
2021-04-19 00:00:00-04:00,65.01952505108505,65.75172628709751,64.28731634302144,65.70291137695312,9003729,0.0,0.0
2021-04-20 00:00:00-04:00,65.45885120057139,65.45885120057139,62.969365241215684,63.75038146972656,12330465,0.0,0.0
2021-04-21 00:00:00-04:00,63.11580316179007,65.31240712395643,62.33479066130207,65.16596984863281,9953202,0.0,0.0
2021-04-22 00:00:00-04:00,65.16597264004798,66.77682009786926,64.8242756869201,65.45885467529297,10555051,0.0,0.0
2021-04-23 00:00:00-04:00,65.89817530939976,66.43512447274016,65.21478886153585,66.14224243164062,9357311,0.0,0.0
2021-04-26 00:00:00-04:00,66.53274252388213,68.33883442527569,66.1422307142462,66.23986053466797,18815482,0.0,0.0
2021-04-27 00:00:00-04:00,65.89817252177417,66.0934247168968,63.01818209557191,65.84935760498047,30050351,0.0,0.0
2021-04-28 00:00:00-04:00,65.06834072208841,65.16597055473001,64.1897021165223,64.43376922607422,13261158,0.0,0.0
2021-04-29 00:00:00-04:00,64.33613734797869,64.87308646633201,63.8480031443942,64.48258209228516,11066635,0.0,0.0
2021-04-30 00:00:00-04:00,64.23850318874983,65.16595651076051,63.847991414395004,64.04325103759766,10011667,0.0,0.0
2021-05-03 00:00:00-04:00,64.62902276427558,66.04461800677785,64.28732581497111,65.65410614013672,12734908,0.0,0.0
2021-05-04 00:00:00-04:00,65.11714160495984,65.36120866191268,63.79918398064483,64.04325103759766,15557003,0.0,0.0
2021-05-05 00:00:00-04:00,64.23851499049292,64.87308646633201,63.896818059163024,64.48258209228516,11168297,0.0,0.0
2021-05-06 00:00:00-04:00,64.53139700705398,64.97071629586965,63.60393604260195,64.48258209228516,12595406,0.0,0.0
2021-05-07 00:00:00-04:00,64.23851153434312,65.1171500647021,63.79919226916362,64.9218978881836,10810442,0.0,0.0
2021-05-10 00:00:00-04:00,64.97071765751731,66.28868302363793,64.92190274172543,65.16596984863281,13154138,0.0,0.0
2021-05-11 00:00:00-04:00,64.3849696626502,64.87310399815199,63.16463382389578,63.89683532714844,13645738,0.0,0.0
2021-05-12 00:00:00-04:00,63.84800802121603,64.09207514165055,62.33479411613774,62.578861236572266,14215045,0.0,0.0
2021-05-13 00:00:00-04:00,62.48124565166532,63.65277033859368,62.090741158716256,63.311073303222656,13158312,0.0,0.0
2021-05-14 00:00:00-04:00,64.04326761082856,64.92190625441427,63.60394081698331,64.72665405273438,10167742,0.0,0.0
2021-05-17 00:00:00-04:00,64.58021697419375,65.1171661966808,64.04327522376,64.18971252441406,15316179,0.0,0.0
2021-05-18 00:00:00-04:00,64.3361569372816,64.77548383191694,63.311073303222656,63.311073303222656,9816408,0.0,0.0
2021-05-19 00:00:00-04:00,62.96938158410585,63.94565025510939,62.43243232064312,63.89683532714844,11921066,0.0,0.0
2021-05-20 00:00:00-04:00,63.89681874354963,63.99444857413297,63.06698759974709,63.75038146972656,9324527,0.0,0.0
2021-05-21 00:00:00-04:00,63.994451233025345,64.82427493925414,63.70156920115838,64.58020782470703,10697965,0.0,0.0
2021-05-24 00:00:00-04:00,64.873084970228,64.9707147975141,64.04326132650287,64.33613586425781,7827397,0.0,0.0
2021-05-25 00:00:00-04:00,64.433755339902,64.87307454800701,63.945621225996334,64.04325103759766,9496071,0.0,0.0
2021-05-26 00:00:00-04:00,64.04324648788008,65.55645615584685,63.652734741267736,65.41001892089844,12092309,0.0,0.0
2021-05-27 00:00:00-04:00,66.38631784351584,70.29139975904819,66.33750291856167,70.04732513427734,37035234,0.0,0.0
2021-05-28 00:00:00-04:00,69.75443462636329,69.99850172343943,68.48528422715704,68.63172149658203,14560581,0.0,0.0
2021-06-01 00:00:00-04:00,69.46156445639191,69.99851365590209,68.82698541258792,69.07105255126953,10087388,0.0,0.0
2021-06-02 00:00:00-04:00,69.21749469255855,69.21749469255855,68.38766346369214,68.7781753540039,8012785,0.0,0.0
2021-06-03 00:00:00-04:00,68.29004109515371,70.14494828996338,68.0459739657286,68.7781753540039,12672972,0.0,0.0
2021-06-04 00:00:00-04:00,69.11986904073086,69.31512126169297,67.65546617543535,68.14360046386719,12855029,0.0,0.0
2021-06-07 00:00:00-04:00,68.33883247991876,68.68052936961695,67.65544617257332,67.8995132446289,7493597,0.0,0.0
2021-06-08 00:00:00-04:00,68.19239727840277,68.29002709898447,66.9720618813873,67.85070037841797,8852489,0.0,0.0
2021-06-09 00:00:00-04:00,67.21614148772757,67.41139369322856,66.72800723794879,67.02088928222656,11189043,0.0,0.0
2021-06-10 00:00:00-04:00,67.41136843409281,67.70425036862731,66.33747049814954,66.53273010253906,9999489,0.0,0.0
2021-06-11 00:00:00-04:00,66.63037798078294,67.26495699426609,66.23987356637225,66.82563018798828,8500031,0.0,0.0
2021-06-14 00:00:00-04:00,67.26493377331583,67.50900081607975,65.45883466804283,65.75171661376953,9114079,0.0,0.0
2021-06-15 00:00:00-04:00,65.65410264748043,66.23986668025464,64.97071625727843,66.09342193603516,7629388,0.0,0.0
2021-06-16 00:00:00-04:00,65.89816765159595,66.63036893323189,64.87308436289531,65.60528564453125,14070907,0.0,0.0
2021-06-17 00:00:00-04:00,65.45886798011674,65.94700231405656,63.01819631041767,63.457515716552734,15451709,0.0,0.0
2021-06-18 00:00:00-04:00,62.6764956642678,63.55513442574041,62.23717628353148,62.38361358642578,16465184,0.0,0.0
2021-06-21 00:00:00-04:00,62.92056111179088,64.38496398925781,62.774123812865476,64.38496398925781,10825169,0.0,0.0
2021-06-22 00:00:00-04:00,64.04327352017346,64.43377795956552,63.16462732346168,63.603946685791016,7678083,0.0,0.0
2021-06-23 00:00:00-04:00,63.55511793945088,64.38494903273497,63.164613584994534,63.21342849731445,8763306,0.0,0.0
2021-06-24 00:00:00-04:00,63.75039315039859,64.43377967353969,63.06699915520418,64.18971252441406,9594524,0.0,0.0
2021-06-25 00:00:00-04:00,64.28740692138672,64.67820850829524,63.994301992335906,64.28740692138672,6844839,0.049841,0.0
2021-06-28 00:00:00-04:00,64.2874056097734,64.3362501988363,62.479931482285814,62.96843719482422,12396856,0.0,0.0
2021-06-29 00:00:00-04:00,63.79891252152878,64.62936791052832,63.31040671232664,63.94546127319336,13883493,0.0,0.0
2021-06-30 00:00:00-04:00,64.23853796220295,66.09486370624866,63.750032368149384,65.7529067993164,13754002,0.0,0.0
2021-07-01 00:00:00-04:00,66.33912193749093,66.58337475452585,65.26440655144225,65.8506088256836,9368346,0.0,0.0
2021-07-02 00:00:00-04:00,66.14372688110065,66.14372688110065,65.02016668996067,65.26441955566406,6653090,0.0,0.0
2021-07-06 00:00:00-04:00,64.87360457336744,65.06901283031799,62.6264806569498,63.11498260498047,14172730,0.0,0.0
2021-07-07 00:00:00-04:00,62.91959434408221,63.896605912265436,62.23568774190191,63.40810012817383,12250973,0.0,0.0
2021-07-08 00:00:00-04:00,62.186836189930666,63.212699840681935,61.60062999187419,62.87074279785156,10798825,0.0,0.0
2021-07-09 00:00:00-04:00,63.55464833762911,64.43395564704271,63.21269134078003,64.28740692138672,8290767,0.0,0.0
2021-07-12 00:00:00-04:00,63.79889900262454,64.18970057607984,63.01728837797536,64.04315185546875,11187237,0.0,0.0
2021-07-13 00:00:00-04:00,63.94544861990104,63.94544861990104,62.919585128022646,62.96843719482422,7907410,0.0,0.0
2021-07-14 00:00:00-04:00,62.91959766729557,63.40810347718851,62.13799061478892,62.57764434814453,8970443,0.0,0.0
2021-07-15 00:00:00-04:00,61.99142838738973,63.11498858257592,61.40521851649495,62.33338165283203,10310877,0.0,0.0
2021-07-16 00:00:00-04:00,62.52877844536254,62.87073168890153,61.160961732337334,61.30751419067383,9141767,0.0,0.0
2021-07-19 00:00:00-04:00,59.54889841858904,59.79315129516341,57.74142787971263,58.6207389831543,19842400,0.0,0.0
2021-07-20 00:00:00-04:00,58.66958022625686,62.23567628000428,58.57187983520593,62.0402717590332,15072405,0.0,0.0
2021-07-21 00:00:00-04:00,62.47993369493488,64.0431550215128,62.38223329674113,63.89659881591797,13548149,0.0,0.0
2021-07-22 00:00:00-04:00,63.750045427336005,63.79889749229607,62.0402717590332,62.0402717590332,8712244,0.0,0.0
2021-07-23 00:00:00-04:00,62.52878023564215,62.91958555610565,61.69832126645056,62.08912658691406,7579911,0.0,0.0
2021-07-26 00:00:00-04:00,61.844870062362446,63.21268673345575,61.69831760851868,63.11498260498047,10800049,0.0,0.0
2021-07-27 00:00:00-04:00,65.11786314051355,65.80177714447824,62.528782024597014,63.89659881591797,23964901,0.0,0.0
2021-07-28 00:00:00-04:00,64.2385503812357,65.85061616217324,63.70119262834374,64.1408462524414,13757312,0.0,0.0
2021-07-29 00:00:00-04:00,64.4339643046309,65.36212380655375,63.94545851648837,64.92247009277344,10889854,0.0,0.0
2021-07-30 00:00:00-04:00,64.28739903143611,64.58050392451435,63.11497945912317,63.26153564453125,12050777,0.0,0.0
2021-08-02 00:00:00-04:00,63.798895693035305,65.46592282276714,61.32583194740944,61.42963790893555,39943542,0.0,0.125
2021-08-03 00:00:00-04:00,61.185397249832825,63.017297654706404,59.90917515807625,62.93180465698242,23177543,0.0,0.0
2021-08-04 00:00:00-04:00,62.16849941958028,63.16994050932462,61.95478193217753,62.84019470214844,22702917,0.0,0.0
2021-08-05 00:00:00-04:00,62.89516418816462,63.89659792934237,62.60205925878077,62.90737533569336,13050690,0.0,0.0
2021-08-06 00:00:00-04:00,63.11498979306826,64.27519840932831,63.11498979306826,63.823326110839844,17637083,0.0,0.0
2021-08-09 00:00:00-04:00,63.23711001625736,63.670661811260594,62.30284511876332,63.328704833984375,12768033,0.0,0.0
2021-08-10 00:00:00-04:00,63.38976852293513,64.92856745452221,63.01728741468466,64.77590942382812,12930790,0.0,0.0
2021-08-11 00:00:00-04:00,64.85530118795013,64.85530118795013,63.395885745766506,64.7514877319336,13330458,0.0,0.0
2021-08-12 00:00:00-04:00,64.84309129209065,65.478153351167,64.26299062496518,65.04460144042969,10270509,0.0,0.0
2021-08-13 00:00:00-04:00,65.03236605828921,65.10564040918014,63.85995401082151,64.06756591796875,9020462,0.0,0.0
2021-08-16 00:00:00-04:00,63.64624067335659,63.68898342685766,62.431078249469465,63.108882904052734,11101144,0.0,0.0
2021-08-17 00:00:00-04:00,62.614270319568135,63.060033286790755,61.283090730525615,62.052490234375,13125487,0.0,0.0
2021-08-18 00:00:00-04:00,61.72275287893361,63.18216458475673,61.52735207047491,61.92426300048828,10427487,0.0,0.0
2021-08-19 00:00:00-04:00,61.063263141075936,61.56398374359091,60.2083781375751,60.7090950012207,17344153,0.0,0.0
2021-08-20 00:00:00-04:00,60.81290193539149,61.47238611784451,60.51369145004022,61.09379196166992,10203095,0.0,0.0
2021-08-23 00:00:00-04:00,61.42964247600179,61.9670002598817,61.228132372329476,61.65557861328125,9642436,0.0,0.0
2021-08-24 00:00:00-04:00,61.8509899838602,63.20659208393193,61.710546809618,63.06004333496094,11007246,0.0,0.0
2021-08-25 00:00:00-04:00,63.114987408676825,64.19581230539512,62.620379849689044,63.9332389831543,12627427,0.0,0.0
2021-08-26 00:00:00-04:00,63.78668933753542,63.88439348349247,62.79746664011376,63.12721252441406,13107992,0.0,0.0
2021-08-27 00:00:00-04:00,63.44473901886958,64.81866149257563,63.44473901886958,64.78202056884766,12473178,0.0,0.0
2021-08-30 00:00:00-04:00,64.92856989596737,65.00795357046097,63.99430121744154,64.2324447631836,11469513,0.0,0.0
2021-08-31 00:00:00-04:00,64.07978767654286,64.9468913185331,63.7866827466968,64.36679077148438,17641256,0.0,0.0
2021-09-01 00:00:00-04:00,64.33625433230304,64.40342686318824,63.05392675450291,63.298179626464844,12789542,0.0,0.0
2021-09-02 00:00:00-04:00,63.50580195942265,64.93467833466988,63.49359081081377,64.88583374023438,13633178,0.0,0.0
2021-09-03 00:00:00-04:00,64.72705044795524,65.5575130373631,63.554638392943524,63.96376037597656,12225833,0.0,0.0
2021-09-07 00:00:00-04:00,63.811122191286486,64.07979738902041,62.47383682183628,63.0722541809082,17639170,0.0,0.0
2021-09-08 00:00:00-04:00,62.86463472582825,63.95156149227792,61.31973382838061,62.63869857788086,19263203,0.0,0.0
2021-09-09 00:00:00-04:00,62.50436843420332,64.06758623962159,62.35171037236814,63.0722541809082,15066205,0.0,0.0
2021-09-10 00:00:00-04:00,63.07223924640697,63.475259425319095,62.1501855190241,62.28452682495117,15350467,0.0,0.0
2021-09-13 00:00:00-04:00,62.68144992328665,64.03095012480465,62.29675012793513,63.78668975830078,20038302,0.0,0.0
2021-09-14 00:00:00-04:00,63.83554020475707,63.84164951791635,61.106015737926995,61.295310974121094,25717763,0.0,0.0
2021-09-15 00:00:00-04:00,61.54566060526343,62.5715240603674,61.48459739338507,62.38222885131836,13007192,0.0,0.0
2021-09-16 00:00:00-04:00,62.52267159414385,62.7119668019783,61.563980669352816,61.881507873535156,9601506,0.0,0.0
2021-09-17 00:00:00-04:00,61.7654931388249,62.199044974397054,61.1426498155473,61.35026550292969,17203387,0.0,0.0
2021-09-20 00:00:00-04:00,60.14731536825057,60.98388365690458,59.3962363283533,60.947242736816406,16217539,0.0,0.0
2021-09-21 00:00:00-04:00,61.002212671832304,61.05717032417076,58.74897883691653,59.121463775634766,25342171,0.0,0.0
2021-09-22 00:00:00-04:00,59.64049305216019,60.47095582089148,59.634387478039734,60.17174530029297,18002884,0.0,0.0
2021-09-23 00:00:00-04:00,60.77627647430011,63.5546568835123,60.77017089972169,62.87074279785156,18620844,0.0,0.0
2021-09-24 00:00:00-04:00,62.73629399234409,63.67739948673461,62.69962832202275,63.43295669555664,10528608,0.049841,0.0
2021-09-27 00:00:00-04:00,63.8912871454799,64.97905906661794,63.79350703525604,64.38017272949219,12971559,0.0,0.0
2021-09-28 00:00:00-04:00,64.34349707558498,65.23571617327849,64.00128169010533,64.61238861083984,20146646,0.0,0.0
2021-09-29 00:00:00-04:00,64.77737492282385,65.38848173921973,64.35570672937979,64.948486328125,11876404,0.0,0.0
2021-09-30 00:00:00-04:00,64.99739390267763,65.44349601213791,62.91351610323759,62.962406158447266,14356273,0.0,0.0
2021-10-01 00:00:00-04:00,63.66519152477483,65.01573372490319,63.35352391052331,64.66740417480469,12992425,0.0,0.0
2021-10-04 00:00:00-04:00,64.41073234324675,65.4373936343604,63.92184672686445,64.10517883300781,12288913,0.0,0.0
2021-10-05 00:00:00-04:00,64.20295146615187,64.77739655553349,63.402405759458254,64.10517883300781,9208740,0.0,0.0
2021-10-06 00:00:00-04:00,63.35962024854635,63.81183638235855,62.369624778996645,63.756839752197266,11257962,0.0,0.0
2021-10-07 00:00:00-04:00,64.0684958167715,65.10127095225587,63.756835792624855,64.47794342041016,10684302,0.0,0.0
2021-10-08 00:00:00-04:00,64.3923977868982,64.91183875552231,63.95851629147403,63.99517822265625,6859525,0.0,0.0
2021-10-11 00:00:00-04:00,64.06850941621605,64.63073386188012,63.53684780512886,63.60407257080078,6615872,0.0,0.0
2021-10-12 00:00:00-04:00,63.2862913849651,63.57962425358886,62.06408107710484,62.77296447753906,13722903,0.0,0.0
2021-10-13 00:00:00-04:00,62.45519076228937,63.0663015698121,61.831863051939926,62.55297088623047,12065484,0.0,0.0
2021-10-14 00:00:00-04:00,63.02962192481677,63.34128947119541,62.55907105725858,62.785179138183594,9853826,0.0,0.0
2021-10-15 00:00:00-04:00,63.34128830175986,64.71627895118579,63.06017610890039,63.80572509765625,9069257,0.0,0.0
2021-10-18 00:00:00-04:00,63.359625444230964,63.903507661947245,62.96851248766278,63.628509521484375,6653913,0.0,0.0
2021-10-19 00:00:00-04:00,63.90963093703669,64.14795969970228,63.29852387014585,64.00129699707031,6767714,0.0,0.0
2021-10-20 00:00:00-04:00,64.01350583366089,64.78961016873986,63.475730217285005,64.77738952636719,9803748,0.0,0.0
2021-10-21 00:00:00-04:00,64.63072826261832,65.0157196653097,62.95017661840034,63.035736083984375,11588129,0.0,0.0
2021-10-22 00:00:00-04:00,62.97462832502215,63.866840049083166,62.66907482701077,63.58573532104492,8595273,0.0,0.0
2021-10-25 00:00:00-04:00,63.3351689209558,64.77127014533197,63.1457302708505,64.349609375,10427005,0.0,0.0
2021-10-26 00:00:00-04:00,64.63073298617041,67.81460351303572,64.30073070946233,65.65738677978516,18781193,0.0,0.0
2021-10-27 00:00:00-04:00,65.92626316489104,66.17070591343874,63.365720883722545,63.4635009765625,14420637,0.0,0.0
2021-10-28 00:00:00-04:00,63.182396450051705,64.39850376102326,63.00517842938073,64.3251724243164,9487384,0.0,0.0
2021-10-29 00:00:00-04:00,64.13572782205405,64.3129458469918,63.628507548660586,64.08683776855469,9018536,0.0,0.0
2021-11-01 00:00:00-04:00,64.63072708901082,65.24794062486058,64.33739425321976,64.9179458618164,7844250,0.0,0.0
2021-11-02 00:00:00-04:00,64.98517107185215,65.47405669668116,64.34962275299611,65.19905853271484,7192101,0.0,0.0
2021-11-03 00:00:00-04:00,64.87517090500951,64.98516417207424,64.0562830802336,64.7590560913086,6599661,0.0,0.0
2021-11-04 00:00:00-04:00,64.69795814502162,65.02184639762311,63.73240745150493,64.29463195800781,7505094,0.0,0.0
2021-11-05 00:00:00-04:00,65.34572890935743,67.00793854212877,65.29683885001478,66.45183563232422,12202399,0.0,0.0
2021-11-08 00:00:00-05:00,66.85515001644839,67.4112603119238,66.19515304037672,66.25626373291016,8305554,0.0,0.0
2021-11-09 00:00:00-05:00,70.11235980510833,70.99235837290004,67.51515506201615,68.0101547241211,40325875,0.0,0.0
2021-11-10 00:00:00-05:00,68.74959682780268,68.85959759562226,66.06683982029628,66.5862808227539,13952431,0.0,0.0
2021-11-11 00:00:00-05:00,66.33573539644058,66.97739792211657,65.25407720701224,65.38851928710938,8848557,0.0,0.0
2021-11-12 00:00:00-05:00,65.6329389982804,65.95682717939611,65.05850145709641,65.7490463256836,12240118,0.0,0.0
2021-11-15 00:00:00-05:00,66.01794477731919,66.40905027388435,64.89961744205256,65.18683624267578,9831034,0.0,0.0
2021-11-16 00:00:00-05:00,64.86905853424051,64.90572794658762,62.83407078715403,63.157958984375,19257424,0.0,0.0
2021-11-17 00:00:00-05:00,63.37185846652097,63.481859240905,61.97853278595144,62.32686233520508,13334471,0.0,0.0
2021-11-18 00:00:00-05:00,61.984624066819705,62.21073212697594,60.60963351830558,61.52018356323242,13692888,0.0,0.0
2021-11-19 00:00:00-05:00,60.988523530547546,61.56296482393498,60.68297004914749,61.086299896240234,10598911,0.0,0.0
2021-11-22 00:00:00-05:00,61.39796266924229,62.31462304220562,61.28185160697833,61.74629211425781,9962170,0.0,0.0
2021-11-23 00:00:00-05:00,62.19851910070771,62.46129660108503,61.81352020327617,62.38185119628906,9648856,0.0,0.0
2021-11-24 00:00:00-05:00,62.247410279661686,62.52851874960442,61.911301431696565,62.47351837158203,8943739,0.0,0.0
2021-11-26 00:00:00-05:00,59.06964849354944,59.949643291793905,58.36687546759632,59.79075622558594,13815999,0.0,0.0
2021-11-29 00:00:00-05:00,60.664641858992916,61.37352521989675,59.17353631145345,60.13297653198242,15692352,0.0,0.0
2021-11-30 00:00:00-05:00,59.057425507889654,59.54020452293896,57.73132482856231,58.04909896850586,18313148,0.0,0.0
2021-12-01 00:00:00-05:00,59.002426017702525,59.210203133819284,56.79632688422602,56.83299255371094,13895451,0.0,0.0
2021-12-02 00:00:00-05:00,57.56632473749467,58.53187530152126,56.7168852527032,58.19576644897461,9782400,0.0,0.0
2021-12-03 00:00:00-05:00,58.13465171547907,58.26909749223684,56.05688804387889,56.692440032958984,12973646,0.0,0.0
2021-12-06 00:00:00-05:00,57.35243781030777,59.210207611503634,56.97966328243002,58.67243194580078,10721861,0.0,0.0
2021-12-07 00:00:00-05:00,59.03297762629492,60.09019410376055,58.84964554870734,59.613529205322266,8104115,0.0,0.0
2021-12-08 00:00:00-05:00,59.61352563688374,60.46296496054777,59.26519246525255,60.059635162353516,7635106,0.0,0.0
2021-12-09 00:00:00-05:00,59.74797559602894,60.004642768463775,59.27742472589677,59.78464126586914,6527432,0.0,0.0
2021-12-10 00:00:00-05:00,59.943534672542505,60.230753464159946,58.94131845002072,59.24687194824219,6863859,0.0,0.0
2021-12-13 00:00:00-05:00,58.64798981138588,58.9107673354589,56.72300263419788,56.912445068359375,11843339,0.0,0.0
2021-12-14 00:00:00-05:00,56.68022133448425,57.4807745287408,56.050779603529186,56.28911209106445,11654259,0.0,0.0
2021-12-15 00:00:00-05:00,56.35633056340478,56.47243789148896,55.10966788447737,56.270774841308594,12350388,0.0,0.0
2021-12-16 00:00:00-05:00,56.539662231337886,57.651875385023,56.34410576202653,56.545772552490234,11440140,0.0,0.0
2021-12-17 00:00:00-05:00,56.49687962474747,56.87576816000829,55.06688868436593,55.885772705078125,14550168,0.0,0.0
2021-12-20 00:00:00-05:00,55.04781858171199,55.10898277464653,53.92851235298903,55.03558349609375,9651745,0.049841,0.0
2021-12-21 00:00:00-05:00,55.488209538761616,57.292557309207346,55.488209538761616,56.91945266723633,12227117,0.0,0.0
2021-12-22 00:00:00-05:00,56.83382513630927,57.31702309344972,56.36897419320532,56.92557144165039,7485993,0.0,0.0
2021-12-23 00:00:00-05:00,57.06625057166253,57.82468749411872,57.06625057166253,57.49440002441406,6236589,0.0,0.0
2021-12-27 00:00:00-05:00,57.268088914566704,57.904197365969104,57.15799185267007,57.87361526489258,5503703,0.0,0.0
2021-12-28 00:00:00-05:00,57.7574046967514,58.76661407010581,57.64119195929394,58.28953552246094,6503676,0.0,0.0
2021-12-29 00:00:00-05:00,58.10604411099417,58.39963005137444,57.76352156297102,57.977596282958984,5602577,0.0,0.0
2021-12-30 00:00:00-05:00,57.89807995758106,58.70544590375603,57.818564999146744,57.92254638671875,5247049,0.0,0.0
2021-12-31 00:00:00-05:00,57.80021499425988,58.08768898653178,57.433229787570184,57.78186798095703,6092452,0.0,0.0
2022-01-03 00:00:00-05:00,58.24059439174827,59.598441784684724,57.95312042463784,58.864471435546875,7415209,0.0,0.0
2022-01-04 00:00:00-05:00,60.41804960541765,61.194833481617735,59.99601585781446,60.77891540527344,12237390,0.0,0.0
2022-01-05 00:00:00-05:00,60.9991095310162,62.25909135751406,60.72998629014947,60.77891540527344,9461542,0.0,0.0
2022-01-06 00:00:00-05:00,61.439495661781585,61.82483167045428,60.80950282094924,61.13367462158203,6864983,0.0,0.0
2022-01-07 00:00:00-05:00,61.04192253805972,62.53432982213833,61.02357552441433,62.02054977416992,10029103,0.0,0.0
2022-01-10 00:00:00-05:00,62.21627824783656,62.38753951432244,60.51591190577268,60.80949783325195,9259300,0.0,0.0
2022-01-11 00:00:00-05:00,61.3416311554109,62.613848128345644,61.1459034507001,62.25909423828125,9107137,0.0,0.0
2022-01-12 00:00:00-05:00,62.03890296668447,62.766757751106084,62.00832086435627,62.534332275390625,7316816,0.0,0.0
2022-01-13 00:00:00-05:00,62.56492194330862,63.39675822326669,62.26521655524021,62.66890335083008,7034320,0.0,0.0
2022-01-14 00:00:00-05:00,62.17957899065106,63.164321886804444,61.720843733875974,63.09703826904297,7030789,0.0,0.0
2022-01-18 00:00:00-05:00,62.730060394736675,63.445683841010045,62.48540357448314,62.93190002441406,13499795,0.0,0.0
2022-01-19 00:00:00-05:00,62.809569800263326,62.99306241015396,61.451725985093745,61.54347229003906,9147425,0.0,0.0
2022-01-20 00:00:00-05:00,61.30493244869775,62.25909329136013,59.92261842882148,60.09387969970703,9045502,0.0,0.0
2022-01-21 00:00:00-05:00,59.75747529867753,60.155042620053614,58.63205320915618,58.90117645263672,12964978,0.0,0.0
2022-01-24 00:00:00-05:00,57.85527243142937,59.59845617663142,56.448495589204065,59.27428436279297,15847565,0.0,0.0
2022-01-25 00:00:00-05:00,55.732872721673566,56.49130969002168,54.00804346281459,55.72675704956055,33629909,0.0,0.0
2022-01-26 00:00:00-05:00,55.971409091601664,56.21606591555523,53.85512456836094,54.63191223144531,17073695,0.0,0.0
2022-01-27 00:00:00-05:00,55.047831840723404,56.130436818403844,53.86736113473365,54.98666763305664,12527109,0.0,0.0
2022-01-28 00:00:00-05:00,54.61968511966922,56.36898079744494,54.34444617139864,56.33228302001953,10398756,0.0,0.0
2022-01-31 00:00:00-05:00,56.03257554089056,57.83692343483934,55.67782537898706,57.78799057006836,11238219,0.0,0.0
2022-02-01 00:00:00-05:00,58.10604485496109,60.19785921903364,57.953130593673116,59.9103889465332,13080224,0.0,0.0
2022-02-02 00:00:00-05:00,59.73912902657604,60.29572631434994,58.81555023655986,59.96543884277344,8926564,0.0,0.0
2022-02-03 00:00:00-05:00,59.421072364449074,60.650472105343916,59.05408714358179,60.13669204711914,9972924,0.0,0.0
2022-02-04 00:00:00-05:00,59.75748445693112,61.194843454499235,59.72078667834432,60.55873489379883,10278374,0.0,0.0
2022-02-07 00:00:00-05:00,60.77891280577132,61.52511829376188,60.24678576310854,61.103084564208984,7039456,0.0,0.0
2022-02-08 00:00:00-05:00,61.15202810612724,61.47008050408166,60.3263112608056,60.742225646972656,8279712,0.0,0.0
2022-02-09 00:00:00-05:00,61.31717422398245,61.45173774401632,60.62601709645216,60.70553207397461,10632457,0.0,0.0
2022-02-10 00:00:00-05:00,60.179507013485754,61.580167970397795,59.94096587972342,60.424163818359375,8848717,0.0,0.0
2022-02-11 00:00:00-05:00,60.56484633910198,61.30493625670817,58.82166639988181,59.22534942626953,11966771,0.0,0.0
2022-02-14 00:00:00-05:00,59.15195089734432,59.57398466303219,58.44856253621552,59.08467102050781,11172731,0.0,0.0
2022-02-15 00:00:00-05:00,59.9348541464446,62.008321452989804,59.9103877153392,61.726966857910156,10741924,0.0,0.0
2022-02-16 00:00:00-05:00,61.21929884011608,62.33248955670378,61.09697043686817,62.026668548583984,7850670,0.0,0.0
2022-02-17 00:00:00-05:00,61.37833248645021,61.42726535172671,59.86757427541357,60.222328186035156,6229366,0.0,0.0
2022-02-18 00:00:00-05:00,60.19785610051938,60.53426296386191,56.222182884368735,56.693145751953125,25110235,0.0,0.0
2022-02-22 00:00:00-05:00,56.66256850796838,58.2406065870698,56.49742289780018,57.58614730834961,12349746,0.0,0.0
2022-02-23 00:00:00-05:00,57.3659509378405,58.02041014846713,56.460719247183384,56.668678283691406,11839969,0.0,0.0
2022-02-24 00:00:00-05:00,55.40870025811486,56.93780541785842,53.6410539444407,56.601402282714844,18285861,0.0,0.0
2022-02-25 00:00:00-05:00,57.13352546787706,59.586209066368205,56.919447029152295,58.94398498535156,11191511,0.0,0.0
2022-02-28 00:00:00-05:00,57.959252440847685,58.607592307860855,57.57391642575564,58.41798400878906,10142743,0.0,0.0
2022-03-01 00:00:00-05:00,58.08157379707041,58.75438001491408,56.19159921793538,56.47295379638672,10806289,0.0,0.0
2022-03-02 00:00:00-05:00,57.164112772092146,58.07546015714776,56.93168729977763,57.59225845336914,7131107,0.0,0.0
2022-03-03 00:00:00-05:00,58.06933792048016,58.2895320393694,56.258878326081415,56.546348571777344,7420184,0.0,0.0
2022-03-04 00:00:00-05:00,55.1823951209795,55.34142132205056,53.5309614085923,54.52182388305664,13545059,0.0,0.0
2022-03-07 00:00:00-05:00,54.28306213958707,54.61364628923995,52.21385343300396,52.268951416015625,11428423,0.049841,0.0
2022-03-08 00:00:00-05:00,53.27906500179416,55.37276202463332,52.373020150027465,53.9647216796875,11006283,0.0,0.0
2022-03-09 00:00:00-05:00,55.99107777345746,56.92773225029498,55.77068958726544,55.862518310546875,10394261,0.0,0.0
2022-03-10 00:00:00-05:00,53.732086841683284,56.07678158554111,53.53618332938585,55.91149139404297,13026132,0.0,0.0
2022-03-11 00:00:00-05:00,56.81141439508876,57.31341365835829,56.1135153573444,56.49307632446289,11342229,0.0,0.0
2022-03-14 00:00:00-04:00,56.591027729975316,57.53992455060375,56.2849319813855,56.59714889526367,9700540,0.0,0.0
2022-03-15 00:00:00-04:00,57.08690684153411,57.27668547176226,55.86864491112736,56.53593444824219,8189827,0.0,0.0
2022-03-16 00:00:00-04:00,57.22158564213437,58.42760137473279,56.77468435630322,57.97458267211914,8954332,0.0,0.0
2022-03-17 00:00:00-04:00,57.66848415530823,58.50718875753046,57.123632971812384,58.48270034790039,6982315,0.0,0.0
2022-03-18 00:00:00-04:00,58.519432067871094,58.71533559977424,57.888877062739056,58.519432067871094,11872231,0.0,0.0
2022-03-21 00:00:00-04:00,57.82152540506219,58.59901076833732,57.33177226224325,58.048038482666016,8799280,0.0,0.0
2022-03-22 00:00:00-04:00,58.305161229973244,58.91123153388064,57.91335794018544,58.097015380859375,7730288,0.0,0.0
2022-03-23 00:00:00-04:00,57.901122481480236,57.950099304172326,57.24607903137397,57.36239242553711,7854202,0.0,0.0
2022-03-24 00:00:00-04:00,57.78480468030339,57.80317192570795,57.33178219502596,57.61951446533203,8561245,0.0,0.0
2022-03-25 00:00:00-04:00,57.815411321018175,58.10314357671247,57.18485632146584,57.558292388916016,9227359,0.0,0.0
2022-03-28 00:00:00-04:00,57.3011654204327,57.32565382842354,55.53805252292963,56.321659088134766,12069336,0.0,0.0
2022-03-29 00:00:00-04:00,56.94610365731648,58.139877147244995,56.94610365731648,57.94397735595703,13794811,0.0,0.0
2022-03-30 00:00:00-04:00,57.31341235896314,58.243941889247495,57.11750884051269,57.90111541748047,9042452,0.0,0.0
2022-03-31 00:00:00-04:00,57.392998668029556,57.51543696922854,55.99720053499427,56.015567779541016,13203013,0.0,0.0
2022-04-01 00:00:00-04:00,56.38288001130423,56.6644910894509,55.776809699405874,56.62163543701172,9054811,0.0,0.0
2022-04-04 00:00:00-04:00,56.431861724603934,56.51756554008342,55.648255066714384,56.33390808105469,8249536,0.0,0.0
2022-04-05 00:00:00-04:00,56.11350704613794,56.52979869075963,55.04217211349623,55.15848922729492,10787509,0.0,0.0
2022-04-06 00:00:00-04:00,54.71159117354575,55.20134431390078,53.76269446410788,55.04217529296875,10556215,0.0,0.0
2022-04-07 00:00:00-04:00,54.987088954757475,55.14626175780025,53.31580451014885,54.766700744628906,11391666,0.0,0.0
2022-04-08 00:00:00-04:00,54.785062478203706,55.26256959403284,54.252453629864796,54.9381103515625,6447980,0.0,0.0
2022-04-11 00:00:00-04:00,54.815669586268015,56.0706620913377,54.5034489399317,54.8952522277832,8655143,0.0,0.0
2022-04-12 00:00:00-04:00,55.0972785949707,55.91761593401761,54.668744555750976,55.0972785949707,7240254,0.0,0.0
2022-04-13 00:00:00-04:00,55.19523703508777,55.98496492226963,55.09116596594732,55.55643081665039,6362268,0.0,0.0
2022-04-14 00:00:00-04:00,55.73395566002947,56.41348742376404,55.48295791376569,55.60539245605469,6146543,0.0,0.0
2022-04-18 00:00:00-04:00,55.69110694383602,56.01556995397535,55.03606350636064,55.342159271240234,6291965,0.0,0.0
2022-04-19 00:00:00-04:00,55.58702644334237,56.48082517532222,55.58702644334237,56.26043701171875,7394824,0.0,0.0
2022-04-20 00:00:00-04:00,56.62775246390004,57.00119223630449,55.86251317359061,55.954341888427734,6424385,0.0,0.0
2022-04-21 00:00:00-04:00,56.903242681433156,57.4113631059356,55.97271313717813,56.150245666503906,7225326,0.0,0.0
2022-04-22 00:00:00-04:00,55.64213737556628,55.89313516889516,54.472848481335376,54.52794647216797,7967682,0.0,0.0
2022-04-25 00:00:00-04:00,54.17899688401829,55.09728420440826,53.00358686486862,55.02381896972656,11080599,0.0,0.0
2022-04-26 00:00:00-04:00,52.00570962919856,52.17712475011991,48.001976433207616,49.336551666259766,46154289,0.0,0.0
2022-04-27 00:00:00-04:00,48.97536306543955,50.04669823053312,47.671393622273015,47.879539489746094,20213257,0.0,0.0
2022-04-28 00:00:00-04:00,47.989727535533575,48.17950614142512,46.43476045307472,47.5856819152832,19277327,0.0,0.0
2022-04-29 00:00:00-04:00,47.438755897187484,47.83055919306438,45.51647390524227,45.638912200927734,16677077,0.0,0.0
2022-05-02 00:00:00-04:00,45.3573036624946,46.42251380785382,44.4512587991868,46.251102447509766,18536095,0.0,0.0
2022-05-03 00:00:00-04:00,47.04694947659565,47.91626356727551,46.51434442510472,47.542823791503906,12595004,0.0,0.0
2022-05-04 00:00:00-04:00,47.867284548057675,49.44673988411261,47.27346038014231,49.23859405517578,12019739,0.0,0.0
2022-05-05 00:00:00-04:00,48.59579938443241,49.024333426768344,47.481612373725866,48.11216735839844,11491503,0.0,0.0
2022-05-06 00:00:00-04:00,47.95299618475221,47.9897269227756,46.642905706859935,47.89177703857422,8609237,0.0,0.0
2022-05-09 00:00:00-04:00,47.00410657055025,47.1142988013859,44.40840987957457,44.671653747558594,11266308,0.0,0.0
2022-05-10 00:00:00-04:00,45.30220025300163,45.730734225139265,43.551329882391755,44.87978744506836,10974181,0.0,0.0
2022-05-11 00:00:00-04:00,45.155274308277455,45.65726975590799,44.11454893035648,44.3471794128418,12465152,0.0,0.0
2022-05-12 00:00:00-04:00,43.91864420040869,45.430759161975914,43.569696612271294,44.861419677734375,13844409,0.0,0.0
2022-05-13 00:00:00-04:00,45.54096926585739,46.50822970037389,45.394042538923166,45.94501495361328,8309406,0.0,0.0
2022-05-16 00:00:00-04:00,45.49198551063272,46.15927497201037,45.13691295366713,45.68788528442383,10451563,0.0,0.0
2022-05-17 00:00:00-04:00,46.655151978960895,47.26122232701762,46.398033042654305,46.77146911621094,7218585,0.0,0.0
2022-05-18 00:00:00-04:00,46.31232087044957,46.84492593481133,45.80420046545672,46.036834716796875,11337253,0.0,0.0
2022-05-19 00:00:00-04:00,45.914397758806714,46.85717337279599,45.57769245012605,46.3674201965332,9992827,0.0,0.0
2022-05-20 00:00:00-04:00,46.59393545871443,46.795960168947204,44.85531071248917,46.06745147705078,11782667,0.0,0.0
2022-05-23 00:00:00-04:00,46.53882941813372,46.771463665522916,45.92051681123113,46.19600296020508,8467508,0.0,0.0
2022-05-24 00:00:00-04:00,45.74910771835167,45.83481528119788,44.11455785240053,45.620548248291016,9837776,0.0,0.0
2022-05-25 00:00:00-04:00,44.977752378672506,45.66340921273917,44.457389523972864,45.626678466796875,11389740,0.0,0.0
2022-05-26 00:00:00-04:00,46.049077807750415,47.573435299512234,45.730739746522524,47.144901275634766,7528368,0.0,0.0
2022-05-27 00:00:00-04:00,47.31631623289084,48.22848225904682,47.13265879467488,48.21623992919922,7819853,0.0,0.0
2022-05-31 00:00:00-04:00,47.72035910946129,48.38764851304548,47.60404198891449,47.928504943847656,8332038,0.0,0.0
2022-06-01 00:00:00-04:00,48.41214464405576,48.632532842750955,46.9490061537472,47.45712661743164,9514991,0.0,0.0
2022-06-02 00:00:00-04:00,47.76323027343448,48.15503366277112,47.24286739264528,47.75098419189453,9897164,0.0,0.0
2022-06-03 00:00:00-04:00,46.97961300702493,47.23061076733629,46.32456586603704,47.120418548583984,8463013,0.0,0.0
2022-06-06 00:00:00-04:00,47.69587975924684,47.92851027781314,46.99797695829641,47.1387825012207,7614722,0.0,0.0
2022-06-07 00:00:00-04:00,47.083694571551845,47.84281293556322,46.63067201976942,47.75098419189453,8227386,0.0,0.0
2022-06-08 00:00:00-04:00,46.949000188201055,47.922385336207746,46.844925393418244,47.23672866821289,5418794,0.0,0.0
2022-06-09 00:00:00-04:00,47.07144364859892,47.169393540954204,45.7613530616473,45.779720306396484,8114548,0.0,0.0
2022-06-10 00:00:00-04:00,44.702257355050556,44.78796491097656,43.3064592968757,43.6064338684082,15384656,0.0,0.0
2022-06-13 00:00:00-04:00,42.52898066529652,42.853443697229,41.102576554201036,41.457645416259766,15183217,0.0,0.0
2022-06-14 00:00:00-04:00,41.59844500575252,42.18614807975119,41.34132608225844,41.659664154052734,8634919,0.0,0.0
2022-06-15 00:00:00-04:00,42.216755977593614,42.86567817412565,41.5066146351922,42.30246353149414,10576600,0.0,0.0
2022-06-16 00:00:00-04:00,41.035230511330624,41.163793733772955,39.70065145156262,39.97001647949219,14550650,0.0,0.0
2022-06-17 00:00:00-04:00,39.90879262639449,40.85156823893473,39.51086817129258,40.40467071533203,14449368,0.0,0.0
2022-06-21 00:00:00-04:00,41.29846786765226,41.665782734669015,40.22713283885339,40.25162124633789,12972362,0.0,0.0
2022-06-22 00:00:00-04:00,39.290479893764655,40.03735573360039,39.28435872876949,39.510868072509766,15573094,0.0,0.0
2022-06-23 00:00:00-04:00,39.4067943296632,39.841449492458146,38.6170666404066,39.22313690185547,10841280,0.0,0.0
2022-06-24 00:00:00-04:00,39.584328555355114,41.61068132151386,39.43740187098839,41.06583023071289,16044991,0.0,0.0
2022-06-27 00:00:00-04:00,41.35390852135002,41.617466666733904,40.53872019037512,40.88808822631836,10911904,0.049841,0.0
2022-06-28 00:00:00-04:00,41.341646736045654,41.95456909275456,40.0606382599456,40.379356384277344,11313819,0.0,0.0
2022-06-29 00:00:00-04:00,40.28742227388981,40.45291357936628,38.78576234179639,39.03705978393555,11088303,0.0,0.0
2022-06-30 00:00:00-04:00,38.33833153994912,39.07997075066215,37.85412202520943,39.02480697631836,13967359,0.0,0.0
2022-07-01 00:00:00-04:00,38.914479455498046,39.558048066552765,38.1299371713408,38.945125579833984,10997455,0.0,0.0
2022-07-05 00:00:00-04:00,37.70088564800193,38.06863908362646,36.73246676636704,38.01960754394531,12889860,0.0,0.0
2022-07-06 00:00:00-04:00,37.731534795202634,38.22187274871322,37.22281142017105,37.73766326904297,7852596,0.0,0.0
2022-07-07 00:00:00-04:00,38.35059655397506,38.69383243431041,37.964453843039394,38.61415100097656,10110160,0.0,0.0
2022-07-08 00:00:00-04:00,38.54059234270171,39.45997595001098,38.12380360623117,38.767372131347656,9940822,0.0,0.0
2022-07-11 00:00:00-04:00,38.24025678500244,38.381230428852,37.64572359741197,37.94605255126953,7662393,0.0,0.0
2022-07-12 00:00:00-04:00,37.38829824841467,39.551915927198216,37.38829824841467,38.62640380859375,11678496,0.0,0.0
2022-07-13 00:00:00-04:00,38.03186475338977,38.430264311402055,37.517009189380005,38.007347106933594,6961770,0.0,0.0
2022-07-14 00:00:00-04:00,37.388298602032876,37.48636544116946,36.77537616631334,37.44346237182617,8179393,0.0,0.0
2022-07-15 00:00:00-04:00,38.050258359515574,38.60801705513619,37.38217211843467,38.52833938598633,9391720,0.0,0.0
2022-07-18 00:00:00-04:00,39.46610757172235,39.90128551621055,38.81641052130881,39.03093338012695,10607899,0.0,0.0
2022-07-19 00:00:00-04:00,39.533528088947484,40.94325347829534,39.521271141091944,40.90647888183594,10070675,0.0,0.0
2022-07-20 00:00:00-04:00,40.636792125074734,41.850380074664706,40.483561512898866,41.6113395690918,11004036,0.0,0.0
2022-07-21 00:00:00-04:00,41.49487997895445,41.887151062913595,41.12712654141009,41.75843811035156,9551106,0.0,0.0
2022-07-22 00:00:00-04:00,41.923928568192096,42.14457989546701,41.58069275322081,41.79521560668945,9009387,0.0,0.0
2022-07-25 00:00:00-04:00,41.298748526581235,42.24878213037263,41.08422565702353,41.8994140625,9468604,0.0,0.0
2022-07-26 00:00:00-04:00,42.70847796408892,44.970162892546895,42.38362751597331,43.83012771606445,28957643,0.0,0.0
2022-07-27 00:00:00-04:00,44.130445991857606,44.375614927762804,42.965889793415776,43.873016357421875,11570152,0.0,0.0
2022-07-28 00:00:00-04:00,45.693409199837426,45.907932071531825,44.688215564747914,44.829185485839844,18063717,0.0,0.0
2022-07-29 00:00:00-04:00,44.743369790657304,45.6750102763201,44.39400179386458,45.30112838745117,12729511,0.0,0.0
2022-08-01 00:00:00-04:00,44.927257920064434,46.79667159254676,44.55337218325342,46.459564208984375,14685317,0.0,0.0
2022-08-02 00:00:00-04:00,46.11631946952674,46.61278586094611,45.5524286120653,45.57694625854492,9290599,0.0,0.0
2022-08-03 00:00:00-04:00,45.92018401402899,46.15309603620551,45.39307148019503,45.80986022949219,9678390,0.0,0.0
2022-08-04 00:00:00-04:00,45.656632329879116,45.754699172911224,45.0866129408599,45.15403366088867,6942669,0.0,0.0
2022-08-05 00:00:00-04:00,45.006926927686685,45.993734990021096,44.865957027990675,45.57694625854492,7447953,0.0,0.0
2022-08-08 00:00:00-04:00,46.508593525957,47.06022371897605,45.88341038879979,46.07954406738281,9833442,0.0,0.0
2022-08-09 00:00:00-04:00,46.19599810410061,46.637304491366976,45.889536898870865,45.92631149291992,7581496,0.0,0.0
2022-08-10 00:00:00-04:00,46.71084924154567,47.68539653216467,46.52697253587763,47.28086853027344,16331500,0.0,0.0
2022-08-11 00:00:00-04:00,47.80798516094291,48.54962427395874,47.78346751414286,48.359615325927734,14557872,0.0,0.0
2022-08-12 00:00:00-04:00,48.598657545805935,49.01544629757574,48.15122267266755,48.990928649902344,8273452,0.0,0.0
2022-08-15 00:00:00-04:00,48.61092006149029,49.12577191739581,48.469946396773004,48.917381286621094,5467107,0.0,0.0
2022-08-16 00:00:00-04:00,48.61705237536999,49.830640423898785,48.5067248244517,49.689666748046875,9268610,0.0,0.0
2022-08-17 00:00:00-04:00,49.07060449737083,49.266738150712605,48.580266611124166,48.98479461669922,6485057,0.0,0.0
2022-08-18 00:00:00-04:00,48.89286504285581,48.96641423784336,48.427044717851274,48.54962921142578,6421014,0.0,0.0
2022-08-19 00:00:00-04:00,48.11444886195668,48.169612631897934,47.36055651573528,47.63637161254883,5801930,0.0,0.0
2022-08-22 00:00:00-04:00,46.66182255024245,46.68633644456317,45.57694762241754,45.83437728881836,8143279,0.0,0.0
2022-08-23 00:00:00-04:00,45.96309701533947,47.37894725395629,45.92019018817343,46.64344024658203,7642490,0.0,0.0
2022-08-24 00:00:00-04:00,46.67407679669213,47.366680587705645,46.508589255139974,47.035701751708984,7649392,0.0,0.0
2022-08-25 00:00:00-04:00,47.42184250977104,48.83769626784861,47.385067916043994,47.893795013427734,8349212,0.0,0.0
2022-08-26 00:00:00-04:00,48.0470207366178,48.187994376633405,46.097926185153064,46.134700775146484,8628819,0.0,0.0
2022-08-29 00:00:00-04:00,45.87115375122692,47.09699863288702,45.52791418204791,46.612789154052734,7868808,0.0,0.0
2022-08-30 00:00:00-04:00,47.047958003114715,47.30538765081679,45.55855513957906,46.04889678955078,6886330,0.0,0.0
2022-08-31 00:00:00-04:00,46.22052106253357,46.45343310643031,44.9640299767018,45.0130615234375,10274200,0.0,0.0
2022-09-01 00:00:00-04:00,44.896599410749346,44.896599410749346,43.78107848836659,44.79240036010742,8002191,0.0,0.0
2022-09-02 00:00:00-04:00,45.227574650988124,45.57694264158908,44.19786735659307,44.39400100708008,6479760,0.0,0.0
2022-09-06 00:00:00-04:00,44.436910064113434,44.522719955110325,43.60333630777075,44.228519439697266,6472859,0.0,0.0
2022-09-07 00:00:00-04:00,44.06915810256541,45.19693616553362,43.95883431287167,45.09886932373047,5494394,0.0,0.0
2022-09-08 00:00:00-04:00,44.46142454881741,45.405325776845565,44.179481000936896,45.2153205871582,5810597,0.0,0.0
2022-09-09 00:00:00-04:00,45.681150108388536,45.95083298926831,45.1601622629617,45.38081359863281,10795534,0.0,0.0
2022-09-12 00:00:00-04:00,45.60759322613645,46.88247333784853,45.51565486479834,46.16535186767578,11661482,0.0,0.0
2022-09-13 00:00:00-04:00,44.90273880229326,45.27049229962283,43.2846226634645,43.419464111328125,11574005,0.0,0.0
2022-09-14 00:00:00-04:00,43.333645378759044,43.51752208994459,42.095543691266585,42.92298889160156,9968109,0.0,0.0
2022-09-15 00:00:00-04:00,42.76975977777725,43.38881064292812,42.1384482130547,42.236515045166016,7908775,0.0,0.0
2022-09-16 00:00:00-04:00,40.08516153564378,40.82066846701275,39.95031634649048,40.691951751708984,22966955,0.0,0.0
2022-09-19 00:00:00-04:00,40.20161906653641,41.36617561339736,40.121941390264034,41.09648895263672,8045047,0.0,0.0
2022-09-20 00:00:00-04:00,40.728723355282426,41.18841511125594,40.416133711798864,40.81453323364258,8379870,0.0,0.0
2022-09-21 00:00:00-04:00,41.078094851538694,41.10874097402203,39.93805984573723,39.97483444213867,10164733,0.0,0.0
2022-09-22 00:00:00-04:00,39.83999092265961,40.27516508860578,39.54578666103518,40.06064224243164,11345279,0.0,0.0
2022-09-23 00:00:00-04:00,39.56417465209961,39.88902505570984,38.951252194640944,39.56417465209961,13124524,0.0,0.0
2022-09-26 00:00:00-04:00,39.60099636667509,40.6013011802375,39.40461930566207,39.49053192138672,16780605,0.049841,0.0
2022-09-27 00:00:00-04:00,39.797371933604104,40.07966911484305,38.975039733628336,39.56417465209961,12596770,0.0,0.0
2022-09-28 00:00:00-04:00,39.88329036565121,39.92625043167147,39.392343948617906,39.558040618896484,10686228,0.0,0.0
2022-09-29 00:00:00-04:00,39.13459563915403,39.34324860220912,37.999282135158055,38.49636459350586,14124337,0.0,0.0
2022-09-30 00:00:00-04:00,38.44113123591739,38.84002515794179,37.97473294013719,37.993141174316406,12709126,0.0,0.0
2022-10-03 00:00:00-04:00,38.514775141223296,39.50894387517286,38.14042925542085,39.030269622802734,8721754,0.0,0.0
2022-10-04 00:00:00-04:00,39.81578882271249,41.50955708824151,39.809652743572165,41.44818878173828,12441557,0.0,0.0
2022-10-05 00:00:00-04:00,40.926548131813085,41.85934850189619,40.53379403656695,41.38681411743164,9327837,0.0,0.0
2022-10-06 00:00:00-04:00,40.95109630828475,41.411362295096154,40.374233562766506,40.638118743896484,7953396,0.0,0.0
2022-10-07 00:00:00-04:00,40.26377092881567,40.36809552603381,39.33711043703642,39.61940383911133,6856315,0.0,0.0
2022-10-10 00:00:00-04:00,39.9201077334572,40.26990549457044,39.312560891611334,39.87714767456055,5764210,0.0,0.0
2022-10-11 00:00:00-04:00,39.57644699495848,40.04898515367413,38.711154727114945,39.27574157714844,8500412,0.0,0.0
2022-10-12 00:00:00-04:00,39.08550641923488,40.147179657231696,38.69888457341983,39.72987365722656,8598323,0.0,0.0
2022-10-13 00:00:00-04:00,39.08550045562837,41.951402274236955,38.77865896054498,41.69365692138672,12818915,0.0,0.0
2022-10-14 00:00:00-04:00,41.91457709962062,42.209146403155714,41.23338981243844,41.46658706665039,9106174,0.0,0.0
2022-10-17 00:00:00-04:00,42.3134768196471,43.07444449388521,41.99436316152286,42.11709976196289,8251944,0.0,0.0
2022-10-18 00:00:00-04:00,43.0744430849222,43.657441917942485,42.914886261079175,43.387420654296875,9806637,0.0,0.0
2022-10-19 00:00:00-04:00,43.1235318873937,43.55924597904028,42.55280530812711,43.28308868408203,8408280,0.0,0.0
2022-10-20 00:00:00-04:00,43.42424821350551,43.94587879124844,42.853521490131556,42.93943786621094,9609852,0.0,0.0
2022-10-21 00:00:00-04:00,42.95784619071173,44.73753074656173,42.80442543223757,44.68843460083008,10352529,0.0,0.0
2022-10-24 00:00:00-04:00,44.798899837114746,45.60895995307197,44.65775123381847,45.01982498168945,10913990,0.0,0.0
2022-10-25 00:00:00-04:00,46.02625887620586,46.1796796138749,43.62061945502569,44.798892974853516,15445168,0.0,0.0
2022-10-26 00:00:00-04:00,44.9768687125759,47.026570835184174,44.91549665050213,46.30855941772461,12975572,0.0,0.0
2022-10-27 00:00:00-04:00,46.824050885498785,47.640250785665465,46.57244160480555,46.63994598388672,10105505,0.0,0.0
2022-10-28 00:00:00-04:00,47.0633871710464,48.094376104735005,46.99588279316729,48.069828033447266,8648081,0.0,0.0
2022-10-31 00:00:00-04:00,47.73230511203392,48.39508428690004,47.585020433447035,47.75071334838867,10585428,0.0,0.0
2022-11-01 00:00:00-04:00,48.21097824659921,49.14991483587929,47.52979079827345,47.996192932128906,9174391,0.0,0.0
2022-11-02 00:00:00-04:00,47.922534037324475,48.88601840563547,47.42545166006789,47.49909210205078,10230221,0.0,0.0
2022-11-03 00:00:00-04:00,47.17385286358428,48.34598666253741,46.989744202820525,48.10051345825195,13947456,0.0,0.0
2022-11-04 00:00:00-04:00,49.088544516167495,49.80655592485812,48.744882766540705,49.75132369995117,11558435,0.0,0.0
2022-11-07 00:00:00-05:00,49.775870116804704,51.45122625712309,49.75132204460174,51.21802520751953,12864178,0.0,0.0
2022-11-08 00:00:00-05:00,51.42667517739441,51.985125938991416,50.72093974874283,51.54941177368164,10052376,0.0,0.0
2022-11-09 00:00:00-05:00,51.07074256478565,52.03422719486913,50.87436549444435,51.02778625488281,7961743,0.0,0.0
2022-11-10 00:00:00-05:00,52.304245004695595,52.574266276611446,51.64146586067939,52.396297454833984,13786304,0.0,0.0
2022-11-11 00:00:00-05:00,52.641768462179726,53.25545143753664,52.255146684685094,52.96702194213867,12490513,0.0,0.0
2022-11-14 00:00:00-05:00,52.76451110553696,53.45183461370338,52.574270112879276,52.67245864868164,7906367,0.0,0.0
2022-11-15 00:00:00-05:00,53.10817716664304,53.77095641277205,52.91180007911231,53.47638702392578,7913108,0.0,0.0
2022-11-16 00:00:00-05:00,53.286136190879134,53.3475044891111,51.948305786402514,52.10172653198242,7629328,0.0,0.0
2022-11-17 00:00:00-05:00,51.395994395728344,52.635636353978974,51.06460481253066,52.402435302734375,7466411,0.0,0.0
2022-11-18 00:00:00-05:00,53.07748355421909,53.482513573549504,52.07104270546963,52.457664489746094,6555521,0.0,0.0
2022-11-21 00:00:00-05:00,52.23060005498935,52.77677866963373,51.997402772450435,52.70927429199219,5247691,0.0,0.0
2022-11-22 00:00:00-05:00,52.960886730358375,53.752538589197776,52.77678182167711,53.5745735168457,6797569,0.0,0.0
2022-11-23 00:00:00-05:00,53.408871552573856,53.979598215956194,53.353639333932115,53.92436599731445,5867738,0.0,0.0
2022-11-25 00:00:00-05:00,53.82003988070944,54.2373420327623,53.60525084790965,54.090057373046875,3040207,0.0,0.0
2022-11-28 00:00:00-05:00,53.51319202557874,53.734120883100985,52.26127811566549,52.45152282714844,6876058,0.0,0.0
2022-11-29 00:00:00-05:00,52.62335890030971,52.727687265468454,52.13854857587689,52.5681266784668,7205262,0.0,0.0
2022-11-30 00:00:00-05:00,52.5558525591214,52.99156672397001,51.05232925619415,52.75836944580078,11654259,0.0,0.0
2022-12-01 00:00:00-05:00,52.90564973432994,53.151126681313535,52.08331755576508,52.32265090942383,6806718,0.0,0.0
2022-12-02 00:00:00-05:00,51.899215068834,53.359778359123865,51.80102278247031,53.31682205200195,7191459,0.0,0.0
2022-12-05 00:00:00-05:00,52.67858848164453,52.80746115445185,51.92989675767862,51.95444107055664,7568656,0.0,0.0
2022-12-06 00:00:00-05:00,53.151122585519815,53.451824213365214,51.837836614188795,52.334922790527344,9444207,0.0,0.0
2022-12-07 00:00:00-05:00,52.16310119628906,52.8258804011008,52.052640500520404,52.16310119628906,7801715,0.0,0.0
2022-12-08 00:00:00-05:00,52.531299590042245,52.893373266454304,50.74548303398343,51.32234573364258,10334231,0.0,0.0
2022-12-09 00:00:00-05:00,51.31621835218802,51.426682808257404,49.91088336466102,49.984527587890625,8899117,0.0,0.0
2022-12-12 00:00:00-05:00,50.15021349661951,51.09528604752436,49.72677148434173,51.06460189819336,7480054,0.0,0.0
2022-12-13 00:00:00-05:00,51.89921994436525,52.101733099528296,50.27909215776108,50.862091064453125,12391318,0.0,0.0
2022-12-14 00:00:00-05:00,50.60408766682813,51.19379553870643,49.96523997974656,50.04509735107422,12271899,0.049841,0.0
2022-12-15 00:00:00-05:00,49.18510820330666,49.88538343914038,48.2206928419949,48.4111213684082,15598294,0.0,0.0
2022-12-16 00:00:00-05:00,47.784562002785876,48.12855576446811,47.108858493303615,47.69856262207031,15978540,0.0,0.0
2022-12-19 00:00:00-05:00,47.45285380755208,48.12855733914206,47.42214001066163,47.950416564941406,7061125,0.0,0.0
2022-12-20 00:00:00-05:00,47.93812937334756,49.633533858274326,47.821416200663485,49.34482192993164,11196647,0.0,0.0
2022-12-21 00:00:00-05:00,49.78096023502115,51.3473676335533,49.73796242395804,50.972660064697266,12127441,0.0,0.0
2022-12-22 00:00:00-05:00,50.48124152981575,50.80680553358155,49.314113438634436,50.22938537597656,9730074,0.0,0.0
2022-12-23 00:00:00-05:00,50.192532745932475,50.61024193177935,49.73182574441629,50.241676330566406,5286213,0.0,0.0
2022-12-27 00:00:00-05:00,50.37066898228287,51.040230516154736,50.309241387637385,50.886661529541016,6804792,0.0,0.0
2022-12-28 00:00:00-05:00,50.97880140486756,51.08936881523191,49.9406743340075,50.352237701416016,6210907,0.0,0.0
2022-12-29 00:00:00-05:00,50.52423433986002,51.54393158549666,50.370665364276796,51.445648193359375,7088733,0.0,0.0
2022-12-30 00:00:00-05:00,50.92965437381965,51.61764562345296,50.84980076527726,51.470218658447266,6625342,0.0,0.0
2023-01-03 00:00:00-05:00,51.62993191777832,52.26877962024145,51.31665195403755,52.201210021972656,10280781,0.0,0.0
2023-01-04 00:00:00-05:00,53.83101581933332,55.23954772949219,52.524784250501924,55.23954772949219,21031104,0.0,1.281
2023-01-05 00:00:00-05:00,55.00347816800656,56.301845041802146,54.295278055027154,56.097251892089844,16001061,0.0,0.0
2023-01-06 00:00:00-05:00,56.66381279724651,56.91561627581517,55.6723318989074,56.60873031616211,13018044,0.0,0.0
2023-01-09 00:00:00-05:00,56.65594674844565,58.15890315432415,56.62447319082537,57.183162689208984,9488844,0.0,0.0
2023-01-10 00:00:00-05:00,56.813319227169494,59.30775258750602,56.813319227169494,59.22906494140625,11597142,0.0,0.0
2023-01-11 00:00:00-05:00,59.661856163733965,61.14120731717979,59.417921061342064,61.133338928222656,12729603,0.0,0.0
2023-01-12 00:00:00-05:00,61.28284225705172,62.32940562839263,60.81857724628876,62.053993225097656,14407871,0.0,0.0
2023-01-13 00:00:00-05:00,61.99105375010013,63.423194749286196,61.770723786966784,63.108436584472656,13843395,0.0,0.0
2023-01-17 00:00:00-05:00,62.88809211804053,63.47039045135677,62.76219038562294,63.33662033081055,10640727,0.0,0.0
2023-01-18 00:00:00-05:00,63.690724903440845,63.879573754348264,62.27432467101465,62.37662124633789,9816378,0.0,0.0
2023-01-19 00:00:00-05:00,61.33006332016607,61.96744423384958,60.330713927398214,60.480224609375,13045860,0.0,0.0
2023-01-20 00:00:00-05:00,61.05464994751194,61.18055169044393,59.543821509967906,61.12546920776367,10351409,0.0,0.0
2023-01-23 00:00:00-05:00,61.0703879818769,62.96678631484931,61.01530549806308,62.77006530761719,13729748,0.0,0.0
2023-01-24 00:00:00-05:00,61.377276278802896,63.619906377398245,60.96022532053733,63.50187301635742,16767395,0.0,0.0
2023-01-25 00:00:00-05:00,62.77793670743728,64.01334905507521,62.50252803633956,63.572696685791016,10652380,0.0,0.0
2023-01-26 00:00:00-05:00,64.11564283967321,64.194334251849,63.045477998120504,63.84810256958008,8158534,0.0,0.0
2023-01-27 00:00:00-05:00,63.73793515840443,66.09073382090989,63.65924374924489,65.4926986694336,9760244,0.0,0.0
2023-01-30 00:00:00-05:00,64.84744863014195,65.11498890221964,63.478266191233494,63.60416793823242,7175806,0.0,0.0
2023-01-31 00:00:00-05:00,63.3051606995638,63.66712920015886,62.534005836858775,63.328765869140625,8625026,0.0,0.0
2023-02-01 00:00:00-05:00,63.16350912299917,64.89466757624926,62.95891972098614,64.7766342163086,9112192,0.0,0.0
2023-02-02 00:00:00-05:00,64.67433321520105,66.12220699223693,64.4461349000856,66.05138397216797,10391129,0.0,0.0
2023-02-03 00:00:00-05:00,65.7130301888639,65.8546687108937,64.38318220142106,64.49334716796875,7240085,0.0,0.0
2023-02-06 00:00:00-05:00,64.10776108404193,64.87103979026784,63.92678065284106,64.80022430419922,5425114,0.0,0.0
2023-02-07 00:00:00-05:00,64.50908495148963,64.81597468930592,63.37596923522414,64.61138153076172,5891982,0.0,0.0
2023-02-08 00:00:00-05:00,64.28089314610419,64.99696166748404,63.9740034130727,64.49334716796875,4269472,0.0,0.0
2023-02-09 00:00:00-05:00,64.79237225477887,65.02057058992638,63.29728049233257,63.572696685791016,4838334,0.0,0.0
2023-02-10 00:00:00-05:00,63.58842410389477,64.01333963197912,63.2657976219784,63.966129302978516,4373095,0.0,0.0
2023-02-13 00:00:00-05:00,63.895309279048604,65.24876237542435,63.80088861662609,65.05990600585938,5114245,0.0,0.0
2023-02-14 00:00:00-05:00,64.62712278173726,65.9490949700572,64.4933526372338,65.73664093017578,6726731,0.0,0.0
2023-02-15 00:00:00-05:00,65.00482121315983,66.72023506661587,64.87104357583924,66.70449829101562,7305617,0.0,0.0
2023-02-16 00:00:00-05:00,65.79170780873089,66.52351303812313,65.29596926768194,66.137939453125,5645893,0.0,0.0
2023-02-17 00:00:00-05:00,65.77598457941755,65.9569725881907,64.70581587334485,65.34319305419922,5543523,0.0,0.0
2023-02-21 00:00:00-05:00,64.63500284243499,65.61074338664007,64.37532340393659,64.72942352294922,5101965,0.0,0.0
2023-02-22 00:00:00-05:00,64.65073812715639,66.35828404001992,64.60352026563,65.46122741699219,10829053,0.0,0.0
2023-02-23 00:00:00-05:00,65.69727208423683,66.42120884237124,64.44612329311535,65.26448822021484,10120732,0.0,0.0
2023-02-24 00:00:00-05:00,64.33597489355411,65.92548731083043,64.24941508954758,65.7445068359375,8704340,0.0,0.0
2023-02-27 00:00:00-05:00,66.09859612662531,66.7753151026235,65.69727825144047,65.97269439697266,8007297,0.0,0.0
2023-02-28 00:00:00-05:00,65.79958057885158,67.3969687867888,65.67367883817457,66.65728759765625,11441143,0.0,0.0
2023-03-01 00:00:00-05:00,66.61794187596085,67.16876666165588,65.90187341573716,66.2087631225586,7512988,0.0,0.0
2023-03-02 00:00:00-05:00,65.78384550639788,67.45991764421981,65.6107334293657,67.4520492553711,8546337,0.0,0.0
2023-03-03 00:00:00-05:00,67.59368455668304,68.4907410215818,67.00351780934437,67.97138977050781,9618780,0.0,0.0
2023-03-06 00:00:00-05:00,68.23917558624493,69.16856626430942,68.10528146760838,68.56997680664062,8084105,0.063847,0.0
2023-03-07 00:00:00-05:00,68.49122616994191,68.97954865189286,67.8138722301172,68.04228210449219,8643445,0.0,0.0
2023-03-08 00:00:00-05:00,68.3415687872966,68.84564254829282,67.7902334053741,68.50696563720703,7598067,0.0,0.0
2023-03-09 00:00:00-05:00,70.85406584455644,74.776396186456,70.7044128367713,72.11425018310547,35826152,0.0,0.0
2023-03-10 00:00:00-05:00,72.3820515276136,74.19357154831047,71.5077980137701,71.6731948852539,23152683,0.0,0.0
2023-03-13 00:00:00-04:00,70.64928800022496,71.46053596007326,69.04255097402655,70.07432556152344,14201502,0.0,0.0
2023-03-14 00:00:00-04:00,71.80709838867188,73.31144422437728,71.04310441674427,71.80709838867188,14218418,0.0,0.0
2023-03-15 00:00:00-04:00,70.0900681123514,70.696533203125,68.0895246455737,70.696533203125,15107797,0.0,0.0
2023-03-16 00:00:00-04:00,70.41300872146007,72.53957860030958,69.75928940397677,72.43718719482422,10183883,0.0,0.0
2023-03-17 00:00:00-04:00,72.29542626889182,72.32692900389081,70.37363896460342,71.11399841308594,12765689,0.0,0.0
2023-03-20 00:00:00-04:00,71.38178195637242,71.85435306716298,70.42088836834283,70.82257080078125,8705343,0.0,0.0
2023-03-21 00:00:00-04:00,71.65744266038361,73.27993874126936,71.64169129465334,72.60258483886719,8553980,0.0,0.0
2023-03-22 00:00:00-04:00,72.84673572238786,72.93337575093523,70.53114223150885,70.5626449584961,8784783,0.0,0.0
2023-03-23 00:00:00-04:00,71.3817753517909,73.20904663075738,71.30301852683536,72.13788604736328,10834691,0.0,0.0
2023-03-24 00:00:00-04:00,71.33451504730735,72.73646923214415,71.13760794339244,71.96460723876953,8342975,0.0,0.0
2023-03-27 00:00:00-04:00,72.68133633167015,73.75249677572529,72.54744221732979,73.49258422851562,7524516,0.0,0.0
2023-03-28 00:00:00-04:00,73.51620940918986,73.83125171871023,72.90186862335989,73.35868072509766,5023152,0.0,0.0
2023-03-29 00:00:00-04:00,74.01240906716535,74.36683732013522,73.77612356518543,74.08329772949219,6162254,0.0,0.0
2023-03-30 00:00:00-04:00,73.99667499089328,74.28021464777498,73.68950075482651,74.07543182373047,6623107,0.0,0.0
2023-03-31 00:00:00-04:00,74.45348344203266,75.3513639054807,74.28020337741441,75.29623413085938,9247391,0.0,0.0
2023-04-03 00:00:00-04:00,75.41436905093559,76.35162782738365,75.10719489341155,76.33587646484375,6199468,0.0,0.0
2023-04-04 00:00:00-04:00,76.36739018145292,77.08412238550419,74.56374614888422,74.863037109375,8554983,0.0,0.0
2023-04-05 00:00:00-04:00,74.80791073476267,75.0756989809048,73.76825294879988,74.23294830322266,10642230,0.0,0.0
2023-04-06 00:00:00-04:00,74.13055106088524,74.34320951636121,73.6737314244797,73.72099304199219,8025340,0.0,0.0
2023-04-10 00:00:00-04:00,73.90215403506687,74.81579346602797,73.7288814857467,74.31959533691406,7499832,0.0,0.0
2023-04-11 00:00:00-04:00,74.43772771801555,74.79215601509931,73.94152960796492,73.96516418457031,6663078,0.0,0.0
2023-04-12 00:00:00-04:00,74.24083321505424,74.56375880456842,73.88640489368508,74.11481475830078,8768118,0.0,0.0
2023-04-13 00:00:00-04:00,74.33534422684127,74.5795054419038,73.61861194658248,74.27233123779297,11044694,0.0,0.0
2023-04-14 00:00:00-04:00,73.92578626998797,75.32774824570001,73.88640785359176,75.17022705078125,7211767,0.0,0.0
2023-04-17 00:00:00-04:00,75.31199429790995,76.28076354272457,75.20172720644592,76.2177505493164,7676003,0.0,0.0
2023-04-18 00:00:00-04:00,76.39888591479075,77.59606470583482,76.28861885277368,77.55667877197266,8909832,0.0,0.0
2023-04-19 00:00:00-04:00,77.64335146825711,78.21831406303961,77.51733299139167,77.9977798461914,7038101,0.0,0.0
2023-04-20 00:00:00-04:00,78.2104346027981,79.1319423174688,78.02140313195903,78.57273864746094,8661237,0.0,0.0
2023-04-21 00:00:00-04:00,78.74601133303247,78.82477570088294,78.07654055897419,78.3758316040039,5112741,0.0,0.0
2023-04-24 00:00:00-04:00,78.43096154595503,79.36822054151237,78.43096154595503,78.87989807128906,7833505,0.0,0.0
2023-04-25 00:00:00-04:00,80.2976192729921,80.34488090563619,76.83210001292157,77.5330810546875,11649768,0.0,0.0
2023-04-26 00:00:00-04:00,77.36766563781349,77.54093817112579,75.68216427935421,75.77667999267578,8032357,0.0,0.0
2023-04-27 00:00:00-04:00,76.41465618498277,77.33617131367372,76.0838549170766,77.23377990722656,9348633,0.0,0.0
2023-04-28 00:00:00-04:00,76.50129219669726,78.54122194734998,76.30438507702816,77.95050811767578,6279159,0.0,0.0
2023-05-01 00:00:00-04:00,78.36006606825919,80.33699035625501,78.26555034979462,79.6911392211914,7408237,0.0,0.0
2023-05-02 00:00:00-04:00,79.24220078964466,80.36062306651267,78.91140704570746,79.95105743408203,7485046,0.0,0.0
2023-05-03 00:00:00-04:00,80.24248569006024,81.08523653122451,79.79354161251767,80.15584564208984,5917543,0.0,0.0
2023-05-04 00:00:00-04:00,79.93530193030556,80.1400847359204,76.72182767706708,78.2261734008789,9055431,0.0,0.0
2023-05-05 00:00:00-04:00,79.21857104684895,80.14796184186271,78.56485173485343,78.9507827758789,6302841,0.0,0.0
2023-05-08 00:00:00-04:00,78.93503083925914,79.63601177180442,78.93503083925914,79.48636627197266,4282128,0.0,0.0
2023-05-09 00:00:00-04:00,79.36821405659053,80.25822641009496,79.36821405659053,79.54936981201172,6520737,0.0,0.0
2023-05-10 00:00:00-04:00,79.92742485430983,80.07707034995802,77.54881817148173,78.39944458007812,5053224,0.0,0.0
2023-05-11 00:00:00-04:00,78.28919908163631,78.74601133303247,77.83237930090567,78.3758316040039,5117628,0.0,0.0
2023-05-12 00:00:00-04:00,78.43095310688473,78.7617468206255,76.95810264224679,77.81661224365234,4332874,0.0,0.0
2023-05-15 00:00:00-04:00,78.08440954028329,80.58115922295026,77.9898938128426,80.33699798583984,7973716,0.0,0.0
2023-05-16 00:00:00-04:00,79.7305282726973,80.51814172218039,79.46273247171298,79.65176391601562,5523851,0.0,0.0
2023-05-17 00:00:00-04:00,80.23460455385336,81.58142916561754,79.98256763991701,81.49478912353516,6871703,0.0,0.0
2023-05-18 00:00:00-04:00,81.03796826464625,82.1327559472234,80.12433634668747,81.92010498046875,5772320,0.0,0.0
2023-05-19 00:00:00-04:00,82.32178720728575,83.31418348099312,81.78621065618447,82.11700439453125,7230687,0.0,0.0
2023-05-22 00:00:00-04:00,81.99098489628898,83.44020087416152,81.99098489628898,82.34541320800781,4996087,0.0,0.0
2023-05-23 00:00:00-04:00,81.80196089044685,82.0224950658501,79.76990674470765,80.1007080078125,5738239,0.0,0.0
2023-05-24 00:00:00-04:00,79.76990063509187,79.919546125035,78.69086441827478,79.53361511230469,6275400,0.0,0.0
2023-05-25 00:00:00-04:00,79.86441515560863,80.40786733229149,79.18706132592722,79.95892333984375,6737506,0.0,0.0
2023-05-26 00:00:00-04:00,80.01405894511772,81.8728328022826,79.9904318995604,80.91981506347656,6796523,0.0,0.0
2023-05-30 00:00:00-04:00,81.14036103755743,81.17973945255775,79.28158690953717,80.65203857421875,7098370,0.0,0.0
2023-05-31 00:00:00-04:00,79.80140764131072,80.2109657224071,78.53334745589056,79.96680450439453,13358734,0.0,0.0
2023-06-01 00:00:00-04:00,79.71476683352539,82.8337328596328,79.60449974942395,82.43992614746094,7797043,0.0,0.0
2023-06-02 00:00:00-04:00,83.09364762711559,84.0466654673596,82.3375369128063,83.3299331665039,7477278,0.0,0.0
2023-06-05 00:00:00-04:00,83.3299308993243,83.3299308993243,81.99098205566406,81.99098205566406,5108732,0.0,0.0
2023-06-06 00:00:00-04:00,82.17213660633753,83.57409088925144,81.99098085336942,83.06214141845703,7794036,0.0,0.0
2023-06-07 00:00:00-04:00,83.99154446833832,84.53499674813968,83.2039234116011,83.55047607421875,9121088,0.0,0.0
2023-06-08 00:00:00-04:00,83.3614390585455,84.44835097691204,83.19603467204068,83.54258728027344,4477596,0.0,0.0
2023-06-09 00:00:00-04:00,83.71587157074276,83.9206468496314,82.76285373237641,83.72374725341797,4365076,0.0,0.0
2023-06-12 00:00:00-04:00,83.73163024477033,84.1884499971399,83.2117974961656,83.66861724853516,4677449,0.0,0.0
2023-06-13 00:00:00-04:00,83.51109372079746,84.393222938128,83.3378136329882,84.07030487060547,5411582,0.0,0.0
2023-06-14 00:00:00-04:00,84.05453237163076,84.11754535590897,81.88070864801958,82.46354675292969,6429268,0.0,0.0
2023-06-15 00:00:00-04:00,82.25877219034919,83.2039143436947,81.90435141217795,83.02276611328125,8733159,0.0,0.0
2023-06-16 00:00:00-04:00,83.44808551742427,85.77156276462769,83.4402098338293,83.71588134765625,13731752,0.0,0.0
2023-06-20 00:00:00-04:00,83.55046702512242,83.65285842904862,81.44753175597124,81.927978515625,8068443,0.0,0.0
2023-06-21 00:00:00-04:00,81.62868816446303,83.24330868239325,81.58143406376293,82.73922729492188,5983576,0.0,0.0
2023-06-22 00:00:00-04:00,82.43205649288835,83.32206138393238,82.41630512676963,82.55807495117188,5292046,0.0,0.0
2023-06-23 00:00:00-04:00,81.19549280011707,82.20364038991185,80.84106450132988,81.73894500732422,7532911,0.0,0.0
2023-06-26 00:00:00-04:00,81.54203190023753,82.78647246052257,81.40813777888182,82.26664733886719,5326378,0.0,0.0
2023-06-27 00:00:00-04:00,82.40843094875206,82.8652431625391,82.19577244359799,82.6368408203125,5973427,0.0,0.0
2023-06-28 00:00:00-04:00,82.92825025725263,84.56649765763245,82.6762133540147,84.31446075439453,6009012,0.0,0.0
2023-06-29 00:00:00-04:00,83.66073866271604,84.92880646278302,83.51896883777283,84.85791778564453,4070746,0.0,0.0
2023-06-30 00:00:00-04:00,85.8424291712,86.84270857994508,85.53526250509161,86.51978302001953,9250648,0.0,0.0
2023-07-03 00:00:00-04:00,85.89755919325077,86.11021012509084,84.51922456574988,85.28321838378906,3723916,0.0,0.0
2023-07-05 00:00:00-04:00,85.23598424997948,85.84244957342602,84.87368019273434,85.57466125488281,4588235,0.0,0.0
2023-07-06 00:00:00-04:00,85.07057161007513,85.65340977331287,84.16480786992639,84.56649780273438,4594375,0.0,0.0
2023-07-07 00:00:00-04:00,84.3853476732038,85.74792368633352,84.22782648023325,85.27536010742188,4843847,0.0,0.0
2023-07-10 00:00:00-04:00,85.44875091560819,87.2773809114952,85.41722489082414,87.11973571777344,5805400,0.063847,0.0
2023-07-11 00:00:00-04:00,87.27738829534651,87.90794651887785,86.8832828126007,87.66360473632812,4746113,0.0,0.0
2023-07-12 00:00:00-04:00,87.71878360511488,88.25476379713409,87.4035082308938,87.6478500366211,5403938,0.0,0.0
2023-07-13 00:00:00-04:00,87.68724720359806,88.1365232238631,87.34831981172974,87.71089172363281,3477075,0.0,0.0
2023-07-14 00:00:00-04:00,87.49019761547149,87.66360583843607,86.72564623075912,86.92269897460938,3405529,0.0,0.0
2023-07-17 00:00:00-04:00,87.03303397973256,88.39661735455228,86.82021825528027,87.60053253173828,4557412,0.0,0.0
2023-07-18 00:00:00-04:00,87.41137158485412,88.14439684980081,87.11185175315626,87.53748321533203,4476718,0.0,0.0
2023-07-19 00:00:00-04:00,86.96209665247946,87.34043154847137,85.77979539319185,86.61528778076172,5604920,0.0,0.0
2023-07-20 00:00:00-04:00,86.73351842297491,88.15227994256527,86.67046637405126,87.67935943603516,5158852,0.0,0.0
2023-07-21 00:00:00-04:00,87.8369970910675,88.18380596484104,86.56011775138838,86.96209716796875,10277106,0.0,0.0
2023-07-24 00:00:00-04:00,87.01728562168448,87.4744356355826,86.74929177710776,86.89905548095703,6687261,0.0,0.0
2023-07-25 00:00:00-04:00,90.24888850937778,92.97606292341166,89.56315980399377,92.34550476074219,21329067,0.0,0.0
2023-07-26 00:00:00-04:00,92.32974739791781,92.526792597427,89.42129063067578,90.42230224609375,9449750,0.0,0.0
2023-07-27 00:00:00-04:00,91.0843857966716,92.42432478995933,90.58782074594563,90.97403717041016,7752311,0.0,0.0
2023-07-28 00:00:00-04:00,91.06075316265195,91.31297647419883,89.87057017290765,90.1622085571289,5600785,0.0,0.0
2023-07-31 00:00:00-04:00,90.2016058688036,90.44594764509516,89.63409971470988,90.0439682006836,5169252,0.0,0.0
2023-08-01 00:00:00-04:00,89.61045892635859,90.01243838750972,88.49121711978584,89.24000549316406,6595040,0.0,0.0
2023-08-02 00:00:00-04:00,89.04294129029478,89.46069124656829,88.22321945949872,88.25474548339844,5377375,0.0,0.0
2023-08-03 00:00:00-04:00,88.14439898702645,89.20058862720104,87.92370174461375,88.56214141845703,4347409,0.0,0.0
2023-08-04 00:00:00-04:00,88.9247127555865,89.75232364205425,88.12075392236694,89.11388397216797,6118274,0.0,0.0
2023-08-07 00:00:00-04:00,89.49222385144877,90.62722860940843,89.49222385144877,90.43018341064453,4140914,0.0,0.0
2023-08-08 00:00:00-04:00,90.16219089642748,90.5089922306975,89.16117181896895,89.5000991821289,4735463,0.0,0.0
2023-08-09 00:00:00-04:00,89.77596746458195,89.79961951764683,88.26262788326223,88.41238403320312,3900213,0.0,0.0
2023-08-10 00:00:00-04:00,88.63308765462321,90.67452596310956,88.63308765462321,89.515869140625,5853515,0.0,0.0
2023-08-11 00:00:00-04:00,89.49222060392792,90.9503896824114,89.42128704751137,90.32771301269531,4463437,0.0,0.0
2023-08-14 00:00:00-04:00,90.24888904899368,91.31296019324232,90.0124287947162,91.07649993896484,4916020,0.0,0.0
2023-08-15 00:00:00-04:00,90.36712282815301,90.37500433462074,89.43705232065514,89.73656463623047,4276614,0.0,0.0
2023-08-16 00:00:00-04:00,89.6419807814824,90.91098623157983,89.43705407440235,89.515869140625,4614924,0.0,0.0
2023-08-17 00:00:00-04:00,89.83903736986063,90.16220175993686,87.44290855590364,87.45867156982422,5734981,0.0,0.0
2023-08-18 00:00:00-04:00,86.93844954446108,88.22321787926836,86.717752311315,88.11286926269531,5651281,0.0,0.0
2023-08-21 00:00:00-04:00,88.30992957931062,88.65673850013854,87.50597063707026,88.2941665649414,3686075,0.0,0.0
2023-08-22 00:00:00-04:00,88.3966229037509,89.10600367319053,87.36407777448187,88.01040649414062,3308421,0.0,0.0
2023-08-23 00:00:00-04:00,87.88429518049006,89.66562861681433,87.88429518049006,89.43704986572266,3568043,0.0,0.0
2023-08-24 00:00:00-04:00,89.22423945622033,89.82327164160768,87.50596550218076,87.521728515625,4211960,0.0,0.0
2023-08-25 00:00:00-04:00,87.84487703309986,88.57002079219676,86.87539151897903,88.25474548339844,3903596,0.0,0.0
2023-08-28 00:00:00-04:00,88.71190489499197,90.07548834215683,88.39662204445006,89.8232650756836,3524313,0.0,0.0
2023-08-29 00:00:00-04:00,89.59469367796844,91.17109299020387,89.00354299401748,90.90310668945312,5833091,0.0,0.0
2023-08-30 00:00:00-04:00,90.52476784052168,91.10014795108195,89.81538705048466,90.09913635253906,6086573,0.0,0.0
2023-08-31 00:00:00-04:00,90.31193941984269,90.59568868206847,89.70502583376538,90.21735382080078,5218620,0.0,0.0
2023-09-01 00:00:00-04:00,90.65876339474296,91.00557229252794,89.4843435532508,90.0439682006836,4435119,0.0,0.0
2023-09-05 00:00:00-04:00,89.61045509418524,90.0045530314937,88.52273936208503,88.97201538085938,4406550,0.0,0.0
2023-09-06 00:00:00-04:00,88.94836224216955,89.9099662397595,88.22321849103288,88.81436157226562,5018014,0.0,0.0
2023-09-07 00:00:00-04:00,88.45178908334778,89.18481433528986,87.81334943631123,88.11286926269531,4139035,0.0,0.0
2023-09-08 00:00:00-04:00,87.88429281368396,88.3020352384594,87.66359557478725,88.05769348144531,3170967,0.0,0.0
2023-09-11 00:00:00-04:00,88.47544225407445,90.09124892412414,88.37297514203999,90.05972290039062,5272499,0.0,0.0
2023-09-12 00:00:00-04:00,90.05184708483826,92.07752233102833,89.85479435425096,90.64299774169922,5275255,0.0,0.0
2023-09-13 00:00:00-04:00,90.39865712546683,90.92674820271075,88.78284279780516,89.53951263427734,3508651,0.0,0.0
2023-09-14 00:00:00-04:00,90.1464261943779,92.38491720965345,90.10701866176953,91.15532684326172,6637768,0.0,0.0
2023-09-15 00:00:00-04:00,90.97401962293283,91.36024350780183,90.01241573306234,91.0291976928711,8437076,0.0,0.0
2023-09-18 00:00:00-04:00,91.25780116640473,92.55832519414876,90.57994634262775,91.88047790527344,4700880,0.0,0.0
2023-09-19 00:00:00-04:00,91.44695414650359,91.9671712314841,90.81639597445229,91.59671783447266,3882045,0.0,0.0
2023-09-20 00:00:00-04:00,91.84894868206338,92.74749320951585,90.50112058853254,90.52477264404297,5134919,0.0,0.0
2023-09-21 00:00:00-04:00,89.81538554185481,90.12277935810029,88.32568289383921,89.05870819091797,5760292,0.0,0.0
2023-09-22 00:00:00-04:00,88.9877797310276,89.22424000394525,87.54537357321014,87.68724822998047,6249463,0.0,0.0
2023-09-25 00:00:00-04:00,87.33230776375898,88.31037822793145,87.26131561638492,88.1210708618164,4741101,0.063847,0.0
2023-09-26 00:00:00-04:00,87.5531559951977,88.2946035595985,86.56719835593927,86.70917510986328,6022043,0.0,0.0
2023-09-27 00:00:00-04:00,87.26131080515985,88.0342995034756,86.88270363412826,87.46639251708984,5912656,0.0,0.0
2023-09-28 00:00:00-04:00,87.60048822832707,89.12280419732832,87.41906803805429,88.610107421875,5518337,0.0,0.0
2023-09-29 00:00:00-04:00,88.83885039440888,88.93350407857615,86.69340207479473,87.19821166992188,4924165,0.0,0.0
2023-10-02 00:00:00-04:00,87.11934460015297,87.71092073282256,85.26573687101353,85.80998992919922,5389278,0.0,0.0
2023-10-03 00:00:00-04:00,85.43137594070109,86.75650486478078,84.42963641394316,84.99755096435547,8624900,0.0,0.0
2023-10-04 00:00:00-04:00,85.16319045067613,86.14126082890957,84.68204243942755,85.8572998046875,4876551,0.0,0.0
2023-10-05 00:00:00-04:00,85.47870203522734,86.09393967813645,84.54006744323279,85.75476837158203,4819539,0.0,0.0
2023-10-06 00:00:00-04:00,85.46290861972784,88.26302987349814,85.14739891973481,87.92385864257812,5284026,0.0,0.0
2023-10-09 00:00:00-04:00,87.56104334493327,87.66358420639101,86.40156023535035,86.96947479248047,5418473,0.0,0.0
2023-10-10 00:00:00-04:00,87.71879381371504,89.12279440798523,87.43483279147742,87.9317626953125,5707039,0.0,0.0
2023-10-11 00:00:00-04:00,88.34191731098174,89.44619005206656,88.19205339433458,89.33576202392578,3580573,0.0,0.0
2023-10-12 00:00:00-04:00,89.5250769448484,89.71437676602015,87.3638543460078,87.8134536743164,3861746,0.0,0.0
2023-10-13 00:00:00-04:00,87.7897733858693,87.92386294133362,85.70743037700787,86.27534484863281,4578337,0.0,0.0
2023-10-16 00:00:00-04:00,86.67762804378576,87.49006023043404,85.17897361006987,86.08605194091797,5616698,0.0,0.0
2023-10-17 00:00:00-04:00,85.7784421782613,87.30864542101894,85.23418911395038,86.7801742553711,4916647,0.0,0.0
2023-10-18 00:00:00-04:00,85.99138003848113,86.43309211246209,84.72146913626909,84.84767150878906,6080433,0.0,0.0
2023-10-19 00:00:00-04:00,84.92656474715824,86.05449910780636,84.13779413430873,84.35865020751953,5035055,0.0,0.0
2023-10-20 00:00:00-04:00,84.16145955524338,84.58739736472025,83.23860686858313,83.67242431640625,9714760,0.0,0.0
2023-10-23 00:00:00-04:00,83.98793379070385,85.4234907875189,83.76707770806712,84.15357208251953,7300229,0.0,0.0
2023-10-24 00:00:00-04:00,87.59259511951933,90.62146003542898,85.43925976001033,89.6197280883789,15904078,0.0,0.0
2023-10-25 00:00:00-04:00,90.17976798653748,90.17976798653748,87.62416335135475,87.71092987060547,8224191,0.0,0.0
2023-10-26 00:00:00-04:00,88.16050638267907,88.59433136300696,84.37442693926455,85.81787109375,9738191,0.0,0.0
2023-10-27 00:00:00-04:00,86.16492124646093,86.63818207371146,83.39634842317456,83.88538360595703,6677237,0.0,0.0
2023-10-30 00:00:00-04:00,84.80824793836348,87.14299593916253,84.72936861646396,86.6145248413086,5611435,0.0,0.0
2023-10-31 00:00:00-04:00,86.37788607888987,86.56718587672523,85.25783148538017,85.68376922607422,6349452,0.0,0.0
2023-11-01 00:00:00-04:00,85.4234823366989,85.4471438702855,83.475228759566,84.59527587890625,12703791,0.0,0.0
2023-11-02 00:00:00-04:00,85.88097853791285,86.1570448749938,84.6820519638785,85.0133285522461,9398127,0.0,0.0
2023-11-03 00:00:00-04:00,85.62067314740011,86.33056442864043,85.25784032856549,85.91252136230469,6941620,0.0,0.0
2023-11-06 00:00:00-05:00,86.20436038379142,88.2472676876544,85.61278432743549,88.16838836669922,6131806,0.0,0.0
2023-11-07 00:00:00-05:00,87.83712271453271,89.07548522746008,87.44273360110688,88.1841812133789,5237415,0.0,0.0
2023-11-08 00:00:00-05:00,88.49967250696228,89.9588909332026,88.33403422723583,89.80113983154297,6065021,0.0,0.0
2023-11-09 00:00:00-05:00,90.19552787527473,90.52681199899637,89.07548064591921,89.2016830444336,5786605,0.0,0.0
2023-11-10 00:00:00-05:00,89.70649503807216,91.14993925112343,89.28056475931425,90.92119598388672,4382618,0.0,0.0
2023-11-13 00:00:00-05:00,90.81865751922113,91.9387123484683,90.47949373914857,91.11839294433594,5753776,0.0,0.0
2023-11-14 00:00:00-05:00,91.89137981412655,92.72747355890505,91.15782693526296,92.48295593261719,6007634,0.0,0.0
2023-11-15 00:00:00-05:00,92.25421127966577,92.68014909471663,91.27614078919208,91.73362731933594,5245309,0.0,0.0
2023-11-16 00:00:00-05:00,91.96236376597868,93.83174564181743,91.74150769605508,93.81596374511719,5825072,0.0,0.0
2023-11-17 00:00:00-05:00,94.12358667974688,94.7151627477879,93.81596410823622,94.59684753417969,5186418,0.0,0.0
2023-11-20 00:00:00-05:00,94.59684735544444,95.23574649159224,94.36810410687922,94.707275390625,5190678,0.0,0.0
2023-11-21 00:00:00-05:00,94.49431546628999,94.84926114012946,93.89485216427158,94.5653076171875,3506019,0.0,0.0
2023-11-22 00:00:00-05:00,94.5731859079443,95.0385595837075,94.14724812323789,94.33655548095703,3773785,0.0,0.0
2023-11-24 00:00:00-05:00,94.63629751874905,94.9281457772845,94.39966705629303,94.62841033935547,1981995,0.0,0.0
2023-11-27 00:00:00-05:00,94.41544141508017,94.90447669877932,94.11571351747561,94.62841033935547,3984415,0.0,0.0
2023-11-28 00:00:00-05:00,94.62838890323499,94.73881693005421,93.51622899775855,93.7449722290039,4378107,0.0,0.0
2023-11-29 00:00:00-05:00,94.2734525870286,94.41542933827688,93.42947171760015,93.75286865234375,3792831,0.0,0.0
2023-11-30 00:00:00-05:00,93.90273614439243,96.1033947230365,93.78442092380972,96.07184600830078,10174611,0.0,0.0
2023-12-01 00:00:00-05:00,95.99295060078714,97.21554603555339,95.81153798112251,96.62397003173828,5668572,0.0,0.0
2023-12-04 00:00:00-05:00,96.07972753075667,96.55298838522656,95.56703078518873,95.85887145996094,4747116,0.0,0.0
2023-12-05 00:00:00-05:00,95.44871077741068,95.58280034073238,94.64416585715757,94.8334732055664,3688206,0.0,0.0
2023-12-06 00:00:00-05:00,95.50392925817408,96.68708143695373,94.41543076176153,94.502197265625,3964241,0.0,0.0
2023-12-07 00:00:00-05:00,94.25767956939588,94.66783547219845,93.20861696641374,94.24190521240234,5064626,0.0,0.0
2023-12-08 00:00:00-05:00,93.94215914537833,95.29884417671065,93.84751301416024,95.11742401123047,4925418,0.0,0.0
2023-12-11 00:00:00-05:00,95.11743478929228,95.36983958178682,94.36810759030388,94.87291717529297,4643869,0.0,0.0
2023-12-12 00:00:00-05:00,95.432939708742,96.60819710782256,95.1332043201581,96.48200225830078,4664543,0.0,0.0
2023-12-13 00:00:00-05:00,96.33213665480703,96.51355684267885,95.06222550099903,95.58280944824219,5506309,0.0,0.0
2023-12-14 00:00:00-05:00,95.54337059353502,96.5451025640929,94.57318733629904,95.7168960571289,10454155,0.0,0.0
2023-12-15 00:00:00-05:00,96.55298937355558,97.54683416198613,96.09550287084201,97.19977569580078,13586279,0.0,0.0
2023-12-18 00:00:00-05:00,97.54683963681497,97.68092921577,97.09724782749177,97.52317810058594,5206215,0.0,0.0
2023-12-19 00:00:00-05:00,97.57050022985263,99.36888993175137,97.57050022985263,99.33733367919922,5957138,0.0,0.0
2023-12-20 00:00:00-05:00,98.93506008684913,99.55818482418542,97.1918807175182,97.31019592285156,6231921,0.0,0.0
2023-12-21 00:00:00-05:00,97.98854251812415,100.21286243861071,97.956993806143,100.14976501464844,5185165,0.0,0.0
2023-12-22 00:00:00-05:00,100.48105713653567,100.98586672984399,99.52664820029547,99.92891693115234,4030650,0.0,0.0
2023-12-26 00:00:00-05:00,100.01567260480648,100.73345102390861,99.88947022014692,100.54414367675781,2480063,0.0,0.0
2023-12-27 00:00:00-05:00,100.15740386543425,101.34919108603488,100.11794321079788,101.1834487915039,3314310,0.063847,0.0
2023-12-28 00:00:00-05:00,101.02561204068283,101.9727282381665,100.8756464430378,101.2781753540039,3965494,0.0,0.0
2023-12-29 00:00:00-05:00,101.21502411270451,101.40445035779722,100.20477092570013,100.73357391357422,4441133,0.0,0.0
2024-01-02 00:00:00-05:00,100.24421904810339,101.14398228219606,98.84722895919953,99.40760040283203,5189425,0.0,0.0
2024-01-03 00:00:00-05:00,98.75253525253093,98.83145657274271,97.59231639482495,97.9159164428711,4531850,0.0,0.0
2024-01-04 00:00:00-05:00,98.1053183633338,99.26553702244021,98.00272066462057,98.38945770263672,4364199,0.0,0.0
2024-01-05 00:00:00-05:00,98.57889021716746,99.71543264375197,98.4447164318869,99.67597198486328,4190157,0.0,0.0
2024-01-08 00:00:00-05:00,99.62071254249771,101.36498671913921,98.03429608047675,101.24658966064453,6920068,0.0,0.0
2024-01-09 00:00:00-05:00,100.44944798103998,101.6412353515625,100.19688466947936,101.6412353515625,4815028,0.0,0.0
2024-01-10 00:00:00-05:00,101.57807420900238,102.73829286290129,101.42811618188274,102.36734008789062,4571320,0.0,0.0
2024-01-11 00:00:00-05:00,102.69883469901518,102.76197174562414,100.8756317572511,102.4699478149414,5014005,0.0,0.0
2024-01-12 00:00:00-05:00,103.07768528279564,103.23553545305745,101.95692719326692,102.4383773803711,5640380,0.0,0.0
2024-01-16 00:00:00-05:00,101.97272269309993,102.48574142382026,100.42576682433416,101.00192260742188,6314619,0.0,0.0
2024-01-17 00:00:00-05:00,100.56783738348413,101.56230636468588,99.59704479801401,100.14163208007812,5031171,0.0,0.0
2024-01-18 00:00:00-05:00,100.3941882708073,101.55440702995949,100.05481153260617,101.4596939086914,6508082,0.0,0.0
2024-01-19 00:00:00-05:00,101.57808328781886,102.64358892427435,100.58361437848384,102.45417022705078,6154611,0.0,0.0
2024-01-22 00:00:00-05:00,102.82512290755642,104.39575512806964,102.8093386448956,103.57492065429688,10052443,0.0,0.0
2024-01-23 00:00:00-05:00,100.73356399556788,104.08793079630169,99.84170041329268,102.56465148925781,13333800,0.0,0.0
2024-01-24 00:00:00-05:00,102.81722145207495,102.91193457145961,99.80223870956324,102.54887390136719,10785198,0.0,0.0
2024-01-25 00:00:00-05:00,103.10925294142275,104.57727988418013,102.35945520765638,102.54887390136719,6086573,0.0,0.0
2024-01-26 00:00:00-05:00,103.02242424522017,104.37206157403313,102.9119268717151,103.54334259033203,4696495,0.0,0.0
2024-01-29 00:00:00-05:00,103.70909195161263,104.29314738138736,102.3594545307467,103.4723129272461,6126544,0.0,0.0
2024-01-30 00:00:00-05:00,103.77223207977761,105.9821722211228,103.56702911894754,105.70592498779297,7871346,0.0,0.0
2024-01-31 00:00:00-05:00,105.57964299012825,106.1321299098946,104.27736586685516,104.51414489746094,6253472,0.0,0.0
2024-02-01 00:00:00-05:00,104.99558321290124,106.91349163484209,104.5535937270861,106.8740234375,6190572,0.0,0.0
2024-02-02 00:00:00-05:00,106.88982034278881,108.45256044385978,106.58201212844409,107.76590728759766,6103864,0.0,0.0
2024-02-05 00:00:00-05:00,107.32391696783421,109.42335216839952,107.14238285705876,108.68933868408203,7158013,0.0,0.0
2024-02-06 00:00:00-05:00,108.66565981362076,109.22603885078351,107.79747257137001,108.58673095703125,6026178,0.0,0.0
2024-02-07 00:00:00-05:00,109.40757170588694,109.5733215597536,108.8629844447622,109.31285858154297,5807655,0.0,0.0
2024-02-08 00:00:00-05:00,109.43124036504454,110.08633251247804,109.11554003295997,109.7469482421875,4327110,0.0,0.0
2024-02-09 00:00:00-05:00,109.71537942778271,110.04686402108888,109.08396367516697,109.92848205566406,4324604,0.0,0.0
2024-02-12 00:00:00-05:00,110.13368597078939,111.14394665677624,109.62855940032516,110.63092041015625,4516313,0.0,0.0
2024-02-13 00:00:00-05:00,110.36258141446515,111.9095373151756,109.46282558423812,111.89375305175781,9054930,0.0,0.0
2024-02-14 00:00:00-05:00,112.86454122725361,115.94266110060231,112.35152250587196,115.62696075439453,13116028,0.0,0.0
2024-02-15 00:00:00-05:00,116.0215848954191,117.5132882060387,115.85584259814749,117.10287475585938,8627532,0.0,0.0
2024-02-16 00:00:00-05:00,117.56064473201924,118.6735030806675,117.2133683415434,117.72638702392578,8616756,0.0,0.0
2024-02-20 00:00:00-05:00,117.61589412083639,118.65772333188704,116.66877802807367,117.3001937866211,7166032,0.0,0.0
2024-02-21 00:00:00-05:00,117.1818069331111,117.90792828135898,116.54249902895954,117.65536499023438,5302571,0.0,0.0
2024-02-22 00:00:00-05:00,118.27098485319617,120.16520947092857,118.27098485319617,119.70744323730469,5753024,0.0,0.0
2024-02-23 00:00:00-05:00,119.96790245419605,121.38857662133083,119.89686572781588,121.01761627197266,7066168,0.0,0.0
2024-02-26 00:00:00-05:00,121.27808015424152,122.47775956509331,121.19915129600753,122.15415954589844,7705449,0.0,0.0
2024-02-27 00:00:00-05:00,122.32778679815131,122.3435710598597,120.83608352601044,121.53852844238281,7300354,0.0,0.0
2024-02-28 00:00:00-05:00,121.67270414491772,123.84317597534962,121.40435660149565,122.81713104248047,7633025,0.0,0.0
2024-02-29 00:00:00-05:00,123.11706310028153,124.05628711174458,122.41461812456447,123.82740020751953,8177329,0.0,0.0
2024-03-01 00:00:00-05:00,123.9142070717945,125.7453022083252,123.8116093674723,125.21649169921875,8698201,0.0,0.0
2024-03-04 00:00:00-05:00,125.78477002761458,127.67899477578172,125.16125390977672,127.07916259765625,8402242,0.0,0.0
2024-03-05 00:00:00-05:00,127.4816881292718,127.97892258413523,123.58272625873886,124.59297943115234,8003663,0.0,0.0
2024-03-06 00:00:00-05:00,125.57165937146011,127.0554780941486,125.07442493523425,125.88736724853516,8198755,0.0,0.0
2024-03-07 00:00:00-05:00,127.89208426612805,131.59373502486145,127.52113903125043,131.41220092773438,14393838,0.0,0.0
2024-03-08 00:00:00-05:00,133.78788515218469,138.7602293937008,132.0830792565054,132.5645294189453,21242234,0.0,0.0
2024-03-11 00:00:00-04:00,131.87786204447377,132.9275757552812,128.63398516637565,131.4595489501953,9338609,0.0,0.0
2024-03-12 00:00:00-04:00,132.16199922664595,132.43823889391973,129.38378811212374,132.16989135742188,6928589,0.0,0.0
2024-03-13 00:00:00-04:00,130.6308361347426,135.00334823412476,130.6308361347426,134.3009033203125,8462887,0.0,0.0
2024-03-14 00:00:00-04:00,134.37193951227522,134.76657625438034,130.72554852883135,131.60952758789062,9460777,0.0,0.0
2024-03-15 00:00:00-04:00,130.7413368747163,134.5692620862945,130.1415047017039,133.29855346679688,13263757,0.0,0.0
2024-03-18 00:00:00-04:00,133.3537790077949,134.76656087881057,133.05386296487345,134.10357666015625,6228788,0.0,0.0
2024-03-19 00:00:00-04:00,134.02467792114427,137.2764323389536,133.38536998586724,136.90548706054688,9360787,0.0,0.0
2024-03-20 00:00:00-04:00,136.23459137056244,137.94728933112012,135.76103335722104,137.2764129638672,7229434,0.0,0.0
2024-03-21 00:00:00-04:00,137.82102791484195,139.73893674620655,136.61345624657977,139.41534423828125,7890893,0.0,0.0
2024-03-22 00:00:00-04:00,139.14697425832227,140.09409032334483,138.1840739315571,138.23931884765625,6842132,0.0,0.0
2024-03-25 00:00:00-04:00,137.85259314021567,138.52345446297986,136.37665899583072,136.9291534423828,6288181,0.0,0.0
2024-03-26 00:00:00-04:00,136.92914867995913,138.16039653754095,136.06884606075653,136.97650146484375,5056983,0.0,0.0
2024-03-27 00:00:00-04:00,138.13671356306307,142.3513677489492,137.8683660380536,142.1619415283203,12606433,0.0,0.0
2024-03-28 00:00:00-04:00,142.0277784286129,142.04356268983548,137.59211431286008,138.5392303466797,12122274,0.0,0.0
2024-04-01 00:00:00-04:00,138.5945013130117,138.93387804625604,136.58976416813647,138.4050750732422,7399592,0.0,0.0
2024-04-02 00:00:00-04:00,138.97657447993922,142.912575173477,132.50887454452558,134.96145629882812,20490400,0.0,1.253
2024-04-03 00:00:00-04:00,136.62287247142095,146.30466145455475,136.48442064657073,144.0102996826172,16208500,0.0,0.0
2024-04-04 00:00:00-04:00,145.02891675597078,150.30989956922232,144.59379321599624,145.7607421875,11880200,0.0,0.0
2024-04-05 00:00:00-04:00,146.8881363399838,154.74036936185365,146.8881363399838,154.57225036621094,14777900,0.0,0.0
2024-04-08 00:00:00-04:00,155.72932108072877,156.20401091493116,152.00099059701375,154.78982543945312,9588800,0.0,0.0
2024-04-09 00:00:00-04:00,154.4041277477669,156.12488395109858,149.26159701059666,152.78225708007812,8807300,0.0,0.0
2024-04-10 00:00:00-04:00,150.21100374058545,156.04577896486296,149.9736512738247,154.8788299560547,8075400,0.0,0.0
2024-04-11 00:00:00-04:00,155.333738692814,156.68858973770102,153.03937697726548,155.93698120117188,6063200,0.0,0.0
2024-04-12 00:00:00-04:00,154.45093373591553,155.52089715973486,151.60761466586186,153.1927490234375,6851300,0.28,0.0
2024-04-15 00:00:00-04:00,155.73884556643063,157.21500167265125,151.27077081044428,152.27137756347656,6423700,0.0,0.0
2024-04-16 00:00:00-04:00,151.28065741471138,155.5605104671361,150.5871669062979,155.30291748046875,6187200,0.0,0.0
2024-04-17 00:00:00-04:00,156.53141304112364,157.20508528414678,152.20203639127448,154.2230682373047,6519900,0.0,0.0
2024-04-18 00:00:00-04:00,155.22367545762847,156.53141351018388,151.45900798576238,151.51844787597656,6186600,0.0,0.0
2024-04-19 00:00:00-04:00,152.02369190491046,152.1029501255554,145.4156908178588,146.6837921142578,9566100,0.0,0.0
2024-04-22 00:00:00-04:00,147.44664676206457,150.49802038581515,147.44664676206457,148.79400634765625,7322800,0.0,0.0
2024-04-23 00:00:00-04:00,156.36298866719278,162.1288845223044,151.3995615290899,161.10845947265625,19250900,0.0,0.0
2024-04-24 00:00:00-04:00,160.36545576826893,160.83108845031808,154.11410798977562,157.7103729248047,10416000,0.0,0.0
2024-04-25 00:00:00-04:00,156.6205898192412,159.97908002224432,155.65960451447086,159.76112365722656,5908200,0.0,0.0
2024-04-26 00:00:00-04:00,159.51341662810847,161.8514811796579,158.81992610793694,160.84097290039062,5898000,0.0,0.0
2024-04-29 00:00:00-04:00,161.48493402190368,164.52640598630998,161.48493402190368,162.96109008789062,5371700,0.0,0.0
2024-04-30 00:00:00-04:00,162.03971986794346,164.71462055067755,160.07812804953312,160.31590270996094,6723600,0.0,0.0
2024-05-01 00:00:00-04:00,161.0589251671978,161.78213561166564,157.34378127738748,158.21559143066406,4775800,0.0,0.0
2024-05-02 00:00:00-04:00,159.88989923559402,161.30661542265173,157.93820893344744,161.12828063964844,5030400,0.0,0.0
2024-05-03 00:00:00-04:00,163.76358217872075,163.76358217872075,160.50415341424394,162.5846405029297,3968600,0.0,0.0
2024-05-06 00:00:00-04:00,163.58522159529736,166.41863879153095,163.496061764193,166.4087371826172,4831600,0.0,0.0
2024-05-07 00:00:00-04:00,166.25021179288046,169.21242533040723,165.66569944225552,167.21119689941406,4781800,0.0,0.0
2024-05-08 00:00:00-04:00,166.5375358633669,168.60810592546096,166.5375358633669,167.29046630859375,4878200,0.0,0.0
2024-05-09 00:00:00-04:00,167.19141367446883,167.76602453737618,165.5765743856221,165.94313049316406,4968800,0.0,0.0
2024-05-10 00:00:00-04:00,166.34928164024723,167.17156861151003,161.5938945750566,161.86138916015625,5711300,0.0,0.0
2024-05-13 00:00:00-04:00,161.5641819607338,161.5939019029861,157.38340542503985,158.0174560546875,7768600,0.0,0.0
2024-05-14 00:00:00-04:00,157.16545783038018,159.32520282804035,156.5611271094298,158.5128173828125,6103500,0.0,0.0
2024-05-15 00:00:00-04:00,158.51281366766327,162.21805612925047,157.74996651913887,161.9505615234375,7133300,0.0,0.0
2024-05-16 00:00:00-04:00,161.48493649116028,162.3963833984248,159.5926860612608,159.62240600585938,4283200,0.0,0.0
2024-05-17 00:00:00-04:00,160.31590783056197,160.37534771832753,157.6211887274811,158.40383911132812,5946300,0.0,0.0
2024-05-20 00:00:00-04:00,158.43358078067524,159.91963864643355,157.3438140826299,157.79953002929688,5586800,0.0,0.0
2024-05-21 00:00:00-04:00,156.47198449181658,159.72149639629893,155.8973736515535,159.5035400390625,5071300,0.0,0.0
2024-05-22 00:00:00-04:00,158.99828980042886,160.23667135347205,158.2453441413227,159.3153076171875,4432200,0.0,0.0
2024-05-23 00:00:00-04:00,160.48432787050436,164.72454457579377,160.24655319953993,163.7239227294922,7411500,0.0,0.0
2024-05-24 00:00:00-04:00,164.28864617008452,167.5777795940867,162.32705409441567,165.7747039794922,5500300,0.0,0.0
2024-05-28 00:00:00-04:00,165.44775801892104,167.0824154495692,163.77346391726135,166.99325561523438,5749700,0.0,0.0
2024-05-29 00:00:00-04:00,165.0514762720937,165.8737482049851,161.871306238739,162.07936096191406,4820800,0.0,0.0
2024-05-30 00:00:00-04:00,161.96047343240713,163.4861678264857,161.67317559082554,162.6737823486328,4384400,0.0,0.0
2024-05-31 00:00:00-04:00,162.76295129261968,163.81311150697155,158.58218923988585,163.6050567626953,11704800,0.0,0.0
2024-06-03 00:00:00-04:00,164.57594920967134,165.23971990473504,157.55185270414046,159.9592742919922,5220500,0.0,0.0
2024-06-04 00:00:00-04:00,159.50351685860707,160.47440359804116,156.87815446020272,159.87998962402344,5598600,0.0,0.0
2024-06-05 00:00:00-04:00,160.32581462497828,161.42549793508925,159.0279933102536,161.03912353515625,4279900,0.0,0.0
2024-06-06 00:00:00-04:00,160.79145248679814,161.6533611492668,158.27505288367166,159.12705993652344,3867300,0.0,0.0
2024-06-07 00:00:00-04:00,159.20631652026896,162.27750856945136,158.6119024932073,160.41497802734375,3341800,0.0,0.0
2024-06-10 00:00:00-04:00,160.49424253379112,162.37657636857563,160.05832982671387,161.32643127441406,4385200,0.0,0.0
2024-06-11 00:00:00-04:00,160.5239366648397,160.75179459163604,158.12643227844552,158.8694610595703,5106400,0.0,0.0
2024-06-12 00:00:00-04:00,159.76110968780023,161.4255022281329,157.70044112770137,159.55307006835938,5790700,0.0,0.0
2024-06-13 00:00:00-04:00,159.09735440021393,159.13699107619394,152.74693004257503,154.24290466308594,8080900,0.0,0.0
2024-06-14 00:00:00-04:00,152.78654766819807,155.1444307352458,151.79584252970216,154.43112182617188,6247400,0.0,0.0
2024-06-17 00:00:00-04:00,154.6887031142764,165.9431143392144,154.0051141350011,161.71279907226562,9564800,0.0,0.0
2024-06-18 00:00:00-04:00,161.8812159031551,163.65458659197265,160.8508891958178,163.43663024902344,5105300,0.0,0.0
2024-06-20 00:00:00-04:00,163.43663442413407,164.75427412491038,161.53448229640807,163.4663543701172,4957200,0.0,0.0
2024-06-21 00:00:00-04:00,162.97098730512272,163.38708162888784,159.80073404051234,162.71340942382812,17195200,0.0,0.0
2024-06-24 00:00:00-04:00,162.57471339101045,163.22856726986714,157.72024931786842,159.04779052734375,5519000,0.0,0.0
2024-06-25 00:00:00-04:00,158.09673108348485,162.12889321969894,156.9475094710016,158.24533081054688,6825500,0.0,0.0
2024-06-26 00:00:00-04:00,157.09611415904263,159.52333861822683,156.05587078597512,159.14686584472656,3998000,0.0,0.0
2024-06-27 00:00:00-04:00,159.30539328332213,160.34563672818777,158.11655011074473,159.0081787109375,3339700,0.0,0.0
2024-06-28 00:00:00-04:00,158.770404133084,160.11776376073925,156.43233934147528,157.49240112304688,8641200,0.0,0.0
2024-07-01 00:00:00-04:00,159.17659687837562,159.89980741531258,154.59954385833794,157.49240112304688,4435100,0.0,0.0
2024-07-02 00:00:00-04:00,157.34381160831336,161.42551231131455,156.77910237206362,159.94935607910156,5247300,0.0,0.0
2024-07-03 00:00:00-04:00,160.37535464376256,162.96109569194567,160.03850340361112,161.4849395751953,2577300,0.0,0.0
2024-07-05 00:00:00-04:00,161.72271630050747,161.72271630050747,158.17599000182943,159.0081787109375,4668300,0.0,0.0
2024-07-08 00:00:00-04:00,159.30538897567664,162.2576860497548,159.15677413502232,162.010009765625,3453300,0.0,0.0
2024-07-09 00:00:00-04:00,162.45582933692253,164.04096365368795,161.5146624500136,161.61373901367188,3829900,0.0,0.0
2024-07-10 00:00:00-04:00,161.63354975300555,164.4471640520186,161.02921896727975,164.15985107421875,3904600,0.0,0.0
2024-07-11 00:00:00-04:00,163.93160189297203,164.41785943184155,160.5574936598031,160.68650817871094,4553800,0.28,0.0
2024-07-12 00:00:00-04:00,160.6468225200174,161.06362119354185,157.59028377162187,157.79867553710938,5983400,0.0,0.0
2024-07-15 00:00:00-04:00,159.37655290769894,159.52540414848573,157.39178893695572,158.34446716308594,5383300,0.0,0.0
2024-07-16 00:00:00-04:00,158.66204491518462,162.6216395514343,158.43378614404855,161.6094207763672,6500700,0.0,0.0
2024-07-17 00:00:00-04:00,160.41856023436225,160.71627789254987,155.31771685158478,155.46658325195312,6041200,0.0,0.0
2024-07-18 00:00:00-04:00,156.17115684422322,159.21777697652007,155.22839693440062,157.58033752441406,5274800,0.0,0.0
2024-07-19 00:00:00-04:00,158.44373169389,159.2177885301282,156.41926370484438,157.9177703857422,5459800,0.0,0.0
2024-07-22 00:00:00-04:00,158.7513715858959,161.69874774267862,158.5528981871076,161.52011108398438,6350500,0.0,0.0
2024-07-23 00:00:00-04:00,164.7354349535565,175.85011187372027,163.36594275712187,170.68972778320312,16428000,0.0,0.0
2024-07-24 00:00:00-04:00,170.19354208196253,171.55310080866303,160.81553360799708,161.06362915039062,7335200,0.0,0.0
2024-07-25 00:00:00-04:00,162.05598410416383,166.9186498614173,160.68649209452897,163.41554260253906,8791500,0.0,0.0
2024-07-26 00:00:00-04:00,165.97592245540977,171.30501000791344,164.84460735648298,168.51641845703125,7297700,0.0,0.0
2024-07-29 00:00:00-04:00,169.94543514093743,171.41415641348257,167.11714009033136,168.57594299316406,4886600,0.0,0.0
2024-07-30 00:00:00-04:00,169.18129359356234,173.39891745438047,165.9957555808659,166.2041473388672,5329500,0.0,0.0
2024-07-31 00:00:00-04:00,169.56833661991087,170.44163777552671,166.680516012227,168.9034423828125,5568800,0.0,0.0
2024-08-01 00:00:00-04:00,169.4492455146801,173.36915182604127,166.9385199843438,168.4568634033203,6112900,0.0,0.0
2024-08-02 00:00:00-04:00,164.3087156568546,166.15453187196985,157.15363387496515,159.0590057373047,8210700,0.0,0.0
2024-08-05 00:00:00-04:00,151.32834757271507,158.68188721605725,149.05578414857672,157.15362548828125,7064800,0.0,0.0
2024-08-06 00:00:00-04:00,158.7116584239012,164.1896117329178,158.54295528779195,161.03384399414062,5056700,0.0,0.0
2024-08-07 00:00:00-04:00,163.1674765120825,165.003389605406,160.33919637952374,160.89492797851562,4307500,0.0,0.0
2024-08-08 00:00:00-04:00,163.22699213182827,165.0629049452174,162.31400248090145,164.348388671875,3842700,0.0,0.0
2024-08-09 00:00:00-04:00,164.18960185897728,166.60109803698003,163.3163159800199,165.8568115234375,2770100,0.0,0.0
2024-08-12 00:00:00-04:00,166.35300543852,167.49423872220254,163.3659258207567,165.59878540039062,3173700,0.0,0.0
2024-08-13 00:00:00-04:00,166.4820229318819,167.34540569360703,164.98353134660806,166.68051147460938,2942400,0.0,0.0
2024-08-14 00:00:00-04:00,167.21637590170633,167.8911884292069,164.35831074394298,166.67056274414062,4456000,0.0,0.0
2024-08-15 00:00:00-04:00,167.46446398767804,169.44922800530978,166.93850273440947,168.64540100097656,4162500,0.0,0.0
2024-08-16 00:00:00-04:00,168.75456954677043,169.0324353075813,167.57363249205014,168.12936401367188,3305600,0.0,0.0
2024-08-19 00:00:00-04:00,168.31793212691753,169.6973426692286,166.74004818894184,169.62786865234375,4506000,0.0,0.0
2024-08-20 00:00:00-04:00,169.60802755242344,169.60802755242344,167.90112913699798,168.69503784179688,2573900,0.0,0.0
2024-08-21 00:00:00-04:00,168.80420176061875,170.87827672147174,168.5561062348933,169.89581298828125,4102900,0.0,0.0
2024-08-22 00:00:00-04:00,170.43169457092253,170.66985656589597,167.484318742742,168.3873748779297,2996600,0.0,0.0
2024-08-23 00:00:00-04:00,168.70492699718406,170.07441889724663,167.56369384216285,169.91563415527344,4058000,0.0,0.0
2024-08-26 00:00:00-04:00,169.24080657316057,170.62021684114157,168.28812840641424,169.91563415527344,3707300,0.0,0.0
2024-08-27 00:00:00-04:00,169.39960917927084,170.19351783031252,168.30799803381808,169.68740844726562,3206000,0.0,0.0
2024-08-28 00:00:00-04:00,169.89580530113625,171.85079916680067,168.99273399414437,170.56069946289062,4578700,0.0,0.0
2024-08-29 00:00:00-04:00,171.30499693053252,174.62948309385573,171.17599755169914,172.2576904296875,4262500,0.0,0.0
2024-08-30 00:00:00-04:00,172.6347884992567,173.48823767002773,170.46146938167996,173.2897491455078,5295600,0.0,0.0
2024-09-03 00:00:00-04:00,172.86304532684872,173.4187768958099,162.35372222385533,162.95907592773438,6099600,0.0,0.0
2024-09-04 00:00:00-04:00,162.25448355337167,165.3507110544622,162.15523928011106,165.0926971435547,4112400,0.0,0.0
2024-09-05 00:00:00-04:00,163.5247146883003,164.73542201329587,161.2720031714579,162.601806640625,3144200,0.0,0.0
2024-09-06 00:00:00-04:00,163.2567666952922,164.77511003062904,159.36663085016042,160.0017547607422,3954900,0.0,0.0
2024-09-09 00:00:00-04:00,162.24454659135517,165.1125301063622,161.6689631860102,164.0903778076172,3716000,0.0,0.0
2024-09-10 00:00:00-04:00,166.1743675418564,166.4522332982621,162.99874808111448,165.70794677734375,3473200,0.0,0.0
2024-09-11 00:00:00-04:00,164.97360103829428,165.45985856215947,160.994139239846,165.082763671875,4258000,0.0,0.0
2024-09-12 00:00:00-04:00,165.24152548091024,169.6675559737781,164.96365972539903,168.4072265625,5148500,0.0,0.0
2024-09-13 00:00:00-04:00,168.11943634669996,177.95394548932737,167.9209629774614,176.92185974121094,7360800,0.0,0.0
2024-09-16 00:00:00-04:00,177.35850489473947,180.13717740799228,174.91723861327998,180.0577850341797,6844600,0.0,0.0
2024-09-17 00:00:00-04:00,180.12728729446584,181.04027709945288,177.6264950583255,178.95628356933594,5936900,0.0,0.0
2024-09-18 00:00:00-04:00,179.8196294587194,184.35482282243328,179.05549101894277,182.1517333984375,5686500,0.0,0.0
2024-09-19 00:00:00-04:00,186.22047603496944,186.5578974229287,182.87615354432032,184.74183654785156,5021500,0.0,0.0
2024-09-20 00:00:00-04:00,183.59067049122834,186.40903174455792,182.91585799784562,186.0021514892578,9895700,0.0,0.0
2024-09-23 00:00:00-04:00,186.37926265868214,188.33425642751388,185.97238240084357,187.2327117919922,3972500,0.0,0.0
2024-09-24 00:00:00-04:00,187.23273096148523,188.35412759190945,185.57545465413975,188.21519470214844,3648900,0.0,0.0
2024-09-25 00:00:00-04:00,188.38388633741786,189.42589051825502,186.76629875057017,187.8876953125,3214800,0.0,0.0
2024-09-26 00:00:00-04:00,188.23553359619854,188.38462047210754,183.3954799582048,183.45510864257812,4781500,0.28,0.0
2024-09-27 00:00:00-04:00,183.03769745481367,185.04528248253877,182.00409818047586,184.24026489257812,4452800,0.0,0.0
2024-09-30 00:00:00-04:00,183.94211160912184,187.54979886160768,181.96434086725375,187.42059326171875,5628400,0.0,0.0
2024-10-01 00:00:00-04:00,186.33728817460712,187.0627957764171,183.78308164970915,185.15460205078125,3794000,0.0,0.0
2024-10-02 00:00:00-04:00,184.42910066536624,187.042920797789,183.59425356071833,185.2937469482422,2879800,0.0,0.0
2024-10-03 00:00:00-04:00,185.35336858783802,185.56208414730904,182.5705803964196,182.75941467285156,3999500,0.0,0.0
2024-10-04 00:00:00-04:00,185.43288363555058,186.00931953967154,183.72345720677154,185.9298095703125,3978300,0.0,0.0
2024-10-07 00:00:00-04:00,184.79679962670852,186.07886173108224,183.6638092211081,184.81668090820312,2514200,0.0,0.0
2024-10-08 00:00:00-04:00,186.46648504622627,188.7126000027,185.4130044788427,186.31741333007812,3627200,0.0,0.0
2024-10-09 00:00:00-04:00,185.4825857510586,188.25542589144732,185.35338015070795,188.1162872314453,2312600,0.0,0.0
2024-10-10 00:00:00-04:00,186.99322376680854,188.5833928289854,186.23790180301137,186.96340942382812,2300900,0.0,0.0
2024-10-11 00:00:00-04:00,188.2454851902371,190.59097619575655,187.89763097186446,189.98472595214844,2983900,0.0,0.0
2024-10-14 00:00:00-04:00,190.79968114377195,192.73768929168318,190.48165642551342,191.44569396972656,3132900,0.0,0.0
2024-10-15 00:00:00-04:00,192.65819417914048,193.13523883825695,188.59332843976426,189.3983612060547,3824300,0.0,0.0
2024-10-16 00:00:00-04:00,189.3287797541634,191.03820617039122,188.7523438542749,190.99844360351562,2912800,0.0,0.0
2024-10-17 00:00:00-04:00,192.8967087234315,193.60235023438338,191.01832926734764,191.4357452392578,2633300,0.0,0.0
2024-10-18 00:00:00-04:00,191.9128046495794,192.25071065016337,189.96484828655053,191.42581176757812,3075900,0.0,0.0
2024-10-21 00:00:00-04:00,191.72396632355424,193.19486283301003,190.83943877303997,193.0358428955078,4728800,0.0,0.0
2024-10-22 00:00:00-04:00,183.36567843566752,183.86260439348777,174.66947417381337,175.57388305664062,15636200,0.0,0.0
2024-10-23 00:00:00-04:00,178.59518155056384,183.84271831511305,178.51567157958868,180.5729522705078,9788600,0.0,0.0
2024-10-24 00:00:00-04:00,180.78164190015696,181.08974870618823,178.52560916372676,178.6349334716797,4366800,0.0,0.0
2024-10-25 00:00:00-04:00,178.89333144082326,180.30459923572602,177.20378634354392,177.99887084960938,3974900,0.0,0.0
2024-10-28 00:00:00-04:00,178.87346668888497,179.46978391478825,174.13280388636426,174.28187561035156,5687400,0.0,0.0
2024-10-29 00:00:00-04:00,173.48679372679328,173.8246997497336,171.70780541133212,172.9799346923828,5219300,0.0,0.0
2024-10-30 00:00:00-04:00,171.91648649093375,175.444663544722,171.44937491441942,173.5662841796875,3694000,0.0,0.0
2024-10-31 00:00:00-04:00,170.9425408610974,172.55257621874046,169.3821859705597,170.72389221191406,5177100,0.0,0.0
2024-11-01 00:00:00-04:00,171.69782860834016,174.19240628978648,170.53502384177892,170.64434814453125,3984900,0.0,0.0
2024-11-04 00:00:00-05:00,171.24068326265532,173.60604044290668,170.39590309222365,170.70399475097656,4197400,0.0,0.0
2024-11-05 00:00:00-05:00,171.30031539248452,174.39119543157435,170.71394640662248,174.18247985839844,3607300,0.0,0.0
2024-11-06 00:00:00-05:00,180.384106935785,180.94066153354345,177.4025514492431,179.64865112304688,5939500,0.0,0.0
2024-11-07 00:00:00-05:00,179.90706871293253,179.90706871293253,175.68319828986523,177.7504119873047,5084200,0.0,0.0
2024-11-08 00:00:00-05:00,178.54548764967691,185.27386925437335,178.34672030280507,183.67376708984375,4676500,0.0,0.0
2024-11-11 00:00:00-05:00,185.48258898447853,186.31742095904374,182.57059496834796,183.42530822753906,3371900,0.0,0.0
2024-11-12 00:00:00-05:00,183.93217303471954,184.5582894012303,179.47970573410947,181.51710510253906,3158000,0.0,0.0
2024-11-13 00:00:00-05:00,181.82519202863023,185.15460177571612,181.63635775166452,182.4314422607422,3934800,0.0,0.0
2024-11-14 00:00:00-05:00,181.87490178864832,182.66998635951757,176.3987831559337,177.3031768798828,5085600,0.0,0.0
2024-11-15 00:00:00-05:00,175.663322800028,176.82612769975577,174.80860956198327,175.8422088623047,5302100,0.0,0.0
2024-11-18 00:00:00-05:00,175.911781646665,177.47213636757817,174.0532834956197,176.4285888671875,2833800,0.0,0.0
2024-11-19 00:00:00-05:00,175.41485744255266,176.7863778946126,174.61977290273563,176.4683380126953,3216000,0.0,0.0
2024-11-20 00:00:00-05:00,177.00501471775286,177.4422967787625,174.91791983554322,176.8857421875,3225400,0.0,0.0
2024-11-21 00:00:00-05:00,177.31312323631153,179.82756736014434,176.24969441142187,177.60133361816406,4532000,0.0,0.0
2024-11-22 00:00:00-05:00,178.1976531794006,180.62265430271395,177.68084593222474,180.03627014160156,3405200,0.0,0.0
2024-11-25 00:00:00-05:00,181.11956884856122,182.5705840751617,178.44610491252467,179.10205078125,9740700,0.0,0.0
2024-11-26 00:00:00-05:00,179.75797905786501,183.79301513800544,179.31074875885486,183.46505737304688,3918900,0.0,0.0
2024-11-27 00:00:00-05:00,183.50482504019698,183.5545206711254,179.33064984682468,179.4896697998047,2726200,0.0,0.0
2024-11-29 00:00:00-05:00,180.33442804353496,181.84508720974128,180.01640331458336,181.04006958007812,2054700,0.0,0.0
2024-12-02 00:00:00-05:00,179.68842999765323,180.52326197006272,178.31690949656846,179.3306427001953,2817700,0.0,0.0
2024-12-03 00:00:00-05:00,179.88717927371476,181.1195609889037,178.80388443038976,179.60890197753906,2882300,0.0,0.0
2024-12-04 00:00:00-05:00,179.3902781920026,181.7755168221934,176.9056483001466,181.5270538330078,3713400,0.0,0.0
2024-12-05 00:00:00-05:00,179.22131851180546,179.65861578290028,171.64817173595554,171.84693908691406,7547300,0.0,0.0
2024-12-06 00:00:00-05:00,172.23452261448466,174.74896649384965,171.37980944677727,174.50050354003906,6899600,0.0,0.0
2024-12-09 00:00:00-05:00,173.9240915356298,175.28566385657314,169.72010202641934,170.2667236328125,6500800,0.0,0.0
2024-12-10 00:00:00-05:00,169.95859931161064,172.0953898868703,169.561064637829,170.21701049804688,5100300,0.0,0.0
2024-12-11 00:00:00-05:00,172.10534338994816,172.10534338994816,166.8975536209237,167.6031951904297,7606400,0.0,0.0
2024-12-12 00:00:00-05:00,167.6031777908884,168.2392423774487,163.43893605302713,163.8166046142578,7808600,0.0,0.0
2024-12-13 00:00:00-05:00,164.63156207267141,166.8379145159802,164.5222377564723,164.98934936523438,4957100,0.0,0.0
2024-12-16 00:00:00-05:00,165.29744634826133,168.15972935329125,164.43278492983634,164.77069091796875,7436000,0.0,0.0
2024-12-17 00:00:00-05:00,164.7806396484375,165.48626596906053,162.5245917043127,164.7806396484375,4855100,0.0,0.0
2024-12-18 00:00:00-05:00,164.97940516574175,165.60553667669308,158.6187594663058,158.9665985107422,8059100,0.0,0.0
2024-12-19 00:00:00-05:00,162.02768200360634,164.75084180277636,161.18290178111488,163.78680419921875,6257600,0.0,0.0
2024-12-20 00:00:00-05:00,162.96188173099452,168.0404650627624,162.1568641950839,167.33482360839844,9281500,0.0,0.0
2024-12-23 00:00:00-05:00,167.08635924472813,168.28892659158547,165.52601980935694,167.9808349609375,4127700,0.0,0.0
2024-12-24 00:00:00-05:00,168.1995021551596,170.4356689453125,167.81190051813215,170.4356689453125,2235700,0.0,0.0
2024-12-26 00:00:00-05:00,169.96855617598047,171.60840574491064,169.08402859162226,171.0915985107422,3309700,0.0,0.0
2024-12-27 00:00:00-05:00,169.94680846701087,170.69341170880372,168.21468347776596,169.30970764160156,3188400,0.28,0.0
2024-12-30 00:00:00-05:00,166.44275105266243,168.46355600258306,165.25813811174024,167.33868408203125,4117500,0.0,0.0
