Date,Open,High,Low,Close,Volume,Dividends,Stock Splits
2015-01-02 00:00:00-05:00,66.53521963186384,67.59122472355202,66.101626829879,66.37437438964844,12340200,0.0,0.0
2015-01-05 00:00:00-05:00,66.60515334082133,69.04585426739001,65.1645143619323,67.68913269042969,27530400,0.0,0.0
2015-01-06 00:00:00-05:00,68.8640164965625,69.47243893343897,67.19958374059499,68.29055786132812,22363800,0.0,0.0
2015-01-07 00:00:00-05:00,69.45145878324719,69.86407218797194,68.84303635339742,69.57035064697266,16373700,0.0,0.0
2015-01-08 00:00:00-05:00,70.49345548744269,71.64736191378128,70.13679068783546,71.54246520996094,18902300,0.0,0.0
2015-01-09 00:00:00-05:00,72.39568707501705,72.61248614098508,71.1578574068314,71.47955322265625,14738100,0.0,0.0
2015-01-12 00:00:00-05:00,71.92014262132116,72.26981271652916,70.46551908026798,70.78022003173828,12746000,0.0,0.0
2015-01-13 00:00:00-05:00,71.22780268046957,71.24878203407216,66.61215814390587,67.98286437988281,27030600,0.0,0.0
2015-01-14 00:00:00-05:00,67.13665355209183,69.99695216840732,66.9338442708882,69.41650390625,16183700,0.0,0.0
2015-01-15 00:00:00-05:00,69.44445427594133,70.20673220666943,67.99682089486774,68.11570739746094,11442200,0.0,0.0
2015-01-16 00:00:00-05:00,68.12969762466618,70.55640813962374,67.8849297057671,70.43052673339844,14097700,0.0,0.0
2015-01-20 00:00:00-05:00,70.73126464852577,72.76634711238727,70.03891937142143,72.57752227783203,18838100,0.0,0.0
2015-01-21 00:00:00-05:00,72.05998550521983,73.47964467944352,71.73129489137688,72.43762969970703,12312500,0.0,0.0
2015-01-22 00:00:00-05:00,72.82928531408376,73.5565997355142,71.02498638412412,73.52862548828125,12963100,0.0,0.0
2015-01-23 00:00:00-05:00,73.01109483123838,74.2069655543515,72.59149191119633,73.80834197998047,9593500,0.0,0.0
2015-01-26 00:00:00-05:00,73.33979833185258,75.36788035684994,73.33979833185258,74.90631866455078,10307500,0.0,0.0
2015-01-27 00:00:00-05:00,74.08809273303184,74.84337599449853,73.33280413602355,73.45169067382812,10341100,0.0,0.0
2015-01-28 00:00:00-05:00,73.65450031330073,73.78038174676426,71.57745932892317,71.64739227294922,11554500,0.0,0.0
2015-01-29 00:00:00-05:00,71.68235490510821,73.0880298952477,70.68229842325432,72.85724639892578,8410500,0.0,0.0
2015-01-30 00:00:00-05:00,72.96215854110368,74.3188747929842,72.54255552159896,73.31182861328125,13608200,0.0,0.0
2015-02-02 00:00:00-05:00,74.1999731902419,74.96225656736695,73.03207666672104,74.2629165649414,13965600,0.0,0.0
2015-02-03 00:00:00-05:00,74.62657817352294,75.0461811481003,72.80130016534719,74.95526885986328,19849900,0.0,0.0
2015-02-04 00:00:00-05:00,69.18571435164382,70.08086880066543,67.00377138049764,68.83604431152344,59415800,0.0,0.0
2015-02-05 00:00:00-05:00,69.17871908444687,70.57739923739827,68.04579157530269,69.86407470703125,20641500,0.0,0.0
2015-02-06 00:00:00-05:00,69.74519189167401,70.33962992125103,67.94089311767553,68.17167663574219,21546300,0.0,0.0
2015-02-09 00:00:00-05:00,67.84298771687158,69.00388956181101,67.5772350518959,67.76605987548828,12668500,0.0,0.0
2015-02-10 00:00:00-05:00,68.36048590521347,69.05982591447396,67.91990362017405,68.75910949707031,11495100,0.0,0.0
2015-02-11 00:00:00-05:00,68.97589266154968,70.81516001983746,68.8290319222921,69.92000579833984,14529600,0.0,0.0
2015-02-12 00:00:00-05:00,70.36759544937296,71.12287862364889,69.65426563381001,70.49347686767578,10659900,0.0,0.0
2015-02-13 00:00:00-05:00,70.81519427916531,71.26277160644531,70.51447776219194,71.26277160644531,11084700,0.0,0.0
2015-02-17 00:00:00-05:00,71.37465174441347,72.6264712135899,71.26975499366435,72.61947631835938,10789900,0.0,0.0
2015-02-18 00:00:00-05:00,72.56353354093126,72.82928087011553,72.0390284422879,72.68941497802734,7459400,0.0,0.0
2015-02-19 00:00:00-05:00,72.31178792056238,72.94818481761426,71.71734973404008,71.84323120117188,9203800,0.0,0.0
2015-02-20 00:00:00-05:00,71.62641626780592,72.02503993646346,71.27674619580662,71.75929260253906,9965400,0.0,0.0
2015-02-23 00:00:00-05:00,72.00404125825786,73.42370051581848,71.99704636474374,73.08802032470703,8926900,0.0,0.0
2015-02-24 00:00:00-05:00,73.14396603512749,73.72441949975548,72.73835290125044,73.22089385986328,7830300,0.0,0.0
2015-02-25 00:00:00-05:00,73.31881590924894,73.43071288995078,72.66143982202155,73.03208923339844,7270200,0.0,0.0
2015-02-26 00:00:00-05:00,72.94117038714889,73.32580421879743,72.24183032719748,72.86424255371094,6698000,0.0,0.0
2015-02-27 00:00:00-05:00,72.92716914717722,72.96912783681285,71.82920563887505,72.40266418457031,7940000,0.0,0.0
2015-03-02 00:00:00-05:00,72.9411708475125,72.9411708475125,71.89216075096462,72.61248016357422,7672800,0.0,0.0
2015-03-03 00:00:00-05:00,72.61948930597829,72.66145334932473,71.43760790665026,71.88518524169922,8348500,0.0,0.0
2015-03-04 00:00:00-05:00,71.39562910929332,72.78731976667329,71.09491798478527,72.07398986816406,8884500,0.0,0.0
2015-03-05 00:00:00-05:00,72.3327547834232,73.04607941694488,71.83622389758652,72.32575988769531,8650700,0.0,0.0
2015-03-06 00:00:00-05:00,72.0320302687861,72.55653534355882,71.12988089991205,71.19981384277344,8658900,0.0,0.0
2015-03-09 00:00:00-04:00,71.01098399219944,71.31869529849754,70.06687606260569,70.89209747314453,9335900,0.0,0.0
2015-03-10 00:00:00-04:00,69.8431134584808,70.31866504714658,69.02488130194541,69.11579895019531,12728900,0.0,0.0
2015-03-11 00:00:00-04:00,69.32559863827724,70.03193380079236,69.06684615464013,69.21370697021484,9006400,0.0,0.0
2015-03-12 00:00:00-04:00,69.6752589868608,70.31865599615402,69.150753861088,69.88506317138672,8356800,0.0,0.0
2015-03-13 00:00:00-04:00,69.64728797908795,70.619375766096,69.15075707719514,69.6612777709961,7810200,0.0,0.0
2015-03-16 00:00:00-04:00,69.93401816624308,71.05296138979453,69.77316757682216,70.8431625366211,10524200,0.0,0.0
2015-03-17 00:00:00-04:00,70.49344668878464,71.15781729590687,69.66123070542082,70.24168395996094,9906300,0.0,0.0
2015-03-18 00:00:00-04:00,70.12982940673828,70.34662314592182,68.91297903937031,70.12982940673828,12992200,0.0,0.0
2015-03-19 00:00:00-04:00,70.13682072840616,71.14387220073037,69.96198569976886,70.9410629272461,9231100,0.0,0.0
2015-03-20 00:00:00-04:00,71.33968519815727,71.82922113464886,71.1228861386754,71.5354995727539,17162200,0.0,0.0
2015-03-23 00:00:00-04:00,69.78014392217587,70.76621587724189,69.40949457811527,70.11582946777344,17983700,0.0,0.0
2015-03-24 00:00:00-04:00,70.27669270554186,71.927135945708,69.98297111251453,70.92008972167969,11784800,0.0,0.0
2015-03-25 00:00:00-04:00,71.32566672441804,72.10892924335492,69.78012636299049,69.83607482910156,15629300,0.0,0.0
2015-03-26 00:00:00-04:00,69.32558410319305,71.20681073142312,68.94793979851815,70.68930053710938,10928000,0.0,0.0
2015-03-27 00:00:00-04:00,70.63333892822266,71.4026118494417,70.56340599639196,70.63333892822266,8815900,0.0,0.0
2015-03-30 00:00:00-04:00,70.71725844847678,71.09490266592665,69.63327937974807,70.41654205322266,9968200,0.0,0.0
2015-03-31 00:00:00-04:00,69.9410141983363,70.07388520684225,68.58429251649517,68.62625122070312,13559900,0.0,0.0
2015-04-01 00:00:00-04:00,68.64721937483341,68.64721937483341,66.70304962461826,68.33950805664062,15134200,0.0,0.0
2015-04-02 00:00:00-04:00,68.52833296884424,69.58433798395943,67.84298267811143,68.83604431152344,10727300,0.0,0.0
2015-04-06 00:00:00-04:00,68.47937052984463,69.0528291081357,67.96885532512515,68.38845825195312,9697300,0.0,0.0
2015-04-07 00:00:00-04:00,68.73111328063067,69.7521487274244,68.54229388614064,69.0178451538086,8264700,0.0,0.0
2015-04-08 00:00:00-04:00,69.02486948500935,70.56342098990382,68.92696229253464,69.84310150146484,10967100,0.0,0.0
2015-04-09 00:00:00-04:00,70.05291145793358,70.75924660333654,69.87807639569323,70.7452621459961,9178100,0.0,0.0
2015-04-10 00:00:00-04:00,71.15786002710658,71.6473959962704,70.67531361782946,71.17184448242188,9257600,0.0,0.0
2015-04-13 00:00:00-04:00,71.3396763324049,72.60548005055482,71.33268143831245,71.52849578857422,10648400,0.0,0.0
2015-04-14 00:00:00-04:00,71.57046551771272,71.79425947885177,70.96204302637642,71.47955322265625,7224700,0.0,0.0
2015-04-15 00:00:00-04:00,71.60543251471624,72.98313336737614,71.56347381602943,72.75234985351562,12899700,0.0,0.0
2015-04-16 00:00:00-04:00,72.69639613658201,73.23489096352802,72.10895305504945,72.2697982788086,6670400,0.0,0.0
2015-04-17 00:00:00-04:00,71.57746204475302,71.8991578679121,70.36061169879619,70.89910125732422,9896500,0.0,0.0
2015-04-20 00:00:00-04:00,71.52851176763247,71.52851176763247,70.2207490638629,70.39558410644531,8752000,0.0,0.0
2015-04-21 00:00:00-04:00,70.9270673363029,73.92723682261608,70.55641795959193,73.57057189941406,19722700,0.0,0.0
2015-04-22 00:00:00-04:00,73.59854514227861,73.7244265643141,72.61247844928485,72.85724639892578,8267300,0.0,0.0
2015-04-23 00:00:00-04:00,73.1789520161619,73.95522000045685,72.73836964759255,73.57757568359375,8071800,0.0,0.0
2015-04-24 00:00:00-04:00,73.17896511551383,73.90627963349354,72.45165059753414,72.5215835571289,9734400,0.0,0.0
2015-04-27 00:00:00-04:00,72.85724669725955,73.10201464790273,71.3396800677306,71.99006652832031,10829200,0.0,0.0
2015-04-28 00:00:00-04:00,72.11595000325119,72.61248081312726,70.73125431578306,72.53555297851562,9793700,0.0,0.0
2015-04-29 00:00:00-04:00,72.11595463435634,72.66143907078389,71.06694446105976,71.55648040771484,8932200,0.0,0.0
2015-04-30 00:00:00-04:00,71.437597350164,71.82223123112648,69.79414906567982,70.29067993164062,14009500,0.0,0.0
2015-05-01 00:00:00-04:00,72.17190427205504,74.36783200524748,71.68236828142317,73.43771362304688,22306500,0.0,0.0
2015-05-04 00:00:00-04:00,73.88528568337277,75.17906385469405,73.58456921453232,73.89228057861328,13215600,0.0,0.0
2015-05-05 00:00:00-04:00,73.64050342670939,73.94121983724186,71.84319985739874,72.0250244140625,15046500,0.0,0.0
2015-05-06 00:00:00-04:00,72.34672876672717,72.61248141049596,70.9970022059027,71.5215072631836,10065200,0.0,0.0
2015-05-07 00:00:00-04:00,71.45159179459692,71.57747325254758,69.69625161525616,71.18584442138672,13878300,0.0,0.0
2015-05-08 00:00:00-04:00,72.0320268542937,72.70339267791343,71.94810412551325,72.62646484375,9651700,0.0,0.0
2015-05-11 00:00:00-04:00,72.86426084496286,73.68248763997713,72.7313844928427,73.24190521240234,9956100,0.0,0.0
2015-05-12 00:00:00-04:00,72.87823381690312,74.23495536735206,72.34673382772596,73.82234191894531,9552600,0.0,0.0
2015-05-13 00:00:00-04:00,74.10907991785068,75.13011594299734,74.09509012631129,74.40280151367188,10814500,0.0,0.0
2015-05-14 00:00:00-04:00,75.01823352778983,76.1231925102236,74.59164084271674,76.0462646484375,12761300,0.0,0.0
2015-05-15 00:00:00-04:00,76.26304643007535,77.09525759064657,75.7315464155839,76.43788146972656,13419600,0.0,0.0
2015-05-18 00:00:00-04:00,76.64068261218081,77.8575382851555,76.4798373694989,77.62675476074219,13716000,0.0,0.0
2015-05-19 00:00:00-04:00,77.7106801364442,78.01139661725904,76.96238638216659,77.31904602050781,8676900,0.0,0.0
2015-05-20 00:00:00-04:00,76.99033143149838,77.56379530440186,75.63361557610177,77.04627990722656,10335100,0.0,0.0
2015-05-21 00:00:00-04:00,76.8574728454829,77.95543651460946,76.79452946626942,77.78060150146484,8374000,0.0,0.0
2015-05-22 00:00:00-04:00,77.4169408177043,78.78765200065676,77.4169408177043,78.12327575683594,12079000,0.0,0.0
2015-05-26 00:00:00-04:00,77.96944478588577,77.99741903679933,76.60573340099191,76.7665786743164,16006900,0.0,0.0
2015-05-27 00:00:00-04:00,77.16515608876202,78.74566563553707,76.91339865276083,78.64775848388672,11722000,0.0,0.0
2015-05-28 00:00:00-04:00,78.33308150862216,79.32614311194935,78.20020519002864,78.92052459716797,8252400,0.0,0.0
2015-05-29 00:00:00-04:00,79.13032282818477,79.28417848335107,78.2211786852243,78.51490020751953,11343500,0.0,0.0
2015-06-01 00:00:00-04:00,79.14432905887223,80.25628275002516,78.7806745029455,79.78073120117188,11417600,0.0,0.0
2015-06-02 00:00:00-04:00,79.61987978939251,79.86464778947577,79.12334889335442,79.68282318115234,10189800,0.0,0.0
2015-06-03 00:00:00-04:00,79.91358391825415,80.37515090510793,79.63385217105423,80.17933654785156,7413400,0.0,0.0
2015-06-04 00:00:00-04:00,79.6548400472405,80.1303915381555,79.20726280114893,79.67581939697266,8637600,0.0,0.0
2015-06-05 00:00:00-04:00,79.59889304099782,79.9205888591499,78.68974874168936,79.6968002319336,8435700,0.0,0.0
2015-06-08 00:00:00-04:00,79.6967987957637,80.2632625810473,79.39608233315379,79.51496887207031,10742900,0.0,0.0
2015-06-09 00:00:00-04:00,79.17929325277525,80.63392205662367,79.13033965531602,80.24928283691406,9566700,0.0,0.0
2015-06-10 00:00:00-04:00,80.43809146039521,82.47317359875788,80.29123068786511,82.29134368896484,11986000,0.0,0.0
2015-06-11 00:00:00-04:00,82.57808164335948,83.71100920920044,82.45220020987253,83.31238555908203,14474700,0.0,0.0
2015-06-12 00:00:00-04:00,83.23517279874085,83.34747512503623,81.9507484096728,82.58243560791016,9266000,0.43,0.0
2015-06-15 00:00:00-04:00,81.92266544210702,83.09479275407257,81.69806616463536,82.93336486816406,9605800,0.0,0.0
2015-06-16 00:00:00-04:00,83.01055123085561,83.83876192304693,82.41396000835712,83.57205200195312,8447800,0.0,0.0
2015-06-17 00:00:00-04:00,83.58612114009203,83.83879605446499,82.72281964504307,83.43872833251953,12078300,0.0,0.0
2015-06-18 00:00:00-04:00,83.64928665588381,85.47415674406732,83.53698432190575,85.07408905029297,13653000,0.0,0.0
2015-06-19 00:00:00-04:00,84.55468839678082,84.92668043778713,83.90896616126538,84.08443450927734,21020000,0.0,0.0
2015-06-22 00:00:00-04:00,84.7652572357535,85.53732234229628,84.61786444855979,85.2706069946289,8040700,0.0,0.0
2015-06-23 00:00:00-04:00,85.50223258328712,85.90932051287015,84.99688278861441,85.77596282958984,8429200,0.0,0.0
2015-06-24 00:00:00-04:00,85.5513628495299,86.59013801436348,85.38291470424093,85.63558959960938,8354800,0.0,0.0
2015-06-25 00:00:00-04:00,85.9654531893822,86.05669480023424,84.09144721141315,84.38623809814453,8575000,0.0,0.0
2015-06-26 00:00:00-04:00,84.43538706948218,84.65296614833885,83.44574283041784,83.87388610839844,9730800,0.0,0.0
2015-06-29 00:00:00-04:00,82.736847428311,83.62120955024533,80.926017842272,81.03831481933594,12491100,0.0,0.0
2015-06-30 00:00:00-04:00,82.32275444538925,83.03164827437048,81.96479741324836,82.17536163330078,11345200,0.0,0.0
2015-07-01 00:00:00-04:00,82.89828798283563,83.2422045336089,80.99621124609106,81.42435455322266,10248500,0.0,0.0
2015-07-02 00:00:00-04:00,81.64891689580206,81.76121383187333,80.65225816062222,80.74349975585938,8832000,0.0,0.0
2015-07-06 00:00:00-04:00,80.33644422326726,81.72615617957075,80.09780979155714,81.17869567871094,13543300,0.0,0.0
2015-07-07 00:00:00-04:00,81.38221471841176,81.71209605750529,79.40293203871937,80.80667877197266,10183000,0.0,0.0
2015-07-08 00:00:00-04:00,80.1890371094985,80.3013394254595,78.89759260516193,79.26958465576172,9238800,0.0,0.0
2015-07-09 00:00:00-04:00,80.29433358039198,80.53998824699048,79.5433291111508,79.56438446044922,9007800,0.0,0.0
2015-07-10 00:00:00-04:00,80.63122822057728,80.71545497090882,79.45208049028572,79.83109283447266,9703400,0.0,0.0
2015-07-13 00:00:00-04:00,80.71543804445602,80.79264454401849,80.23114370263124,80.39959716796875,9632800,0.0,0.0
2015-07-14 00:00:00-04:00,80.86985564085016,82.68770521328977,80.62420101685417,82.37186431884766,11295900,0.0,0.0
2015-07-15 00:00:00-04:00,83.56506426552895,84.02830338505363,82.26659925166082,82.39293670654297,10479200,0.0,0.0
2015-07-16 00:00:00-04:00,83.05269171399209,83.80369613732658,82.86318287215013,83.41766357421875,7514600,0.0,0.0
2015-07-17 00:00:00-04:00,83.34747944834305,83.41766572848346,82.273613833072,83.0035629272461,8170100,0.0,0.0
2015-07-20 00:00:00-04:00,83.38258473724626,83.48786149198025,82.70878137772546,82.96145629882812,7218700,0.0,0.0
2015-07-21 00:00:00-04:00,82.96846995788225,83.50891557874266,82.063052454841,82.66666412353516,6489100,0.0,0.0
2015-07-22 00:00:00-04:00,81.99286839001581,83.10182989085538,81.81037976655442,82.42803192138672,6977100,0.0,0.0
2015-07-23 00:00:00-04:00,82.72280816090974,83.24219303285172,82.4139821184671,82.58243560791016,6110300,0.0,0.0
2015-07-24 00:00:00-04:00,81.51558222324795,82.22447590857794,79.07306561092183,79.1923828125,15067600,0.0,0.0
2015-07-27 00:00:00-04:00,79.05204242350217,79.22751086963389,75.80236872889691,77.58512878417969,14883600,0.0,0.0
2015-07-28 00:00:00-04:00,78.97479207563438,79.59244409055687,77.72545828889618,79.36082458496094,16439700,0.0,0.0
2015-07-29 00:00:00-04:00,83.08776864129875,83.84579317545003,80.79264504913225,81.2137680053711,23144800,0.0,0.0
2015-07-30 00:00:00-04:00,81.49454585528599,82.99655496279813,80.53999731062228,82.75090026855469,11977200,0.0,0.0
2015-07-31 00:00:00-04:00,83.50188112836635,83.52293647405973,82.20341638020565,82.7228012084961,9217900,0.0,0.0
2015-08-03 00:00:00-04:00,83.17200913537079,84.34413658654017,82.94740983122533,83.9440689086914,11660000,0.0,0.0
2015-08-04 00:00:00-04:00,83.94408164919538,84.48452732095413,83.21413246121813,83.43171691894531,7876400,0.0,0.0
2015-08-05 00:00:00-04:00,84.01426078757989,84.27395592572518,83.0877879268626,83.28431701660156,8071000,0.0,0.0
2015-08-06 00:00:00-04:00,83.83874902082435,83.8668245905454,80.58205790132543,80.92597961425781,10755300,0.0,0.0
2015-08-07 00:00:00-04:00,80.9119741083539,80.92601457671402,79.40294505182274,80.32240295410156,9670200,0.0,0.0
2015-08-10 00:00:00-04:00,81.22780296560369,82.20340646745832,81.07338997598033,81.82439422607422,7776200,0.0,0.0
2015-08-11 00:00:00-04:00,80.7996687341917,82.01390673246932,80.49084272081744,81.14358520507812,6567700,0.0,0.0
2015-08-12 00:00:00-04:00,80.61016479370394,81.7401814784464,79.69773252012949,81.59278869628906,6999600,0.0,0.0
2015-08-13 00:00:00-04:00,81.59281976601335,81.91568103390074,80.84181510150168,80.85585021972656,6337400,0.0,0.0
2015-08-14 00:00:00-04:00,80.47683905901359,81.32610557281572,80.39963252549782,81.1365966796875,5533400,0.0,0.0
2015-08-17 00:00:00-04:00,80.77159695582469,82.04198617174065,80.72246602910057,81.71210479736328,7126700,0.0,0.0
2015-08-18 00:00:00-04:00,81.78929341443596,82.61048387643416,81.41028119623643,82.16128540039062,5934000,0.0,0.0
2015-08-19 00:00:00-04:00,81.87355387080302,82.25958112543246,80.9962118990946,81.56472778320312,7504800,0.0,0.0
2015-08-20 00:00:00-04:00,80.61721192845806,81.48051356271887,78.85550747884884,78.88358306884766,9200200,0.0,0.0
2015-08-21 00:00:00-04:00,77.58511340594639,78.06238769901843,73.92835235595703,73.92835235595703,22739400,0.0,0.0
2015-08-24 00:00:00-04:00,68.29931585887826,70.88923106377676,60.361127440443575,70.65059661865234,25731800,0.0,0.0
2015-08-25 00:00:00-04:00,73.99853288059091,75.7321615063733,71.9841537475586,71.9841537475586,18482500,0.0,0.0
2015-08-26 00:00:00-04:00,74.34245373503471,75.17066483408452,71.91397161355289,75.07240295410156,15627600,0.0,0.0
2015-08-27 00:00:00-04:00,76.10414466048789,76.92533537939698,74.16697227970987,75.79531860351562,14610300,0.0,0.0
2015-08-28 00:00:00-04:00,75.0723902644344,76.3568200776496,74.94605281797274,75.6479263305664,10755900,0.0,0.0
2015-08-31 00:00:00-04:00,75.39525128976095,76.03395875530599,73.43702355088115,73.745849609375,11736900,0.0,0.0
2015-09-01 00:00:00-04:00,71.74550135792559,73.44403373752684,70.88921493460964,71.2331314086914,13548000,0.0,0.0
2015-09-02 00:00:00-04:00,72.60180568091702,73.2054173951915,70.903267527679,73.18435668945312,11509300,0.0,0.0
2015-09-03 00:00:00-04:00,73.64056660049408,73.6967177658654,71.37351818604267,71.5279312133789,9928100,0.0,0.0
2015-09-04 00:00:00-04:00,70.91028036483297,72.46142019042401,70.57338407635463,71.63320922851562,10336500,0.0,0.0
2015-09-08 00:00:00-04:00,72.88255148617623,73.66163160449972,72.22981418393442,73.62654113769531,9992600,0.0,0.0
2015-09-09 00:00:00-04:00,74.53897221080805,74.71444060617708,72.67199126861442,72.86851501464844,7896500,0.0,0.0
2015-09-10 00:00:00-04:00,72.99483605587122,76.15326646213487,72.90359443855431,75.27592468261719,10368500,0.0,0.0
2015-09-11 00:00:00-04:00,75.00220104702262,76.9885042950468,74.57405779271721,76.9463882446289,9387600,0.0,0.0
2015-09-14 00:00:00-04:00,77.13665192359714,77.24939110462445,76.38269017062694,77.05209350585938,7505800,0.43,0.0
2015-09-15 00:00:00-04:00,77.12958592896511,78.78548224505025,76.69975681434468,78.24996185302734,7944100,0.0,0.0
2015-09-16 00:00:00-04:00,78.01743454152164,78.74321002432225,77.1436858863403,78.23587036132812,8116000,0.0,0.0
2015-09-17 00:00:00-04:00,78.13017422362196,79.84244290967648,77.3339360880818,78.64456176757812,9858400,0.0,0.0
2015-09-18 00:00:00-04:00,77.24233024864262,78.12312673095992,76.24878923613025,76.41085815429688,13156900,0.0,0.0
2015-09-21 00:00:00-04:00,76.89003194424866,77.06619128719429,73.69802013427056,74.50835418701172,15141600,0.0,0.0
2015-09-22 00:00:00-04:00,73.27521471618181,75.42436014452716,72.47897668296856,75.0509033203125,14843500,0.0,0.0
2015-09-23 00:00:00-04:00,75.02273072541082,75.29049095169725,73.7755197514915,74.33218383789062,7973100,0.0,0.0
2015-09-24 00:00:00-04:00,73.55709237844341,74.09261826856103,71.52773875014617,72.23237609863281,13464100,0.0,0.0
2015-09-25 00:00:00-04:00,73.30340071159091,73.4161452342916,69.89295953921597,70.56236267089844,15998900,0.0,0.0
2015-09-28 00:00:00-04:00,69.80136478951833,69.94229546615131,66.63754501849769,66.79961395263672,23907400,0.0,0.0
2015-09-29 00:00:00-04:00,66.99690717656145,68.87123935853256,65.6651432805423,67.64517211914062,18416500,0.0,0.0
2015-09-30 00:00:00-04:00,69.36451385865018,70.26644895478593,68.29346190002106,69.1883544921875,15811800,0.0,0.0
2015-10-01 00:00:00-04:00,69.43496028199061,69.61111960723132,67.89180287257614,69.24470520019531,13403600,0.0,0.0
2015-10-02 00:00:00-04:00,67.3210500144709,69.2728930201316,66.49662564254685,69.25175476074219,19143500,0.0,0.0
2015-10-05 00:00:00-04:00,70.45668878567068,71.3797673916274,68.8148878071123,69.94230651855469,14536000,0.0,0.0
2015-10-06 00:00:00-04:00,69.63225095770545,69.68862322641907,66.97577096205275,68.73031616210938,14842700,0.0,0.0
2015-10-07 00:00:00-04:00,69.0473819630891,71.02036782314919,68.70211131916246,70.6539535522461,12457700,0.0,0.0
2015-10-08 00:00:00-04:00,70.48485348583986,71.28109690856604,69.10376531241855,71.03446960449219,11833100,0.0,0.0
2015-10-09 00:00:00-04:00,71.35860930916765,71.73207155369074,70.07616977652393,70.92173767089844,8622200,0.0,0.0
2015-10-12 00:00:00-04:00,71.22471099334496,71.32335974568294,70.02682483845632,70.1184310913086,8863800,0.0,0.0
2015-10-13 00:00:00-04:00,69.69569432775317,70.33691162617956,69.05447165336956,69.1883544921875,9411200,0.0,0.0
2015-10-14 00:00:00-04:00,69.31515614387094,70.42143621863033,69.13194898551615,69.3292465209961,9575800,0.0,0.0
2015-10-15 00:00:00-04:00,69.11786691260687,71.65456537358182,68.77259615717917,71.61933135986328,9462400,0.0,0.0
2015-10-16 00:00:00-04:00,71.83778608499156,72.83837535261434,71.52774926174526,72.45787048339844,9975800,0.0,0.0
2015-10-19 00:00:00-04:00,72.3239701539356,73.16953274148015,71.7602581782687,73.0074691772461,7636900,0.0,0.0
2015-10-20 00:00:00-04:00,72.88065166069067,73.24706076923009,71.25998337548234,71.6334457397461,10164800,0.0,0.0
2015-10-21 00:00:00-04:00,72.42966833035888,72.52126924353193,70.01981006728998,71.68275451660156,9837500,0.0,0.0
2015-10-22 00:00:00-04:00,71.87299482881616,77.10140159378118,70.74557637728068,75.81896209716797,24746600,0.0,0.0
2015-10-23 00:00:00-04:00,76.42494558351363,77.2634655226286,74.33922023898467,76.09376525878906,15001300,0.0,0.0
2015-10-26 00:00:00-04:00,76.55884215517298,77.76377126842706,75.70623168471678,76.54474639892578,10906500,0.0,0.0
2015-10-27 00:00:00-04:00,77.08025856916788,78.2922353455717,76.5870147071221,78.18653869628906,15787000,0.0,0.0
2015-10-28 00:00:00-04:00,76.80547266015961,76.95344586145433,74.64928404707037,76.19243621826172,17795600,0.0,0.0
2015-10-29 00:00:00-04:00,76.22766225654016,78.05267025740403,75.88239148966568,76.95343780517578,10783300,0.0,0.0
2015-10-30 00:00:00-04:00,77.1718817239432,77.41146122315115,76.15720757564286,76.19243621826172,8545000,0.0,0.0
2015-11-02 00:00:00-05:00,76.63637097429624,77.4748858885989,76.32632877434328,77.22826385498047,8362000,0.0,0.0
2015-11-03 00:00:00-05:00,77.08735473469618,77.18600356890042,76.32634483429923,76.87596130371094,7458600,0.0,0.0
2015-11-04 00:00:00-05:00,77.2282382128012,77.31984449198416,75.60757583287823,76.79136657714844,8081800,0.0,0.0
2015-11-05 00:00:00-05:00,76.33334427321695,76.37562078220134,74.72677242035199,75.98102569580078,10182100,0.0,0.0
2015-11-06 00:00:00-05:00,75.39618178156297,76.34039306640625,74.94521439537584,76.34039306640625,8565900,0.0,0.0
2015-11-09 00:00:00-05:00,76.10083418759122,76.47429112484028,75.45256911251906,76.1783447265625,8142200,0.0,0.0
2015-11-10 00:00:00-05:00,76.17128252121795,77.06617480249707,76.0585433613454,76.69976043701172,8571300,0.0,0.0
2015-11-11 00:00:00-05:00,76.7420288526502,76.96751250876345,75.41730766902477,75.5300521850586,6056800,0.0,0.0
2015-11-12 00:00:00-05:00,75.35390205800313,75.46664121176805,73.39501154973627,73.4443359375,8010900,0.0,0.0
2015-11-13 00:00:00-05:00,73.34567372033057,73.40909385531263,71.95754313849996,72.27462768554688,10848400,0.0,0.0
2015-11-16 00:00:00-05:00,72.50718974208968,73.28228980911007,71.61934511028834,73.14840698242188,7344200,0.0,0.0
2015-11-17 00:00:00-05:00,73.59934368358775,73.90938573100613,72.92994058224842,73.65571594238281,6921800,0.0,0.0
2015-11-18 00:00:00-05:00,73.62755664390723,76.255856376506,73.59937050423827,76.19243621826172,8246800,0.0,0.0
2015-11-19 00:00:00-05:00,76.10081115411585,76.13604516151354,74.83951002783583,75.0509033203125,7019600,0.0,0.0
2015-11-20 00:00:00-05:00,75.63576625361509,76.07969119940178,74.98750121882732,75.07205963134766,7113200,0.0,0.0
2015-11-23 00:00:00-05:00,75.1848103477074,75.85421912035916,74.64224190128652,74.94523620605469,5481700,0.0,0.0
2015-11-24 00:00:00-05:00,74.51541342448421,75.25528492801804,74.33925405468636,75.09321594238281,6547100,0.0,0.0
2015-11-25 00:00:00-05:00,75.09319036692787,76.15014622573382,74.9099831794673,75.94580078125,5720500,0.0,0.0
2015-11-27 00:00:00-05:00,76.19947123293942,76.54474197767074,75.83306223101411,76.10082244873047,2749200,0.0,0.0
2015-11-30 00:00:00-05:00,76.24876320503411,76.31922582437275,74.47308046831535,74.663330078125,9837800,0.0,0.0
2015-12-01 00:00:00-05:00,74.93817220987627,75.66394773414855,73.74029100732376,74.58585357666016,10659500,0.0,0.0
2015-12-02 00:00:00-05:00,73.98691081118199,74.38855382626161,73.49366688948966,73.59231567382812,8850500,0.0,0.0
2015-12-03 00:00:00-05:00,73.5077699178756,73.6980196415641,70.81605539070019,71.4361343383789,13772400,0.0,0.0
2015-12-04 00:00:00-05:00,71.4784023933522,73.39501652076342,71.34451959923062,73.33159637451172,8738300,0.0,0.0
2015-12-07 00:00:00-05:00,73.35977601349413,73.38796214533754,72.04915045052793,72.51421356201172,5956100,0.0,0.0
2015-12-08 00:00:00-05:00,71.92232581368833,73.3316003513336,71.68275172274738,72.95109558105469,6675600,0.0,0.0
2015-12-09 00:00:00-05:00,72.75379144250564,73.51480091440953,71.52067633331063,71.83776092529297,7534900,0.0,0.0
2015-12-10 00:00:00-05:00,72.19007545502608,72.61990455605707,71.56294880780806,72.30986785888672,7653300,0.0,0.0
2015-12-11 00:00:00-05:00,71.4149842365272,72.20417989213885,70.23119344108753,70.48486328125,9518900,0.0,0.0
2015-12-14 00:00:00-05:00,70.74671700050322,71.42608863920103,69.81965862881653,71.11470794677734,10251300,0.43,0.0
2015-12-15 00:00:00-05:00,71.99929497381915,72.89097245936003,71.78699441003842,72.16206359863281,11740300,0.0,0.0
2015-12-16 00:00:00-05:00,73.01838874514873,73.23776771565169,71.92856140278323,73.1316146850586,10950300,0.0,0.0
2015-12-17 00:00:00-05:00,73.77557822328127,74.1577257511866,72.41683505683925,72.43806457519531,7614400,0.0,0.0
2015-12-18 00:00:00-05:00,71.95683842361454,72.17621730017332,71.41900059164952,71.90022277832031,15768500,0.0,0.0
2015-12-21 00:00:00-05:00,72.33191867677043,73.07498428708648,71.92146328442125,72.62914276123047,8306500,0.0,0.0
2015-12-22 00:00:00-05:00,72.88391228749833,73.27313818334889,72.53007252733101,72.79191589355469,7151200,0.0,0.0
2015-12-23 00:00:00-05:00,73.3084895074582,73.3084895074582,72.67158251402617,72.99003601074219,7279900,0.0,0.0
2015-12-24 00:00:00-05:00,73.13864589443247,73.5278716229016,72.99711221089677,73.3014144897461,2656900,0.0,0.0
2015-12-28 00:00:00-05:00,72.89099254986024,73.11037147931589,71.83655154804148,71.95685577392578,5270900,0.0,0.0
2015-12-29 00:00:00-05:00,72.36024238828391,73.2802280697578,71.87902002244894,73.14576721191406,7647300,0.0,0.0
2015-12-30 00:00:00-05:00,72.7777408163981,72.92635822923145,72.20452227808188,72.29652404785156,4876300,0.0,0.0
2015-12-31 00:00:00-05:00,72.43802959779796,72.48048861400835,71.59588978187342,71.61004638671875,6245200,0.0,0.0
2016-01-04 00:00:00-05:00,70.60518463716194,70.76795330539754,68.65199301333274,69.35967254638672,14904400,0.0,0.0
2016-01-05 00:00:00-05:00,70.54855740789995,70.66178329838634,69.84795095130293,70.24425506591797,9260800,0.0,0.0
2016-01-06 00:00:00-05:00,69.04829516208085,71.24917904820838,69.01290902405096,70.98026275634766,12540700,0.0,0.0
2016-01-07 00:00:00-05:00,69.39502583320748,70.06024605887276,67.95843781324031,68.11412811279297,12944600,0.0,0.0
2016-01-08 00:00:00-05:00,68.57412757543558,69.34549544699654,68.22736621844172,68.25566864013672,11976000,0.0,0.0
2016-01-11 00:00:00-05:00,68.80059142802104,68.80059142802104,66.7270905912668,68.29106140136719,12322500,0.0,0.0
2016-01-12 00:00:00-05:00,68.57413400620248,69.69934164528352,67.37815410875272,68.71566772460938,9830100,0.0,0.0
2016-01-13 00:00:00-05:00,68.82182455723502,69.3738136486862,65.19143102557611,65.48865509033203,12135700,0.0,0.0
2016-01-14 00:00:00-05:00,65.61603042740218,67.14461502123024,64.25020906111608,65.82833099365234,16303200,0.0,0.0
2016-01-15 00:00:00-05:00,63.952971718867765,65.65847579586776,63.46467133953783,64.99325561523438,18108300,0.0,0.0
2016-01-19 00:00:00-05:00,65.91324438260342,65.96986001794718,62.877299776636704,63.620365142822266,14373700,0.0,0.0
2016-01-20 00:00:00-05:00,62.275805762615036,64.98621996831073,61.05859596793358,64.08039093017578,19676300,0.0,0.0
2016-01-21 00:00:00-05:00,63.95298323232438,64.11574645529404,62.778232948580545,62.89146423339844,12158300,0.0,0.0
2016-01-22 00:00:00-05:00,63.97421670115718,65.15603996384883,63.485916203748296,64.98619842529297,9160700,0.0,0.0
2016-01-25 00:00:00-05:00,64.7738816146622,66.19631843487178,63.9954355107697,64.12281799316406,10188400,0.0,0.0
2016-01-26 00:00:00-05:00,64.2006784891382,65.6938825122236,63.86806829454113,65.25511932373047,6889200,0.0,0.0
2016-01-27 00:00:00-05:00,64.99325739524328,65.177255505404,62.983450988991045,63.42928695678711,12520300,0.0,0.0
2016-01-28 00:00:00-05:00,63.69112954089749,63.846819832530365,61.46901723107041,61.94316101074219,14168300,0.0,0.0
2016-01-29 00:00:00-05:00,59.64320960741333,60.365045505657186,58.26323715365963,58.73738098144531,37029000,0.0,0.0
2016-02-01 00:00:00-05:00,58.25617327201087,59.81306593345181,58.22786544554538,59.48046112060547,17943600,0.0,0.0
2016-02-02 00:00:00-05:00,59.57245128005546,59.60075910356189,57.951864828677806,58.532161712646484,16895600,0.0,0.0
2016-02-03 00:00:00-05:00,60.089039998063555,61.56100854580573,59.35305302461072,61.13640213012695,24497700,0.0,0.0
2016-02-04 00:00:00-05:00,60.87459226789456,61.886574236247235,60.584446461140665,61.3416633605957,14538700,0.0,0.0
2016-02-05 00:00:00-05:00,61.34164646081515,62.28993420110448,59.76351912987554,60.2518196105957,15732800,0.0,0.0
2016-02-08 00:00:00-05:00,59.579514418289456,61.32040462700898,59.34597898318754,60.33673095703125,19111300,0.0,0.0
2016-02-09 00:00:00-05:00,59.58659401285278,62.615465907039074,59.515827163739694,61.745018005371094,14322700,0.0,0.0
2016-02-10 00:00:00-05:00,62.76409640625672,63.58500181638217,61.95026390371178,62.13426208496094,13462300,0.0,0.0
2016-02-11 00:00:00-05:00,61.214271229515,62.59424397039851,60.86750981755348,61.8228759765625,13013400,0.0,0.0
2016-02-12 00:00:00-05:00,62.74285274616603,63.60621700388098,61.34164528023299,63.29484176635742,11311700,0.0,0.0
2016-02-16 00:00:00-05:00,64.20067961965665,64.5969783780705,63.6133043890321,64.5049819946289,12278000,0.0,0.0
2016-02-17 00:00:00-05:00,64.46253732953075,64.75268858034352,62.742880947155015,63.23825454711914,22772800,0.0,0.0
2016-02-18 00:00:00-05:00,63.408071881151415,64.36343797204749,62.93392798851514,62.97638702392578,11427500,0.0,0.0
2016-02-19 00:00:00-05:00,62.417322367754615,62.969316847853925,61.653032701396846,61.87948989868164,12897800,0.0,0.0
2016-02-22 00:00:00-05:00,62.52345886991251,63.337291063975165,62.31115834048141,63.05421829223633,9749400,0.0,0.0
2016-02-23 00:00:00-05:00,63.05425060003672,63.266556637413444,62.20503724886344,62.52349090576172,8394500,0.0,0.0
2016-02-24 00:00:00-05:00,61.8582813763853,63.365637101276675,61.41951804558329,63.23825454711914,8338400,0.0,0.0
2016-02-25 00:00:00-05:00,63.69113578798543,64.03789712662063,63.372682268711294,63.80436706542969,9171500,0.0,0.0
2016-02-26 00:00:00-05:00,64.12283452429466,64.34221342307784,62.197945582608675,62.3465576171875,13349700,0.0,0.0
2016-02-29 00:00:00-05:00,62.18378110853541,63.08253143051703,61.745018005371094,61.745018005371094,12732500,0.0,0.0
2016-03-01 00:00:00-05:00,62.20503559967401,63.49301220766764,61.78042893534461,63.47178268432617,11746100,0.0,0.0
2016-03-02 00:00:00-05:00,63.40807834559785,63.464693998027485,62.247484466619206,62.84193801879883,10557200,0.0,0.0
2016-03-03 00:00:00-05:00,63.0754709723411,63.20285349645188,61.90780413368596,62.15549087524414,12374600,0.0,0.0
2016-03-04 00:00:00-05:00,62.48807463217811,63.05421474463921,61.46193656725355,61.71670150756836,21201900,0.0,0.0
2016-03-07 00:00:00-05:00,61.64595596060603,63.71945691930037,61.48318731506621,63.44346237182617,13100600,0.0,0.0
2016-03-08 00:00:00-05:00,63.44344841679051,63.974207875828085,62.52346319479295,62.74284744262695,11056800,0.0,0.0
2016-03-09 00:00:00-05:00,62.94101554073296,63.16039445480363,61.87241799953506,62.15549087524414,10428100,0.0,0.0
2016-03-10 00:00:00-05:00,62.488094137078896,63.62038011459418,62.1484056442416,62.728702545166016,10884500,0.0,0.0
2016-03-11 00:00:00-05:00,63.66991957486053,63.67699788097068,62.84193593243794,63.44346237182617,10581000,0.0,0.0
2016-03-14 00:00:00-04:00,63.99808700056921,64.85850507477687,63.52876509180954,64.32518768310547,11004900,0.43,0.0
2016-03-15 00:00:00-04:00,63.94121182624583,64.04787641183071,63.30834215701141,63.599891662597656,10265100,0.0,0.0
2016-03-16 00:00:00-04:00,63.25858103876842,64.62387286671891,63.22302978528727,64.19721984863281,8860200,0.0,0.0
2016-03-17 00:00:00-04:00,63.848787246637144,64.26122084877632,63.151916490430004,63.663902282714844,10549300,0.0,0.0
2016-03-18 00:00:00-04:00,64.01232909664189,64.51720784718329,63.67100888311155,64.19010162353516,16824300,0.0,0.0
2016-03-21 00:00:00-04:00,63.998104136174206,66.13848669355848,63.998104136174206,65.89671325683594,9816900,0.0,0.0
2016-03-22 00:00:00-04:00,65.51983281015146,66.81401640586793,65.45583731361162,66.64335632324219,9830800,0.0,0.0
2016-03-23 00:00:00-04:00,64.68074996348773,65.57672494092037,63.976772336669626,64.05499267578125,13891900,0.0,0.0
2016-03-24 00:00:00-04:00,63.72078881314042,66.00338754496576,63.599904789613994,64.93675231933594,14396500,0.0,0.0
2016-03-28 00:00:00-04:00,65.47005084448594,67.06289079798465,65.37761110494941,65.74737548828125,9606800,0.0,0.0
2016-03-29 00:00:00-04:00,65.55538537711449,65.59093662012698,64.43186193435108,65.56249237060547,8664500,0.0,0.0
2016-03-30 00:00:00-04:00,65.75450134303165,66.53669935524206,65.10740675849155,65.39895629882812,8125200,0.0,0.0
2016-03-31 00:00:00-04:00,65.34917636958647,65.95360182417775,65.09318351878768,65.32073211669922,13656300,0.0,0.0
2016-04-01 00:00:00-04:00,64.95095317047148,67.11266726089232,64.73762944143175,66.92778778076172,11423000,0.0,0.0
2016-04-04 00:00:00-04:00,67.09136581040022,67.55357557039319,66.66471273394065,67.01314544677734,8804800,0.0,0.0
2016-04-05 00:00:00-04:00,66.52245560917302,68.75527723607509,66.48689894768322,67.95885467529297,11808600,0.0,0.0
2016-04-06 00:00:00-04:00,67.9019910667173,69.33128366438933,67.89488407196316,69.28861999511719,11118800,0.0,0.0
2016-04-07 00:00:00-04:00,69.12504155971884,69.4236979855678,67.61752917061925,67.95885467529297,13333100,0.0,0.0
2016-04-08 00:00:00-04:00,68.41396892334174,69.29571901298114,67.96598417199293,68.3286361694336,9722900,0.0,0.0
2016-04-11 00:00:00-04:00,68.55618653594617,69.01128368222783,68.07975213343194,68.14375305175781,8796300,0.0,0.0
2016-04-12 00:00:00-04:00,68.26465777057066,69.26018511476234,67.90911267801562,69.14640808105469,9224800,0.0,0.0
2016-04-13 00:00:00-04:00,69.57304401034037,69.66548918380744,68.7268505871288,69.11083984375,9299000,0.0,0.0
2016-04-14 00:00:00-04:00,68.98282842605074,70.23434266605005,68.90460810790266,69.82191467285156,8743400,0.0,0.0
2016-04-15 00:00:00-04:00,70.06370361553759,70.38369740163108,69.41661447398322,69.8930435180664,8910600,0.0,0.0
2016-04-18 00:00:00-04:00,69.80770873357805,70.91701289795773,69.7650450667434,70.54013061523438,8067800,0.0,0.0
2016-04-19 00:00:00-04:00,70.9383793981059,71.62813795000426,70.568609354215,70.71083068847656,9811700,0.0,0.0
2016-04-20 00:00:00-04:00,70.64678781325263,71.79164310510593,70.64678781325263,71.18721771240234,8864100,0.0,0.0
2016-04-21 00:00:00-04:00,71.03788767371763,72.417398498926,71.03788767371763,72.3462905883789,9038200,0.0,0.0
2016-04-22 00:00:00-04:00,72.21829429896823,72.85116392670184,71.4645406805857,72.48139953613281,10301900,0.0,0.0
2016-04-25 00:00:00-04:00,72.41740248736978,72.80139173569562,72.17563449315692,72.73739624023438,8292300,0.0,0.0
2016-04-26 00:00:00-04:00,72.54541229192368,73.3133909303078,71.82721517055599,72.05476379394531,9342600,0.0,0.0
2016-04-27 00:00:00-04:00,72.03343579449485,72.37475603516306,71.21568102072999,71.62100219726562,8585800,0.0,0.0
2016-04-28 00:00:00-04:00,71.40054253398047,71.64231050628976,68.83350745055911,68.97572326660156,15680300,0.0,0.0
2016-04-29 00:00:00-04:00,64.84432061647223,65.79717893243631,62.43372514079764,62.72526931762695,33629200,0.0,0.0
2016-05-02 00:00:00-04:00,63.07370003133952,63.60701769369646,61.687076279286586,63.28702926635742,13524000,0.0,0.0
2016-05-03 00:00:00-04:00,63.0523373170465,63.37233101287701,61.864818539087764,61.98570251464844,9881800,0.0,0.0
2016-05-04 00:00:00-04:00,61.62305218187414,61.85770772133046,60.734189823551596,60.869293212890625,12187800,0.0,0.0
2016-05-05 00:00:00-04:00,61.40262419173485,61.438180863996344,60.58486955639891,61.05419158935547,8035800,0.0,0.0
2016-05-06 00:00:00-04:00,60.919073032025445,61.039957018142346,59.75999839860302,60.21509552001953,9271300,0.0,0.0
2016-05-09 00:00:00-04:00,60.43555633334626,61.48085982572067,60.229339518337426,60.919097900390625,8469000,0.0,0.0
2016-05-10 00:00:00-04:00,61.44530284794194,61.49507894174419,60.36444277511125,61.2817497253418,6840000,0.0,0.0
2016-05-11 00:00:00-04:00,61.43108213976618,61.4381945608414,59.59646811587422,59.66046905517578,8445700,0.0,0.0
2016-05-12 00:00:00-04:00,59.80267345279939,59.944894721081035,58.096056209726285,58.849815368652344,12095700,0.0,0.0
2016-05-13 00:00:00-04:00,58.77870533759004,59.63912363536437,58.600932827508075,58.80714416503906,8332900,0.0,0.0
2016-05-16 00:00:00-04:00,58.80714057561331,59.610675744257556,58.66492474630279,59.4542350769043,6508100,0.0,0.0
2016-05-17 00:00:00-04:00,59.376020498327776,59.54668059507909,58.62937375911247,58.849815368652344,8379200,0.0,0.0
2016-05-18 00:00:00-04:00,58.83557891744184,59.333345120408474,58.54403486908026,58.93513107299805,7475100,0.0,0.0
2016-05-19 00:00:00-04:00,58.529819551827465,58.72892389532245,57.797397677462406,58.408935546875,9272400,0.0,0.0
2016-05-20 00:00:00-04:00,58.4302863683214,59.07738112015465,58.359178426134555,58.76449966430664,7953000,0.0,0.0
2016-05-23 00:00:00-04:00,59.03469298007282,59.752895442522124,58.48715603406996,59.25513458251953,7782700,0.0,0.0
2016-05-24 00:00:00-04:00,59.57511562137283,61.46661750765122,59.52533954148055,61.310176849365234,13171300,0.0,0.0
2016-05-25 00:00:00-04:00,61.722608486182715,61.86482430301193,60.940405218065074,61.51639175415039,11621400,0.0,0.0
2016-05-26 00:00:00-04:00,61.46662703636259,61.50929070425957,60.47821227871369,60.64887237548828,8126000,0.0,0.0
2016-05-27 00:00:00-04:00,61.02574920654296,61.16796504957376,60.58487141284886,61.02574920654297,6125900,0.0,0.0
2016-05-31 00:00:00-04:00,61.43816944139941,62.02837537001546,61.189289057400316,61.90748596191406,12517800,0.0,0.0
2016-06-01 00:00:00-04:00,62.02839851223489,62.0781746076057,61.374191426405915,61.56618881225586,7451800,0.0,0.0
2016-06-02 00:00:00-04:00,61.64439387602377,61.91460612313193,61.05418787359646,61.66572570800781,7281100,0.0,0.0
2016-06-03 00:00:00-04:00,61.758155802499466,61.850600960229805,60.83374220149324,61.26039505004883,7443800,0.0,0.0
2016-06-06 00:00:00-04:00,61.274614627173555,62.48347069741381,61.2248385517933,62.291473388671875,8596700,0.0,0.0
2016-06-07 00:00:00-04:00,62.24883457785006,62.74659553033366,61.79373729981149,62.22039031982422,7923800,0.0,0.0
2016-06-08 00:00:00-04:00,62.234590576595096,62.63991163460247,61.736829777352995,62.163482666015625,7331600,0.0,0.0
2016-06-09 00:00:00-04:00,61.80794320627206,62.04260421480256,60.90486126839358,60.99018859863281,8083700,0.0,0.0
2016-06-10 00:00:00-04:00,60.42844177517688,60.563545211064174,59.78845957164939,60.05155944824219,8075200,0.0,0.0
2016-06-13 00:00:00-04:00,59.7528936226627,60.30754297125481,59.66045387295945,59.717342376708984,8194100,0.0,0.0
2016-06-14 00:00:00-04:00,59.71018242533314,60.46817820490248,59.18816286109828,59.76023864746094,7488700,0.47,0.0
2016-06-15 00:00:00-04:00,60.103489159626236,60.38237462347995,59.33118843400699,59.38124465942383,7416100,0.0,0.0
2016-06-16 00:00:00-04:00,59.19533030958238,59.85321381161197,58.80203288054575,59.717350006103516,6172200,0.0,0.0
2016-06-17 00:00:00-04:00,59.838911444109556,60.18930507067476,59.01655437890049,59.10236740112305,15951300,0.0,0.0
2016-06-20 00:00:00-04:00,59.538563589404156,60.153543167984566,59.28113002368588,59.34548568725586,6951800,0.0,0.0
2016-06-21 00:00:00-04:00,59.602918975861265,59.66728009485119,58.22994360222667,58.48737716674805,8412000,0.0,0.0
2016-06-22 00:00:00-04:00,58.32290386083583,59.91756147840555,58.32290386083583,58.95933532714844,10069600,0.0,0.0
2016-06-23 00:00:00-04:00,59.56001697410436,59.76739432146244,59.02369794133255,59.617225646972656,5844000,0.0,0.0
2016-06-24 00:00:00-04:00,58.04402697011012,58.81632778104558,57.3646916278754,57.54346466064453,12438000,0.0,0.0
2016-06-27 00:00:00-04:00,57.135862428824026,57.543464725770164,55.71997760717323,55.95595932006836,11724000,0.0,0.0
2016-06-28 00:00:00-04:00,56.971376223686654,58.93787915096057,56.814055116589735,58.85921859741211,14751000,0.0,0.0
2016-06-29 00:00:00-04:00,59.631524861983294,59.68158108662406,58.45877435121164,58.83061981201172,10452600,0.0,0.0
2016-06-30 00:00:00-04:00,58.83063133448604,59.65298843383789,58.30146464811057,59.65298843383789,9706500,0.0,0.0
2016-07-01 00:00:00-04:00,59.459943167174195,60.997393151445216,59.17390507265726,60.6827507019043,8336300,0.0,0.0
2016-07-05 00:00:00-04:00,60.55399425949789,60.89724083974761,59.7173378807708,59.989070892333984,7621700,0.0,0.0
2016-07-06 00:00:00-04:00,59.81031728825458,61.43357980346671,59.58864042941458,61.30486297607422,9683800,0.0,0.0
2016-07-07 00:00:00-04:00,61.42642067891578,61.683854305729625,60.61836300641437,61.11893081665039,6764500,0.0,0.0
2016-07-08 00:00:00-04:00,61.46932051698404,62.170113224018316,61.30485237780057,61.89122772216797,7628800,0.0,0.0
2016-07-11 00:00:00-04:00,61.89837742225145,62.37749332971972,61.562283224370866,61.676700592041016,7453900,0.0,0.0
2016-07-12 00:00:00-04:00,62.08430600399484,62.43469966239732,61.84117726918678,61.94843673706055,7857700,0.0,0.0
2016-07-13 00:00:00-04:00,62.005675368835405,62.270261580718454,61.29773526037188,61.31918716430664,8334400,0.0,0.0
2016-07-14 00:00:00-04:00,61.80540347641009,61.86261214735453,60.975894114873164,61.16897201538086,8104400,0.0,0.0
2016-07-15 00:00:00-04:00,61.261920746154004,62.89948182464263,61.1689607647565,61.977012634277344,11483300,0.0,0.0
2016-07-18 00:00:00-04:00,62.17010868636764,62.45614116071772,61.834014527714594,62.16295623779297,6788300,0.0,0.0
2016-07-19 00:00:00-04:00,61.85547291618596,62.18441466082259,60.98305959289213,61.097476959228516,9832800,0.0,0.0
2016-07-20 00:00:00-04:00,61.11177670980069,62.298832340774965,60.854343089968204,61.96989059448242,9055900,0.0,0.0
2016-07-21 00:00:00-04:00,62.32743651241049,62.80654695967777,61.712456806235664,62.384639739990234,9453400,0.0,0.0
2016-07-22 00:00:00-04:00,62.44184627677194,62.52765929877209,61.72675412726437,61.89122772216797,7374700,0.0,0.0
2016-07-25 00:00:00-04:00,61.90552629613488,63.53593550122301,61.69814892100068,63.3214111328125,15718500,0.0,0.0
2016-07-26 00:00:00-04:00,60.1034939480018,60.17500206776291,57.57206722727584,57.95821762084961,47371900,0.0,0.0
2016-07-27 00:00:00-04:00,58.16558248323674,58.623246396834105,57.96535758987992,58.48737716674805,14103800,0.0,0.0
2016-07-28 00:00:00-04:00,58.60180432155478,58.62326167062139,57.650735830317174,58.09408950805664,13011000,0.0,0.0
2016-07-29 00:00:00-04:00,57.636428974372514,57.80804957103537,56.75686864272004,56.82837677001953,19465700,0.0,0.0
2016-08-01 00:00:00-04:00,57.07148977616401,58.072619649801105,56.85696545334678,57.53630065917969,14758000,0.0,0.0
2016-08-02 00:00:00-04:00,57.90817360482152,58.05834232470779,56.8140778644142,56.8998908996582,13408200,0.0,0.0
2016-08-03 00:00:00-04:00,57.00714790790128,57.328937197837774,56.57094125353923,57.271728515625,10868100,0.0,0.0
2016-08-04 00:00:00-04:00,57.357527043594075,57.657864365729814,56.88556917391203,57.042884826660156,9738300,0.0,0.0
2016-08-05 00:00:00-04:00,57.35038280751243,57.67932996634256,57.10725411832104,57.50055694580078,10692300,0.0,0.0
2016-08-08 00:00:00-04:00,57.53630189894121,57.772283569271984,56.49942067701853,57.02143478393555,9511600,0.0,0.0
2016-08-09 00:00:00-04:00,57.10726951720463,57.13587386289078,56.49944217460686,56.728271484375,9578200,0.0,0.0
2016-08-10 00:00:00-04:00,56.79977052462587,56.91418243332709,56.098977806845106,56.420772552490234,12022200,0.0,0.0
2016-08-11 00:00:00-04:00,56.599553459885676,57.19308134495113,56.34927226007523,56.8998908996582,8454700,0.0,0.0
2016-08-12 00:00:00-04:00,56.73540631141914,57.04289614194906,56.39931759705753,56.96424102783203,8434000,0.0,0.0
2016-08-15 00:00:00-04:00,57.121552777204876,57.27172145771715,56.79976352692423,56.95708465576172,7464800,0.0,0.0
2016-08-16 00:00:00-04:00,56.8998802876429,57.064353877255456,56.663898576524005,56.671051025390625,7969900,0.0,0.0
2016-08-17 00:00:00-04:00,56.82120379891392,57.82948603356081,56.70679192770004,57.707916259765625,10583800,0.0,0.0
2016-08-18 00:00:00-04:00,57.82950284126448,58.115535330291564,57.33608752296874,57.6292724609375,8994400,0.0,0.0
2016-08-19 00:00:00-04:00,57.60782776866108,58.051186911208426,57.37185148129751,57.92247009277344,8227900,0.0,0.0
2016-08-22 00:00:00-04:00,57.843790117801234,58.30144855085448,57.636412787867904,57.86524200439453,7522000,0.0,0.0
2016-08-23 00:00:00-04:00,58.2514039171067,58.38012071798862,57.93676163590204,58.2585563659668,8279400,0.0,0.0
2016-08-24 00:00:00-04:00,58.258551060493964,58.70905709469413,57.33608164746742,57.564910888671875,9699600,0.0,0.0
2016-08-25 00:00:00-04:00,57.529164204913506,57.92246708966234,56.70681255525389,57.264583587646484,9220100,0.0,0.0
2016-08-26 00:00:00-04:00,57.28601893675969,57.44334004522665,56.68533883676936,57.042884826660156,8928000,0.0,0.0
2016-08-29 00:00:00-04:00,56.957077393777276,56.992828719406,55.51258853654936,55.898738861083984,15383500,0.0,0.0
2016-08-30 00:00:00-04:00,55.812939981473825,56.05606867408934,55.534054501958536,55.719974517822266,9174200,0.0,0.0
2016-08-31 00:00:00-04:00,55.59126114697142,56.206240820631656,55.476849242140695,56.048919677734375,9758500,0.0,0.0
2016-09-01 00:00:00-04:00,56.08468673406698,56.10613862916736,55.019200783553366,55.36244201660156,12403900,0.0,0.0
2016-09-02 00:00:00-04:00,55.50545626975067,55.605568737219826,54.826115433958186,54.983436584472656,7956200,0.0,0.0
2016-09-06 00:00:00-04:00,55.61985998761361,55.984558468659,55.24086206577326,55.691368103027344,11648400,0.0,0.0
2016-09-07 00:00:00-04:00,56.04892500775183,56.35641487382294,55.71998324846747,55.934513092041016,8232700,0.0,0.0
2016-09-08 00:00:00-04:00,56.01317986937335,56.592402873109805,55.49116010196214,56.485137939453125,8549600,0.0,0.0
2016-09-09 00:00:00-04:00,56.10613510845333,56.49228556319201,55.81295013427735,55.812950134277344,10415200,0.0,0.0
2016-09-12 00:00:00-04:00,55.55549826751306,56.5137189122389,55.55549826751306,56.38500213623047,8896100,0.0,0.0
2016-09-13 00:00:00-04:00,56.249150900323684,56.249150900323684,55.419641391079296,55.820091247558594,9389600,0.0,0.0
2016-09-14 00:00:00-04:00,56.071890190717745,56.402824465088244,55.7121783069975,55.8416748046875,8311200,0.47,0.0
2016-09-15 00:00:00-04:00,55.93519493616817,56.97835714783088,55.58986913115086,56.719364166259766,10112800,0.0,0.0
2016-09-16 00:00:00-04:00,56.72656924797213,56.971176210153835,56.41002648760007,56.69060134887695,10307900,0.0,0.0
2016-09-19 00:00:00-04:00,56.776926318963504,57.20138922514268,56.69778925999397,56.82728576660156,7234200,0.0,0.0
2016-09-20 00:00:00-04:00,57.29489885997951,59.04309854332685,57.287703086648264,58.83446502685547,17560700,0.0,0.0
2016-09-21 00:00:00-04:00,59.014319991731355,59.028711538162895,58.028713123074205,58.77690887451172,13628800,0.0,0.0
2016-09-22 00:00:00-04:00,58.97115910588082,58.992740937777285,58.20137599856051,58.64741516113281,8213800,0.0,0.0
2016-09-23 00:00:00-04:00,58.66902059850284,58.99275915445271,58.43160939679628,58.53952407836914,7534500,0.0,0.0
2016-09-26 00:00:00-04:00,58.2733256522058,58.36684876680231,57.49634665953878,57.99994659423828,9036000,0.0,0.0
2016-09-27 00:00:00-04:00,57.06469889638294,57.48196604181696,56.57549046454231,57.014339447021484,13214300,0.0,0.0
2016-09-28 00:00:00-04:00,56.92082668093502,57.194205814531806,56.48197761860248,56.81291198730469,6854100,0.0,0.0
2016-09-29 00:00:00-04:00,56.94960425008897,57.07909529581214,55.935213815102905,56.01435089111328,7618600,0.0,0.0
2016-09-30 00:00:00-04:00,56.158221533940186,57.28771670980123,56.15103124766591,56.920814514160156,11031500,0.0,0.0
2016-10-03 00:00:00-04:00,56.568287982692574,56.812894913997134,55.57548517494125,56.136634826660156,10626200,0.0,0.0
2016-10-04 00:00:00-04:00,55.82728754040434,56.417214855432086,55.48196717923931,55.568294525146484,8219400,0.0,0.0
2016-10-05 00:00:00-04:00,55.64743190407429,56.11505848923825,55.53951723230288,55.80570602416992,7910200,0.0,0.0
2016-10-06 00:00:00-04:00,55.669006400960825,55.942390931906274,54.7337588427094,54.8272819519043,10168200,0.0,0.0
2016-10-07 00:00:00-04:00,54.99996562495428,55.02155295670621,53.8992477227087,54.12946319580078,11149200,0.0,0.0
2016-10-10 00:00:00-04:00,54.31650287403515,54.65463297542748,54.14384267990005,54.30930709838867,7161100,0.0,0.0
2016-10-11 00:00:00-04:00,54.05749968776234,54.158218572825966,52.920808854881265,53.10786056518555,11910000,0.0,0.0
2016-10-12 00:00:00-04:00,53.366850998076984,53.388432831162376,52.46037558711937,52.539512634277344,10014500,0.0,0.0
2016-10-13 00:00:00-04:00,52.0071461063909,53.187000675372076,51.949590886253304,52.561100006103516,10586100,0.0,0.0
2016-10-14 00:00:00-04:00,52.71217547819743,52.877645354909994,52.32369148529725,52.338077545166016,7359100,0.0,0.0
2016-10-17 00:00:00-04:00,52.18698513413631,52.848853484842444,52.021515302076715,52.25892639160156,8181400,0.0,0.0
2016-10-18 00:00:00-04:00,52.80570095462306,53.11505336679574,52.45318487662959,52.812896728515625,6353500,0.0,0.0
2016-10-19 00:00:00-04:00,52.87765699867469,53.1798137213626,52.740964700367336,52.76254653930664,6326400,0.0,0.0
2016-10-20 00:00:00-04:00,52.61865602971363,53.82009245240003,52.589878419205405,53.46038055419922,10351400,0.0,0.0
2016-10-21 00:00:00-04:00,53.3092954410648,53.91361420740472,53.07908007502275,53.445987701416016,8256500,0.0,0.0
2016-10-24 00:00:00-04:00,53.60424971997313,53.79849166150501,53.050290518214204,53.34525680541992,7404000,0.0,0.0
2016-10-25 00:00:00-04:00,53.266152154776414,53.72658306302115,53.17262901330368,53.53234100341797,6140800,0.0,0.0
2016-10-26 00:00:00-04:00,53.60426461605964,54.532321902978744,53.424408680348975,54.230159759521484,8333000,0.0,0.0
2016-10-27 00:00:00-04:00,54.625854405354616,54.93520688751428,54.417220825408,54.55391311645508,9596400,0.0,0.0
2016-10-28 00:00:00-04:00,53.776928353290955,53.79851018880847,52.683406606516044,53.15102767944336,13160000,0.0,0.0
2016-10-31 00:00:00-04:00,53.302098944520004,53.553901628862086,52.913614979214316,52.97116470336914,8457000,0.0,0.0
2016-11-01 00:00:00-04:00,52.97117150362119,53.445993838033154,52.56110016425083,53.2877197265625,10741600,0.0,0.0
2016-11-02 00:00:00-04:00,53.237352655941464,53.48914984777695,52.122243749398,52.16541290283203,14620000,0.0,0.0
2016-11-03 00:00:00-04:00,52.03593353711062,52.46758679207194,51.56830689058214,51.62586212158203,9286200,0.0,0.0
2016-11-04 00:00:00-04:00,51.45316727445312,52.72654996715573,51.35964419364656,52.107845306396484,11779500,0.0,0.0
2016-11-07 00:00:00-05:00,52.863252578367714,53.74814060020631,52.55390018720268,53.23735046386719,9513500,0.0,0.0
2016-11-08 00:00:00-05:00,53.18700292528599,53.71218472591392,52.726572122243915,53.26613998413086,7449600,0.0,0.0
2016-11-09 00:00:00-05:00,55.25175708261734,57.55391134073943,55.215783692521896,56.45319366455078,26693700,0.0,0.0
2016-11-10 00:00:00-05:00,57.30930319434594,57.553904654518966,55.3524695578894,55.99994659423828,16651800,0.0,0.0
2016-11-11 00:00:00-05:00,55.740959831215,55.76254166755114,54.16541991345938,54.97836685180664,12949600,0.0,0.0
2016-11-14 00:00:00-05:00,55.4244234052423,55.48916892804728,54.72658127490796,55.215789794921875,8832800,0.0,0.0
2016-11-15 00:00:00-05:00,55.41721361480912,55.474768835260775,53.95678420064779,54.92800521850586,8560100,0.0,0.0
2016-11-16 00:00:00-05:00,54.733752260939674,55.30928788401644,54.366844664920215,54.67619705200195,8415000,0.0,0.0
2016-11-17 00:00:00-05:00,54.47476902961009,54.69059286848652,53.84886837045605,54.37405014038086,9413500,0.0,0.0
2016-11-18 00:00:00-05:00,54.38125104551033,54.4891657304055,53.41722563498961,53.683414459228516,8194300,0.0,0.0
2016-11-21 00:00:00-05:00,53.712175081709454,54.09346875744407,53.56109127739277,53.94239044189453,6810600,0.0,0.0
2016-11-22 00:00:00-05:00,53.99995154505944,54.2733361164184,53.25175009459371,53.56829833984375,6019600,0.0,0.0
2016-11-23 00:00:00-05:00,53.1294509754658,54.208586765713996,53.064705462659774,54.1726188659668,6849200,0.0,0.0
2016-11-25 00:00:00-05:00,54.29492015569204,54.352475382393585,53.8632669329675,54.273338317871094,3068600,0.0,0.0
2016-11-28 00:00:00-05:00,54.17260274123259,54.27332161257482,53.395623886220925,53.62583923339844,9338900,0.0,0.0
2016-11-29 00:00:00-05:00,53.73377708883303,54.24456743949955,53.446006408364354,53.86327362060547,7160700,0.0,0.0
2016-11-30 00:00:00-05:00,53.95677161070086,54.01432681772294,52.942381669811695,53.02151870727539,10627300,0.0,0.0
2016-12-01 00:00:00-05:00,53.21577676902163,53.2589404385109,52.31649706287693,52.40282440185547,8270200,0.0,0.0
2016-12-02 00:00:00-05:00,52.54671458921897,52.94959015758208,51.91362362625295,52.100669860839844,9227900,0.0,0.0
2016-12-05 00:00:00-05:00,52.36685517719156,52.49635167113898,51.748150315972495,52.05750274658203,9985900,0.0,0.0
2016-12-06 00:00:00-05:00,52.2805173667638,52.2805173667638,51.76253144036335,52.136634826660156,8723900,0.0,0.0
2016-12-07 00:00:00-05:00,51.64023733229632,52.44599393065115,51.474772938906604,52.35966110229492,13061000,0.0,0.0
2016-12-08 00:00:00-05:00,52.12945261501181,52.23017151704078,50.95679369066385,51.812904357910156,12333500,0.0,0.0
2016-12-09 00:00:00-05:00,52.04312334569472,52.611468896860664,51.762548458112256,52.30211639404297,9936300,0.0,0.0
2016-12-12 00:00:00-05:00,52.20139312991644,53.00714982297176,51.89204065290817,52.85607147216797,9475900,0.0,0.0
2016-12-13 00:00:00-05:00,53.1529221806197,54.93409822446262,53.145680078151685,54.188316345214844,12693000,0.47,0.0
2016-12-14 00:00:00-05:00,54.20280636619222,55.259926951622006,54.20280636619222,54.81825256347656,11822800,0.0,0.0
2016-12-15 00:00:00-05:00,54.88343706289723,55.02100392157139,54.23902778161483,54.702423095703125,9448800,0.0,0.0
2016-12-16 00:00:00-05:00,53.89146273319729,54.27521134727772,53.53667700826903,53.652523040771484,14437500,0.0,0.0
2016-12-19 00:00:00-05:00,53.29773492659622,54.521390698916704,53.254293356868494,53.8697395324707,8212200,0.0,0.0
2016-12-20 00:00:00-05:00,53.949386490333396,54.03626963042867,53.16740508483957,53.6163215637207,8452000,0.0,0.0
2016-12-21 00:00:00-05:00,53.60185021967657,54.18109707179997,53.26154310836213,53.55116653442383,7018700,0.0,0.0
2016-12-22 00:00:00-05:00,53.348427156452075,53.399110837299474,52.798143247175396,53.07328796386719,8413800,0.0,0.0
2016-12-23 00:00:00-05:00,53.07328933078132,53.500479576910784,53.01536354429043,53.31946563720703,5307600,0.0,0.0
2016-12-27 00:00:00-05:00,53.232575544067686,54.15937153099299,53.22533896402875,53.3846321105957,6632900,0.0,0.0
2016-12-28 00:00:00-05:00,53.29773906286481,53.36290142251344,52.58092548619759,52.68952941894531,6387600,0.0,0.0
2016-12-29 00:00:00-05:00,52.68953815353172,52.74746394333743,52.08857603764643,52.22614288330078,7533600,0.0,0.0
2016-12-30 00:00:00-05:00,52.153742023980826,52.32027730019149,51.62518434665343,51.849639892578125,9220900,0.0,0.0
2017-01-03 00:00:00-05:00,52.37818950916447,53.746659938091376,52.262343463456794,53.69597625732422,10953700,0.0,0.0
2017-01-04 00:00:00-05:00,53.963873234524776,55.737813105946316,53.85526376907335,55.303375244140625,14914200,0.0,0.0
2017-01-05 00:00:00-05:00,55.63643487597522,55.643676979404795,54.716886608248025,55.03547286987305,9413100,0.0,0.0
2017-01-06 00:00:00-05:00,55.35407436223277,55.39027936884925,54.60106104640762,54.65898132324219,8980000,0.0,0.0
2017-01-09 00:00:00-05:00,54.97754810235855,55.0933941388318,54.49966870112697,54.91238021850586,10165300,0.0,0.0
2017-01-10 00:00:00-05:00,55.36129901220953,55.390261903548634,54.253494657995624,54.31142044067383,8869800,0.0,0.0
2017-01-11 00:00:00-05:00,54.680702642552035,54.702428961195565,52.86332619441185,53.413604736328125,14165700,0.0,0.0
2017-01-12 00:00:00-05:00,53.239814063287355,53.348423521734006,52.80538175360728,53.11672592163086,7057700,0.0,0.0
2017-01-13 00:00:00-05:00,53.31221146135878,53.42082090540995,52.856058425270824,52.906742095947266,8269100,0.0,0.0
2017-01-17 00:00:00-05:00,52.798125571484164,52.798125571484164,51.936503285531245,52.06683349609375,11706600,0.0,0.0
2017-01-18 00:00:00-05:00,52.305789463256794,52.47232472792136,51.7699897178224,52.22614288330078,9910000,0.0,0.0
2017-01-19 00:00:00-05:00,52.00168502349668,52.31302922462133,51.57449477205734,51.82067108154297,9810900,0.0,0.0
2017-01-20 00:00:00-05:00,52.11028052355954,52.13200130691385,51.103843718035066,51.41518783569336,10270300,0.0,0.0
2017-01-23 00:00:00-05:00,51.31383627627086,51.61793838495369,50.901124693313506,51.18350601196289,9657600,0.0,0.0
2017-01-24 00:00:00-05:00,51.11833616937022,51.39348089692615,50.52461065995437,50.86491775512695,10912800,0.0,0.0
2017-01-25 00:00:00-05:00,51.277610130991604,52.3781720569933,51.205205686035775,52.06683349609375,14001600,0.0,0.0
2017-01-26 00:00:00-05:00,51.97272642324723,52.02341011021686,51.51657324052061,51.567256927490234,8580100,0.0,0.0
2017-01-27 00:00:00-05:00,51.71930244615432,52.25510215443224,51.523809824251224,51.596214294433594,6939700,0.0,0.0
2017-01-30 00:00:00-05:00,51.40796689711328,51.8930830054269,51.2269529291657,51.77723693847656,7242500,0.0,0.0
2017-01-31 00:00:00-05:00,51.50208654052358,52.55197075428985,51.400719171485086,52.45783996582031,10365500,0.0,0.0
2017-02-01 00:00:00-05:00,52.65331881870693,52.76916483051729,52.17543951921284,52.72572326660156,7441800,0.0,0.0
2017-02-02 00:00:00-05:00,52.57367543151657,52.732968540930685,51.972707982038095,52.31301498413086,8814200,0.0,0.0
2017-02-03 00:00:00-05:00,52.66780864921828,52.675050752772584,51.965473755324275,52.3781852722168,8034300,0.0,0.0
2017-02-06 00:00:00-05:00,52.14647279119856,52.61710995397806,51.7265248147245,52.41437530517578,7635000,0.0,0.0
2017-02-07 00:00:00-05:00,52.53748753856154,53.073292812592584,52.4288835869001,52.950199127197266,13325400,0.0,0.0
2017-02-08 00:00:00-05:00,48.7072144136076,48.7072144136076,47.60665240831084,48.388633728027344,51547400,0.0,0.0
2017-02-09 00:00:00-05:00,48.03385602397777,48.35968442743801,47.33876316367907,47.490814208984375,23070600,0.0,0.0
2017-02-10 00:00:00-05:00,47.67906986579256,48.35244193189991,47.37496777764265,48.04833984375,16208400,0.0,0.0
2017-02-13 00:00:00-05:00,48.3741588178986,49.08373582377715,48.149703322006346,48.98236846923828,15885100,0.0,0.0
2017-02-14 00:00:00-05:00,49.670224571642116,49.720908254429325,48.75067617704358,48.909969329833984,14972600,0.0,0.0
2017-02-15 00:00:00-05:00,49.01857523952923,50.66942709667914,48.98961786886825,50.53909683227539,16656600,0.0,0.0
2017-02-16 00:00:00-05:00,50.683892612497495,51.16900854457455,50.14809300877217,50.908348083496094,10965500,0.0,0.0
2017-02-17 00:00:00-05:00,50.81422655938236,51.255900954950576,50.47391951452426,50.575286865234375,11186900,0.0,0.0
2017-02-21 00:00:00-05:00,50.68390931095525,50.68390931095525,49.83676529540085,50.169830322265625,11190400,0.0,0.0
2017-02-22 00:00:00-05:00,50.03949238223771,50.4884089274636,49.71366951051541,49.83675765991211,10073400,0.0,0.0
2017-02-23 00:00:00-05:00,49.77159021741963,50.34359491717155,49.54713470484736,50.22774887084961,7529100,0.0,0.0
2017-02-24 00:00:00-05:00,50.191544413937464,50.73458622692327,49.99605179186965,50.64046096801758,7382400,0.0,0.0
2017-02-27 00:00:00-05:00,50.55358217151857,51.07490329775037,50.539103484282386,51.04594039916992,6354200,0.0,0.0
2017-02-28 00:00:00-05:00,50.95180941250787,51.36452100384402,50.69114887860004,51.031455993652344,8828800,0.0,0.0
2017-03-01 00:00:00-05:00,51.27761757975281,51.40070570646842,50.69837088775275,50.82146453857422,9629400,0.0,0.0
2017-03-02 00:00:00-05:00,50.683901187602416,51.32831034648767,50.683901187602416,51.067649841308594,8672900,0.0,0.0
2017-03-03 00:00:00-05:00,51.16901999132996,51.27038735730285,50.8431971041467,51.219703674316406,6620900,0.0,0.0
2017-03-06 00:00:00-05:00,51.08937470557099,51.11833760002468,50.46668628508479,50.77079391479492,7335900,0.0,0.0
2017-03-07 00:00:00-05:00,50.38702327278605,50.65492581602663,49.80054004267355,49.97431182861328,9044200,0.0,0.0
2017-03-08 00:00:00-05:00,49.97431298171252,50.68388987050607,49.87294564389995,50.466670989990234,7377200,0.0,0.0
2017-03-09 00:00:00-05:00,50.11189486237077,50.14085775356888,49.09821576686357,49.51816940307617,13597000,0.0,0.0
2017-03-10 00:00:00-05:00,49.64849885598979,49.677461746723885,48.83755448775494,49.37335968017578,14480500,0.0,0.0
2017-03-13 00:00:00-04:00,49.467482521311325,49.489203307276746,48.89547788642797,49.308189392089844,8493500,0.0,0.0
2017-03-14 00:00:00-04:00,49.184173884625196,49.68761288432591,49.176876053726936,49.446834564208984,6109500,0.52,0.0
2017-03-15 00:00:00-04:00,49.59274420672007,50.18374024923849,49.330078061909255,49.957557678222656,8312600,0.0,0.0
2017-03-16 00:00:00-04:00,50.15456347737209,50.18374922830774,49.76786201904712,50.00864028930664,6855000,0.0,0.0
2017-03-17 00:00:00-04:00,50.16914248172609,50.9863209701981,49.79703123909061,50.38802719116211,18241000,0.0,0.0
2017-03-20 00:00:00-04:00,50.30049184583671,50.49748870487378,50.0816014988064,50.13267517089844,6287400,0.0,0.0
2017-03-21 00:00:00-04:00,50.198338964523344,50.40263363035677,49.19874798771021,49.424930572509766,8691500,0.0,0.0
2017-03-22 00:00:00-04:00,49.4687164796764,49.65112324314628,49.257123966057826,49.490604400634766,5402800,0.0,0.0
2017-03-23 00:00:00-04:00,49.33007661323168,49.556259177605206,49.07470830400164,49.24251937866211,6174900,0.0,0.0
2017-03-24 00:00:00-04:00,49.30089787999973,49.51978821424866,49.03093387664104,49.25712203979492,6037800,0.0,0.0
2017-03-27 00:00:00-04:00,48.965262842247334,49.483297285292714,48.863115519202424,49.24981689453125,5455300,0.0,0.0
2017-03-28 00:00:00-04:00,49.21333799740011,49.23523148294247,48.739084909613034,48.957969665527344,8509100,0.0,0.0
2017-03-29 00:00:00-04:00,48.95796405485163,49.30088958975748,48.81933872864293,49.07470703125,7224700,0.0,0.0
2017-03-30 00:00:00-04:00,49.1476741905856,49.45411618852101,48.95796961569657,49.27170944213867,5198700,0.0,0.0
2017-03-31 00:00:00-04:00,49.15497147236026,49.855412702684234,49.15497147236026,49.5562629699707,8876500,0.0,0.0
2017-04-03 00:00:00-04:00,49.50518990523133,49.62922515691066,48.702601333654584,48.957969665527344,8446700,0.0,0.0
2017-04-04 00:00:00-04:00,48.914198205059236,48.98715979689343,48.629644100277034,48.87042236328125,5895000,0.0,0.0
2017-04-05 00:00:00-04:00,48.870417593043115,48.979857186805695,48.44723260845416,48.49830627441406,7113600,0.0,0.0
2017-04-06 00:00:00-04:00,48.469116403028025,48.73908036676637,48.32319324601961,48.50559997558594,8716000,0.0,0.0
2017-04-07 00:00:00-04:00,48.4618321227457,48.768274178096505,48.35238694108808,48.578575134277344,7618900,0.0,0.0
2017-04-10 00:00:00-04:00,48.56398130950062,49.06012799403047,48.4399460300215,48.46183395385742,6549600,0.0,0.0
2017-04-11 00:00:00-04:00,48.4691135273839,48.542075101559334,48.03133851571998,48.16996383666992,7329400,0.0,0.0
2017-04-12 00:00:00-04:00,48.39615830737769,48.425344054202064,48.00215907516669,48.31589889526367,7819100,0.0,0.0
2017-04-13 00:00:00-04:00,48.28671807697278,48.75367894060052,48.2210487482622,48.527496337890625,6098400,0.0,0.0
2017-04-17 00:00:00-04:00,48.74638185805858,48.99445795187973,48.593160844204036,48.66612243652344,5684300,0.0,0.0
2017-04-18 00:00:00-04:00,48.58585913319222,48.79015936862159,47.93649155018965,48.19915771484375,7358100,0.0,0.0
2017-04-19 00:00:00-04:00,48.294008793958824,48.44722978290234,48.07511848597566,48.35967254638672,5343100,0.0,0.0
2017-04-20 00:00:00-04:00,48.418059093689486,48.64424173342488,48.27213588739829,48.520206451416016,6380400,0.0,0.0
2017-04-21 00:00:00-04:00,48.54938585428534,48.65153319864795,47.972979801603344,48.104312896728516,7241800,0.0,0.0
2017-04-24 00:00:00-04:00,48.51289654545846,48.51289654545846,47.94378838932432,48.33778762817383,9117100,0.0,0.0
2017-04-25 00:00:00-04:00,48.593159337089105,49.271712701178274,48.56397358774401,48.97256851196289,9007000,0.0,0.0
2017-04-26 00:00:00-04:00,49.184150494788966,50.05240269390435,49.081997610634666,49.775146484375,15156300,0.0,0.0
2017-04-27 00:00:00-04:00,49.73867676297878,50.169159635296644,49.65112507591355,50.03782653808594,6734700,0.0,0.0
2017-04-28 00:00:00-04:00,50.22024781494693,50.31509735887019,49.78976481827942,50.015953063964844,6257500,0.0,0.0
2017-05-01 00:00:00-04:00,50.00864421632179,50.20564109234095,49.65112848085793,49.69490432739258,5372600,0.0,0.0
2017-05-02 00:00:00-04:00,49.82622785266553,50.46100533842458,49.73137834787439,50.04511260986328,12987200,0.0,0.0
2017-05-03 00:00:00-04:00,48.965269307988414,49.308194894898065,48.35237972217679,49.038230895996094,13591200,0.0,0.0
2017-05-04 00:00:00-04:00,49.191462801713,50.030535166272074,49.125799027938584,49.67301940917969,8702900,0.0,0.0
2017-05-05 00:00:00-04:00,49.68760427190442,49.942972642940546,49.257126955959656,49.468719482421875,5788800,0.0,0.0
2017-05-08 00:00:00-04:00,49.45411807091342,49.48330381943895,48.943381388247346,49.038230895996094,7126900,0.0,0.0
2017-05-09 00:00:00-04:00,49.04552785488568,49.432229274418745,48.95797061086202,49.330081939697266,5557400,0.0,0.0
2017-05-10 00:00:00-04:00,49.38845317265438,49.46871258759552,48.673416266800295,48.826637268066406,7190500,0.0,0.0
2017-05-11 00:00:00-04:00,48.717195794179865,48.76826946513591,48.19916125545064,48.67341995239258,8055500,0.0,0.0
2017-05-12 00:00:00-04:00,48.79015936862159,48.81204728790739,47.96567729810813,48.19915771484375,8091200,0.0,0.0
2017-05-15 00:00:00-04:00,48.21374390875051,48.27940765371948,47.958375622852586,48.11888885498047,6202500,0.0,0.0
2017-05-16 00:00:00-04:00,47.965674226681756,48.177266710582494,47.77597522727713,47.95108413696289,5961000,0.0,0.0
2017-05-17 00:00:00-04:00,47.69572853969059,47.878135326197054,47.031765164832656,47.0682487487793,8976100,0.0,0.0
2017-05-18 00:00:00-04:00,47.024462528642914,47.1849813750211,46.60857810388435,47.00987243652344,7926000,0.0,0.0
2017-05-19 00:00:00-04:00,46.973396075663885,47.27984372339884,46.75451126055451,46.863956451416016,8429400,0.0,0.0
2017-05-22 00:00:00-04:00,46.87124401230467,47.163095969780194,46.78369232169118,46.95880126953125,7162900,0.0,0.0
2017-05-23 00:00:00-04:00,46.958795265219145,47.279832934054554,46.915019425509726,47.1995735168457,5094600,0.0,0.0
2017-05-24 00:00:00-04:00,47.228757441455734,47.272533279474445,46.86394394700072,46.92230987548828,5926700,0.0,0.0
2017-05-25 00:00:00-04:00,47.060945227184845,47.30172349224121,46.84935271243344,47.10472106933594,5659000,0.0,0.0
2017-05-26 00:00:00-04:00,46.966097900265375,47.2433541911517,46.922316489463256,47.06094741821289,4021900,0.0,0.0
2017-05-30 00:00:00-04:00,47.03905980972107,47.25794459873915,46.91502453928286,47.05364990234375,6979900,0.0,0.0
2017-05-31 00:00:00-04:00,47.039055117323784,47.36738505140473,46.82746261241804,47.345497131347656,9190200,0.0,0.0
2017-06-01 00:00:00-04:00,47.43305261856696,47.943789289659975,47.068239120182746,47.14849853515625,9316300,0.0,0.0
2017-06-02 00:00:00-04:00,47.3527958864641,47.82705457455613,47.25064854645813,47.71760940551758,6459300,0.0,0.0
2017-06-05 00:00:00-04:00,47.85622811545137,48.002156842786704,47.45493664015568,47.77597427368164,6184800,0.0,0.0
2017-06-06 00:00:00-04:00,47.564375458597894,47.703000772837356,47.16307847014178,47.31629943847656,7282800,0.0,0.0
2017-06-07 00:00:00-04:00,47.44763416842672,47.54978148425839,46.84204253413094,46.92959976196289,7790400,0.0,0.0
2017-06-08 00:00:00-04:00,46.81287334101072,47.119315360400826,46.739906184059485,46.783687591552734,8744900,0.0,0.0
2017-06-09 00:00:00-04:00,46.77638993678679,47.38198171541786,46.65964972182622,47.20686721801758,9338900,0.0,0.0
2017-06-12 00:00:00-04:00,47.13390635050607,48.66612204328323,47.097428337947456,47.739498138427734,10459200,0.0,0.0
2017-06-13 00:00:00-04:00,47.87084131642208,47.90002707258589,47.43306610719255,47.535213470458984,8185300,0.0,0.0
2017-06-14 00:00:00-04:00,47.74849556388139,48.07211625417946,47.46900853860612,47.79998016357422,6795700,0.52,0.0
2017-06-15 00:00:00-04:00,47.59404246738102,47.92501970863549,47.14538854426318,47.6675910949707,6858100,0.0,0.0
2017-06-16 00:00:00-04:00,47.65288097969083,47.68965248575259,46.895316690034946,47.160099029541016,10246600,0.0,0.0
2017-06-19 00:00:00-04:00,47.211586237074314,47.78527338823467,47.13068106330548,47.6675910949707,7900100,0.0,0.0
2017-06-20 00:00:00-04:00,47.7264335830516,48.54283627846512,47.086548721094836,48.24127960205078,13114600,0.0,0.0
2017-06-21 00:00:00-04:00,48.41043658381224,49.78581868339744,48.25598280975181,49.64607238769531,13981300,0.0,0.0
2017-06-22 00:00:00-04:00,50.24918300278423,52.54393695012752,50.22711897823092,51.837860107421875,28962900,0.0,0.0
2017-06-23 00:00:00-04:00,52.39683812831879,52.492456390599536,51.36714054928247,51.867279052734375,22911200,0.0,0.0
2017-06-26 00:00:00-04:00,52.40419187263837,52.779297133024016,52.014379132672936,52.39683532714844,14129100,0.0,0.0
2017-06-27 00:00:00-04:00,52.514525221393406,52.88227398959448,51.95554552253553,51.9629020690918,10768700,0.0,0.0
2017-06-28 00:00:00-04:00,52.1982674149016,53.02202116472235,52.09529819617401,52.89698791503906,10606200,0.0,0.0
2017-06-29 00:00:00-04:00,52.9558143285756,53.08084754344873,51.49952696552377,52.117347717285156,11437400,0.0,0.0
2017-06-30 00:00:00-04:00,52.632196953208776,52.691038097316415,51.72018166514175,52.058509826660156,6727100,0.0,0.0
2017-07-03 00:00:00-04:00,52.3012362835431,52.661628546677335,51.896710347391334,51.99967956542969,3453000,0.0,0.0
2017-07-05 00:00:00-04:00,52.09528369247225,52.43361183287015,51.602501766984005,52.117347717285156,7219600,0.0,0.0
2017-07-06 00:00:00-04:00,51.97025465234772,52.02909018610837,50.88907245846439,51.10236740112305,7989000,0.0,0.0
2017-07-07 00:00:00-04:00,51.25681768629417,51.25681768629417,50.41099451961406,50.933197021484375,6535800,0.0,0.0
2017-07-10 00:00:00-04:00,50.92584266385845,51.293591394614154,50.83758655977327,50.96261978149414,6485900,0.0,0.0
2017-07-11 00:00:00-04:00,50.74198004719194,51.1170854106061,50.46249296720975,51.00675964355469,6442700,0.0,0.0
2017-07-12 00:00:00-04:00,51.31566458105083,51.58044416337306,51.19798788413057,51.33773422241211,5585200,0.0,0.0
2017-07-13 00:00:00-04:00,51.47746108985173,52.20560755089733,51.13177641647853,51.911407470703125,7533900,0.0,0.0
2017-07-14 00:00:00-04:00,52.0290859491099,52.24238087439884,51.793726999032444,51.904052734375,5234600,0.0,0.0
2017-07-17 00:00:00-04:00,51.911398041679924,52.85283363818211,51.779008310209385,52.330631256103516,7612400,0.0,0.0
2017-07-18 00:00:00-04:00,52.440970165559186,52.75723429192305,52.014380299970696,52.727813720703125,6096700,0.0,0.0
2017-07-19 00:00:00-04:00,52.95581539887087,53.500081930389456,52.78664851955287,53.485374450683594,8312400,0.0,0.0
2017-07-20 00:00:00-04:00,53.58833690625831,54.235572548554536,53.52213922740335,54.000213623046875,9271400,0.0,0.0
2017-07-21 00:00:00-04:00,53.92666926461766,54.72836435034551,53.89724869518363,54.25028991699219,8874000,0.0,0.0
2017-07-24 00:00:00-04:00,54.20617365754679,54.7357328545504,53.83107390250395,54.71366882324219,8943200,0.0,0.0
2017-07-25 00:00:00-04:00,54.95635495347201,55.375588157973766,54.14730910758775,54.235565185546875,9061200,0.0,0.0
2017-07-26 00:00:00-04:00,54.50035733790484,54.62539055173877,54.147321721032554,54.56655502319336,10695300,0.0,0.0
2017-07-27 00:00:00-04:00,55.478585012973944,55.89046187941709,54.757794885296995,55.13290023803711,13871000,0.0,0.0
2017-07-28 00:00:00-04:00,55.16966301757405,55.91986791657978,54.97843211727848,55.853675842285156,8954600,0.0,0.0
2017-07-31 00:00:00-04:00,55.89780862200835,56.2582008169318,55.77277539682681,55.9640007019043,7994100,0.0,0.0
2017-08-01 00:00:00-04:00,56.155229004255034,56.16258554992339,55.54476477598625,55.677154541015625,7296600,0.0,0.0
2017-08-02 00:00:00-04:00,55.55946739435778,55.82424687450557,55.28733136992835,55.780113220214844,7086200,0.0,0.0
2017-08-03 00:00:00-04:00,55.72864763036468,55.897814538114915,54.647470931164875,54.69895553588867,11161100,0.0,0.0
2017-08-04 00:00:00-04:00,54.228235289739786,54.25029931778872,53.38241200899181,53.80900192260742,14960900,0.0,0.0
2017-08-07 00:00:00-04:00,53.54420149475123,54.059047319905154,53.16173978629519,54.01491928100586,7556500,0.0,0.0
2017-08-08 00:00:00-04:00,54.00023742406359,54.18411184101674,53.55158339778576,53.88991165161133,7943900,0.0,0.0
2017-08-09 00:00:00-04:00,53.5662667530278,54.92693556074448,53.5662667530278,54.353248596191406,12054600,0.0,0.0
2017-08-10 00:00:00-04:00,54.0737804074311,54.2650113522344,53.34563936372027,53.470672607421875,8813000,0.0,0.0
2017-08-11 00:00:00-04:00,53.33827135943197,53.45595364215597,52.82342540101471,53.25001525878906,7029700,0.0,0.0
2017-08-14 00:00:00-04:00,53.59570455784986,53.772222385711615,53.36769651831949,53.551570892333984,4952800,0.0,0.0
2017-08-15 00:00:00-04:00,53.69131363415114,53.970800643923475,53.49273179246558,53.77957534790039,5212100,0.0,0.0
2017-08-16 00:00:00-04:00,53.83107664682342,54.25766103379999,53.77959203401235,53.948753356933594,5237300,0.0,0.0
2017-08-17 00:00:00-04:00,53.757509969804545,53.9928745584491,53.16175878614978,53.20588684082031,9065400,0.0,0.0
2017-08-18 00:00:00-04:00,53.19117788905321,53.4191803137478,52.830785692606796,53.03672409057617,6052600,0.0,0.0
2017-08-21 00:00:00-04:00,53.014665169439205,53.66190099844663,53.014665169439205,53.39712142944336,5531800,0.0,0.0
2017-08-22 00:00:00-04:00,53.44125423360323,54.25030040961845,53.43389768697192,53.94138717651367,4729300,0.0,0.0
2017-08-23 00:00:00-04:00,53.88988058314393,54.57389324432034,53.73542683531682,54.235565185546875,6499300,0.0,0.0
2017-08-24 00:00:00-04:00,54.28707450211405,54.6474723559783,54.169397807420516,54.4415283203125,4929300,0.0,0.0
2017-08-25 00:00:00-04:00,54.595978616896716,54.743075863506974,54.198809317368706,54.27235794067383,3729000,0.0,0.0
2017-08-28 00:00:00-04:00,55.08874941539566,55.85366728802711,54.57389793366725,54.934295654296875,18800000,0.0,0.0
2017-08-29 00:00:00-04:00,54.64010820462021,55.75071096536935,54.588623605719285,55.70657730102539,10688600,0.0,0.0
2017-08-30 00:00:00-04:00,55.76541355254122,59.898911028022724,55.70657241284612,59.74445724487305,35927100,0.0,0.0
2017-08-31 00:00:00-04:00,59.94304043086986,61.87739664798286,59.92097640583588,61.56848907470703,30895700,0.0,0.0
2017-09-01 00:00:00-04:00,61.31107587014575,61.85534248287519,60.49467314535113,61.59791946411133,14311600,0.0,0.0
2017-09-05 00:00:00-04:00,61.22281387692749,61.50230653442165,59.83272397027798,60.72267532348633,13491900,0.0,0.0
2017-09-06 00:00:00-04:00,60.935953798803936,61.362543604854565,60.68588739543596,61.00950241088867,10694600,0.0,0.0
2017-09-07 00:00:00-04:00,61.134554255792615,62.97329800686602,60.972743907874055,62.862972259521484,13147800,0.0,0.0
2017-09-08 00:00:00-04:00,62.73059718355222,63.451381760477496,62.44375354008576,62.590850830078125,11611100,0.0,0.0
2017-09-11 00:00:00-04:00,63.01740992214616,63.252768837550846,61.88474338819886,62.16423034667969,10125200,0.0,0.0
2017-09-12 00:00:00-04:00,61.892118935981586,62.333416336437246,61.63469591999919,62.156898498535156,8907900,0.0,0.0
2017-09-13 00:00:00-04:00,62.14954408715088,62.1569006339748,61.31843386088272,61.54643630981445,7594800,0.0,0.0
2017-09-14 00:00:00-04:00,61.5316114523244,61.5316114523244,60.369660382906666,60.902530670166016,9605400,0.52,0.0
2017-09-15 00:00:00-04:00,61.27260658406033,61.79807456445477,60.91735768294691,60.95436477661133,12401900,0.0,0.0
2017-09-18 00:00:00-04:00,61.08016322831161,61.79805773659398,60.347469274487246,61.40580749511719,7886500,0.0,0.0
2017-09-19 00:00:00-04:00,61.71663554392905,61.71663554392905,60.78411254122519,60.902530670166016,6310500,0.0,0.0
2017-09-20 00:00:00-04:00,60.95435299917432,61.35400581827342,60.56949962678764,61.16157913208008,6355100,0.0,0.0
2017-09-21 00:00:00-04:00,61.22819299750369,61.731458901459135,60.85814470478612,61.14678192138672,6194700,0.0,0.0
2017-09-22 00:00:00-04:00,61.03574916181122,61.701837030923585,60.695305505706514,61.62782287597656,5654700,0.0,0.0
2017-09-25 00:00:00-04:00,61.731449973413845,62.37533029586696,61.324394651700246,61.87946701049805,8473400,0.0,0.0
2017-09-26 00:00:00-04:00,61.92387833259135,62.70838453229705,61.83507035840902,61.9904899597168,7900000,0.0,0.0
2017-09-27 00:00:00-04:00,62.15330488231901,62.57515965011016,61.7684515506395,62.064491271972656,6818500,0.0,0.0
2017-09-28 00:00:00-04:00,61.80545615420238,61.87206212442453,58.62303915887274,59.88120651245117,17739900,0.0,0.0
2017-09-29 00:00:00-04:00,60.0958412090482,60.65831620183123,58.6970590972963,59.962623596191406,13301300,0.0,0.0
2017-10-02 00:00:00-04:00,60.10323743508524,61.89426965008746,60.08103544302553,61.81285858154297,9805400,0.0,0.0
2017-10-03 00:00:00-04:00,61.79806215769066,62.33833512567994,60.78412784763697,61.568634033203125,6513200,0.0,0.0
2017-10-04 00:00:00-04:00,61.598234602725434,61.62043659443989,60.73971994651185,60.99875259399414,6711400,0.0,0.0
2017-10-05 00:00:00-04:00,60.85074420798465,61.820268960691656,60.78413257687713,61.80546951293945,6717100,0.0,0.0
2017-10-06 00:00:00-04:00,61.38360626019863,61.59083237926992,60.650906650854544,60.791526794433594,5797000,0.0,0.0
2017-10-09 00:00:00-04:00,60.95433792240263,61.250377601824816,60.36225856355826,60.67310333251953,3959800,0.0,0.0
2017-10-10 00:00:00-04:00,60.61391285323499,61.472421975665945,60.58430831156648,61.45762252807617,5750100,0.0,0.0
2017-10-11 00:00:00-04:00,61.47241745593584,61.64264214639185,60.917345045062866,61.109771728515625,6770200,0.0,0.0
2017-10-12 00:00:00-04:00,61.1097733669395,61.29479750885787,59.96262142845013,60.16985321044922,6763600,0.0,0.0
2017-10-13 00:00:00-04:00,60.147632168205504,60.377065892673926,59.688776012243565,60.07362365722656,5682900,0.0,0.0
2017-10-16 00:00:00-04:00,60.04403333454282,60.103242415934346,58.87468503274844,59.170719146728516,7377600,0.0,0.0
2017-10-17 00:00:00-04:00,59.2077352782585,59.73320325127428,58.882090927351385,59.38535690307617,7041800,0.0,0.0
2017-10-18 00:00:00-04:00,59.40013869365737,59.82939031467842,59.03009049335434,59.21511459350586,7181900,0.0,0.0
2017-10-19 00:00:00-04:00,60.34007553311164,61.03576815135028,59.58517947757807,60.38447952270508,15565200,0.0,0.0
2017-10-20 00:00:00-04:00,60.65090314132706,60.65090314132706,59.54075844212165,60.103233337402344,9188300,0.0,0.0
2017-10-23 00:00:00-04:00,60.13282047454702,60.184626986327174,59.27430611192006,59.33351516723633,6803400,0.0,0.0
2017-10-24 00:00:00-04:00,59.34095500317032,59.488972087994966,58.319623566304664,59.28174591064453,7300300,0.0,0.0
2017-10-25 00:00:00-04:00,59.26694770071674,59.26694770071674,58.23821369414014,59.12632751464844,9571700,0.0,0.0
2017-10-26 00:00:00-04:00,57.94216761869004,58.8376838908973,56.98744225910808,57.63872528076172,12451300,0.0,0.0
2017-10-27 00:00:00-04:00,55.51463725490539,57.13544466880403,53.84942021362756,57.03923416137695,22760700,0.0,0.0
2017-10-30 00:00:00-04:00,56.321359363770355,56.93564099763025,55.69227827993945,56.23994827270508,11277000,0.0,0.0
2017-10-31 00:00:00-04:00,56.121539729557185,56.53599211613491,55.30003185866898,55.47765350341797,8796600,0.0,0.0
2017-11-01 00:00:00-04:00,55.277814696668294,56.13632378288214,54.92996840484876,55.38142776489258,8776400,0.0,0.0
2017-11-02 00:00:00-04:00,55.30001646612182,55.35922554672096,54.43410483669212,54.62652587890625,7464400,0.0,0.0
2017-11-03 00:00:00-04:00,54.463695553048254,54.656122212859174,53.90122631127457,54.36748504638672,7648600,0.0,0.0
2017-11-06 00:00:00-05:00,54.2416821654182,54.39710177863561,53.36836792460911,53.56819152832031,8268200,0.0,0.0
2017-11-07 00:00:00-05:00,53.59038700889288,54.27867129131217,53.52377539177911,54.18246078491211,7824400,0.0,0.0
2017-11-08 00:00:00-05:00,54.26386963273995,54.30087671256972,53.81981290722078,54.10104751586914,8095400,0.0,0.0
2017-11-09 00:00:00-05:00,54.05666376916379,54.337898483070454,53.74582450961068,54.0418586730957,5817800,0.0,0.0
2017-11-10 00:00:00-05:00,53.997454933191165,54.82636527574193,53.43497985622851,54.59693145751953,7698200,0.0,0.0
2017-11-13 00:00:00-05:00,54.21205911707429,54.31567215718317,53.664389384143476,53.916019439697266,8735300,0.0,0.0
2017-11-14 00:00:00-05:00,53.805005830278745,53.819810920259116,51.84375489443545,52.657859802246094,10925600,0.0,0.0
2017-11-15 00:00:00-05:00,52.273021378700925,53.36096429565768,52.19901284721516,53.14633560180664,8539300,0.0,0.0
2017-11-16 00:00:00-05:00,53.101926640651634,53.73100756911776,52.7318783713788,53.59039306640625,7535900,0.0,0.0
2017-11-17 00:00:00-05:00,53.486781514164626,53.74581985451247,53.37577153571753,53.61260223388672,5719100,0.0,0.0
2017-11-20 00:00:00-05:00,53.5904067228924,53.738423809725454,52.953923085828414,53.383174896240234,6452500,0.0,0.0
2017-11-21 00:00:00-05:00,53.33875772168924,53.908629576343664,53.15373358561477,53.66440200805664,6473500,0.0,0.0
2017-11-22 00:00:00-05:00,53.642203031504266,54.09365675414209,53.54598686158258,53.89383316040039,4369000,0.0,0.0
2017-11-24 00:00:00-05:00,53.84943068518848,53.96784320608769,53.45718038707077,53.62739944458008,2335900,0.0,0.0
2017-11-27 00:00:00-05:00,53.66440439997717,53.73101038161824,52.93170472299276,53.06492233276367,4907500,0.0,0.0
2017-11-28 00:00:00-05:00,53.40537380433569,53.790221555037,52.84289880270547,53.723609924316406,5971200,0.0,0.0
2017-11-29 00:00:00-05:00,53.9086220413189,54.915153652596146,53.70879848674357,54.52290344238281,9913400,0.0,0.0
2017-11-30 00:00:00-05:00,55.129788900890006,55.581248235599595,54.58211905008221,55.344417572021484,11766900,0.0,0.0
2017-12-01 00:00:00-05:00,55.092790588688665,55.958702222176186,54.39709800461045,55.758872985839844,8425000,0.0,0.0
2017-12-04 00:00:00-05:00,55.84768550512685,55.93649912468921,53.96044267295775,54.09365463256836,8617600,0.0,0.0
2017-12-05 00:00:00-05:00,54.093661242602536,54.78935389796376,53.81982909684578,54.24168395996094,8389000,0.0,0.0
2017-12-06 00:00:00-05:00,54.55992574416987,55.02618459924789,53.90863708077151,54.24168395996094,6097900,0.0,0.0
2017-12-07 00:00:00-05:00,54.17507893486287,54.21208603033964,53.442384745640666,53.8198356628418,6172700,0.0,0.0
2017-12-08 00:00:00-05:00,54.32308326483728,55.04837465992696,53.66439784325073,54.929962158203125,7906900,0.0,0.0
2017-12-11 00:00:00-05:00,55.21120839019204,56.44716842776314,55.055788772876745,56.158531188964844,9179900,0.0,0.0
2017-12-12 00:00:00-05:00,56.284358314203814,56.36576940584565,54.95218194778281,56.31395721435547,9281600,0.0,0.0
2017-12-13 00:00:00-05:00,56.47676075357965,57.09844473484298,56.44715621671111,56.67658996582031,9968800,0.0,0.0
2017-12-14 00:00:00-05:00,56.63187871950962,56.98210308962648,55.193726835149995,55.39491653442383,9055400,0.52,0.0
2017-12-15 00:00:00-05:00,55.886727316836726,56.43069396416104,55.21608545201631,56.311466217041016,15367200,0.0,0.0
2017-12-18 00:00:00-05:00,56.65423096021471,56.98955469668604,55.894174057377256,55.98358917236328,9986600,0.0,0.0
2017-12-19 00:00:00-05:00,55.93143460133568,56.140077472666334,55.3353129239755,55.402374267578125,6737600,0.0,0.0
2017-12-20 00:00:00-05:00,54.79135119152,55.685542315364245,54.70938352970697,55.14902877807617,7349500,0.0,0.0
2017-12-21 00:00:00-05:00,54.94039350165967,55.41729322642824,54.344266003152384,54.41132736206055,7196100,0.0,0.0
2017-12-22 00:00:00-05:00,54.24737249379446,54.657204984125684,53.926955107125785,54.18030548095703,6560200,0.0,0.0
2017-12-26 00:00:00-05:00,54.08346311890614,54.441135074991486,53.882267669151545,54.17287826538086,4471400,0.0,0.0
2017-12-27 00:00:00-05:00,54.19521880333751,54.7168259258544,54.06853791493376,54.381507873535156,3933900,0.0,0.0
2017-12-28 00:00:00-05:00,54.418774284201604,54.52309573172385,53.68107099526784,54.008941650390625,4624200,0.0,0.0
2017-12-29 00:00:00-05:00,53.88225665090013,54.210127281177265,53.36064945281567,53.38300323486328,7370700,0.0,0.0
2018-01-02 00:00:00-05:00,53.79284530955926,55.342766386587904,53.4426208725798,55.21609115600586,7905100,0.0,0.0
2018-01-03 00:00:00-05:00,55.17883502016101,55.7675035874275,54.642321489652126,55.63338088989258,6640000,0.0,0.0
2018-01-04 00:00:00-05:00,55.88672558678973,55.93888630326707,54.81369863629402,55.067054748535156,5074600,0.0,0.0
2018-01-05 00:00:00-05:00,55.26822634926318,55.54393615178151,54.41874885350274,55.529029846191406,7901100,0.0,0.0
2018-01-08 00:00:00-05:00,55.39491154660438,55.67807455316411,54.724275486015486,55.43962478637695,5858500,0.0,0.0
2018-01-09 00:00:00-05:00,55.59611465951914,58.62890071831272,55.56630772388114,58.19670867919922,14824100,0.0,0.0
2018-01-10 00:00:00-05:00,58.19670694059235,58.77048048557214,57.38448928781533,58.65125274658203,10150400,0.0,0.0
2018-01-11 00:00:00-05:00,58.64382202715783,59.374077995119656,58.02534637108199,58.912078857421875,7872900,0.0,0.0
2018-01-12 00:00:00-05:00,59.12068622134634,59.165399456214665,58.6065323436278,58.88223648071289,6366200,0.0,0.0
2018-01-16 00:00:00-05:00,59.42621184732312,60.79729663947092,59.25482340575909,59.798789978027344,11750200,0.0,0.0
2018-01-17 00:00:00-05:00,60.141577881933806,61.15499113375816,59.7689996477364,60.909088134765625,11162800,0.0,0.0
2018-01-18 00:00:00-05:00,60.707882193244025,60.84201054917417,60.18626939347519,60.48433303833008,8527500,0.0,0.0
2018-01-19 00:00:00-05:00,60.58122328047835,60.75260608491354,59.88822753602679,60.3427734375,7920900,0.0,0.0
2018-01-22 00:00:00-05:00,60.58865731169643,61.14007707040176,60.394920765753795,60.663177490234375,7464500,0.0,0.0
2018-01-23 00:00:00-05:00,60.52906408917681,61.23696047952906,60.29061424015463,60.32041549682617,7198800,0.0,0.0
2018-01-24 00:00:00-05:00,60.57376556351816,61.15498665670103,60.04470519190061,60.58121871948242,4530500,0.0,0.0
2018-01-25 00:00:00-05:00,60.78987053802335,60.983607140823196,60.245903774548445,60.49925994873047,4708000,0.0,0.0
2018-01-26 00:00:00-05:00,61.073024549516326,63.7034260199405,61.013410666566266,63.68107223510742,14617200,0.0,0.0
2018-01-29 00:00:00-05:00,63.427715546382416,66.7213055079576,63.427715546382416,66.16989135742188,19411600,0.0,0.0
2018-01-30 00:00:00-05:00,65.58866159237775,65.81966393437166,64.28463793679741,65.0447006225586,14001200,0.0,0.0
2018-01-31 00:00:00-05:00,64.53054151320737,64.90311970402854,62.06407570920071,62.44410705566406,12790800,0.0,0.0
2018-02-01 00:00:00-05:00,61.99700821676933,62.71236334069803,60.49179483850513,62.213104248046875,7305100,0.0,0.0
2018-02-02 00:00:00-05:00,61.58717287260051,62.10132688329654,60.71534131590176,60.90163040161133,9356300,0.0,0.0
2018-02-05 00:00:00-05:00,60.65571828109554,61.47538899737571,58.37553635060381,58.39789581298828,10810400,0.0,0.0
2018-02-06 00:00:00-05:00,57.6378340858037,60.06704502250828,57.302516051497875,59.89565658569336,13287400,0.0,0.0
2018-02-07 00:00:00-05:00,59.366611175735635,63.02533196121578,59.128161346495034,61.66914749145508,20315600,0.0,0.0
2018-02-08 00:00:00-05:00,61.430685597119606,61.736196715944146,58.17435060398771,58.28612518310547,13853700,0.0,0.0
2018-02-09 00:00:00-05:00,58.79284391945445,59.575254765959926,56.64678974597101,59.10580825805664,13746400,0.0,0.0
2018-02-12 00:00:00-05:00,59.44111370878615,60.67062270272896,59.336792284824085,59.71682357788086,10030700,0.0,0.0
2018-02-13 00:00:00-05:00,59.29206534591487,60.42470001516104,58.60652315965826,60.20115661621094,6596800,0.0,0.0
2018-02-14 00:00:00-05:00,59.76154117616706,61.31892101285048,59.5976115431776,60.96869659423828,7063300,0.0,0.0
2018-02-15 00:00:00-05:00,61.266762906755375,61.32637678589139,60.722796208550996,60.76750946044922,7159700,0.0,0.0
2018-02-16 00:00:00-05:00,60.69297670683896,61.34871787142591,60.06704816074187,60.13410949707031,7548600,0.0,0.0
2018-02-20 00:00:00-05:00,59.768998678518415,60.90163967576345,59.768998678518415,60.312965393066406,7229300,0.0,0.0
2018-02-21 00:00:00-05:00,60.28315682147982,61.05066704109859,59.836064096808855,60.12667465209961,6956900,0.0,0.0
2018-02-22 00:00:00-05:00,60.156476050743294,60.454534049674855,59.001481407061796,59.1654167175293,8382200,0.0,0.0
2018-02-23 00:00:00-05:00,59.47836143492361,60.31293833825619,59.08342959984956,60.290584564208984,5626000,0.0,0.0
2018-02-26 00:00:00-05:00,60.551406696999685,61.050660087936585,59.76153709877836,60.94633865356445,6394400,0.0,0.0
2018-02-27 00:00:00-05:00,60.938880765084946,61.132622993195945,59.836052634496,59.880760192871094,6748100,0.0,0.0
2018-02-28 00:00:00-05:00,59.97762773599991,60.134109873503746,58.63634983521363,58.66615676879883,7559500,0.0,0.0
2018-03-01 00:00:00-05:00,58.822661406721046,59.47839714114887,57.39940963034505,57.77198791503906,8267500,0.0,0.0
2018-03-02 00:00:00-05:00,57.257812526376526,58.785385353161885,56.92994759067347,58.636356353759766,6625500,0.0,0.0
2018-03-05 00:00:00-05:00,58.2861331119856,58.62890436550826,57.48136285497133,58.062583923339844,10483300,0.0,0.0
2018-03-06 00:00:00-05:00,58.56929471468578,59.6348686452439,58.472426424668654,59.10580825805664,7919400,0.0,0.0
2018-03-07 00:00:00-05:00,58.673607540137326,59.72428068904819,58.211614256297025,59.60505294799805,6715200,0.0,0.0
2018-03-08 00:00:00-05:00,59.58270900203181,60.11176939880786,59.10580932930151,59.664676666259766,5707800,0.0,0.0
2018-03-09 00:00:00-05:00,59.98508584297436,60.39492410724256,59.60505451475218,60.14902114868164,7024800,0.0,0.0
2018-03-12 00:00:00-04:00,60.30550598493311,60.611017144100906,59.92547463978547,60.402374267578125,7515700,0.0,0.0
2018-03-13 00:00:00-04:00,60.45455401307717,61.639355984917465,60.44710654020891,60.89419937133789,7608900,0.0,0.0
2018-03-14 00:00:00-04:00,61.14008815552699,61.52756700275632,60.27570395657257,60.432186126708984,6527300,0.0,0.0
2018-03-15 00:00:00-04:00,60.45467754094255,60.694815065148994,59.48662153623619,59.66672897338867,5946600,0.57,0.0
2018-03-16 00:00:00-04:00,59.9744179599969,60.70984253804417,59.58419652952171,59.83934020996094,9564900,0.0,0.0
2018-03-19 00:00:00-04:00,59.51665486649334,59.659238526524504,57.25786266213041,57.91823959350586,8917300,0.0,0.0
2018-03-20 00:00:00-04:00,58.06832287710256,58.30846046122229,57.565535704934945,57.72312545776367,5798300,0.0,0.0
2018-03-21 00:00:00-04:00,57.58805553747282,58.11336051031099,57.19032814645668,57.400447845458984,5826500,0.0,0.0
2018-03-22 00:00:00-04:00,56.920164530007895,57.603059180135645,56.31231752629581,56.710044860839844,7861000,0.0,0.0
2018-03-23 00:00:00-04:00,56.56744819384367,56.74755563342281,54.578811978463804,54.661354064941406,9268900,0.0,0.0
2018-03-26 00:00:00-04:00,55.65943849262726,56.81510235068938,55.20918125937313,56.687530517578125,7370900,0.0,0.0
2018-03-27 00:00:00-04:00,57.01772154844715,57.1452933809349,55.19417489614879,55.61441421508789,6370900,0.0,0.0
2018-03-28 00:00:00-04:00,55.67444764146861,56.83761162781616,55.45682208201056,56.1171989440918,6487900,0.0,0.0
2018-03-29 00:00:00-04:00,56.38735116345518,57.175305532407755,55.98962388734167,56.57495880126953,5694900,0.0,0.0
2018-04-02 00:00:00-04:00,56.22975732917984,56.349823231442564,53.93344184210084,54.8864860534668,8234600,0.0,0.0
2018-04-03 00:00:00-04:00,55.11163329562583,55.50185474653736,54.05352324404107,55.34426498413086,5987000,0.0,0.0
2018-04-04 00:00:00-04:00,54.74392624743441,56.79260491336028,54.638866390241574,56.58248519897461,7852600,0.0,0.0
2018-04-05 00:00:00-04:00,56.98019521398644,57.017719033807374,55.66694167488854,56.147216796875,6183000,0.0,0.0
2018-04-06 00:00:00-04:00,55.74198998479536,56.507432484449964,54.56381404641051,55.08911895751953,6439500,0.0,0.0
2018-04-09 00:00:00-04:00,55.441824087109296,56.51494033388069,54.89401282269172,55.38179397583008,6383600,0.0,0.0
2018-04-10 00:00:00-04:00,55.95960317567798,56.64249769128019,55.37426829106491,56.29729461669922,5738900,0.0,0.0
2018-04-11 00:00:00-04:00,56.049658318445864,56.439879676297274,55.68944914361097,55.779502868652344,7850100,0.0,0.0
2018-04-12 00:00:00-04:00,56.154726297879336,57.22033643511605,56.154726297879336,56.49992370605469,4857700,0.0,0.0
2018-04-13 00:00:00-04:00,56.7025313378071,56.91265097876285,56.17723223541774,56.4473876953125,4432100,0.0,0.0
2018-04-16 00:00:00-04:00,56.93519125865758,57.01773911106579,55.711985295881256,56.0496826171875,4720500,0.0,0.0
2018-04-17 00:00:00-04:00,56.24477499159919,56.9877054581863,55.97461949926415,56.63500213623047,4351900,0.0,0.0
2018-04-18 00:00:00-04:00,56.76257699499567,57.08526242105812,56.46990948360552,56.79259490966797,3043700,0.0,0.0
2018-04-19 00:00:00-04:00,56.5974755276321,56.972690834591205,55.40429359966112,55.862056732177734,3958200,0.0,0.0
2018-04-20 00:00:00-04:00,55.832033174859895,55.847039266475115,54.916507002404465,55.30672836303711,5201700,0.0,0.0
2018-04-23 00:00:00-04:00,55.591909041193155,55.77201081067184,55.04409209714166,55.53937911987305,5014300,0.0,0.0
2018-04-24 00:00:00-04:00,55.59191352777223,55.75700921534017,54.226129737890815,54.571327209472656,5562500,0.0,0.0
2018-04-25 00:00:00-04:00,54.62384253765899,55.20167156439847,54.38370498136932,54.96903991699219,6335500,0.0,0.0
2018-04-26 00:00:00-04:00,54.991559982670985,55.77200858639575,54.098545630511836,55.45682907104492,6341200,0.0,0.0
2018-04-27 00:00:00-04:00,55.464323591052874,55.67444322480393,54.85647096446661,55.42679977416992,5030700,0.0,0.0
2018-04-30 00:00:00-04:00,55.57688149858166,55.69695312782195,54.15856829883063,54.20359802246094,8268200,0.0,0.0
2018-05-01 00:00:00-04:00,54.24863440501128,54.65386765821106,53.865913156100646,54.45124816894531,6180800,0.0,0.0
2018-05-02 00:00:00-04:00,51.22438711340237,51.59960236032817,49.54341868493698,50.18878936767578,25822600,0.0,0.0
2018-05-03 00:00:00-04:00,49.978678390414935,50.15878013699958,48.230173663217236,48.92057418823242,15060800,0.0,0.0
2018-05-04 00:00:00-04:00,48.8380302962731,49.31079956614601,48.56036888203117,49.09317398071289,9150500,0.0,0.0
2018-05-07 00:00:00-04:00,49.31079750605893,49.48339907534044,48.35024718657452,48.68793869018555,13201100,0.0,0.0
2018-05-08 00:00:00-04:00,48.770483159408755,49.28077619713874,48.43279167906689,48.943084716796875,8973300,0.0,0.0
2018-05-09 00:00:00-04:00,48.75548063759003,49.59595930811882,48.50033123737126,49.29579162597656,7861000,0.0,0.0
2018-05-10 00:00:00-04:00,49.53592776626612,49.60346377518456,48.93558096877804,49.0556526184082,6614200,0.0,0.0
2018-05-11 00:00:00-04:00,48.94308431446371,50.09124220858505,48.657917024195456,49.64849090576172,10014100,0.0,0.0
2018-05-14 00:00:00-04:00,49.79857676869498,50.78914496539122,49.67100493643312,50.316375732421875,6173700,0.0,0.0
2018-05-15 00:00:00-04:00,50.128780528944425,50.69910382379313,50.00870885087139,50.271358489990234,7483500,0.0,0.0
2018-05-16 00:00:00-04:00,50.27885780232336,51.01428242066759,50.27885780232336,50.69159698486328,6603000,0.0,0.0
2018-05-17 00:00:00-04:00,50.353891606862106,51.12683420101012,50.353891606862106,50.72910690307617,5946200,0.0,0.0
2018-05-18 00:00:00-04:00,50.72161460897175,51.39700346851405,50.53400691050625,51.0443000793457,6336400,0.0,0.0
2018-05-21 00:00:00-04:00,51.1418637547032,51.457043338745756,50.46647484223127,50.75163650512695,6006500,0.0,0.0
2018-05-22 00:00:00-04:00,51.006770339402166,51.54708130378255,50.66157294001055,50.901710510253906,6210200,0.0,0.0
2018-05-23 00:00:00-04:00,50.54900576715407,51.314442461418565,50.54149985804753,51.15685272216797,5093200,0.0,0.0
2018-05-24 00:00:00-04:00,51.05929973852285,51.24690739229814,50.33888703506548,50.676578521728516,4892300,0.0,0.0
2018-05-25 00:00:00-04:00,50.766649233624676,50.976768960066515,50.2788680256229,50.564029693603516,4864600,0.0,0.0
2018-05-29 00:00:00-04:00,50.27884960336894,50.69908890227624,50.06122404491165,50.526493072509766,7820200,0.0,0.0
2018-05-30 00:00:00-04:00,50.7741417435723,50.8716956692901,50.511486429514584,50.796653747558594,5931400,0.0,0.0
2018-05-31 00:00:00-04:00,51.10432827022208,51.141852094433546,50.43644542164646,50.57902908325195,12447300,0.0,0.0
2018-06-01 00:00:00-04:00,50.74412433115349,51.35197134611519,50.6690766833489,51.254417419433594,5128600,0.0,0.0
2018-06-04 00:00:00-04:00,51.17186537612877,53.13048973575227,50.991757906617,52.6877326965332,11726900,0.0,0.0
2018-06-05 00:00:00-04:00,52.71774843774911,53.07795763661174,51.98232394751459,52.575164794921875,7821200,0.0,0.0
2018-06-06 00:00:00-04:00,52.657721576605844,54.00849914550781,52.297518041786624,54.00849914550781,12376600,0.0,0.0
2018-06-07 00:00:00-04:00,53.94095894333742,53.99348886555274,53.35562388855755,53.955970764160156,7604900,0.0,0.0
2018-06-08 00:00:00-04:00,53.618252162629055,54.241110796271435,53.54321026437415,53.96345520019531,5843100,0.0,0.0
2018-06-11 00:00:00-04:00,53.87342446564108,54.03101423679185,53.36313132439142,53.9034423828125,5425500,0.0,0.0
2018-06-12 00:00:00-04:00,53.850914132106446,54.01600981901225,53.27307922793615,53.79087829589844,6977500,0.0,0.0
2018-06-13 00:00:00-04:00,53.955954903380274,54.01599071835896,53.280566298196206,53.498191833496094,5077000,0.0,0.0
2018-06-14 00:00:00-04:00,53.709994281439194,54.179013210641976,53.33932128903104,53.82346725463867,5226300,0.57,0.0
2018-06-15 00:00:00-04:00,53.7856468124436,54.020159188097615,52.88544087656304,53.12751388549805,11518000,0.0,0.0
2018-06-18 00:00:00-04:00,52.77953868159801,52.90814450130985,52.136532668946415,52.24243927001953,6565300,0.0,0.0
2018-06-19 00:00:00-04:00,51.788567486073006,53.70245901796782,51.561627179553234,53.66463851928711,8634000,0.0,0.0
2018-06-20 00:00:00-04:00,53.679762875194875,54.141215644922454,53.2183101054673,54.05800247192383,6010600,0.0,0.0
2018-06-21 00:00:00-04:00,54.06555399482775,54.231980295005386,53.54358164817546,54.10337448120117,6548400,0.0,0.0
2018-06-22 00:00:00-04:00,54.23198524738413,54.284938550323844,53.58141279899502,53.76296615600586,6118900,0.0,0.0
2018-06-25 00:00:00-04:00,53.498201952085545,54.19416132691905,53.36960189245972,53.815921783447266,6019500,0.0,0.0
2018-06-26 00:00:00-04:00,53.90670376162756,54.519450002573215,52.73415881585292,53.14265823364258,6538300,0.0,0.0
2018-06-27 00:00:00-04:00,53.210725003244235,53.54357757829921,51.89445328508097,51.924713134765625,5818600,0.0,0.0
2018-06-28 00:00:00-04:00,52.84005451923822,53.33176700048838,52.25756825598751,53.20316696166992,7977100,0.0,0.0
2018-06-29 00:00:00-04:00,53.3166468463748,54.088252950413235,53.17291397767582,53.58897399902344,6215700,0.0,0.0
2018-07-02 00:00:00-04:00,53.483077528614004,53.9974836192935,53.18049046354938,53.921836853027344,4086700,0.0,0.0
2018-07-03 00:00:00-04:00,54.01260143114834,54.42110078128158,53.78565542391542,53.95964813232422,3147700,0.0,0.0
2018-07-05 00:00:00-04:00,53.96721374229572,55.13975860197349,53.9293932519212,55.07923889160156,5755400,0.0,0.0
2018-07-06 00:00:00-04:00,55.37426980242619,57.068787202817454,55.22297628557734,56.89479446411133,8859800,0.0,0.0
2018-07-09 00:00:00-04:00,57.07635045056383,58.392628347591,56.894797067741386,57.9765625,8546500,0.0,0.0
2018-07-10 00:00:00-04:00,58.27158955034742,58.5817487804031,57.673970313381,58.059776306152344,8380800,0.0,0.0
2018-07-11 00:00:00-04:00,57.87064266662305,57.991682075188834,57.25789653231957,57.507530212402344,6138800,0.0,0.0
2018-07-12 00:00:00-04:00,57.91602760377081,59.13395919683082,57.43944793445551,58.70276641845703,8955900,0.0,0.0
2018-07-13 00:00:00-04:00,58.55148306416038,58.92215620442361,58.27915012844281,58.53635025024414,4031200,0.0,0.0
2018-07-16 00:00:00-04:00,58.687656451409325,58.89190329153987,58.04465029961683,58.44558334350586,3093500,0.0,0.0
2018-07-17 00:00:00-04:00,58.33210809241758,58.82382069736748,58.19594161368496,58.40018844604492,4424700,0.0,0.0
2018-07-18 00:00:00-04:00,58.31697286687423,58.83894530902088,58.1127260429564,58.33967208862305,5186600,0.0,0.0
2018-07-19 00:00:00-04:00,58.24130473233597,58.80110323378848,57.55291198370462,58.28669738769531,6488400,0.0,0.0
2018-07-20 00:00:00-04:00,57.76474025519696,58.77841940373633,57.76474025519696,58.528785705566406,5656000,0.0,0.0
2018-07-23 00:00:00-04:00,58.31697062027847,58.95998246773673,58.218630415732804,58.53635025024414,5119800,0.0,0.0
2018-07-24 00:00:00-04:00,58.81626261662583,59.451702426354174,58.55149602923902,58.74061584472656,8686500,0.0,0.0
2018-07-25 00:00:00-04:00,58.60443965249452,59.761851808385025,58.46827317700871,59.701332092285156,7968400,0.0,0.0
2018-07-26 00:00:00-04:00,58.83137167686805,59.79210327786422,57.56805308077975,59.12640380859375,14492500,0.0,0.0
2018-07-27 00:00:00-04:00,59.103700333161164,59.724012862790154,57.96898186885374,58.10514831542969,9455900,0.0,0.0
2018-07-30 00:00:00-04:00,57.84795482517891,58.21862794974138,57.37136932212137,57.73448181152344,5720900,0.0,0.0
2018-07-31 00:00:00-04:00,57.938731775584486,59.06588979543507,57.63614475132041,58.87677001953125,6615100,0.0,0.0
2018-08-01 00:00:00-04:00,58.62712524909385,59.270131274949804,58.53634568710547,58.929718017578125,4246200,0.0,0.0
2018-08-02 00:00:00-04:00,58.77086035034575,59.12640643399104,58.142981341843516,58.725467681884766,5629200,0.0,0.0
2018-08-03 00:00:00-04:00,58.76331470690343,58.96756158697536,58.37750863179059,58.95243453979492,4628600,0.0,0.0
2018-08-06 00:00:00-04:00,58.88432516451189,59.18691793203865,58.44557171164895,58.90702438354492,3955100,0.0,0.0
2018-08-07 00:00:00-04:00,58.95999211885936,59.42144490372251,58.642266460862245,59.29283905029297,5759100,0.0,0.0
2018-08-08 00:00:00-04:00,59.14910907978866,59.292836199744904,58.120296930683715,58.180816650390625,4400600,0.0,0.0
2018-08-09 00:00:00-04:00,58.271595066399634,59.47440006190629,58.18838188809194,59.035640716552734,5835400,0.0,0.0
2018-08-10 00:00:00-04:00,58.64226451519874,58.9751172070672,57.719364747571305,58.04465103149414,5564100,0.0,0.0
2018-08-13 00:00:00-04:00,58.15054692941781,58.611999613843516,57.89334105001925,58.37748718261719,4903400,0.0,0.0
2018-08-14 00:00:00-04:00,58.332089704024746,58.86918904207967,58.332089704024746,58.48338317871094,4399800,0.0,0.0
2018-08-15 00:00:00-04:00,57.79500233071472,57.84795563496491,56.16857116949123,56.614891052246094,11810000,0.0,0.0
2018-08-16 00:00:00-04:00,56.85697430526808,57.250340914276876,56.49386178262495,57.182254791259766,8742100,0.0,0.0
2018-08-17 00:00:00-04:00,57.046089747710745,57.15199635636567,54.51188023231519,55.162452697753906,13337900,0.0,0.0
2018-08-20 00:00:00-04:00,55.17756677738411,55.50285289966237,54.39082811486283,54.738807678222656,9137800,0.0,0.0
2018-08-21 00:00:00-04:00,54.74639687663262,55.58608917511718,54.74639687663262,55.465049743652344,9139900,0.0,0.0
2018-08-22 00:00:00-04:00,55.563377682696895,56.244209905639686,55.381824347070975,55.84327697753906,5083500,0.0,0.0
2018-08-23 00:00:00-04:00,55.631462827517794,55.797889120408556,55.03384376280842,55.48016357421875,4737500,0.0,0.0
2018-08-24 00:00:00-04:00,55.61634676761105,55.98702572123172,55.38184006871162,55.6693000793457,4767100,0.0,0.0
2018-08-27 00:00:00-04:00,55.97944183055708,56.66784043959283,55.85840242926346,56.599754333496094,5355500,0.0,0.0
2018-08-28 00:00:00-04:00,56.584646993953896,57.09148667750489,56.44091409774636,56.682987213134766,4737600,0.0,0.0
2018-08-29 00:00:00-04:00,56.66028635864816,57.34867934594392,56.251786947641605,57.204952239990234,4570500,0.0,0.0
2018-08-30 00:00:00-04:00,57.295707237134515,57.757159803426376,57.114153926758014,57.71177291870117,4459100,0.0,0.0
2018-08-31 00:00:00-04:00,57.73448979909529,57.93873663475093,57.12174352065034,57.288169860839844,4311900,0.0,0.0
2018-09-04 00:00:00-04:00,57.008265877967965,57.280598817789276,55.71468729955553,56.19883346557617,4842300,0.0,0.0
2018-09-05 00:00:00-04:00,56.115623618838555,56.47873615055399,55.91137678763967,56.38039016723633,5069400,0.0,0.0
2018-09-06 00:00:00-04:00,56.25934863650097,56.463595439136135,54.92794390171054,55.1321907043457,5404900,0.0,0.0
2018-09-07 00:00:00-04:00,55.01872525290296,55.07167855689801,54.080687051451676,54.63291931152344,6891900,0.0,0.0
2018-09-10 00:00:00-04:00,54.90525204037652,55.351571919372766,54.731259315604106,54.852298736572266,5009600,0.0,0.0
2018-09-11 00:00:00-04:00,54.920369740099375,54.98845584568158,54.292490836455435,54.64047622680664,5265100,0.0,0.0
2018-09-12 00:00:00-04:00,56.78130824917728,56.87208780108311,55.52555619093329,55.956748962402344,9589000,0.0,0.0
2018-09-13 00:00:00-04:00,56.22356526060526,56.60474197423649,55.5755660106912,56.505638122558594,5607200,0.57,0.0
2018-09-14 00:00:00-04:00,56.57426417793468,56.83346744574284,55.8119105210705,55.94150924682617,4959800,0.0,0.0
2018-09-17 00:00:00-04:00,56.032995926377076,56.05586560635174,55.354501611075726,55.484100341796875,5757200,0.0,0.0
2018-09-18 00:00:00-04:00,55.48408069304233,56.421777954013294,55.026669806642225,56.162574768066406,7251800,0.0,0.0
2018-09-19 00:00:00-04:00,56.01011189090211,56.65811119472141,55.88051319339736,56.32267379760742,3662800,0.0,0.0
2018-09-20 00:00:00-04:00,56.38366351570917,57.14601700697019,56.29217900289145,57.046913146972656,5883700,0.0,0.0
2018-09-21 00:00:00-04:00,57.01641223138484,57.885494653474076,56.9859173970297,57.5653076171875,9578700,0.0,0.0
2018-09-24 00:00:00-04:00,57.39761087798092,58.09897488737739,57.35949086639098,57.64918899536133,4926300,0.0,0.0
2018-09-25 00:00:00-04:00,57.71016223705404,57.93124546768376,57.115527390123944,57.16889190673828,5926500,0.0,0.0
2018-09-26 00:00:00-04:00,57.260378837881774,58.25144083534095,57.062165275130674,57.67205047607422,7527500,0.0,0.0
2018-09-27 00:00:00-04:00,57.672053370712696,58.777463809571536,57.61106368429792,58.38104248046875,5451000,0.0,0.0
2018-09-28 00:00:00-04:00,58.38104739075581,58.8841978052549,58.037984738041004,58.861328125,7604800,0.0,0.0
2018-10-01 00:00:00-04:00,58.94518055297811,59.91336707293016,58.73172247401522,59.43308639526367,7820400,0.0,0.0
2018-10-02 00:00:00-04:00,59.48645175579873,60.03534729020231,59.22725431805066,59.97435760498047,7468700,0.0,0.0
2018-10-03 00:00:00-04:00,60.11157506675374,60.69096538187093,59.82950798125534,60.225929260253906,6560100,0.0,0.0
2018-10-04 00:00:00-04:00,59.981983090031605,60.18781600838391,57.80927643499488,58.36579132080078,7705500,0.0,0.0
2018-10-05 00:00:00-04:00,58.52588025756944,59.128140268084884,57.29087121247102,58.12183380126953,6083400,0.0,0.0
2018-10-08 00:00:00-04:00,58.16757836906167,58.434400949116885,57.56531836476789,58.243812561035156,4507100,0.0,0.0
2018-10-09 00:00:00-04:00,58.09135212623546,58.99855492969181,57.809284967464755,58.350555419921875,5367800,0.0,0.0
2018-10-10 00:00:00-04:00,58.10658764880865,58.74696182947794,56.98592701634148,57.00879669189453,6719900,0.0,0.0
2018-10-11 00:00:00-04:00,57.10028342454863,57.321366657294206,54.73698852625916,55.270633697509766,8486100,0.0,0.0
2018-10-12 00:00:00-04:00,55.80429458104111,56.337945718842896,55.08768598020684,56.10161209106445,5638400,0.0,0.0
2018-10-15 00:00:00-04:00,55.88814686480812,56.23882886244613,55.430735816423635,55.484100341796875,5198600,0.0,0.0
2018-10-16 00:00:00-04:00,55.880510272646234,58.2742996429612,55.68229674686674,58.17518997192383,7455100,0.0,0.0
2018-10-17 00:00:00-04:00,57.938881308034524,58.15996457940242,57.28325665950826,57.64918899536133,5455000,0.0,0.0
2018-10-18 00:00:00-04:00,57.603440963584596,57.6339358080859,55.89577038558934,56.54376983642578,6185300,0.0,0.0
2018-10-19 00:00:00-04:00,56.528521847332904,57.02405286149777,55.7661682305551,55.85764694213867,5036500,0.0,0.0
2018-10-22 00:00:00-04:00,56.0025007848933,56.185464040020356,55.0266890024863,55.14866256713867,5351400,0.0,0.0
2018-10-23 00:00:00-04:00,54.538778356507436,55.12578808133313,53.89839829494654,54.637882232666016,5738500,0.0,0.0
2018-10-24 00:00:00-04:00,54.302439118585696,54.93518806538246,51.74855039319172,51.847660064697266,8949100,0.0,0.0
2018-10-25 00:00:00-04:00,52.05351033742512,53.38000416296818,51.268286947498495,52.312713623046875,9388600,0.0,0.0
2018-10-26 00:00:00-04:00,50.91759380003745,53.57820603472157,50.69651057476342,53.166534423828125,11006100,0.0,0.0
2018-10-29 00:00:00-04:00,53.974646222653725,54.8818432031139,52.960714369371466,54.050880432128906,9183400,0.0,0.0
2018-10-30 00:00:00-04:00,54.310063432040764,55.362115017800136,54.15759505372865,54.91994857788086,6632500,0.0,0.0
2018-10-31 00:00:00-04:00,55.20203458025769,55.2706436218967,51.25304215503442,51.97727584838867,17316000,0.0,0.0
2018-11-01 00:00:00-04:00,51.99251892423751,53.684945033388715,51.84005051395059,53.6010856628418,8060600,0.0,0.0
2018-11-02 00:00:00-04:00,54.10423966615405,54.561650694543665,52.518542672526365,52.93783950805664,6061200,0.0,0.0
2018-11-05 00:00:00-05:00,53.27327737025513,53.49436065327945,52.571913323879855,53.04457473754883,6087800,0.0,0.0
2018-11-06 00:00:00-05:00,53.174165524787945,53.66969654598435,53.021697125787476,53.63157653808594,5699000,0.0,0.0
2018-11-07 00:00:00-05:00,54.134740683387875,55.49935457537449,53.63920958933503,55.255401611328125,8635900,0.0,0.0
2018-11-08 00:00:00-05:00,55.08005805631933,55.39262588347902,54.59215212499968,54.7979850769043,5007100,0.0,0.0
2018-11-09 00:00:00-05:00,54.485426559821015,54.820864090224156,53.8831663649144,54.26434326171875,4568000,0.0,0.0
2018-11-12 00:00:00-05:00,54.1804706262314,54.485413232343554,53.4104918544649,53.738304138183594,5300800,0.0,0.0
2018-11-13 00:00:00-05:00,53.82216341177848,55.308756433019845,53.60108016811808,54.06611633300781,4437600,0.0,0.0
2018-11-14 00:00:00-05:00,54.401562273129564,54.668384913580006,53.47911496397385,53.7840576171875,4397200,0.0,0.0
2018-11-15 00:00:00-05:00,53.532466532730375,53.79928910858744,52.17547816154651,53.19702911376953,9249300,0.0,0.0
2018-11-16 00:00:00-05:00,52.94544829950006,53.13603667468371,52.54902703828814,52.754859924316406,8059100,0.0,0.0
2018-11-19 00:00:00-05:00,52.65575286518404,52.78535155652715,51.57321235579699,51.847660064697266,8814700,0.0,0.0
2018-11-20 00:00:00-05:00,52.14498477140845,52.95307768540771,51.489360243195286,51.512229919433594,8511000,0.0,0.0
2018-11-21 00:00:00-05:00,51.51222948655008,51.603714007030604,50.73463141950181,50.87947463989258,8866000,0.0,0.0
2018-11-23 00:00:00-05:00,50.60503551347048,51.108191737363605,50.36108256693665,50.76512908935547,3072800,0.0,0.0
2018-11-26 00:00:00-05:00,51.35975650692503,51.885776457811275,50.3610694839933,51.031944274902344,9451000,0.0,0.0
2018-11-27 00:00:00-05:00,50.688888499901374,51.42074724732596,50.17048782677192,51.41312789916992,8001500,0.0,0.0
2018-11-28 00:00:00-05:00,51.451244940470005,52.762494116724774,51.00908425476507,52.747249603271484,6463100,0.0,0.0
2018-11-29 00:00:00-05:00,52.449935108150605,53.57821528876872,52.38894541830721,53.1284294128418,6468000,0.0,0.0
2018-11-30 00:00:00-05:00,53.15894092058034,55.04195020027988,52.94547693921757,54.84374237060547,8673300,0.0,0.0
2018-12-03 00:00:00-05:00,55.45360474399463,55.57558412393388,53.75355930424433,54.020381927490234,11239300,0.0,0.0
2018-12-04 00:00:00-05:00,53.974632281702924,55.369734822024114,52.846346497480866,53.021690368652344,9935000,0.0,0.0
2018-12-06 00:00:00-05:00,52.381300757249136,53.52483084286705,51.92388988626092,53.509586334228516,8099400,0.0,0.0
2018-12-07 00:00:00-05:00,53.19704119741917,53.36475994499671,51.756193144208034,51.95440673828125,5657500,0.0,0.0
2018-12-10 00:00:00-05:00,52.77011476786964,53.26564574901706,50.23910116146182,51.45124053955078,8927200,0.0,0.0
2018-12-11 00:00:00-05:00,51.9391488667475,52.73199731164331,51.23015978346639,51.6265869140625,5867000,0.0,0.0
2018-12-12 00:00:00-05:00,52.28221097226811,52.8463510043424,51.88578384550515,51.946773529052734,6447900,0.0,0.0
2018-12-13 00:00:00-05:00,52.354225885417314,52.500296824610416,51.285615846403864,51.77763748168945,6198200,0.57,0.0
2018-12-14 00:00:00-05:00,51.354814036699345,51.639260587142296,50.26313543829757,50.40920639038086,8253600,0.0,0.0
2018-12-17 00:00:00-05:00,50.263127423329195,51.585437673502284,49.63272438142809,50.06324768066406,11671600,0.0,0.0
2018-12-18 00:00:00-05:00,50.34003105332263,51.30869567380819,49.4328647588788,49.84800338745117,9325600,0.0,0.0
2018-12-19 00:00:00-05:00,50.05556140088016,51.347119650625494,48.802441791239566,49.35596466064453,9488300,0.0,0.0
2018-12-20 00:00:00-05:00,49.30215585489826,50.24007403519361,48.70250478627958,49.43285369873047,10462600,0.0,0.0
2018-12-21 00:00:00-05:00,49.7788007059444,50.80896921020004,47.85683928872647,48.14128875732422,17586200,0.0,0.0
2018-12-24 00:00:00-05:00,48.02597953998507,48.30274249195051,46.48841019144891,46.5422248840332,6162600,0.0,0.0
2018-12-26 00:00:00-05:00,46.62678582020121,48.61024850608279,46.373085501821244,48.602561950683594,8824400,0.0,0.0
2018-12-27 00:00:00-05:00,47.97216471922079,48.4488103948428,46.48841006723347,48.387306213378906,9548200,0.0,0.0
2018-12-28 00:00:00-05:00,48.28736141722665,48.46418152197011,47.410944516391396,47.572391510009766,6785400,0.0,0.0
2018-12-31 00:00:00-05:00,47.66464389114495,48.48724315594221,47.34175577569799,48.08747482299805,7584000,0.0,0.0
2019-01-02 00:00:00-05:00,47.480135815038565,49.20990410534847,47.28025310853638,48.77169418334961,7839400,0.0,0.0
2019-01-03 00:00:00-05:00,50.96272939859829,51.70076187543029,50.0786259778422,50.16319274902344,14631300,0.0,0.0
2019-01-04 00:00:00-05:00,50.93197441799737,52.60792490515872,50.77053037274206,52.46954345703125,9639500,0.0,0.0
2019-01-07 00:00:00-05:00,52.35423405910791,52.99232673320743,51.79302454313042,52.7078742980957,10504100,0.0,0.0
2019-01-08 00:00:00-05:00,52.930828030893394,53.16146579840627,51.57776524989949,52.34654998779297,7527400,0.0,0.0
2019-01-09 00:00:00-05:00,52.431119136630194,52.78476529348742,51.923724236785304,52.231239318847656,5770000,0.0,0.0
2019-01-10 00:00:00-05:00,52.07746394216681,52.484918816519375,51.577752809987736,52.308101654052734,5715900,0.0,0.0
2019-01-11 00:00:00-05:00,52.1236047768052,52.5848744217033,51.84684181679399,52.400367736816406,5663100,0.0,0.0
2019-01-14 00:00:00-05:00,52.100532952819854,52.23123080050053,51.59313813572555,51.700767517089844,9172500,0.0,0.0
2019-01-15 00:00:00-05:00,51.65464110964254,52.82319116519473,51.53163275360481,52.677120208740234,7199500,0.0,0.0
2019-01-16 00:00:00-05:00,52.48491577716204,52.94619117422182,51.93139585833887,52.00058364868164,6142300,0.0,0.0
2019-01-17 00:00:00-05:00,51.92370637458925,53.01537896827173,51.862202206262275,52.77705764770508,5224500,0.0,0.0
2019-01-18 00:00:00-05:00,53.230653558143366,53.49204341876352,52.66944398462474,53.18452835083008,8358800,0.0,0.0
2019-01-22 00:00:00-05:00,52.84625659672106,52.90776077803486,52.29273069561998,52.700191497802734,9827000,0.0,0.0
2019-01-23 00:00:00-05:00,52.677112696542245,53.43821359392351,52.138965879024546,52.46954345703125,6952600,0.0,0.0
2019-01-24 00:00:00-05:00,52.60793049884603,52.63099309842607,51.908333696326004,52.16972351074219,7750900,0.0,0.0
2019-01-25 00:00:00-05:00,52.408045819482474,53.261397211729665,52.35423113102369,52.969261169433594,8809600,0.0,0.0
2019-01-28 00:00:00-05:00,52.60024013212306,53.04613660109425,51.78533034531161,52.20816421508789,7120000,0.0,0.0
2019-01-29 00:00:00-05:00,52.33117142786786,53.78417396204855,52.308108826589034,53.49972152709961,6989300,0.0,0.0
2019-01-30 00:00:00-05:00,53.369037675395965,54.04557203126062,52.73863439447995,53.684242248535156,5113400,0.0,0.0
2019-01-31 00:00:00-05:00,53.66885231959456,54.06093411717746,53.10764283291115,53.82261276245117,8343700,0.0,0.0
2019-02-01 00:00:00-05:00,53.81492908529826,54.199321435907535,53.32290734574733,53.853370666503906,6502100,0.0,0.0
2019-02-04 00:00:00-05:00,53.70729969635661,54.01481474991638,53.21527795680568,53.853370666503906,6913800,0.0,0.0
2019-02-05 00:00:00-05:00,52.085148602410584,53.061502312796954,51.31636412119419,52.031333923339844,14500600,0.0,0.0
2019-02-06 00:00:00-05:00,51.95445876963606,53.28445269184357,51.716131582283,52.85393524169922,7580200,0.0,0.0
2019-02-07 00:00:00-05:00,52.607923072381816,52.869306984538376,51.447056846053066,51.723819732666016,6643400,0.0,0.0
2019-02-08 00:00:00-05:00,51.44706585853631,51.977529128364246,51.00116936695228,51.86989974975586,5522200,0.0,0.0
2019-02-11 00:00:00-05:00,51.98522186279297,52.254295326114345,51.731521512220695,51.98522186279297,5505500,0.0,0.0
2019-02-12 00:00:00-05:00,49.80187006901534,50.309270767453604,49.17146687315546,50.27851867675781,15927900,0.0,0.0
2019-02-13 00:00:00-05:00,50.40920072286646,51.254862521476994,50.34769655360304,50.69365310668945,9047500,0.0,0.0
2019-02-14 00:00:00-05:00,50.839726050061806,51.347126727020765,50.493775308761656,51.02423858642578,5737100,0.0,0.0
2019-02-15 00:00:00-05:00,51.285622207639406,52.03903372938553,51.12417813841409,51.96215057373047,6214200,0.0,0.0
2019-02-19 00:00:00-05:00,51.769952964767086,52.100530582593,51.23949557085005,51.32406234741211,6396200,0.0,0.0
2019-02-20 00:00:00-05:00,51.254882556153404,51.73153125621827,51.139563660048374,51.49320983886719,5679800,0.0,0.0
2019-02-21 00:00:00-05:00,51.45475769786127,51.47782029927938,50.15550974126701,50.393836975097656,5607900,0.0,0.0
2019-02-22 00:00:00-05:00,50.43996183947007,50.709035296478326,50.22470307386347,50.53990173339844,4925500,0.0,0.0
2019-02-25 00:00:00-05:00,50.78591053856712,50.78591053856712,50.14782375638621,50.240074157714844,7090500,0.0,0.0
2019-02-26 00:00:00-05:00,50.16320524859812,50.60141232420127,50.040196872461415,50.1862678527832,5957800,0.0,0.0
2019-02-27 00:00:00-05:00,50.05556617539701,50.824350781543046,49.978688887854624,50.40920639038086,7645100,0.0,0.0
2019-02-28 00:00:00-05:00,50.124755368937386,50.47840145911996,49.76343152090082,49.98637390136719,7227300,0.0,0.0
2019-03-01 00:00:00-05:00,50.447645344132326,50.95504010782223,50.278511801115435,50.74747085571289,6002500,0.0,0.0
2019-03-04 00:00:00-05:00,50.89353636653605,51.10111148576686,49.89411994124371,50.31694793701172,8409600,0.0,0.0
2019-03-05 00:00:00-05:00,50.1478268537272,50.47071500904282,49.471292586938375,49.502044677734375,7405400,0.0,0.0
2019-03-06 00:00:00-05:00,49.548172661888415,49.655802053033774,48.248927545992174,48.37193298339844,9442500,0.0,0.0
2019-03-07 00:00:00-05:00,48.37961661564348,48.57949932747389,47.633894592018066,48.07210159301758,7618500,0.0,0.0
2019-03-08 00:00:00-05:00,47.841471495606235,48.74863767558601,47.664651366651654,48.61025619506836,7639700,0.0,0.0
2019-03-11 00:00:00-04:00,48.717877306438965,49.617356776979236,48.487242522322106,49.46359634399414,5207900,0.0,0.0
2019-03-12 00:00:00-04:00,49.61736469338467,50.1862637227949,49.32522862214412,49.84031295776367,5235600,0.0,0.0
2019-03-13 00:00:00-04:00,50.117070841652556,50.701342924976956,49.878743622971236,50.54758834838867,6276300,0.0,0.0
2019-03-14 00:00:00-04:00,50.48547929647667,50.68729867348977,49.94988422452431,50.29142379760742,7958500,0.63,0.0
2019-03-15 00:00:00-04:00,50.24485958392539,51.06765312214234,50.24485958392539,50.94345474243164,11976800,0.0,0.0
2019-03-18 00:00:00-04:00,51.06765746321276,51.153042375995945,50.322484887918314,50.46996307373047,8066900,0.0,0.0
2019-03-19 00:00:00-04:00,50.45443449106205,51.308277582643754,50.37681346857361,50.834781646728516,6860800,0.0,0.0
2019-03-20 00:00:00-04:00,50.508769101594154,50.64848930898588,49.97317398624184,50.143943786621094,8408200,0.0,0.0
2019-03-21 00:00:00-04:00,49.78688927160582,50.46996264597677,48.90199647581193,50.39234161376953,9069500,0.0,0.0
2019-03-22 00:00:00-04:00,50.34578110217722,50.53207280431456,49.44536331237152,49.499698638916016,5911900,0.0,0.0
2019-03-25 00:00:00-04:00,49.52296630095401,49.670450385834606,48.84765394514182,49.51520538330078,7686800,0.0,0.0
2019-03-26 00:00:00-04:00,49.717035203505596,50.415630458814114,49.639411205430285,49.8645133972168,6332400,0.0,0.0
2019-03-27 00:00:00-04:00,49.786896796122306,50.11290873392746,49.259065406392324,49.414310455322266,5919600,0.0,0.0
2019-03-28 00:00:00-04:00,49.61612230593849,49.63164710548486,49.03395564768704,49.437591552734375,5256000,0.0,0.0
2019-03-29 00:00:00-04:00,50.376815260389314,50.94345407460329,50.18275973621378,50.46220016479492,9601400,0.0,0.0
2019-04-01 00:00:00-04:00,50.87359193328154,51.416944978779874,50.648486836688214,51.13750457763672,5757300,0.0,0.0
2019-04-02 00:00:00-04:00,50.990039190305886,51.83611856191054,50.990039190305886,51.41695785522461,6932100,0.0,0.0
2019-04-03 00:00:00-04:00,51.75849134965868,51.83611237746443,51.37038028852509,51.74296951293945,6687000,0.0,0.0
2019-04-04 00:00:00-04:00,51.719680671153085,52.19317666510606,51.64205963915041,51.882686614990234,5713800,0.0,0.0
2019-04-05 00:00:00-04:00,52.162118263925905,52.837433564789755,51.93701908574209,52.4260368347168,5401100,0.0,0.0
2019-04-08 00:00:00-04:00,52.30962087590066,52.63563282403961,51.92927360307189,52.301856994628906,5308400,0.0,0.0
2019-04-09 00:00:00-04:00,52.21646427445717,52.4881467794681,51.18409325941594,51.30052185058594,5908000,0.0,0.0
2019-04-10 00:00:00-04:00,52.185415031089036,52.44932770572738,51.83611152852659,52.3173713684082,7451400,0.0,0.0
2019-04-11 00:00:00-04:00,52.658909569958084,52.78310796071144,51.253949326665754,51.471290588378906,5994400,0.0,0.0
2019-04-12 00:00:00-04:00,51.82060269273939,51.88269597628206,50.51654898464419,50.671791076660156,6975400,0.0,0.0
2019-04-15 00:00:00-04:00,50.76494135903098,51.19962396698112,50.0663400804637,50.78822708129883,4766400,0.0,0.0
2019-04-16 00:00:00-04:00,51.114234672739634,51.34710371974673,49.94990128191593,50.09738540649414,5820700,0.0,0.0
2019-04-17 00:00:00-04:00,50.12843102292184,50.221573896636166,49.0184330416847,49.09605407714844,7888400,0.0,0.0
2019-04-18 00:00:00-04:00,49.37549624775658,49.37549624775658,47.78424127737202,48.863189697265625,11552900,0.0,0.0
2019-04-22 00:00:00-04:00,48.7312223729344,49.158146895746604,47.77646954756332,48.02486038208008,11480600,0.0,0.0
2019-04-23 00:00:00-04:00,48.18011176599036,49.17367523546138,48.040391532964414,48.933048248291016,10286600,0.0,0.0
2019-04-24 00:00:00-04:00,49.026194159111014,49.049479877633786,48.28102155585532,48.74675369262695,6130200,0.0,0.0
2019-04-25 00:00:00-04:00,48.490594840714266,49.93436839982456,48.1645800236318,49.78688430786133,7944700,0.0,0.0
2019-04-26 00:00:00-04:00,50.01199614851252,50.70283342674392,49.9188473533636,50.57087707519531,8144600,0.0,0.0
2019-04-29 00:00:00-04:00,50.5010122432807,50.92017292372599,50.30695670171002,50.39234161376953,5252500,0.0,0.0
2019-04-30 00:00:00-04:00,50.41563724749184,50.65627019340117,49.63941788958681,50.48550033569336,7164900,0.0,0.0
2019-05-01 00:00:00-04:00,50.31472122083699,50.927937450644194,50.03528076365635,50.35353469848633,5779700,0.0,0.0
2019-05-02 00:00:00-04:00,50.229335112612766,50.75716641671719,49.83346015400818,50.68730926513672,5735800,0.0,0.0
2019-05-03 00:00:00-04:00,51.20738101584799,52.58129174528768,51.153045697104176,52.10779571533203,8822500,0.0,0.0
2019-05-06 00:00:00-04:00,51.48682532217224,52.627873022826556,51.261720150020174,52.54248809814453,6304700,0.0,0.0
2019-05-07 00:00:00-04:00,52.04569469386649,52.3949922735147,51.176323801222324,51.5411491394043,7281300,0.0,0.0
2019-05-08 00:00:00-04:00,51.37038094101715,51.57220035355942,50.617444525317644,51.284996032714844,6509500,0.0,0.0
2019-05-09 00:00:00-04:00,50.89689471882016,51.6110177959019,50.26815656640102,51.33157730102539,6116700,0.0,0.0
2019-05-10 00:00:00-04:00,51.26171410954268,51.44800577684885,49.77136892688265,50.896888732910156,5953400,0.0,0.0
2019-05-13 00:00:00-04:00,50.004236227742446,50.08962114953009,49.02619748965881,49.8101806640625,8146000,0.0,0.0
2019-05-14 00:00:00-04:00,49.86451082140355,50.927937332207044,49.75584019076439,50.51654052734375,6810900,0.0,0.0
2019-05-15 00:00:00-04:00,50.19828551565308,51.059892584442736,49.9809442590404,50.68730926513672,5381500,0.0,0.0
2019-05-16 00:00:00-04:00,50.91240664734526,51.78177756461709,50.83478561879176,51.05989074707031,7535400,0.0,0.0
2019-05-17 00:00:00-04:00,51.0521347410791,52.177660556055635,50.92017837997675,51.510108947753906,6660900,0.0,0.0
2019-05-20 00:00:00-04:00,51.22289694928975,51.40919452531007,50.89688507441155,51.12199020385742,4473900,0.0,0.0
2019-05-21 00:00:00-04:00,51.4014333182612,51.78954440532495,51.083179384258415,51.63429641723633,5118200,0.0,0.0
2019-05-22 00:00:00-04:00,51.432490352918464,51.85165109820979,51.02109348868051,51.61878204345703,5764800,0.0,0.0
2019-05-23 00:00:00-04:00,51.8128354258797,52.363952515262575,51.517873101480724,52.13884735107422,6707200,0.0,0.0
2019-05-24 00:00:00-04:00,52.23975509615962,52.371711445488,51.57996150530722,51.92150115966797,4197900,0.0,0.0
2019-05-28 00:00:00-04:00,50.695076599909015,51.06766591023827,49.639416757486416,49.65494155883789,9821600,0.0,0.0
2019-05-29 00:00:00-04:00,49.37548833274316,49.468634155795606,48.777796959472994,49.18919372558594,7193700,0.0,0.0
2019-05-30 00:00:00-04:00,49.25906228189963,49.398782520968844,48.754519606196645,49.165916442871094,4311900,0.0,0.0
2019-05-31 00:00:00-04:00,48.723460053493945,48.948565166129406,48.25772503138067,48.31982421875,4871900,0.0,0.0
2019-06-03 00:00:00-04:00,48.51388602538467,50.01975894268629,48.26549516581891,49.39101791381836,9150900,0.0,0.0
2019-06-04 00:00:00-04:00,49.65493246802699,50.23709908738556,49.4143025327132,49.92660903930664,5647800,0.0,0.0
2019-06-05 00:00:00-04:00,50.299200595753874,50.33024427209554,49.36773040865896,50.01976013183594,5226500,0.0,0.0
2019-06-06 00:00:00-04:00,50.02752118989139,50.29920371261177,49.34444774804518,49.46864318847656,4982500,0.0,0.0
2019-06-07 00:00:00-04:00,49.78689183618696,50.94346126533503,49.26682437929348,50.72611999511719,6255100,0.0,0.0
2019-06-10 00:00:00-04:00,50.76492968308153,51.4402391619532,50.67178089332802,51.32381057739258,5942700,0.0,0.0
2019-06-11 00:00:00-04:00,51.3315666608862,51.87492569811991,51.19184644240951,51.30828094482422,5144600,0.0,0.0
2019-06-12 00:00:00-04:00,51.52563052285649,52.36395196927786,51.39367416243065,51.83612060546875,6406800,0.0,0.0
2019-06-13 00:00:00-04:00,51.96149216416032,52.69809194235006,51.95366032118398,52.49435043334961,4452900,0.63,0.0
2019-06-14 00:00:00-04:00,52.4316657045985,52.486518497866626,51.87529397194253,52.000675201416016,5333800,0.0,0.0
2019-06-17 00:00:00-04:00,52.086879761522724,52.854818962511246,51.77343262747346,52.5805549621582,5287300,0.0,0.0
2019-06-18 00:00:00-04:00,53.0115469955629,53.9910655801871,52.799967633320165,53.44253158569336,7385700,0.0,0.0
2019-06-19 00:00:00-04:00,53.309313695597936,53.59925332281688,53.01154222493184,53.48954772949219,4643100,0.0,0.0
2019-06-20 00:00:00-04:00,53.90486004037512,54.32017490647972,53.058554665007534,53.73246383666992,4968300,0.0,0.0
2019-06-21 00:00:00-04:00,53.70111994702413,54.4377197537602,53.497378430127846,54.367191314697266,8718500,0.0,0.0
2019-06-24 00:00:00-04:00,54.17128739391508,54.44555734873172,53.834332800589145,53.94403839111328,4013700,0.0,0.0
2019-06-25 00:00:00-04:00,53.8735302024519,54.837379264253784,53.38768675963605,53.661956787109375,6293200,0.0,0.0
2019-06-26 00:00:00-04:00,53.677616920642286,53.70896223188538,52.17307785201483,52.25143814086914,9479000,0.0,0.0
2019-06-27 00:00:00-04:00,52.22009553744226,52.807806702085,51.92232403295251,52.56488800048828,5996900,0.0,0.0
2019-06-28 00:00:00-04:00,52.619734380881006,53.30147542241214,52.39248537420183,52.94101333618164,19742500,0.0,0.0
2019-07-01 00:00:00-04:00,53.28580478243685,53.95971396825993,52.72160118700298,53.152591705322266,6014500,0.0,0.0
2019-07-02 00:00:00-04:00,53.78731782708059,54.02240465163592,53.25445953946066,53.94403839111328,6010200,0.0,0.0
2019-07-03 00:00:00-04:00,54.124280293475486,54.124280293475486,53.53656912510337,54.069427490234375,2906000,0.0,0.0
2019-07-05 00:00:00-04:00,53.72463740454499,54.34369391340342,53.560078987533124,53.70112991333008,4118300,0.0,0.0
2019-07-08 00:00:00-04:00,53.49737295340632,53.65409948055353,52.000671984811056,52.87832260131836,7191900,0.0,0.0
2019-07-09 00:00:00-04:00,52.64324078815036,53.42685556262207,52.30628619598727,53.089900970458984,5201400,0.0,0.0
2019-07-10 00:00:00-04:00,53.28580836467104,53.70112326742285,52.42383324859094,52.86265563964844,4072300,0.0,0.0
2019-07-11 00:00:00-04:00,52.5100182894397,52.80778969804746,51.35810382109371,51.867454528808594,5833100,0.0,0.0
2019-07-12 00:00:00-04:00,51.85178906516935,52.251434280861965,51.632377881183245,51.92231750488281,4740700,0.0,0.0
2019-07-15 00:00:00-04:00,52.486526572125705,53.48171482551529,52.3768149902059,53.34066390991211,7495100,0.0,0.0
2019-07-16 00:00:00-04:00,53.34065213219495,53.44251989044081,52.11821511922182,52.455169677734375,5573200,0.0,0.0
2019-07-17 00:00:00-04:00,52.6040572854199,52.83130628582781,52.35330079850536,52.43949890136719,4858500,0.0,0.0
2019-07-18 00:00:00-04:00,52.212246263029435,52.972353492482945,51.95365795096751,52.666744232177734,4002500,0.0,0.0
2019-07-19 00:00:00-04:00,52.909677919064,52.917515742416604,50.86444843359075,50.96631622314453,8876400,0.0,0.0
2019-07-22 00:00:00-04:00,51.17005405759856,51.577531164672926,50.73906348217724,50.864444732666016,6302600,0.0,0.0
2019-07-23 00:00:00-04:00,50.989811517044075,52.063365876252206,50.68420224298229,52.032020568847656,7854200,0.0,0.0
2019-07-24 00:00:00-04:00,52.09470609049119,52.361132209622966,51.58535535735076,52.2200813293457,4592400,0.0,0.0
2019-07-25 00:00:00-04:00,52.16523352093071,52.55704089482339,51.875293911987946,51.969329833984375,4061200,0.0,0.0
2019-07-26 00:00:00-04:00,51.99283872222234,52.533534825899984,51.65588413244596,52.43949890136719,4790600,0.0,0.0
2019-07-29 00:00:00-04:00,53.356331128828664,53.599255792532205,52.737280671617846,53.18394088745117,5571700,0.0,0.0
2019-07-30 00:00:00-04:00,53.1290875463218,53.15259503451955,52.23576712376741,52.572715759277344,6694500,0.0,0.0
2019-07-31 00:00:00-04:00,51.4443153140294,52.28278295160827,50.27673087930896,51.34244155883789,10366300,0.0,0.0
2019-08-01 00:00:00-04:00,51.45214569935727,52.32979036487767,50.99764772413798,51.30325698852539,8259800,0.0,0.0
2019-08-02 00:00:00-04:00,51.083846682951474,51.29542003166722,50.34724691611519,50.895774841308594,6753100,0.0,0.0
2019-08-05 00:00:00-04:00,50.38643349650157,50.637189990699284,49.26586111600404,49.64983367919922,7230000,0.0,0.0
2019-08-06 00:00:00-04:00,49.72819726024109,50.26889341547777,49.0856333275931,50.135677337646484,7052100,0.0,0.0
2019-08-07 00:00:00-04:00,49.63415553886165,50.30806167425158,49.007264372654234,50.057308197021484,5450400,0.0,0.0
2019-08-08 00:00:00-04:00,49.93193964786688,50.85660541832764,49.845741535310694,50.793914794921875,5188900,0.0,0.0
2019-08-09 00:00:00-04:00,50.6998788758486,51.49916937825754,50.43345269405022,51.12303161621094,5233000,0.0,0.0
2019-08-12 00:00:00-04:00,50.88011203695917,51.303264769947866,49.75170773824273,50.135677337646484,5703200,0.0,0.0
2019-08-13 00:00:00-04:00,49.93193842163257,50.92712663510468,49.93193842163257,50.386436462402344,4779600,0.0,0.0
2019-08-14 00:00:00-04:00,49.90842548571755,49.99462359191145,49.30504173161348,49.46176528930664,6382100,0.0,0.0
2019-08-15 00:00:00-04:00,49.587139619252646,50.00245746270924,49.24235021097541,49.2658576965332,4490800,0.0,0.0
2019-08-16 00:00:00-04:00,49.68901241213947,49.767372693384615,49.24235223268526,49.47743606567383,6967500,0.0,0.0
2019-08-19 00:00:00-04:00,49.90842145522846,50.48045985374675,49.90842145522846,50.23754119873047,6163200,0.0,0.0
2019-08-20 00:00:00-04:00,50.18269126122258,50.39426462141725,49.665505625656714,49.712520599365234,5286400,0.0,0.0
2019-08-21 00:00:00-04:00,50.18268951698607,50.35508571926698,49.89274990601308,50.253211975097656,4493700,0.0,0.0
2019-08-22 00:00:00-04:00,50.39426819310011,50.69987750087814,49.79088739988641,50.32374572753906,5084900,0.0,0.0
2019-08-23 00:00:00-04:00,50.20620102285268,50.676368716759534,48.73300433175614,48.983760833740234,7488300,0.0,0.0
2019-08-26 00:00:00-04:00,49.602816846723606,49.62632732370236,48.84271251415142,49.367733001708984,4053200,0.0,0.0
2019-08-27 00:00:00-04:00,49.767377315326335,50.0651517923681,49.32071709439038,49.61065673828125,5227000,0.0,0.0
2019-08-28 00:00:00-04:00,49.39908351169743,50.300241833246226,49.156161819033365,49.8692512512207,5441100,0.0,0.0
2019-08-29 00:00:00-04:00,50.36292909983929,50.48047253545922,49.59498981366975,49.95545196533203,4758500,0.0,0.0
2019-08-30 00:00:00-04:00,50.14350166378102,50.15917431514596,49.25017847149454,49.79087448120117,5301200,0.0,0.0
2019-09-03 00:00:00-04:00,49.48527392019833,49.63415965036419,48.79569208562143,49.34422302246094,4909200,0.0,0.0
2019-09-04 00:00:00-04:00,49.649829185893964,49.89274783620896,48.88972195019185,49.57930374145508,5898200,0.0,0.0
2019-09-05 00:00:00-04:00,49.712523898643916,50.543156697241415,49.62632877804005,50.1983642578125,6011100,0.0,0.0
2019-09-06 00:00:00-04:00,50.386437699798265,50.93496570833138,50.08866022787437,50.793914794921875,6833300,0.0,0.0
2019-09-09 00:00:00-04:00,50.66070714069395,52.165246392849596,50.645031493906835,51.97718048095703,8701000,0.0,0.0
2019-09-10 00:00:00-04:00,51.78127311429797,52.64324829340589,51.53834843419412,52.56488800048828,7419700,0.0,0.0
2019-09-11 00:00:00-04:00,52.49435602078004,53.411189919615644,52.49435602078004,53.3484992980957,8853300,0.0,0.0
2019-09-12 00:00:00-04:00,53.3880458218948,53.419683906503565,52.407289336413626,52.48638153076172,6495500,0.63,0.0
2019-09-13 00:00:00-04:00,52.79484778428127,53.38013729107386,52.17000916128937,52.61293029785156,4814700,0.0,0.0
2019-09-16 00:00:00-04:00,52.431017261657296,52.54174754245232,51.93273099807969,52.10673141479492,4644100,0.0,0.0
2019-09-17 00:00:00-04:00,52.12254820714638,52.39146285208759,51.63216698864831,52.336097717285156,4819800,0.0,0.0
2019-09-18 00:00:00-04:00,52.20954656524584,52.320276824546106,51.49770487378228,51.98017501831055,4295400,0.0,0.0
2019-09-19 00:00:00-04:00,52.08300257578806,52.54965677259741,51.91690716028397,52.170005798339844,4171100,0.0,0.0
2019-09-20 00:00:00-04:00,52.11463851375134,53.008391722567744,52.11463851375134,52.53383255004883,9700400,0.0,0.0
2019-09-23 00:00:00-04:00,52.39936966382032,52.462645822600955,51.315788073501814,51.98808670043945,5259100,0.0,0.0
2019-09-24 00:00:00-04:00,52.19372645505022,52.22536453522255,50.809592127831436,51.06269073486328,5823400,0.0,0.0
2019-09-25 00:00:00-04:00,51.015236685933466,51.28415131616356,50.63558575780928,50.7779541015625,4914500,0.0,0.0
2019-09-26 00:00:00-04:00,50.951961475068366,50.951961475068366,49.900020934591474,50.06611633300781,6398400,0.0,0.0
2019-09-27 00:00:00-04:00,50.27967640027101,50.556502105853475,49.48874236469377,49.749752044677734,7410900,0.0,0.0
2019-09-30 00:00:00-04:00,49.82883499400259,50.469492530107885,49.71810473231921,50.129390716552734,8291400,0.0,0.0
2019-10-01 00:00:00-04:00,50.30339465805199,50.88077905815501,49.797197446561526,50.00284194946289,4899200,0.0,0.0
2019-10-02 00:00:00-04:00,49.78138306454866,49.78138306454866,48.658258273611246,48.73735046386719,6409700,0.0,0.0
2019-10-03 00:00:00-04:00,48.83226596370647,49.30682515174611,48.15997026061429,49.21982192993164,6325200,0.0,0.0
2019-10-04 00:00:00-04:00,49.393824117225684,49.60737663859352,48.97462708616727,49.48082733154297,5138700,0.0,0.0
2019-10-07 00:00:00-04:00,49.472915620449186,50.28757960195287,49.259363102026285,49.61528396606445,5980700,0.0,0.0
2019-10-08 00:00:00-04:00,49.298917270320565,49.42546658861216,48.53961834339729,48.79271697998047,4559800,0.0,0.0
2019-10-09 00:00:00-04:00,49.26727388026663,49.378004144699176,48.84807685712046,49.0220832824707,3516200,0.0,0.0
2019-10-10 00:00:00-04:00,49.132816815732646,50.15312234961121,49.037905585215036,50.034481048583984,5718400,0.0,0.0
2019-10-11 00:00:00-04:00,50.58021266518626,51.00731458657354,50.3587491689851,50.61185073852539,5598100,0.0,0.0
2019-10-14 00:00:00-04:00,50.4853198385607,51.42652721702282,50.4853198385607,51.023155212402344,4354500,0.0,0.0
2019-10-15 00:00:00-04:00,51.27625124524073,51.995998027405825,51.1022448045741,51.64799118041992,5675700,0.0,0.0
2019-10-16 00:00:00-04:00,51.45815895642375,52.106724530107975,51.41070485216662,51.687530517578125,4854900,0.0,0.0
2019-10-17 00:00:00-04:00,51.64798598112551,51.956449718764915,51.23669697470845,51.592620849609375,4682600,0.0,0.0
2019-10-18 00:00:00-04:00,51.72709077461645,51.76663385857001,50.777966244507574,51.339534759521484,8805600,0.0,0.0
2019-10-21 00:00:00-04:00,51.363255591105826,51.70335745049403,51.252525314500126,51.576805114746094,3737000,0.0,0.0
2019-10-22 00:00:00-04:00,51.97226675658653,52.66828642843141,51.94062867590991,52.09090805053711,5881800,0.0,0.0
2019-10-23 00:00:00-04:00,51.980181435392005,52.71575026832104,51.82990205021218,52.66038513183594,6056100,0.0,0.0
2019-10-24 00:00:00-04:00,52.79484154961326,52.79484154961326,51.90899334675289,52.20164108276367,5555400,0.0,0.0
2019-10-25 00:00:00-04:00,49.82882967713998,50.83331295361451,49.4491818130892,50.08192825317383,12014700,0.0,0.0
2019-10-28 00:00:00-04:00,50.32713110424098,50.58022974205958,49.65483539608167,50.40622329711914,7854900,0.0,0.0
2019-10-29 00:00:00-04:00,50.61976643231179,50.61976643231179,50.02656604443314,50.18475341796875,5534200,0.0,0.0
2019-10-30 00:00:00-04:00,50.18475499251105,50.303393263505136,49.56782451808334,49.94747543334961,6289200,0.0,0.0
2019-10-31 00:00:00-04:00,49.75765715938536,50.47740696915248,49.62319982941205,50.390403747558594,6438100,0.0,0.0
2019-11-01 00:00:00-04:00,50.596045938803286,51.4027959157489,50.4299475156217,51.14179229736328,4956800,0.0,0.0
2019-11-04 00:00:00-05:00,51.53726203558549,51.79036067273387,50.6435027588213,51.576805114746094,7008700,0.0,0.0
2019-11-05 00:00:00-05:00,51.734987858796764,52.415185442308534,51.560981440133475,51.71916580200195,6599100,0.0,0.0
2019-11-06 00:00:00-05:00,51.90898955497385,52.336094584028615,51.46606850307117,51.734989166259766,6010500,0.0,0.0
2019-11-07 00:00:00-05:00,51.426518944507656,51.54516023504268,50.17684496549255,50.588130950927734,7746000,0.0,0.0
2019-11-08 00:00:00-05:00,50.248038791143216,51.8219958472477,50.240130778268984,51.711265563964844,4953100,0.0,0.0
2019-11-11 00:00:00-05:00,51.426529329447774,51.52935461803754,50.88078893773597,51.1259765625,3696400,0.0,0.0
2019-11-12 00:00:00-05:00,51.06269002828906,51.299972609124765,50.73841027111674,50.872867584228516,4243200,0.0,0.0
2019-11-13 00:00:00-05:00,50.73841315019047,50.73841315019047,49.907930104487704,50.089847564697266,4482600,0.0,0.0
2019-11-14 00:00:00-05:00,50.010758310128,50.61977787474438,49.3384655920986,50.46950149536133,7548200,0.0,0.0
2019-11-15 00:00:00-05:00,50.74632908446871,51.584717205835034,50.619776746116564,51.4660758972168,6908600,0.0,0.0
2019-11-18 00:00:00-05:00,51.31578826268395,51.545159813349386,50.398308094368865,50.84914016723633,6163600,0.0,0.0
2019-11-19 00:00:00-05:00,51.19715226108361,51.45025085910277,51.01523481515738,51.410701751708984,6135100,0.0,0.0
2019-11-20 00:00:00-05:00,51.23669608743911,51.64798508673384,50.99941954262752,51.31578826904297,7633900,0.0,0.0
2019-11-21 00:00:00-05:00,51.48979449297524,52.043451830785855,51.023146399247985,51.98808670043945,5392000,0.0,0.0
2019-11-22 00:00:00-05:00,52.03554227024187,52.154183562715694,51.56098313469335,51.61634826660156,4589300,0.0,0.0
2019-11-25 00:00:00-05:00,51.84572569383379,53.214038123517035,51.798265550861856,53.16658401489258,7492900,0.0,0.0
2019-11-26 00:00:00-05:00,52.968843644270294,53.50667893150898,52.73947209176516,53.21403121948242,6923500,0.0,0.0
2019-11-27 00:00:00-05:00,53.21403637875232,53.3801317878395,52.755293229265455,53.08749008178711,4980300,0.0,0.0
2019-11-29 00:00:00-05:00,53.02421916898922,53.27731782234021,52.842301683292625,53.182403564453125,2658800,0.0,0.0
2019-12-02 00:00:00-05:00,53.19030387016368,53.403853364418346,52.15418240978042,52.29655075073242,7642100,0.0,0.0
2019-12-03 00:00:00-05:00,52.035547050897875,52.35982684348228,51.545165812981814,52.25700759887695,5333300,0.0,0.0
2019-12-04 00:00:00-05:00,52.4389163205646,53.166574009490105,52.24908785309559,52.79483413696289,5093400,0.0,0.0
2019-12-05 00:00:00-05:00,52.91349306142353,52.95303614623646,51.72709189876537,52.14628601074219,5847800,0.0,0.0
2019-12-06 00:00:00-05:00,52.54174270666458,53.427590905841626,52.26491703015524,53.055850982666016,4140400,0.0,0.0
2019-12-09 00:00:00-05:00,53.13493591473774,53.68858719214768,52.85811027603277,52.93720245361328,5983700,0.0,0.0
2019-12-10 00:00:00-05:00,52.87393351847578,53.13494317104766,52.304460107172474,53.055850982666016,4272900,0.0,0.0
2019-12-11 00:00:00-05:00,53.277298709009074,53.775584806872416,53.07956526844249,53.60948944091797,5589800,0.0,0.0
2019-12-12 00:00:00-05:00,53.61749242069346,54.415846939708224,53.505717184346715,53.992713928222656,5732200,0.63,0.0
2019-12-13 00:00:00-05:00,52.890979519418885,53.338056038702,52.26027880630976,52.50776672363281,8198900,0.0,0.0
2019-12-16 00:00:00-05:00,52.89097335181373,53.32208541269088,52.76323373779381,52.78718948364258,11647500,0.0,0.0
2019-12-17 00:00:00-05:00,52.835094551948494,53.01871874437543,52.52373682253994,52.85105895996094,7881300,0.0,0.0
2019-12-18 00:00:00-05:00,52.93888567925065,53.09057498545966,52.10061709721506,52.4359245300293,10105600,0.0,0.0
2019-12-19 00:00:00-05:00,52.61955865136948,52.61955865136948,52.02079265537827,52.124576568603516,9495300,0.0,0.0
2019-12-20 00:00:00-05:00,52.36406677921905,53.48974950591538,52.02875936354997,53.3699951171875,23440000,0.0,0.0
2019-12-23 00:00:00-05:00,53.25022572537445,53.80907735166276,53.1224922134248,53.29014587402344,7038200,0.0,0.0
2019-12-24 00:00:00-05:00,53.338057623861395,53.44184759818006,52.92291599946954,53.26620864868164,1965800,0.0,0.0
2019-12-26 00:00:00-05:00,53.25823123819008,53.41790580258311,52.81115463981324,53.00275802612305,3527400,0.0,0.0
2019-12-27 00:00:00-05:00,52.99476281957803,53.082582290755994,52.459866834010924,52.65147018432617,4463900,0.0,0.0
2019-12-30 00:00:00-05:00,52.475832657796985,52.77121986093312,51.74134204693059,51.8371467590332,5864300,0.0,0.0
2019-12-31 00:00:00-05:00,51.62160960502913,51.940946561405,51.37411554558721,51.87708282470703,6984700,0.0,0.0
2020-01-02 00:00:00-05:00,52.31616665375028,52.48382035900073,51.92497467483257,52.076663970947266,5038200,0.0,0.0
2020-01-03 00:00:00-05:00,51.597647103085585,52.18843379522961,51.54176253393263,51.94892501831055,4689700,0.0,0.0
2020-01-06 00:00:00-05:00,51.629581987183165,52.555676093786495,51.6216028279947,52.41197204589844,8248700,0.0,0.0
2020-01-07 00:00:00-05:00,52.100595850400545,52.12454550141173,51.230386620920164,51.988826751708984,8082600,0.0,0.0
2020-01-08 00:00:00-05:00,51.980852751479276,52.88299098353079,51.74134400762683,52.53171920776367,6607300,0.0,0.0
2020-01-09 00:00:00-05:00,52.53971000646933,52.74728389106716,52.13255357905576,52.56365966796875,5942300,0.0,0.0
2020-01-10 00:00:00-05:00,52.691393155859274,52.76324213195598,51.877074305291565,51.916988372802734,5153900,0.0,0.0
2020-01-13 00:00:00-05:00,51.93296122922942,52.10061493869066,51.15855641103135,51.3421745300293,6868900,0.0,0.0
2020-01-14 00:00:00-05:00,51.4220085347126,51.541756818933116,51.02282829926919,51.25434875488281,9929700,0.0,0.0
2020-01-15 00:00:00-05:00,51.15057273937751,51.837158098909676,51.078720712322266,51.174522399902344,7080600,0.0,0.0
2020-01-16 00:00:00-05:00,51.3262116247611,51.39806060622398,50.39213527449424,50.45600509643555,10633900,0.0,0.0
2020-01-17 00:00:00-05:00,50.69550584079339,50.69550584079339,49.95303598405357,50.28036117553711,13457600,0.0,0.0
2020-01-21 00:00:00-05:00,50.224480511390055,50.232462716225676,49.68159921814769,50.00094223022461,12261100,0.0,0.0
2020-01-22 00:00:00-05:00,50.136662349171424,50.63962654050012,49.97699083893429,50.61567687988281,7906100,0.0,0.0
2020-01-23 00:00:00-05:00,50.49591241516937,51.14257748671484,50.088753038473335,51.046775817871094,14648700,0.0,0.0
2020-01-24 00:00:00-05:00,51.150561174677485,51.254345043807625,50.16858572392581,50.41607666015625,18685100,0.0,0.0
2020-01-27 00:00:00-05:00,50.29632589024143,51.31821852107677,50.13665440530334,50.958961486816406,10421600,0.0,0.0
2020-01-28 00:00:00-05:00,51.294279664131196,51.79724083618498,51.166540012901265,51.38209915161133,10241100,0.0,0.0
2020-01-29 00:00:00-05:00,51.429988998460395,52.00480514115148,51.27032055480651,51.334190368652344,7071000,0.0,0.0
2020-01-30 00:00:00-05:00,51.01484177301808,51.17451019909049,50.32027132858705,51.11862564086914,8771800,0.0,0.0
2020-01-31 00:00:00-05:00,50.935016579072425,51.03880351698668,49.97699056831794,50.45600509643555,11416800,0.0,0.0
2020-02-03 00:00:00-05:00,54.08053646231249,54.83099170161392,52.28423869323205,52.97880935668945,35527100,0.0,0.0
2020-02-04 00:00:00-05:00,54.28809340189827,54.296078650514424,53.393934376650805,53.80908203125,15904100,0.0,0.0
2020-02-05 00:00:00-05:00,52.867035003829514,53.130493445872574,51.15057164182959,52.58761215209961,21184500,0.0,0.0
2020-02-06 00:00:00-05:00,53.721272497647576,55.80497813147182,52.73131466989114,54.45575714111328,28805500,0.0,0.0
2020-02-07 00:00:00-05:00,55.8688437033652,56.834851798375105,54.59945703753585,54.982669830322266,27320100,0.0,0.0
2020-02-10 00:00:00-05:00,55.34191907056317,55.40578887551437,53.976733967270555,55.078460693359375,24347800,0.0,0.0
2020-02-11 00:00:00-05:00,55.030577541979426,55.078476864276034,53.888930329871094,54.09650421142578,12858700,0.0,0.0
2020-02-12 00:00:00-05:00,53.88892264853389,54.14439581596999,52.94686420155813,53.449825286865234,13927100,0.0,0.0
2020-02-13 00:00:00-05:00,53.5935227895229,54.10446906209493,53.10652617176518,53.33007049560547,8031000,0.0,0.0
2020-02-14 00:00:00-05:00,53.817080309846226,54.016668936853286,53.521686949129624,53.93682861328125,9109100,0.0,0.0
2020-02-18 00:00:00-05:00,53.936829214252526,54.128438683806536,53.25822909305976,53.497737884521484,9904700,0.0,0.0
2020-02-19 00:00:00-05:00,53.64941447282383,53.92085814234267,53.34604198661885,53.769168853759766,7754000,0.0,0.0
2020-02-20 00:00:00-05:00,53.69731228923818,53.777146501589996,52.77121837126915,53.48973846435547,8697200,0.0,0.0
2020-02-21 00:00:00-05:00,53.63344764098585,55.7091678165583,53.3380543268197,55.64529800415039,22478200,0.0,0.0
2020-02-24 00:00:00-05:00,58.99041968618134,59.493380881028415,57.15420170778873,58.200050354003906,42905000,0.0,0.0
2020-02-25 00:00:00-05:00,58.86268394426508,58.95848259252594,55.10242863501778,55.96465301513672,39199200,0.0,0.0
2020-02-26 00:00:00-05:00,56.93864137682459,60.25181369323504,56.45962990611783,59.63707733154297,35000500,0.0,0.0
2020-02-27 00:00:00-05:00,62.51914005747966,62.97420188693218,57.68909890117863,58.00844192504883,51482500,0.0,0.0
2020-02-28 00:00:00-05:00,56.02052449395025,56.7470298918846,53.19434930267496,55.37385940551758,33786900,0.0,0.0
2020-03-02 00:00:00-05:00,56.14028104626348,60.2039081010147,55.94867769613554,60.1959228515625,31113000,0.0,0.0
2020-03-03 00:00:00-05:00,59.293783260301254,59.7328806511381,57.090329328904986,59.24588394165039,24482000,0.0,0.0
2020-03-04 00:00:00-05:00,59.79674845237365,60.68292236328125,57.95254556404544,60.68292236328125,23741700,0.0,0.0
2020-03-05 00:00:00-05:00,59.876597570519294,61.87248415620327,59.50136991785671,60.77873611450195,22727600,0.0,0.0
2020-03-06 00:00:00-05:00,60.13204613836239,64.1876874783203,59.95640721633083,64.04398345947266,31704700,0.0,0.0
2020-03-09 00:00:00-04:00,62.207771617218704,62.42333071002702,58.35171851303952,58.695011138916016,32839400,0.0,0.0
2020-03-10 00:00:00-04:00,60.28374057408262,60.32365463826451,54.91081294920806,57.752952575683594,27660000,0.0,0.0
2020-03-11 00:00:00-04:00,58.99839677819501,60.17995798740291,58.10423757560859,58.838722229003906,32018600,0.0,0.0
2020-03-12 00:00:00-04:00,56.75978111531602,58.70978908817291,54.69695702264003,55.26101303100586,26364600,0.68,0.0
2020-03-13 00:00:00-04:00,57.96041396505762,58.016818959805654,54.3907677748178,57.00958251953125,30116100,0.0,0.0
2020-03-16 00:00:00-04:00,54.18127331543601,58.66146621097973,51.90089416325481,55.51888656616211,26764600,0.0,0.0
2020-03-17 00:00:00-04:00,56.40523379355074,61.30443271849155,55.59944473935716,60.04739761352539,28823700,0.0,0.0
2020-03-18 00:00:00-04:00,59.31413674913447,64.46312865895376,58.79843221167748,63.99576950073242,34965900,0.0,0.0
2020-03-19 00:00:00-04:00,65.25281840406963,69.2737051778829,63.08524328009852,63.29475021362305,46268200,0.0,0.0
2020-03-20 00:00:00-04:00,64.06022618456865,65.75238187311514,58.153791276006814,59.0321044921875,35110200,0.0,0.0
2020-03-23 00:00:00-04:00,60.67592514192189,60.67592514192189,55.48664107535985,58.50835037231445,19875200,0.0,0.0
2020-03-24 00:00:00-04:00,60.53894815708513,61.103004358129965,58.10546716556479,59.59617614746094,20608100,0.0,0.0
2020-03-25 00:00:00-04:00,59.52365080826678,60.02323618103173,55.87342054422859,56.13127899169922,24138100,0.0,0.0
2020-03-26 00:00:00-04:00,56.32466257057059,59.55587876942615,56.20379296905746,59.515586853027344,18351900,0.0,0.0
2020-03-27 00:00:00-04:00,59.39470786914646,60.74843366734705,57.9442913231559,58.70172882080078,16521600,0.0,0.0
2020-03-30 00:00:00-04:00,60.71620031921155,61.57839430896664,59.53974910920718,61.18355941772461,15929400,0.0,0.0
2020-03-31 00:00:00-04:00,61.19969549049074,61.505899362083696,59.45919378180863,60.24081039428711,12111900,0.0,0.0
2020-04-01 00:00:00-04:00,59.88626063434438,59.94266563953519,58.0168297009974,58.42778396606445,12177600,0.0,0.0
2020-04-02 00:00:00-04:00,57.86370993569663,62.43253853900009,57.51722039695726,62.02964401245117,20482100,0.0,0.0
2020-04-03 00:00:00-04:00,62.37614337125693,64.03606711470688,61.530062273230044,63.02077102661133,19421800,0.0,0.0
2020-04-06 00:00:00-04:00,63.85073616856793,64.1811127001587,61.14328389343508,62.63399887084961,19101100,0.0,0.0
2020-04-07 00:00:00-04:00,62.28750330967879,62.593700971328204,58.41971295820048,60.16827392578125,19917900,0.0,0.0
2020-04-08 00:00:00-04:00,60.21661242282878,60.538923092628345,59.28189426690057,60.42611312866211,12215400,0.0,0.0
2020-04-09 00:00:00-04:00,59.92654549350265,60.111873568272884,58.782320148167955,59.23356628417969,12798600,0.0,0.0
2020-04-13 00:00:00-04:00,61.07883829736495,61.23999371649218,59.40279488862704,60.65982437133789,16255600,0.0,0.0
2020-04-14 00:00:00-04:00,61.223867930916974,62.730689844944955,60.708157171802206,62.65011215209961,14379300,0.0,0.0
2020-04-15 00:00:00-04:00,61.36889446412374,61.715377839537425,60.00710905861213,60.13603210449219,11397400,0.0,0.0
2020-04-16 00:00:00-04:00,60.30526072124283,62.01353603682636,59.991003425348666,61.675106048583984,20935400,0.0,0.0
2020-04-17 00:00:00-04:00,68.62906948337697,69.12866103544744,65.27698937397692,67.67823791503906,94348500,0.0,0.0
2020-04-20 00:00:00-04:00,66.87245135801408,68.637131867794,64.98690737305832,65.47843933105469,31003600,0.0,0.0
2020-04-21 00:00:00-04:00,64.66456831596828,66.2680867310506,63.06104990088596,63.27861022949219,19989400,0.0,0.0
2020-04-22 00:00:00-04:00,64.12468816075643,65.72014688991828,63.504227206774154,65.5186996459961,13970300,0.0,0.0
2020-04-23 00:00:00-04:00,66.211700148328,67.68629592791605,59.95072047997673,62.674285888671875,65439700,0.0,0.0
2020-04-24 00:00:00-04:00,62.12635205396719,64.58401180895125,61.44143239775855,64.17305755615234,24424200,0.0,0.0
2020-04-27 00:00:00-04:00,64.38255310058594,64.78544766798926,63.044940185919,64.38255310058594,14640700,0.0,0.0
2020-04-28 00:00:00-04:00,64.37449750526312,64.51953980448721,62.91602104750359,63.39143371582031,9778200,0.0,0.0
2020-04-29 00:00:00-04:00,67.66212319232541,68.50014473625261,64.50343085976566,66.99331665039062,78230200,0.0,0.0
2020-04-30 00:00:00-04:00,68.87079793110856,69.03195329805021,65.53483142441421,67.68628692626953,39332600,0.0,0.0
2020-05-01 00:00:00-04:00,65.43008043079432,65.59124195903476,62.54535977365306,64.42284393310547,34498100,0.0,0.0
2020-05-04 00:00:00-04:00,65.76849140290742,65.88130135567224,63.81042415465915,64.66455841064453,19203000,0.0,0.0
2020-05-05 00:00:00-04:00,63.923247304197176,64.32614183229974,63.26250052401627,63.770145416259766,14925900,0.0,0.0
2020-05-06 00:00:00-04:00,63.57676294307478,63.947425201401316,62.2552692750643,62.42448425292969,12591900,0.0,0.0
2020-05-07 00:00:00-04:00,62.77097588590917,63.19804315090471,61.89266251741364,62.537296295166016,13491700,0.0,0.0
2020-05-08 00:00:00-04:00,62.65817935244679,63.2061163368977,61.94102734822665,62.44061279296875,10539200,0.0,0.0
2020-05-11 00:00:00-04:00,62.66623361758271,65.20447124182297,62.545370135982715,65.10778045654297,13340500,0.0,0.0
2020-05-12 00:00:00-04:00,64.63236500499326,64.84993157885926,62.77905313185083,62.811279296875,12140800,0.0,0.0
2020-05-13 00:00:00-04:00,63.89906496229037,63.93935072040469,61.96517029003369,62.094093322753906,11166300,0.0,0.0
2020-05-14 00:00:00-04:00,61.68316887450603,62.69845889211141,61.1029996371978,62.23110580444336,10711900,0.0,0.0
2020-05-15 00:00:00-04:00,61.61867782095395,61.924875388070895,60.79676970486318,61.449462890625,12350800,0.0,0.0
2020-05-18 00:00:00-04:00,61.61064975896918,61.642882069014995,59.51559878746767,60.24081039428711,16586800,0.0,0.0
2020-05-19 00:00:00-04:00,59.36248006593436,60.31331142652643,58.258552960520746,58.29077911376953,14152000,0.0,0.0
2020-05-20 00:00:00-04:00,58.669503061698855,59.700912137636465,58.588925380331794,59.539756774902344,13429500,0.0,0.0
2020-05-21 00:00:00-04:00,59.20132551035768,59.57198775456434,58.733966362047276,59.22549819946289,7193500,0.0,0.0
2020-05-22 00:00:00-04:00,58.89512939165023,59.21744629962472,58.58893171030049,59.09657669067383,6268500,0.0,0.0
2020-05-26 00:00:00-04:00,59.61229287135045,59.87014519172097,58.34720396395693,58.96765899658203,12308100,0.0,0.0
2020-05-27 00:00:00-04:00,58.323026182746844,60.418083240012514,58.323026182746844,60.35361862182617,11752300,0.0,0.0
2020-05-28 00:00:00-04:00,60.42612379262248,61.376955190769955,60.361665335896156,60.69203567504883,10511700,0.0,0.0
2020-05-29 00:00:00-04:00,61.054635599676594,62.9482448469233,60.11992346806459,62.71456527709961,24375100,0.0,0.0
2020-06-01 00:00:00-04:00,60.81290299971391,61.9651816328347,59.93458970357431,60.5631103515625,14665300,0.0,0.0
2020-06-02 00:00:00-04:00,59.92653078356021,60.14409111090497,58.790365330531316,59.0321044921875,16897900,0.0,0.0
2020-06-03 00:00:00-04:00,59.93458344457794,60.07157224644555,59.11268137178318,59.95070266723633,12654500,0.0,0.0
2020-06-04 00:00:00-04:00,59.725087437752244,62.99658905942824,59.58004516080843,62.48088455200195,14740900,0.0,0.0
2020-06-05 00:00:00-04:00,61.84431076049805,62.472825247789835,61.40112431551912,61.84431076049805,11047100,0.0,0.0
2020-06-08 00:00:00-04:00,63.899085291280706,63.9071387568567,61.82820731677478,62.0215950012207,17973400,0.0,0.0
2020-06-09 00:00:00-04:00,62.04576653638648,62.95630609187127,61.79597385914807,62.52117919921875,7804300,0.0,0.0
2020-06-10 00:00:00-04:00,62.69041321985632,63.16582598039257,61.9490823535295,62.1021842956543,7790800,0.0,0.0
2020-06-11 00:00:00-04:00,61.73634743861931,61.9558444892873,59.1429962044703,59.21615982055664,12098200,0.68,0.0
2020-06-12 00:00:00-04:00,59.61450479464898,59.9315594776377,58.46010024620762,59.50881576538086,8375600,0.0,0.0
2020-06-15 00:00:00-04:00,59.55760146132711,60.54128479657443,58.86658495998573,60.134803771972656,6411800,0.0,0.0
2020-06-16 00:00:00-04:00,60.63884826376516,61.5087237827355,59.91531239309345,60.66324234008789,9619700,0.0,0.0
2020-06-17 00:00:00-04:00,60.59005498736461,60.81768334791552,59.87465068243209,59.96407699584961,7534100,0.0,0.0
2020-06-18 00:00:00-04:00,59.66329241083017,60.30553326135372,59.354369022977046,60.19171905517578,5516100,0.0,0.0
2020-06-19 00:00:00-04:00,60.58192942713901,63.411040099080694,60.24048685364501,62.98017120361328,19322700,0.0,0.0
2020-06-22 00:00:00-04:00,62.17535698725471,62.39485407055985,61.004689336534284,61.51685333251953,8943000,0.0,0.0
2020-06-23 00:00:00-04:00,61.516826914808114,61.842012922850735,60.81767916835901,61.012794494628906,7117100,0.0,0.0
2020-06-24 00:00:00-04:00,60.89084545463616,61.825752847938325,60.75264342497073,61.72819519042969,7982000,0.0,0.0
2020-06-25 00:00:00-04:00,61.6225210908144,61.68755333593951,60.42746597763126,61.37049865722656,7172900,0.0,0.0
2020-06-26 00:00:00-04:00,61.05345038785744,61.272953620722134,59.93969631837318,60.622581481933594,10389200,0.0,0.0
2020-06-29 00:00:00-04:00,62.2159730340075,62.24036089855157,60.272994594840355,60.614437103271484,8775300,0.0,0.0
2020-06-30 00:00:00-04:00,60.43560225969806,62.72816143929884,60.086034495260954,62.54930877685547,9402600,0.0,0.0
2020-07-01 00:00:00-04:00,62.679377982969044,62.78506702772527,61.703825923489724,61.83389663696289,7786900,0.0,0.0
2020-07-02 00:00:00-04:00,62.03713714311195,62.671246601778165,61.50058537132082,62.06965637207031,6381000,0.0,0.0
2020-07-06 00:00:00-04:00,63.01269475632529,63.13464031306231,61.842027335503715,62.40297317504883,7056600,0.0,0.0
2020-07-07 00:00:00-04:00,62.18345585369516,62.56554895050539,62.03712245922331,62.126548767089844,5055700,0.0,0.0
2020-07-08 00:00:00-04:00,62.35418904438475,62.59808014930647,60.91524889209028,61.46806335449219,6293500,0.0,0.0
2020-07-09 00:00:00-04:00,61.06158670002918,61.65504558760152,60.11854764250478,60.73640060424805,5199800,0.0,0.0
2020-07-10 00:00:00-04:00,61.86640113810626,62.4761225807336,61.39488173389671,62.04525375366211,9553800,0.0,0.0
2020-07-13 00:00:00-04:00,62.20786709683378,63.6874581070114,61.74447887393226,62.33794403076172,9626600,0.0,0.0
2020-07-14 00:00:00-04:00,61.95583507616695,62.88261128690673,61.32985704703528,62.752540588378906,6904200,0.0,0.0
2020-07-15 00:00:00-04:00,62.58993786470028,62.83382892704279,61.980216411251384,62.313533782958984,6018800,0.0,0.0
2020-07-16 00:00:00-04:00,62.2728968782314,62.39484243617798,61.48432263290668,62.305416107177734,4862200,0.0,0.0
2020-07-17 00:00:00-04:00,62.21598971020692,63.12650951248348,61.955842081329145,63.0126953125,6940100,0.0,0.0
2020-07-20 00:00:00-04:00,63.207795271143475,64.17522203241123,62.825702140141665,63.47607421875,6974400,0.0,0.0
2020-07-21 00:00:00-04:00,62.882615738270076,63.40291097402829,62.272894177390135,62.419227600097656,5636600,0.0,0.0
2020-07-22 00:00:00-04:00,62.492396257825376,62.80131961009542,61.752597800472785,61.98835754394531,4734800,0.0,0.0
2020-07-23 00:00:00-04:00,62.13470091349753,62.435499159006504,61.272962970160116,61.42742156982422,5854400,0.0,0.0
2020-07-24 00:00:00-04:00,61.354245754843205,61.50057916919423,59.44378621366621,59.86652374267578,8149000,0.0,0.0
2020-07-27 00:00:00-04:00,60.069759967536186,60.63883087031395,59.6063718888721,60.59818649291992,7678500,0.0,0.0
2020-07-28 00:00:00-04:00,60.70388127133995,61.00467949484823,59.84214339103093,59.939701080322266,5484400,0.0,0.0
2020-07-29 00:00:00-04:00,60.037243791085665,60.037243791085665,58.96413417538146,59.3543586730957,8345200,0.0,0.0
2020-07-30 00:00:00-04:00,58.980396825612665,59.021041205025675,58.297505505949694,58.801544189453125,9274100,0.0,0.0
2020-07-31 00:00:00-04:00,56.6878570871749,57.58211426909265,55.70416736441505,56.52526092529297,20551100,0.0,0.0
2020-08-03 00:00:00-04:00,56.67972596830765,58.65522437606397,56.59029962949655,58.31378173828125,9671800,0.0,0.0
2020-08-04 00:00:00-04:00,58.54951396470902,58.78527366263843,57.289426727039995,57.622737884521484,9799700,0.0,0.0
2020-08-05 00:00:00-04:00,57.42764835882311,57.56585044195147,56.078134354470514,56.094390869140625,12271400,0.0,0.0
2020-08-06 00:00:00-04:00,56.11063215722155,56.60653945261195,55.78545233278841,55.939910888671875,8318000,0.0,0.0
2020-08-07 00:00:00-04:00,56.38705286662418,56.68785108243624,55.939921221823646,56.37892150878906,8069000,0.0,0.0
2020-08-10 00:00:00-04:00,56.21632870943041,56.297623676423704,55.24890185570745,55.6960334777832,10278000,0.0,0.0
2020-08-11 00:00:00-04:00,55.64724066078825,56.240705588437315,55.21637183775882,55.36270523071289,10236900,0.0,0.0
2020-08-12 00:00:00-04:00,55.84235511005149,56.183797620784,55.59033270244761,55.96429443359375,9116600,0.0,0.0
2020-08-13 00:00:00-04:00,56.06999421959122,56.24884686501389,55.273288672456154,55.42775344848633,7468100,0.0,0.0
2020-08-14 00:00:00-04:00,55.35457933298482,55.948044319151066,55.281415730497265,55.687896728515625,9169200,0.0,0.0
2020-08-17 00:00:00-04:00,55.541571438035106,56.37892142393888,55.53344008021223,56.216331481933594,6848800,0.0,0.0
2020-08-18 00:00:00-04:00,56.281366223212,56.704103765955885,56.07812570792183,56.143157958984375,6327500,0.0,0.0
2020-08-19 00:00:00-04:00,53.80995403106237,54.85054434581198,53.2490082947896,53.411598205566406,19680300,0.0,0.0
2020-08-20 00:00:00-04:00,53.52541662104249,53.78557042273303,53.289663092474456,53.696144104003906,8339300,0.0,0.0
2020-08-21 00:00:00-04:00,53.4766361598062,54.362767911903454,53.17584420739029,54.06196975708008,9898000,0.0,0.0
2020-08-24 00:00:00-04:00,53.94816366639998,54.43593966977189,53.289666371968316,53.72053527832031,8566200,0.0,0.0
2020-08-25 00:00:00-04:00,53.582329916968305,53.85060267074765,53.419733790911714,53.696144104003906,7456600,0.0,0.0
2020-08-26 00:00:00-04:00,53.5579430408798,53.5579430408798,52.97261551567102,53.33031463623047,7522600,0.0,0.0
2020-08-27 00:00:00-04:00,53.32217824627064,53.53355011738756,53.10268122033217,53.28966522216797,7919600,0.0,0.0
2020-08-28 00:00:00-04:00,53.02138244818731,53.45225131430521,52.826273305539324,53.05390167236328,6821000,0.0,0.0
2020-08-31 00:00:00-04:00,53.216483815874,54.379019550084436,53.183964596449115,54.26520538330078,9083900,0.0,0.0
2020-09-01 00:00:00-04:00,53.92377688212986,54.03759107846088,52.76937220368176,53.517295837402344,8348000,0.0,0.0
2020-09-02 00:00:00-04:00,53.10268562315388,54.435943008603104,53.10268562315388,54.2977409362793,8334700,0.0,0.0
2020-09-03 00:00:00-04:00,54.31399737348498,54.818036121875544,53.23276246530576,53.58233642578125,10457400,0.0,0.0
2020-09-04 00:00:00-04:00,53.42787167941115,54.419686461178344,53.31405747846168,53.663631439208984,8762200,0.0,0.0
2020-09-08 00:00:00-04:00,52.940096274017385,53.14333680703778,51.98892896685568,52.14339065551758,10729400,0.0,0.0
2020-09-09 00:00:00-04:00,52.25720315097532,52.90757531636144,51.71252002884942,52.44418716430664,9309700,0.0,0.0
2020-09-10 00:00:00-04:00,52.590517031110195,52.87505250830082,51.66373768853765,51.84259033203125,8420600,0.0,0.0
2020-09-11 00:00:00-04:00,52.330369248266045,53.582331546131456,52.20842370061787,53.31405258178711,10213000,0.0,0.0
2020-09-14 00:00:00-04:00,52.93617181469117,55.79491862983762,52.82937540636439,54.496978759765625,18854200,0.68,0.0
2020-09-15 00:00:00-04:00,55.0720197227737,55.14594991411625,54.151959870342516,54.38197326660156,8327700,0.0,0.0
2020-09-16 00:00:00-04:00,54.48055059041443,54.66949373850018,53.89730057203756,53.93016052246094,7563600,0.0,0.0
2020-09-17 00:00:00-04:00,53.24833908210518,53.839805748566626,52.903318949134565,53.4290657043457,8498300,0.0,0.0
2020-09-18 00:00:00-04:00,53.35512573019794,53.53585234055893,52.615798713114316,53.437278747558594,14256900,0.0,0.0
2020-09-21 00:00:00-04:00,53.240113430465925,53.37155323051053,52.131116754016695,52.74722671508789,8575200,0.0,0.0
2020-09-22 00:00:00-04:00,52.64044338810582,53.051183415290055,51.99147339306729,52.08183670043945,7228200,0.0,0.0
2020-09-23 00:00:00-04:00,52.17219140819677,52.64043787313197,51.75323800318829,51.827171325683594,8520200,0.0,0.0
2020-09-24 00:00:00-04:00,51.50679352710067,51.62180021878806,50.64424020574796,51.13712692260742,9004600,0.0,0.0
2020-09-25 00:00:00-04:00,51.0139036765439,51.35071033092723,50.74281692238039,51.13712692260742,7142800,0.0,0.0
2020-09-28 00:00:00-04:00,51.703949651651314,52.09004625129656,51.35892955863023,51.6300163269043,7474700,0.0,0.0
2020-09-29 00:00:00-04:00,51.72037397527854,51.777877317831106,50.89068065152206,51.01390075683594,8657900,0.0,0.0
2020-09-30 00:00:00-04:00,51.219273731868086,52.10647358382427,51.022120298342706,51.90931701660156,10072600,0.0,0.0
2020-10-01 00:00:00-04:00,52.024322205510174,52.336482303053884,51.51500242461814,52.01610565185547,8356500,0.0,0.0
2020-10-02 00:00:00-04:00,51.99967666102976,52.44327655585633,51.054976663192186,51.07140350341797,7796600,0.0,0.0
2020-10-05 00:00:00-04:00,52.33648374338718,52.64864384952173,51.835380502359165,52.24612045288086,10193900,0.0,0.0
2020-10-06 00:00:00-04:00,52.40220084577067,52.40220084577067,51.21926784577125,51.35892105102539,8398100,0.0,0.0
2020-10-07 00:00:00-04:00,51.53143617435304,51.89288621922018,51.1699861294859,51.62179946899414,6351400,0.0,0.0
2020-10-08 00:00:00-04:00,52.024322205510174,52.615788720766965,51.76966231506415,52.01610565185547,6434900,0.0,0.0
2020-10-09 00:00:00-04:00,53.07582305415187,53.14154295802054,52.34470635894919,52.44328308105469,9364500,0.0,0.0
2020-10-12 00:00:00-04:00,52.63221810114706,53.38797812161257,52.20504816769809,53.02653121948242,7750200,0.0,0.0
2020-10-13 00:00:00-04:00,53.02653457614703,53.387981501157356,52.57471808564064,52.97724151611328,6450200,0.0,0.0
2020-10-14 00:00:00-04:00,52.911532265319416,53.05939265548616,52.114692491837104,52.61579895019531,7138900,0.0,0.0
2020-10-15 00:00:00-04:00,52.14755268829852,52.2050560405407,51.465725882985076,51.72038269042969,9630700,0.0,0.0
2020-10-16 00:00:00-04:00,51.260359805488996,51.63823990170157,50.79211639633474,50.931766510009766,12307200,0.0,0.0
2020-10-19 00:00:00-04:00,50.93175854836692,51.01390529254661,49.46130863818959,49.757041931152344,9643600,0.0,0.0
2020-10-20 00:00:00-04:00,49.77347961566403,50.02813957597878,49.17379951592084,49.74061965942383,9208000,0.0,0.0
2020-10-21 00:00:00-04:00,49.48595405529222,49.699537465573634,49.206650744187385,49.461307525634766,7493700,0.0,0.0
2020-10-22 00:00:00-04:00,49.22307765265077,50.02813077034598,49.00128082131341,49.83918762207031,17061800,0.0,0.0
2020-10-23 00:00:00-04:00,52.065404206833264,52.27898763181895,49.9131243121516,49.93777084350586,30965400,0.0,0.0
2020-10-26 00:00:00-04:00,49.58452889321161,49.85561563958866,48.795908915409164,49.25593566894531,10256300,0.0,0.0
2020-10-27 00:00:00-04:00,49.13271883969915,49.46130895220142,48.82876899017031,49.29701232910156,7699900,0.0,0.0
2020-10-28 00:00:00-04:00,48.72198569965603,48.935569146129865,47.69513557801709,48.23731231689453,12150800,0.0,0.0
2020-10-29 00:00:00-04:00,47.481538753867895,48.37695199210267,46.85721539343408,48.08121871948242,12529400,0.0,0.0
2020-10-30 00:00:00-04:00,47.473324957262534,48.122294841069674,46.97222170859365,47.76905822753906,11869100,0.0,0.0
2020-11-02 00:00:00-05:00,48.286588699502346,48.59053852619383,47.506185282384386,48.08121871948242,9352600,0.0,0.0
2020-11-03 00:00:00-05:00,48.3194506819111,48.787694005366724,47.97443060513215,48.327667236328125,6599700,0.0,0.0
2020-11-04 00:00:00-05:00,48.7876930269588,50.2663562889385,48.77126305215158,49.182003021240234,12935200,0.0,0.0
2020-11-05 00:00:00-05:00,49.5681018679218,49.67489514221711,48.63161519684844,48.9848518371582,7519800,0.0,0.0
2020-11-06 00:00:00-05:00,48.81234664962646,48.878066562625165,48.23731307937745,48.52482986450195,7209800,0.0,0.0
2020-11-09 00:00:00-05:00,48.79591604535067,49.592749560027414,48.45910935142809,48.50839614868164,10807100,0.0,0.0
2020-11-10 00:00:00-05:00,48.007288195895384,50.479944654142365,47.793704783068456,49.79811477661133,10524400,0.0,0.0
2020-11-11 00:00:00-05:00,50.05277098916152,50.208851043376,48.9273443938953,49.370941162109375,7336400,0.0,0.0
2020-11-12 00:00:00-05:00,49.20665642475028,49.28058975486304,48.40160321521239,49.27237319946289,9226200,0.0,0.0
2020-11-13 00:00:00-05:00,49.25593857036472,50.09384852127334,49.09985850317781,49.77347183227539,6740800,0.0,0.0
2020-11-16 00:00:00-05:00,49.50238937418193,50.356729429009704,49.494175952021116,50.18421936035156,6969300,0.0,0.0
2020-11-17 00:00:00-05:00,49.9459829106867,50.15135290878467,49.5927462632624,50.085636138916016,5488400,0.0,0.0
2020-11-18 00:00:00-05:00,50.14313626779494,50.63602297810083,49.74882627281077,50.02812957763672,8884200,0.0,0.0
2020-11-19 00:00:00-05:00,49.69953455409097,50.077414560596736,49.20664786157885,49.80632781982422,7525100,0.0,0.0
2020-11-20 00:00:00-05:00,48.96020907462171,49.50238577505478,48.8616323473696,49.37916564941406,9440800,0.0,0.0
2020-11-23 00:00:00-05:00,49.34630721403431,49.52703383097176,48.77127054225879,49.19844055175781,8684000,0.0,0.0
2020-11-24 00:00:00-05:00,48.98485063281344,50.0938473194613,48.9519906825001,49.49416732788086,7827300,0.0,0.0
2020-11-25 00:00:00-05:00,49.43665831431183,49.65024169946887,48.85340836475125,48.8780517578125,8336100,0.0,0.0
2020-11-27 00:00:00-05:00,48.993073119026185,49.338096393763315,48.69733977887948,49.31344985961914,5040700,0.0,0.0
2020-11-30 00:00:00-05:00,49.0916409845225,49.937767473439536,48.99306426685063,49.83918762207031,16315700,0.0,0.0
2020-12-01 00:00:00-05:00,49.96241131208122,50.91532794787804,49.945981336707455,50.20885467529297,9620100,0.0,0.0
2020-12-02 00:00:00-05:00,50.16777779583106,50.82496109634267,50.07741450444249,50.21706771850586,6470300,0.0,0.0
2020-12-03 00:00:00-05:00,50.151357489464424,50.545667545783964,49.74061745575268,49.995277404785156,7368900,0.0,0.0
2020-12-04 00:00:00-05:00,49.96240835257417,50.66066502926266,49.86383163986811,50.57030487060547,7232300,0.0,0.0
2020-12-07 00:00:00-05:00,50.66067471501682,50.68532124817837,49.62561119946763,49.97063446044922,7405100,0.0,0.0
2020-12-08 00:00:00-05:00,49.748823602080385,50.31564360187256,49.72417707430012,50.24992370605469,6185000,0.0,0.0
2020-12-09 00:00:00-05:00,50.249934373535986,50.438877547274274,49.67490083154214,49.96241760253906,7231600,0.0,0.0
2020-12-10 00:00:00-05:00,49.830972558075466,50.028129120615105,49.39558919682604,49.65846252441406,7239500,0.0,0.0
2020-12-11 00:00:00-05:00,49.469527260187775,49.95420059197654,49.362733981333285,49.913124084472656,7845100,0.0,0.0
2020-12-14 00:00:00-05:00,50.17066073729879,50.19558305214972,49.638963559377736,49.7137336730957,12233000,0.68,0.0
2020-12-15 00:00:00-05:00,49.697118313008446,49.90481272360081,49.24019124353828,49.37311553955078,8073900,0.0,0.0
2020-12-16 00:00:00-05:00,49.273423950265524,49.40634824854526,48.75833952141196,48.966033935546875,8786400,0.0,0.0
2020-12-17 00:00:00-05:00,48.95773489164332,49.24850584734948,48.69188625523605,49.07404327392578,9469000,0.0,0.0
2020-12-18 00:00:00-05:00,49.16542437192366,49.16542437192366,48.625417601098434,49.08234786987305,22195800,0.0,0.0
2020-12-21 00:00:00-05:00,48.55895790648751,48.691882213658005,47.93587462240725,48.63372802734375,12141900,0.0,0.0
2020-12-22 00:00:00-05:00,48.36787794771596,48.4509544487437,47.19648153589872,47.35432815551758,14964000,0.0,0.0
2020-12-23 00:00:00-05:00,47.27124817703336,47.86940591259411,47.27124817703336,47.670021057128906,8495900,0.0,0.0
2020-12-24 00:00:00-05:00,47.62849102473275,47.694951598296036,47.321100968359815,47.4124870300293,3441300,0.0,0.0
2020-12-28 00:00:00-05:00,47.38755354208992,47.886018818408765,47.10508904039859,47.262935638427734,8215000,0.0,0.0
2020-12-29 00:00:00-05:00,47.321087787361456,47.910939078535996,47.11339340293396,47.21308898925781,7626000,0.0,0.0
2020-12-30 00:00:00-05:00,47.354323752169805,47.55371177292736,46.98878274480686,47.06355285644531,8848800,0.0,0.0
2020-12-31 00:00:00-05:00,47.02200580399471,48.48417599650296,46.98877711215588,48.40109634399414,10870500,0.0,0.0
2021-01-04 00:00:00-05:00,48.7417236465877,49.97958375075286,48.12694995474171,49.938045501708984,15520000,0.0,0.0
2021-01-05 00:00:00-05:00,50.037735270080645,50.2205073591443,49.530960418887844,49.846656799316406,13251100,0.0,0.0
2021-01-06 00:00:00-05:00,49.597421461316245,51.57467296123535,49.597421461316245,51.466670989990234,12222500,0.0,0.0
2021-01-07 00:00:00-05:00,51.42513106164116,52.538373093479265,51.109434708657716,51.94021224975586,10614700,0.0,0.0
2021-01-08 00:00:00-05:00,52.01498826360693,52.67960973814688,51.93190859856121,52.372222900390625,8389800,0.0,0.0
2021-01-11 00:00:00-05:00,52.962073297478476,53.319307927763305,51.73252279965644,51.931907653808594,11316700,0.0,0.0
2021-01-12 00:00:00-05:00,52.05652588850939,52.16452786719363,51.06790165503638,51.574676513671875,9115100,0.0,0.0
2021-01-13 00:00:00-05:00,51.358673395959215,51.63283153806327,51.042977005732936,51.12605667114258,6822600,0.0,0.0
2021-01-14 00:00:00-05:00,51.20913756088478,52.44699774378687,51.05959731948276,51.84053039550781,8694800,0.0,0.0
2021-01-15 00:00:00-05:00,51.75745214475784,52.83746256408955,51.616221451312676,52.613155364990234,9361900,0.0,0.0
2021-01-19 00:00:00-05:00,53.776236462649045,56.62580386435278,53.66823131886938,55.720252990722656,18395900,0.0,0.0
2021-01-20 00:00:00-05:00,55.662093948495134,56.567638404662056,55.412858156677544,56.484561920166016,10131300,0.0,0.0
2021-01-21 00:00:00-05:00,56.27688675148074,56.27688675148074,55.31318779334753,55.64550018310547,8141800,0.0,0.0
2021-01-22 00:00:00-05:00,55.2716332348266,56.05256621445286,55.03070696795616,55.61225509643555,4914400,0.0,0.0
2021-01-25 00:00:00-05:00,55.421181031542275,56.7088890349877,55.16364196618559,56.62581253051758,8443900,0.0,0.0
2021-01-26 00:00:00-05:00,56.26026527944277,56.80857525012489,55.29656013208599,55.41286849975586,7125200,0.0,0.0
2021-01-27 00:00:00-05:00,54.62362968309701,55.59563799808363,54.06701018699326,54.399322509765625,9908200,0.0,0.0
2021-01-28 00:00:00-05:00,54.208242261466715,55.03071036932194,53.169770187492254,53.73469924926758,8086400,0.0,0.0
2021-01-29 00:00:00-05:00,53.3359332279551,55.02241751787765,53.20301207338719,54.4990234375,11724100,0.0,0.0
2021-02-01 00:00:00-05:00,54.85624155233467,55.055626393018834,54.05038630089351,54.0836181640625,6270200,0.0,0.0
2021-02-02 00:00:00-05:00,54.07531534338864,54.80640374743125,53.34423327767663,54.10854721069336,7749300,0.0,0.0
2021-02-03 00:00:00-05:00,54.175010927084685,54.57378699627661,53.59346909527417,53.60177230834961,6421700,0.0,0.0
2021-02-04 00:00:00-05:00,53.909160978109966,54.82301512165815,53.53531357249085,54.690093994140625,7400400,0.0,0.0
2021-02-05 00:00:00-05:00,55.869794186325514,57.62273544778816,55.421173517017856,56.87503433227539,15068200,0.0,0.0
2021-02-08 00:00:00-05:00,56.908267672874196,57.12427163147453,55.91964026459799,56.46795654296875,9599200,0.0,0.0
2021-02-09 00:00:00-05:00,56.30180282176593,56.35995700814333,55.537488846996915,55.91134262084961,6620400,0.0,0.0
2021-02-10 00:00:00-05:00,55.87811951843223,56.75874200411667,55.745192021096955,55.90304183959961,7667900,0.0,0.0
2021-02-11 00:00:00-05:00,55.828262662063835,55.828262662063835,54.872873313428165,55.595645904541016,6029100,0.0,0.0
2021-02-12 00:00:00-05:00,55.47933461718149,55.88641392150459,55.13040949919026,55.57072067260742,3977700,0.0,0.0
2021-02-16 00:00:00-05:00,55.17194502874427,55.32978846717247,53.60176948878907,53.83439254760742,9757000,0.0,0.0
2021-02-17 00:00:00-05:00,53.44392222846631,54.11685002723149,53.036839827558374,54.0836181640625,7725400,0.0,0.0
2021-02-18 00:00:00-05:00,53.884237498060514,54.38270280755443,53.443926369035374,54.191627502441406,6144600,0.0,0.0
2021-02-19 00:00:00-05:00,54.06702051171825,54.183328896149455,53.39408618655873,53.477169036865234,6054600,0.0,0.0
2021-02-22 00:00:00-05:00,53.111621556382964,53.56024229983174,52.77930919031003,53.26116180419922,6597700,0.0,0.0
2021-02-23 00:00:00-05:00,53.04514989450471,53.302695267377,52.1562180925403,52.9039192199707,8714600,0.0,0.0
2021-02-24 00:00:00-05:00,52.80422970324062,53.36085238860067,52.18114645242634,52.9288444519043,6533100,0.0,0.0
2021-02-25 00:00:00-05:00,52.97869346041845,53.1448496315892,51.93191180045847,52.16453170776367,7685300,0.0,0.0
2021-02-26 00:00:00-05:00,52.15622127262024,52.16453082407897,51.001440814752215,51.00975036621094,10396300,0.0,0.0
2021-03-01 00:00:00-05:00,51.308820675161066,52.031599433652566,51.2174378057237,51.89036560058594,7328800,0.0,0.0
2021-03-02 00:00:00-05:00,51.92360246676095,52.82915022054787,51.79898455317465,52.34729766845703,6844200,0.0,0.0
2021-03-03 00:00:00-05:00,52.16452993212158,52.60484107694564,51.649445502108804,52.13129806518555,7081300,0.0,0.0
2021-03-04 00:00:00-05:00,52.17283660987168,53.618391138126796,51.94852626053044,52.53007125854492,15847200,0.0,0.0
2021-03-05 00:00:00-05:00,52.68791189969865,53.792847587561226,52.58821947879444,53.68484878540039,9761400,0.0,0.0
2021-03-08 00:00:00-05:00,53.593469442360096,55.37964270638957,53.13653918702792,53.79285430908203,10646900,0.0,0.0
2021-03-09 00:00:00-05:00,54.42424176110789,55.37963725842329,53.39407298467094,53.44392395019531,8973300,0.0,0.0
2021-03-10 00:00:00-05:00,53.73469655176076,53.83439214765654,52.83745520368944,53.09499740600586,7595500,0.0,0.0
2021-03-11 00:00:00-05:00,52.762686224549874,53.2030005263002,52.34729740689137,52.413761138916016,9940600,0.0,0.0
2021-03-12 00:00:00-05:00,52.506179171102445,52.59020121715799,51.66594588960463,51.724761962890625,11561100,0.71,0.0
2021-03-15 00:00:00-04:00,52.388549772248744,53.07754088494874,51.985238135929436,52.9935188293457,8780200,0.0,0.0
2021-03-16 00:00:00-04:00,53.13635659799982,53.942976611176505,53.060735470946426,53.7833366394043,7375800,0.0,0.0
2021-03-17 00:00:00-04:00,53.749731852646505,54.31268669453136,53.312810098156916,54.12783432006836,7853700,0.0,0.0
2021-03-18 00:00:00-04:00,53.4556494607749,54.598370633850514,53.4556494607749,53.842159271240234,7442600,0.0,0.0
2021-03-19 00:00:00-04:00,53.99340530031135,54.321095845162574,53.43044720114829,54.16144943237305,15230300,0.0,0.0
2021-03-22 00:00:00-04:00,53.81696281740657,55.16973938032531,53.657316387474104,55.06050491333008,6769200,0.0,0.0
2021-03-23 00:00:00-04:00,54.90085379269277,55.00168412042576,54.0102083343731,54.19506072998047,6572100,0.0,0.0
2021-03-24 00:00:00-04:00,54.077431077343114,54.66559199039365,53.77494649049622,54.069026947021484,7472800,0.0,0.0
2021-03-25 00:00:00-04:00,54.430318663115756,54.51434072107813,53.3884310413437,53.766536712646484,7391000,0.0,0.0
2021-03-26 00:00:00-04:00,53.80014046603492,54.85883628376187,53.69091243811956,54.81682205200195,6017100,0.0,0.0
2021-03-29 00:00:00-04:00,54.61517146369105,55.82510962131468,54.514341147065025,55.61505126953125,7902600,0.0,0.0
2021-03-30 00:00:00-04:00,55.86712293902888,55.86712293902888,54.72440488012116,55.03529357910156,5608100,0.0,0.0
2021-03-31 00:00:00-04:00,54.900848095708014,54.900848095708014,54.16144500047821,54.304283142089844,8817200,0.0,0.0
2021-04-01 00:00:00-04:00,55.2453444934468,56.16119579661582,54.9764700694413,55.82510757446289,10514200,0.0,0.0
2021-04-05 00:00:00-04:00,55.62344907345144,55.89232350772809,55.06049422832097,55.74108123779297,6071200,0.0,0.0
2021-04-06 00:00:00-04:00,55.455409860199964,55.88393073132479,55.26215333856399,55.64866638183594,5708300,0.0,0.0
2021-04-07 00:00:00-04:00,55.52263484270558,55.73269323141696,54.80003347270057,55.119319915771484,5188700,0.0,0.0
2021-04-08 00:00:00-04:00,55.53942688407806,55.6654631771396,54.47233327849762,54.63197326660156,6778500,0.0,0.0
2021-04-09 00:00:00-04:00,54.46393117370999,54.82523180832936,53.97659424134479,54.70759963989258,5848300,0.0,0.0
2021-04-12 00:00:00-04:00,54.66558270642688,54.707596940426484,54.06901776437055,54.32949447631836,4909100,0.0,0.0
2021-04-13 00:00:00-04:00,54.153038488514845,54.80002177753477,53.90097232213995,54.522743225097656,6143400,0.0,0.0
2021-04-14 00:00:00-04:00,54.589966154203395,55.59824369089542,54.472333988605065,54.867244720458984,5654100,0.0,0.0
2021-04-15 00:00:00-04:00,54.36310405071785,55.77469656545274,54.36310405071785,55.26215362548828,5635000,0.0,0.0
2021-04-16 00:00:00-04:00,55.47220172177432,56.37125113000781,55.337767722187415,56.186405181884766,7715600,0.0,0.0
2021-04-19 00:00:00-04:00,56.04356617405612,56.29563876255495,55.110906571271535,55.41339111328125,7204100,0.0,0.0
2021-04-20 00:00:00-04:00,55.28736580142478,55.96795287199084,54.875646778798604,55.774696350097656,4989400,0.0,0.0
2021-04-21 00:00:00-04:00,55.90913566400957,56.22002435457289,55.77469523226133,56.11919403076172,5581000,0.0,0.0
2021-04-22 00:00:00-04:00,55.85872302104573,55.88392899907068,55.06049739091119,55.152923583984375,6488700,0.0,0.0
2021-04-23 00:00:00-04:00,55.03528787039351,55.20333198672495,54.51434085301066,55.01848602294922,5463300,0.0,0.0
2021-04-26 00:00:00-04:00,54.993273135853926,55.35457375210502,54.648780777366355,55.25374984741211,6868400,0.0,0.0
2021-04-27 00:00:00-04:00,55.404998376453406,55.45541033449711,54.295890426182375,54.33789825439453,7278300,0.0,0.0
2021-04-28 00:00:00-04:00,54.3547040538896,54.36310177286826,53.65730875031039,54.14464569091797,7861300,0.0,0.0
2021-04-29 00:00:00-04:00,54.30429263501303,54.30429263501303,53.211992854101936,53.64051055908203,9238800,0.0,0.0
2021-04-30 00:00:00-04:00,52.48098274586622,53.85896514953179,52.052465078477105,53.329620361328125,12993900,0.0,0.0
2021-05-03 00:00:00-04:00,53.707718225722154,55.37138320423334,53.58168513690144,55.28736114501953,9500200,0.0,0.0
2021-05-04 00:00:00-04:00,55.278959884581674,55.984752911170496,54.92606337128726,55.152923583984375,9933300,0.0,0.0
2021-05-05 00:00:00-04:00,55.23693929974316,56.29563512843387,55.05208693483998,55.8839225769043,6911200,0.0,0.0
2021-05-06 00:00:00-04:00,55.48900961873496,56.026758434541485,54.73279834323468,55.90912628173828,7478800,0.0,0.0
2021-05-07 00:00:00-04:00,55.850310205336676,56.749359607744914,55.707472078428715,55.90912628173828,5849300,0.0,0.0
2021-05-10 00:00:00-04:00,56.2620343411066,57.471972631390464,56.10238792489613,56.69895935058594,8646700,0.0,0.0
2021-05-11 00:00:00-04:00,56.35446295519065,57.20310062076165,56.11079446070103,56.480499267578125,6412000,0.0,0.0
2021-05-12 00:00:00-04:00,56.08559089521928,57.093868616786665,56.051980783103915,56.67375183105469,8286300,0.0,0.0
2021-05-13 00:00:00-04:00,56.925819683792554,57.959309710468,56.665349349874866,57.90049362182617,7186800,0.0,0.0
2021-05-14 00:00:00-04:00,57.900484800991386,58.12734499105667,57.46355985723854,57.58119201660156,7079200,0.0,0.0
2021-05-17 00:00:00-04:00,57.539192682073846,58.522264334826644,57.513980292372395,58.03492736816406,6214100,0.0,0.0
2021-05-18 00:00:00-04:00,58.32060219228271,58.7071087792142,57.80805931580418,57.850067138671875,5885200,0.0,0.0
2021-05-19 00:00:00-04:00,57.31231605622027,57.614800575174,56.75776537845292,57.55598449707031,6174100,0.0,0.0
2021-05-20 00:00:00-04:00,57.69043066747027,58.79953854416214,57.446762202302885,58.27018737792969,6540900,0.0,0.0
2021-05-21 00:00:00-04:00,58.623083711152645,58.90876641138627,57.73243832487063,57.766048431396484,6478700,0.0,0.0
2021-05-24 00:00:00-04:00,58.06012484108589,58.17775700056717,56.61492241263368,56.65693664550781,7005100,0.0,0.0
2021-05-25 00:00:00-04:00,56.54771595193846,56.631738018116934,55.455409860199964,55.64866638183594,9357400,0.0,0.0
2021-05-26 00:00:00-04:00,55.615051004813154,55.791499250214706,55.07730213964494,55.74948501586914,5932600,0.0,0.0
2021-05-27 00:00:00-04:00,55.93434237342985,56.40487106975344,55.29576313522447,55.37138748168945,8047700,0.0,0.0
2021-05-28 00:00:00-04:00,55.497420534638444,56.03516941621531,55.287362177445225,55.54783248901367,5937700,0.0,0.0
2021-06-01 00:00:00-04:00,55.82510446943215,55.91753064852498,54.7159967307898,54.88404083251953,6573100,0.0,0.0
2021-06-02 00:00:00-04:00,55.110905149663154,55.74948432304149,55.06889732631176,55.48060989379883,6572700,0.0,0.0
2021-06-03 00:00:00-04:00,55.42178634746481,55.95953513351586,55.27894822846057,55.85871124267578,6755400,0.0,0.0
2021-06-04 00:00:00-04:00,56.11918779917284,56.774568804989094,55.90912945574599,56.65693664550781,6342900,0.0,0.0
2021-06-07 00:00:00-04:00,56.808183086222904,57.10226350654944,56.3880663684786,56.648536682128906,7863300,0.0,0.0
2021-06-08 00:00:00-04:00,56.66534315850719,56.808181299534446,56.28723427814589,56.724159240722656,5489200,0.0,0.0
2021-06-09 00:00:00-04:00,56.77457227189349,58.13575272818899,56.73255803645379,57.68202590942383,8434200,0.0,0.0
2021-06-10 00:00:00-04:00,57.96771115232269,58.57268033747115,57.53079252442286,58.219783782958984,8678400,0.0,0.0
2021-06-11 00:00:00-04:00,58.093740860548685,58.18616705390533,57.68202826044254,57.78285217285156,6928000,0.0,0.0
2021-06-14 00:00:00-04:00,57.74040887739033,58.01208822806554,57.281948758623415,57.85926818847656,5319500,0.71,0.0
2021-06-15 00:00:00-04:00,58.139430711520205,58.156407834578495,57.51116704348696,57.80831527709961,6454200,0.0,0.0
2021-06-16 00:00:00-04:00,57.9186942875852,58.86956871788768,57.04422663371219,57.1630859375,12938700,0.0,0.0
2021-06-17 00:00:00-04:00,57.15459691523814,57.290439827512046,56.44992638184704,57.069698333740234,7015500,0.0,0.0
2021-06-18 00:00:00-04:00,56.882912561710356,57.03573258589536,55.94052349212718,56.55180358886719,11464500,0.0,0.0
2021-06-21 00:00:00-04:00,56.87442508343133,57.366845918488764,56.68764431997187,57.1800651550293,5310400,0.0,0.0
2021-06-22 00:00:00-04:00,57.08667079646525,57.39231084677137,56.69613217159544,56.92536544799805,4796800,0.0,0.0
2021-06-23 00:00:00-04:00,57.06119920110666,57.09515992481183,56.509348776252715,56.58576202392578,4246800,0.0,0.0
2021-06-24 00:00:00-04:00,56.687635905747506,57.9356649333014,56.58576021523406,57.035728454589844,5054000,0.0,0.0
2021-06-25 00:00:00-04:00,57.00177811089723,57.731917586800385,56.781036612349446,57.630035400390625,8078100,0.0,0.0
2021-06-28 00:00:00-04:00,57.98662311159939,58.27527960682162,57.434772572521936,57.47721862792969,6580300,0.0,0.0
2021-06-29 00:00:00-04:00,57.451747662982996,57.75738775141334,57.30741942048723,57.672489166259766,4348100,0.0,0.0
2021-06-30 00:00:00-04:00,57.97812617157591,58.529976661748556,57.740407554848375,58.46205520629883,6010400,0.0,0.0
2021-07-01 00:00:00-04:00,58.368666970459245,58.903533877761895,58.0800104902045,58.6912841796875,5463800,0.0,0.0
2021-07-02 00:00:00-04:00,58.8186258356061,58.96295405252461,58.275267214098776,58.835609436035156,3969000,0.0,0.0
2021-07-06 00:00:00-04:00,58.563938504384936,58.63185348378109,57.71493972714005,58.08000946044922,6169600,0.0,0.0
2021-07-07 00:00:00-04:00,58.071504971439865,58.09697389281725,57.562107111856534,58.03754425048828,6092500,0.0,0.0
2021-07-08 00:00:00-04:00,57.78284866636166,58.00359013902777,57.239490023911195,57.46872329711914,4982600,0.0,0.0
2021-07-09 00:00:00-04:00,57.38382776390787,58.08001302219487,57.26496844599229,57.918701171875,6419600,0.0,0.0
2021-07-12 00:00:00-04:00,57.92717894849614,58.63184288342611,57.51965675906413,57.79133605957031,7322400,0.0,0.0
2021-07-13 00:00:00-04:00,57.58758980890822,58.17339457275556,57.58758980890822,57.74040985107422,4518400,0.0,0.0
2021-07-14 00:00:00-04:00,57.79134848094414,57.825309210474934,57.24798976314504,57.672489166259766,5949800,0.0,0.0
2021-07-15 00:00:00-04:00,57.61306030404194,58.06302864117811,57.19705269690526,57.98662185668945,6126700,0.0,0.0
2021-07-16 00:00:00-04:00,58.06301916916389,58.55543995780591,58.02905844470452,58.26677703857422,5965500,0.0,0.0
2021-07-19 00:00:00-04:00,58.249798401861035,58.64033700697992,57.45173759116181,57.927181243896484,6054400,0.0,0.0
2021-07-20 00:00:00-04:00,58.00358507958465,59.23463047958742,57.9611325579244,58.71674728393555,9332500,0.0,0.0
2021-07-21 00:00:00-04:00,58.53846310009642,58.5978927554097,57.74040865408194,58.08000946044922,5816400,0.0,0.0
2021-07-22 00:00:00-04:00,57.74040521857841,58.41960031355483,57.57909338774888,58.28376388549805,2901500,0.0,0.0
2021-07-23 00:00:00-04:00,58.47902202971338,58.86956061373154,58.27526417660507,58.59788131713867,3524200,0.0,0.0
2021-07-26 00:00:00-04:00,58.529971797093744,58.83561184386807,58.13094137617471,58.36865997314453,4314300,0.0,0.0
2021-07-27 00:00:00-04:00,58.18187978535459,58.62336273599099,57.97812191132411,58.521480560302734,5813000,0.0,0.0
2021-07-28 00:00:00-04:00,58.496015040140904,59.55726347527646,58.35168680752561,59.48085021972656,7097200,0.0,0.0
2021-07-29 00:00:00-04:00,59.64216524953463,59.769516364042126,59.23464297857996,59.285587310791016,7597500,0.0,0.0
2021-07-30 00:00:00-04:00,58.326216489429264,58.580918727007216,57.731919904876676,57.97813034057617,9619700,0.0,0.0
2021-08-02 00:00:00-04:00,58.02056474889835,58.28375873552425,57.58758010021392,58.029056549072266,4242800,0.0,0.0
2021-08-03 00:00:00-04:00,58.283768475263685,59.29407263503723,57.910206933334145,59.285587310791016,5128400,0.0,0.0
2021-08-04 00:00:00-04:00,58.99691381453695,59.4214131355054,58.60637521652746,58.784664154052734,6846300,0.0,0.0
2021-08-05 00:00:00-04:00,58.78466511209368,58.86107835933305,58.16489972069269,58.835609436035156,5532300,0.0,0.0
2021-08-06 00:00:00-04:00,58.69977076303149,58.784669339244665,58.30074032974876,58.39413070678711,3857900,0.0,0.0
2021-08-09 00:00:00-04:00,58.394131114412914,58.81013867490379,57.82530352473309,58.12245178222656,5160100,0.0,0.0
2021-08-10 00:00:00-04:00,57.952649112268126,58.81013307693555,57.68945512867269,58.784664154052734,5928200,0.0,0.0
2021-08-11 00:00:00-04:00,58.895039637116845,60.15155403217316,58.886547836822395,59.294063568115234,9529700,0.0,0.0
2021-08-12 00:00:00-04:00,59.64215421743108,60.27890319484138,59.209163099135324,60.17702102661133,5907000,0.0,0.0
2021-08-13 00:00:00-04:00,60.17702407426483,60.61001521448934,60.07514837822086,60.41474914550781,4361800,0.0,0.0
2021-08-16 00:00:00-04:00,60.50813709164122,61.00055791330368,60.32136281060892,60.88169860839844,8874400,0.0,0.0
2021-08-17 00:00:00-04:00,60.50812952419632,62.05330677206329,60.28739454403354,62.00236892700195,9000100,0.0,0.0
2021-08-18 00:00:00-04:00,61.6542867903669,62.2655604021385,61.043006701249396,61.09394454956055,8135300,0.0,0.0
2021-08-19 00:00:00-04:00,60.79679850848568,61.40807861975305,60.71189993244214,60.84773635864258,5209500,0.0,0.0
2021-08-20 00:00:00-04:00,60.84774734652582,61.8835270023981,60.65248123409914,61.50148010253906,5646500,0.0,0.0
2021-08-23 00:00:00-04:00,61.70523522235185,62.010875319333955,61.51845444337978,61.59486770629883,5356200,0.0,0.0
2021-08-24 00:00:00-04:00,61.662762227574945,61.71370654506448,61.034505115526294,61.340145111083984,4177200,0.0,0.0
2021-08-25 00:00:00-04:00,61.08546786308099,61.09395966568257,60.21100003819682,60.62701416015625,4988900,0.0,0.0
2021-08-26 00:00:00-04:00,60.73736467461929,61.433543313985304,60.39776391648682,60.64397430419922,6566900,0.0,0.0
2021-08-27 00:00:00-04:00,60.54210100713551,61.509959099396106,60.41475637184858,60.516632080078125,5493100,0.0,0.0
2021-08-30 00:00:00-04:00,60.53362134583574,61.29771513842367,60.406270221288665,61.136409759521484,4494100,0.0,0.0
2021-08-31 00:00:00-04:00,61.28922065679471,61.83257932815941,60.9920659181312,61.79012680053711,7564600,0.0,0.0
2021-09-01 00:00:00-04:00,61.705230722106904,61.739191450111115,60.576060806016386,61.01754379272461,5970700,0.0,0.0
2021-09-02 00:00:00-04:00,61.13639648634799,61.450521851038225,60.62699857610109,61.416561126708984,6774200,0.0,0.0
2021-09-03 00:00:00-04:00,61.26374817284092,61.442037119275874,60.91565560312559,61.09394454956055,4174400,0.0,0.0
2021-09-07 00:00:00-04:00,60.346821885810826,60.5336026137009,59.710072937464794,60.44021224975586,6775400,0.0,0.0
2021-09-08 00:00:00-04:00,60.44022294787045,61.05150308285644,60.38079329459939,61.02602767944336,4510000,0.0,0.0
2021-09-09 00:00:00-04:00,60.82226345086516,60.85622417452802,59.9223269445092,59.94779586791992,7013600,0.0,0.0
2021-09-10 00:00:00-04:00,60.261930936404035,60.65246956345796,59.642159031665486,60.270416259765625,5089700,0.0,0.0
2021-09-13 00:00:00-04:00,60.48266440178717,61.04300664205011,60.12608650926306,60.40625762939453,11048100,0.0,0.0
2021-09-14 00:00:00-04:00,60.689254629507246,60.9465241287498,60.12327089086283,60.41483688354492,5490000,0.71,0.0
2021-09-15 00:00:00-04:00,60.52632188550414,62.164250925982984,60.389109744608014,61.538238525390625,7723700,0.0,0.0
2021-09-16 00:00:00-04:00,61.57252795192639,61.623979222073245,60.72354273870205,61.16947555541992,5306700,0.0,0.0
2021-09-17 00:00:00-04:00,60.74069897636582,61.53822639588148,60.40625262714639,61.40959167480469,10888000,0.0,0.0
2021-09-20 00:00:00-04:00,60.82645865768966,61.67543742369404,60.311926270494105,60.8521842956543,9594900,0.0,0.0
2021-09-21 00:00:00-04:00,61.1266041812227,61.79549696265419,60.98082119914343,61.512508392333984,5896000,0.0,0.0
2021-09-22 00:00:00-04:00,61.804080116716,61.89841182982608,60.95510124136041,61.212364196777344,6557000,0.0,0.0
2021-09-23 00:00:00-04:00,61.29811681246581,61.838374834541035,61.14375644292514,61.47820281982422,5263500,0.0,0.0
2021-09-24 00:00:00-04:00,61.426739629126025,61.632557798935395,61.04084201034237,61.04941940307617,5023400,0.0,0.0
2021-09-27 00:00:00-04:00,60.980817995492636,61.13517836330087,60.27762221828495,60.380531311035156,5560500,0.0,0.0
2021-09-28 00:00:00-04:00,60.028933799492926,60.714981374255245,59.74593868420588,60.00320816040039,6392300,0.0,0.0
2021-09-29 00:00:00-04:00,60.166133142589054,61.22950076907017,59.98604062195262,60.835025787353516,5436800,0.0,0.0
2021-09-30 00:00:00-04:00,61.06657602399247,61.37529677842807,59.857425187981804,59.900299072265625,6049400,0.0,0.0
2021-10-01 00:00:00-04:00,58.828358974730946,59.5229840043269,58.00510573839049,58.7940559387207,9343700,0.0,0.0
2021-10-04 00:00:00-04:00,58.48533219774015,59.19710543800592,57.713536825787656,57.93649673461914,7560200,0.0,0.0
2021-10-05 00:00:00-04:00,57.842159770643384,58.42529821505644,57.66207376404093,57.799285888671875,7236700,0.0,0.0
2021-10-06 00:00:00-04:00,57.790705951930164,58.06512364648106,57.35335050220926,57.867889404296875,6398600,0.0,0.0
2021-10-07 00:00:00-04:00,57.885048178048166,58.58824405717239,57.584904792318646,58.43388366699219,5349400,0.0,0.0
2021-10-08 00:00:00-04:00,58.35669708251953,58.66541781177254,58.15945629447243,58.35669708251953,4259000,0.0,0.0
2021-10-11 00:00:00-04:00,58.511069599314624,58.699726490698936,58.185194015958636,58.3824348449707,3315600,0.0,0.0
2021-10-12 00:00:00-04:00,58.4767630664323,58.60539127045186,57.70496112913993,57.77356719970703,8856000,0.0,0.0
2021-10-13 00:00:00-04:00,57.953658549120796,58.27952760028245,57.62778295532354,57.99653244018555,4760700,0.0,0.0
2021-10-14 00:00:00-04:00,58.493910387239055,58.939843296234436,58.31382436182607,58.44245910644531,7165600,0.0,0.0
2021-10-15 00:00:00-04:00,58.57110015564653,58.82836312994186,57.97080679701958,57.99653244018555,4327100,0.0,0.0
2021-10-18 00:00:00-04:00,57.88504331909913,57.953649385117025,56.410045612887224,56.51295471191406,7576400,0.0,0.0
2021-10-19 00:00:00-04:00,56.5987082260723,57.44768701752573,56.47865088354896,57.37051010131836,5889700,0.0,0.0
2021-10-20 00:00:00-04:00,57.37908495322496,57.72210217801919,57.284753253616294,57.336204528808594,4878200,0.0,0.0
2021-10-21 00:00:00-04:00,57.53343954904583,57.61920039902672,57.04463280027243,57.44768524169922,5013700,0.0,0.0
2021-10-22 00:00:00-04:00,57.55918010538297,57.68780831380318,57.03607024902339,57.66208267211914,4501200,0.0,0.0
2021-10-25 00:00:00-04:00,57.66207714035905,58.28809604603345,57.241876433682435,58.030826568603516,6069800,0.0,0.0
2021-10-26 00:00:00-04:00,58.28809849974389,58.64827054920002,58.0565546517829,58.0822868347168,4948700,0.0,0.0
2021-10-27 00:00:00-04:00,58.279531210865706,58.288108606664295,57.113254002426345,57.259037017822266,4887700,0.0,0.0
2021-10-28 00:00:00-04:00,57.19899778945439,58.02225752583729,57.17327214943644,57.747833251953125,5884800,0.0,0.0
2021-10-29 00:00:00-04:00,56.512951753561154,56.512951753561154,54.93504503092303,55.638240814208984,14181100,0.0,0.0
2021-11-01 00:00:00-04:00,55.58679363631318,56.547258953182514,55.46673628953385,56.28998947143555,7254000,0.0,0.0
2021-11-02 00:00:00-04:00,56.358594334691084,56.66731508913704,55.432432071353205,56.51295471191406,8954500,0.0,0.0
2021-11-03 00:00:00-04:00,56.55583109656072,57.936497158696596,56.195659047995235,57.80786895751953,8654100,0.0,0.0
2021-11-04 00:00:00-04:00,57.559175235795514,57.58490087530313,56.572984284650666,57.00176239013672,6522900,0.0,0.0
2021-11-05 00:00:00-04:00,56.52152855231883,57.34478166487198,56.392893822281174,56.87312316894531,6519100,0.0,0.0
2021-11-08 00:00:00-05:00,56.57298278808594,56.9588804557611,56.17850772659026,56.57298278808594,5217800,0.0,0.0
2021-11-09 00:00:00-05:00,56.675890502663805,57.327635097028285,56.504381866447666,56.72734832763672,5401500,0.0,0.0
2021-11-10 00:00:00-05:00,57.07893783756774,58.219489138997595,57.07893783756774,57.730682373046875,6888100,0.0,0.0
2021-11-11 00:00:00-05:00,57.456262796037876,57.87646348305637,57.24187375575415,57.82501220703125,3513600,0.0,0.0
2021-11-12 00:00:00-05:00,58.02224976639638,58.11657491963626,57.62776819676016,57.867889404296875,8214800,0.0,0.0
2021-11-15 00:00:00-05:00,57.8593132897977,58.16803402081879,57.464838254078316,57.627769470214844,4911000,0.0,0.0
2021-11-16 00:00:00-05:00,57.790705082671636,58.339540463518134,57.30189836714792,57.3619270324707,6474200,0.0,0.0
2021-11-17 00:00:00-05:00,57.36193555196573,57.927925802757066,57.03606654076256,57.85074234008789,7771200,0.0,0.0
2021-11-18 00:00:00-05:00,57.919346606466775,58.55393636333275,57.76498622856591,58.13373565673828,8873600,0.0,0.0
2021-11-19 00:00:00-05:00,58.476762344510185,59.085626492347735,58.12516114417073,58.905540466308594,8628800,0.0,0.0
2021-11-22 00:00:00-05:00,58.91410812616281,60.33765455387251,58.270940978311096,60.00320816040039,8951100,0.0,0.0
2021-11-23 00:00:00-05:00,59.917468083833064,60.77502448469873,59.780255919229226,60.56920623779297,7100400,0.0,0.0
2021-11-24 00:00:00-05:00,60.66353133992272,60.91222345412915,59.60874074593328,60.08897018432617,6737500,0.0,0.0
2021-11-26 00:00:00-05:00,59.77165700379586,60.66351612471799,59.77165700379586,60.26046371459961,5659500,0.0,0.0
2021-11-29 00:00:00-05:00,60.37194522313704,61.16089519269827,60.20900748540668,60.586334228515625,8902200,0.0,0.0
2021-11-30 00:00:00-05:00,60.431988388424195,60.800737827891595,58.8626589221349,59.111351013183594,15465500,0.0,0.0
2021-12-01 00:00:00-05:00,59.19710532739199,60.046084160534235,58.87123631634618,59.111351013183594,8518300,0.0,0.0
2021-12-02 00:00:00-05:00,59.31715925843805,60.27762453308832,59.02559329840022,59.74593734741211,9411700,0.0,0.0
2021-12-03 00:00:00-05:00,60.02894201484463,60.423417134397354,59.437226064197816,59.651615142822266,8328200,0.0,0.0
2021-12-06 00:00:00-05:00,59.56584803168009,60.7149766485706,59.531545001348455,59.60015106201172,7049400,0.0,0.0
2021-12-07 00:00:00-05:00,59.68590604444576,59.943175503538086,59.09419675674801,59.72878646850586,6438000,0.0,0.0
2021-12-08 00:00:00-05:00,59.95175426273845,60.44056101204289,59.0941981030721,59.78023910522461,6386900,0.0,0.0
2021-12-09 00:00:00-05:00,59.93459651380141,60.65494705449243,59.37718372903785,60.286197662353516,5829300,0.0,0.0
2021-12-10 00:00:00-05:00,60.1832994171613,60.83504401567289,59.68591520928047,60.24332809448242,5352500,0.0,0.0
2021-12-13 00:00:00-05:00,60.131839419748346,60.78357738117016,59.68590655916059,60.552040100097656,6883600,0.0,0.0
2021-12-14 00:00:00-05:00,60.52605850249492,61.331686821740426,60.43076863394293,61.08912658691406,7244900,0.71,0.0
2021-12-15 00:00:00-05:00,61.11511891074622,61.8687667171067,60.58669568998586,61.686851501464844,8040300,0.0,0.0
2021-12-16 00:00:00-05:00,61.808136082938276,63.090213880343356,61.55691791286933,62.63975143432617,10530000,0.0,0.0
2021-12-17 00:00:00-05:00,62.56178799247814,62.96893443707562,62.068016191583354,62.553123474121094,12226000,0.0,0.0
2021-12-20 00:00:00-05:00,62.37118925067072,62.821644931704164,61.894740022481365,62.77833557128906,7616900,0.0,0.0
2021-12-21 00:00:00-05:00,62.778365001469595,62.882312802467276,62.05069734902522,62.23261260986328,8786700,0.0,0.0
2021-12-22 00:00:00-05:00,62.01601179412265,62.769665982597495,61.210390342803024,62.74367904663086,6015400,0.0,0.0
2021-12-23 00:00:00-05:00,62.86497101961986,63.08153768381988,62.527127552195026,62.787010192871094,5096300,0.0,0.0
2021-12-27 00:00:00-05:00,62.61375426608182,63.133512949716476,62.30189773408297,63.124855041503906,4298800,0.0,0.0
2021-12-28 00:00:00-05:00,63.124857652368725,63.57531343439236,63.055554729260315,63.211483001708984,3802600,0.0,0.0
2021-12-29 00:00:00-05:00,63.23747516354401,63.869852823179514,62.89963164687702,63.79188537597656,5893900,0.0,0.0
2021-12-30 00:00:00-05:00,63.80920668271678,64.20768856156135,63.46269868965054,63.54932403564453,3238700,0.0,0.0
2021-12-31 00:00:00-05:00,63.45404171138424,63.65328597902414,62.761025642913594,62.89963150024414,5736800,0.0,0.0
2022-01-03 00:00:00-05:00,62.605102379323455,62.968939479452864,62.03336969470565,62.87364959716797,6622500,0.0,0.0
2022-01-04 00:00:00-05:00,62.899631508401356,63.58398305860483,62.52713652814101,62.553123474121094,6784100,0.0,0.0
2022-01-05 00:00:00-05:00,62.75236131754101,63.280784528675824,62.34521491462497,62.527130126953125,7799500,0.0,0.0
2022-01-06 00:00:00-05:00,62.09400061647315,62.449166545599255,61.799466486111506,62.01603317260742,7368200,0.0,0.0
2022-01-07 00:00:00-05:00,61.83411516393399,62.15463622478384,61.35767244055718,61.730167388916016,7119600,0.0,0.0
2022-01-10 00:00:00-05:00,62.36252856490721,62.58775972380088,61.868756884044956,62.449153900146484,10362300,0.0,0.0
2022-01-11 00:00:00-05:00,62.50114314020729,62.86497356461082,61.912081525372365,62.69172286987305,8932000,0.0,0.0
2022-01-12 00:00:00-05:00,62.33653902252822,62.82164616688521,62.076663027660906,62.5877571105957,7206200,0.0,0.0
2022-01-13 00:00:00-05:00,62.36253610935583,62.76968250423426,61.89475131156509,62.26724624633789,6711300,0.0,0.0
2022-01-14 00:00:00-05:00,62.43183774956151,62.492476151230576,61.643538527863605,62.17195510864258,8344800,0.0,0.0
2022-01-18 00:00:00-05:00,61.86876395655667,61.9553893016985,60.69930527441648,61.01116180419922,8986600,0.0,0.0
2022-01-19 00:00:00-05:00,60.88122408391354,61.20174514990081,59.78106825643335,59.83304214477539,8217700,0.0,0.0
2022-01-20 00:00:00-05:00,59.83303682320354,60.040938967171385,58.70688754262187,58.741539001464844,8639700,0.0,0.0
2022-01-21 00:00:00-05:00,59.010095024463155,59.83304581613109,58.63760004727756,59.347938537597656,14843200,0.0,0.0
2022-01-24 00:00:00-05:00,59.373919215425055,60.06692859601505,57.8492880035826,59.399906158447266,12909000,0.0,0.0
2022-01-25 00:00:00-05:00,58.94944804126226,60.09291975228244,58.81084220521616,59.633792877197266,9239400,0.0,0.0
2022-01-26 00:00:00-05:00,58.30840560578057,59.39123890916583,58.0052136026507,58.33439254760742,11280400,0.0,0.0
2022-01-27 00:00:00-05:00,58.395041352795246,59.503861670076766,58.230448565073935,58.27375793457031,9323200,0.0,0.0
2022-01-28 00:00:00-05:00,58.36039129945513,59.6597913793167,58.05719266021497,59.651126861572266,11514100,0.0,0.0
2022-01-31 00:00:00-05:00,59.4605420225321,59.64245722500897,59.07072467566597,59.49519348144531,9252700,0.0,0.0
2022-02-01 00:00:00-05:00,59.59048326008061,59.59914777706962,58.82817099229746,59.31327819824219,10463700,0.0,0.0
2022-02-02 00:00:00-05:00,56.740468414920834,57.1822662790785,55.458390800751864,57.01767349243164,18365000,0.0,0.0
2022-02-03 00:00:00-05:00,56.809764887101686,57.502774197657914,56.36796707310021,56.645172119140625,12479500,0.0,0.0
2022-02-04 00:00:00-05:00,56.26401477454596,56.83575392067353,55.32844853584025,55.35443878173828,12392800,0.0,0.0
2022-02-07 00:00:00-05:00,55.4324023417186,55.63164326732004,54.81735053146341,55.233158111572266,14361400,0.0,0.0
2022-02-08 00:00:00-05:00,55.29380226663498,55.73559350287361,54.99060695415456,55.18118667602539,12044800,0.0,0.0
2022-02-09 00:00:00-05:00,55.34577863039866,55.42374276515241,54.83468114802302,54.90398406982422,13164800,0.0,0.0
2022-02-10 00:00:00-05:00,54.67009460709975,54.67009460709975,53.457319846686744,53.5266227722168,14978000,0.0,0.0
2022-02-11 00:00:00-05:00,53.74318572546062,54.470849870266385,53.50062880749527,53.76917266845703,13195400,0.0,0.0
2022-02-14 00:00:00-05:00,53.78650592008441,53.83848311789081,52.686346683941,52.937564849853516,11343500,0.0,0.0
2022-02-15 00:00:00-05:00,52.946220973290835,53.292728982926775,52.816282948086325,53.12813949584961,10515300,0.0,0.0
2022-02-16 00:00:00-05:00,53.01551520069809,53.92509444610905,52.98086374450945,53.62190246582031,21855900,0.0,0.0
2022-02-17 00:00:00-05:00,53.33604040420486,53.44865600037103,52.772965727919185,53.09348678588867,13338200,0.0,0.0
2022-02-18 00:00:00-05:00,53.18877730135957,53.41400519189844,52.824943564894944,52.885581970214844,11930700,0.0,0.0
2022-02-22 00:00:00-05:00,52.746983215520096,53.09349124611968,52.573729200220306,52.824947357177734,10781500,0.0,0.0
2022-02-23 00:00:00-05:00,52.81628306127305,53.38801896521589,52.66901600027133,53.14546203613281,9674400,0.0,0.0
2022-02-24 00:00:00-05:00,52.59105039673468,53.076160936828906,52.036640239224255,52.504425048828125,14849900,0.0,0.0
2022-02-25 00:00:00-05:00,52.746979451164464,53.43133094525901,52.65168958432279,52.94622039794922,13133000,0.0,0.0
2022-02-28 00:00:00-05:00,52.19256843939349,52.38314816998765,51.26566333894132,52.322509765625,13490600,0.0,0.0
2022-03-01 00:00:00-05:00,51.92402781447126,52.720994942974656,51.86338940632425,52.20123291015625,10694900,0.0,0.0
2022-03-02 00:00:00-05:00,52.35715493743457,53.284059985049225,52.1492527927697,53.0501708984375,14342200,0.0,0.0
2022-03-03 00:00:00-05:00,53.310053599233136,53.70853548880113,53.14546081105207,53.45731735229492,13023100,0.0,0.0
2022-03-04 00:00:00-05:00,52.9115704319083,53.90777513177103,52.842267511285606,53.587257385253906,9383400,0.0,0.0
2022-03-07 00:00:00-05:00,51.083751313914746,53.9251051969586,51.02311290576774,52.20123291015625,18455200,0.0,0.0
2022-03-08 00:00:00-05:00,52.175241277400616,52.53907499813925,51.14438512697383,51.577518463134766,13889700,0.0,0.0
2022-03-09 00:00:00-05:00,51.98466534512507,52.23588349151951,51.04043447121611,51.109737396240234,13682000,0.0,0.0
2022-03-10 00:00:00-05:00,50.75456806303779,50.84985793247838,49.654408914620234,50.17416763305664,13243700,0.0,0.0
2022-03-11 00:00:00-05:00,50.51200927324279,51.27432154177649,50.20881396468381,50.243465423583984,13007600,0.0,0.0
2022-03-14 00:00:00-04:00,50.804943567369655,51.55065457796988,50.620709554868455,51.015499114990234,12539100,0.73,0.0
2022-03-15 00:00:00-04:00,51.26114300308323,51.5769746421735,50.585614963177214,51.16463851928711,10794600,0.0,0.0
2022-03-16 00:00:00-04:00,51.47169931357553,51.47169931357553,50.17328285201614,50.85758590698242,13871600,0.0,0.0
2022-03-17 00:00:00-04:00,50.989184762329195,52.06827414755391,50.629488300587624,51.93667984008789,12472000,0.0,0.0
2022-03-18 00:00:00-04:00,51.954221573281984,52.24373170004948,51.30501167164112,52.12968063354492,18199300,0.0,0.0
2022-03-21 00:00:00-04:00,52.05950953157103,53.094734286821996,51.998098177163584,52.340248107910156,8060600,0.0,0.0
2022-03-22 00:00:00-04:00,52.60343273218662,52.743802000682535,52.02440908130756,52.62097930908203,8847700,0.0,0.0
2022-03-23 00:00:00-04:00,52.63852212984698,52.90171407116279,51.58575101791662,51.629615783691406,9088900,0.0,0.0
2022-03-24 00:00:00-04:00,51.734896142246534,52.234961843491426,51.55943372941195,51.884037017822266,7939900,0.0,0.0
2022-03-25 00:00:00-04:00,51.919128539147096,52.14722732600135,51.58575029989821,51.682254791259766,9333400,0.0,0.0
2022-03-28 00:00:00-04:00,51.71735162122226,52.08581969081505,51.48047785648376,51.919132232666016,10549200,0.0,0.0
2022-03-29 00:00:00-04:00,52.37532451842032,53.12981045606815,52.28759164970153,53.10348892211914,8051100,0.0,0.0
2022-03-30 00:00:00-04:00,53.007001390048636,53.28774331305558,52.12092088597847,52.340248107910156,8614000,0.0,0.0
2022-03-31 00:00:00-04:00,52.6122068109973,52.65607157916598,52.12968432113996,52.156005859375,8226300,0.0,0.0
2022-04-01 00:00:00-04:00,52.147233660625986,52.36656085975715,51.392750906815444,52.34901428222656,8551000,0.0,0.0
2022-04-04 00:00:00-04:00,52.35778835440895,53.384238022496035,51.97177369529941,53.226322174072266,9040600,0.0,0.0
2022-04-05 00:00:00-04:00,52.945573280514786,53.68251264686054,52.366549731719324,52.419189453125,7067200,0.0,0.0
2022-04-06 00:00:00-04:00,52.62975326507127,53.53338020457805,52.559566958830956,53.35791778564453,7155300,0.0,0.0
2022-04-07 00:00:00-04:00,53.34037020379313,53.99835175239255,53.09472482991619,53.50706100463867,9370100,0.0,0.0
2022-04-08 00:00:00-04:00,53.76148235769675,55.1125387170342,53.71761758689592,54.65633773803711,10653600,0.0,0.0
2022-04-11 00:00:00-04:00,55.11253202929749,55.32308758892568,54.25276990859429,54.296634674072266,8094200,0.0,0.0
2022-04-12 00:00:00-04:00,54.726520221775516,54.80547814236269,53.700067254142255,54.068538665771484,7750400,0.0,0.0
2022-04-13 00:00:00-04:00,54.059763719597825,54.48964647550963,53.77025357514069,54.44578170776367,6879600,0.0,0.0
2022-04-14 00:00:00-04:00,54.45455286102802,54.70897319713198,53.95448715029524,54.235225677490234,9750000,0.0,0.0
2022-04-18 00:00:00-04:00,54.12994957295802,54.57737555489524,53.84043608425311,54.02467346191406,5981200,0.0,0.0
2022-04-19 00:00:00-04:00,54.042210092057445,55.27044350869517,54.0246668645818,55.07743453979492,6178900,0.0,0.0
2022-04-20 00:00:00-04:00,55.27045292573492,56.288134319390416,55.252906348602856,55.796836853027344,7638800,0.0,0.0
2022-04-21 00:00:00-04:00,55.75297384908715,56.39340887468527,55.419595566355426,55.928436279296875,6673900,0.0,0.0
2022-04-22 00:00:00-04:00,55.95474610380065,56.02493240405435,54.54227860453146,54.612464904785156,7662000,0.0,0.0
2022-04-25 00:00:00-04:00,54.814249938252004,55.042352085886975,53.80534689038121,54.96339416503906,7457900,0.0,0.0
2022-04-26 00:00:00-04:00,54.7440659087631,55.15639873475929,54.17381389749105,54.19136047363281,6926400,0.0,0.0
2022-04-27 00:00:00-04:00,54.20891351600245,54.43701233971937,53.66497963072712,54.033451080322266,7863200,0.0,0.0
2022-04-28 00:00:00-04:00,53.90184639879106,54.07730881162577,53.1736819035277,54.00712585449219,10787500,0.0,0.0
2022-04-29 00:00:00-04:00,54.00712815469778,54.44578253213359,51.99809030284159,52.05950164794922,10455800,0.0,0.0
2022-05-02 00:00:00-04:00,52.2437354188973,53.01576805634438,51.89281392672484,52.910491943359375,9474000,0.0,0.0
2022-05-03 00:00:00-04:00,53.17368493475283,53.366693934540415,52.31392274418495,52.92803955078125,10384400,0.0,0.0
2022-05-04 00:00:00-04:00,53.208773796405914,54.66510609914017,52.875395554575064,54.46332550048828,8087800,0.0,0.0
2022-05-05 00:00:00-04:00,54.17380839984545,54.7265137788863,53.27018157358304,53.82288360595703,8767300,0.0,0.0
2022-05-06 00:00:00-04:00,53.62989087263859,53.86676466345194,52.9806808518908,53.67375564575195,7468200,0.0,0.0
2022-05-09 00:00:00-04:00,53.34037499423395,54.735296136407754,53.278963645249426,54.11240768432617,9294000,0.0,0.0
2022-05-10 00:00:00-04:00,54.28786716159582,54.8668908109901,54.00712862532389,54.20013427734375,9721600,0.0,0.0
2022-05-11 00:00:00-04:00,52.910498377760796,54.01590606519932,52.89295179901825,53.129825592041016,10224000,0.0,0.0
2022-05-12 00:00:00-04:00,53.252638717507644,54.83179370693392,53.19122737628925,54.814247131347656,9727900,0.0,0.0
2022-05-13 00:00:00-04:00,54.919531177728615,54.928306140123865,54.00713254200985,54.717750549316406,9515200,0.0,0.0
2022-05-16 00:00:00-04:00,54.71774645974249,55.04235311075422,54.34050342496361,54.60369873046875,6157500,0.0,0.0
2022-05-17 00:00:00-04:00,54.76161108433303,55.46346076827674,54.21768059127726,55.428367614746094,5607700,0.0,0.0
2022-05-18 00:00:00-04:00,55.39327651992005,56.08635126790573,54.99848689469609,55.463462829589844,9583900,0.0,0.0
2022-05-19 00:00:00-04:00,55.34940457443473,55.779287298765304,55.103759215769834,55.507320404052734,8833600,0.0,0.0
2022-05-20 00:00:00-04:00,55.59505289742994,56.06002879683861,55.03357584959106,56.007389068603516,6814600,0.0,0.0
2022-05-23 00:00:00-04:00,56.48991085761261,56.875928856180366,55.78806451476308,55.8494758605957,7256800,0.0,0.0
2022-05-24 00:00:00-04:00,56.095122259198654,56.50746180392005,55.647696253367606,56.45481872558594,8263200,0.0,0.0
2022-05-25 00:00:00-04:00,56.542542758402625,57.19175601239678,56.15653148377639,57.03384017944336,7112400,0.0,0.0
2022-05-26 00:00:00-04:00,57.165441926054214,57.428630537646676,56.551321779002514,56.560096740722656,5730800,0.0,0.0
2022-05-27 00:00:00-04:00,56.5249989367102,56.88469201762735,56.0600264038169,56.849605560302734,6436000,0.0,0.0
2022-05-31 00:00:00-04:00,56.58640645391498,57.051378955393616,55.85823868694515,56.893463134765625,13781900,0.0,0.0
2022-06-01 00:00:00-04:00,57.26193851920418,57.323349863275595,56.38462977913567,56.82328414916992,5797700,0.0,0.0
2022-06-02 00:00:00-04:00,56.70923580012033,56.77942210495573,54.665108198464054,55.67401123046875,7860000,0.0,0.0
2022-06-03 00:00:00-04:00,55.66524124145508,56.25303984828349,55.48100720588225,55.66524124145508,5228700,0.0,0.0
2022-06-06 00:00:00-04:00,54.901982782962904,55.287997425361276,54.0860853836507,54.41946029663086,7865800,0.0,0.0
2022-06-07 00:00:00-04:00,54.1299504707484,54.910754721720195,53.93694147507724,54.86688995361328,6841000,0.0,0.0
2022-06-08 00:00:00-04:00,54.603697849298975,55.26167940910897,54.48964677519841,54.72652053833008,7248200,0.0,0.0
2022-06-09 00:00:00-04:00,54.62124746233766,54.98094395653548,53.64743745121747,53.67375564575195,5242200,0.0,0.0
2022-06-10 00:00:00-04:00,53.14736191446995,53.67374578849448,52.910488167158796,53.2877311706543,8155600,0.0,0.0
2022-06-13 00:00:00-04:00,52.69115772940263,53.01576098670993,51.67347984847512,51.89280700683594,9646100,0.0,0.0
2022-06-14 00:00:00-04:00,51.84839027941389,53.154150060070606,50.782464135315706,51.333194732666016,10073800,0.73,0.0
2022-06-15 00:00:00-04:00,51.51085106629311,52.38135648108974,51.262132813147005,51.86615753173828,6498100,0.0,0.0
2022-06-16 00:00:00-04:00,51.217729107141366,51.6440989751759,50.80912507383576,51.271026611328125,9482200,0.0,0.0
2022-06-17 00:00:00-04:00,50.96011837962348,52.221465260100906,50.88905844482115,51.99051284790039,13726500,0.0,0.0
2022-06-21 00:00:00-04:00,52.63895890411006,53.811480207839736,52.32806528585853,53.749298095703125,9173000,0.0,0.0
2022-06-22 00:00:00-04:00,53.41175740016371,55.117236771306516,53.37622573280999,54.637569427490234,9045300,0.0,0.0
2022-06-23 00:00:00-04:00,54.97511472350676,55.65020286442486,54.85075727346563,55.5880241394043,6992900,0.0,0.0
2022-06-24 00:00:00-04:00,55.79232043054406,56.07656696964541,54.93957742475397,56.03215408325195,9207500,0.0,0.0
2022-06-27 00:00:00-04:00,55.89891870941731,56.43188018674168,55.63243797075513,55.81009292602539,6586900,0.0,0.0
2022-06-28 00:00:00-04:00,55.810088105005505,56.396347034814326,55.18829750951467,55.25935745239258,6165300,0.0,0.0
2022-06-29 00:00:00-04:00,55.34819059161268,55.93444956352564,55.00176190906223,55.49919509887695,5800400,0.0,0.0
2022-06-30 00:00:00-04:00,55.028414003130095,55.43701803460196,54.44215501365284,54.904056549072266,6411900,0.0,0.0
2022-07-01 00:00:00-04:00,54.602040066899875,55.454779735577624,54.42438512213712,55.392601013183594,5207600,0.0,0.0
2022-07-05 00:00:00-04:00,54.98399021921973,55.49030454672536,54.50432294416624,55.37482833862305,5215900,0.0,0.0
2022-07-06 00:00:00-04:00,55.62354206642081,55.85449447792925,55.214938124196024,55.72125244140625,5888200,0.0,0.0
2022-07-07 00:00:00-04:00,55.62354267136188,55.97885251363028,55.38370903610358,55.712371826171875,6242600,0.0,0.0
2022-07-08 00:00:00-04:00,55.57025863968105,56.138751779567485,55.42813535470945,55.818973541259766,4161900,0.0,0.0
2022-07-11 00:00:00-04:00,55.77455290257481,55.99662071627659,55.543600478772845,55.65907669067383,3478600,0.0,0.0
2022-07-12 00:00:00-04:00,55.5080703778554,55.783432289156394,55.0816972077062,55.37482833862305,6098300,0.0,0.0
2022-07-13 00:00:00-04:00,55.00175512775799,55.721256072595615,54.717508593905436,55.481422424316406,6162900,0.0,0.0
2022-07-14 00:00:00-04:00,54.921822383721455,54.99288233383172,54.42438917900365,54.904056549072266,4969500,0.0,0.0
2022-07-15 00:00:00-04:00,55.188300137927506,55.62355120356018,54.788577351182795,55.60578536987305,5908900,0.0,0.0
2022-07-18 00:00:00-04:00,55.67684398938761,55.67684398938761,53.864769768599125,54.09572219848633,5608300,0.0,0.0
2022-07-19 00:00:00-04:00,54.77081263878392,55.31265871763226,54.433268568790695,55.17941665649414,6080600,0.0,0.0
2022-07-20 00:00:00-04:00,55.23270754905652,55.23270754905652,54.03354269626066,54.673095703125,5378500,0.0,0.0
2022-07-21 00:00:00-04:00,54.539860516092276,54.80634123494568,53.96248280150475,54.19343185424805,6007700,0.0,0.0
2022-07-22 00:00:00-04:00,54.42438174396462,54.8951644381507,53.81147578048731,54.006893157958984,4588800,0.0,0.0
2022-07-25 00:00:00-04:00,54.38885227749685,54.406618110436966,53.60717257056261,53.96248245239258,4990000,0.0,0.0
2022-07-26 00:00:00-04:00,53.91806344576664,54.40661193647868,53.58051943518063,53.84700012207031,5597200,0.0,0.0
2022-07-27 00:00:00-04:00,53.63382072719793,54.513207395075334,53.020911376600814,54.09572219848633,7935600,0.0,0.0
2022-07-28 00:00:00-04:00,54.18455372274655,54.28226411587981,52.95873827991478,53.65159225463867,6815000,0.0,0.0
2022-07-29 00:00:00-04:00,53.589413961985,53.76706552712995,52.861028313247836,53.074214935302734,10063700,0.0,0.0
2022-08-01 00:00:00-04:00,53.09197544121622,53.45616653479147,52.647839795954404,52.94096755981445,6742400,0.0,0.0
2022-08-02 00:00:00-04:00,53.065331184180785,53.58052679783053,52.66560840467635,52.88767623901367,5981600,0.0,0.0
2022-08-03 00:00:00-04:00,54.069067721103934,56.53846399442599,53.86476574897946,55.31264877319336,10066700,0.0,0.0
2022-08-04 00:00:00-04:00,55.197183788561816,55.952216505289215,54.92182182551431,54.992881774902344,5520500,0.0,0.0
2022-08-05 00:00:00-04:00,54.88628646019006,54.93069934912734,53.847007238929194,54.264495849609375,6039600,0.0,0.0
2022-08-08 00:00:00-04:00,54.18454880366508,54.81522060765141,54.015778478066025,54.71751022338867,5857600,0.0,0.0
2022-08-09 00:00:00-04:00,54.699754026779466,55.11723927746648,54.52209907041928,55.07282638549805,5153400,0.0,0.0
2022-08-10 00:00:00-04:00,55.508074908088254,56.129862105956896,55.17053086604093,56.08544921875,8275000,0.0,0.0
2022-08-11 00:00:00-04:00,55.76566956785965,56.32528141996276,55.40147848059897,55.47254180908203,5216500,0.0,0.0
2022-08-12 00:00:00-04:00,55.70349217350048,55.9522104406161,55.214943638269844,55.925559997558594,3997800,0.0,0.0
2022-08-15 00:00:00-04:00,56.71612194016294,58.89239072168094,56.54735161066547,58.812442779541016,12381000,0.0,0.0
2022-08-16 00:00:00-04:00,58.768032370938975,58.998978029165286,58.3150121110806,58.919036865234375,7067800,0.0,0.0
2022-08-17 00:00:00-04:00,58.59925200531467,59.4253444903776,58.46600997024554,58.64366149902344,6515300,0.0,0.0
2022-08-18 00:00:00-04:00,58.590372482805755,58.62590414704061,57.4800333891118,57.89752197265625,5178100,0.0,0.0
2022-08-19 00:00:00-04:00,57.755403386750075,58.44826077069499,57.666577602235996,58.039649963378906,5258900,0.0,0.0
2022-08-22 00:00:00-04:00,57.924169091220485,57.95970075549498,57.053667035897455,57.16913986206055,5224800,0.0,0.0
2022-08-23 00:00:00-04:00,57.169145495261844,57.17803010644892,56.378584523928936,56.565120697021484,4723700,0.0,0.0
2022-08-24 00:00:00-04:00,56.582877441567454,56.680587818011304,56.13874183117601,56.51181411743164,3808000,0.0,0.0
2022-08-25 00:00:00-04:00,56.71612514978069,56.78718848526609,56.120984963278914,56.48517608642578,3784700,0.0,0.0
2022-08-26 00:00:00-04:00,56.4851737299562,56.51182078540839,55.38371579528778,55.40148162841797,5501300,0.0,0.0
2022-08-29 00:00:00-04:00,55.18829527212179,55.83673289634272,54.61091758789792,55.47254180908203,5220000,0.0,0.0
2022-08-30 00:00:00-04:00,55.52583755142451,55.685726656731916,54.886284518681,55.5169563293457,5584600,0.0,0.0
2022-08-31 00:00:00-04:00,55.694616443269204,56.82272150734015,55.694616443269204,56.37858581542969,8341600,0.0,0.0
2022-09-01 00:00:00-04:00,56.325279280036,57.737630689361346,56.24533473277283,57.693214416503906,6269600,0.0,0.0
2022-09-02 00:00:00-04:00,57.773168120169196,57.99523595268354,56.28975323696052,56.689476013183594,6737300,0.0,0.0
2022-09-06 00:00:00-04:00,56.6539355990511,56.70723309048014,55.78343023662424,56.30751037597656,7377500,0.0,0.0
2022-09-07 00:00:00-04:00,56.556231582294075,57.702102363165565,56.45852458642096,57.55109786987305,9626600,0.0,0.0
2022-09-08 00:00:00-04:00,58.101830510559054,58.31501373060084,57.462274073461316,57.82646179199219,8278400,0.0,0.0
2022-09-09 00:00:00-04:00,57.71986988469338,58.42159822156183,57.63992194667514,57.98634719848633,6497000,0.0,0.0
2022-09-12 00:00:00-04:00,60.784407323214886,61.18412671053291,59.940552271333544,60.41133499145508,18777900,0.0,0.0
2022-09-13 00:00:00-04:00,59.869488546390805,59.869488546390805,57.6754572935031,57.82646179199219,11799400,0.0,0.0
2022-09-14 00:00:00-04:00,57.86240411268385,58.80566224016309,57.86240411268385,58.55412673950195,9113200,0.73,0.0
2022-09-15 00:00:00-04:00,58.841598041240985,59.02126430136224,58.131904662253625,58.392425537109375,7088500,0.0,0.0
2022-09-16 00:00:00-04:00,58.4642982153083,59.227890146399176,58.221741210692,58.931434631347656,11766000,0.0,0.0
2022-09-19 00:00:00-04:00,58.706839441487915,59.16499727202489,58.03308074815678,59.12906265258789,6162700,0.0,0.0
2022-09-20 00:00:00-04:00,58.76074945121739,58.823633326755385,57.39526121978046,58.01512145996094,6958900,0.0,0.0
2022-09-21 00:00:00-04:00,58.01512084609836,58.868545841345,57.00897199430826,57.04490661621094,8776600,0.0,0.0
2022-09-22 00:00:00-04:00,56.910146070842046,57.78154169023832,56.53284287084389,57.287452697753906,6111800,0.0,0.0
2022-09-23 00:00:00-04:00,57.035917488498384,57.30542026498675,55.96688489651819,56.4699592590332,7603800,0.0,0.0
2022-09-26 00:00:00-04:00,56.1555436937196,56.5418323127243,55.850106260713886,56.00282669067383,6141300,0.0,0.0
2022-09-27 00:00:00-04:00,56.08367033750216,57.06286637989748,55.94891723664694,56.26333999633789,7125900,0.0,0.0
2022-09-28 00:00:00-04:00,56.59572944851997,57.8264644451753,56.335208601615065,57.431190490722656,7567500,0.0,0.0
2022-09-29 00:00:00-04:00,57.34135918602545,57.69171316444695,56.15554071203223,56.65861511230469,8431200,0.0,0.0
2022-09-30 00:00:00-04:00,56.73945991721719,57.11676653174557,55.347026101584156,55.41889190673828,8794700,0.0,0.0
2022-10-03 00:00:00-04:00,56.05672489103091,56.209441883907814,55.20329652384921,55.98485565185547,8094100,0.0,0.0
2022-10-04 00:00:00-04:00,57.57492039577143,58.71582223798294,57.13473332114759,58.670902252197266,11966000,0.0,0.0
2022-10-05 00:00:00-04:00,58.140881089319876,59.263812176941705,57.83544026949647,58.796669006347656,5802300,0.0,0.0
2022-10-06 00:00:00-04:00,58.29360134540474,58.71582455467005,58.04206586426655,58.34749984741211,5622300,0.0,0.0
2022-10-07 00:00:00-04:00,58.06901990224454,58.48225777729834,57.45814503176754,57.754600524902344,6723200,0.0,0.0
2022-10-10 00:00:00-04:00,58.00612897153222,58.257664442811894,57.59289114674025,57.907310485839844,4328500,0.0,0.0
2022-10-11 00:00:00-04:00,57.943257814291684,59.32671006363503,57.92529392832862,58.994319915771484,7154500,0.0,0.0
2022-10-12 00:00:00-04:00,59.15601665404368,59.62315989040932,58.67090953343094,58.74277877807617,6406000,0.0,0.0
2022-10-13 00:00:00-04:00,57.907316245699484,60.14419331359183,57.58391150650683,59.70400619506836,7690100,0.0,0.0
2022-10-14 00:00:00-04:00,59.856715442986626,60.18910550794566,59.30872453110063,59.443477630615234,7892200,0.0,0.0
2022-10-17 00:00:00-04:00,60.04537132574768,60.12622593275735,59.23686637861805,59.63213348388672,5799600,0.0,0.0
2022-10-18 00:00:00-04:00,59.775871194636174,60.26097826898873,59.68603807431038,60.07232666015625,6802300,0.0,0.0
2022-10-19 00:00:00-04:00,60.05435656770041,60.16216042554389,59.15601164715492,59.46145248413086,7058600,0.0,0.0
2022-10-20 00:00:00-04:00,59.43450164794922,59.77587024127384,59.021256964151455,59.43450164794922,6384200,0.0,0.0
2022-10-21 00:00:00-04:00,59.452464099242675,61.033552998250265,59.38958023214832,60.898799896240234,7814600,0.0,0.0
2022-10-24 00:00:00-04:00,61.18627147219714,62.318187961289475,61.16830073611683,61.98579788208008,7133100,0.0,0.0
2022-10-25 00:00:00-04:00,61.842062897134674,62.623625468851316,61.51866502155086,62.52480697631836,6711800,0.0,0.0
2022-10-26 00:00:00-04:00,62.88414222475601,64.15081180797762,62.77633837070707,63.620784759521484,8763100,0.0,0.0
2022-10-27 00:00:00-04:00,63.647726289507915,64.01605093912897,63.00990231819445,63.06380081176758,8881200,0.0,0.0
2022-10-28 00:00:00-04:00,66.80092242020375,71.51723279980922,66.46853236416807,71.2117919921875,27665700,0.0,0.0
2022-10-31 00:00:00-04:00,70.12480675636796,71.3016433375959,69.64868501486512,70.48414611816406,14674300,0.0,0.0
2022-11-01 00:00:00-04:00,70.30445875692853,71.46332425253915,69.76545330297213,71.27466583251953,10553100,0.0,0.0
2022-11-02 00:00:00-04:00,70.23261814110252,71.8676059012017,69.90022799643101,69.9631118774414,9785000,0.0,0.0
2022-11-03 00:00:00-04:00,69.46901970457729,71.48131056261171,69.31630270123355,71.38249206542969,8261100,0.0,0.0
2022-11-04 00:00:00-04:00,71.09502339967482,73.05341579167731,70.42126464353397,72.17303466796875,9103300,0.0,0.0
2022-11-07 00:00:00-05:00,71.47231961250463,73.26900945176381,71.42740647881985,73.1791763305664,8989300,0.0,0.0
2022-11-08 00:00:00-05:00,72.40660394219863,75.2813119875165,71.93946756876717,73.87091064453125,9344400,0.0,0.0
2022-11-09 00:00:00-05:00,74.11346935688708,75.05673443568818,73.82599920444383,73.95176696777344,10316500,0.0,0.0
2022-11-10 00:00:00-05:00,75.01179697460326,75.28130317831845,73.26900572592062,74.20328521728516,9397300,0.0,0.0
2022-11-11 00:00:00-05:00,73.13426089389218,73.64631720780334,71.93047517550515,73.50257873535156,11413200,0.0,0.0
2022-11-14 00:00:00-05:00,73.34986811189987,75.58674516631754,72.972564869724,74.4278793334961,7665200,0.0,0.0
2022-11-15 00:00:00-05:00,74.68839744246054,75.13756991053107,73.64632088052745,74.56262969970703,7121000,0.0,0.0
2022-11-16 00:00:00-05:00,74.27515249705661,74.95789650235717,74.14938476632062,74.45481872558594,6280300,0.0,0.0
2022-11-17 00:00:00-05:00,74.15837721066922,75.30825763217301,74.08650797086825,75.1196060180664,5757500,0.0,0.0
2022-11-18 00:00:00-05:00,75.12858453267057,75.51487312931587,74.55364432191868,75.1196060180664,7276400,0.0,0.0
2022-11-21 00:00:00-05:00,75.24538557812981,76.51204857286928,75.13758170149771,75.77540588378906,6347900,0.0,0.0
2022-11-22 00:00:00-05:00,76.04489915630771,77.39241654175737,75.94608066640184,76.5659408569336,7357700,0.0,0.0
2022-11-23 00:00:00-05:00,76.41321333672873,77.20376121796272,76.36830020500341,76.73661804199219,4680500,0.0,0.0
2022-11-25 00:00:00-05:00,76.39525193929529,77.62598693289699,76.14371646120507,77.4912338256836,4028700,0.0,0.0
2022-11-28 00:00:00-05:00,78.08415826525803,79.23403895287248,76.43120649026962,76.54798889160156,9253800,0.0,0.0
2022-11-29 00:00:00-05:00,76.80849686430648,77.14088697893374,76.09880349772072,77.04206848144531,6155600,0.0,0.0
2022-11-30 00:00:00-05:00,77.04208289610733,79.18912728174585,76.36832402562253,78.90165710449219,14657500,0.0,0.0
2022-12-01 00:00:00-05:00,79.23403034643158,79.92575987026427,78.80282856232829,78.96453094482422,8220500,0.0,0.0
2022-12-02 00:00:00-05:00,77.88650695824606,80.015587026414,77.75176069442325,79.97965240478516,6730400,0.0,0.0
2022-12-05 00:00:00-05:00,78.91060999535068,80.04252644925087,78.57822678030297,79.03638458251953,6811400,0.0,0.0
2022-12-06 00:00:00-05:00,79.04536660905096,79.65624142120978,78.28177480730935,79.01841735839844,6760500,0.0,0.0
2022-12-07 00:00:00-05:00,79.08130827572356,79.54845150809228,78.48840414704428,78.86570739746094,8861700,0.0,0.0
2022-12-08 00:00:00-05:00,78.93756566506198,80.50068380931079,78.6590740966264,80.37491607666016,6392200,0.0,0.0
2022-12-09 00:00:00-05:00,80.19525682690204,80.19525682690204,78.86571003698478,79.02741241455078,8276300,0.0,0.0
2022-12-12 00:00:00-05:00,78.91960661674672,79.55743074216589,78.54230336292046,79.53946685791016,5968400,0.0,0.0
2022-12-13 00:00:00-05:00,80.5186600305586,80.61747852904644,79.00046163837256,79.72811889648438,8462200,0.0,0.0
2022-12-14 00:00:00-05:00,79.71000706409424,80.87848413329166,79.27522216668554,80.07232666015625,8643500,0.73,0.0
2022-12-15 00:00:00-05:00,79.75530294630617,79.8005885785414,77.34588340562641,78.42378234863281,9898600,0.0,0.0
2022-12-16 00:00:00-05:00,78.20638313315774,78.9129094550458,77.71725962590897,78.58682250976562,28313000,0.0,0.0
2022-12-19 00:00:00-05:00,77.89839909838601,78.45999469600626,77.3820960319514,78.2788314819336,5834800,0.0,0.0
2022-12-20 00:00:00-05:00,75.76072494976437,77.22811595164491,74.10311774756659,76.78427124023438,10999000,0.0,0.0
2022-12-21 00:00:00-05:00,77.21907737469724,77.81690580697885,76.86581763222982,77.23719024658203,5320700,0.0,0.0
2022-12-22 00:00:00-05:00,77.21906594935328,77.41834206396223,76.42196840158869,77.2462387084961,4698800,0.0,0.0
2022-12-23 00:00:00-05:00,77.19189166697154,77.21906442557817,76.3404417070519,76.76616668701172,3955400,0.0,0.0
2022-12-27 00:00:00-05:00,77.21905980391533,77.41833590266499,76.71181657849483,77.00167083740234,3455900,0.0,0.0
2022-12-28 00:00:00-05:00,77.35494616713154,77.74443855430255,76.4944361946657,76.60313415527344,3285900,0.0,0.0
2022-12-29 00:00:00-05:00,76.91109188386686,77.50891326327837,76.6393504955258,77.22811889648438,3464100,0.0,0.0
2022-12-30 00:00:00-05:00,77.29151693632363,77.79876010819235,76.79332674204547,77.76252746582031,3831000,0.0,0.0
2023-01-03 00:00:00-05:00,77.0650766006771,78.03427743130321,76.83862774388902,77.34587097167969,6050600,0.0,0.0
2023-01-04 00:00:00-05:00,78.07956491408281,78.35130631296258,76.93826762439781,77.44551086425781,5713900,0.0,0.0
2023-01-05 00:00:00-05:00,77.00166270801722,78.26977754835896,76.99260281975673,77.76252746582031,5710700,0.0,0.0
2023-01-06 00:00:00-05:00,78.45093518484705,79.97267163702435,78.0976755540443,79.78245544433594,5939400,0.0,0.0
2023-01-09 00:00:00-05:00,79.50165522661493,79.61941304553302,76.94731260326033,77.08318328857422,5435700,0.0,0.0
2023-01-10 00:00:00-05:00,77.1737770885613,79.28428235107896,76.86580992270285,78.93102264404297,5034500,0.0,0.0
2023-01-11 00:00:00-05:00,78.91291294558101,78.98537133943714,77.91653228500141,78.976318359375,5947100,0.0,0.0
2023-01-12 00:00:00-05:00,78.35129462955427,78.43281289066005,77.06506694275124,77.644775390625,6013300,0.0,0.0
2023-01-13 00:00:00-05:00,77.48175557240386,78.17016215556563,77.29153932784703,78.14298248291016,5305700,0.0,0.0
2023-01-17 00:00:00-05:00,77.94371467759332,78.23356899514975,77.31871349790175,77.36400604248047,5959800,0.0,0.0
2023-01-18 00:00:00-05:00,77.01072782598268,77.11036588054577,75.72449991702216,75.85131072998047,6374800,0.0,0.0
2023-01-19 00:00:00-05:00,76.24079807567848,76.61217751126344,75.40746795622468,75.74261474609375,6922500,0.0,0.0
2023-01-20 00:00:00-05:00,75.67014919577116,75.90565793678341,74.73718103145826,75.19007873535156,16678600,0.0,0.0
2023-01-23 00:00:00-05:00,74.96362596599363,76.43101002709693,74.65565194989146,75.38935089111328,5673100,0.0,0.0
2023-01-24 00:00:00-05:00,75.57051866574736,76.15928712151289,74.37486888495376,76.10493469238281,4776400,0.0,0.0
2023-01-25 00:00:00-05:00,76.22269570912995,76.58501530553399,75.6882727495329,76.15023040771484,3892800,0.0,0.0
2023-01-26 00:00:00-05:00,75.86942555076409,75.91471117490603,74.82775944611156,75.74261474609375,3670900,0.0,0.0
2023-01-27 00:00:00-05:00,75.47993508337171,76.05964360758368,75.28065898242309,75.84225463867188,4108300,0.0,0.0
2023-01-30 00:00:00-05:00,75.65204572774975,75.94190004430543,74.57415365935287,75.49806213378906,7283000,0.0,0.0
2023-01-31 00:00:00-05:00,75.65203136992736,76.27703242884354,75.38935677628069,76.032470703125,9621800,0.0,0.0
2023-02-01 00:00:00-05:00,76.09588239981427,76.68465086089314,74.90928558760788,76.08682250976562,6673600,0.0,0.0
2023-02-02 00:00:00-05:00,74.61036157557585,74.7281124770926,72.89840900622696,73.7226791381836,10933800,0.0,0.0
2023-02-03 00:00:00-05:00,76.68464157908615,78.77702673343038,75.74261353751604,76.53971099853516,12852400,0.0,0.0
2023-02-06 00:00:00-05:00,76.53971485889066,78.96724692019119,76.53971485889066,78.22449493408203,7611100,0.0,0.0
2023-02-07 00:00:00-05:00,78.44189373634781,78.52341892990474,77.33682205275872,77.94371032714844,7298600,0.0,0.0
2023-02-08 00:00:00-05:00,77.35493320204448,77.92558185057935,77.25529514918858,77.59949493408203,7376600,0.0,0.0
2023-02-09 00:00:00-05:00,77.74441286518076,78.4509320989955,77.11035200382337,77.47267150878906,6656800,0.0,0.0
2023-02-10 00:00:00-05:00,77.4998568093371,78.76797182668695,77.24623518800131,78.53246307373047,5522200,0.0,0.0
2023-02-13 00:00:00-05:00,78.53245247506122,79.54694573416018,78.25165813371676,79.24803161621094,5801700,0.0,0.0
2023-02-14 00:00:00-05:00,79.33861666539144,79.35673644357165,77.01072273751343,77.60855102539062,7206200,0.0,0.0
2023-02-15 00:00:00-05:00,77.23717966755392,77.23717966755392,76.48537465054426,77.03791046142578,5614900,0.0,0.0
2023-02-16 00:00:00-05:00,76.36761670384796,76.77522882690673,75.5161736296452,75.53428649902344,5760600,0.0,0.0
2023-02-17 00:00:00-05:00,75.73356417490058,77.21906827866876,75.4346499939704,76.77523040771484,6306200,0.0,0.0
2023-02-21 00:00:00-05:00,76.74805197897084,77.43645154941183,76.64841392602027,76.6665267944336,6085600,0.0,0.0
2023-02-22 00:00:00-05:00,76.65746511509963,76.76616305505445,75.21725369171968,75.63391876220703,4986800,0.0,0.0
2023-02-23 00:00:00-05:00,75.31689430708633,75.95094836840383,74.50167700634171,74.76435852050781,5344800,0.0,0.0
2023-02-24 00:00:00-05:00,74.51978668086701,74.54696634861932,72.76254825310434,73.06146240234375,6290000,0.0,0.0
2023-02-27 00:00:00-05:00,73.51435928171637,73.65022306558365,72.98899628186088,73.26979064941406,4930000,0.0,0.0
2023-02-28 00:00:00-05:00,73.19733196080773,73.30602990837795,72.39117452067445,72.94371032714844,5808900,0.0,0.0
2023-03-01 00:00:00-05:00,72.77160120817615,72.77160120817615,71.911098317739,72.09225463867188,5269700,0.0,0.0
2023-03-02 00:00:00-05:00,72.0198001163327,72.3730597985529,71.74805870969976,72.11943817138672,3459400,0.0,0.0
2023-03-03 00:00:00-05:00,72.29153421332131,73.53247649444552,72.09225810431309,73.4328384399414,4915300,0.0,0.0
2023-03-06 00:00:00-05:00,73.46906280517578,73.67739186970957,72.95275972216697,73.46906280517578,4500400,0.0,0.0
2023-03-07 00:00:00-05:00,73.64117755609476,73.64117755609476,72.40929511250448,72.7172622680664,6112600,0.0,0.0
2023-03-08 00:00:00-05:00,72.91653970034552,73.21545388190188,72.3005984674437,72.6447982788086,3859700,0.0,0.0
2023-03-09 00:00:00-05:00,72.97992594698702,73.097676846375,70.91471379975405,71.51253509521484,7500000,0.0,0.0
2023-03-10 00:00:00-05:00,71.57595730718202,72.74443433044841,71.46726627010595,72.0107421875,6203800,0.0,0.0
2023-03-13 00:00:00-04:00,71.16834834304237,73.61399329765612,71.16834834304237,72.0197982788086,6845700,0.0,0.0
2023-03-14 00:00:00-04:00,72.26668979514281,73.0713847320872,71.61745172877626,72.943359375,5499100,0.75,0.0
2023-03-15 00:00:00-04:00,72.33070666326994,73.05310015994513,71.79120157007664,72.8336410522461,4875400,0.0,0.0
2023-03-16 00:00:00-04:00,72.40385722518587,73.12625067397536,71.70889529098051,73.01651763916016,7274500,0.0,0.0
2023-03-17 00:00:00-04:00,72.93422145576945,72.93422145576945,69.98063853415536,70.69388580322266,16828100,0.0,0.0
2023-03-20 00:00:00-04:00,71.05965252848884,72.86106295022483,70.98649717675336,72.6598892211914,4672600,0.0,0.0
2023-03-21 00:00:00-04:00,72.72391035984194,73.19941324777896,71.65403932670283,72.3672866821289,4744800,0.0,0.0
2023-03-22 00:00:00-04:00,72.33070415850354,72.58674093803256,71.10538329176352,71.1511001586914,4909500,0.0,0.0
2023-03-23 00:00:00-04:00,71.12366264949726,72.17524817092554,70.99564427052113,72.0197982788086,5015600,0.0,0.0
2023-03-24 00:00:00-04:00,72.17524871789429,73.51944868380887,71.62659752148465,73.15367889404297,4806500,0.0,0.0
2023-03-27 00:00:00-04:00,73.50116310231355,74.05896051318688,72.61418052456857,72.7696304321289,4444900,0.0,0.0
2023-03-28 00:00:00-04:00,73.11710510370581,74.16869068899678,72.96165520214839,74.0406723022461,4154900,0.0,0.0
2023-03-29 00:00:00-04:00,74.30584333089817,74.95508132436339,74.00408276342796,74.3332748413086,5469300,0.0,0.0
2023-03-30 00:00:00-04:00,74.78135198901604,74.89108502601471,74.12296771998189,74.4795913696289,3822700,0.0,0.0
2023-03-31 00:00:00-04:00,74.65333281322253,76.02496436708107,74.24184613765651,75.86951446533203,7135600,0.0,0.0
2023-04-03 00:00:00-04:00,75.84208716164162,76.62848985430402,75.56775804504618,76.11640930175781,5083600,0.0,0.0
2023-04-04 00:00:00-04:00,76.0432455848577,76.30842150722727,74.81791794799304,75.09224700927734,4490600,0.0,0.0
2023-04-05 00:00:00-04:00,75.25685079910059,76.55532693971637,74.93679786915739,76.49131774902344,4615000,0.0,0.0
2023-04-06 00:00:00-04:00,76.87536712747668,77.57032898607629,76.13468840837008,76.23527526855469,3729100,0.0,0.0
2023-04-10 00:00:00-04:00,76.35415400681308,76.35415400681308,75.27513694059178,75.53117370605469,3465500,0.0,0.0
2023-04-11 00:00:00-04:00,75.49458844922096,75.99752274265771,75.22026636082829,75.47630310058594,3669400,0.0,0.0
2023-04-12 00:00:00-04:00,75.86950870644371,76.1163992977473,74.74476784800267,75.12882995605469,5146700,0.0,0.0
2023-04-13 00:00:00-04:00,74.94594013511006,76.20783853306737,74.91850862287941,76.14382934570312,4224700,0.0,0.0
2023-04-14 00:00:00-04:00,75.92437365212399,76.11640122276731,74.96423579890741,75.89694213867188,4886600,0.0,0.0
2023-04-17 00:00:00-04:00,76.27184810042367,76.57360168534142,75.92436370494629,76.47301483154297,4444700,0.0,0.0
2023-04-18 00:00:00-04:00,76.57361366752107,76.74735589244682,75.86951255723235,76.61019134521484,4283900,0.0,0.0
2023-04-19 00:00:00-04:00,76.3175665552025,77.0948229155207,76.25355737203459,76.91194152832031,3112200,0.0,0.0
2023-04-20 00:00:00-04:00,76.58274865933822,77.61604174165764,76.53702482477144,77.44230651855469,5927700,0.0,0.0
2023-04-21 00:00:00-04:00,77.60690239866415,79.44488333969987,77.49716938181281,79.16141510009766,8039500,0.0,0.0
2023-04-24 00:00:00-04:00,79.20714794926855,79.8929636855685,79.08826875669702,79.2802963256836,6630800,0.0,0.0
2023-04-25 00:00:00-04:00,79.50890241308554,79.62778160691595,78.18299476612282,78.26528930664062,5378600,0.0,0.0
2023-04-26 00:00:00-04:00,77.03081887343065,77.1954149234873,75.80549814915855,76.5736083984375,4439500,0.0,0.0
2023-04-27 00:00:00-04:00,76.57362999985841,76.6833630563446,75.36659428443087,76.39989471435547,8659000,0.0,0.0
2023-04-28 00:00:00-04:00,75.4580135494559,75.75977413661126,73.22683118063242,75.17454528808594,10709400,0.0,0.0
2023-05-01 00:00:00-04:00,75.41230090647038,75.48545626074787,74.25098233087074,74.45215606689453,5561300,0.0,0.0
2023-05-02 00:00:00-04:00,74.55273811990597,75.01909475270698,73.22683054753381,73.55602264404297,5647900,0.0,0.0
2023-05-03 00:00:00-04:00,73.60174793015241,73.97666390716721,72.34899556393373,72.65074920654297,5057400,0.0,0.0
2023-05-04 00:00:00-04:00,72.79706133083455,72.86107052613903,71.69975884662075,71.80033874511719,4564200,0.0,0.0
2023-05-05 00:00:00-04:00,72.0106507543486,72.99822706762018,71.52600876074635,72.9250717163086,4613700,0.0,0.0
2023-05-08 00:00:00-04:00,72.79706277413962,72.84278661875467,71.44371650539681,71.86434936523438,3823400,0.0,0.0
2023-05-09 00:00:00-04:00,71.60830988991772,72.49529942089984,71.59917070252125,72.05638122558594,4546600,0.0,0.0
2023-05-10 00:00:00-04:00,72.02893688210197,72.09294607107157,70.55672553580139,71.42542266845703,5613900,0.0,0.0
2023-05-11 00:00:00-04:00,71.47114648798357,72.01979767564038,70.82190145885555,71.96492767333984,5123500,0.0,0.0
2023-05-12 00:00:00-04:00,72.02893683195698,72.31241207703498,71.24254121508307,71.48028564453125,3519100,0.0,0.0
2023-05-15 00:00:00-04:00,71.3888492193018,71.69060983223055,71.16939012648035,71.67231750488281,2723300,0.0,0.0
2023-05-16 00:00:00-04:00,72.94336222687143,72.94336222687143,71.47115079231226,71.6174545288086,5764300,0.0,0.0
2023-05-17 00:00:00-04:00,71.46200697063018,72.25754882494839,70.45614520363722,72.06552124023438,5506900,0.0,0.0
2023-05-18 00:00:00-04:00,72.129536707565,72.2849936028341,70.73961965027601,71.51687622070312,5049900,0.0,0.0
2023-05-19 00:00:00-04:00,72.03808736480944,72.80620465498104,71.91921514287473,72.10209655761719,5694300,0.0,0.0
2023-05-22 00:00:00-04:00,72.51359894953828,73.01652638896476,71.69061853100084,71.89179229736328,3559500,0.0,0.0
2023-05-23 00:00:00-04:00,71.873487070998,72.75133036776006,71.4162765845712,71.8552017211914,4542900,0.0,0.0
2023-05-24 00:00:00-04:00,72.34898232688613,72.4770006915959,71.45284679744013,72.28497314453125,5863900,0.0,0.0
2023-05-25 00:00:00-04:00,70.84020281423626,71.48944094963626,69.7337541347676,71.00479888916016,8118100,0.0,0.0
2023-05-26 00:00:00-04:00,71.32484041510875,71.89178396583814,70.41956554786952,70.49271392822266,5439000,0.0,0.0
2023-05-30 00:00:00-04:00,69.9714799674666,70.2915328442966,69.50513035972884,69.79774475097656,5038500,0.0,0.0
2023-05-31 00:00:00-04:00,70.06293823780219,70.42870104986542,69.74288531252918,70.35555267333984,8073100,0.0,0.0
2023-06-01 00:00:00-04:00,70.9042080824094,70.9042080824094,69.37712662419355,69.68802642822266,5031200,0.0,0.0
2023-06-02 00:00:00-04:00,69.60572124477629,71.31568385853737,69.31310683657004,71.2242431640625,4877200,0.0,0.0
2023-06-05 00:00:00-04:00,71.16025022462614,71.35227781980242,70.57502127461858,71.06880950927734,5744100,0.0,0.0
2023-06-06 00:00:00-04:00,71.5900223396556,71.71804072406313,69.51428272187304,69.67887878417969,5408500,0.0,0.0
2023-06-07 00:00:00-04:00,69.63314675150332,69.70630209136667,68.69129442431361,69.56913757324219,7037500,0.0,0.0
2023-06-08 00:00:00-04:00,69.27654174279809,71.74547582432021,69.27654174279809,71.69061279296875,8860500,0.0,0.0
2023-06-09 00:00:00-04:00,70.88591213683972,71.69060707368627,70.6664530524627,71.4345703125,6375300,0.0,0.0
2023-06-12 00:00:00-04:00,71.50773058941019,71.5991782848906,70.23668575880474,71.19683074951172,5687100,0.0,0.0
2023-06-13 00:00:00-04:00,70.41042040153665,71.78205196780036,70.31897969241486,71.736328125,4920500,0.0,0.0
2023-06-14 00:00:00-04:00,72.05022085958322,72.38259045442075,71.38548166990815,71.96712493896484,6069400,0.75,0.0
2023-06-15 00:00:00-04:00,72.27182217466621,72.94579603289228,71.80096391874993,72.93656158447266,6526200,0.0,0.0
2023-06-16 00:00:00-04:00,73.16736270621182,73.4258708733047,72.47492709700477,72.80729675292969,13982700,0.0,0.0
2023-06-20 00:00:00-04:00,72.60417239627454,73.10272681984252,71.74555206298828,71.74555206298828,5410000,0.0,0.0
2023-06-21 00:00:00-04:00,71.70862134779728,72.42875316748241,71.09004730204911,71.65322875976562,5342300,0.0,0.0
2023-06-22 00:00:00-04:00,71.7824908815501,72.1887220228762,71.37625974022401,72.11486053466797,3408800,0.0,0.0
2023-06-23 00:00:00-04:00,72.3179802506086,72.34567654931945,71.33010568161075,71.52398681640625,4815500,0.0,0.0
2023-06-26 00:00:00-04:00,71.27470813045427,71.27470813045427,69.20663558817097,70.68383026123047,6106200,0.0,0.0
2023-06-27 00:00:00-04:00,70.7669184539308,70.98849586966982,69.98215953016503,70.17604064941406,5111200,0.0,0.0
2023-06-28 00:00:00-04:00,70.09293863586102,70.3699156643725,69.47436458851294,70.3329849243164,4486900,0.0,0.0
2023-06-29 00:00:00-04:00,70.05601397286534,70.60996807794146,69.6959480308573,70.17604064941406,5295800,0.0,0.0
2023-06-30 00:00:00-04:00,70.61918557887942,71.31162106931427,70.3145193163898,71.15467071533203,6017200,0.0,0.0
2023-07-03 00:00:00-04:00,70.40684241848123,70.94232050943343,70.01907319175427,70.83153533935547,3437300,0.0,0.0
2023-07-05 00:00:00-04:00,70.69305615512432,71.64399989072245,70.25912873158289,71.31163024902344,5308300,0.0,0.0
2023-07-06 00:00:00-04:00,71.00696308824203,71.12698271814058,70.18526639678035,70.38838195800781,5020300,0.0,0.0
2023-07-07 00:00:00-04:00,69.85290843556368,70.11141660560874,68.62498758403031,68.70807647705078,6550700,0.0,0.0
2023-07-10 00:00:00-04:00,68.78192577443039,70.05600454830305,68.73576059061159,69.8805923461914,5554900,0.0,0.0
2023-07-11 00:00:00-04:00,69.69595270880792,70.39762279019938,69.57593306802261,70.27760314941406,3529800,0.0,0.0
2023-07-12 00:00:00-04:00,70.4991773100531,71.25623995302753,70.47148101298879,70.51763916015625,5185100,0.0,0.0
2023-07-13 00:00:00-04:00,70.81307695455129,71.35779661558398,70.44378360774435,70.82231140136719,3341700,0.0,0.0
2023-07-14 00:00:00-04:00,70.72998720440548,71.68093094412367,70.59149867912771,71.26547241210938,6072300,0.0,0.0
2023-07-17 00:00:00-04:00,70.78537557997421,71.79171889614236,70.59149447366335,71.53321075439453,4954600,0.0,0.0
2023-07-18 00:00:00-04:00,71.58861443154971,72.80730089127107,71.45936034065652,72.21642303466797,5244900,0.0,0.0
2023-07-19 00:00:00-04:00,72.1056191148489,73.49049018764556,72.1056191148489,72.89961242675781,5351600,0.0,0.0
2023-07-20 00:00:00-04:00,73.45355907164881,74.5799219987769,73.43509722338604,73.80439758300781,6046000,0.0,0.0
2023-07-21 00:00:00-04:00,74.23833298923392,74.90306525571023,73.85979814271926,74.45067596435547,14984400,0.0,0.0
2023-07-24 00:00:00-04:00,73.69360488501525,74.02597450214184,70.39761205169205,71.69939422607422,11333500,0.0,0.0
2023-07-25 00:00:00-04:00,71.10852574942156,72.15180002634504,70.96080979891543,71.30241394042969,5298400,0.0,0.0
2023-07-26 00:00:00-04:00,70.87770313256783,71.44088463656348,70.72998720440548,71.26547241210938,4049700,0.0,0.0
2023-07-27 00:00:00-04:00,71.39473513786722,72.27181749782515,70.5361146297335,70.6376724243164,6258600,0.0,0.0
2023-07-28 00:00:00-04:00,70.5545766211576,71.38550083128911,70.48071512607483,70.96080780029297,5026500,0.0,0.0
2023-07-31 00:00:00-04:00,70.78537866496475,70.98849422628132,70.02831605521504,70.29605865478516,6059500,0.0,0.0
2023-08-01 00:00:00-04:00,70.24990387665981,70.51764651590862,69.33589075910002,69.87137603759766,4025300,0.0,0.0
2023-08-02 00:00:00-04:00,70.1668149767998,70.46225391600196,69.56670265047109,69.87137603759766,5325400,0.0,0.0
2023-08-03 00:00:00-04:00,69.9083065589624,70.0006299064477,69.40051758206342,69.7328872680664,5747700,0.0,0.0
2023-08-04 00:00:00-04:00,71.44088121535071,73.98904600944866,71.3208615892277,72.64110565185547,9062400,0.0,0.0
2023-08-07 00:00:00-04:00,72.31798240622152,74.75535537890207,71.95791642460868,74.47837829589844,6831500,0.0,0.0
2023-08-08 00:00:00-04:00,74.49683627258446,74.70917923378728,72.73343032648198,73.93365478515625,5546500,0.0,0.0
2023-08-09 00:00:00-04:00,74.3860545779442,75.18004803184743,73.88750005731984,74.01675415039062,4551300,0.0,0.0
2023-08-10 00:00:00-04:00,74.21062610535373,74.86613093731866,73.81362942753621,73.85979461669922,3776200,0.0,0.0
2023-08-11 00:00:00-04:00,73.85979461669922,73.97981424717655,73.36124015777823,73.85979461669922,3383600,0.0,0.0
2023-08-14 00:00:00-04:00,73.91519461159116,74.24756428416019,73.41664010273762,73.7213134765625,3682000,0.0,0.0
2023-08-15 00:00:00-04:00,73.51819322640488,74.05367844752632,72.89961911432621,73.52742767333984,3798600,0.0,0.0
2023-08-16 00:00:00-04:00,73.04734540937278,74.36758962830004,71.93021676932963,72.0133056640625,7264600,0.0,0.0
2023-08-17 00:00:00-04:00,72.00407002009361,72.11486225504903,70.62843322753906,70.62843322753906,5741200,0.0,0.0
2023-08-18 00:00:00-04:00,70.6746038654336,70.82231981293678,69.88983780071443,70.05602264404297,6483800,0.0,0.0
2023-08-21 00:00:00-04:00,69.8621236955748,70.40684328247538,69.7421040785782,70.11140441894531,5359200,0.0,0.0
2023-08-22 00:00:00-04:00,69.88060477734831,70.8592448627993,69.57593141510887,70.48994445800781,4534900,0.0,0.0
2023-08-23 00:00:00-04:00,72.29028514374451,72.91809375221285,71.05312977831292,71.12699127197266,7422800,0.0,0.0
2023-08-24 00:00:00-04:00,71.32085186540841,72.14254137517437,70.43453532826146,70.47146606445312,4793900,0.0,0.0
2023-08-25 00:00:00-04:00,70.7299959110242,71.2654811846445,70.2314413849453,70.96080780029297,3773300,0.0,0.0
2023-08-28 00:00:00-04:00,71.35780315679455,71.54244984712417,70.74845639983128,71.12699127197266,2783500,0.0,0.0
2023-08-29 00:00:00-04:00,71.3208746470271,72.2441222152734,71.13622795090582,72.20719146728516,4156300,0.0,0.0
2023-08-30 00:00:00-04:00,72.21641049990737,72.47491863682394,71.57936755977835,71.69939422607422,3297900,0.0,0.0
2023-08-31 00:00:00-04:00,71.34855613838592,71.46858280539068,70.38837802144016,70.6099624633789,9200000,0.0,0.0
2023-09-01 00:00:00-04:00,71.29317278818557,71.46859206649712,70.6007371659908,70.76692199707031,2993000,0.0,0.0
2023-09-05 00:00:00-04:00,71.04388785069608,71.09005304032779,69.36357778785927,69.39128112792969,6045600,0.0,0.0
2023-09-06 00:00:00-04:00,69.35434760043293,69.37280944925298,67.62787241728185,68.54188537597656,5753800,0.0,0.0
2023-09-07 00:00:00-04:00,68.89272398425764,69.0219780576161,68.05256546360901,68.2649154663086,6586100,0.0,0.0
2023-09-08 00:00:00-04:00,70.2776013163568,70.72075616602027,69.2897267860336,70.16680908203125,6695200,0.0,0.0
2023-09-11 00:00:00-04:00,70.21297818034749,71.24701091630494,70.16681298585522,71.12699127197266,8053800,0.0,0.0
2023-09-12 00:00:00-04:00,71.08082300167837,71.30240747306921,70.42531812240749,70.90541076660156,4181200,0.0,0.0
2023-09-13 00:00:00-04:00,71.09005439163397,71.57937441822767,71.01619290434685,71.37625885009766,4407700,0.0,0.0
2023-09-14 00:00:00-04:00,71.59068716668503,72.46704372243848,71.54406973221317,72.1220932006836,4424400,0.75,0.0
2023-09-15 00:00:00-04:00,71.98224659554953,72.16870921695086,70.31344347632167,70.54651641845703,11145100,0.0,0.0
2023-09-18 00:00:00-04:00,70.72366414119054,70.99402964587516,70.05241283477667,70.49991607666016,3337800,0.0,0.0
2023-09-19 00:00:00-04:00,70.28547929091236,70.9753732417065,70.16428391570403,70.6397476196289,4002700,0.0,0.0
2023-09-20 00:00:00-04:00,70.83553332074176,71.21776925590369,70.60246037328487,70.68636322021484,4826300,0.0,0.0
2023-09-21 00:00:00-04:00,70.74229779873706,70.98469565344566,70.1269889217959,70.17359924316406,5271600,0.0,0.0
2023-09-22 00:00:00-04:00,69.6981328133768,70.49057937367122,69.31588978396118,69.93120574951172,4351800,0.0,0.0
2023-09-25 00:00:00-04:00,69.68881216559589,69.85662497438713,69.48370683120416,69.76339721679688,3885700,0.0,0.0
2023-09-26 00:00:00-04:00,70.30413751675111,71.10590202889134,70.22022754478743,70.41600799560547,5643900,0.0,0.0
2023-09-27 00:00:00-04:00,70.54651706749361,70.91011029154416,70.0524035636722,70.43464660644531,4443100,0.0,0.0
2023-09-28 00:00:00-04:00,70.65839657249933,70.90079443276517,70.11766561991477,70.31344604492188,3482900,0.0,0.0
2023-09-29 00:00:00-04:00,70.3973575930357,70.62110563911396,69.53032591255744,69.86595153808594,4179900,0.0,0.0
2023-10-02 00:00:00-04:00,69.92188879513738,69.95918132270013,68.20647520418473,69.08282470703125,4578700,0.0,0.0
2023-10-03 00:00:00-04:00,68.2530857609707,68.86840179861372,67.93610994484361,68.30902099609375,6075300,0.0,0.0
2023-10-04 00:00:00-04:00,68.3369937420176,69.75407418895526,68.29037630555389,69.67948913574219,4707600,0.0,0.0
2023-10-05 00:00:00-04:00,69.6142214121749,69.94984700226571,69.12943284472229,69.6421890258789,4781900,0.0,0.0
2023-10-06 00:00:00-04:00,69.41844856231857,69.93121191213078,68.90569232532853,69.67948913574219,4635200,0.0,0.0
2023-10-09 00:00:00-04:00,69.71677317904356,70.2388542623627,69.21333480034812,69.97781372070312,3394000,0.0,0.0
2023-10-10 00:00:00-04:00,69.97782859778724,71.28303869639026,69.7167880006312,70.82621765136719,5040100,0.0,0.0
2023-10-11 00:00:00-04:00,71.08724970138196,71.79579346048752,70.86350166112514,71.74917602539062,4434100,0.0,0.0
2023-10-12 00:00:00-04:00,71.67459935863964,71.88902962721805,71.12455054682735,71.56272888183594,4037900,0.0,0.0
2023-10-13 00:00:00-04:00,71.96360270177695,72.58823646931047,71.75849737803242,72.3924560546875,5651800,0.0,0.0
2023-10-16 00:00:00-04:00,72.4763564655075,74.06125666035577,72.37380380707759,73.8375015258789,6958200,0.0,0.0
2023-10-17 00:00:00-04:00,73.82818088431658,75.58088669323554,73.28744999940439,75.03083801269531,10602200,0.0,0.0
2023-10-18 00:00:00-04:00,75.021532184335,75.24528025427196,74.14517550058278,74.27569580078125,6781900,0.0,0.0
2023-10-19 00:00:00-04:00,73.71631621882793,74.46215254318632,72.93319447979172,73.12897491455078,5563400,0.0,0.0
2023-10-20 00:00:00-04:00,73.4086600087898,73.73496074142129,72.47636813680123,72.53231048583984,5183700,0.0,0.0
2023-10-23 00:00:00-04:00,72.43907589659925,72.69079868621832,71.94496234053096,72.30855560302734,4049700,0.0,0.0
2023-10-24 00:00:00-04:00,72.33651619475583,73.22219765833069,72.04750801746583,72.85860443115234,5424800,0.0,0.0
2023-10-25 00:00:00-04:00,72.63485561568102,73.2781321038121,72.18735243396998,73.08235168457031,5148000,0.0,0.0
2023-10-26 00:00:00-04:00,73.19423091541205,73.60443446904445,72.38313449205604,73.18490600585938,4630900,0.0,0.0
2023-10-27 00:00:00-04:00,73.08235086465216,73.18490352779327,71.16183210550345,71.43219757080078,6037800,0.0,0.0
2023-10-30 00:00:00-04:00,71.71187176014011,72.70942353763876,71.69322905684646,72.50431823730469,4760800,0.0,0.0
2023-10-31 00:00:00-04:00,72.33651701273797,73.38068638451664,72.21532163991533,73.22219848632812,4684100,0.0,0.0
2023-11-01 00:00:00-04:00,73.65104573792864,74.97489827069784,73.4739080353675,74.7604751586914,5446100,0.0,0.0
2023-11-02 00:00:00-04:00,74.40620465921641,75.80464232871873,74.24771676375006,75.73006439208984,6166100,0.0,0.0
2023-11-03 00:00:00-04:00,76.4479321618782,76.99798094254672,75.99111114420846,76.06568908691406,7040000,0.0,0.0
2023-11-06 00:00:00-05:00,76.14026214924431,76.42927741568555,75.2732305755631,75.64614868164062,6649800,0.0,0.0
2023-11-07 00:00:00-05:00,75.58089959882675,75.84194017740693,74.88168071499173,75.15204620361328,7609000,0.0,0.0
2023-11-08 00:00:00-05:00,72.2432985872544,72.96116734583474,70.00579656604191,72.62554168701172,13103500,0.0,0.0
2023-11-09 00:00:00-05:00,72.28057601066142,72.44838880499975,69.6608385500445,69.90323638916016,8878900,0.0,0.0
2023-11-10 00:00:00-05:00,70.35073344756485,70.88213945183584,69.79135982930404,70.77958679199219,5946700,0.0,0.0
2023-11-13 00:00:00-05:00,70.26683910697355,70.52787968622302,69.49303516646808,69.85662841796875,4742500,0.0,0.0
2023-11-14 00:00:00-05:00,70.22022423124723,70.59314240641801,69.5023626121221,69.66085052490234,5534400,0.0,0.0
2023-11-15 00:00:00-05:00,69.20402105404162,70.3507359452655,69.09214348128883,69.95917510986328,7102100,0.0,0.0
2023-11-16 00:00:00-05:00,70.41599718495591,70.9940206506461,68.98026698655524,69.47438049316406,6820700,0.0,0.0
2023-11-17 00:00:00-05:00,69.81933425897459,70.39735775153557,69.5210011592578,70.34141540527344,7874500,0.0,0.0
2023-11-20 00:00:00-05:00,70.13632535190003,70.94741478259063,69.98715522824664,70.85418701171875,7012200,0.0,0.0
2023-11-21 00:00:00-05:00,70.85418122268067,70.99402642397412,69.49303596325733,69.63288116455078,5120400,0.0,0.0
2023-11-22 00:00:00-05:00,69.91255190247539,70.6024528749082,69.82864906445636,70.57447814941406,4419100,0.0,0.0
2023-11-24 00:00:00-05:00,70.75162437567428,70.8448521334297,69.9498528558982,70.27615356445312,1931000,0.0,0.0
2023-11-27 00:00:00-05:00,70.02443538077664,70.20157309309624,69.47437953806815,69.84729766845703,4552100,0.0,0.0
2023-11-28 00:00:00-05:00,69.73543048184432,69.87526856358544,69.16673190669026,69.4650650024414,6792700,0.0,0.0
2023-11-29 00:00:00-05:00,69.78203136932856,70.3414049591242,69.62354348957034,70.13630676269531,5091700,0.0,0.0
2023-11-30 00:00:00-05:00,70.27615418260862,71.54407161513645,70.2108940403236,71.4135513305664,10393600,0.0,0.0
2023-12-01 00:00:00-05:00,71.58135966883094,72.40178096380906,71.04062874492656,72.3924560546875,5400500,0.0,0.0
2023-12-04 00:00:00-05:00,72.05683396320363,73.15693857000147,71.93563859000848,73.03573608398438,8194600,0.0,0.0
2023-12-05 00:00:00-05:00,73.06370902915897,73.91209084645917,72.57891332256877,73.66969299316406,6276900,0.0,0.0
2023-12-06 00:00:00-05:00,73.88412640837603,74.75115808165597,73.68834598058018,73.98667907714844,5745300,0.0,0.0
2023-12-07 00:00:00-05:00,74.19177845565515,74.40620157290452,72.57891061408807,72.76537322998047,8588600,0.0,0.0
2023-12-08 00:00:00-05:00,72.82131117586387,73.87479832188902,72.66282328105706,73.66969299316406,6569000,0.0,0.0
2023-12-11 00:00:00-05:00,74.23838301408394,75.36645507961344,74.07989513749025,74.667236328125,8190000,0.0,0.0
2023-12-12 00:00:00-05:00,75.31051631935715,75.6834343918713,74.6392652113958,75.34780883789062,6118200,0.0,0.0
2023-12-13 00:00:00-05:00,75.79532296568577,77.49209368510174,75.41307992976719,77.46411895751953,10582400,0.0,0.0
2023-12-14 00:00:00-05:00,77.52058251589213,77.57702724411531,76.26933840446839,76.93729400634766,8531100,0.75,0.0
2023-12-15 00:00:00-05:00,76.53273905185912,77.43589038314454,75.3567596344132,75.5731430053711,20354200,0.0,0.0
2023-12-18 00:00:00-05:00,75.85538026387657,75.85538026387657,74.72644279736134,74.79229736328125,4926700,0.0,0.0
2023-12-19 00:00:00-05:00,74.8675645806711,75.28150450584704,74.52888189250284,74.78289031982422,7452300,0.0,0.0
2023-12-20 00:00:00-05:00,74.9428331964563,75.05572264710102,73.92678507499359,73.93618774414062,5227800,0.0,0.0
2023-12-21 00:00:00-05:00,74.15256333927162,74.7170320658384,73.8703253871836,74.25605010986328,3791000,0.0,0.0
2023-12-22 00:00:00-05:00,74.50065587521813,75.26268829739428,74.4724335155241,74.94282531738281,4109700,0.0,0.0
2023-12-26 00:00:00-05:00,74.99927623853414,75.31913924499538,74.6888159010089,75.21565246582031,2659500,0.0,0.0
2023-12-27 00:00:00-05:00,75.36617306838653,75.96827398458193,75.01808056030738,75.61077880859375,3541200,0.0,0.0
2023-12-28 00:00:00-05:00,75.75189376284486,76.44807880804025,75.62018463053424,76.3351821899414,3553100,0.0,0.0
2023-12-29 00:00:00-05:00,76.26932771591837,76.48571110646684,75.91183252458764,76.21288299560547,3586900,0.0,0.0
2024-01-02 00:00:00-05:00,76.11880129314706,78.80003300391745,76.08116908942988,78.31082153320312,7417500,0.0,0.0
2024-01-03 00:00:00-05:00,78.69655258924844,79.22338912858898,78.05681942964515,78.53662109375,7329600,0.0,0.0
2024-01-04 00:00:00-05:00,78.82825875217756,79.91956399646953,78.49898592750365,79.47740173339844,5881000,0.0,0.0
2024-01-05 00:00:00-05:00,79.3080671074158,79.5150334878558,78.32024137221775,78.3766860961914,7369000,0.0,0.0
2024-01-08 00:00:00-05:00,77.95334302030415,79.0916905099416,77.61466029209345,79.01642608642578,8641200,0.0,0.0
2024-01-09 00:00:00-05:00,78.57423799100955,81.18021241256777,78.26378487823334,80.96382904052734,7601600,0.0,0.0
2024-01-10 00:00:00-05:00,78.93175465955065,79.91017057870641,78.43314044195235,79.49622344970703,8386600,0.0,0.0
2024-01-11 00:00:00-05:00,79.32688071739175,80.41819324667223,79.0634624317337,80.3335189819336,5862000,0.0,0.0
2024-01-12 00:00:00-05:00,80.79450073301001,81.3307471493367,80.56871465708561,81.264892578125,5884200,0.0,0.0
2024-01-16 00:00:00-05:00,80.76627822353927,80.99206429905223,80.25825417042768,80.89798736572266,5139500,0.0,0.0
2024-01-17 00:00:00-05:00,80.74747499747083,81.45306284503151,80.50286920058545,81.3589859008789,5809500,0.0,0.0
2024-01-18 00:00:00-05:00,80.68160571902918,81.4248256443622,80.2770684730279,81.28370666503906,6260500,0.0,0.0
2024-01-19 00:00:00-05:00,81.26488566671452,82.66665841381845,80.9920575584381,82.12100219726562,6400700,0.0,0.0
2024-01-22 00:00:00-05:00,75.73308943200942,75.9682853619225,72.78843897343742,73.7856674194336,20378600,0.0,0.0
2024-01-23 00:00:00-05:00,73.88914440037867,75.14979097221752,73.74802542563019,74.77348327636719,7837600,0.0,0.0
2024-01-24 00:00:00-05:00,74.84874085320999,75.16861100928494,73.83270002108834,74.82051849365234,7563000,0.0,0.0
2024-01-25 00:00:00-05:00,75.33796120819433,76.25992522439523,74.83934699038629,75.47908020019531,8337400,0.0,0.0
2024-01-26 00:00:00-05:00,75.47907414692332,75.74249241614082,74.6982220077361,74.81111145019531,5481400,0.0,0.0
2024-01-29 00:00:00-05:00,74.93342022444264,75.2721029174714,74.23724232326563,74.38776397705078,6586000,0.0,0.0
2024-01-30 00:00:00-05:00,74.1337578556964,74.22783478944427,73.34349582147237,73.96441650390625,8102400,0.0,0.0
2024-01-31 00:00:00-05:00,74.12433894018949,74.35012498908225,73.3905288980812,73.62572479248047,7637300,0.0,0.0
2024-02-01 00:00:00-05:00,73.381117913185,73.92677410234508,72.81664921091306,73.53164672851562,7698000,0.0,0.0
2024-02-02 00:00:00-05:00,73.01422077840414,73.37171598698613,72.35567508427684,72.4027099609375,7588800,0.0,0.0
2024-02-05 00:00:00-05:00,72.11106626568358,72.48738115106931,71.50896532011015,72.16751098632812,6690400,0.0,0.0
2024-02-06 00:00:00-05:00,72.31804163324546,73.2588252816038,72.16751280425551,73.11770629882812,8121200,0.0,0.0
2024-02-07 00:00:00-05:00,71.69713408773212,71.9229201948856,69.56155797368132,70.01313018798828,12449800,0.0,0.0
2024-02-08 00:00:00-05:00,69.99430887364379,70.17305289627278,68.70543261779252,69.42984008789062,8815200,0.0,0.0
2024-02-09 00:00:00-05:00,69.44864460936184,69.73088255855426,68.49845116986384,69.30752563476562,10718300,0.0,0.0
2024-02-12 00:00:00-05:00,69.06292743311509,70.69047903957684,68.78068948243157,70.04133605957031,7605800,0.0,0.0
2024-02-13 00:00:00-05:00,70.2671241069219,70.34238133429042,68.64897528795491,69.17581176757812,8560100,0.0,0.0
2024-02-14 00:00:00-05:00,68.78069832327633,69.45806374989569,68.51728003017105,68.71484375,7487700,0.0,0.0
2024-02-15 00:00:00-05:00,68.71483114966507,69.21344528126993,68.49844777565845,69.0252914428711,5482900,0.0,0.0
2024-02-16 00:00:00-05:00,68.67720435457434,68.76187143523842,67.143729635802,67.34129333496094,12823200,0.0,0.0
2024-02-20 00:00:00-05:00,67.35069852893258,68.42319850082869,67.2189893912209,67.77405548095703,7874200,0.0,0.0
2024-02-21 00:00:00-05:00,68.21622820148501,68.95003834019427,68.21622820148501,68.86536407470703,6233300,0.0,0.0
2024-02-22 00:00:00-05:00,67.9810257826644,68.57371687402186,67.57648854257965,68.47023010253906,7323600,0.0,0.0
2024-02-23 00:00:00-05:00,68.91240314403653,69.84377695836857,68.67720722886918,69.19464111328125,5573500,0.0,0.0
2024-02-26 00:00:00-05:00,69.14759898394658,69.51450403699955,68.52667832332787,68.63016510009766,5177900,0.0,0.0
2024-02-27 00:00:00-05:00,68.53609052867314,68.80891866067428,68.32911696800953,68.6960220336914,6090400,0.0,0.0
2024-02-28 00:00:00-05:00,68.84655309983246,68.91240767330322,68.31030666511049,68.39497375488281,4245600,0.0,0.0
2024-02-29 00:00:00-05:00,68.41378617154537,68.59253735664213,67.6611564025574,67.83049774169922,8583200,0.0,0.0
2024-03-01 00:00:00-05:00,67.99984617927896,68.35734858679182,67.77406009605676,68.02806854248047,5401200,0.0,0.0
2024-03-04 00:00:00-05:00,68.10333543319648,68.30089916038378,67.69879813154331,67.97162628173828,5749900,0.0,0.0
2024-03-05 00:00:00-05:00,68.11273439259436,68.68661296547458,67.83049644023681,68.66779327392578,6280400,0.0,0.0
2024-03-06 00:00:00-05:00,68.56431274379088,68.97825986422927,68.21622737215856,68.32911682128906,6170300,0.0,0.0
2024-03-07 00:00:00-05:00,68.6489832136446,69.69325362603895,68.37615509731,69.29812622070312,9902800,0.0,0.0
2024-03-08 00:00:00-05:00,69.58035654818251,70.97271948142607,69.29812576520185,70.67166900634766,9519000,0.0,0.0
2024-03-11 00:00:00-04:00,70.44588561099023,71.69712973878846,70.3988507293922,70.85983276367188,7394900,0.0,0.0
2024-03-12 00:00:00-04:00,70.79397233643394,70.87863942287925,69.85318865089994,70.63404083251953,7056300,0.0,0.0
2024-03-13 00:00:00-04:00,71.0197582701597,71.66890130872389,70.5211440662347,71.443115234375,6003000,0.0,0.0
2024-03-14 00:00:00-04:00,71.01541714313069,71.30053892728633,70.16003728839863,70.53070068359375,8399300,0.77,0.0
2024-03-15 00:00:00-04:00,70.56872457213686,70.95840047119361,69.6563217306331,70.03649139404297,13963700,0.0,0.0
2024-03-18 00:00:00-04:00,70.03648872080576,70.49268649857834,69.58028369190026,69.6278076171875,6939600,0.0,0.0
2024-03-19 00:00:00-04:00,69.70383408912477,70.11251518302824,69.56127681891768,69.77037048339844,8661700,0.0,0.0
2024-03-20 00:00:00-04:00,69.63731352949696,70.31211853027344,69.19062194256745,70.31211853027344,7311400,0.0,0.0
2024-03-21 00:00:00-04:00,70.23607785148207,70.59723503853662,69.409209388989,69.46623229980469,5836900,0.0,0.0
2024-03-22 00:00:00-04:00,69.48524290083874,69.59929597053383,68.96250872865241,69.0100326538086,7730500,0.0,0.0
2024-03-25 00:00:00-04:00,68.90548622619966,69.22862571554423,68.62035717584496,68.98152160644531,5543800,0.0,0.0
2024-03-26 00:00:00-04:00,68.73440468042966,69.0575513947403,68.53481726179619,68.8199462890625,5362800,0.0,0.0
2024-03-27 00:00:00-04:00,69.3046637644473,69.43772205943428,68.95301280675314,69.39020538330078,7747600,0.0,0.0
2024-03-28 00:00:00-04:00,69.61830139160156,70.2075647100339,69.5707774663077,69.61830139160156,8369500,0.0,0.0
2024-04-01 00:00:00-04:00,69.58980176268173,69.58980176268173,68.79144463909961,69.26665496826172,3796100,0.0,0.0
2024-04-02 00:00:00-04:00,69.20962594474402,69.23813740179753,68.33524075647986,68.51581573486328,6139000,0.0,0.0
2024-04-03 00:00:00-04:00,68.430280205095,68.59184995975168,67.1947305787163,67.37531280517578,5145300,0.0,0.0
2024-04-04 00:00:00-04:00,67.70795124510082,67.85051576370624,65.95918108686332,66.10174560546875,7341200,0.0,0.0
2024-04-05 00:00:00-04:00,66.23480348242511,66.53893773638697,65.1418185146728,66.13025665283203,6599300,0.0,0.0
2024-04-08 00:00:00-04:00,65.62653662640024,66.10174686337307,65.62653662640024,65.97818756103516,4589100,0.0,0.0
2024-04-09 00:00:00-04:00,65.73108527934424,66.48191109356198,65.68356135387747,66.472412109375,5928100,0.0,0.0
2024-04-10 00:00:00-04:00,66.30133426008379,66.30133426008379,64.68561510449297,64.74264526367188,7983100,0.0,0.0
2024-04-11 00:00:00-04:00,65.06577858557772,65.60751791413828,64.92321407782345,65.2463607788086,6071500,0.0,0.0
2024-04-12 00:00:00-04:00,65.12280040073092,65.21784823840127,64.26742787075345,64.69511413574219,5691800,0.0,0.0
2024-04-15 00:00:00-04:00,64.88520669836785,65.06578892028145,64.34346728376026,64.3909912109375,7717800,0.0,0.0
2024-04-16 00:00:00-04:00,64.43851631440519,64.52405068352572,63.85875919769933,63.97280502319336,4974900,0.0,0.0
2024-04-17 00:00:00-04:00,64.01082729431778,64.20091576896111,63.57363467933891,63.61165237426758,5287700,0.0,0.0
2024-04-18 00:00:00-04:00,63.6876815903448,63.69718057480574,62.63271422452619,62.879825592041016,6442200,0.0,0.0
2024-04-19 00:00:00-04:00,62.96536055287738,63.51660620440474,62.879826185123086,63.450077056884766,10657000,0.0,0.0
2024-04-22 00:00:00-04:00,63.611648160709144,64.2199167370091,63.43106593454299,63.630653381347656,5622400,0.0,0.0
2024-04-23 00:00:00-04:00,63.763710839544125,64.32446273129683,63.67817647109708,63.706687927246094,5240200,0.0,0.0
2024-04-24 00:00:00-04:00,63.27899358428091,63.85875062314059,63.069899930773175,63.75420379638672,8467100,0.0,0.0
2024-04-25 00:00:00-04:00,64.12487263813196,64.53355374536298,61.86286719530927,62.03394317626953,15172000,0.0,0.0
2024-04-26 00:00:00-04:00,62.25253378240481,63.060389640805056,61.42566545610889,62.17649841308594,12382400,0.0,0.0
2024-04-29 00:00:00-04:00,62.06246582372626,63.592643514176345,61.96741796627543,62.67073440551758,7838800,0.0,0.0
2024-04-30 00:00:00-04:00,62.36659698426745,62.385602204123614,61.60625766962513,61.96741485595703,7436600,0.0,0.0
2024-05-01 00:00:00-04:00,62.081460801266715,62.62320014413704,61.748815108474815,62.26204299926758,7232500,0.0,0.0
2024-05-02 00:00:00-04:00,62.49014776944444,62.537671694817355,61.67278556073446,62.090972900390625,5571500,0.0,0.0
2024-05-03 00:00:00-04:00,62.26204744299936,62.28105266203007,61.14055099073507,61.5682373046875,7822700,0.0,0.0
2024-05-06 00:00:00-04:00,61.5682438218388,62.30957071176512,61.15005644756916,62.290565490722656,7187300,0.0,0.0
2024-05-07 00:00:00-04:00,62.18601186141039,62.86080952735377,61.929401524104,62.21452331542969,7318200,0.0,0.0
2024-05-08 00:00:00-04:00,62.31907254164708,62.357090232177555,61.54923424902093,61.701297760009766,5135000,0.0,0.0
2024-05-09 00:00:00-04:00,61.94840557769521,61.98642326605,61.32112459654018,61.37815475463867,6048600,0.0,0.0
2024-05-10 00:00:00-04:00,61.511219763967425,62.917838131231406,61.46369583554451,62.68973922729492,8733200,0.0,0.0
2024-05-13 00:00:00-04:00,62.87031476372314,64.23891529283858,62.85130229392377,64.19139862060547,6736500,0.0,0.0
2024-05-14 00:00:00-04:00,64.62859758649495,64.98025580141771,63.72570096184285,64.29595184326172,4356200,0.0,0.0
2024-05-15 00:00:00-04:00,64.56205667025576,64.60958058968416,63.64965397606065,63.68767166137695,7532100,0.0,0.0
2024-05-16 00:00:00-04:00,63.68768081572126,64.60008364106339,63.5356100525977,64.49553680419922,4832000,0.0,0.0
2024-05-17 00:00:00-04:00,64.45752076739865,64.45752076739865,63.87776365759638,64.36248016357422,3579000,0.0,0.0
2024-05-20 00:00:00-04:00,64.36247809530862,64.66661236845351,64.03933135132985,64.53355407714844,4719700,0.0,0.0
2024-05-21 00:00:00-04:00,64.43851287257851,64.53355347245831,63.52610281056025,63.95379638671875,5701200,0.0,0.0
2024-05-22 00:00:00-04:00,63.84925137160761,64.52404907646283,63.6496639308307,64.43851470947266,6227700,0.0,0.0
2024-05-23 00:00:00-04:00,64.21040034380341,64.27692948221419,62.737253064384234,62.88931655883789,5625300,0.0,0.0
2024-05-24 00:00:00-04:00,63.08890590643825,63.13642982867253,61.97691573702777,62.423614501953125,5971000,0.0,0.0
2024-05-28 00:00:00-04:00,62.07196499494768,62.30007115215445,60.57980861833747,60.76988983154297,5593400,0.0,0.0
2024-05-29 00:00:00-04:00,60.35169982910156,60.74137207667626,59.971530190975166,60.35169982910156,5609600,0.0,0.0
2024-05-30 00:00:00-04:00,60.332692005330955,61.14055159362511,59.94301975116389,60.90294647216797,7118600,0.0,0.0
2024-05-31 00:00:00-04:00,59.61037536140667,61.112041502793645,58.99260058160741,61.08352279663086,14509300,0.0,0.0
2024-06-03 00:00:00-04:00,61.1120438061802,61.67278844592205,60.047570187771996,60.28517532348633,8560900,0.0,0.0
2024-06-04 00:00:00-04:00,60.38972149233115,61.39716493620407,60.06657836632727,60.97898483276367,6593100,0.0,0.0
2024-06-05 00:00:00-04:00,60.997989353425496,61.22608824824395,60.171124514967104,60.71286392211914,6145800,0.0,0.0
2024-06-06 00:00:00-04:00,60.63682875893049,61.10253641134564,60.35170332659533,60.684349060058594,6087400,0.0,0.0
2024-06-07 00:00:00-04:00,60.65583533859206,61.70129642662153,60.408727606617134,61.49220275878906,7412500,0.0,0.0
2024-06-10 00:00:00-04:00,61.35914588141544,62.0434498096463,60.864930406100406,62.01493835449219,11592200,0.0,0.0
2024-06-11 00:00:00-04:00,61.44468781908862,61.68229294812521,61.06451816240346,61.672786712646484,4648200,0.0,0.0
2024-06-12 00:00:00-04:00,61.77733212366592,61.98642579257345,60.69385334035688,61.15005111694336,5846100,0.0,0.0
2024-06-13 00:00:00-04:00,60.88393618763107,60.98848302491621,60.3517030168217,60.408729553222656,6502400,0.0,0.0
2024-06-14 00:00:00-04:00,60.37024750326706,63.13140728248958,60.33176359616358,62.5926399230957,9793600,0.77,0.0
2024-06-17 00:00:00-04:00,62.29439534463272,62.47719205816795,61.57283864179914,61.83259582519531,5915800,0.0,0.0
2024-06-18 00:00:00-04:00,61.73638739645587,61.89993848129562,60.31251599715299,60.75507354736328,6684600,0.0,0.0
2024-06-20 00:00:00-04:00,62.56378181347784,66.83540028510366,62.40023070552408,65.89256286621094,25061700,0.0,0.0
2024-06-21 00:00:00-04:00,68.83651468002137,69.44261968817781,66.92197887987027,67.98988342285156,31120000,0.0,0.0
2024-06-24 00:00:00-04:00,68.30736459281547,69.33678514589377,67.88404899863426,68.047607421875,10915500,0.0,0.0
2024-06-25 00:00:00-04:00,67.96102186783197,68.7691692132876,66.89311733208443,66.97008514404297,8354500,0.0,0.0
2024-06-26 00:00:00-04:00,66.56601314511,67.56657265040192,66.28701034016814,66.68145751953125,5795200,0.0,0.0
2024-06-27 00:00:00-04:00,66.51790661550699,66.95083770090874,65.92141709912617,66.21966552734375,7176300,0.0,0.0
2024-06-28 00:00:00-04:00,66.21966868144388,66.38321978015868,65.47886632129264,66.00801086425781,9590000,0.0,0.0
2024-07-01 00:00:00-04:00,66.02724242364975,67.33566576023269,65.9021752444374,66.036865234375,5251000,0.0,0.0
2024-07-02 00:00:00-04:00,65.70976315107235,65.89255251475308,65.01706757908192,65.80596923828125,4846200,0.0,0.0
2024-07-03 00:00:00-04:00,65.6520317978047,65.73862241191829,64.05499024247537,64.06460571289062,3995700,0.0,0.0
2024-07-05 00:00:00-04:00,64.09347501323563,64.39171608133454,63.50660834758344,64.16082000732422,4211700,0.0,0.0
2024-07-08 00:00:00-04:00,65.28644602139308,65.59430989724186,64.4879215702668,64.98820495605469,5747000,0.0,0.0
2024-07-09 00:00:00-04:00,64.555265589501,65.39227392998345,63.82408614287451,65.19023895263672,5364100,0.0,0.0
2024-07-10 00:00:00-04:00,65.25759989615699,66.24853674443101,65.08442596752282,66.14270782470703,4101600,0.0,0.0
2024-07-11 00:00:00-04:00,65.63280432098607,67.63392350483439,65.55583650467153,67.31643676757812,9594900,0.0,0.0
2024-07-12 00:00:00-04:00,67.58581127804683,67.99950408196302,67.25870909544324,67.30680847167969,5101000,0.0,0.0
2024-07-15 00:00:00-04:00,67.73012556392601,68.54788837832317,67.54732884609969,68.12457275390625,7569300,0.0,0.0
2024-07-16 00:00:00-04:00,67.66277152045625,69.31754255104583,67.66277152045625,68.92308807373047,5129700,0.0,0.0
2024-07-17 00:00:00-04:00,69.27906324628742,71.17435327705509,69.27906324628742,70.5201416015625,7220100,0.0,0.0
2024-07-18 00:00:00-04:00,69.84668332612168,72.07869830417773,69.75047723931961,70.72217559814453,8120100,0.0,0.0
2024-07-19 00:00:00-04:00,70.72218089407521,70.9434541762843,69.23096074678648,69.8082046508789,5571800,0.0,0.0
2024-07-22 00:00:00-04:00,70.12569449053515,70.53938731923719,69.28868602128549,69.66390228271484,6420800,0.0,0.0
2024-07-23 00:00:00-04:00,69.22133452035081,69.54844403189982,68.09570786189491,68.47091674804688,4502400,0.0,0.0
2024-07-24 00:00:00-04:00,68.94233939263235,70.80876102135991,68.71143596924107,70.71255493164062,6600000,0.0,0.0
2024-07-25 00:00:00-04:00,71.9151509589992,74.40692323488763,71.5591803452776,73.60840606689453,11733400,0.0,0.0
2024-07-26 00:00:00-04:00,73.1466096655528,75.32090266510997,72.86760684941035,74.08944702148438,7453600,0.0,0.0
2024-07-29 00:00:00-04:00,74.1952683427223,75.02265389494555,73.89701993386257,74.78213500976562,4571100,0.0,0.0
2024-07-30 00:00:00-04:00,74.48388407019638,75.47482066906039,73.71422806780325,75.08999633789062,6120800,0.0,0.0
2024-07-31 00:00:00-04:00,74.9360607573025,75.01302855958248,72.99267146008178,73.17546081542969,7052000,0.0,0.0
2024-08-01 00:00:00-04:00,73.22357862771368,74.2818603793133,72.93495299543436,73.58916473388672,5662500,0.0,0.0
2024-08-02 00:00:00-04:00,74.83987238657213,75.2439424340914,72.67520198050485,73.85855102539062,6458100,0.0,0.0
2024-08-05 00:00:00-04:00,73.96436940938487,74.25299502510927,71.47259713117789,71.99211883544922,7349100,0.0,0.0
2024-08-06 00:00:00-04:00,71.67462962627795,72.64632800260101,71.33790464638007,71.37638854980469,5311100,0.0,0.0
2024-08-07 00:00:00-04:00,71.68425650768866,72.46353541113943,71.14548916920447,71.19359588623047,4214700,0.0,0.0
2024-08-08 00:00:00-04:00,71.24169955740787,72.8772251056044,70.97231222965586,72.7232894897461,7786300,0.0,0.0
2024-08-09 00:00:00-04:00,72.09794883616811,73.35826554123953,70.04872308144685,70.86649322509766,9545100,0.0,0.0
2024-08-12 00:00:00-04:00,70.55861828969344,70.70293109220026,69.68313334391236,70.22189331054688,5606900,0.0,0.0
2024-08-13 00:00:00-04:00,70.18341806453006,71.43411938712802,69.91403804798402,71.17436218261719,4356900,0.0,0.0
2024-08-14 00:00:00-04:00,70.72218022473268,71.53032021480264,70.22189679654751,71.32828521728516,4747800,0.0,0.0
2024-08-15 00:00:00-04:00,71.55919008672775,72.16530249368505,70.95308501982576,71.52070617675781,5196700,0.0,0.0
2024-08-16 00:00:00-04:00,71.13586920647045,71.42448747024025,70.12568693314107,70.98193359375,5148000,0.0,0.0
2024-08-19 00:00:00-04:00,70.55861385416853,71.69386324110752,70.49126886257272,71.62651824951172,3727900,0.0,0.0
2024-08-20 00:00:00-04:00,71.71311850147244,72.05946631625179,71.52069897100915,71.91515350341797,3668000,0.0,0.0
2024-08-21 00:00:00-04:00,72.0113512298836,72.52125008125837,71.96325185789854,72.28073120117188,3659700,0.0,0.0
2024-08-22 00:00:00-04:00,72.70404348243544,73.36787791019212,72.4923857031476,73.02153015136719,5930800,0.0,0.0
2024-08-23 00:00:00-04:00,73.20432774722727,74.19527176552843,73.03116118836084,73.81044006347656,6847100,0.0,0.0
2024-08-26 00:00:00-04:00,73.88740778296736,74.49351275843296,73.52181436343372,74.04133605957031,2926800,0.0,0.0
2024-08-27 00:00:00-04:00,74.28186136423292,74.52238028096988,73.7815852470442,74.07982635498047,3902000,0.0,0.0
2024-08-28 00:00:00-04:00,74.52236872802003,76.43689695322799,74.30109546935599,75.58065032958984,6214100,0.0,0.0
2024-08-29 00:00:00-04:00,75.93662881553537,76.62932443484199,75.28241710175183,76.43690490722656,5544800,0.0,0.0
2024-08-30 00:00:00-04:00,76.41766005891812,77.20656170422518,75.61913560304343,76.00396728515625,6205300,0.0,0.0
2024-09-03 00:00:00-04:00,76.76401982774334,77.3893704913366,76.38881089759839,76.67742919921875,8733300,0.0,0.0
2024-09-04 00:00:00-04:00,76.64855762970153,76.96604432415161,75.73458878937382,76.12903594970703,4580600,0.0,0.0
2024-09-05 00:00:00-04:00,75.95586585756435,76.31183647279742,74.79175525971046,75.7826919555664,4306400,0.0,0.0
2024-09-06 00:00:00-04:00,76.10979750109877,76.20600358828187,75.2920347499614,75.73458862304688,9220900,0.0,0.0
2024-09-09 00:00:00-04:00,75.42672368075688,77.15845524589476,75.38823977841331,76.16751861572266,5571500,0.0,0.0
2024-09-10 00:00:00-04:00,76.16752467333885,78.4668848058457,75.74421639400143,78.3514404296875,6869000,0.0,0.0
2024-09-11 00:00:00-04:00,78.06281165428796,78.12053384003423,76.61969829019826,77.87039947509766,6144800,0.0,0.0
2024-09-12 00:00:00-04:00,79.87151299045348,81.67059700280251,78.87096082685281,80.00621032714844,11448200,0.0,0.0
2024-09-13 00:00:00-04:00,79.57893666859572,80.76363957882597,79.20993388043102,80.41405487060547,6530300,0.77,0.0
2024-09-16 00:00:00-04:00,80.59856248855499,81.16178313703377,80.13244706013899,80.75393676757812,7844100,0.0,0.0
2024-09-17 00:00:00-04:00,80.656822950552,80.92872052618324,79.996497091739,80.6471176147461,7078500,0.0,0.0
2024-09-18 00:00:00-04:00,80.95785514214377,82.07457621949493,80.36550370370645,81.46280670166016,9199500,0.0,0.0
2024-09-19 00:00:00-04:00,81.94833965392725,82.20081913638563,81.016116267142,81.47251892089844,8798300,0.0,0.0
2024-09-20 00:00:00-04:00,80.85104192978258,81.55991670352151,80.3557956765675,81.51136779785156,24926000,0.0,0.0
2024-09-23 00:00:00-04:00,81.81239312466089,82.01631630157122,81.064674809323,81.5599136352539,6474400,0.0,0.0
2024-09-24 00:00:00-04:00,81.3656997680664,81.84152049410578,80.92871520000132,81.3656997680664,7985100,0.0,0.0
2024-09-25 00:00:00-04:00,81.51136235652912,81.55991125895815,79.77315162266696,79.83141326904297,8375500,0.0,0.0
2024-09-26 00:00:00-04:00,79.64691289651023,80.71509253438083,79.4624152025035,80.63740539550781,5654500,0.0,0.0
2024-09-27 00:00:00-04:00,80.82190755612095,81.89007974645503,80.63740246017716,81.19091033935547,5456700,0.0,0.0
2024-09-30 00:00:00-04:00,80.74422204677178,81.81239425862557,80.7345093024072,81.41425323486328,5116100,0.0,0.0
2024-10-01 00:00:00-04:00,81.3948370886676,81.55021136757955,80.42377007142812,81.51136779785156,6619000,0.0,0.0
2024-10-02 00:00:00-04:00,80.91901501751653,82.95825423904789,80.69566634735182,82.28821563720703,6042300,0.0,0.0
2024-10-03 00:00:00-04:00,81.81239019771888,82.47271601732255,81.5793362051096,81.73470306396484,4086100,0.0,0.0
2024-10-04 00:00:00-04:00,81.89978087623741,82.50184503668986,81.55020359929226,82.14254760742188,4054300,0.0,0.0
2024-10-07 00:00:00-04:00,82.589246791337,83.18159822159542,81.89978273947332,81.9871826171875,4692500,0.0,0.0
2024-10-08 00:00:00-04:00,82.0745826510169,82.91941363974146,81.88037220721182,82.74462127685547,4593100,0.0,0.0
2024-10-09 00:00:00-04:00,82.71548925515786,84.33716940430827,82.59895854536761,83.64771270751953,6162100,0.0,0.0
2024-10-10 00:00:00-04:00,83.34667896178031,83.45349692008139,82.14255059705044,82.2202377319336,3814800,0.0,0.0
2024-10-11 00:00:00-04:00,82.40474162525695,82.52127232588491,81.73470306178865,82.49213409423828,3982300,0.0,0.0
2024-10-14 00:00:00-04:00,82.46300520974872,82.87085155855478,81.89978458978622,82.58924865722656,3493100,0.0,0.0
2024-10-15 00:00:00-04:00,82.71549276967549,84.13324979342245,82.34648995264122,83.33697509765625,5133500,0.0,0.0
2024-10-16 00:00:00-04:00,83.34667907254126,84.30803328987562,83.34667907254126,84.24005889892578,3181200,0.0,0.0
2024-10-17 00:00:00-04:00,84.40514087395874,85.1140230354687,84.08468698963289,84.83241271972656,4287700,0.0,0.0
2024-10-18 00:00:00-04:00,84.27889662745142,84.64789938009223,83.52146563544252,84.21092224121094,4365100,0.0,0.0
2024-10-21 00:00:00-04:00,84.13324507937922,84.74501462802355,83.43407564741239,83.79337310791016,4451200,0.0,0.0
2024-10-22 00:00:00-04:00,83.20101882739696,85.80347862027922,83.12333169121467,85.60926818847656,6044400,0.0,0.0
2024-10-23 00:00:00-04:00,85.59954890025678,85.83260288233376,84.61876925473129,84.70616912841797,4373500,0.0,0.0
2024-10-24 00:00:00-04:00,85.18200549386998,86.6386061147401,85.08490026754274,86.21133422851562,7183500,0.0,0.0
2024-10-25 00:00:00-04:00,86.86194210095472,87.14355242619975,85.89087507955264,86.42496490478516,5734900,0.0,0.0
2024-10-28 00:00:00-04:00,86.65802547614848,86.83281784958007,85.95885598242216,86.1919174194336,5961700,0.0,0.0
2024-10-29 00:00:00-04:00,85.82289370149076,85.95884248073341,84.29831889828142,85.53157806396484,6655800,0.0,0.0
2024-10-30 00:00:00-04:00,85.35678862266236,85.81319128650235,84.94894227105546,85.73550415039062,5846900,0.0,0.0
2024-10-31 00:00:00-04:00,85.3956315815063,86.69685776315576,85.20141374261256,86.25016784667969,5894500,0.0,0.0
2024-11-01 00:00:00-04:00,85.75491938553455,86.97846580842233,85.63839609388522,86.92020416259766,6485900,0.0,0.0
2024-11-04 00:00:00-05:00,86.90078203017796,88.08548493204043,86.78425873402959,87.24065399169922,6124300,0.0,0.0
2024-11-05 00:00:00-05:00,87.04644428539811,87.77474452701533,86.43467474955479,87.60966491699219,3960200,0.0,0.0
2024-11-06 00:00:00-05:00,88.36710125951157,89.31875022519083,87.88156773610767,89.03713989257812,8819300,0.0,0.0
2024-11-07 00:00:00-05:00,91.28028906598678,95.47529779905625,90.80446835698041,95.06745147705078,14389800,0.0,0.0
2024-11-08 00:00:00-05:00,93.27098077264372,94.50423250312976,92.16396507483653,93.77593231201172,7456700,0.0,0.0
2024-11-11 00:00:00-05:00,93.6108637959652,96.038531387102,93.51375857405044,94.2226333618164,7094300,0.0,0.0
2024-11-12 00:00:00-05:00,93.56231239763001,94.03813319607548,91.50365491369634,91.62017822265625,9322700,0.0,0.0
2024-11-13 00:00:00-05:00,91.40652869852688,91.48421583206145,88.97886134046776,89.9499282836914,11060500,0.0,0.0
2024-11-14 00:00:00-05:00,89.63919487794418,89.97907426426518,88.6584225150541,89.44498443603516,8202700,0.0,0.0
2024-11-15 00:00:00-05:00,89.05655266581493,89.32845023733108,85.65781820455678,85.84232330322266,11454500,0.0,0.0
2024-11-18 00:00:00-05:00,85.83261459318386,86.4638096473868,85.09460157248567,85.90058898925781,9099600,0.0,0.0
2024-11-19 00:00:00-05:00,85.09458991017543,86.03652599000205,83.58944065806236,85.21112060546875,8179300,0.0,0.0
2024-11-20 00:00:00-05:00,85.56071461469003,86.50265079725237,85.23054797967436,86.06566619873047,4781700,0.0,0.0
2024-11-21 00:00:00-05:00,86.49293293038876,87.3377638439084,85.52186598049839,87.16297149658203,4057300,0.0,0.0
2024-11-22 00:00:00-05:00,87.21151808656508,87.87184389132881,86.68714105848922,87.58052825927734,4545900,0.0,0.0
2024-11-25 00:00:00-05:00,88.12432854960981,88.72639274510796,86.91049482303117,87.8718490600586,10754100,0.0,0.0
2024-11-26 00:00:00-05:00,87.72619045663821,89.02742410742378,87.03673376598786,88.70697021484375,4406500,0.0,0.0
2024-11-27 00:00:00-05:00,88.79436905922061,90.21212599351051,88.79436905922061,89.7363052368164,5527200,0.0,0.0
2024-11-29 00:00:00-05:00,90.15384687508313,90.46459539344286,89.65860809341532,89.90137481689453,3851000,0.0,0.0
2024-12-02 00:00:00-05:00,89.8528254258667,91.62987975661379,89.81398185808143,91.29971313476562,5023100,0.0,0.0
2024-12-03 00:00:00-05:00,91.09579591806546,91.65901657480687,89.78485690635274,89.8139877319336,5532000,0.0,0.0
2024-12-04 00:00:00-05:00,89.91109235531037,89.92080509999055,87.26008352393926,88.94002532958984,9124300,0.0,0.0
2024-12-05 00:00:00-05:00,88.94972427997133,91.54247105848586,88.94972427997133,90.68793487548828,12428600,0.0,0.0
2024-12-06 00:00:00-05:00,90.79476572010995,91.49393515488998,89.36729602554293,89.46440124511719,4470700,0.0,0.0
2024-12-09 00:00:00-05:00,89.20220749642287,89.48381779110109,87.8815558979711,87.96894836425781,7396100,0.0,0.0
2024-12-10 00:00:00-05:00,88.70696548432826,90.26067114157625,88.01750883044487,89.66831970214844,6748200,0.0,0.0
2024-12-11 00:00:00-05:00,89.72659406833418,91.91149486183915,89.27990412847825,89.70716857910156,7525100,0.0,0.0
2024-12-12 00:00:00-05:00,89.78485571872523,90.52286872784319,88.79437061881048,89.70716857910156,5782700,0.0,0.0
2024-12-13 00:00:00-05:00,89.75613015758172,90.1967802016929,87.29826337344106,89.95197296142578,7515500,0.77,0.0
2024-12-16 00:00:00-05:00,90.04989651237936,91.32289718051807,89.99114516400887,90.13803100585938,7068100,0.0,0.0
2024-12-17 00:00:00-05:00,89.9715554481782,91.64603609732995,89.9715554481782,90.87245178222656,6125300,0.0,0.0
2024-12-18 00:00:00-05:00,90.79411575488058,91.5579131936616,88.70835316490601,88.80628204345703,6616100,0.0,0.0
2024-12-19 00:00:00-05:00,88.5223045881227,89.5798737189925,88.39500003458265,89.19796752929688,8875200,0.0,0.0
2024-12-20 00:00:00-05:00,89.03149514990447,91.3522704720233,88.82585796504696,90.64722442626953,22530200,0.0,0.0
2024-12-23 00:00:00-05:00,90.69619401906098,91.57749415543492,89.88343214394551,91.45999145507812,4809500,0.0,0.0
2024-12-24 00:00:00-05:00,91.06829351836829,92.09648691742917,90.18698595787669,91.9985580444336,2109100,0.0,0.0
2024-12-26 00:00:00-05:00,91.23476342673479,92.58610421760648,91.04871499841171,92.44901275634766,2915400,0.0,0.0
2024-12-27 00:00:00-05:00,91.48936689290375,92.4196314659635,91.48936689290375,92.15524291992188,3349300,0.0,0.0
2024-12-30 00:00:00-05:00,91.97897956696735,92.04752529760732,89.81488438999197,90.09886169433594,3613200,0.0,0.0
