Date,Open,High,Low,Close,Volume,Dividends,Stock Splits
2015-01-02 00:00:00-05:00,6.33733507178853,6.355941173127971,6.18662309574089,6.2889580726623535,6450800,0.0,0.0
2015-01-05 00:00:00-05:00,6.236861056382865,6.489908035127581,6.201509176326043,6.460137844085693,19739600,0.0,0.0
2015-01-06 00:00:00-05:00,6.543865699311281,6.7038807345248905,6.236860752245984,6.268491268157959,19540400,0.0,0.0
2015-01-07 00:00:00-05:00,6.380130207995216,6.452695002995527,6.136386285245289,6.195926666259766,10233200,0.0,0.0
2015-01-08 00:00:00-05:00,6.251745492152411,6.357801836928443,6.199647837813955,6.268491268157959,18189600,0.0,0.0
2015-01-09 00:00:00-05:00,6.249886283151637,6.272213751891516,5.970790439682128,6.004281997680664,16299600,0.0,0.0
2015-01-12 00:00:00-05:00,6.056378095750453,6.296400629434647,5.89636342818295,6.283376216888428,14482000,0.0,0.0
2015-01-13 00:00:00-05:00,6.363383812723219,6.530840851877067,6.084288037689545,6.0973124504089355,11729200,0.0,0.0
2015-01-14 00:00:00-05:00,6.921574957746964,6.949484107750759,6.668528022960123,6.737371444702148,29746400,0.0,0.0
2015-01-15 00:00:00-05:00,6.703881026938067,6.837847240825852,6.3671058755929835,6.4117608070373535,20556800,0.0,0.0
2015-01-16 00:00:00-05:00,6.64061706615547,6.774583235329706,6.4973478485168235,6.763419151306152,17027200,0.0,0.0
2015-01-20 00:00:00-05:00,6.759700741802144,6.83784722655537,6.55130869623887,6.7113237380981445,18146400,0.0,0.0
2015-01-21 00:00:00-05:00,6.636897247784539,6.902968612431116,6.599685045275667,6.854592323303223,11862400,0.0,0.0
2015-01-22 00:00:00-05:00,6.929018772785943,6.929018772785943,6.726209127801739,6.90669059753418,8621200,0.0,0.0
2015-01-23 00:00:00-05:00,6.875059047916634,6.977394018228541,6.778305765690598,6.95878791809082,7202000,0.0,0.0
2015-01-26 00:00:00-05:00,6.956926647196847,7.156014893009336,6.934599185830389,7.10019588470459,9706000,0.0,0.0
2015-01-27 00:00:00-05:00,7.096474959809771,7.256489980639514,6.994139986653637,7.122523784637451,8028000,0.0,0.0
2015-01-28 00:00:00-05:00,7.163458095282434,7.312309030631555,6.96623016233407,6.997861385345459,11009200,0.0,0.0
2015-01-29 00:00:00-05:00,7.036935937815181,7.036935937815181,6.599686100433065,6.748537063598633,13562400,0.0,0.0
2015-01-30 00:00:00-05:00,6.668528812743929,6.716905104346261,6.523399228159629,6.558751106262207,12139200,0.0,0.0
2015-02-02 00:00:00-05:00,6.532703030098643,6.871339239568015,6.422925310999624,6.852733135223389,9705200,0.0,0.0
2015-02-03 00:00:00-05:00,6.845288945981301,7.055540577275678,6.770863124961033,6.977394104003906,5846400,0.0,0.0
2015-02-04 00:00:00-05:00,6.915991341538453,6.962507293127311,6.63503530624367,6.815517425537109,8152400,0.0,0.0
2015-02-05 00:00:00-05:00,6.835986864974731,6.936460814886454,6.74667558317735,6.8285441398620605,5452400,0.0,0.0
2015-02-06 00:00:00-05:00,6.876920289579767,6.956927808422784,6.78016699447246,6.839707374572754,5929200,0.0,0.0
2015-02-09 00:00:00-05:00,6.798773084693145,6.992279654353324,6.795051722609998,6.917853832244873,6226000,0.0,0.0
2015-02-10 00:00:00-05:00,6.919715640545886,7.094616147029871,6.8862240844011815,7.0778703689575195,9737600,0.0,0.0
2015-02-11 00:00:00-05:00,7.085311346796073,7.105777772922266,6.932738345455325,6.981115341186523,5919200,0.0,0.0
2015-02-12 00:00:00-05:00,6.996000704940545,7.0276319295594325,6.884362675199573,6.930878639221191,4923600,0.0,0.0
2015-02-13 00:00:00-05:00,6.89180548330596,7.051820515043791,6.860174258303759,6.949484825134277,6658800,0.0,0.0
2015-02-17 00:00:00-05:00,6.9494853611976515,7.109500405278584,6.847150373171602,6.951346397399902,5420400,0.0,0.0
2015-02-18 00:00:00-05:00,6.882501856491435,6.986697154187131,6.809936361596919,6.977394104003906,4199600,0.0,0.0
2015-02-19 00:00:00-05:00,7.0127475835552024,7.0127475835552024,6.89366681049162,6.982977390289307,3096000,0.0,0.0
2015-02-20 00:00:00-05:00,7.007163996664828,7.077868452691909,6.960648037921759,6.975533485412598,5183600,0.0,0.0
2015-02-23 00:00:00-05:00,7.0592625299466985,7.0685662906855935,6.886223084907165,6.949484825134277,4601600,0.0,0.0
2015-02-24 00:00:00-05:00,7.0071651297206135,7.0313536309158975,6.867617230926568,6.910411834716797,3007200,0.0,0.0
2015-02-25 00:00:00-05:00,6.949483475255464,7.036933698818107,6.869475974927334,6.936459064483643,4074000,0.0,0.0
2015-02-26 00:00:00-05:00,6.930878350299448,6.97367295024212,6.852731874693851,6.889944076538086,4559200,0.0,0.0
2015-02-27 00:00:00-05:00,6.904830146209593,7.018329217464979,6.826682953797148,6.878781318664551,5850800,0.0,0.0
2015-03-02 00:00:00-05:00,6.878780880718488,7.23788417421769,6.878780880718488,7.195088863372803,9590000,0.0,0.0
2015-03-03 00:00:00-05:00,7.249047611004633,7.303006299230847,7.170901132699587,7.1969499588012695,4709600,0.0,0.0
2015-03-04 00:00:00-05:00,7.289982327444829,7.526283522463476,7.204393119422197,7.448136329650879,8379200,0.0,0.0
2015-03-05 00:00:00-05:00,7.438833111466738,7.546750492031061,7.355104231680161,7.442554473876953,4857200,0.0,0.0
2015-03-06 00:00:00-05:00,7.409064050791891,7.550473004815617,7.409064050791891,7.472325801849365,4742000,0.0,0.0
2015-03-09 00:00:00-04:00,7.464880907533883,7.716067512200469,7.407201572585309,7.596986770629883,6152400,0.0,0.0
2015-03-10 00:00:00-04:00,7.541167463390769,7.658387885297095,7.46302098863805,7.563495635986328,5972400,0.0,0.0
2015-03-11 00:00:00-04:00,7.684436535566875,7.939343800466189,7.2788173030704435,7.345800399780273,7636400,0.0,0.0
2015-03-12 00:00:00-04:00,7.433250570556099,7.481626856788193,7.267653866061517,7.3830132484436035,4531600,0.0,0.0
2015-03-13 00:00:00-04:00,7.555761819168099,7.677810220853952,7.503186450859875,7.642134666442871,7166400,0.09,0.0
2015-03-16 00:00:00-04:00,7.647766169749339,7.751038097219355,7.632745150107271,7.715362548828125,4221200,0.0,0.0
2015-03-17 00:00:00-04:00,7.72850762046507,7.75479494684431,7.606458500817541,7.681565761566162,3508000,0.0,0.0
2015-03-18 00:00:00-04:00,7.653398573696736,7.764181363496595,7.540738425140433,7.72099494934082,4463200,0.0,0.0
2015-03-19 00:00:00-04:00,7.71348554243196,7.730383921698009,7.625234630571525,7.659032821655273,3588400,0.0,0.0
2015-03-20 00:00:00-04:00,7.670298454313232,7.73413940271653,7.6102129400837555,7.683442115783691,9629200,0.0,0.0
2015-03-23 00:00:00-04:00,7.711607969775083,7.835534439733031,7.65152245199401,7.76230525970459,7013600,0.0,0.0
2015-03-24 00:00:00-04:00,7.751039512179287,7.797981371078194,7.679688402371612,7.681565761566162,10312000,0.0,0.0
2015-03-25 00:00:00-04:00,7.6815647509383345,7.737894830950751,7.473142810244145,7.475020885467529,8285200,0.0,0.0
2015-03-26 00:00:00-04:00,7.414935622534116,7.473143063466407,7.244067301483727,7.283498287200928,19414000,0.0,0.0
2015-03-27 00:00:00-04:00,7.073196929832712,7.283496913204068,6.973680446669509,7.202756881713867,21983200,0.0,0.0
2015-03-30 00:00:00-04:00,7.210267844669751,7.229044296592167,7.043154270947048,7.0769524574279785,11960400,0.0,0.0
2015-03-31 00:00:00-04:00,7.018746481579045,7.238434022967146,6.98870372251035,7.127651214599609,8458800,0.0,0.0
2015-04-01 00:00:00-04:00,7.108874256600134,7.2290452843857915,7.009357758516853,7.093852519989014,9859600,0.0,0.0
2015-04-02 00:00:00-04:00,7.146426914164333,7.287252452583376,7.112628727641703,7.1727142333984375,4690400,0.0,0.0
2015-04-06 00:00:00-04:00,7.1351623483304865,7.208391531511839,7.075076827962407,7.204636096954346,5935600,0.0,0.0
2015-04-07 00:00:00-04:00,7.204635002439816,7.229044965217253,7.120139528422378,7.131405830383301,5328400,0.0,0.0
2015-04-08 00:00:00-04:00,7.097608166655534,7.2816201479964136,7.08634258013571,7.268476486206055,6596800,0.0,0.0
2015-04-09 00:00:00-04:00,7.277864556705734,7.51069646219515,7.200879946619268,7.508819103240967,7646400,0.0,0.0
2015-04-10 00:00:00-04:00,7.544493501641188,7.587679913751765,7.428077924809385,7.5858025550842285,5076000,0.0,0.0
2015-04-13 00:00:00-04:00,7.585803883386855,7.660910419927054,7.409302054151898,7.5895586013793945,7375600,0.0,0.0
2015-04-14 00:00:00-04:00,7.557637161141115,7.6083344404732856,7.450609810198442,7.5858025550842285,5990400,0.0,0.0
2015-04-15 00:00:00-04:00,7.619601800067732,7.6909528997601075,7.5031854907838795,7.677809238433838,9188400,0.0,0.0
2015-04-16 00:00:00-04:00,7.687198162078857,7.754794550038587,7.638378946483434,7.687198162078857,5828800,0.0,0.0
2015-04-17 00:00:00-04:00,7.644010695292041,7.6515215632111975,7.409301444886789,7.446855068206787,6248400,0.0,0.0
2015-04-20 00:00:00-04:00,7.471265212381532,7.593313595792951,7.465631703167357,7.570781707763672,5238400,0.0,0.0
2015-04-21 00:00:00-04:00,7.593313878734267,7.602702822349139,7.459999188202746,7.5257182121276855,5508000,0.0,0.0
2015-04-22 00:00:00-04:00,7.510695419092919,7.578291792468872,7.435588178391697,7.555759906768799,3904400,0.0,0.0
2015-04-23 00:00:00-04:00,7.557638046723609,7.6120907660471895,7.520084422490939,7.570781707763672,3466400,0.0,0.0
2015-04-24 00:00:00-04:00,7.567025939866828,7.655276845478732,7.536983185061295,7.644010543823242,3487200,0.0,0.0
2015-04-27 00:00:00-04:00,7.647766041276724,7.700340683554464,7.557637776110979,7.563270568847656,4195200,0.0,0.0
2015-04-28 00:00:00-04:00,7.544493790346538,7.598946505373248,7.428078209059856,7.583924770355225,3791200,0.0,0.0
2015-04-29 00:00:00-04:00,7.523838972180031,7.61208987131231,7.352970682467479,7.384891510009766,4985200,0.0,0.0
2015-04-30 00:00:00-04:00,7.366114821035207,7.3848919903035695,7.214022973202428,7.236555576324463,4542800,0.0,0.0
2015-05-01 00:00:00-04:00,7.253453597239948,7.358602864480845,7.221532772344916,7.354847431182861,3079200,0.0,0.0
2015-05-04 00:00:00-04:00,7.381135849860444,7.540737833846246,7.341704156309527,7.53322696685791,3512000,0.0,0.0
2015-05-05 00:00:00-04:00,7.497553360475275,7.565149748286088,7.461877807475518,7.5144524574279785,4387600,0.0,0.0
2015-05-06 00:00:00-04:00,7.491920635087693,7.491920635087693,7.2759878072023,7.347339630126953,5807600,0.0,0.0
2015-05-07 00:00:00-04:00,7.349214572579602,7.439342822085087,7.223410781481006,7.4186882972717285,6820400,0.0,0.0
2015-05-08 00:00:00-04:00,7.48065362992375,7.604580091655247,7.458121741320521,7.546371936798096,4222000,0.0,0.0
2015-05-11 00:00:00-04:00,7.527594109010085,7.60270134568608,7.46187581412536,7.465630531311035,4075600,0.0,0.0
2015-05-12 00:00:00-04:00,7.416812349274274,7.476897860371395,7.326684082628593,7.332316875457764,5334400,0.0,0.0
2015-05-13 00:00:00-04:00,7.336073679115974,7.394281842229711,7.232801732403666,7.360483646392822,6279200,0.0,0.0
2015-05-14 00:00:00-04:00,7.3942791226738604,7.398034555971845,7.275985480752188,7.354847431182861,2988800,0.0,0.0
2015-05-15 00:00:00-04:00,7.354848581182931,7.527594958522404,7.341704920722683,7.5219621658325195,5546800,0.0,0.0
2015-05-18 00:00:00-04:00,7.529471871130358,7.568903566450152,7.4543653467048685,7.555759906768799,4638800,0.0,0.0
2015-05-19 00:00:00-04:00,7.582047105670041,7.5914353315396035,7.516328092031665,7.56890344619751,4007600,0.0,0.0
2015-05-20 00:00:00-04:00,7.548248359451726,7.572658317921987,7.450609241846352,7.53698205947876,4026000,0.0,0.0
2015-05-21 00:00:00-04:00,7.591434886727451,7.683440497644198,7.55763670255682,7.655275821685791,5148000,0.0,0.0
2015-05-22 00:00:00-04:00,7.653400214034358,7.694709278287376,7.582049105584848,7.6609110832214355,4556400,0.0,0.0
2015-05-26 00:00:00-04:00,7.640256176214305,7.69470890073495,7.4825315124042175,7.544495105743408,4948400,0.0,0.0
2015-05-27 00:00:00-04:00,7.6139679630449,7.627111623805501,7.3980358817809035,7.411179542541504,7198800,0.0,0.0
2015-05-28 00:00:00-04:00,7.429956397395324,7.7585493667084515,7.418690094873861,7.683442115783691,15432800,0.0,0.0
2015-05-29 00:00:00-04:00,8.258011184319999,8.353772971242567,8.096531085804196,8.150983810424805,34731200,0.0,0.0
2015-06-01 00:00:00-04:00,8.212943973128503,8.280539615555515,7.963213060841229,8.162246704101562,13171200,0.0,0.0
2015-06-02 00:00:00-04:00,8.147226699029751,8.340626875860764,8.0308111211944,8.256132125854492,9230000,0.0,0.0
2015-06-03 00:00:00-04:00,8.25988764897071,8.31997315536083,8.186657766549246,8.209190368652344,7961200,0.0,0.0
2015-06-04 00:00:00-04:00,8.289929099121178,8.348136521382228,8.237353752087024,8.265519142150879,7472000,0.0,0.0
2015-06-05 00:00:00-04:00,8.280541691321242,8.308707086599679,8.184780636670917,8.288052558898926,5970000,0.0,0.0
2015-06-08 00:00:00-04:00,8.33348595220937,8.382706586865515,8.144174596790254,8.149853706359863,5908000,0.09,0.0
2015-06-09 00:00:00-04:00,8.163107981003627,8.225581094351421,8.119566442382014,8.1214599609375,5136800,0.0,0.0
2015-06-10 00:00:00-04:00,8.168786831174682,8.231259214836534,8.08359656057611,8.111992835998535,7138800,0.0,0.0
2015-06-11 00:00:00-04:00,8.180144659424409,8.278586664923138,8.093061596848244,8.140389442443848,7231600,0.0,0.0
2015-06-12 00:00:00-04:00,8.125244639333305,8.191504060169754,8.081703105611687,8.132817268371582,5338800,0.0,0.0
2015-06-15 00:00:00-04:00,8.115781114084813,8.191505977864052,8.011659968012724,8.049522399902344,7436800,0.0,0.0
2015-06-16 00:00:00-04:00,8.03058939382554,8.074131652158012,7.945399839940714,8.047627449035645,5532000,0.0,0.0
2015-06-17 00:00:00-04:00,8.04952008549676,8.183930994001429,7.985154186440695,8.146068572998047,8661200,0.0,0.0
2015-06-18 00:00:00-04:00,8.178252695064877,8.214221601395879,8.11388678962235,8.176359176635742,8083200,0.0,0.0
2015-06-19 00:00:00-04:00,8.216114578399917,8.295625015207511,8.140389733869759,8.157427787780762,9357200,0.0,0.0
2015-06-22 00:00:00-04:00,8.187716874538264,8.352417566686777,8.142281827308205,8.308876037597656,10163600,0.0,0.0
2015-06-23 00:00:00-04:00,8.335381689022242,8.433823715233803,8.299412778781116,8.397854804992676,7034000,0.0,0.0
2015-06-24 00:00:00-04:00,8.365669467079007,8.613667630259497,8.359990356877319,8.433821678161621,9687600,0.0,0.0
2015-06-25 00:00:00-04:00,8.439503881175916,8.467900162326428,8.26344419381273,8.265336990356445,6468400,0.0,0.0
2015-06-26 00:00:00-04:00,8.288053181077382,8.356205403256636,8.210435532965613,8.337274551391602,7603600,0.0,0.0
2015-06-29 00:00:00-04:00,8.278587254565725,8.316449678172082,8.094954969482572,8.096848487854004,4458800,0.0,0.0
2015-06-30 00:00:00-04:00,8.155535155486415,8.178252320435595,8.096848363688244,8.132817268371582,4470800,0.0,0.0
2015-07-01 00:00:00-04:00,8.187716311367495,8.407317459849343,8.170678260098839,8.3524169921875,6925600,0.0,0.0
2015-07-02 00:00:00-04:00,8.293732496701388,8.424357099614651,8.235045704117692,8.246404647827148,4818400,0.0,0.0
2015-07-06 00:00:00-04:00,8.16310598392092,8.395958879843068,8.134709712027325,8.390279769897461,6026800,0.0,0.0
2015-07-07 00:00:00-04:00,8.384601211749485,8.717788923521034,8.335379848429731,8.71400260925293,9638800,0.0,0.0
2015-07-08 00:00:00-04:00,8.66478345852522,8.75186653517394,8.611776493985255,8.659104347229004,9792000,0.0,0.0
2015-07-09 00:00:00-04:00,8.78404932391057,8.914673931046885,8.685607308409676,8.878705024719238,10862400,0.0,0.0
2015-07-10 00:00:00-04:00,8.952536395276338,8.962001820965803,8.784049362640541,8.890063285827637,5966000,0.0,0.0
2015-07-13 00:00:00-04:00,8.937391362587771,9.022581640279935,8.86734634411453,8.963894844055176,6607200,0.0,0.0
2015-07-14 00:00:00-04:00,8.93928427861338,8.982825812684752,8.755651994871178,8.846521377563477,10610800,0.0,0.0
2015-07-15 00:00:00-04:00,8.869239083519846,8.897636083290246,8.77458338050612,8.787835121154785,5383200,0.0,0.0
2015-07-16 00:00:00-04:00,8.799192879112608,9.041511215063263,8.742399609394875,8.941176414489746,10452000,0.0,0.0
2015-07-17 00:00:00-04:00,8.941178730653126,9.001758330333603,8.780264304407945,8.835164070129395,5317200,0.0,0.0
2015-07-20 00:00:00-04:00,8.802981554803097,8.888171843314996,8.736722842719285,8.86545467376709,5273200,0.0,0.0
2015-07-21 00:00:00-04:00,8.84463012946233,8.8900644676781,8.751867212175974,8.88627815246582,5106000,0.0,0.0
2015-07-22 00:00:00-04:00,8.854094277716568,8.996077827925943,8.784049261819666,8.935498237609863,6506800,0.0,0.0
2015-07-23 00:00:00-04:00,8.94117863979518,9.015009981020143,8.820019441665412,8.88627815246582,3849200,0.0,0.0
2015-07-24 00:00:00-04:00,8.897636263052592,8.91278152248031,8.58148655523899,8.611776351928711,8122800,0.0,0.0
2015-07-27 00:00:00-04:00,8.594736052899071,8.674246477644942,8.500080372678445,8.579590797424316,6295200,0.0,0.0
2015-07-28 00:00:00-04:00,8.61366831425423,8.659103365972411,8.467898456122358,8.572019577026367,4929600,0.0,0.0
2015-07-29 00:00:00-04:00,8.602310896076537,8.687501181799862,8.55498303980422,8.683714866638184,4004800,0.0,0.0
2015-07-30 00:00:00-04:00,8.660997383428397,8.793515520613457,8.600417787372212,8.738615036010742,3734400,0.0,0.0
2015-07-31 00:00:00-04:00,8.757544512637438,8.797300453060968,8.638278857863753,8.679926872253418,4383200,0.0,0.0
2015-08-03 00:00:00-04:00,8.704536761151026,8.742399179824291,8.488721913528652,8.509546279907227,4821200,0.0,0.0
2015-08-04 00:00:00-04:00,8.46411183994639,8.642065003820381,8.426249418558374,8.626919746398926,7212400,0.0,0.0
2015-08-05 00:00:00-04:00,8.647744126860468,8.82759008709116,8.640171498138717,8.78215503692627,4967600,0.0,0.0
2015-08-06 00:00:00-04:00,8.749974247830611,8.768905101363128,8.50386881891325,8.585272789001465,4446800,0.0,0.0
2015-08-07 00:00:00-04:00,8.583379413761815,8.596631154774204,8.452754799997233,8.551196098327637,3788400,0.0,0.0
2015-08-10 00:00:00-04:00,8.685605482060309,8.715895271063328,8.58337717336305,8.672353744506836,4864800,0.0,0.0
2015-08-11 00:00:00-04:00,8.600416828039707,8.67046184276043,8.519012869513327,8.655317306518555,4988800,0.0,0.0
2015-08-12 00:00:00-04:00,8.581485212567763,8.68749912331184,8.44896710197206,8.636384963989258,5104400,0.0,0.0
2015-08-13 00:00:00-04:00,8.642065319030504,8.87302472580672,8.630706375550107,8.727254867553711,4406400,0.0,0.0
2015-08-14 00:00:00-04:00,8.812444275490444,9.054763324189292,8.812444275490444,8.980931282043457,9747600,0.0,0.0
2015-08-17 00:00:00-04:00,8.980934349772717,8.986614183979807,8.795409227377865,8.888172149658203,4342400,0.0,0.0
2015-08-18 00:00:00-04:00,8.905209750701841,9.03204806088297,8.878706266315683,8.895744323730469,6476000,0.0,0.0
2015-08-19 00:00:00-04:00,8.865452782457126,8.929817962083893,8.659103337490183,8.793514251708984,7016000,0.0,0.0
2015-08-20 00:00:00-04:00,8.643957354796104,8.708323251191535,8.554980777440942,8.562553405761719,6032000,0.0,0.0
2015-08-21 00:00:00-04:00,8.475471766979927,8.729149080915224,8.450861081895674,8.486830711364746,8100800,0.0,0.0
2015-08-24 00:00:00-04:00,7.924575024978521,8.358098288183594,7.318778423063727,8.132817268371582,9250800,0.0,0.0
2015-08-25 00:00:00-04:00,8.344845660619747,8.458432195446532,8.191503188654567,8.308876037597656,18920400,0.0,0.0
2015-08-26 00:00:00-04:00,8.458433074179478,8.619347468928824,8.335380380195401,8.587164878845215,15134400,0.0,0.0
2015-08-27 00:00:00-04:00,8.748080960294274,8.897637162515927,8.60231107331231,8.746188163757324,11679600,0.0,0.0
2015-08-28 00:00:00-04:00,8.454646735906369,8.507653694561279,7.863995395207374,8.043841361999512,33722000,0.0,0.0
2015-08-31 00:00:00-04:00,8.002193097143026,8.066559003095286,7.8658886557933725,8.041948318481445,9861200,0.0,0.0
2015-09-01 00:00:00-04:00,7.862102784027729,7.979476380543158,7.708761001035667,7.795844078063965,9354400,0.0,0.0
2015-09-02 00:00:00-04:00,7.890499426354659,7.966224277299455,7.784484779465084,7.915110111236572,10147600,0.0,0.0
2015-09-03 00:00:00-04:00,7.951078724341793,8.098741383843697,7.863995654490192,7.896178245544434,8372800,0.0,0.0
2015-09-04 00:00:00-04:00,7.867535467475352,7.936281038295861,7.773964945313426,7.8770833015441895,6127600,0.09,0.0
2015-09-08 00:00:00-04:00,8.014574027983794,8.014574027983794,7.783512376151183,7.980201244354248,8708000,0.0,0.0
2015-09-09 00:00:00-04:00,8.026031136891637,8.06613320342811,7.953467018965271,7.980201244354248,5874800,0.0,0.0
2015-09-10 00:00:00-04:00,7.955375385727115,8.19025556140168,7.924821884707324,8.087137222290039,5733200,0.0,0.0
2015-09-11 00:00:00-04:00,8.064222866399092,8.18643687938582,7.959195244516933,8.16925048828125,6061600,0.0,0.0
2015-09-14 00:00:00-04:00,8.1807075932139,8.249453151481287,8.069950698571349,8.24372386932373,5638800,0.0,0.0
2015-09-15 00:00:00-04:00,8.260909958954322,8.272367794400514,8.165430182261378,8.211260795593262,4498400,0.0,0.0
2015-09-16 00:00:00-04:00,8.201715011725609,8.430866678702417,8.19216717736263,8.39840316772461,6159200,0.0,0.0
2015-09-17 00:00:00-04:00,8.40031122687069,8.484333169646847,8.186435998699366,8.327746391296387,6796400,0.0,0.0
2015-09-18 00:00:00-04:00,8.239906869428149,8.322019554090492,8.06422366208556,8.07186222076416,8250400,0.0,0.0
2015-09-21 00:00:00-04:00,8.157793652075746,8.17879932284374,7.913364889492625,7.96683406829834,6620000,0.0,0.0
2015-09-22 00:00:00-04:00,7.878990902816824,7.9744706801233685,7.831251014163551,7.896177291870117,4002800,0.0,0.0
2015-09-23 00:00:00-04:00,7.8713554105162675,7.9401009871334916,7.762508490356698,7.844621181488037,3140800,0.0,0.0
2015-09-24 00:00:00-04:00,7.779692936246969,7.922912608848731,7.754867989029178,7.867534160614014,5456800,0.0,0.0
2015-09-25 00:00:00-04:00,7.888540574614681,7.993568198757158,7.724315217959574,7.829342842102051,6662800,0.0,0.0
2015-09-28 00:00:00-04:00,7.798789431624943,7.842710048485117,7.626925514821652,7.695671081542969,6852800,0.0,0.0
2015-09-29 00:00:00-04:00,7.676576034105576,7.812157174718997,7.573457675701118,7.720496654510498,8432000,0.0,0.0
2015-09-30 00:00:00-04:00,7.831251358303931,7.890449085078444,7.754867970173801,7.869443416595459,6866400,0.0,0.0
2015-10-01 00:00:00-04:00,7.886630097223342,7.949647104996051,7.6021007457879435,7.737681865692139,7833600,0.0,0.0
2015-10-02 00:00:00-04:00,7.691852805269209,7.9343715957306316,7.640293623506251,7.924823760986328,5966400,0.0,0.0
2015-10-05 00:00:00-04:00,7.943918629418652,8.142516777267375,7.930551516433933,8.111963272094727,7671600,0.0,0.0
2015-10-06 00:00:00-04:00,8.104324924062265,8.302923077066245,8.09859636933526,8.276188850402832,7518000,0.0,0.0
2015-10-07 00:00:00-04:00,8.293374995872481,8.365939843548436,8.138697466775769,8.295284271240234,4901600,0.0,0.0
2015-10-08 00:00:00-04:00,8.218901404960196,8.467148740662958,8.218901404960196,8.39840316772461,4536400,0.0,0.0
2015-10-09 00:00:00-04:00,8.348753623362418,8.490063313982938,8.299103721342101,8.480515480041504,3824800,0.0,0.0
2015-10-12 00:00:00-04:00,8.455691488124835,8.524437065825543,8.3716695200757,8.390765190124512,2991600,0.0,0.0
2015-10-13 00:00:00-04:00,8.346843238818655,8.432775197278447,8.287646234009802,8.310561180114746,3242000,0.0,0.0
2015-10-14 00:00:00-04:00,8.299101411225886,8.348751299425789,8.159701034815562,8.220808029174805,3027600,0.0,0.0
2015-10-15 00:00:00-04:00,8.260909796078655,8.39649162993364,8.182616409872223,8.388853073120117,3522000,0.0,0.0
2015-10-16 00:00:00-04:00,8.455690880915345,8.495792950663077,8.323929018752983,8.490063667297363,3594000,0.0,0.0
2015-10-19 00:00:00-04:00,8.490063953796158,8.581724477756955,8.404131984941321,8.539713859558105,3046400,0.0,0.0
2015-10-20 00:00:00-04:00,8.55117002174558,8.711576103006847,8.541622188143139,8.612277030944824,6144800,0.0,0.0
2015-10-21 00:00:00-04:00,8.646648886838454,8.824241340908578,8.618005389104747,8.791778564453125,4631600,0.0,0.0
2015-10-22 00:00:00-04:00,8.818513532123275,9.026659505100572,8.705847349897892,8.971281051635742,6262000,0.0,0.0
2015-10-23 00:00:00-04:00,9.093496366590735,9.093496366590735,8.610368789458205,8.660017967224121,9208400,0.0,0.0
2015-10-26 00:00:00-04:00,8.663835611567146,8.694389114068557,8.469056759950792,8.530163764953613,5856400,0.0,0.0
2015-10-27 00:00:00-04:00,8.539711936820288,8.575993991744182,8.316288868101982,8.449960708618164,4584000,0.0,0.0
2015-10-28 00:00:00-04:00,8.490063766365797,8.724943990414975,8.457600983544571,8.698209762573242,3632000,0.0,0.0
2015-10-29 00:00:00-04:00,8.715394561498258,8.818512902982253,8.66383539075626,8.728761672973633,2984400,0.0,0.0
2015-10-30 00:00:00-04:00,8.768863059338912,8.889167791782821,8.702027501566155,8.797507286071777,4879200,0.0,0.0
2015-11-02 00:00:00-05:00,8.78986868995762,8.87771064494203,8.702027463426154,8.818512916564941,3821200,0.0,0.0
2015-11-03 00:00:00-05:00,8.84142952083875,8.936909322853104,8.797508899326514,8.927361488342285,5713200,0.0,0.0
2015-11-04 00:00:00-05:00,8.92354101006716,8.996105853816639,8.90253533989339,8.946455955505371,5235600,0.0,0.0
2015-11-05 00:00:00-05:00,8.96555403178558,9.00565537593617,8.84142999118257,8.963644027709961,3947600,0.0,0.0
2015-11-06 00:00:00-05:00,8.927358217429923,9.066758589881337,8.85097411242373,8.940725326538086,7676800,0.0,0.0
2015-11-09 00:00:00-05:00,8.93117936816702,8.940727201181529,8.67529350973216,8.688660621643066,6093200,0.0,0.0
2015-11-10 00:00:00-05:00,8.677203350343424,8.824242319397126,8.640921291143036,8.772683143615723,6072800,0.0,0.0
2015-11-11 00:00:00-05:00,8.799416942306278,8.841427550482226,8.484333374495627,8.512977600097656,7525200,0.0,0.0
2015-11-12 00:00:00-05:00,8.490060396877363,8.554986665205309,8.377394246792186,8.503427505493164,7546000,0.0,0.0
2015-11-13 00:00:00-05:00,7.626924974051679,7.657478476155603,7.078871211364376,7.099876880645752,38060800,0.0,0.0
2015-11-16 00:00:00-05:00,7.0655037423391835,7.292745357214611,7.055955909999578,7.2736496925354,10280000,0.0,0.0
2015-11-17 00:00:00-05:00,7.31375169429004,7.31375169429004,7.046408722067496,7.096057891845703,10395200,0.0,0.0
2015-11-18 00:00:00-05:00,7.174350848710634,7.267921356731218,7.109424567020599,7.220181465148926,9136800,0.0,0.0
2015-11-19 00:00:00-05:00,7.189628249780156,7.439784825416278,7.160984022309731,7.344305038452148,8218800,0.0,0.0
2015-11-20 00:00:00-05:00,7.466519668299206,7.594462972235084,7.365311318830502,7.497073173522949,11176800,0.0,0.0
2015-11-23 00:00:00-05:00,6.3284005640377785,7.197266534722726,6.301666338547936,7.181990146636963,67735200,0.0,0.0
2015-11-24 00:00:00-05:00,6.872634880670395,7.300383886872316,6.861177044834431,7.239276885986328,21452000,0.0,0.0
2015-11-25 00:00:00-05:00,7.216363239375824,7.262193134048401,6.989120856076409,6.996759414672852,8231600,0.0,0.0
2015-11-27 00:00:00-05:00,7.042590205561169,7.055957319196843,6.8363534892626525,6.876454830169678,4770000,0.0,0.0
2015-11-30 00:00:00-05:00,6.790523445867796,6.842082623821494,6.664490142576438,6.689314365386963,12892400,0.0,0.0
2015-12-01 00:00:00-05:00,6.762631286703917,6.785784169693909,6.608277506742505,6.695101737976074,8725200,0.09,0.0
2015-12-02 00:00:00-05:00,6.695102360707733,6.722114182711322,6.533030692669255,6.53495979309082,11470800,0.0,0.0
2015-12-03 00:00:00-05:00,6.53110150713001,6.53110150713001,6.210817075993109,6.324653148651123,14872000,0.0,0.0
2015-12-04 00:00:00-05:00,6.322723768199052,6.43462999927335,6.2204645118009365,6.424983024597168,14113200,0.0,0.0
2015-12-07 00:00:00-05:00,6.40568841803005,6.442347212445198,6.270628578369478,6.380605697631836,11792400,0.0,0.0
2015-12-08 00:00:00-05:00,6.289923622511478,6.538819561512151,6.2262529962654,6.509878635406494,11211200,0.0,0.0
2015-12-09 00:00:00-05:00,6.388323603075593,6.565830275051376,6.251334662396423,6.25905179977417,10329200,0.0,0.0
2015-12-10 00:00:00-05:00,6.280275992173807,6.3478062847450305,6.071898181071492,6.176086902618408,16325600,0.0,0.0
2015-12-11 00:00:00-05:00,5.830720539806468,6.048745708157519,5.77669689087655,5.788273334503174,26372000,0.0,0.0
2015-12-14 00:00:00-05:00,5.788273246496358,5.915615228478597,5.734249230379331,5.840367794036865,11758000,0.0,0.0
2015-12-15 00:00:00-05:00,5.93105004053925,6.010156404550984,5.865449587259988,5.892461776733398,10153200,0.0,0.0
2015-12-16 00:00:00-05:00,5.946485417151617,5.981215112168141,5.811425941875481,5.896320343017578,8740400,0.0,0.0
2015-12-17 00:00:00-05:00,5.896320228060231,5.92526151734026,5.604977130889893,5.604977130889893,9117600,0.0,0.0
2015-12-18 00:00:00-05:00,5.57989486317466,5.583753799939607,5.383093504263991,5.5490241050720215,22410000,0.0,0.0
2015-12-21 00:00:00-05:00,5.50464856650009,5.614625710822008,5.412035905168729,5.547095775604248,13672800,0.0,0.0
2015-12-22 00:00:00-05:00,5.576035768413024,5.576035768413024,5.433258424231793,5.518153190612793,12263600,0.0,0.0
2015-12-23 00:00:00-05:00,5.556742751488839,5.581825477602441,5.452554013502801,5.547095775604248,11113200,0.0,0.0
2015-12-24 00:00:00-05:00,5.522012905123292,5.556742235890483,5.456412444771086,5.4737772941589355,3476000,0.0,0.0
2015-12-28 00:00:00-05:00,5.473777605016661,5.5837547453796725,5.4294005607228,5.493071556091309,9301600,0.0,0.0
2015-12-29 00:00:00-05:00,5.522013115457436,5.556742447547472,5.466059627963424,5.485353946685791,8161600,0.0,0.0
2015-12-30 00:00:00-05:00,5.473776470175372,5.583753587737568,5.448693750164918,5.494999885559082,5753200,0.0,0.0
2015-12-31 00:00:00-05:00,5.485353132297405,5.568318432880092,5.408176236874602,5.4101057052612305,6784000,0.0,0.0
2016-01-04 00:00:00-05:00,5.21716309959155,5.491140976724495,5.211374694634823,5.462199687957764,17321600,0.0,0.0
2016-01-05 00:00:00-05:00,5.516224642213115,5.597260485452673,5.413965011836751,5.550954341888428,13666400,0.0,0.0
2016-01-06 00:00:00-05:00,5.446765101773111,5.54516579230142,5.294340762490168,5.4737772941589355,15025600,0.0,0.0
2016-01-07 00:00:00-05:00,5.425541051789998,5.550953552100577,5.35222272557193,5.4892120361328125,10651200,0.0,0.0
2016-01-08 00:00:00-05:00,5.5374482859115455,5.554813135299395,5.410106302406325,5.4737772941589355,10796800,0.0,0.0
2016-01-11 00:00:00-05:00,5.466058845391475,5.701448469679921,5.400458391932513,5.6686482429504395,13026800,0.0,0.0
2016-01-12 00:00:00-05:00,5.585683500195142,5.637777676650589,5.076315234339765,5.379234790802002,32357600,0.0,0.0
2016-01-13 00:00:00-05:00,5.3464346960743905,5.367658481682615,5.109115589396654,5.197869300842285,11686400,0.0,0.0
2016-01-14 00:00:00-05:00,5.290481336535315,5.290481336535315,4.858290346383219,4.93546724319458,18357600,0.0,0.0
2016-01-15 00:00:00-05:00,4.835136366490946,5.004925881960709,4.79461863975901,4.947042942047119,12750800,0.0,0.0
2016-01-19 00:00:00-05:00,5.008785663247646,5.012644600444797,4.833208068870858,4.921961784362793,11138000,0.0,0.0
2016-01-20 00:00:00-05:00,4.864078047174482,4.910384550066598,4.6942888859343626,4.860219478607178,8945200,0.0,0.0
2016-01-21 00:00:00-05:00,4.860219425878568,5.004926233823274,4.852501552810797,4.879513740539551,8473200,0.0,0.0
2016-01-22 00:00:00-05:00,4.964409620714032,5.022292582005399,4.906527027431218,4.95283317565918,7054400,0.0,0.0
2016-01-25 00:00:00-05:00,4.939325972740393,5.010714461291647,4.806195601322803,4.835136890411377,5780800,0.0,0.0
2016-01-26 00:00:00-05:00,4.8910910280042845,5.109115827756081,4.850572923408123,5.028079986572266,11076000,0.0,0.0
2016-01-27 00:00:00-05:00,5.062808858248452,5.166997937609775,4.981773030303573,5.045444011688232,8011600,0.0,0.0
2016-01-28 00:00:00-05:00,5.111045063300387,5.134198317443653,4.952832325348285,4.960549831390381,5595600,0.0,0.0
2016-01-29 00:00:00-05:00,4.970197264453172,5.0647390152433625,4.941255972253481,5.057021141052246,9271200,0.0,0.0
2016-02-01 00:00:00-05:00,5.055092074508444,5.1824340554502575,4.987562146916028,5.172786712646484,11149200,0.0,0.0
2016-02-02 00:00:00-05:00,5.1380570725164105,5.1534924531680275,4.937397124045392,5.001068115234375,7362400,0.0,0.0
2016-02-03 00:00:00-05:00,5.037727088605209,5.070527317229923,4.775325259607494,5.0493035316467285,8893600,0.0,0.0
2016-02-04 00:00:00-05:00,5.028079775248867,5.246104933845867,4.896878859988458,5.2113752365112305,8000800,0.0,0.0
2016-02-05 00:00:00-05:00,5.211375454555552,5.244175684743018,5.0994688517998155,5.176645755767822,6183200,0.0,0.0
2016-02-08 00:00:00-05:00,5.122622104853569,5.394670940776364,5.112975129171752,5.381165027618408,11779200,0.0,0.0
2016-02-09 00:00:00-05:00,5.334858032358974,5.379234702242037,5.153492047956636,5.232598781585693,13147200,0.0,0.0
2016-02-10 00:00:00-05:00,5.2480338711316605,5.265398718041218,5.136127284385881,5.141915321350098,5480400,0.0,0.0
2016-02-11 00:00:00-05:00,5.1033276373893495,5.199798856485492,5.043515216583624,5.145774841308594,5918800,0.0,0.0
2016-02-12 00:00:00-05:00,5.165069647871551,5.282764296068978,5.074386457807867,5.205587387084961,10327200,0.0,0.0
2016-02-16 00:00:00-05:00,5.273116651698826,5.412035070252062,5.188221878578719,5.402388095855713,5744000,0.0,0.0
2016-02-17 00:00:00-05:00,5.444835384246827,5.595330616058349,5.3946703069763196,5.545165538787842,6689600,0.0,0.0
2016-02-18 00:00:00-05:00,5.556742072604704,5.749684510792486,5.531659717564031,5.641636848449707,11048000,0.0,0.0
2016-02-19 00:00:00-05:00,5.637777314510222,5.637777314510222,5.359940497899641,5.439046859741211,8530000,0.0,0.0
2016-02-22 00:00:00-05:00,5.504647505761571,5.716883878393224,5.485353189701838,5.635848045349121,6722400,0.0,0.0
2016-02-23 00:00:00-05:00,5.711095652952026,5.761260725850577,5.5914711917311015,5.680224895477295,5059600,0.0,0.0
2016-02-24 00:00:00-05:00,5.6763669692058585,5.768979258115392,5.452553753670225,5.767049789428711,6416800,0.0,0.0
2016-02-25 00:00:00-05:00,5.711095749929967,5.79984908717479,5.6551422710516075,5.78055477142334,6115600,0.0,0.0
2016-02-26 00:00:00-05:00,5.8094964759385395,5.9059676874658695,5.7747667809073455,5.892461776733398,6775600,0.0,0.0
2016-02-29 00:00:00-05:00,5.8731675593423045,5.9985800628298,5.792131725579719,5.94648551940918,9401600,0.0,0.0
2016-03-01 00:00:00-05:00,5.99086224129393,6.027521405650779,5.882814584672583,5.969638824462891,8520400,0.0,0.0
2016-03-02 00:00:00-05:00,5.958061771982656,6.112415928899297,5.626200941825839,6.037168502807617,16452400,0.0,0.0
2016-03-03 00:00:00-05:00,6.0506752060745415,6.3574537237300115,6.035239825161433,6.311147212982178,14196000,0.0,0.0
2016-03-04 00:00:00-05:00,6.297486633607626,6.354080276723861,6.086724780885066,6.0945305824279785,10121600,0.0925,0.0
2016-03-07 00:00:00-05:00,6.055501212761436,6.1862516537788075,5.928653486652603,5.998907566070557,11321200,0.0,0.0
2016-03-08 00:00:00-05:00,6.028179061312678,6.047694121772702,5.817417227225824,5.877913951873779,9314000,0.0,0.0
2016-03-09 00:00:00-05:00,5.92865306617131,6.160881522717725,5.885720227471332,6.1062397956848145,10378000,0.0,0.0
2016-03-10 00:00:00-05:00,6.1140457276102875,6.1140457276102875,5.8427875134271945,5.940362453460693,8197200,0.0,0.0
2016-03-11 00:00:00-05:00,5.959877487766434,6.067209772408878,5.940362425408121,6.000858783721924,6477200,0.0,0.0
2016-03-14 00:00:00-04:00,6.002810053583688,6.2506501059160025,5.99500388010861,6.178444862365723,6921600,0.0,0.0
2016-03-15 00:00:00-04:00,6.149172224084679,6.192105059919988,5.848641256581041,6.006712913513184,8111600,0.0,0.0
2016-03-16 00:00:00-04:00,6.078918507142755,6.246747145853022,6.014519063542791,6.227232456207275,6249600,0.0,0.0
2016-03-17 00:00:00-04:00,6.279923065256626,6.287729238956728,6.051597695592518,6.119900226593018,12200800,0.0,0.0
2016-03-18 00:00:00-04:00,6.16283283368849,6.301389433907573,6.008664631093581,6.016470432281494,22170800,0.0,0.0
2016-03-21 00:00:00-04:00,6.034033775268269,6.17844462913632,5.864253230782731,6.020373344421387,13434800,0.0,0.0
2016-03-22 00:00:00-04:00,6.000858532022854,6.008664705526301,5.856447672178646,5.889623165130615,8700000,0.0,0.0
2016-03-23 00:00:00-04:00,5.889622967257366,6.012567218055385,5.864253276442347,5.926701545715332,7876800,0.0,0.0
2016-03-24 00:00:00-04:00,5.920847895065644,5.952071848757022,5.778388559821369,5.907187461853027,17952400,0.0,0.0
2016-03-28 00:00:00-04:00,5.649589540435101,6.039889325688818,5.5422568761590005,5.872060298919678,32988800,0.0,0.0
2016-03-29 00:00:00-04:00,5.889623456566515,6.23113574764571,5.854496418500494,6.149172782897949,15210000,0.0,0.0
2016-03-30 00:00:00-04:00,6.1608817944611065,6.238941673821782,6.049646419844786,6.197960376739502,10088400,0.0,0.0
2016-03-31 00:00:00-04:00,6.2194270071569475,6.328710838683803,6.180396881216494,6.192105770111084,8376000,0.0,0.0
2016-04-01 00:00:00-04:00,6.192105649108996,6.1979602795513165,5.993052680696408,6.115997314453125,8540400,0.0,0.0
2016-04-04 00:00:00-04:00,6.125754230329313,6.131608860361325,5.993052260687687,6.035985469818115,5967200,0.0,0.0
2016-04-05 00:00:00-04:00,6.010616005932996,6.065258104975604,5.897429093230974,5.911089897155762,7004000,0.0,0.0
2016-04-06 00:00:00-04:00,5.903284251962464,6.069161735139071,5.813515480019173,5.872060298919678,9206000,0.0,0.0
2016-04-07 00:00:00-04:00,5.875962861983395,5.895477551730314,5.659346381379195,5.682764530181885,14695600,0.0,0.0
2016-04-08 00:00:00-04:00,5.712037232926259,5.829127238567717,5.682764824570611,5.754970073699951,8490400,0.0,0.0
2016-04-11 00:00:00-04:00,5.803757663961966,5.975489775013576,5.7998545768428675,5.83107852935791,8181200,0.0,0.0
2016-04-12 00:00:00-04:00,5.85449677880575,5.946217094341576,5.797903131278899,5.872060298919678,7840400,0.0,0.0
2016-04-13 00:00:00-04:00,5.9032837663596665,6.166736174178165,5.891574877986512,6.141366481781006,8691600,0.0,0.0
2016-04-14 00:00:00-04:00,6.119900372910947,6.192105620268971,5.9735379625043565,6.1764936447143555,10259600,0.0,0.0
2016-04-15 00:00:00-04:00,6.1960088093525005,6.272117144908526,6.149172881916572,6.20381498336792,10342000,0.0,0.0
2016-04-18 00:00:00-04:00,6.217474464056249,6.320903648398093,6.172589714775178,6.285776615142822,7128800,0.0,0.0
2016-04-19 00:00:00-04:00,6.3111473384528125,6.352128635818115,6.268214125343789,6.332613945007324,6650800,0.0,0.0
2016-04-20 00:00:00-04:00,6.340419937155611,6.4965396924749745,6.309195986091738,6.4184794425964355,11016000,0.0,0.0
2016-04-21 00:00:00-04:00,6.418479144540087,6.457509267666906,6.2857771725715095,6.30529260635376,10325600,0.0,0.0
2016-04-22 00:00:00-04:00,6.297486429256016,6.420431056482322,6.281874082239104,6.400915622711182,88882000,0.0,0.0
2016-04-25 00:00:00-04:00,6.377497846623492,6.439945745815782,6.328710378852161,6.400915622711182,8251200,0.0,0.0
2016-04-26 00:00:00-04:00,6.391158822924315,6.506297286458325,6.361886041990786,6.502394199371338,7961200,0.0,0.0
2016-04-27 00:00:00-04:00,6.4789758992760635,6.580453922048406,6.459460465413488,6.514102935791016,11343200,0.0,0.0
2016-04-28 00:00:00-04:00,6.473121428584676,6.502394209564092,6.3970130913634895,6.420431613922119,8579200,0.0,0.0
2016-04-29 00:00:00-04:00,6.420431056482322,6.443848832570011,6.317001118589476,6.400915622711182,8473600,0.0,0.0
2016-05-02 00:00:00-04:00,6.402868201937081,6.412625547615119,6.235039176298909,6.3150506019592285,10590000,0.0,0.0
2016-05-03 00:00:00-04:00,6.285777371981153,6.317001322585619,6.108191013336182,6.108191013336182,10560800,0.0,0.0
2016-05-04 00:00:00-04:00,6.088676708906705,6.115997574360854,5.918896141052943,5.998907566070557,11483200,0.0,0.0
2016-05-05 00:00:00-04:00,5.9891501305225505,6.002810563044465,5.848641973796872,5.87596321105957,8590800,0.0,0.0
2016-05-06 00:00:00-04:00,5.895478077592328,5.899381164777396,5.731552510227137,5.872060298919678,7822800,0.0,0.0
2016-05-09 00:00:00-04:00,5.874010865589092,5.950119191945737,5.8623019782001045,5.891574382781982,7538400,0.0,0.0
2016-05-10 00:00:00-04:00,5.905235091321932,5.983294964619812,5.856447623983402,5.955974102020264,5274800,0.0,0.0
2016-05-11 00:00:00-04:00,5.883768818595125,5.883768818595125,5.643734555077307,5.698376655578613,11997200,0.0,0.0
2016-05-12 00:00:00-04:00,5.717890890840967,5.735454408453816,5.630073674995546,5.678861141204834,8598800,0.0,0.0
2016-05-13 00:00:00-04:00,5.678861695335621,5.721794535790307,5.544208171237521,5.606656074523926,11854400,0.0,0.0
2016-05-16 00:00:00-04:00,5.61251048020294,5.682764554695211,5.573480356103045,5.663249492645264,12104400,0.0,0.0
2016-05-17 00:00:00-04:00,5.676910204980154,5.737406565327892,5.544208223144702,5.5539655685424805,12189200,0.0,0.0
2016-05-18 00:00:00-04:00,5.528596585852695,5.53640276042421,5.421264291026597,5.4700517654418945,15548800,0.0,0.0
2016-05-19 00:00:00-04:00,5.472002332265462,5.577383064636931,5.370524314264177,5.571528434753418,12570000,0.0,0.0
2016-05-20 00:00:00-04:00,5.5968986054829415,5.608607494035569,5.5032267526242045,5.557868480682373,9317200,0.0,0.0
2016-05-23 00:00:00-04:00,5.583238021699114,5.633977033673071,5.524692836089697,5.555916786193848,8022800,0.0,0.0
2016-05-24 00:00:00-04:00,5.540305211344417,5.651540588152871,5.493469282805008,5.600801944732666,14090400,0.0,0.0
2016-05-25 00:00:00-04:00,5.614462262720722,5.823272579443958,5.594947199839729,5.8018059730529785,18447200,0.0,0.0
2016-05-26 00:00:00-04:00,5.852545110445461,5.936459622041096,5.833030047155032,5.850593566894531,13702000,0.0,0.0
2016-05-27 00:00:00-04:00,5.472002457019532,5.645685719783097,5.395893755673985,5.620316028594971,30238400,0.0,0.0
2016-05-31 00:00:00-04:00,5.637879476035241,5.727648607414121,5.587140466511324,5.678861141204834,39743200,0.0,0.0
2016-06-01 00:00:00-04:00,5.6632504494887055,5.6983774926697865,5.552015060894558,5.649590015411377,14889200,0.0,0.0
2016-06-02 00:00:00-04:00,5.6554433672533415,5.7217943554587025,5.6105589847082005,5.637879848480225,7872400,0.0,0.0
2016-06-03 00:00:00-04:00,5.651540966403687,5.66910448730883,5.524693604925688,5.587141513824463,8838800,0.0,0.0
2016-06-06 00:00:00-04:00,5.589117541442827,5.654360142517982,5.5436455055312095,5.628658294677734,7820800,0.0925,0.0
2016-06-07 00:00:00-04:00,5.632612610630798,5.691924307464009,5.614819139290052,5.626681327819824,7284000,0.0,0.0
2016-06-08 00:00:00-04:00,5.6286587939221935,5.658314832843979,5.5713245646639535,5.581209659576416,7681600,0.0,0.0
2016-06-09 00:00:00-04:00,5.549577486430254,5.58911862441902,5.367688930447961,5.391413688659668,13588000,0.0,0.0
2016-06-10 00:00:00-04:00,5.328147543804822,5.328147543804822,5.171960481893531,5.245111465454102,18088400,0.0,0.0
2016-06-13 00:00:00-04:00,5.229294906500243,5.272789850000213,5.144281736716146,5.14625883102417,9326800,0.0,0.0
2016-06-14 00:00:00-04:00,5.134396094805465,5.148235754502399,5.011819268512838,5.086946964263916,12596000,0.0,0.0
2016-06-15 00:00:00-04:00,5.081016653454289,5.223364061743292,5.063223180281637,5.166029453277588,14506400,0.0,0.0
2016-06-16 00:00:00-04:00,5.152190638764138,5.175915397521335,5.086948023547157,5.126489162445068,8923200,0.0,0.0
2016-06-17 00:00:00-04:00,5.136373063043971,5.258950263421742,5.0968323104421,5.16998291015625,10379200,0.0,0.0
2016-06-20 00:00:00-04:00,5.229295415128583,5.302446026179546,5.209524847217542,5.219409942626953,9122400,0.0,0.0
2016-06-21 00:00:00-04:00,5.213479257460178,5.2292956370417585,5.082993654546846,5.1086955070495605,6278400,0.0,0.0
2016-06-22 00:00:00-04:00,5.132419076526555,5.195684961943837,5.102763416635683,5.140327453613281,7146800,0.0,0.0
2016-06-23 00:00:00-04:00,5.225340787197571,5.249065165024189,5.173937465783651,5.205570220947266,6074000,0.0,0.0
2016-06-24 00:00:00-04:00,4.997980206895635,5.086947189185185,4.994026018235961,5.009842395782471,7372000,0.0,0.0
2016-06-27 00:00:00-04:00,5.003911256856501,5.13439646964495,4.978209784013041,5.041475296020508,12242800,0.0,0.0
2016-06-28 00:00:00-04:00,5.106718765828355,5.17591557269548,5.065200907963436,5.150213718414307,11523200,0.0,0.0
2016-06-29 00:00:00-04:00,5.233249099104616,5.332101559151043,5.213478908769098,5.221386909484863,9941200,0.0,0.0
2016-06-30 00:00:00-04:00,5.241157016886605,5.2767439597145405,5.144281659795101,5.254996299743652,7436800,0.0,0.0
2016-07-01 00:00:00-04:00,5.314308054716956,5.4131605141782195,5.284652392297018,5.349895000457764,10530400,0.0,0.0
2016-07-05 00:00:00-04:00,5.343963710578619,5.349894616381494,5.132419145761135,5.199638843536377,8564400,0.0,0.0
2016-07-06 00:00:00-04:00,5.185799578583328,5.235225804937555,5.086947125874875,5.233248710632324,9961200,0.0,0.0
2016-07-07 00:00:00-04:00,5.243134259113628,5.343963807607219,5.177891654452149,5.205570220947266,9082800,0.0,0.0
2016-07-08 00:00:00-04:00,5.272789309757054,5.415136691520375,5.270812215651602,5.411182880401611,8416400,0.0,0.0
2016-07-11 00:00:00-04:00,5.5574856094006,5.69192501987186,5.545623042293921,5.6247053146362305,14266800,0.0,0.0
2016-07-12 00:00:00-04:00,5.678085072028019,5.7275113012043875,5.634590126106008,5.682039260864258,12093200,0.0,0.0
2016-07-13 00:00:00-04:00,5.701809755582562,5.772983645362657,5.670176999478563,5.703786849975586,11811200,0.0,0.0
2016-07-14 00:00:00-04:00,5.723556827946409,5.753212486606264,5.626681098116235,5.658314228057861,7988400,0.0,0.0
2016-07-15 00:00:00-04:00,5.6939014238399075,5.6939014238399075,5.531783453229001,5.5337605476379395,9874000,0.0,0.0
2016-07-18 00:00:00-04:00,5.535737514969275,6.010229226548203,5.510036042427482,5.9687113761901855,31168800,0.0,0.0
2016-07-19 00:00:00-04:00,6.10315077617419,6.188163571253777,5.933124431830633,5.9687113761901855,17436800,0.0,0.0
2016-07-20 00:00:00-04:00,5.952894459012903,6.192117198945084,5.939055176814136,6.152576446533203,15084400,0.0,0.0
2016-07-21 00:00:00-04:00,6.158507422134644,6.296900999882814,6.118966669272425,6.130828857421875,17460400,0.0,0.0
2016-07-22 00:00:00-04:00,6.128852607511536,6.166416648433717,6.0596558091050605,6.0912885665893555,10361600,0.0,0.0
2016-07-25 00:00:00-04:00,6.033954296097889,6.120944190071907,5.941032741632071,6.105127811431885,9008800,0.0,0.0
2016-07-26 00:00:00-04:00,6.093265744718956,6.1881640184746365,6.018138038935431,6.178278923034668,10084400,0.0,0.0
2016-07-27 00:00:00-04:00,6.211888257363249,6.243521012643511,6.148622746802727,6.192117691040039,8732800,0.0,0.0
2016-07-28 00:00:00-04:00,6.168392563126203,6.194094032256866,6.087333590439772,6.162461280822754,5687600,0.0,0.0
2016-07-29 00:00:00-04:00,6.178278377865044,6.178278377865044,6.041861885695972,6.118967056274414,6389200,0.0,0.0
2016-08-01 00:00:00-04:00,6.12292062660683,6.126874815114996,5.966733951455999,6.0003437995910645,11550400,0.0,0.0
2016-08-02 00:00:00-04:00,6.041861336232791,6.053723901145852,5.776936753315519,5.780890941619873,13682800,0.0,0.0
2016-08-03 00:00:00-04:00,5.741350785924645,5.897537469240532,5.648429236585898,5.859973430633545,9440400,0.0,0.0
2016-08-04 00:00:00-04:00,5.840203937092065,5.931148025816986,5.818456273661221,5.863928318023682,4826400,0.0,0.0
2016-08-05 00:00:00-04:00,5.9093994058077275,6.047792988178022,5.893583028716167,5.939055442810059,10449200,0.0,0.0
2016-08-08 00:00:00-04:00,5.9588257798308035,6.008252006610003,5.859973326272405,5.889629364013672,8176400,0.0,0.0
2016-08-09 00:00:00-04:00,5.883698313889572,5.974642393758089,5.832294990753898,5.857996463775635,8990400,0.0,0.0
2016-08-10 00:00:00-04:00,5.852065949104644,5.976619887928062,5.852065949104644,5.960803508758545,7001200,0.0,0.0
2016-08-11 00:00:00-04:00,6.035930654250353,6.162461667935206,6.016160089089054,6.150599479675293,9911200,0.0,0.0
2016-08-12 00:00:00-04:00,6.12885227381203,6.273176769112574,6.093265329306758,6.198049068450928,8584000,0.0,0.0
2016-08-15 00:00:00-04:00,6.190140593237161,6.342373840713099,6.190140593237161,6.273176670074463,5720400,0.0,0.0
2016-08-16 00:00:00-04:00,6.259336629226241,6.316671226883158,6.160484186721604,6.162461280822754,6347600,0.0,0.0
2016-08-17 00:00:00-04:00,6.103151005636694,6.116990289609688,6.03000001980375,6.093265533447266,7049600,0.0,0.0
2016-08-18 00:00:00-04:00,6.115012153671585,6.166415469025053,6.043838274398761,6.162461280822754,6320400,0.0,0.0
2016-08-19 00:00:00-04:00,6.140714490832855,6.310740836644665,6.107104640546618,6.271199703216553,8659200,0.0,0.0
2016-08-22 00:00:00-04:00,6.326557496316865,6.346327686819086,6.180255899465603,6.219796657562256,6687600,0.0,0.0
2016-08-23 00:00:00-04:00,6.332487772350886,6.459018789013938,6.2929470181897695,6.344350337982178,11361200,0.0,0.0
2016-08-24 00:00:00-04:00,6.35225967681808,6.407616816443291,6.251430116239291,6.269223213195801,10861600,0.0,0.0
2016-08-25 00:00:00-04:00,6.261314226634036,6.375983054073216,6.1842094359519475,6.358189582824707,24669200,0.0,0.0
2016-08-26 00:00:00-04:00,5.9746424470862305,6.0319770539350746,5.672154165865865,5.682039260864258,57973600,0.0,0.0
2016-08-29 00:00:00-04:00,5.68401645922741,5.727511405944824,5.602957472063196,5.727511405944824,17622400,0.0,0.0
2016-08-30 00:00:00-04:00,5.7116945919110025,5.7255338749435305,5.589117761829598,5.632612705230713,11436400,0.0,0.0
2016-08-31 00:00:00-04:00,5.630636989484762,5.723558559039892,5.597027132280362,5.6128435134887695,11312000,0.0,0.0
2016-09-01 00:00:00-04:00,5.62865878282303,5.650406444098202,5.529806325524536,5.541668891906738,8379200,0.0,0.0
2016-09-02 00:00:00-04:00,5.577256561496785,5.630636989484762,5.543647081384659,5.6128435134887695,6760400,0.0,0.0
2016-09-06 00:00:00-04:00,5.61086534341512,5.66819994999046,5.585163870286582,5.608888626098633,7776400,0.0,0.0
2016-09-07 00:00:00-04:00,5.61489821779689,5.654961478243164,5.586853515201766,5.634929656982422,6064400,0.0925,0.0
2016-09-08 00:00:00-04:00,5.602878419137955,5.630923119347214,5.558808721773661,5.564818382263184,6915200,0.0,0.0
2016-09-09 00:00:00-04:00,5.596870033524988,5.614898635794263,5.442625495032413,5.444628715515137,9941600,0.0,0.0
2016-09-12 00:00:00-04:00,5.484691596175867,5.484691596175867,5.378523592527483,5.416584014892578,14428000,0.0,0.0
2016-09-13 00:00:00-04:00,5.398555074754218,5.4866944718547614,5.370510373790236,5.406567573547363,11301600,0.0,0.0
2016-09-14 00:00:00-04:00,5.534770986573722,5.534770986573722,5.39655222088851,5.414580821990967,7417200,0.0,0.0
2016-09-15 00:00:00-04:00,5.384532963337591,5.46265702974345,5.34647292239843,5.458650588989258,8842000,0.0,0.0
2016-09-16 00:00:00-04:00,5.450637860449954,5.460653962616529,5.388539555318109,5.426599979400635,7688000,0.0,0.0
2016-09-19 00:00:00-04:00,5.4866952213441005,5.644946201434282,5.4866952213441005,5.588857173919678,13399200,0.0,0.0
2016-09-20 00:00:00-04:00,5.62491362455135,5.644945444697992,5.534770624929057,5.552799224853516,7460400,0.0,0.0
2016-09-21 00:00:00-04:00,5.566822076016235,5.640939317983208,5.550796313347472,5.634929656982422,6654800,0.0,0.0
2016-09-22 00:00:00-04:00,5.666981275445287,5.699032039319984,5.586853983683301,5.662974834442139,7161200,0.0,0.0
2016-09-23 00:00:00-04:00,5.656964533692927,5.7250724947491785,5.64694881439209,5.64694881439209,5480800,0.0,0.0
2016-09-26 00:00:00-04:00,5.630923118926887,5.648951718318929,5.536773681640625,5.536773681640625,4299600,0.0,0.0
2016-09-27 00:00:00-04:00,5.53877824611252,5.560813291178706,5.462657771818389,5.49470853805542,5772000,0.0,0.0
2016-09-28 00:00:00-04:00,5.498714242343091,5.580844367576721,5.448634879050623,5.5067267417907715,4665600,0.0,0.0
2016-09-29 00:00:00-04:00,5.508730354449196,5.540781118672699,5.4346127233853165,5.436615943908691,7032400,0.0,0.0
2016-09-30 00:00:00-04:00,5.484691332937788,5.548793234609085,5.45865023388007,5.526758193969727,7155200,0.0,0.0
2016-10-03 00:00:00-04:00,5.526757963313233,5.580843761493398,5.498713645179152,5.564818382263184,6501600,0.0,0.0
2016-10-04 00:00:00-04:00,5.564818434638313,5.576837373655299,5.414580359662847,5.434611797332764,9382800,0.0,0.0
2016-10-05 00:00:00-04:00,5.462656784415918,5.504723264220068,5.398555263528525,5.448634624481201,7764400,0.0,0.0
2016-10-06 00:00:00-04:00,5.424596933645515,5.428603374641157,5.268349173492657,5.344470024108887,14990000,0.0,0.0
2016-10-07 00:00:00-04:00,5.368507905932254,5.3945493903286845,5.30240315780513,5.344470024108887,8581600,0.0,0.0
2016-10-10 00:00:00-04:00,5.376519707216746,5.436614781771002,5.338459289558962,5.374516487121582,6398400,0.0,0.0
2016-10-11 00:00:00-04:00,5.372514856091951,5.380527738842632,5.210257801143445,5.218270301818848,8568800,0.0,0.0
2016-10-12 00:00:00-04:00,5.236298234079025,5.300399759558686,5.2082539122004805,5.232292175292969,9787200,0.0,0.0
2016-10-13 00:00:00-04:00,5.208253495401808,5.236297815036061,5.078047234431802,5.102085113525391,10721200,0.0,0.0
2016-10-14 00:00:00-04:00,5.1241209787868485,5.1461560232302785,5.0299719033858254,5.084057331085205,12544400,0.0,0.0
2016-10-17 00:00:00-04:00,5.0720372836719605,5.122116641341826,4.937824589833713,4.947840690612793,21926000,0.0,0.0
2016-10-18 00:00:00-04:00,5.001926546260625,5.029971248832405,4.963866506179628,4.971879005432129,8277600,0.0,0.0
2016-10-19 00:00:00-04:00,4.983898689003581,5.009940175129123,4.897762494329436,5.007936954498291,9329600,0.0,0.0
2016-10-20 00:00:00-04:00,4.9979198885859475,5.047999244655646,4.989907008218717,5.029970645904541,9061600,0.0,0.0
2016-10-21 00:00:00-04:00,5.025965051920163,5.025965051920163,4.951847424345083,5.009939670562744,7012800,0.0,0.0
2016-10-24 00:00:00-04:00,5.082053044120229,5.082053044120229,4.977887895444513,5.035979747772217,7494000,0.0,0.0
2016-10-25 00:00:00-04:00,5.011942937822878,5.037984039493798,4.937825309555253,4.957857131958008,7639600,0.0,0.0
2016-10-26 00:00:00-04:00,4.9538501599918865,5.045996380336064,4.877729701512081,4.961863040924072,13295600,0.0,0.0
2016-10-27 00:00:00-04:00,4.975885822281479,4.989907983589863,4.785584079188514,4.8056159019470215,10813600,0.0,0.0
2016-10-28 00:00:00-04:00,4.805615767603655,4.851688691207563,4.745520683083359,4.7875871658325195,7484400,0.0,0.0
2016-10-31 00:00:00-04:00,4.797602193209383,4.843675106492026,4.759541777766043,4.817633628845215,8604800,0.0,0.0
2016-11-01 00:00:00-04:00,4.809621604717971,4.809621604717971,4.671402469181335,4.719478607177734,9996800,0.0,0.0
2016-11-02 00:00:00-04:00,4.124536627555379,4.314838371795864,4.026381115729577,4.1926445960998535,54613200,0.0,0.0
2016-11-03 00:00:00-04:00,4.160593251028318,4.190640790111573,4.110513891864497,4.172612190246582,22239600,0.0,0.0
2016-11-04 00:00:00-04:00,4.164600538643269,4.250736732984137,4.12854333157835,4.152581214904785,12305600,0.0,0.0
2016-11-07 00:00:00-05:00,4.206666479882994,4.312834866684263,4.156587117027244,4.254742622375488,11527200,0.0,0.0
2016-11-08 00:00:00-05:00,4.234710653991259,4.256745695147854,4.1786220140656765,4.188637733459473,7536000,0.0,0.0
2016-11-09 00:00:00-05:00,4.124535321874303,4.3288591628260695,4.1065067251976695,4.312833786010742,6962000,0.0,0.0
2016-11-10 00:00:00-05:00,4.358907305189731,4.511148597228961,4.348891204484744,4.380942344665527,10095200,0.0,0.0
2016-11-11 00:00:00-05:00,4.368923600183492,4.481101650427226,4.306825295921042,4.471085548400879,8789600,0.0,0.0
2016-11-14 00:00:00-05:00,4.495123599717246,4.665393505402597,4.487110718473132,4.605298042297363,8301600,0.0,0.0
2016-11-15 00:00:00-05:00,4.59327898148511,4.605297920959405,4.445044121051478,4.537189960479736,8867200,0.0,0.0
2016-11-16 00:00:00-05:00,4.513152386278913,4.643358655255598,4.495123784812502,4.619320392608643,6833200,0.0,0.0
2016-11-17 00:00:00-05:00,4.6694000879489925,4.707460513979257,4.609305000175102,4.6994476318359375,4574000,0.0,0.0
2016-11-18 00:00:00-05:00,4.68141941116397,4.715473396122575,4.613311441246761,4.6994476318359375,6716000,0.0,0.0
2016-11-21 00:00:00-05:00,4.713470175586745,4.721482675654814,4.639352544062048,4.6994476318359375,8942000,0.0,0.0
2016-11-22 00:00:00-05:00,4.7455203974201705,4.8496851788466575,4.727491796734292,4.829653739929199,14966800,0.0,0.0
2016-11-23 00:00:00-05:00,4.963866907851733,5.290384206873274,4.9358222030105985,5.220273017883301,37507200,0.0,0.0
2016-11-25 00:00:00-05:00,5.236298392500811,5.306409581393583,5.16418436519203,5.172196865081787,9253200,0.0,0.0
2016-11-28 00:00:00-05:00,5.208253313800263,5.208253313800263,4.959859740068042,5.037983417510986,11262800,0.0,0.0
2016-11-29 00:00:00-05:00,5.052215583926719,5.088811170766178,4.950561348386062,4.979024410247803,9284400,0.0925,0.0
2016-11-30 00:00:00-05:00,4.9729254517592905,5.050182894688859,4.930230855229924,5.019686698913574,12769200,0.0,0.0
2016-12-01 00:00:00-05:00,5.013587270354779,5.08677844993899,4.970892674117433,5.009521007537842,5762800,0.0,0.0
2016-12-02 00:00:00-05:00,5.003421518065186,5.048149241393012,4.90583315878064,4.934296607971191,6291200,0.0,0.0
2016-12-05 00:00:00-05:00,4.968858972716562,5.0583144177464945,4.934296518297686,4.985123634338379,9341200,0.0,0.0
2016-12-06 00:00:00-05:00,5.011553099884577,5.068479604178445,4.999354701743065,5.060347080230713,6032000,0.0,0.0
2016-12-07 00:00:00-05:00,5.117273752791656,5.308383806266533,5.115240621737869,5.2738213539123535,11197200,0.0,0.0
2016-12-08 00:00:00-05:00,5.286019971416945,5.322615556340803,5.192498265749407,5.27992057800293,12400800,0.0,0.0
2016-12-09 00:00:00-05:00,5.265689083338141,5.353111783961511,5.239259153926016,5.290086269378662,9806800,0.0,0.0
2016-12-12 00:00:00-05:00,5.298218718381941,5.38157516161332,5.239259462628592,5.371409893035889,8584800,0.0,0.0
2016-12-13 00:00:00-05:00,5.389707378189676,5.458832286343849,5.353111792957453,5.365310192108154,9597200,0.0,0.0
2016-12-14 00:00:00-05:00,5.355144803532989,5.371409464627739,5.121340154878411,5.1396379470825195,9493200,0.0,0.0
2016-12-15 00:00:00-05:00,5.137605340662012,5.2270607919289125,5.10304288383339,5.15183687210083,7859200,0.0,0.0
2016-12-16 00:00:00-05:00,5.153870255432425,5.220962041053337,5.141671854714123,5.168101787567139,13533200,0.0,0.0
2016-12-19 00:00:00-05:00,5.166068267782388,5.267722504279925,5.166068267782388,5.265689373016357,5266800,0.0,0.0
2016-12-20 00:00:00-05:00,5.257557400956701,5.318549789659804,5.253491138301787,5.310417652130127,4126800,0.0,0.0
2016-12-21 00:00:00-05:00,5.3002515462642545,5.395806771655086,5.255523824191602,5.365310192108154,7517600,0.0,0.0
2016-12-22 00:00:00-05:00,5.361244017692238,5.361244017692238,5.090843793666022,5.09490966796875,9186000,0.0,0.0
2016-12-23 00:00:00-05:00,5.19656474900694,5.28805372203424,5.1477707593191,5.1660685539245605,7910400,0.0,0.0
2016-12-27 00:00:00-05:00,5.166067835196236,5.286019855241431,5.164034704102915,5.275854587554932,6384400,0.0,0.0
2016-12-28 00:00:00-05:00,5.243325202335967,5.2758545238762675,5.098975998693297,5.137604713439941,6864400,0.0,0.0
2016-12-29 00:00:00-05:00,5.131505946711027,5.237226448513889,5.131505946711027,5.15183687210083,6859200,0.0,0.0
2016-12-30 00:00:00-05:00,5.168101280545451,5.235193059584257,5.127439431766725,5.1355719566345215,6991200,0.0,0.0
2017-01-03 00:00:00-05:00,5.172167627161554,5.17826663313154,5.086778053560533,5.157936096191406,7765600,0.0,0.0
2017-01-04 00:00:00-05:00,5.20063045519256,5.296185292965869,5.20063045519256,5.2697553634643555,8977200,0.0,0.0
2017-01-05 00:00:00-05:00,5.196565305087316,5.196565305087316,5.062381722141836,5.082712650299072,12150800,0.0,0.0
2017-01-06 00:00:00-05:00,5.113207796137671,5.117274058488156,4.9810573719878946,4.985123634338379,9334400,0.0,0.0
2017-01-09 00:00:00-05:00,5.00138846615639,5.013586865842831,4.946495085897203,4.979024410247803,6586800,0.0,0.0
2017-01-10 00:00:00-05:00,4.985124206196549,5.1030431134265735,4.968859542708965,5.009521007537842,8972400,0.0,0.0
2017-01-11 00:00:00-05:00,5.029851715047344,5.109141897627727,4.981057726707096,5.003421783447266,10173600,0.0,0.0
2017-01-12 00:00:00-05:00,5.0034213025194045,5.070513078510916,4.99732190914559,5.025784969329834,10572800,0.0,0.0
2017-01-13 00:00:00-05:00,4.5317455983441315,4.714723128279754,4.527679336221538,4.621201038360596,59295600,0.0,0.0
2017-01-17 00:00:00-05:00,4.623234548275748,4.828576148932384,4.611036148688461,4.745219707489014,19933600,0.0,0.0
2017-01-18 00:00:00-05:00,4.737087110757655,4.802146145723789,4.655763801775144,4.7757158279418945,8723600,0.0,0.0
2017-01-19 00:00:00-05:00,4.783848596452673,4.816377921702947,4.7126905520501445,4.7391204833984375,8009600,0.0,0.0
2017-01-20 00:00:00-05:00,4.769616314243172,4.8041787681629105,4.743186384906957,4.794013500213623,10264400,0.0,0.0
2017-01-23 00:00:00-05:00,4.812311658858218,4.8794034406560325,4.76758393358639,4.865171909332275,8745200,0.0,0.0
2017-01-24 00:00:00-05:00,4.867205470569156,4.9099000683117815,4.822477353566201,4.852973937988281,11402400,0.0,0.0
2017-01-25 00:00:00-05:00,4.8794037203635945,4.9241314481994,4.865172188224027,4.913966178894043,7550800,0.0,0.0
2017-01-26 00:00:00-05:00,4.93023031018829,5.019686143982512,4.903800380179608,4.924130916595459,12641200,0.0,0.0
2017-01-27 00:00:00-05:00,4.93632958320346,4.981057305117964,4.87127054980948,4.9424285888671875,10677600,0.0,0.0
2017-01-30 00:00:00-05:00,4.9038000602526,4.926163726407042,4.848906684838779,4.915998458862305,6925200,0.0,0.0
2017-01-31 00:00:00-05:00,4.875337043462715,4.989190066469949,4.850940244089833,4.979024410247803,6387600,0.0,0.0
2017-02-01 00:00:00-05:00,4.979024070673985,5.009520261700288,4.8956676342380385,4.940395355224609,7011600,0.0,0.0
2017-02-02 00:00:00-05:00,4.958692924868288,4.997321638584147,4.934296128254128,4.95665979385376,6607200,0.0,0.0
2017-02-03 00:00:00-05:00,4.950561258423792,5.062380760374462,4.936329727751539,5.02985143661499,8970800,0.0,0.0
2017-02-06 00:00:00-05:00,5.029851387780174,5.072546367162536,4.985123664990192,5.017652988433838,6818400,0.0,0.0
2017-02-07 00:00:00-05:00,5.021719215271592,5.082711599351765,4.983090498538084,5.0074872970581055,8718400,0.0,0.0
2017-02-08 00:00:00-05:00,4.999355279116216,5.054248658762761,4.989190010787654,5.040017127990723,5553600,0.0,0.0
2017-02-09 00:00:00-05:00,5.0400173111432585,5.164035217935027,5.031884785960772,5.162002086639404,5953200,0.0,0.0
2017-02-10 00:00:00-05:00,5.1884315686310805,5.235192417545823,5.141670719716338,5.216894626617432,6084000,0.0,0.0
2017-02-13 00:00:00-05:00,5.235193144792266,5.255524069512535,5.143704177441124,5.157936096191406,5883200,0.0,0.0
2017-02-14 00:00:00-05:00,5.137604240490891,5.2595893789275605,5.133537978727653,5.233159065246582,6170800,0.0,0.0
2017-02-15 00:00:00-05:00,5.235193559258206,5.302285344700599,5.192498962967667,5.241292953491211,8586800,0.0,0.0
2017-02-16 00:00:00-05:00,5.225028303886161,5.261623506041066,5.143704598350367,5.168101787567139,7183200,0.0,0.0
2017-02-17 00:00:00-05:00,5.157936916728253,5.206730911151081,5.141672251920643,5.198598384857178,4966800,0.0,0.0
2017-02-21 00:00:00-05:00,5.253491031239116,5.336847475065344,5.235193237445052,5.330748081207275,10881200,0.0,0.0
2017-02-22 00:00:00-05:00,5.326682139158456,5.347012676201699,5.2900865520324,5.33888053894043,5510800,0.0,0.0
2017-02-23 00:00:00-05:00,5.35107867571123,5.355144938032073,5.188432060678717,5.196564197540283,9848800,0.0,0.0
2017-02-24 00:00:00-05:00,5.194531520773094,5.387674732327069,5.1742009829506985,5.342947006225586,7966800,0.0,0.0
2017-02-27 00:00:00-05:00,5.328714421832773,5.424269643905385,5.22096118881316,5.391740322113037,9205200,0.0,0.0
2017-02-28 00:00:00-05:00,5.353112086131745,5.353112086131745,4.7919806533264016,4.9688591957092285,31031600,0.0,0.0
2017-03-01 00:00:00-05:00,4.99528896964849,5.068480141821548,4.936329715893624,4.976991176605225,13366000,0.0,0.0
2017-03-02 00:00:00-05:00,4.974957868377344,5.1030424151225295,4.97089199389695,5.0786452293396,9901600,0.0,0.0
2017-03-03 00:00:00-05:00,5.094909838236874,5.14777008373984,5.084744570470196,5.1396379470825195,7311600,0.0,0.0
2017-03-06 00:00:00-05:00,5.139637845961641,5.143703720320252,5.023751701688949,5.064413547515869,9102400,0.0,0.0
2017-03-07 00:00:00-05:00,5.040016461609081,5.056281121452375,4.964792167471299,5.015619277954102,9258400,0.0,0.0
2017-03-08 00:00:00-05:00,5.031885523796082,5.117275111832314,5.0034224570440715,5.082712650299072,9521600,0.0,0.0
2017-03-09 00:00:00-05:00,5.082712650299072,5.13150664520832,5.046117057172087,5.082712650299072,9594800,0.0,0.0
2017-03-10 00:00:00-05:00,5.099227615039234,5.223095173489284,5.084776032372387,5.19832181930542,12197600,0.095,0.0
2017-03-13 00:00:00-04:00,5.113678805181772,5.119871946846559,4.977424175841357,4.9939398765563965,15760400,0.0,0.0
2017-03-14 00:00:00-04:00,4.991875886449387,5.086841077044373,4.954715457515555,5.0703253746032715,7399200,0.0,0.0
2017-03-15 00:00:00-04:00,5.0909692788959875,5.115743025439342,5.016648433031264,5.093033790588379,11586000,0.0,0.0
2017-03-16 00:00:00-04:00,5.076518215939638,5.078582727682915,4.962972826416859,5.0083909034729,12534000,0.0,0.0
2017-03-17 00:00:00-04:00,5.0145851539211606,5.093034642527996,4.996004939346966,5.086841106414795,21716400,0.0,0.0
2017-03-20 00:00:00-04:00,5.090969554194358,5.128129979136201,4.905167823250512,4.929941177368164,16464800,0.0,0.0
2017-03-21 00:00:00-04:00,4.960908503624289,4.983617346134566,4.832911527023431,4.956779479980469,11402000,0.0,0.0
2017-03-22 00:00:00-04:00,4.9588440227139055,4.977424235461552,4.9051678963057475,4.973295211791992,8168000,0.0,0.0
2017-03-23 00:00:00-04:00,4.985681846172535,5.045551507570322,4.913425507637932,4.9464569091796875,18648800,0.0,0.0
2017-03-24 00:00:00-04:00,4.411760932637645,4.450985475719112,4.265183744297042,4.273441791534424,63778400,0.0,0.0
2017-03-27 00:00:00-04:00,4.197056302032873,4.353955650884098,4.178476090079086,4.304408550262451,27849200,0.0,0.0
2017-03-28 00:00:00-04:00,4.3106018402606505,4.496403966200418,4.2796349505258116,4.4840168952941895,17114400,0.0,0.0
2017-03-29 00:00:00-04:00,4.496403949431536,4.570724405764906,4.453049988952152,4.531499862670898,13033200,0.0,0.0
2017-03-30 00:00:00-04:00,4.521177504413612,4.642980950255863,4.512919850572219,4.636787414550781,8888000,0.0,0.0
2017-03-31 00:00:00-04:00,4.636787637016016,4.6945927917406856,4.618207816540109,4.655367851257324,11736800,0.0,0.0
2017-04-03 00:00:00-04:00,4.649174694584707,4.669819420762658,4.525306731282399,4.54182243347168,10836400,0.0,0.0
2017-04-04 00:00:00-04:00,4.529435370171778,4.585175614218108,4.488145921326365,4.537693023681641,8948000,0.0,0.0
2017-04-05 00:00:00-04:00,4.581046796950463,4.601691520528662,4.488145737731241,4.492274761199951,8675600,0.0,0.0
2017-04-06 00:00:00-04:00,4.533563846467219,4.576917805662801,4.488145769288119,4.508790493011475,13184800,0.0,0.0
2017-04-07 00:00:00-04:00,4.504661977448474,4.545951429550883,4.45511487118482,4.471630573272705,15018000,0.0,0.0
2017-04-10 00:00:00-04:00,4.4592431315535865,4.566595373624686,4.450985085041042,4.517047882080078,9381200,0.0,0.0
2017-04-11 00:00:00-04:00,4.50053311075935,4.572789457580916,4.4757597536445015,4.5645318031311035,10873600,0.0,0.0
2017-04-12 00:00:00-04:00,4.578983176960458,4.578983176960458,4.514984875793363,4.556273937225342,7532400,0.0,0.0
2017-04-13 00:00:00-04:00,4.554208407361622,4.632658275952444,4.537692707726502,4.6202712059021,14654400,0.0,0.0
2017-04-17 00:00:00-04:00,4.634723545492381,4.737946783532164,4.62440098542916,4.725559711456299,14218000,0.0,0.0
2017-04-18 00:00:00-04:00,4.715237617492676,4.744139998582263,4.667755021769665,4.715237617492676,7945200,0.0,0.0
2017-04-19 00:00:00-04:00,4.73175271921627,4.7751062853453625,4.698721318232573,4.702850341796875,6722000,0.0,0.0
2017-04-20 00:00:00-04:00,4.737946128752469,4.837040329072238,4.737946128752469,4.7874932289123535,7626400,0.0,0.0
2017-04-21 00:00:00-04:00,4.797815393783656,4.804008928965648,4.7358816170251385,4.7874932289123535,7064800,0.0,0.0
2017-04-24 00:00:00-04:00,4.830846333102662,4.849426543111025,4.740009794591259,4.7936859130859375,10865600,0.0,0.0
2017-04-25 00:00:00-04:00,4.814331086470998,4.849426998251221,4.768913009835265,4.830846786499023,5766800,0.0,0.0
2017-04-26 00:00:00-04:00,4.834976095662798,4.950586002690766,4.81226685912029,4.882458686828613,8846400,0.0,0.0
2017-04-27 00:00:00-04:00,4.886587198756088,4.894844851510587,4.756526116191394,4.7689127922058105,11881200,0.0,0.0
2017-04-28 00:00:00-04:00,4.766848403593078,4.766848403593078,4.6388514355898165,4.684269905090332,12417200,0.0,0.0
2017-05-01 00:00:00-04:00,4.700785830014723,4.797815521183664,4.657431870120271,4.702850341796875,10979200,0.0,0.0
2017-05-02 00:00:00-04:00,4.713172662725826,4.861813972065476,4.694592449837699,4.839105129241943,7152800,0.0,0.0
2017-05-03 00:00:00-04:00,4.843233403198621,4.954714672333489,4.82671770337479,4.948521137237549,12509200,0.0,0.0
2017-05-04 00:00:00-04:00,4.950585486215608,4.983616884777562,4.857684825422108,4.865942478179932,5856000,0.0,0.0
2017-05-05 00:00:00-04:00,4.892781468779731,4.956779763862755,4.868007719263346,4.954715251922607,4682400,0.0,0.0
2017-05-08 00:00:00-04:00,4.9547145505592525,5.051744235418851,4.921683151723418,5.033164024353027,8862800,0.0,0.0
2017-05-09 00:00:00-04:00,5.02284246801453,5.107485487000094,4.973295363761911,5.055873870849609,7800000,0.0,0.0
2017-05-10 00:00:00-04:00,5.0661958427600675,5.187998880484308,5.045551119941178,5.150838851928711,9637200,0.0,0.0
2017-05-11 00:00:00-04:00,5.183870695796135,5.225159751211873,5.004262103753296,5.026971340179443,12190800,0.0,0.0
2017-05-12 00:00:00-04:00,5.012520026241483,5.026971214965303,4.909296799625216,4.96090841293335,7281200,0.0,0.0
2017-05-15 00:00:00-04:00,4.98361709794788,5.095098368186999,4.975359444836841,5.029035568237305,8557600,0.0,0.0
2017-05-16 00:00:00-04:00,5.022842084228598,5.060002508020049,4.934070048230208,5.05174446105957,8138800,0.0,0.0
2017-05-17 00:00:00-04:00,5.05174439937912,5.05174439937912,4.903103099793536,4.921683311462402,8830800,0.0,0.0
2017-05-18 00:00:00-04:00,4.94232791168856,4.965036752456024,4.855620390649626,4.90929651260376,6992800,0.0,0.0
2017-05-19 00:00:00-04:00,4.913425510036362,5.018713250164117,4.868007431335619,5.000133037567139,10678400,0.0,0.0
2017-05-22 00:00:00-04:00,5.026971039111464,5.078582650614116,4.9629727511024715,4.965036869049072,9823600,0.0,0.0
2017-05-23 00:00:00-04:00,5.031100394832429,5.031100394832429,4.671883208534672,4.67807674407959,22539200,0.0,0.0
2017-05-24 00:00:00-04:00,4.66775450740579,4.7214306333468965,4.630594082233841,4.688398838043213,9792400,0.0,0.0
2017-05-25 00:00:00-04:00,4.872136025708427,4.886587213396095,4.692527451017309,4.876265048980713,30954000,0.0,0.0
2017-05-26 00:00:00-04:00,4.566595888039979,4.6264651569387265,4.386987293812989,4.587240219116211,56848000,0.0,0.0
2017-05-30 00:00:00-04:00,4.5789823179837885,4.733817155280272,4.57691780623466,4.659496307373047,22719600,0.0,0.0
2017-05-31 00:00:00-04:00,4.673947229448388,4.68633429923713,4.519112400977099,4.570724010467529,21626000,0.0,0.0
2017-06-01 00:00:00-04:00,4.572788855878877,4.740010372579515,4.564531202515632,4.702850341796875,14764000,0.0,0.0
2017-06-02 00:00:00-04:00,4.692528126809997,4.702850686477312,4.614078642165352,4.680141448974609,9402000,0.0,0.0
2017-06-05 00:00:00-04:00,4.671742525492546,4.738931567400633,4.6108522059644175,4.720034599304199,7822800,0.095,0.0
2017-06-06 00:00:00-04:00,4.67174285051255,4.694839235454659,4.596154972868053,4.598254680633545,12421600,0.0,0.0
2017-06-07 00:00:00-04:00,4.610852598539812,4.6633440920595,4.583557198120032,4.627650260925293,8619200,0.0,0.0
2017-06-08 00:00:00-04:00,4.650746003792869,4.709536617648522,4.478573978082101,4.486972808837891,14475200,0.0,0.0
2017-06-09 00:00:00-04:00,4.4785738502804975,4.638148025782228,4.472274727393407,4.6213507652282715,11822800,0.0,0.0
2017-06-12 00:00:00-04:00,4.606653531322259,4.650746193150535,4.533165361130156,4.558361053466797,13127600,0.0,0.0
2017-06-13 00:00:00-04:00,4.573059266774455,4.654945872221705,4.5289662019717065,4.615052223205566,7673600,0.0,0.0
2017-06-14 00:00:00-04:00,4.610852261253116,4.610852261253116,4.461776622791768,4.541563510894775,9924400,0.0,0.0
2017-06-15 00:00:00-04:00,4.518467745476509,4.545763145214803,4.438680453050785,4.455477714538574,9284400,0.0,0.0
2017-06-16 00:00:00-04:00,4.434481378312518,4.44497951642163,4.304302303176722,4.323199272155762,14732000,0.0,0.0
2017-06-19 00:00:00-04:00,4.335797112571318,4.4029861575336975,4.272807483038662,4.3672919273376465,8533600,0.0,0.0
2017-06-20 00:00:00-04:00,4.350494101253337,4.3630923459068205,4.29800261663189,4.3336968421936035,7184800,0.0,0.0
2017-06-21 00:00:00-04:00,4.3378970381585065,4.398787363512836,4.260209851198252,4.29590368270874,8776800,0.0,0.0
2017-06-22 00:00:00-04:00,4.302202686471258,4.365192717893361,4.291704548140061,4.312701225280762,16845600,0.0,0.0
2017-06-23 00:00:00-04:00,4.298002897564029,4.337896540617821,4.2539102398295245,4.33579683303833,6991200,0.0,0.0
2017-06-26 00:00:00-04:00,4.339996039968859,4.444979011036825,4.337896332490109,4.436580181121826,9228800,0.0,0.0
2017-06-27 00:00:00-04:00,4.423982983402804,4.514268415795239,4.4176842605240925,4.489072322845459,6988800,0.0,0.0
2017-06-28 00:00:00-04:00,4.514267727989565,4.568858920664503,4.499570176207515,4.516367435455322,12645600,0.0,0.0
2017-06-29 00:00:00-04:00,4.526866896154948,4.573059672953846,4.468076671833974,4.537365436553955,6932800,0.0,0.0
2017-06-30 00:00:00-04:00,4.566760548714442,4.577258688635082,4.4911726597550565,4.537365436553955,4604400,0.0,0.0
2017-07-03 00:00:00-04:00,4.570958718703564,4.619250789938135,4.526865662005461,4.535264492034912,5637600,0.0,0.0
2017-07-05 00:00:00-04:00,4.526865572305859,4.558360383335717,4.489071638878728,4.516367435455322,10736800,0.0,0.0
2017-07-06 00:00:00-04:00,4.486972632679411,4.522666861033578,4.423982605918851,4.434481143951416,6033200,0.0,0.0
2017-07-07 00:00:00-04:00,4.440779792213237,4.4680755901642915,4.379889874553211,4.390388011932373,7423600,0.0,0.0
2017-07-10 00:00:00-04:00,4.386188507080078,4.41348430447286,4.365192232751184,4.386188507080078,6586000,0.0,0.0
2017-07-11 00:00:00-04:00,4.400886058807373,4.423982441140477,4.369391246839307,4.400886058807373,4670800,0.0,0.0
2017-07-12 00:00:00-04:00,4.440779596372947,4.463875978162467,4.405085370188347,4.407185077667236,4348000,0.0,0.0
2017-07-13 00:00:00-04:00,4.459676458941842,4.499570099151543,4.4176835117805835,4.4428791999816895,6997600,0.0,0.0
2017-07-14 00:00:00-04:00,4.461776648028127,4.4764742011451055,4.402986035081926,4.413484573364258,4919600,0.0,0.0
2017-07-17 00:00:00-04:00,4.415584262501651,4.531065379774968,4.405085724263349,4.468075752258301,6917200,0.0,0.0
2017-07-18 00:00:00-04:00,4.489072528590754,4.4911722364726625,4.405086215706041,4.428182601928711,4412800,0.0,0.0
2017-07-19 00:00:00-04:00,4.440779479631119,4.507968515276235,4.42188251329615,4.4827728271484375,3891600,0.0,0.0
2017-07-20 00:00:00-04:00,4.472274588944894,4.48067341920101,4.430281639099121,4.430281639099121,7422800,0.0,0.0
2017-07-21 00:00:00-04:00,4.438680374439718,4.447079205274018,4.3504946530710615,4.36309289932251,14301600,0.0,0.0
2017-07-24 00:00:00-04:00,4.346295651145626,4.409285280678283,4.335797112571318,4.3672919273376465,6337200,0.0,0.0
2017-07-25 00:00:00-04:00,4.407185814272763,4.486973109892954,4.3966876756019415,4.463876724243164,8422000,0.0,0.0
2017-07-26 00:00:00-04:00,4.4680758615582485,4.478573999575074,4.39878710940363,4.417684078216553,7079600,0.0,0.0
2017-07-27 00:00:00-04:00,4.428182174377445,4.568859385056001,4.415584328780673,4.5562615394592285,15353600,0.0,0.0
2017-07-28 00:00:00-04:00,4.543663506213709,4.562560475733166,4.493271720987925,4.514268398284912,4938800,0.0,0.0
2017-07-31 00:00:00-04:00,4.524766517171386,4.568859579352643,4.49537140936942,4.55416202545166,5477600,0.0,0.0
2017-08-01 00:00:00-04:00,4.554162049644687,4.554162049644687,4.438680524635206,4.484873294830322,12236400,0.0,0.0
2017-08-02 00:00:00-04:00,4.4764744766097255,4.539464508745017,4.465976338159665,4.489072322845459,4464400,0.0,0.0
2017-08-03 00:00:00-04:00,4.476474542737547,4.58145753070223,4.476474542737547,4.547863006591797,4191600,0.0,0.0
2017-08-04 00:00:00-04:00,4.573058884681976,4.642347637458447,4.554161915699456,4.604553699493408,4544400,0.0,0.0
2017-08-07 00:00:00-04:00,4.606652826707403,4.67384186329923,4.58355644519962,4.654944896697998,5110400,0.0,0.0
2017-08-08 00:00:00-04:00,4.661243927947177,4.696938152998671,4.5982539070148825,4.606652736663818,5690000,0.0,0.0
2017-08-09 00:00:00-04:00,4.566759567128608,4.644447147469516,4.539464168914836,4.636048316955566,6014000,0.0,0.0
2017-08-10 00:00:00-04:00,4.600354034776509,4.600354034776509,4.5058691949837995,4.507968902587891,6085200,0.0,0.0
2017-08-11 00:00:00-04:00,4.459676710698158,4.583556652701851,4.423982483333055,4.568859100341797,6477200,0.0,0.0
2017-08-14 00:00:00-04:00,4.6087533113538095,4.617151742104926,4.560460832741207,4.587756633758545,6135600,0.0,0.0
2017-08-15 00:00:00-04:00,4.556260904405366,4.5709584556327645,4.363092230106193,4.39458703994751,15553600,0.0,0.0
2017-08-16 00:00:00-04:00,4.434481330999063,4.512168513325526,4.426082500218746,4.491171836853027,9757600,0.0,0.0
2017-08-17 00:00:00-04:00,4.486972541893097,4.547862459336862,4.4092849639371,4.430281639099121,7758400,0.0,0.0
2017-08-18 00:00:00-04:00,4.419783483817235,4.478574099263647,4.402986222329447,4.455477714538574,8494000,0.0,0.0
2017-08-21 00:00:00-04:00,4.442880460839539,4.484873820396457,4.402986809308303,4.405086517333984,6532400,0.0,0.0
2017-08-22 00:00:00-04:00,4.4344810353846436,4.55416156267788,4.428181912719323,4.543663024902344,9895200,0.0,0.0
2017-08-23 00:00:00-04:00,4.533164798770761,4.581456870157066,4.4533775151533135,4.510068416595459,9731600,0.0,0.0
2017-08-24 00:00:00-04:00,4.566759482425464,4.644447061325441,4.5457628070083125,4.573058605194092,16938400,0.0,0.0
2017-08-25 00:00:00-04:00,4.17832244017656,4.186721270637837,3.9305625482647986,4.073339462280273,82002800,0.0,0.0
2017-08-28 00:00:00-04:00,4.075439474879734,4.1363297988458605,3.9809546275110224,4.020848274230957,20913600,0.0,0.0
2017-08-29 00:00:00-04:00,3.9746554496661215,4.004050554158748,3.9137651326705236,3.936861515045166,18670800,0.0,0.0
2017-08-30 00:00:00-04:00,3.9368619321501614,3.9830543013152,3.922164378346663,3.945260763168335,8840400,0.0,0.0
2017-08-31 00:00:00-04:00,3.953658836300329,3.962057666559254,3.8780709658830763,3.8843700885772705,10518400,0.0,0.0
2017-09-01 00:00:00-04:00,3.9053673713858053,3.964157590432428,3.9053673713858053,3.920064926147461,9377200,0.0,0.0
2017-09-05 00:00:00-04:00,3.924263655542458,3.980954156781992,3.8969678582065144,3.976755142211914,10584000,0.0,0.0
2017-09-06 00:00:00-04:00,3.989352970937096,4.062841132076326,3.9872532634213167,4.060741424560547,11683200,0.0,0.0
2017-09-07 00:00:00-04:00,4.073592429751023,4.142128092368554,4.028615645842786,4.037182807922363,11212000,0.095,0.0
2017-09-08 00:00:00-04:00,4.03718262891281,4.11000186934131,4.013623342743369,4.101434707641602,8876800,0.0,0.0
2017-09-11 00:00:00-04:00,4.114284898386116,4.16568704978452,4.097150984088228,4.112143516540527,8818400,0.0,0.0
2017-09-12 00:00:00-04:00,4.124994155577193,4.2706326421455625,4.114285203032595,4.182821273803711,13388000,0.0,0.0
2017-09-13 00:00:00-04:00,4.197812833040802,4.292049560207303,4.187103881939658,4.287765979766846,7023600,0.0,0.0
2017-09-14 00:00:00-04:00,4.296333160313063,4.347734905207081,4.259923539950039,4.30061674118042,7686800,0.0,0.0
2017-09-15 00:00:00-04:00,4.298474880690136,4.377719491425689,4.283482756403483,4.345593452453613,10021600,0.0,0.0
2017-09-18 00:00:00-04:00,4.367010570052738,4.418412314469432,4.304900282071848,4.319892406463623,8383600,0.0,0.0
2017-09-19 00:00:00-04:00,4.319892730344183,4.339168437008718,4.266349191499314,4.32417631149292,5441200,0.0,0.0
2017-09-20 00:00:00-04:00,4.311325609489801,4.3220345624645855,4.2856249393598915,4.304900646209717,4860000,0.0,0.0
2017-09-21 00:00:00-04:00,4.283483223386685,4.3241764283902,4.25564076217678,4.259923934936523,5662000,0.0,0.0
2017-09-22 00:00:00-04:00,4.255640255814891,4.292049875221632,4.253498465437465,4.2856245040893555,4003600,0.0,0.0
2017-09-25 00:00:00-04:00,4.289908040274821,4.384144364874012,4.285624459564474,4.377719402313232,4635200,0.0,0.0
2017-09-26 00:00:00-04:00,4.401278616896186,4.448397191315667,4.356302241500978,4.422696113586426,8520400,0.0,0.0
2017-09-27 00:00:00-04:00,4.45053874800093,4.49123154021911,4.39056984212002,4.465530872344971,8193600,0.0,0.0
2017-09-28 00:00:00-04:00,4.456963760125226,4.482664836789028,4.414129177025229,4.452680587768555,6883600,0.0,0.0
2017-09-29 00:00:00-04:00,4.454821357325534,4.465530308007025,4.394852867527981,4.424837112426758,6262800,0.0,0.0
2017-10-02 00:00:00-04:00,4.422695234020246,4.4291206043009,4.358443165232469,4.384143829345703,6238800,0.0,0.0
2017-10-03 00:00:00-04:00,4.39056947713541,4.3927112673643345,4.3027581202730785,4.328458786010742,5561200,0.0,0.0
2017-10-04 00:00:00-04:00,4.302758291217389,4.345593280488242,4.289907957838026,4.337026119232178,4735200,0.0,0.0
2017-10-05 00:00:00-04:00,4.347735018163365,4.396995382408269,4.330601102753545,4.394853591918945,4584000,0.0,0.0
2017-10-06 00:00:00-04:00,4.371293755832202,4.388427669089318,4.287765979766846,4.287765979766846,6607200,0.0,0.0
2017-10-09 00:00:00-04:00,4.298474587915914,4.337025995458522,4.281340674397501,4.315608501434326,7199600,0.0,0.0
2017-10-10 00:00:00-04:00,4.3241759379873095,4.345593433376253,4.272774194156694,4.332742691040039,7053200,0.0,0.0
2017-10-11 00:00:00-04:00,4.3306010907968275,4.3306010907968275,4.1678286906005635,4.195671558380127,9236000,0.0,0.0
2017-10-12 00:00:00-04:00,4.195671120092111,4.2170886141841315,4.137844008595073,4.176395416259766,7103200,0.0,0.0
2017-10-13 00:00:00-04:00,4.20637952786404,4.234222391841347,4.178537072391442,4.221371650695801,4371600,0.0,0.0
2017-10-16 00:00:00-04:00,4.217088653289369,4.219230443568904,4.112143380620503,4.1571197509765625,6058800,0.0,0.0
2017-10-17 00:00:00-04:00,4.167827857698387,4.219230002018446,4.144268984098433,4.210662841796875,5004400,0.0,0.0
2017-10-18 00:00:00-04:00,4.223513910336071,4.302758522189582,4.202096823055707,4.294191360473633,7648800,0.0,0.0
2017-10-19 00:00:00-04:00,4.285624607262438,4.315608856258751,4.268490692335295,4.294191360473633,5086400,0.0,0.0
2017-10-20 00:00:00-04:00,4.311325550079346,4.352018753813197,4.292050251999923,4.311325550079346,6760800,0.0,0.0
2017-10-23 00:00:00-04:00,4.3134668439800645,4.401278204528467,4.3134668439800645,4.343451499938965,6814400,0.0,0.0
2017-10-24 00:00:00-04:00,4.373436013323598,4.386286347513225,4.27063252279706,4.27491569519043,6804800,0.0,0.0
2017-10-25 00:00:00-04:00,4.274915608241069,4.283482769863076,4.1421278711379745,4.199954986572266,10313600,0.0,0.0
2017-10-26 00:00:00-04:00,4.187103643826281,4.227796838687049,4.127135155089033,4.178536891937256,8568400,0.0,0.0
2017-10-27 00:00:00-04:00,4.154977846705434,4.165686797809311,4.052174367136511,4.142127513885498,8920800,0.0,0.0
2017-10-30 00:00:00-04:00,4.161404008562629,4.169970762569785,3.98363947148761,4.020049095153809,9008000,0.0,0.0
2017-10-31 00:00:00-04:00,4.045749489671206,4.077875938394493,3.9814974092341586,4.002914905548096,8775600,0.0,0.0
2017-11-01 00:00:00-04:00,3.9986311259699723,4.058600030969353,3.9686468777226547,3.9836390018463135,9954800,0.0,0.0
2017-11-02 00:00:00-04:00,3.9836392812080734,3.9836392812080734,3.902252875251169,3.9643635749816895,11618400,0.0,0.0
2017-11-03 00:00:00-04:00,3.962221681221352,3.9729302250659915,3.876552104949951,3.876552104949951,8081600,0.0,0.0
2017-11-06 00:00:00-05:00,3.8701263732406432,3.9001106200179803,3.793023557522092,3.8187246322631836,12196000,0.0,0.0
2017-11-07 00:00:00-05:00,3.829433320455449,3.8529926058202393,3.6559523870090356,3.6645195484161377,11377600,0.0,0.0
2017-11-08 00:00:00-05:00,3.6773698427126984,3.703070918154532,3.636676643473436,3.683795213699341,8921600,0.0,0.0
2017-11-09 00:00:00-05:00,3.670944484803803,3.852992578359857,3.6645195222990075,3.760897636413574,11451600,0.0,0.0
2017-11-10 00:00:00-05:00,3.7309134259063264,3.7309134259063264,3.4739043020291507,3.51888108253479,23149600,0.0,0.0
2017-11-13 00:00:00-05:00,3.518881134938244,3.6066924983946125,3.407510485699278,3.469621181488037,17498800,0.0,0.0
2017-11-14 00:00:00-05:00,3.44820352487156,3.5081720189619356,3.394659993145308,3.4674792289733887,14071200,0.0,0.0
2017-11-15 00:00:00-05:00,3.443920098892278,3.533873252570629,3.3946601455339476,3.426786184310913,15286000,0.0,0.0
2017-11-16 00:00:00-05:00,3.4289278961627283,3.595983865883452,3.4289278961627283,3.4653375148773193,19420400,0.0,0.0
2017-11-17 00:00:00-05:00,3.4931797981262207,3.551006908820758,3.4589119714564323,3.4931797981262207,12778000,0.0,0.0
2017-11-20 00:00:00-05:00,3.5124553975464914,3.5253057300404698,3.433211203911471,3.5210225582122803,15186800,0.0,0.0
2017-11-21 00:00:00-05:00,3.53387350225245,3.595984202313725,3.4824717548766237,3.5831334590911865,37409600,0.0,0.0
2017-11-22 00:00:00-05:00,3.8230083148692002,4.005056407673398,3.7052122978760207,3.7202048301696777,80569600,0.0,0.0
2017-11-24 00:00:00-05:00,3.733055429548836,3.8936860390233656,3.715921514211743,3.7309136390686035,25896800,0.0,0.0
2017-11-27 00:00:00-05:00,3.76732288912022,3.895827445742365,3.76732288912022,3.8915438652038574,23387200,0.0,0.0
2017-11-28 00:00:00-05:00,3.891543632197776,4.082158461196319,3.891543632197776,4.073591709136963,23533600,0.0,0.0
2017-11-29 00:00:00-05:00,4.088584375498148,4.217088941520244,4.0821590042203795,4.1806793212890625,25909200,0.0,0.0
2017-11-30 00:00:00-05:00,4.198153043683123,4.224364381168561,4.084571692219761,4.095492839813232,20098800,0.095,0.0
2017-12-01 00:00:00-05:00,4.091124370156631,4.185047742856798,4.036517796876542,4.0998616218566895,15327600,0.0,0.0
2017-12-04 00:00:00-05:00,4.158836497056385,4.337945976805883,4.14791493328199,4.237469673156738,17445200,0.0,0.0
2017-12-05 00:00:00-05:00,4.2658658630398,4.292076786190381,4.1391786235050265,4.209074974060059,12323600,0.0,0.0
2017-12-06 00:00:00-05:00,4.209074068441605,4.226548152320663,4.134809107801849,4.152283191680908,9721200,0.0,0.0
2017-12-07 00:00:00-05:00,4.147915661420125,4.1828638384029855,4.064913845239614,4.069282054901123,13109200,0.0,0.0
2017-12-08 00:00:00-05:00,4.123888423559978,4.2331015752249845,4.078019099835929,4.193785190582275,12568400,0.0,0.0
2017-12-11 00:00:00-05:00,4.211259278150069,4.228733365751725,4.078019099803003,4.165389537811279,14610000,0.0,0.0
2017-12-12 00:00:00-05:00,4.182863460209243,4.2156273210914375,4.141362347563746,4.174126625061035,10131600,0.0,0.0
2017-12-13 00:00:00-05:00,4.171942520215784,4.18504798189934,4.064913680467322,4.078019142150879,12346400,0.0,0.0
2017-12-14 00:00:00-05:00,4.108598026401639,4.134809362140036,4.005937829374267,4.014674663543701,11272400,0.0,0.0
2017-12-15 00:00:00-05:00,4.02778028526016,4.058359827843847,3.9688050960358874,4.005937576293945,15500800,0.0,0.0
2017-12-18 00:00:00-05:00,4.029965427806639,4.095493151585972,4.0190438627666785,4.07583475112915,12825600,0.0,0.0
2017-12-19 00:00:00-05:00,4.084571499620358,4.1064137937773735,4.01249084570306,4.01685905456543,9014800,0.0,0.0
2017-12-20 00:00:00-05:00,4.0474392361900335,4.0692815315337425,3.977542474598896,3.9862797260284424,9218000,0.0,0.0
2017-12-21 00:00:00-05:00,3.99501675333126,4.034333132713273,3.933857246600814,4.029964923858643,11448400,0.0,0.0
2017-12-22 00:00:00-05:00,4.029964984329992,4.04743906985589,3.9862795622077187,3.9950168132781982,8341600,0.0,0.0
2017-12-26 00:00:00-05:00,3.9950171579633946,4.189416428288414,3.9906485320512353,4.0430707931518555,12936800,0.0,0.0
2017-12-27 00:00:00-05:00,4.04307061047526,4.056176071004502,3.975358578356588,3.9862797260284424,7350400,0.0,0.0
2017-12-28 00:00:00-05:00,3.990648263001996,3.9928325758108096,3.9360416926268678,3.9688055515289307,7757600,0.0,0.0
2017-12-29 00:00:00-05:00,3.9819111426898086,4.00375385488105,3.9185677356117994,3.9207520484924316,8255600,0.0,0.0
2018-01-02 00:00:00-05:00,3.9229364488926146,3.9950175333713416,3.8836200618339496,3.988464593887329,11330800,0.0,0.0
2018-01-03 00:00:00-05:00,3.995016645223523,4.012490730014354,3.9141987426815277,3.975358247756958,15156800,0.0,0.0
2018-01-04 00:00:00-05:00,3.9753583515247453,4.014674730869097,3.922935679168832,4.0015692710876465,11125200,0.0,0.0
2018-01-05 00:00:00-05:00,4.014675390272363,4.091124682015086,3.9797272140382827,4.080203533172607,12076000,0.0,0.0
2018-01-08 00:00:00-05:00,4.106414039659863,4.237469895524557,4.106414039659863,4.2003374099731445,14673600,0.0,0.0
2018-01-09 00:00:00-05:00,4.217811373635913,4.313919054023335,4.217811373635913,4.270233631134033,14650400,0.0,0.0
2018-01-10 00:00:00-05:00,4.2352859321447625,4.351052024090858,4.222180470461374,4.2986297607421875,16051200,0.0,0.0
2018-01-11 00:00:00-05:00,4.351052058999337,4.436238185547487,4.318288196220443,4.35978889465332,16852400,0.0,0.0
2018-01-12 00:00:00-05:00,4.0408861613052025,4.049623412440012,3.8508551152737347,3.8792507648468018,61783200,0.0,0.0
2018-01-16 00:00:00-05:00,3.931673291628051,3.9928328039236987,3.7219842493831328,3.748195171356201,31410000,0.0,0.0
2018-01-17 00:00:00-05:00,3.7656692876875497,3.868329496680027,3.750379513647723,3.822460174560547,17038800,0.0,0.0
2018-01-18 00:00:00-05:00,3.815907417140995,3.9163837345751498,3.759116527567797,3.9010939598083496,17062800,0.0,0.0
2018-01-19 00:00:00-05:00,3.907646439804528,3.9709902678516205,3.8770668906039245,3.960068702697754,12776000,0.0,0.0
2018-01-22 00:00:00-05:00,3.979726557649953,3.990648121306229,3.815906852341307,3.833380937576294,20939200,0.0,0.0
2018-01-23 00:00:00-05:00,3.8268287951934146,3.837749943316799,3.750379508484435,3.8006174564361572,14514000,0.0,0.0
2018-01-24 00:00:00-05:00,3.8006175808825136,3.8115391459786068,3.654271941515742,3.708878517150879,16295600,0.0,0.0
2018-01-25 00:00:00-05:00,3.7088782586845306,3.721984135886513,3.628060765681043,3.6782987117767334,10807200,0.0,0.0
2018-01-26 00:00:00-05:00,3.682667444468346,3.732905392023123,3.628060871052695,3.7263524532318115,13395200,0.0,0.0
2018-01-29 00:00:00-05:00,3.7241683050972245,3.756932583888521,3.6695617292652116,3.7460110187530518,12618800,0.0,0.0
2018-01-30 00:00:00-05:00,3.7307209186714725,3.7613004651524853,3.6826672861134417,3.728536605834961,7544000,0.0,0.0
2018-01-31 00:00:00-05:00,3.74382667845735,3.772222330987636,3.6477194056558964,3.671746015548706,10996800,0.0,0.0
2018-02-01 00:00:00-05:00,3.647719309385555,3.7154313444847795,3.619323657604685,3.638982057571411,11748400,0.0,0.0
2018-02-02 00:00:00-05:00,3.6171391458913296,3.638981857611346,3.542874176012316,3.545058488845825,13014000,0.0,0.0
2018-02-05 00:00:00-05:00,3.525400519593598,3.5428746077761324,3.4161875726065367,3.4183716773986816,16524400,0.0,0.0
2018-02-06 00:00:00-05:00,3.3550277151035512,3.5778224209695773,3.298237038428708,3.525400161743164,19848800,0.0,0.0
2018-02-07 00:00:00-05:00,3.5297689759716353,3.641166439006502,3.527584662977018,3.5974810123443604,17654000,0.0,0.0
2018-02-08 00:00:00-05:00,3.593112573912801,3.6149548692363416,3.442398319812915,3.457688093185425,17146800,0.0,0.0
2018-02-09 00:00:00-05:00,3.4904519849850564,3.566901269167925,3.4227399523042674,3.5319530963897705,22563600,0.0,0.0
2018-02-12 00:00:00-05:00,3.558164190730379,3.5669010250193547,3.4118183627007945,3.4511351585388184,9727200,0.0,0.0
2018-02-13 00:00:00-05:00,3.4423984552152946,3.464240959705522,3.3834232556458317,3.4030816555023193,9855600,0.0,0.0
2018-02-14 00:00:00-05:00,3.4030816414964087,3.5821911357938365,3.3921602851424697,3.542874336242676,12863600,0.0,0.0
2018-02-15 00:00:00-05:00,3.560348593100785,3.60403402060262,3.54724313149628,3.5843756198883057,9052400,0.0,0.0
2018-02-16 00:00:00-05:00,3.6084023279569557,3.706693906231627,3.5494271310231076,3.582190990447998,10824400,0.0,0.0
2018-02-20 00:00:00-05:00,3.56034826272269,3.564716888390515,3.446766703357227,3.464240789413452,9959200,0.0,0.0
2018-02-21 00:00:00-05:00,3.472978057172478,3.540690092945005,3.4205557956116412,3.4271085262298584,12124800,0.0,0.0
2018-02-22 00:00:00-05:00,3.453319855939022,3.479530986648254,3.400897386213008,3.411818742752075,9808800,0.0,0.0
2018-02-23 00:00:00-05:00,3.4489513355572163,3.492636554742944,3.4227402040457795,3.4882681369781494,10321200,0.0,0.0
2018-02-26 00:00:00-05:00,3.494820682539018,3.516663395127905,3.4598725090428353,3.5122947692871094,11084800,0.0,0.0
2018-02-27 00:00:00-05:00,3.5166635945546973,3.6236924340331518,3.40089750289917,3.40089750289917,17896000,0.0,0.0
2018-02-28 00:00:00-05:00,3.4183714826363856,3.483899413741207,3.4030817084246956,3.4271085262298584,18948000,0.0,0.0
2018-03-01 00:00:00-05:00,3.4489513355572163,3.5450588177658173,3.4423986047562463,3.4882681369781494,12530000,0.0,0.0
2018-03-02 00:00:00-05:00,3.4815556085095176,3.577768115804055,3.441280476432522,3.564343214035034,14215600,0.095,0.0
2018-03-05 00:00:00-05:00,3.550917806939759,3.604618049755737,3.5084053369864314,3.5911927223205566,16944400,0.0,0.0
2018-03-06 00:00:00-05:00,3.591192726110533,3.618042954239333,3.5352553554328887,3.593430280685425,10670400,0.0,0.0
2018-03-07 00:00:00-05:00,3.5464431814487614,3.618043226146666,3.5442056267057107,3.5665805339813232,11957600,0.0,0.0
2018-03-08 00:00:00-05:00,3.56881769586613,3.5911926006786956,3.463654981753753,3.499455213546753,11897600,0.0,0.0
2018-03-09 00:00:00-05:00,3.510642751778442,3.5553929906274857,3.4703678355532372,3.546442985534668,15879600,0.0,0.0
2018-03-12 00:00:00-04:00,3.5464430496202666,3.582243070638459,3.468130343604252,3.4793179035186768,15514400,0.0,0.0
2018-03-13 00:00:00-04:00,3.497217886154813,3.5822430420878457,3.486030326329554,3.4927427768707275,11566000,0.0,0.0
2018-03-14 00:00:00-04:00,3.5173554962002926,3.539730402752349,3.4524679044449003,3.4591803550720215,10072400,0.0,0.0
2018-03-15 00:00:00-04:00,3.4681299228919142,3.494979935398434,3.4144298978788745,3.4256174564361572,7468000,0.0,0.0
2018-03-16 00:00:00-04:00,3.4323301122006376,3.503930149848283,3.4278550031551878,3.450230121612549,20336000,0.0,0.0
2018-03-19 00:00:00-04:00,3.409955138974799,3.447992713941384,3.3025550779291137,3.3137426376342773,15904400,0.0,0.0
2018-03-20 00:00:00-04:00,3.31598005350636,3.3450676240405333,3.2108175447116074,3.2376675605773926,17136000,0.0,0.0
2018-03-21 00:00:00-04:00,3.201867407356265,3.2331923178818167,3.1347422637680196,3.136979818344116,17644800,0.0,0.0
2018-03-22 00:00:00-04:00,3.1190798638069177,3.152642545184702,3.0407673673620224,3.0944674015045166,17769200,0.0,0.0
2018-03-23 00:00:00-04:00,3.1146048059569726,3.119079701877379,3.0183920897412393,3.020629644393921,15245600,0.0,0.0
2018-03-26 00:00:00-04:00,3.065379548570318,3.1526422560886402,3.04076708852487,3.1414546966552734,20062800,0.0,0.0
2018-03-27 00:00:00-04:00,3.1481674284969574,3.179492555034751,3.0810424926637765,3.1056549549102783,17923600,0.0,0.0
2018-03-28 00:00:00-04:00,3.132504894741986,3.2018675970149415,3.0899924222027275,3.166067361831665,30536000,0.0,0.0
2018-03-29 00:00:00-04:00,2.83044148815123,2.908754186210882,2.7297538859209176,2.8237290382385254,101847200,0.0,0.0
2018-04-02 00:00:00-04:00,2.7991167668918653,2.971404415409965,2.7968792123096295,2.8684792518615723,44520000,0.0,0.0
2018-04-03 00:00:00-04:00,2.8282043088454127,2.937841921691027,2.8192543039883207,2.910991907119751,22988800,0.0,0.0
2018-04-04 00:00:00-04:00,2.8684793813223464,3.016154576255609,2.843866919961789,2.9848296642303467,25535200,0.0,0.0
2018-04-05 00:00:00-04:00,2.9870671754257763,3.049717211949157,2.9691671649905245,3.034054756164551,20562400,0.0,0.0
2018-04-06 00:00:00-04:00,3.002729658006389,3.056429689791357,2.962454527475184,3.004967212677002,16953200,0.0,0.0
2018-04-09 00:00:00-04:00,3.0228671916057053,3.0788047774753076,3.0049671811982286,3.0161545276641846,22814400,0.0,0.0
2018-04-10 00:00:00-04:00,3.0609045028686523,3.1011794161167034,3.0228669306897045,3.0609045028686523,23154400,0.0,0.0
2018-04-11 00:00:00-04:00,3.0474795871937688,3.1280296322994143,3.0430046913803754,3.0967047214508057,17136000,0.0,0.0
2018-04-12 00:00:00-04:00,3.101179664130449,3.103417218763436,3.013917167293492,3.0497171878814697,12457600,0.0,0.0
2018-04-13 00:00:00-04:00,3.0720918460061837,3.1190794225802194,3.0318169327891087,3.0452418327331543,12754800,0.0,0.0
2018-04-16 00:00:00-04:00,3.0720920612867766,3.1101296361019988,3.0430047049080327,3.0899922847747803,12910800,0.0,0.0
2018-04-17 00:00:00-04:00,3.107892243752092,3.172779832654471,3.0967046842754855,3.11907958984375,17155600,0.0,0.0
2018-04-18 00:00:00-04:00,3.130267220032138,3.1392172251386112,3.043004723590262,3.056429624557495,14293200,0.0,0.0
2018-04-19 00:00:00-04:00,3.0564296727982496,3.0832796885414533,3.009442091901404,3.0251047611236572,10029600,0.0,0.0
2018-04-20 00:00:00-04:00,3.0139168471477884,3.0295793011450853,2.866241671216326,2.881904125213623,24803200,0.0,0.0
2018-04-23 00:00:00-04:00,2.886379415040598,2.9870672427390756,2.886379415040598,2.9535045623779297,14771600,0.0,0.0
2018-04-24 00:00:00-04:00,2.973642080120898,3.051954786319855,2.935604504353971,3.0004920959472656,14454400,0.0,0.0
2018-04-25 00:00:00-04:00,2.9870669517750255,3.049716983607609,2.9736418382612877,3.0116794109344482,14588400,0.0,0.0
2018-04-26 00:00:00-04:00,3.043004727313112,3.1056547631350715,3.009442048084061,3.0586671829223633,12848000,0.0,0.0
2018-04-27 00:00:00-04:00,3.0609049194511617,3.1123673985884124,3.0430049081525556,3.101179838180542,10002400,0.0,0.0
2018-04-30 00:00:00-04:00,3.125792320341642,3.132504770817034,3.03405471476645,3.054192066192627,12607600,0.0,0.0
2018-05-01 00:00:00-04:00,3.0385295858743153,3.1078922848382877,3.0139171254083643,3.098942279815674,9638800,0.0,0.0
2018-05-02 00:00:00-04:00,3.101179698095838,3.1034172527533324,2.987067184568091,3.009442090988159,12727200,0.0,0.0
2018-05-03 00:00:00-04:00,3.002729543362995,3.0183919986893826,2.8640043598558385,2.8707168102264404,20365600,0.0,0.0
2018-05-04 00:00:00-04:00,2.870716774815754,2.9266543584456555,2.850579210567398,2.908754348754883,19612400,0.0,0.0
2018-05-07 00:00:00-04:00,2.913229491425856,2.9154668326242623,2.8595292483500483,2.8841419219970703,12474000,0.0,0.0
2018-05-08 00:00:00-04:00,2.8729546141159106,2.8953295217545114,2.808067019209522,2.861767053604126,15356000,0.0,0.0
2018-05-09 00:00:00-04:00,2.8684792434752295,2.8998043673800966,2.8214916643104035,2.893091917037964,15011600,0.0,0.0
2018-05-10 00:00:00-04:00,2.899804330370844,2.9535043591924466,2.8819043207636432,2.915466785430908,12474000,0.0,0.0
2018-05-11 00:00:00-04:00,2.8192543645641583,2.872954394860535,2.7901667948073827,2.8438668251037598,22029600,0.0,0.0
2018-05-14 00:00:00-04:00,2.8393913739836756,3.0161541124632274,2.8214913660402976,2.9669291973114014,23629600,0.0,0.0
2018-05-15 00:00:00-04:00,2.9646920620273716,3.04524210915821,2.960216952716513,3.022867202758789,15160800,0.0,0.0
2018-05-16 00:00:00-04:00,3.0765672238329898,3.105654794100878,2.9825920624705673,3.0318171977996826,26954000,0.0,0.0
2018-05-17 00:00:00-04:00,3.0206296141084983,3.081042308815446,3.016154504848004,3.0474796295166016,11648000,0.0,0.0
2018-05-18 00:00:00-04:00,3.0273420964378888,3.0273420964378888,2.743179270342943,2.7879292964935303,40947600,0.0,0.0
2018-05-21 00:00:00-04:00,2.8013545647438653,2.884142171011316,2.79464190041423,2.859529495239258,20262800,0.0,0.0
2018-05-22 00:00:00-04:00,2.8595292906893603,2.8886168605488276,2.805829260203399,2.834916830062866,18169600,0.0,0.0
2018-05-23 00:00:00-04:00,2.8058292540007144,2.852816833918296,2.783454134655217,2.846104383468628,12640400,0.0,0.0
2018-05-24 00:00:00-04:00,2.8147792417550703,2.8595292667859638,2.785691672138752,2.850579261779785,12308000,0.0,0.0
2018-05-25 00:00:00-04:00,2.85505439484134,2.8640043999223335,2.8147792652843924,2.834916830062866,9776000,0.0,0.0
2018-05-29 00:00:00-04:00,2.814779185404636,2.9333668027086772,2.8080667351306197,2.9199419021606445,16962800,0.0,0.0
2018-05-30 00:00:00-04:00,2.9311296120202663,3.0430047847937884,2.8841420309199886,3.002729654312134,19965200,0.0,0.0
2018-05-31 00:00:00-04:00,3.0161546003131234,3.0407672752549564,2.9020420845631176,2.9535045623779297,25956800,0.0,0.0
2018-06-01 00:00:00-04:00,2.8640044056673934,3.069854736328125,2.8617668510464185,3.069854736328125,103296000,0.0,0.0
2018-06-04 00:00:00-04:00,3.0855170652823443,3.188442226388892,3.0072043638416215,3.186204671859741,29186400,0.0,0.0
2018-06-05 00:00:00-04:00,3.1862048437495325,3.277942450544343,3.1325048124625634,3.2667551040649414,22786000,0.0,0.0
2018-06-06 00:00:00-04:00,3.2846551483581,3.286892489646073,3.188442431271629,3.226480007171631,20594400,0.0,0.0
2018-06-07 00:00:00-04:00,3.2443799935447633,3.2779424598481404,3.2152924231688567,3.24214243888855,12854000,0.0,0.0
2018-06-08 00:00:00-04:00,3.2510926723480225,3.2712302388976444,3.224242654743517,3.2510926723480225,20124000,0.0,0.0
2018-06-11 00:00:00-04:00,3.2510923124170685,3.292449034972973,3.2304141702545452,3.2832586765289307,18871200,0.095,0.0
2018-06-12 00:00:00-04:00,3.2901513767563113,3.301639379541943,3.228116512298584,3.228116512298584,13536400,0.0,0.0
2018-06-13 00:00:00-04:00,3.2097357318769424,3.2097357318769424,2.9983572736259725,3.062689781188965,35296400,0.0,0.0
2018-06-14 00:00:00-04:00,3.05579728324402,3.0603923531226696,2.9179416810375014,2.9524056911468506,30128800,0.0,0.0
2018-06-15 00:00:00-04:00,2.931727252410687,3.299341816843995,2.931727252410687,3.2074382305145264,52570800,0.0,0.0
2018-06-18 00:00:00-04:00,3.2051404074656467,3.625599674944182,3.0718801051563527,3.4923393726348877,95155600,0.0,0.0
2018-06-19 00:00:00-04:00,3.52680359325608,3.62100482447123,3.4693637967477753,3.6187071800231934,40562400,0.0,0.0
2018-06-20 00:00:00-04:00,3.625599932127969,3.632492865544088,3.5199106966839513,3.6095168590545654,20656800,0.0,0.0
2018-06-21 00:00:00-04:00,3.632492786186916,3.671551645781107,3.5589696984959263,3.568160057067871,14252400,0.0,0.0
2018-06-22 00:00:00-04:00,3.572755130956469,3.604921274465281,3.471660973631983,3.5658624172210693,38308800,0.0,0.0
2018-06-25 00:00:00-04:00,3.540588887878397,3.611814329267149,3.43260201317239,3.47166109085083,10738800,0.0,0.0
2018-06-26 00:00:00-04:00,3.49004194998696,3.4923395944419444,3.3751623566229787,3.439495086669922,10790000,0.0,0.0
2018-06-27 00:00:00-04:00,3.4463879096308694,3.4854469901359213,3.3498890306319695,3.3544843196868896,9022800,0.0,0.0
2018-06-28 00:00:00-04:00,3.352186414166694,3.4211142108158565,3.3292104089118317,3.418816566467285,7620800,0.0,0.0
2018-06-29 00:00:00-04:00,3.444090034258844,3.4624707510156485,3.333805733718015,3.3475911617279053,13604400,0.0,0.0
2018-07-02 00:00:00-04:00,3.3521863492796107,3.3774597792784102,3.223521116750673,3.253389835357666,14893200,0.0,0.0
2018-07-03 00:00:00-04:00,3.2556875875148434,3.2878539514915275,3.216628509512952,3.228116512298584,5157200,0.0,0.0
2018-07-05 00:00:00-04:00,3.235009401552738,3.3774600741105063,3.2258190426495092,3.361377000808716,18887200,0.0,0.0
2018-07-06 00:00:00-04:00,3.3705673439161266,3.499232367958356,3.3636746295498665,3.480851650238037,16204400,0.0,0.0
2018-07-09 00:00:00-04:00,3.5773504821233595,3.591136129795193,3.485446894695923,3.5543746948242188,15678000,0.0,0.0
2018-07-10 00:00:00-04:00,3.5681599526871017,3.5704575970417323,3.4027335032313815,3.4142212867736816,11666800,0.0,0.0
2018-07-11 00:00:00-04:00,3.393543294977296,3.4073287234837633,3.32231785064243,3.37746000289917,9150800,0.0,0.0
2018-07-12 00:00:00-04:00,3.3889478935805646,3.4739587636002596,3.386650249200604,3.4670660495758057,7703600,0.0,0.0
2018-07-13 00:00:00-04:00,3.4440900987213428,3.552076976025315,3.4440900987213428,3.5107202529907227,9328800,0.0,0.0
2018-07-16 00:00:00-04:00,3.5084228939308497,3.533696325642816,3.460173455851325,3.4969348907470703,7226000,0.0,0.0
2018-07-17 00:00:00-04:00,3.485446751809535,3.5428865463757893,3.3406984432087237,3.349888801574707,12180400,0.0,0.0
2018-07-18 00:00:00-04:00,3.3544840903154123,3.3659718739363216,3.2901513626381003,3.349888801574707,8198800,0.0,0.0
2018-07-19 00:00:00-04:00,3.34988896634357,3.4532805578251984,3.331508248707522,3.428007125854492,6913600,0.0,0.0
2018-07-20 00:00:00-04:00,3.4257095674111158,3.494637369835202,3.41881685290334,3.464768648147583,8591600,0.0,0.0
2018-07-23 00:00:00-04:00,3.4578756393811534,3.46706599764792,3.3958405567439103,3.421114206314087,7335200,0.0,0.0
2018-07-24 00:00:00-04:00,3.4417924373623077,3.4417924373623077,3.3682695693208964,3.395840644836426,6170400,0.0,0.0
2018-07-25 00:00:00-04:00,3.3751623034451925,3.3774599478639757,3.2740683592884787,3.333805799484253,13380000,0.0,0.0
2018-07-26 00:00:00-04:00,3.333805766307303,3.455578070790364,3.331508121911385,3.402733564376831,6756800,0.0,0.0
2018-07-27 00:00:00-04:00,3.425709322435129,3.439494969580298,3.342996096910399,3.4073286056518555,5658000,0.0,0.0
2018-07-30 00:00:00-04:00,3.4188167266494434,3.4417925138653676,3.3521865712270227,3.37746000289917,6311200,0.0,0.0
2018-07-31 00:00:00-04:00,3.382055079294102,3.384352504490527,3.3108296394348145,3.3108296394348145,11030000,0.0,0.0
2018-08-01 00:00:00-04:00,3.3131274594988303,3.418816693180647,3.3085321706313704,3.384352684020996,8318800,0.0,0.0
2018-08-02 00:00:00-04:00,3.3567814781985623,3.3958405555979962,3.310829686880236,3.359079122543335,10116400,0.0,0.0
2018-08-03 00:00:00-04:00,3.375162468610847,3.423411908189253,3.3544843251761955,3.411924123764038,10228800,0.0,0.0
2018-08-06 00:00:00-04:00,3.4188165754829423,3.4417923616829684,3.386650211864395,3.4142212867736816,8300000,0.0,0.0
2018-08-07 00:00:00-04:00,3.4280069391107766,3.4969347360487726,3.4050309337596363,3.473958730697632,7813600,0.0,0.0
2018-08-08 00:00:00-04:00,3.473958615133612,3.519910405191844,3.4486851853804392,3.5038273334503174,8715600,0.0,0.0
2018-08-09 00:00:00-04:00,3.5038273705907534,3.5520768054421934,3.441792289018007,3.4946370124816895,9370800,0.0,0.0
2018-08-10 00:00:00-04:00,3.4877444289340422,3.584243302240825,3.469363712029458,3.5199105739593506,9665600,0.0,0.0
2018-08-13 00:00:00-04:00,3.526803375421123,3.533696089224066,3.4716610076513192,3.4946370124816895,8403600,0.0,0.0
2018-08-14 00:00:00-04:00,3.508422868446125,3.5773504488172496,3.4923395764594862,3.561267375946045,7813600,0.0,0.0
2018-08-15 00:00:00-04:00,3.5520768538244543,3.561267212058698,3.4900417714067378,3.54288649559021,8390400,0.0,0.0
2018-08-16 00:00:00-04:00,3.570457760538562,3.575053049458248,3.4969348907470703,3.4969348907470703,6878800,0.0,0.0
2018-08-17 00:00:00-04:00,3.4854467800444215,3.5268035025840834,3.4440900575047593,3.5222082138061523,6533200,0.0,0.0
2018-08-20 00:00:00-04:00,3.5382912950491825,3.67155160232276,3.526803511306801,3.6416831016540527,14427600,0.0,0.0
2018-08-21 00:00:00-04:00,3.6761467716938356,3.8071094303184934,3.6370876947153548,3.788728713989258,20772800,0.0,0.0
2018-08-22 00:00:00-04:00,3.8002167286868405,3.967940810838246,3.7933237961020954,3.901310443878174,26422400,0.0,0.0
2018-08-23 00:00:00-04:00,3.9013106581316253,3.954155162824339,3.818597653726331,3.8507637977600098,14334000,0.0,0.0
2018-08-24 00:00:00-04:00,3.850763729661,3.8691444456738826,3.7220987175708227,3.80251407623291,18102400,0.0,0.0
2018-08-27 00:00:00-04:00,3.784133644526003,3.7910265778852716,3.342996207958281,3.3797576427459717,58779600,0.0,0.0
2018-08-28 00:00:00-04:00,3.379757545051994,3.3889479034832632,3.216628518560386,3.2235212326049805,27288000,0.0,0.0
2018-08-29 00:00:00-04:00,3.2487948030498277,3.285556235874452,3.159188646203238,3.244199514389038,16398400,0.0,0.0
2018-08-30 00:00:00-04:00,3.214330812147711,3.214330812147711,3.1063441574429365,3.1201295852661133,15733600,0.0,0.0
2018-08-31 00:00:00-04:00,3.1270223559645975,3.1316176447327235,3.028226057719603,3.0489044189453125,14896000,0.0,0.0
2018-09-04 00:00:00-04:00,3.0259284082639186,3.239604515084216,3.0052500470728667,3.228116512298584,23744000,0.0,0.0
2018-09-05 00:00:00-04:00,3.2097358992889227,3.7979195136036297,3.207438254834406,3.735884428024292,69886400,0.0,0.0
2018-09-06 00:00:00-04:00,3.710610871212525,3.7335868781086003,3.464768605355546,3.708313226699829,27108800,0.0,0.0
2018-09-07 00:00:00-04:00,3.5038276900209477,3.7634553850500923,3.391245738142407,3.7060155868530273,27182400,0.0,0.0
2018-09-10 00:00:00-04:00,3.7129084188828756,3.756562787023711,3.6462782635606743,3.676146984100342,10910800,0.0,0.0
2018-09-11 00:00:00-04:00,3.6761470707444586,3.814002673543552,3.6761470707444586,3.7129085063934326,11164000,0.0,0.0
2018-09-12 00:00:00-04:00,3.7152059313289816,3.8507638816095806,3.7152059313289816,3.8277878761291504,13583200,0.0,0.0
2018-09-13 00:00:00-04:00,3.839275573525786,3.9150965213775635,3.81630000679223,3.9150965213775635,14758000,0.0,0.0
2018-09-14 00:00:00-04:00,3.8990130002437384,3.9059059331830475,3.784133413973649,3.857656717300415,12021600,0.0,0.0
2018-09-17 00:00:00-04:00,3.928180225923444,3.963442527545195,3.8788137210590574,3.904672622680664,8928000,0.095,0.0
2018-09-18 00:00:00-04:00,3.860007391860563,3.9211281470801844,3.8435518901435097,3.8788137435913086,7147200,0.0,0.0
2018-09-19 00:00:00-04:00,3.8788137636112587,3.9493374708708546,3.867059961860925,3.9023218154907227,7192800,0.0,0.0
2018-09-20 00:00:00-04:00,3.9023218384588563,3.9516883441553734,3.8670599846215157,3.876462936401367,6416400,0.0,0.0
2018-09-21 00:00:00-04:00,3.867060094025385,3.9375838036952686,3.8623583938130435,3.8835155963897705,12163600,0.0,0.0
2018-09-24 00:00:00-04:00,3.8600074006153946,3.8600074006153946,3.6413832810128737,3.6484358310699463,14310800,0.0,0.0
2018-09-25 00:00:00-04:00,3.6766456617672896,3.782431455259112,3.5967185480478725,3.7659759521484375,8250000,0.0,0.0
2018-09-26 00:00:00-04:00,3.794185099035893,3.794185099035893,3.653137455017302,3.664891481399536,7605200,0.0,0.0
2018-09-27 00:00:00-04:00,3.686048631118978,3.7025041333041653,3.627278724241134,3.6554882526397705,8096800,0.0,0.0
2018-09-28 00:00:00-04:00,3.6531375129257126,3.726012298299228,3.570859551135235,3.5896661281585693,10103200,0.0,0.0
2018-10-01 00:00:00-04:00,3.5920166969299316,3.653137454761749,3.5214927628308668,3.5920166969299316,16239200,0.0,0.0
2018-10-02 00:00:00-04:00,3.5661580129743786,3.5990692419558337,3.4885817528368253,3.495634078979492,11512800,0.0,0.0
2018-10-03 00:00:00-04:00,3.5261944674873122,3.5661580227206544,3.467424559695857,3.507388114929199,8054400,0.0,0.0
2018-10-04 00:00:00-04:00,3.5191421220249097,3.5544039768306295,3.4603722145557736,3.483880043029785,6086400,0.0,0.0
2018-10-05 00:00:00-04:00,3.486230835006972,3.5097388872784316,3.4274609285177253,3.4509689807891846,9294800,0.0,0.0
2018-10-08 00:00:00-04:00,3.4580213366719814,3.570859450495338,3.4462673104346977,3.5214927196502686,9040400,0.0,0.0
2018-10-09 00:00:00-04:00,3.5097387527056676,3.6319800369377546,3.4556703242301996,3.4697751998901367,9622800,0.0,0.0
2018-10-10 00:00:00-04:00,3.48152937425856,3.566157959264182,3.48152937425856,3.4862308502197266,7850400,0.0,0.0
2018-10-11 00:00:00-04:00,3.476827745446843,3.5497025299501193,3.443916516285782,3.4462673664093018,8384000,0.0,0.0
2018-10-12 00:00:00-04:00,3.5026864962185544,3.561456405377855,3.4556706137289965,3.4791786670684814,7710400,0.0,0.0
2018-10-15 00:00:00-04:00,3.48152938397532,3.5426499167774854,3.474476833729783,3.4979848861694336,6000400,0.0,0.0
2018-10-16 00:00:00-04:00,3.519142328309025,3.5967185927804763,3.4744770704682386,3.594367742538452,8160800,0.0,0.0
2018-10-17 00:00:00-04:00,3.5943675994338213,3.6390326313069146,3.4744769321368842,3.6014199256896973,7991600,0.0,0.0
2018-10-18 00:00:00-04:00,3.5967184744035583,3.624928003811148,3.5026864855221818,3.540299415588379,5914400,0.0,0.0
2018-10-19 00:00:00-04:00,3.4956342473051247,3.5261946276474663,3.4016024802436258,3.4627230167388916,12424000,0.0,0.0
2018-10-22 00:00:00-04:00,3.483880085645928,3.5779120732604244,3.4533197064854226,3.5544040203094482,9222000,0.0,0.0
2018-10-23 00:00:00-04:00,3.5238436690504233,3.5990693045755315,3.476827786965612,3.5896661281585693,9580400,0.0,0.0
2018-10-24 00:00:00-04:00,3.5967184163266257,3.6672423508015415,3.542649984359741,3.542649984359741,8965200,0.0,0.0
2018-10-25 00:00:00-04:00,3.55440382129213,3.573210172924147,3.356936904966557,3.394549608230591,9096400,0.0,0.0
2018-10-26 00:00:00-04:00,3.392199028201097,3.392199028201097,3.2064861351864287,3.2229416370391846,10044400,0.0,0.0
2018-10-29 00:00:00-04:00,3.25350225816779,3.5167914284452033,3.237046755084644,3.4157071113586426,12675600,0.0,0.0
2018-10-30 00:00:00-04:00,3.425110121035519,3.55205311166294,3.3851465661908304,3.448618173599243,8376400,0.0,0.0
2018-10-31 00:00:00-04:00,3.481529494020372,3.4838801199871137,3.352235649894349,3.4321627616882324,6955600,0.0,0.0
2018-11-01 00:00:00-04:00,3.4345132537086718,3.6084723472595215,3.4321626278336046,3.6084723472595215,11017200,0.0,0.0
2018-11-02 00:00:00-04:00,3.624928062870382,3.7048551762554727,3.570859629149532,3.669593095779419,6662400,0.0,0.0
2018-11-05 00:00:00-05:00,3.655488215554365,3.657839065611086,3.500335698841204,3.52384352684021,7214400,0.0,0.0
2018-11-06 00:00:00-05:00,3.5144405364990234,3.53794858992955,3.4862310068960385,3.5144405364990234,7584000,0.0,0.0
2018-11-07 00:00:00-05:00,3.526194313899157,3.537948339783367,3.4439163568990847,3.5026862621307373,8177200,0.0,0.0
2018-11-08 00:00:00-05:00,3.502686448158442,3.530896201454525,3.474476919051768,3.493283271789551,8557200,0.0,0.0
2018-11-09 00:00:00-05:00,3.4603723436043197,3.479178696760641,3.366340353633299,3.441565990447998,6686000,0.0,0.0
2018-11-12 00:00:00-05:00,3.446267411714538,3.474476940999407,3.258203658959339,3.2629053592681885,9600800,0.0,0.0
2018-11-13 00:00:00-05:00,3.267606835387628,3.3334292945750645,3.23939730610276,3.2629053592681885,9232800,0.0,0.0
2018-11-14 00:00:00-05:00,3.3122720635577663,3.316973539637454,3.02782569877033,3.0466320514678955,13744400,0.0,0.0
2018-11-15 00:00:00-05:00,3.0466322160088892,3.1148053042667736,3.0019671819872764,3.0865957736968994,12119600,0.0,0.0
2018-11-16 00:00:00-05:00,3.0536844505228724,3.0536844505228724,2.9267414546915806,3.0066685676574707,22866800,0.0,0.0
2018-11-19 00:00:00-05:00,3.018422433091401,3.0936478416553683,3.001966931015384,3.0630874633789062,13803600,0.0,0.0
2018-11-20 00:00:00-05:00,2.9620032694185965,3.0348778252789073,2.853866636428663,2.886777639389038,24139600,0.0,0.0
2018-11-21 00:00:00-05:00,2.931442958619345,3.408654530053853,2.8938302548476753,3.2229416370391846,49923200,0.0,0.0
2018-11-23 00:00:00-05:00,3.2205908044380624,3.2346956805234828,3.0936478164268784,3.173574924468994,10767200,0.0,0.0
2018-11-26 00:00:00-05:00,3.2887638944991164,3.474476788974043,3.2887638944991164,3.4274609088897705,23613600,0.0,0.0
2018-11-27 00:00:00-05:00,3.3827959497370883,3.519142116933052,3.338130694579104,3.46037220954895,17538800,0.0,0.0
2018-11-28 00:00:00-05:00,3.460372294369631,3.542650032210523,3.460372294369631,3.528545379638672,10574800,0.0,0.0
2018-11-29 00:00:00-05:00,3.537948650657956,3.577912207662173,3.4180579796453046,3.4392151832580566,16838400,0.0,0.0
2018-11-30 00:00:00-05:00,3.053684463117303,3.281711776191731,3.009019430258311,3.2111878395080566,47627200,0.0,0.0
2018-12-03 00:00:00-05:00,3.2488005253406493,3.2864132315494317,3.180627439289878,3.260554552078247,16084800,0.0,0.0
2018-12-04 00:00:00-05:00,3.288763886440561,3.316973414422002,3.159470048383574,3.173574924468994,14935600,0.0,0.0
2018-12-06 00:00:00-05:00,3.1735751290326233,3.2370467392241946,3.1124543690383875,3.1876800060272217,12788800,0.0,0.0
2018-12-07 00:00:00-05:00,3.1853288385165794,3.300517796438252,3.173574812890219,3.2158892154693604,13610400,0.0,0.0
2018-12-10 00:00:00-05:00,3.2352332107811796,3.249740853769645,3.102245253547835,3.1989636421203613,11174800,0.095,0.0
2018-12-11 00:00:00-05:00,3.227979248415097,3.2400688735129397,3.107081152678124,3.131260633468628,9352800,0.0,0.0
2018-12-12 00:00:00-05:00,3.1578584999231585,3.2715025488471703,3.1385145916138257,3.1989636421203613,7271200,0.0,0.0
2018-12-13 00:00:00-05:00,3.2013816487397806,3.2303971652141645,3.06355788783775,3.092573404312134,9746400,0.0,0.0
2018-12-14 00:00:00-05:00,3.068393628503457,3.1433505507917516,3.068393628503457,3.0853195190429688,6654800,0.0,0.0
2018-12-17 00:00:00-05:00,3.061139798074687,3.167530253225697,3.0345422995843454,3.0587217807769775,9022800,0.0,0.0
2018-12-18 00:00:00-05:00,3.058721718556678,3.1506042986471825,3.0490498801574044,3.0780653953552246,10379600,0.0,0.0
2018-12-19 00:00:00-05:00,3.0853195976457957,3.1385145961399856,3.0272885644185914,3.0417962074279785,9703600,0.0,0.0
2018-12-20 00:00:00-05:00,3.046632152726811,3.1288426654213057,2.952331553554686,3.0055267810821533,10684800,0.0,0.0
2018-12-21 00:00:00-05:00,2.9958548542842003,3.065975739626051,2.845941245297996,2.8918824195861816,17692000,0.0,0.0
2018-12-24 00:00:00-05:00,2.894300512589175,2.9063903684325445,2.814507786855686,2.8217616081237793,5314000,0.0,0.0
2018-12-26 00:00:00-05:00,2.8338514053480783,2.998272657394409,2.795164051925412,2.998272657394409,9616800,0.0,0.0
2018-12-27 00:00:00-05:00,2.959585299915795,2.9620033171501015,2.812089707545311,2.945077657699585,7338400,0.0,0.0
2018-12-28 00:00:00-05:00,2.9523314569922996,3.0200343248889117,2.903972265637577,2.969257116317749,8105200,0.0,0.0
2018-12-31 00:00:00-05:00,2.981347009507995,3.063557751148088,2.9765112056087744,3.0514678955078125,11161200,0.0,0.0
2019-01-02 00:00:00-05:00,3.0103625622803167,3.186873903405002,3.0031087410434942,3.160276174545288,8496800,0.0,0.0
2019-01-03 00:00:00-05:00,3.1385145026267645,3.206217603302758,3.0683936152511304,3.136096715927124,7001600,0.0,0.0
2019-01-04 00:00:00-05:00,3.3924005500840653,3.6970638110191087,3.312607824209862,3.684973955154419,47662800,0.0,0.0
2019-01-07 00:00:00-05:00,3.65354047164853,3.8227979948579347,3.6124350995085117,3.7430050373077393,18872000,0.0,0.0
2019-01-08 00:00:00-05:00,3.747841090417069,3.842141691190087,3.663212328395528,3.822798013687134,13775200,0.0,0.0
2019-01-09 00:00:00-05:00,3.8300517262833176,3.963039447688996,3.8010362108532707,3.863903045654297,14218000,0.0,0.0
2019-01-10 00:00:00-05:00,3.805871975247961,3.8687390399905635,3.7526769794763584,3.85906720161438,11619200,0.0,0.0
2019-01-11 00:00:00-05:00,3.834887488413664,3.880828663028318,3.813126025024501,3.8324697017669678,9679200,0.0,0.0
2019-01-14 00:00:00-05:00,3.8300516968951626,3.9025903696162785,3.7647666147323777,3.7816925048828125,14443600,0.0,0.0
2019-01-15 00:00:00-05:00,3.772020656723475,3.7816924951009274,3.672884025111068,3.7550947666168213,8912800,0.0,0.0
2019-01-16 00:00:00-05:00,3.7647667022102973,3.8421416418227534,3.7188255263797827,3.7913644313812256,7970400,0.0,0.0
2019-01-17 00:00:00-05:00,3.7454229868915285,3.8276337296846763,3.6994818115279093,3.8131260871887207,6972000,0.0,0.0
2019-01-18 00:00:00-05:00,3.873575249743562,4.086355703647273,3.839723698597831,3.851813554763794,34188800,0.0,0.0
2019-01-22 00:00:00-05:00,3.822798017411729,3.8445594816776354,3.6656303493035685,3.692228078842163,12754800,0.0,0.0
2019-01-23 00:00:00-05:00,3.701899895762545,3.7647667320400813,3.6583765062978615,3.7430050373077393,7348000,0.0,0.0
2019-01-24 00:00:00-05:00,3.743005032335149,3.8203799724578857,3.73333319364416,3.8203799724578857,5128000,0.0,0.0
2019-01-25 00:00:00-05:00,3.859067304323862,3.883246785610453,3.803454059234541,3.84455943107605,7660400,0.0,0.0
2019-01-28 00:00:00-05:00,3.8058721527295347,3.817962008912262,3.624525001773104,3.7478411197662354,11939600,0.0,0.0
2019-01-29 00:00:00-05:00,2.9958550319794566,3.0224525312402326,2.6863557267521805,2.727461099624634,131481200,0.0,0.0
2019-01-30 00:00:00-05:00,2.7202071020893897,2.749222616840299,2.6863555529159227,2.7081172466278076,24604000,0.0,0.0
2019-01-31 00:00:00-05:00,2.7008634988357025,2.7879100454491166,2.6839378390873545,2.741968870162964,24198400,0.0,0.0
2019-02-01 00:00:00-05:00,2.7347150635599538,2.763730579253013,2.7032815305771014,2.7177891731262207,13909600,0.0,0.0
2019-02-04 00:00:00-05:00,2.717789221885336,2.7758202543125727,2.659758189458099,2.749222755432129,17086000,0.0,0.0
2019-02-05 00:00:00-05:00,2.746804710853487,2.8556131838188197,2.7443869241391194,2.8507771492004395,17084400,0.0,0.0
2019-02-06 00:00:00-05:00,2.809671878542086,2.8290155565228194,2.7564766487976535,2.783074378967285,13918400,0.0,0.0
2019-02-07 00:00:00-05:00,2.756476561823663,2.8024179685244577,2.715371189762878,2.773402452468872,8084400,0.0,0.0
2019-02-08 00:00:00-05:00,2.7540587499892273,2.7782382311843543,2.734715072795197,2.744386911392212,7204800,0.0,0.0
2019-02-11 00:00:00-05:00,2.751640620066846,2.7540586372658358,2.698445394663128,2.732296943664551,7674400,0.0,0.0
2019-02-12 00:00:00-05:00,2.732297018975081,2.8024179055148526,2.732297018975081,2.792746067047119,10712000,0.0,0.0
2019-02-13 00:00:00-05:00,2.795164147159267,2.841105323265238,2.7516407577784774,2.773402452468872,8531200,0.0,0.0
2019-02-14 00:00:00-05:00,2.749222667361755,2.761312523045508,2.717789134821924,2.739550828933716,9874000,0.0,0.0
2019-02-15 00:00:00-05:00,2.739550814728332,2.7661483126188187,2.7274609591072685,2.763730525970459,8847200,0.0,0.0
2019-02-19 00:00:00-05:00,2.7709843105521843,2.7734023277634634,2.6911915873384804,2.7081172466278076,13222400,0.0,0.0
2019-02-20 00:00:00-05:00,2.715371067666832,2.732296957550972,2.6960273911662256,2.7081172466278076,11842000,0.0,0.0
2019-02-21 00:00:00-05:00,2.7153711693036744,2.729879042519568,2.6621761722333157,2.6670119762420654,9956800,0.0,0.0
2019-02-22 00:00:00-05:00,2.664594224124448,2.7516407727653034,2.664594224124448,2.749222755432129,12998000,0.0,0.0
2019-02-25 00:00:00-05:00,2.751640695910548,2.8531951151191572,2.751640695910548,2.792746067047119,14378000,0.0,0.0
2019-02-26 00:00:00-05:00,2.790328011717715,2.8314333822935547,2.780656173381918,2.8145077228546143,8632000,0.0,0.0
2019-02-27 00:00:00-05:00,2.8193435908361413,2.884628674033444,2.8096717522804098,2.8217616081237793,13589200,0.0,0.0
2019-02-28 00:00:00-05:00,2.8265974760506034,2.8677028484910974,2.8024179944116705,2.8290154933929443,11280800,0.0,0.0
2019-03-01 00:00:00-05:00,2.872538754965001,2.903972287227976,2.8411052227020264,2.8411052227020264,7604800,0.0,0.0
2019-03-04 00:00:00-05:00,2.850777138719535,2.865285011926515,2.773402429868498,2.797581911087036,8914400,0.0,0.0
2019-03-05 00:00:00-05:00,2.9208981010218222,2.9257341357461963,2.7468047710564316,2.8048360347747803,22151600,0.0,0.0
2019-03-06 00:00:00-05:00,2.819343589355588,2.8701207993952176,2.795164108276367,2.795164108276367,13251600,0.0,0.0
2019-03-07 00:00:00-05:00,2.795164172115577,2.819343653747037,2.7661484252061044,2.8024179935455322,7245600,0.0,0.0
2019-03-08 00:00:00-05:00,2.676683926363007,2.7129534956162926,2.5993092142410608,2.6525044441223145,24686400,0.0,0.0
2019-03-11 00:00:00-04:00,2.6549221538488275,2.727461059654523,2.633160689642461,2.722625255584717,10814400,0.0,0.0
2019-03-12 00:00:00-04:00,2.7274610457680777,2.792746129839262,2.715371189762878,2.773402452468872,8659600,0.0,0.0
2019-03-13 00:00:00-04:00,2.7903281136272486,2.8145078256472496,2.7734024535701423,2.799999952316284,8766400,0.0,0.0
2019-03-14 00:00:00-04:00,2.827500104904175,2.8350000381469727,2.7249999046325684,2.737499952316284,11358400,0.095,0.0
2019-03-15 00:00:00-04:00,2.747499942779541,2.7799999713897705,2.7249999046325684,2.765000104904175,14149600,0.0,0.0
2019-03-18 00:00:00-04:00,2.7725000381469727,2.7925000190734863,2.744999885559082,2.7674999237060547,9804800,0.0,0.0
2019-03-19 00:00:00-04:00,2.7674999237060547,2.809999942779541,2.7249999046325684,2.740000009536743,12359600,0.0,0.0
2019-03-20 00:00:00-04:00,2.740000009536743,2.740000009536743,2.5999999046325684,2.625,16415600,0.0,0.0
2019-03-21 00:00:00-04:00,2.617500066757202,2.682499885559082,2.5875000953674316,2.637500047683716,12821200,0.0,0.0
2019-03-22 00:00:00-04:00,2.6624999046325684,2.6649999618530273,2.609999895095825,2.612499952316284,13156000,0.0,0.0
2019-03-25 00:00:00-04:00,2.615000009536743,2.622499942779541,2.5174999237060547,2.5350000858306885,17944800,0.0,0.0
2019-03-26 00:00:00-04:00,2.5274999141693115,2.609999895095825,2.5225000381469727,2.5875000953674316,14140400,0.0,0.0
2019-03-27 00:00:00-04:00,2.5924999713897705,2.634999990463257,2.5625,2.572499990463257,10424800,0.0,0.0
2019-03-28 00:00:00-04:00,2.5899999141693115,2.622499942779541,2.5174999237060547,2.547499895095825,12489200,0.0,0.0
2019-03-29 00:00:00-04:00,2.552500009536743,2.5899999141693115,2.5374999046325684,2.5399999618530273,11676000,0.0,0.0
2019-04-01 00:00:00-04:00,2.572499990463257,2.6050000190734863,2.509999990463257,2.5924999713897705,17662800,0.0,0.0
2019-04-02 00:00:00-04:00,2.5924999713897705,2.6024999618530273,2.5225000381469727,2.5250000953674316,34680800,0.0,0.0
2019-04-03 00:00:00-04:00,2.2149999141693115,2.507499933242798,2.2049999237060547,2.4075000286102295,106391600,0.0,0.0
2019-04-04 00:00:00-04:00,2.434999942779541,2.515000104904175,2.4124999046325684,2.507499933242798,31671200,0.0,0.0
2019-04-05 00:00:00-04:00,2.490000009536743,2.502500057220459,2.447499990463257,2.4649999141693115,22974400,0.0,0.0
2019-04-08 00:00:00-04:00,2.447499990463257,2.5199999809265137,2.432499885559082,2.484999895095825,18204000,0.0,0.0
2019-04-09 00:00:00-04:00,2.4625000953674316,2.5,2.452500104904175,2.4549999237060547,11914000,0.0,0.0
2019-04-10 00:00:00-04:00,2.4700000286102295,2.502500057220459,2.4700000286102295,2.492500066757202,11228800,0.0,0.0
2019-04-11 00:00:00-04:00,2.494999885559082,2.494999885559082,2.434999942779541,2.440000057220459,10180800,0.0,0.0
2019-04-12 00:00:00-04:00,2.447499990463257,2.4574999809265137,2.322499990463257,2.3299999237060547,19114000,0.0,0.0
2019-04-15 00:00:00-04:00,2.317500114440918,2.3375000953674316,2.202500104904175,2.234999895095825,22109600,0.0,0.0
2019-04-16 00:00:00-04:00,2.25,2.2874999046325684,2.237499952316284,2.2699999809265137,18880000,0.0,0.0
2019-04-17 00:00:00-04:00,2.2774999141693115,2.2799999713897705,2.1875,2.234999895095825,15684400,0.0,0.0
2019-04-18 00:00:00-04:00,2.2149999141693115,2.257499933242798,2.184999942779541,2.192500114440918,15256800,0.0,0.0
2019-04-22 00:00:00-04:00,2.1875,2.2049999237060547,2.132499933242798,2.1624999046325684,25114800,0.0,0.0
2019-04-23 00:00:00-04:00,2.1600000858306885,2.242500066757202,2.1600000858306885,2.2225000858306885,17809200,0.0,0.0
2019-04-24 00:00:00-04:00,2.2249999046325684,2.265000104904175,2.2225000858306885,2.252500057220459,16424400,0.0,0.0
2019-04-25 00:00:00-04:00,2.247499942779541,2.25,2.180000066757202,2.237499952316284,10508000,0.0,0.0
2019-04-26 00:00:00-04:00,2.2325000762939453,2.257499933242798,2.2200000286102295,2.2225000858306885,9227200,0.0,0.0
2019-04-29 00:00:00-04:00,2.2225000858306885,2.2249999046325684,2.177500009536743,2.190000057220459,10192400,0.0,0.0
2019-04-30 00:00:00-04:00,2.200000047683716,2.2125000953674316,2.1624999046325684,2.1624999046325684,12830800,0.0,0.0
2019-05-01 00:00:00-04:00,2.1649999618530273,2.197499990463257,2.117500066757202,2.127500057220459,14155600,0.0,0.0
2019-05-02 00:00:00-04:00,2.127500057220459,2.2074999809265137,2.127500057220459,2.192500114440918,12467600,0.0,0.0
2019-05-03 00:00:00-04:00,2.202500104904175,2.247499942779541,2.192500114440918,2.242500066757202,8718400,0.0,0.0
2019-05-06 00:00:00-04:00,2.2125000953674316,2.2300000190734863,2.1649999618530273,2.2125000953674316,9624800,0.0,0.0
2019-05-07 00:00:00-04:00,2.192500114440918,2.2300000190734863,2.172499895095825,2.192500114440918,10366400,0.0,0.0
2019-05-08 00:00:00-04:00,2.1875,2.2125000953674316,2.1624999046325684,2.172499895095825,8249600,0.0,0.0
2019-05-09 00:00:00-04:00,2.1500000953674316,2.1624999046325684,2.119999885559082,2.130000114440918,9358000,0.0,0.0
2019-05-10 00:00:00-04:00,2.130000114440918,2.1449999809265137,2.0899999141693115,2.119999885559082,9206000,0.0,0.0
2019-05-13 00:00:00-04:00,2.0824999809265137,2.0924999713897705,2.0425000190734863,2.065000057220459,12172800,0.0,0.0
2019-05-14 00:00:00-04:00,2.0799999237060547,2.137500047683716,2.059999942779541,2.132499933242798,10451600,0.0,0.0
2019-05-15 00:00:00-04:00,2.109999895095825,2.177500009536743,2.109999895095825,2.172499895095825,9014000,0.0,0.0
2019-05-16 00:00:00-04:00,2.184999942779541,2.2100000381469727,2.1600000858306885,2.1675000190734863,7004000,0.0,0.0
2019-05-17 00:00:00-04:00,2.134999990463257,2.194999933242798,2.134999990463257,2.1524999141693115,7869200,0.0,0.0
2019-05-20 00:00:00-04:00,2.115000009536743,2.130000114440918,1.9950000047683716,2.015000104904175,20174400,0.0,0.0
2019-05-21 00:00:00-04:00,2.0174999237060547,2.0350000858306885,1.972499966621399,2.0325000286102295,22788400,0.0,0.0
2019-05-22 00:00:00-04:00,2.0174999237060547,2.0199999809265137,1.940000057220459,1.975000023841858,18064400,0.0,0.0
2019-05-23 00:00:00-04:00,1.9600000381469727,1.965000033378601,1.9175000190734863,1.9249999523162842,15678000,0.0,0.0
2019-05-24 00:00:00-04:00,1.9275000095367432,1.965000033378601,1.9275000095367432,1.9550000429153442,10168400,0.0,0.0
2019-05-28 00:00:00-04:00,1.962499976158142,1.997499942779541,1.934999942779541,1.934999942779541,10931200,0.0,0.0
2019-05-29 00:00:00-04:00,1.9325000047683716,1.9375,1.847499966621399,1.8925000429153442,16510800,0.0,0.0
2019-05-30 00:00:00-04:00,1.8925000429153442,1.9249999523162842,1.8825000524520874,1.899999976158142,10780800,0.0,0.0
2019-05-31 00:00:00-04:00,1.8674999475479126,1.9149999618530273,1.8300000429153442,1.8949999809265137,15932400,0.0,0.0
2019-06-03 00:00:00-04:00,1.8949999809265137,1.912500023841858,1.8550000190734863,1.8674999475479126,20916400,0.0,0.0
2019-06-04 00:00:00-04:00,1.8949999809265137,1.962499976158142,1.8799999952316284,1.9550000429153442,41720400,0.0,0.0
2019-06-05 00:00:00-04:00,1.372499942779541,1.3975000381469727,1.1775000095367432,1.2599999904632568,157416800,0.0,0.0
2019-06-06 00:00:00-04:00,1.2450000047683716,1.2825000286102295,1.2100000381469727,1.2825000286102295,54232000,0.0,0.0
2019-06-07 00:00:00-04:00,1.2825000286102295,1.3075000047683716,1.247499942779541,1.2549999952316284,42365200,0.0,0.0
2019-06-10 00:00:00-04:00,1.3424999713897705,1.3875000476837158,1.3224999904632568,1.3600000143051147,75706000,0.0,0.0
2019-06-11 00:00:00-04:00,1.3825000524520874,1.462499976158142,1.372499942779541,1.4299999475479126,53695200,0.0,0.0
2019-06-12 00:00:00-04:00,1.4199999570846558,1.4500000476837158,1.375,1.375,19657200,0.0,0.0
2019-06-13 00:00:00-04:00,1.3875000476837158,1.4325000047683716,1.372499942779541,1.4249999523162842,23363200,0.0,0.0
2019-06-14 00:00:00-04:00,1.4249999523162842,1.4574999809265137,1.402500033378601,1.4075000286102295,21218400,0.0,0.0
2019-06-17 00:00:00-04:00,1.4075000286102295,1.4524999856948853,1.399999976158142,1.4249999523162842,14746000,0.0,0.0
2019-06-18 00:00:00-04:00,1.4275000095367432,1.4574999809265137,1.4175000190734863,1.4325000047683716,16281600,0.0,0.0
2019-06-19 00:00:00-04:00,1.4375,1.4375,1.402500033378601,1.4075000286102295,11893200,0.0,0.0
2019-06-20 00:00:00-04:00,1.4149999618530273,1.4225000143051147,1.3799999952316284,1.3825000524520874,15735200,0.0,0.0
2019-06-21 00:00:00-04:00,1.3799999952316284,1.3799999952316284,1.3274999856948853,1.3550000190734863,35817200,0.0,0.0
2019-06-24 00:00:00-04:00,1.3524999618530273,1.3674999475479126,1.3200000524520874,1.3424999713897705,19293200,0.0,0.0
2019-06-25 00:00:00-04:00,1.3350000381469727,1.3825000524520874,1.3300000429153442,1.3624999523162842,12341600,0.0,0.0
2019-06-26 00:00:00-04:00,1.3674999475479126,1.3799999952316284,1.3450000286102295,1.3674999475479126,14207200,0.0,0.0
2019-06-27 00:00:00-04:00,1.3650000095367432,1.3975000381469727,1.3574999570846558,1.3849999904632568,15024000,0.0,0.0
2019-06-28 00:00:00-04:00,1.3825000524520874,1.3949999809265137,1.3600000143051147,1.3674999475479126,15585600,0.0,0.0
2019-07-01 00:00:00-04:00,1.3825000524520874,1.3925000429153442,1.3350000381469727,1.340000033378601,17243200,0.0,0.0
2019-07-02 00:00:00-04:00,1.337499976158142,1.3624999523162842,1.3300000429153442,1.3450000286102295,22574000,0.0,0.0
2019-07-03 00:00:00-04:00,1.3524999618530273,1.3574999570846558,1.3174999952316284,1.3274999856948853,10248400,0.0,0.0
2019-07-05 00:00:00-04:00,1.3250000476837158,1.409999966621399,1.3174999952316284,1.3799999952316284,51578400,0.0,0.0
2019-07-08 00:00:00-04:00,1.375,1.3825000524520874,1.3550000190734863,1.3624999523162842,26370800,0.0,0.0
2019-07-09 00:00:00-04:00,1.3700000047683716,1.3875000476837158,1.3200000524520874,1.3274999856948853,46887600,0.0,0.0
2019-07-10 00:00:00-04:00,1.337499976158142,1.3424999713897705,1.2925000190734863,1.2949999570846558,43413200,0.0,0.0
2019-07-11 00:00:00-04:00,1.2450000047683716,1.252500057220459,1.1825000047683716,1.2100000381469727,67112800,0.0,0.0
2019-07-12 00:00:00-04:00,1.215000033378601,1.2324999570846558,1.2024999856948853,1.2274999618530273,17568800,0.0,0.0
2019-07-15 00:00:00-04:00,1.2174999713897705,1.222499966621399,1.1875,1.1875,12273600,0.0,0.0
2019-07-16 00:00:00-04:00,1.190000057220459,1.2024999856948853,1.1575000286102295,1.1575000286102295,23880000,0.0,0.0
2019-07-17 00:00:00-04:00,1.1575000286102295,1.159999966621399,1.0824999809265137,1.0950000286102295,30572400,0.0,0.0
2019-07-18 00:00:00-04:00,1.097499966621399,1.1050000190734863,1.0299999713897705,1.0499999523162842,34342800,0.0,0.0
2019-07-19 00:00:00-04:00,1.0549999475479126,1.1050000190734863,1.0549999475479126,1.0800000429153442,43786000,0.0,0.0
2019-07-22 00:00:00-04:00,1.0824999809265137,1.100000023841858,1.0299999713897705,1.034999966621399,21954800,0.0,0.0
2019-07-23 00:00:00-04:00,1.037500023841858,1.0499999523162842,0.9950000047683716,1.0225000381469727,30814000,0.0,0.0
2019-07-24 00:00:00-04:00,1.0199999809265137,1.0499999523162842,1.0125000476837158,1.0199999809265137,24082400,0.0,0.0
2019-07-25 00:00:00-04:00,1.024999976158142,1.0800000429153442,0.9925000071525574,0.9950000047683716,23160000,0.0,0.0
2019-07-26 00:00:00-04:00,1.0,1.0199999809265137,0.9900000095367432,1.002500057220459,12836000,0.0,0.0
2019-07-29 00:00:00-04:00,1.0049999952316284,1.0399999618530273,1.0049999952316284,1.0299999713897705,17308400,0.0,0.0
2019-07-30 00:00:00-04:00,1.024999976158142,1.0325000286102295,0.9750000238418579,1.0075000524520874,21085600,0.0,0.0
2019-07-31 00:00:00-04:00,1.0075000524520874,1.0449999570846558,1.0,1.0049999952316284,20835600,0.0,0.0
2019-08-01 00:00:00-04:00,1.0049999952316284,1.0149999856948853,0.9449999928474426,0.9599999785423279,22386000,0.0,0.0
2019-08-02 00:00:00-04:00,0.9574999809265137,0.9725000262260437,0.9375,0.9449999928474426,14378800,0.0,0.0
2019-08-05 00:00:00-04:00,0.9300000071525574,0.9375,0.8949999809265137,0.9275000095367432,22727200,0.0,0.0
2019-08-06 00:00:00-04:00,0.9325000047683716,0.9549999833106995,0.9075000286102295,0.9524999856948853,20629600,0.0,0.0
2019-08-07 00:00:00-04:00,0.9350000023841858,0.9624999761581421,0.9150000214576721,0.9524999856948853,23424400,0.0,0.0
2019-08-08 00:00:00-04:00,0.9599999785423279,0.9775000214576721,0.9424999952316284,0.9725000262260437,9226800,0.0,0.0
2019-08-09 00:00:00-04:00,0.9574999809265137,0.9649999737739563,0.8974999785423279,0.8974999785423279,12317600,0.0,0.0
2019-08-12 00:00:00-04:00,0.8949999809265137,0.9049999713897705,0.8600000143051147,0.8774999976158142,10710400,0.0,0.0
2019-08-13 00:00:00-04:00,0.8700000047683716,0.9399999976158142,0.8675000071525574,0.8675000071525574,18018000,0.0,0.0
2019-08-14 00:00:00-04:00,0.8475000262260437,0.8550000190734863,0.7975000143051147,0.8299999833106995,24327600,0.0,0.0
2019-08-15 00:00:00-04:00,0.8299999833106995,0.8525000214576721,0.7875000238418579,0.8025000095367432,23553600,0.0,0.0
2019-08-16 00:00:00-04:00,0.8125,0.8399999737739563,0.8025000095367432,0.8299999833106995,12522800,0.0,0.0
2019-08-19 00:00:00-04:00,0.8424999713897705,0.8675000071525574,0.8349999785423279,0.8450000286102295,11550000,0.0,0.0
2019-08-20 00:00:00-04:00,0.8374999761581421,0.8650000095367432,0.8199999928474426,0.8550000190734863,17040000,0.0,0.0
2019-08-21 00:00:00-04:00,0.875,0.9049999713897705,0.8600000143051147,0.8849999904632568,23643600,0.0,0.0
2019-08-22 00:00:00-04:00,0.9925000071525574,1.0625,0.9300000071525574,0.9674999713897705,116709200,0.0,0.0
2019-08-23 00:00:00-04:00,0.9599999785423279,0.9750000238418579,0.8899999856948853,0.9125000238418579,34643600,0.0,0.0
2019-08-26 00:00:00-04:00,0.9300000071525574,1.0099999904632568,0.9125000238418579,0.9549999833106995,41277600,0.0,0.0
2019-08-27 00:00:00-04:00,0.9674999713897705,0.9825000166893005,0.9200000166893005,0.925000011920929,22804000,0.0,0.0
2019-08-28 00:00:00-04:00,0.925000011920929,0.9925000071525574,0.9175000190734863,0.9700000286102295,25756800,0.0,0.0
2019-08-29 00:00:00-04:00,0.9825000166893005,1.0724999904632568,0.9375,1.0575000047683716,53454000,0.0,0.0
2019-08-30 00:00:00-04:00,1.065000057220459,1.090000033378601,0.9800000190734863,0.9925000071525574,42538400,0.0,0.0
2019-09-03 00:00:00-04:00,0.9925000071525574,1.0175000429153442,0.9150000214576721,0.9524999856948853,36177600,0.0,0.0
2019-09-04 00:00:00-04:00,0.9700000286102295,1.0,0.9624999761581421,0.9950000047683716,16908400,0.0,0.0
2019-09-05 00:00:00-04:00,1.0199999809265137,1.059999942779541,1.0175000429153442,1.0575000047683716,27568000,0.0,0.0
2019-09-06 00:00:00-04:00,1.059999942779541,1.090000033378601,1.034999966621399,1.0774999856948853,26806000,0.0,0.0
2019-09-09 00:00:00-04:00,1.087499976158142,1.2300000190734863,1.087499976158142,1.190000057220459,58315200,0.0,0.0
2019-09-10 00:00:00-04:00,1.2174999713897705,1.274999976158142,1.127500057220459,1.2725000381469727,66636800,0.0,0.0
2019-09-11 00:00:00-04:00,1.0475000143051147,1.2374999523162842,0.9925000071525574,1.1475000381469727,136020000,0.0,0.0
2019-09-12 00:00:00-04:00,1.149999976158142,1.2024999856948853,1.1074999570846558,1.1449999809265137,35634800,0.0,0.0
2019-09-13 00:00:00-04:00,1.1549999713897705,1.1924999952316284,1.0924999713897705,1.1024999618530273,30648800,0.0,0.0
2019-09-16 00:00:00-04:00,1.0750000476837158,1.1174999475479126,1.0674999952316284,1.087499976158142,27045200,0.0,0.0
2019-09-17 00:00:00-04:00,1.0750000476837158,1.0850000381469727,1.0325000286102295,1.0824999809265137,25624000,0.0,0.0
2019-09-18 00:00:00-04:00,1.0824999809265137,1.1725000143051147,1.0824999809265137,1.149999976158142,39184800,0.0,0.0
2019-09-19 00:00:00-04:00,1.159999966621399,1.1675000190734863,1.1050000190734863,1.1100000143051147,31441200,0.0,0.0
2019-09-20 00:00:00-04:00,1.1475000381469727,1.2000000476837158,1.125,1.1749999523162842,46415200,0.0,0.0
2019-09-23 00:00:00-04:00,1.1699999570846558,1.2999999523162842,1.152500033378601,1.2549999952316284,49896000,0.0,0.0
2019-09-24 00:00:00-04:00,1.284999966621399,1.375,1.2450000047683716,1.252500057220459,52391600,0.0,0.0
2019-09-25 00:00:00-04:00,1.2725000381469727,1.3875000476837158,1.2699999809265137,1.2999999523162842,48657200,0.0,0.0
2019-09-26 00:00:00-04:00,1.2975000143051147,1.3350000381469727,1.2699999809265137,1.3200000524520874,24323600,0.0,0.0
2019-09-27 00:00:00-04:00,1.3125,1.3624999523162842,1.3049999475479126,1.3350000381469727,22194000,0.0,0.0
2019-09-30 00:00:00-04:00,1.3574999570846558,1.409999966621399,1.350000023841858,1.3799999952316284,35679200,0.0,0.0
2019-10-01 00:00:00-04:00,1.409999966621399,1.4550000429153442,1.372499942779541,1.3949999809265137,26369600,0.0,0.0
2019-10-02 00:00:00-04:00,1.3875000476837158,1.3875000476837158,1.309999942779541,1.3300000429153442,32619600,0.0,0.0
2019-10-03 00:00:00-04:00,1.3250000476837158,1.3700000047683716,1.3075000047683716,1.3550000190734863,17386800,0.0,0.0
2019-10-04 00:00:00-04:00,1.3574999570846558,1.3899999856948853,1.3424999713897705,1.3875000476837158,16852400,0.0,0.0
2019-10-07 00:00:00-04:00,1.3700000047683716,1.3949999809265137,1.3524999618530273,1.372499942779541,16619200,0.0,0.0
2019-10-08 00:00:00-04:00,1.3574999570846558,1.3600000143051147,1.2899999618530273,1.3075000047683716,19292400,0.0,0.0
2019-10-09 00:00:00-04:00,1.3125,1.3250000476837158,1.2400000095367432,1.247499942779541,23238400,0.0,0.0
2019-10-10 00:00:00-04:00,1.2549999952316284,1.287500023841858,1.2400000095367432,1.2625000476837158,20912000,0.0,0.0
2019-10-11 00:00:00-04:00,1.284999966621399,1.372499942779541,1.284999966621399,1.3424999713897705,23636800,0.0,0.0
2019-10-14 00:00:00-04:00,1.3300000429153442,1.3975000381469727,1.3049999475479126,1.3949999809265137,21095600,0.0,0.0
2019-10-15 00:00:00-04:00,1.399999976158142,1.4774999618530273,1.3975000381469727,1.402500033378601,25403600,0.0,0.0
2019-10-16 00:00:00-04:00,1.3949999809265137,1.4774999618530273,1.3949999809265137,1.4700000286102295,15474800,0.0,0.0
2019-10-17 00:00:00-04:00,1.472499966621399,1.5125000476837158,1.4500000476837158,1.5075000524520874,14426400,0.0,0.0
2019-10-18 00:00:00-04:00,1.5075000524520874,1.5125000476837158,1.4424999952316284,1.4850000143051147,12788400,0.0,0.0
2019-10-21 00:00:00-04:00,1.4950000047683716,1.5399999618530273,1.4550000429153442,1.4824999570846558,14446400,0.0,0.0
2019-10-22 00:00:00-04:00,1.4824999570846558,1.6100000143051147,1.4824999570846558,1.597499966621399,16698000,0.0,0.0
2019-10-23 00:00:00-04:00,1.5824999809265137,1.6549999713897705,1.5575000047683716,1.6074999570846558,16285600,0.0,0.0
2019-10-24 00:00:00-04:00,1.625,1.6375000476837158,1.5075000524520874,1.6050000190734863,17072800,0.0,0.0
2019-10-25 00:00:00-04:00,1.5800000429153442,1.6074999570846558,1.5625,1.587499976158142,10581600,0.0,0.0
2019-10-28 00:00:00-04:00,1.5950000286102295,1.622499942779541,1.5425000190734863,1.5475000143051147,11418800,0.0,0.0
2019-10-29 00:00:00-04:00,1.5525000095367432,1.5625,1.4474999904632568,1.4524999856948853,15675200,0.0,0.0
2019-10-30 00:00:00-04:00,1.440000057220459,1.4574999809265137,1.3799999952316284,1.4325000047683716,14958000,0.0,0.0
2019-10-31 00:00:00-04:00,1.4075000286102295,1.4225000143051147,1.3274999856948853,1.3600000143051147,17434400,0.0,0.0
2019-11-01 00:00:00-04:00,1.3624999523162842,1.5,1.3574999570846558,1.4600000381469727,20841600,0.0,0.0
2019-11-04 00:00:00-05:00,1.475000023841858,1.5049999952316284,1.4424999952316284,1.462499976158142,14680000,0.0,0.0
2019-11-05 00:00:00-05:00,1.4700000286102295,1.5499999523162842,1.465000033378601,1.4774999618530273,13496400,0.0,0.0
2019-11-06 00:00:00-05:00,1.475000023841858,1.5475000143051147,1.4550000429153442,1.5225000381469727,16513200,0.0,0.0
2019-11-07 00:00:00-05:00,1.5449999570846558,1.5800000429153442,1.5099999904632568,1.5549999475479126,12517200,0.0,0.0
2019-11-08 00:00:00-05:00,1.5425000190734863,1.5700000524520874,1.5125000476837158,1.5225000381469727,7874800,0.0,0.0
2019-11-11 00:00:00-05:00,1.5125000476837158,1.5225000381469727,1.4424999952316284,1.5049999952316284,12437600,0.0,0.0
2019-11-12 00:00:00-05:00,1.5075000524520874,1.5175000429153442,1.4674999713897705,1.4800000190734863,7338000,0.0,0.0
2019-11-13 00:00:00-05:00,1.4774999618530273,1.4924999475479126,1.4524999856948853,1.4850000143051147,6134400,0.0,0.0
2019-11-14 00:00:00-05:00,1.4874999523162842,1.527500033378601,1.475000023841858,1.4950000047683716,6834800,0.0,0.0
2019-11-15 00:00:00-05:00,1.5,1.502500057220459,1.462499976158142,1.4700000286102295,8663600,0.0,0.0
2019-11-18 00:00:00-05:00,1.462499976158142,1.462499976158142,1.402500033378601,1.4049999713897705,11983600,0.0,0.0
2019-11-19 00:00:00-05:00,1.3925000429153442,1.4149999618530273,1.3624999523162842,1.375,13442000,0.0,0.0
2019-11-20 00:00:00-05:00,1.3849999904632568,1.3849999904632568,1.340000033378601,1.3650000095367432,10666800,0.0,0.0
2019-11-21 00:00:00-05:00,1.3650000095367432,1.3949999809265137,1.337499976158142,1.375,11136000,0.0,0.0
2019-11-22 00:00:00-05:00,1.3975000381469727,1.462499976158142,1.375,1.4149999618530273,13972400,0.0,0.0
2019-11-25 00:00:00-05:00,1.4175000190734863,1.5149999856948853,1.4075000286102295,1.5075000524520874,10979600,0.0,0.0
2019-11-26 00:00:00-05:00,1.5075000524520874,1.565000057220459,1.502500057220459,1.524999976158142,10594800,0.0,0.0
2019-11-27 00:00:00-05:00,1.524999976158142,1.597499966621399,1.5049999952316284,1.587499976158142,12120000,0.0,0.0
2019-11-29 00:00:00-05:00,1.5824999809265137,1.597499966621399,1.559999942779541,1.5850000381469727,5476000,0.0,0.0
2019-12-02 00:00:00-05:00,1.587499976158142,1.6150000095367432,1.5225000381469727,1.5425000190734863,8242400,0.0,0.0
2019-12-03 00:00:00-05:00,1.5099999904632568,1.5449999570846558,1.4824999570846558,1.5299999713897705,8859600,0.0,0.0
2019-12-04 00:00:00-05:00,1.5425000190734863,1.622499942779541,1.5299999713897705,1.6074999570846558,11489600,0.0,0.0
2019-12-05 00:00:00-05:00,1.5800000429153442,1.6299999952316284,1.559999942779541,1.600000023841858,17525600,0.0,0.0
2019-12-06 00:00:00-05:00,1.597499966621399,1.6699999570846558,1.597499966621399,1.6699999570846558,19029200,0.0,0.0
2019-12-09 00:00:00-05:00,1.662500023841858,1.7300000190734863,1.5475000143051147,1.5824999809265137,25002400,0.0,0.0
2019-12-10 00:00:00-05:00,1.5724999904632568,1.6349999904632568,1.5299999713897705,1.627500057220459,38379600,0.0,0.0
2019-12-11 00:00:00-05:00,1.3125,1.4524999856948853,1.2949999570846558,1.3825000524520874,78071200,0.0,0.0
2019-12-12 00:00:00-05:00,1.3650000095367432,1.4275000095367432,1.3524999618530273,1.3949999809265137,25549200,0.0,0.0
2019-12-13 00:00:00-05:00,1.3674999475479126,1.4049999713897705,1.309999942779541,1.3624999523162842,21756000,0.0,0.0
2019-12-16 00:00:00-05:00,1.347499966621399,1.3975000381469727,1.347499966621399,1.375,17627600,0.0,0.0
2019-12-17 00:00:00-05:00,1.375,1.5199999809265137,1.372499942779541,1.5149999856948853,16565600,0.0,0.0
2019-12-18 00:00:00-05:00,1.5149999856948853,1.5674999952316284,1.4824999570846558,1.5399999618530273,21056400,0.0,0.0
2019-12-19 00:00:00-05:00,1.5525000095367432,1.559999942779541,1.5075000524520874,1.5149999856948853,17808000,0.0,0.0
2019-12-20 00:00:00-05:00,1.5149999856948853,1.5549999475479126,1.4900000095367432,1.497499942779541,21938400,0.0,0.0
2019-12-23 00:00:00-05:00,1.5125000476837158,1.5175000429153442,1.3849999904632568,1.402500033378601,25130800,0.0,0.0
2019-12-24 00:00:00-05:00,1.412500023841858,1.4175000190734863,1.3600000143051147,1.3600000143051147,13582000,0.0,0.0
2019-12-26 00:00:00-05:00,1.3674999475479126,1.377500057220459,1.3125,1.350000023841858,17057600,0.0,0.0
2019-12-27 00:00:00-05:00,1.3550000190734863,1.4950000047683716,1.347499966621399,1.475000023841858,44165200,0.0,0.0
2019-12-30 00:00:00-05:00,1.4700000286102295,1.5625,1.440000057220459,1.5325000286102295,17928400,0.0,0.0
2019-12-31 00:00:00-05:00,1.5199999809265137,1.597499966621399,1.497499942779541,1.5199999809265137,17290400,0.0,0.0
2020-01-02 00:00:00-05:00,1.534999966621399,1.6174999475479126,1.5175000429153442,1.5774999856948853,17814400,0.0,0.0
2020-01-03 00:00:00-05:00,1.5525000095367432,1.5625,1.4600000381469727,1.4700000286102295,14175600,0.0,0.0
2020-01-06 00:00:00-05:00,1.4500000476837158,1.4774999618530273,1.399999976158142,1.462499976158142,13579200,0.0,0.0
2020-01-07 00:00:00-05:00,1.4424999952316284,1.4574999809265137,1.3600000143051147,1.3799999952316284,20912000,0.0,0.0
2020-01-08 00:00:00-05:00,1.372499942779541,1.462499976158142,1.3524999618530273,1.4299999475479126,22517600,0.0,0.0
2020-01-09 00:00:00-05:00,1.4550000429153442,1.4550000429153442,1.3700000047683716,1.3875000476837158,10572000,0.0,0.0
2020-01-10 00:00:00-05:00,1.3899999856948853,1.399999976158142,1.3450000286102295,1.3574999570846558,11125600,0.0,0.0
2020-01-13 00:00:00-05:00,1.3574999570846558,1.402500033378601,1.3324999809265137,1.3574999570846558,14500800,0.0,0.0
2020-01-14 00:00:00-05:00,1.1950000524520874,1.25,1.1325000524520874,1.1775000095367432,50247600,0.0,0.0
2020-01-15 00:00:00-05:00,1.1649999618530273,1.1825000047683716,1.1375000476837158,1.152500033378601,19924400,0.0,0.0
2020-01-16 00:00:00-05:00,1.152500033378601,1.1775000095367432,1.1299999952316284,1.1549999713897705,17148400,0.0,0.0
2020-01-17 00:00:00-05:00,1.1449999809265137,1.1875,1.127500057220459,1.1875,16078000,0.0,0.0
2020-01-21 00:00:00-05:00,1.1875,1.1875,1.1375000476837158,1.1475000381469727,14128400,0.0,0.0
2020-01-22 00:00:00-05:00,1.1375000476837158,1.159999966621399,1.1150000095367432,1.1399999856948853,10510000,0.0,0.0
2020-01-23 00:00:00-05:00,1.1375000476837158,1.159999966621399,1.1150000095367432,1.1549999713897705,7520800,0.0,0.0
2020-01-24 00:00:00-05:00,1.159999966621399,1.159999966621399,1.0625,1.0800000429153442,16654400,0.0,0.0
2020-01-27 00:00:00-05:00,1.0499999523162842,1.087499976158142,1.0399999618530273,1.0700000524520874,8490000,0.0,0.0
2020-01-28 00:00:00-05:00,1.0750000476837158,1.0750000476837158,1.0449999570846558,1.0525000095367432,8579600,0.0,0.0
2020-01-29 00:00:00-05:00,1.0549999475479126,1.0800000429153442,1.0325000286102295,1.0325000286102295,6210400,0.0,0.0
2020-01-30 00:00:00-05:00,1.024999976158142,1.0299999713897705,0.9700000286102295,0.9825000166893005,12026000,0.0,0.0
2020-01-31 00:00:00-05:00,0.9775000214576721,0.9850000143051147,0.9574999809265137,0.9599999785423279,11566800,0.0,0.0
2020-02-03 00:00:00-05:00,0.9700000286102295,0.9950000047683716,0.9624999761581421,0.987500011920929,8102400,0.0,0.0
2020-02-04 00:00:00-05:00,1.0075000524520874,1.0625,0.9925000071525574,1.0175000429153442,14252400,0.0,0.0
2020-02-05 00:00:00-05:00,1.037500023841858,1.1024999618530273,1.034999966621399,1.0449999570846558,10566800,0.0,0.0
2020-02-06 00:00:00-05:00,1.0499999523162842,1.0750000476837158,1.034999966621399,1.034999966621399,6041200,0.0,0.0
2020-02-07 00:00:00-05:00,1.027500033378601,1.0325000286102295,0.9424999952316284,0.9524999856948853,10969200,0.0,0.0
2020-02-10 00:00:00-05:00,0.9624999761581421,1.024999976158142,0.9350000023841858,0.9850000143051147,11108000,0.0,0.0
2020-02-11 00:00:00-05:00,0.9950000047683716,1.059999942779541,0.987500011920929,1.0049999952316284,13660000,0.0,0.0
2020-02-12 00:00:00-05:00,1.0325000286102295,1.127500057220459,1.0175000429153442,1.0475000143051147,19282400,0.0,0.0
2020-02-13 00:00:00-05:00,1.0299999713897705,1.065000057220459,1.0175000429153442,1.027500033378601,8326800,0.0,0.0
2020-02-14 00:00:00-05:00,1.027500033378601,1.0475000143051147,1.0049999952316284,1.0049999952316284,6330800,0.0,0.0
2020-02-18 00:00:00-05:00,1.002500057220459,1.0199999809265137,0.9900000095367432,1.0149999856948853,5870400,0.0,0.0
2020-02-19 00:00:00-05:00,1.0149999856948853,1.0674999952316284,0.9800000190734863,1.037500023841858,10372400,0.0,0.0
2020-02-20 00:00:00-05:00,1.0399999618530273,1.0750000476837158,1.027500033378601,1.034999966621399,6249200,0.0,0.0
2020-02-21 00:00:00-05:00,1.0299999713897705,1.0449999570846558,0.9975000023841858,1.0099999904632568,6782800,0.0,0.0
2020-02-24 00:00:00-05:00,0.9750000238418579,0.9825000166893005,0.925000011920929,0.925000011920929,14265200,0.0,0.0
2020-02-25 00:00:00-05:00,0.9424999952316284,0.9474999904632568,0.887499988079071,0.8899999856948853,17791600,0.0,0.0
2020-02-26 00:00:00-05:00,0.8949999809265137,0.9049999713897705,0.8399999737739563,0.8475000262260437,18899200,0.0,0.0
2020-02-27 00:00:00-05:00,0.8075000047683716,0.9075000286102295,0.7950000166893005,0.8675000071525574,15518000,0.0,0.0
2020-02-28 00:00:00-05:00,0.8349999785423279,0.9300000071525574,0.8349999785423279,0.8999999761581421,18768800,0.0,0.0
2020-03-02 00:00:00-05:00,0.8999999761581421,0.9624999761581421,0.8475000262260437,0.9574999809265137,12833600,0.0,0.0
2020-03-03 00:00:00-05:00,0.9700000286102295,0.9725000262260437,0.875,0.9075000286102295,17130000,0.0,0.0
2020-03-04 00:00:00-05:00,0.9275000095367432,0.9574999809265137,0.8650000095367432,0.9424999952316284,17030400,0.0,0.0
2020-03-05 00:00:00-05:00,0.925000011920929,0.9975000023841858,0.8974999785423279,0.9900000095367432,14397600,0.0,0.0
2020-03-06 00:00:00-05:00,0.9599999785423279,1.0175000429153442,0.9399999976158142,0.9800000190734863,8387200,0.0,0.0
2020-03-09 00:00:00-04:00,0.8974999785423279,0.9925000071525574,0.875,0.925000011920929,10928000,0.0,0.0
2020-03-10 00:00:00-04:00,0.9850000143051147,1.065000057220459,0.949999988079071,1.0575000047683716,19452800,0.0,0.0
2020-03-11 00:00:00-04:00,1.034999966621399,1.0625,1.0,1.034999966621399,17656400,0.0,0.0
2020-03-12 00:00:00-04:00,0.925000011920929,1.0099999904632568,0.8700000047683716,0.9950000047683716,20493600,0.0,0.0
2020-03-13 00:00:00-04:00,1.0325000286102295,1.162500023841858,0.9624999761581421,1.1475000381469727,23148800,0.0,0.0
2020-03-16 00:00:00-04:00,0.9825000166893005,1.1425000429153442,0.9750000238418579,1.0924999713897705,19466800,0.0,0.0
2020-03-17 00:00:00-04:00,1.100000023841858,1.162500023841858,1.027500033378601,1.0575000047683716,14248800,0.0,0.0
2020-03-18 00:00:00-04:00,1.024999976158142,1.0625,0.875,0.9424999952316284,14606800,0.0,0.0
2020-03-19 00:00:00-04:00,0.9275000095367432,1.0499999523162842,0.887499988079071,1.0475000143051147,20158000,0.0,0.0
2020-03-20 00:00:00-04:00,1.0199999809265137,1.0199999809265137,0.9125000238418579,0.9399999976158142,30888800,0.0,0.0
2020-03-23 00:00:00-04:00,0.8949999809265137,0.9649999737739563,0.875,0.9524999856948853,24039200,0.0,0.0
2020-03-24 00:00:00-04:00,0.987500011920929,1.0525000095367432,0.9725000262260437,1.0399999618530273,27222400,0.0,0.0
2020-03-25 00:00:00-04:00,1.037500023841858,1.122499942779541,1.0099999904632568,1.0425000190734863,14368400,0.0,0.0
2020-03-26 00:00:00-04:00,1.059999942779541,1.1775000095367432,1.059999942779541,1.1024999618530273,24742800,0.0,0.0
2020-03-27 00:00:00-04:00,1.2350000143051147,1.2725000381469727,1.037500023841858,1.0549999475479126,28099200,0.0,0.0
2020-03-30 00:00:00-04:00,1.0549999475479126,1.0674999952316284,0.9125000238418579,0.9125000238418579,13402400,0.0,0.0
2020-03-31 00:00:00-04:00,0.9075000286102295,0.949999988079071,0.875,0.875,9203600,0.0,0.0
2020-04-01 00:00:00-04:00,0.862500011920929,0.8725000023841858,0.7799999713897705,0.8125,18274800,0.0,0.0
2020-04-02 00:00:00-04:00,0.8149999976158142,0.8374999761581421,0.7124999761581421,0.7124999761581421,16257200,0.0,0.0
2020-04-03 00:00:00-04:00,0.7124999761581421,0.7350000143051147,0.6424999833106995,0.699999988079071,15321600,0.0,0.0
2020-04-06 00:00:00-04:00,0.7149999737739563,0.800000011920929,0.7074999809265137,0.7724999785423279,13362000,0.0,0.0
2020-04-07 00:00:00-04:00,0.8475000262260437,0.8600000143051147,0.7749999761581421,0.8174999952316284,11347600,0.0,0.0
2020-04-08 00:00:00-04:00,0.8075000047683716,0.9175000190734863,0.800000011920929,0.8525000214576721,11538000,0.0,0.0
2020-04-09 00:00:00-04:00,0.8999999761581421,1.0625,0.8725000023841858,0.9725000262260437,23634400,0.0,0.0
2020-04-13 00:00:00-04:00,1.0625,1.190000057220459,1.0399999618530273,1.184999942779541,27378000,0.0,0.0
2020-04-14 00:00:00-04:00,1.3025000095367432,1.6174999475479126,1.284999966621399,1.4874999523162842,54026400,0.0,0.0
2020-04-15 00:00:00-04:00,1.4149999618530273,1.4175000190734863,1.225000023841858,1.3174999952316284,29999600,0.0,0.0
2020-04-16 00:00:00-04:00,1.2799999713897705,1.3600000143051147,1.2200000286102295,1.2575000524520874,13487600,0.0,0.0
2020-04-17 00:00:00-04:00,1.3049999475479126,1.3200000524520874,1.1074999570846558,1.2200000286102295,22612800,0.0,0.0
2020-04-20 00:00:00-04:00,1.212499976158142,1.475000023841858,1.1950000524520874,1.402500033378601,24340000,0.0,0.0
2020-04-21 00:00:00-04:00,1.3075000047683716,1.3250000476837158,1.190000057220459,1.1950000524520874,16568400,0.0,0.0
2020-04-22 00:00:00-04:00,1.284999966621399,1.2925000190734863,1.2074999809265137,1.222499966621399,10711200,0.0,0.0
2020-04-23 00:00:00-04:00,1.1875,1.222499966621399,1.1449999809265137,1.1749999523162842,9063600,0.0,0.0
2020-04-24 00:00:00-04:00,1.1950000524520874,1.212499976158142,1.1649999618530273,1.1924999952316284,8944800,0.0,0.0
2020-04-27 00:00:00-04:00,1.212499976158142,1.497499942779541,1.2024999856948853,1.4550000429153442,29100400,0.0,0.0
2020-04-28 00:00:00-04:00,1.4800000190734863,1.5099999904632568,1.2649999856948853,1.409999966621399,20800800,0.0,0.0
2020-04-29 00:00:00-04:00,1.4574999809265137,1.5225000381469727,1.3624999523162842,1.5099999904632568,13478400,0.0,0.0
2020-04-30 00:00:00-04:00,1.4674999713897705,1.4950000047683716,1.409999966621399,1.4325000047683716,8693200,0.0,0.0
2020-05-01 00:00:00-04:00,1.412500023841858,1.5449999570846558,1.3624999523162842,1.5125000476837158,16022400,0.0,0.0
2020-05-04 00:00:00-04:00,1.4600000381469727,1.4824999570846558,1.350000023841858,1.3700000047683716,16272400,0.0,0.0
2020-05-05 00:00:00-04:00,1.3875000476837158,1.4075000286102295,1.337499976158142,1.347499966621399,8423600,0.0,0.0
2020-05-06 00:00:00-04:00,1.350000023841858,1.350000023841858,1.225000023841858,1.2324999570846558,13478400,0.0,0.0
2020-05-07 00:00:00-04:00,1.2074999809265137,1.2324999570846558,1.162500023841858,1.2174999713897705,10003200,0.0,0.0
2020-05-08 00:00:00-04:00,1.2200000286102295,1.2975000143051147,1.2050000429153442,1.2450000047683716,9410400,0.0,0.0
2020-05-11 00:00:00-04:00,1.2300000190734863,1.2400000095367432,1.1875,1.190000057220459,6796800,0.0,0.0
2020-05-12 00:00:00-04:00,1.1950000524520874,1.2300000190734863,1.1150000095367432,1.1349999904632568,10556800,0.0,0.0
2020-05-13 00:00:00-04:00,1.1349999904632568,1.1349999904632568,1.0175000429153442,1.0525000095367432,11531600,0.0,0.0
2020-05-14 00:00:00-04:00,1.037500023841858,1.0475000143051147,0.9900000095367432,1.0325000286102295,8019600,0.0,0.0
2020-05-15 00:00:00-04:00,1.0125000476837158,1.1124999523162842,1.0099999904632568,1.0549999475479126,7762400,0.0,0.0
2020-05-18 00:00:00-04:00,1.100000023841858,1.1575000286102295,1.090000033378601,1.1449999809265137,9456800,0.0,0.0
2020-05-19 00:00:00-04:00,1.1449999809265137,1.1875,1.0924999713897705,1.1100000143051147,7362800,0.0,0.0
2020-05-20 00:00:00-04:00,1.125,1.1725000143051147,1.0850000381469727,1.1074999570846558,10174400,0.0,0.0
2020-05-21 00:00:00-04:00,1.1124999523162842,1.162500023841858,1.100000023841858,1.1100000143051147,7887600,0.0,0.0
2020-05-22 00:00:00-04:00,1.1150000095367432,1.122499942779541,1.0325000286102295,1.0449999570846558,9519600,0.0,0.0
2020-05-26 00:00:00-04:00,1.0850000381469727,1.152500033378601,1.0824999809265137,1.1050000190734863,14182800,0.0,0.0
2020-05-27 00:00:00-04:00,1.1425000429153442,1.1775000095367432,1.090000033378601,1.1725000143051147,12586400,0.0,0.0
2020-05-28 00:00:00-04:00,1.1875,1.190000057220459,1.0750000476837158,1.0824999809265137,8735600,0.0,0.0
2020-05-29 00:00:00-04:00,1.0824999809265137,1.1050000190734863,1.0125000476837158,1.0149999856948853,15846800,0.0,0.0
2020-06-01 00:00:00-04:00,1.0299999713897705,1.090000033378601,1.0049999952316284,1.0325000286102295,10446400,0.0,0.0
2020-06-02 00:00:00-04:00,1.0674999952316284,1.0774999856948853,1.0149999856948853,1.0449999570846558,9477600,0.0,0.0
2020-06-03 00:00:00-04:00,1.059999942779541,1.1299999952316284,1.0499999523162842,1.1100000143051147,12149600,0.0,0.0
2020-06-04 00:00:00-04:00,1.1100000143051147,1.1799999475479126,1.0924999713897705,1.1174999475479126,14057200,0.0,0.0
2020-06-05 00:00:00-04:00,1.0724999904632568,1.1024999618530273,1.0225000381469727,1.034999966621399,25097600,0.0,0.0
2020-06-08 00:00:00-04:00,1.0700000524520874,1.284999966621399,1.0674999952316284,1.252500057220459,40534800,0.0,0.0
2020-06-09 00:00:00-04:00,1.25,1.25,1.1375000476837158,1.2400000095367432,32293600,0.0,0.0
2020-06-10 00:00:00-04:00,1.1950000524520874,1.3825000524520874,1.1699999570846558,1.2675000429153442,42425600,0.0,0.0
2020-06-11 00:00:00-04:00,1.159999966621399,1.225000023841858,1.0449999570846558,1.0924999713897705,24944000,0.0,0.0
2020-06-12 00:00:00-04:00,1.149999976158142,1.1950000524520874,1.097499966621399,1.1799999475479126,17512800,0.0,0.0
2020-06-15 00:00:00-04:00,1.125,1.1924999952316284,1.1050000190734863,1.1725000143051147,15636000,0.0,0.0
2020-06-16 00:00:00-04:00,1.2374999523162842,1.2374999523162842,1.127500057220459,1.159999966621399,12485200,0.0,0.0
2020-06-17 00:00:00-04:00,1.1349999904632568,1.2074999809265137,1.1325000524520874,1.190000057220459,14374000,0.0,0.0
2020-06-18 00:00:00-04:00,1.1675000190734863,1.2374999523162842,1.162500023841858,1.2374999523162842,13695200,0.0,0.0
2020-06-19 00:00:00-04:00,1.2374999523162842,1.2699999809265137,1.1725000143051147,1.2200000286102295,29466400,0.0,0.0
2020-06-22 00:00:00-04:00,1.1974999904632568,1.2374999523162842,1.1799999475479126,1.2174999713897705,12715600,0.0,0.0
2020-06-23 00:00:00-04:00,1.2374999523162842,1.247499942779541,1.2000000476837158,1.2074999809265137,12821600,0.0,0.0
2020-06-24 00:00:00-04:00,1.2074999809265137,1.2100000381469727,1.0950000286102295,1.1024999618530273,11904800,0.0,0.0
2020-06-25 00:00:00-04:00,1.0824999809265137,1.1349999904632568,1.0750000476837158,1.1150000095367432,9803200,0.0,0.0
2020-06-26 00:00:00-04:00,1.1200000047683716,1.125,1.0674999952316284,1.087499976158142,15204800,0.0,0.0
2020-06-29 00:00:00-04:00,1.087499976158142,1.1299999952316284,1.0750000476837158,1.0950000286102295,8524800,0.0,0.0
2020-06-30 00:00:00-04:00,1.0824999809265137,1.127500057220459,1.0499999523162842,1.0850000381469727,15556000,0.0,0.0
2020-07-01 00:00:00-04:00,1.0774999856948853,1.125,1.0774999856948853,1.1100000143051147,9214800,0.0,0.0
2020-07-02 00:00:00-04:00,1.122499942779541,1.127500057220459,1.0724999904632568,1.0724999904632568,7550400,0.0,0.0
2020-07-06 00:00:00-04:00,1.0774999856948853,1.0850000381469727,1.0475000143051147,1.059999942779541,8563600,0.0,0.0
2020-07-07 00:00:00-04:00,1.0499999523162842,1.0625,1.0149999856948853,1.0225000381469727,9826400,0.0,0.0
2020-07-08 00:00:00-04:00,1.024999976158142,1.0724999904632568,1.0075000524520874,1.065000057220459,8211200,0.0,0.0
2020-07-09 00:00:00-04:00,1.0674999952316284,1.0800000429153442,1.0325000286102295,1.0525000095367432,7970400,0.0,0.0
2020-07-10 00:00:00-04:00,1.0499999523162842,1.0950000286102295,1.0449999570846558,1.0850000381469727,5643200,0.0,0.0
2020-07-13 00:00:00-04:00,1.087499976158142,1.1375000476837158,1.065000057220459,1.065000057220459,16864800,0.0,0.0
2020-07-14 00:00:00-04:00,1.0549999475479126,1.0774999856948853,1.0175000429153442,1.0199999809265137,9046400,0.0,0.0
2020-07-15 00:00:00-04:00,1.0325000286102295,1.0724999904632568,1.0325000286102295,1.0475000143051147,5896400,0.0,0.0
2020-07-16 00:00:00-04:00,1.0475000143051147,1.0499999523162842,1.0225000381469727,1.0425000190734863,5320400,0.0,0.0
2020-07-17 00:00:00-04:00,1.0399999618530273,1.0575000047683716,0.9850000143051147,0.9900000095367432,12263600,0.0,0.0
2020-07-20 00:00:00-04:00,0.987500011920929,1.0149999856948853,0.9424999952316284,0.9624999761581421,13604400,0.0,0.0
2020-07-21 00:00:00-04:00,0.9750000238418579,1.0225000381469727,0.9700000286102295,1.002500057220459,13351600,0.0,0.0
2020-07-22 00:00:00-04:00,1.0049999952316284,1.0299999713897705,0.9800000190734863,1.027500033378601,10094000,0.0,0.0
2020-07-23 00:00:00-04:00,1.0225000381469727,1.0774999856948853,1.0149999856948853,1.027500033378601,12948800,0.0,0.0
2020-07-24 00:00:00-04:00,1.0149999856948853,1.0575000047683716,1.002500057220459,1.0075000524520874,8863600,0.0,0.0
2020-07-27 00:00:00-04:00,1.0049999952316284,1.0299999713897705,0.987500011920929,1.002500057220459,9890800,0.0,0.0
2020-07-28 00:00:00-04:00,0.9900000095367432,1.0125000476837158,0.9800000190734863,0.9850000143051147,18221600,0.0,0.0
2020-07-29 00:00:00-04:00,0.9850000143051147,1.0449999570846558,0.9800000190734863,1.0149999856948853,11518400,0.0,0.0
2020-07-30 00:00:00-04:00,1.0,1.0575000047683716,0.9925000071525574,1.024999976158142,9594000,0.0,0.0
2020-07-31 00:00:00-04:00,1.0149999856948853,1.0399999618530273,0.9975000023841858,1.002500057220459,7517600,0.0,0.0
2020-08-03 00:00:00-04:00,1.0075000524520874,1.0625,1.0,1.037500023841858,10070400,0.0,0.0
2020-08-04 00:00:00-04:00,1.0325000286102295,1.184999942779541,1.0325000286102295,1.1074999570846558,41445600,0.0,0.0
2020-08-05 00:00:00-04:00,1.125,1.190000057220459,1.0625,1.1575000286102295,19677200,0.0,0.0
2020-08-06 00:00:00-04:00,1.149999976158142,1.1649999618530273,1.0950000286102295,1.1074999570846558,7604800,0.0,0.0
2020-08-07 00:00:00-04:00,1.097499966621399,1.100000023841858,1.0149999856948853,1.0399999618530273,13364400,0.0,0.0
2020-08-10 00:00:00-04:00,1.0499999523162842,1.1425000429153442,1.0449999570846558,1.0824999809265137,18247200,0.0,0.0
2020-08-11 00:00:00-04:00,1.1074999570846558,1.1425000429153442,1.0850000381469727,1.087499976158142,12555200,0.0,0.0
2020-08-12 00:00:00-04:00,1.100000023841858,1.1575000286102295,1.090000033378601,1.1299999952316284,12230400,0.0,0.0
2020-08-13 00:00:00-04:00,1.1299999952316284,1.1775000095367432,1.125,1.159999966621399,8513200,0.0,0.0
2020-08-14 00:00:00-04:00,1.149999976158142,1.2074999809265137,1.1375000476837158,1.1875,13897600,0.0,0.0
2020-08-17 00:00:00-04:00,1.1950000524520874,1.1950000524520874,1.1399999856948853,1.1575000286102295,9484000,0.0,0.0
2020-08-18 00:00:00-04:00,1.152500033378601,1.2174999713897705,1.1074999570846558,1.2024999856948853,15337600,0.0,0.0
2020-08-19 00:00:00-04:00,1.2000000476837158,1.2100000381469727,1.159999966621399,1.1799999475479126,10450400,0.0,0.0
2020-08-20 00:00:00-04:00,1.1549999713897705,1.1699999570846558,1.127500057220459,1.152500033378601,9764800,0.0,0.0
2020-08-21 00:00:00-04:00,1.149999976158142,1.399999976158142,1.149999976158142,1.2575000524520874,42570400,0.0,0.0
2020-08-24 00:00:00-04:00,1.274999976158142,1.2825000286102295,1.1399999856948853,1.2174999713897705,18341600,0.0,0.0
2020-08-25 00:00:00-04:00,1.2200000286102295,1.3125,1.2200000286102295,1.2450000047683716,11994800,0.0,0.0
2020-08-26 00:00:00-04:00,1.2424999475479126,1.3049999475479126,1.2300000190734863,1.277500033378601,11118800,0.0,0.0
2020-08-27 00:00:00-04:00,1.277500033378601,1.3450000286102295,1.2549999952316284,1.3125,13537600,0.0,0.0
2020-08-28 00:00:00-04:00,1.3250000476837158,1.3925000429153442,1.3049999475479126,1.347499966621399,16947600,0.0,0.0
2020-08-31 00:00:00-04:00,1.4424999952316284,1.787500023841858,1.4225000143051147,1.6699999570846558,151904000,0.0,0.0
2020-09-01 00:00:00-04:00,1.8250000476837158,1.9550000429153442,1.6924999952316284,1.912500023841858,92634400,0.0,0.0
2020-09-02 00:00:00-04:00,1.9500000476837158,2.012500047683716,1.777500033378601,1.9275000095367432,52044400,0.0,0.0
2020-09-03 00:00:00-04:00,1.9700000286102295,2.112499952316284,1.809999942779541,1.9550000429153442,57378000,0.0,0.0
2020-09-04 00:00:00-04:00,1.9450000524520874,1.9800000190734863,1.7925000190734863,1.912500023841858,30648000,0.0,0.0
2020-09-08 00:00:00-04:00,1.8875000476837158,2.069999933242798,1.8700000047683716,1.9249999523162842,39266400,0.0,0.0
2020-09-09 00:00:00-04:00,1.9900000095367432,1.997499942779541,1.8274999856948853,1.837499976158142,36272400,0.0,0.0
2020-09-10 00:00:00-04:00,1.662500023841858,1.7374999523162842,1.5475000143051147,1.5575000047683716,62233200,0.0,0.0
2020-09-11 00:00:00-04:00,1.565000057220459,1.5824999809265137,1.4674999713897705,1.5225000381469727,24244800,0.0,0.0
2020-09-14 00:00:00-04:00,1.7000000476837158,1.75,1.6074999570846558,1.7274999618530273,40476000,0.0,0.0
2020-09-15 00:00:00-04:00,1.715000033378601,1.815000057220459,1.6725000143051147,1.7725000381469727,22974000,0.0,0.0
2020-09-16 00:00:00-04:00,1.7575000524520874,2.259999990463257,1.7575000524520874,2.1700000762939453,77025200,0.0,0.0
2020-09-17 00:00:00-04:00,2.1424999237060547,2.442500114440918,2.1024999618530273,2.299999952316284,68106800,0.0,0.0
2020-09-18 00:00:00-04:00,2.299999952316284,2.442500114440918,2.2274999618530273,2.367500066757202,69630000,0.0,0.0
2020-09-21 00:00:00-04:00,2.3375000953674316,2.4000000953674316,2.0950000286102295,2.1875,30559200,0.0,0.0
2020-09-22 00:00:00-04:00,2.612499952316284,2.7925000190734863,2.4749999046325684,2.640000104904175,139010000,0.0,0.0
2020-09-23 00:00:00-04:00,2.6500000953674316,2.7149999141693115,2.4800000190734863,2.509999990463257,42604800,0.0,0.0
2020-09-24 00:00:00-04:00,2.427500009536743,2.452500104904175,2.252500057220459,2.2850000858306885,31755200,0.0,0.0
2020-09-25 00:00:00-04:00,2.297499895095825,2.5450000762939453,2.2750000953674316,2.505000114440918,30060800,0.0,0.0
2020-09-28 00:00:00-04:00,2.5399999618530273,2.565000057220459,2.387500047683716,2.5225000381469727,27057200,0.0,0.0
2020-09-29 00:00:00-04:00,2.5,2.6624999046325684,2.4825000762939453,2.5875000953674316,20950400,0.0,0.0
2020-09-30 00:00:00-04:00,2.5625,2.690000057220459,2.515000104904175,2.549999952316284,24316000,0.0,0.0
2020-10-01 00:00:00-04:00,2.5225000381469727,2.5625,2.422499895095825,2.442500114440918,18216400,0.0,0.0
2020-10-02 00:00:00-04:00,2.3450000286102295,2.444999933242798,2.325000047683716,2.3475000858306885,17362000,0.0,0.0
2020-10-05 00:00:00-04:00,2.359999895095825,2.3975000381469727,2.3125,2.365000009536743,11220000,0.0,0.0
2020-10-06 00:00:00-04:00,2.390000104904175,2.4600000381469727,2.2750000953674316,2.2825000286102295,18141600,0.0,0.0
2020-10-07 00:00:00-04:00,2.307499885559082,2.390000104904175,2.2925000190734863,2.3399999141693115,13234400,0.0,0.0
2020-10-08 00:00:00-04:00,2.384999990463257,3.4100000858306885,2.297499895095825,3.372499942779541,305814400,0.0,0.0
2020-10-09 00:00:00-04:00,3.2074999809265137,3.700000047683716,2.9749999046325684,3.005000114440918,308611200,0.0,0.0
2020-10-12 00:00:00-04:00,2.9149999618530273,3.192500114440918,2.8499999046325684,2.950000047683716,94622800,0.0,0.0
2020-10-13 00:00:00-04:00,2.932499885559082,3.1050000190734863,2.9124999046325684,2.9700000286102295,40718800,0.0,0.0
2020-10-14 00:00:00-04:00,3.1675000190734863,3.1700000762939453,3.012500047683716,3.0625,43045600,0.0,0.0
2020-10-15 00:00:00-04:00,2.997499942779541,3.7750000953674316,2.997499942779541,3.4574999809265137,159579200,0.0,0.0
2020-10-16 00:00:00-04:00,3.442500114440918,3.4749999046325684,3.2699999809265137,3.327500104904175,46606400,0.0,0.0
2020-10-19 00:00:00-04:00,3.359999895095825,3.625,3.3450000286102295,3.4774999618530273,52676400,0.0,0.0
2020-10-20 00:00:00-04:00,3.507499933242798,3.5350000858306885,3.4175000190734863,3.4649999141693115,26416000,0.0,0.0
2020-10-21 00:00:00-04:00,3.4749999046325684,3.6050000190734863,3.450000047683716,3.5250000953674316,21447600,0.0,0.0
2020-10-22 00:00:00-04:00,3.549999952316284,3.9674999713897705,3.547499895095825,3.7274999618530273,64848800,0.0,0.0
2020-10-23 00:00:00-04:00,3.762500047683716,3.8450000286102295,3.637500047683716,3.75,26029200,0.0,0.0
2020-10-26 00:00:00-04:00,3.7325000762939453,3.862499952316284,3.315000057220459,3.362499952316284,53505200,0.0,0.0
2020-10-27 00:00:00-04:00,3.427500009536743,3.427500009536743,3.0899999141693115,3.172499895095825,28924000,0.0,0.0
2020-10-28 00:00:00-04:00,3.067500114440918,3.262500047683716,2.944999933242798,2.9549999237060547,25554400,0.0,0.0
2020-10-29 00:00:00-04:00,2.9700000286102295,3.0625,2.9200000762939453,2.932499885559082,16663200,0.0,0.0
2020-10-30 00:00:00-04:00,2.9100000858306885,2.9100000858306885,2.5899999141693115,2.617500066757202,46187600,0.0,0.0
2020-11-02 00:00:00-05:00,2.7049999237060547,2.7725000381469727,2.625,2.6875,20908000,0.0,0.0
2020-11-03 00:00:00-05:00,2.6875,2.9649999141693115,2.6575000286102295,2.8924999237060547,29818000,0.0,0.0
2020-11-04 00:00:00-05:00,2.940000057220459,2.942500114440918,2.6524999141693115,2.7274999618530273,23231600,0.0,0.0
2020-11-05 00:00:00-05:00,2.817500114440918,2.9600000381469727,2.765000104904175,2.862499952316284,18820800,0.0,0.0
2020-11-06 00:00:00-05:00,2.880000114440918,3.0425000190734863,2.8299999237060547,2.9649999141693115,22072800,0.0,0.0
2020-11-09 00:00:00-05:00,3.190000057220459,3.2325000762939453,2.8125,2.872499942779541,24979600,0.0,0.0
2020-11-10 00:00:00-05:00,2.875,2.9149999618530273,2.7074999809265137,2.7750000953674316,15304000,0.0,0.0
2020-11-11 00:00:00-05:00,2.875,2.987499952316284,2.802500009536743,2.9375,19530400,0.0,0.0
2020-11-12 00:00:00-05:00,2.934999942779541,2.9674999713897705,2.742500066757202,2.7825000286102295,17413200,0.0,0.0
2020-11-13 00:00:00-05:00,2.8399999141693115,2.887500047683716,2.75,2.752500057220459,14143600,0.0,0.0
2020-11-16 00:00:00-05:00,2.7899999618530273,3.1649999618530273,2.680000066757202,3.015000104904175,39099200,0.0,0.0
2020-11-17 00:00:00-05:00,2.9124999046325684,2.9800000190734863,2.807499885559082,2.9075000286102295,26712800,0.0,0.0
2020-11-18 00:00:00-05:00,2.950000047683716,3.009999990463257,2.890000104904175,2.8924999237060547,12676800,0.0,0.0
2020-11-19 00:00:00-05:00,2.9000000953674316,3.197499990463257,2.862499952316284,3.115000009536743,47150400,0.0,0.0
2020-11-20 00:00:00-05:00,3.137500047683716,3.365000009536743,3.134999990463257,3.177500009536743,33581600,0.0,0.0
2020-11-23 00:00:00-05:00,3.2249999046325684,3.5299999713897705,3.1675000190734863,3.4749999046325684,38396400,0.0,0.0
2020-11-24 00:00:00-05:00,3.557499885559082,3.565000057220459,3.325000047683716,3.4175000190734863,28732800,0.0,0.0
2020-11-25 00:00:00-05:00,3.4000000953674316,3.8125,3.3550000190734863,3.6875,35440400,0.0,0.0
2020-11-27 00:00:00-05:00,3.822499990463257,4.184999942779541,3.7200000286102295,4.019999980926514,50016800,0.0,0.0
2020-11-30 00:00:00-05:00,4.542500019073486,4.855000019073486,4.139999866485596,4.139999866485596,127934000,0.0,0.0
2020-12-01 00:00:00-05:00,4.277500152587891,4.349999904632568,3.940000057220459,3.950000047683716,50615600,0.0,0.0
2020-12-02 00:00:00-05:00,3.924999952316284,4.170000076293945,3.8450000286102295,4.144999980926514,31533600,0.0,0.0
2020-12-03 00:00:00-05:00,4.119999885559082,4.159999847412109,3.9674999713897705,4.03000020980835,25180000,0.0,0.0
2020-12-04 00:00:00-05:00,4.074999809265137,4.322500228881836,4.065000057220459,4.224999904632568,35890800,0.0,0.0
2020-12-07 00:00:00-05:00,4.25,4.375,4.054999828338623,4.087500095367432,29545200,0.0,0.0
2020-12-08 00:00:00-05:00,4.09250020980835,4.302499771118164,3.9825000762939453,4.235000133514404,64480800,0.0,0.0
2020-12-09 00:00:00-05:00,3.4800000190734863,3.682499885559082,3.307499885559082,3.4149999618530273,97431600,0.0,0.0
2020-12-10 00:00:00-05:00,3.2799999713897705,3.6024999618530273,3.262500047683716,3.5299999713897705,30235600,0.0,0.0
2020-12-11 00:00:00-05:00,3.4774999618530273,3.5,3.255000114440918,3.327500104904175,29987600,0.0,0.0
2020-12-14 00:00:00-05:00,3.3350000381469727,3.3575000762939453,3.0350000858306885,3.180000066757202,40028400,0.0,0.0
2020-12-15 00:00:00-05:00,3.194999933242798,3.505000114440918,3.119999885559082,3.4625000953674316,32759200,0.0,0.0
2020-12-16 00:00:00-05:00,3.490000009536743,3.577500104904175,3.3949999809265137,3.4625000953674316,23460400,0.0,0.0
2020-12-17 00:00:00-05:00,3.490000009536743,3.744999885559082,3.3975000381469727,3.7074999809265137,32779600,0.0,0.0
2020-12-18 00:00:00-05:00,3.944999933242798,4.074999809265137,3.7950000762939453,3.9075000286102295,66475200,0.0,0.0
2020-12-21 00:00:00-05:00,3.952500104904175,4.087500095367432,3.819999933242798,3.882499933242798,39504400,0.0,0.0
2020-12-22 00:00:00-05:00,4.054999828338623,5.010000228881836,4.037499904632568,4.864999771118164,122610800,0.0,0.0
2020-12-23 00:00:00-05:00,5.042500019073486,5.587500095367432,4.78249979019165,5.142499923706055,103321200,0.0,0.0
2020-12-24 00:00:00-05:00,5.252500057220459,5.369999885559082,4.987500190734863,5.037499904632568,25048800,0.0,0.0
2020-12-28 00:00:00-05:00,5.327499866485596,5.492499828338623,5.087500095367432,5.247499942779541,35863600,0.0,0.0
2020-12-29 00:00:00-05:00,5.204999923706055,5.267499923706055,4.639999866485596,4.84499979019165,36965600,0.0,0.0
2020-12-30 00:00:00-05:00,4.84499979019165,5.0,4.712500095367432,4.815000057220459,23737600,0.0,0.0
2020-12-31 00:00:00-05:00,4.8125,4.949999809265137,4.699999809265137,4.710000038146973,27690800,0.0,0.0
2021-01-04 00:00:00-05:00,4.75,4.775000095367432,4.287499904632568,4.3125,40090000,0.0,0.0
2021-01-05 00:00:00-05:00,4.337500095367432,4.519999980926514,4.307499885559082,4.34250020980835,19846000,0.0,0.0
2021-01-06 00:00:00-05:00,4.335000038146973,4.744999885559082,4.332499980926514,4.590000152587891,24224800,0.0,0.0
2021-01-07 00:00:00-05:00,4.617499828338623,4.862500190734863,4.505000114440918,4.519999980926514,24517200,0.0,0.0
2021-01-08 00:00:00-05:00,4.545000076293945,4.574999809265137,4.269999980926514,4.422500133514404,25928000,0.0,0.0
2021-01-11 00:00:00-05:00,4.852499961853027,5.162499904632568,4.752500057220459,4.985000133514404,59632000,0.0,0.0
2021-01-12 00:00:00-05:00,4.989999771118164,5.099999904632568,4.829999923706055,4.987500190734863,28242800,0.0,0.0
2021-01-13 00:00:00-05:00,5.105000019073486,9.662500381469727,5.007500171661377,7.849999904632568,578006800,0.0,0.0
2021-01-14 00:00:00-05:00,9.522500038146973,10.765000343322754,8.262499809265137,9.977499961853027,374869600,0.0,0.0
2021-01-15 00:00:00-05:00,9.6225004196167,10.1875,8.5024995803833,8.875,187465600,0.0,0.0
2021-01-19 00:00:00-05:00,10.387499809265137,11.380000114440918,9.15999984741211,9.84000015258789,298887600,0.0,0.0
2021-01-20 00:00:00-05:00,9.342499732971191,10.297499656677246,9.015000343322754,9.779999732971191,133887200,0.0,0.0
2021-01-21 00:00:00-05:00,9.807499885559082,11.1875,9.25,10.757499694824219,224867600,0.0,0.0
2021-01-22 00:00:00-05:00,10.647500038146973,19.190000534057617,10.579999923706055,16.252500534057617,788631600,0.0,0.0
2021-01-25 00:00:00-05:00,24.1825008392334,39.79499816894531,15.282500267028809,19.197500228881836,711496000,0.0,0.0
2021-01-26 00:00:00-05:00,22.139999389648438,37.5,20.049999237060547,36.994998931884766,714352000,0.0,0.0
2021-01-27 00:00:00-05:00,88.7074966430664,95.0,62.25,86.87750244140625,373586800,0.0,0.0
2021-01-28 00:00:00-05:00,66.25,120.75,28.0625,48.400001525878906,235263200,0.0,0.0
2021-01-29 00:00:00-05:00,94.92749786376953,103.49500274658203,62.5,81.25,202264400,0.0,0.0
2021-02-01 00:00:00-05:00,79.13999938964844,80.5,53.0,56.25,149528800,0.0,0.0
2021-02-02 00:00:00-05:00,35.189998626708984,39.5,18.55500030517578,22.5,312732400,0.0,0.0
2021-02-03 00:00:00-05:00,28.002500534057617,28.350000381469727,21.3125,23.102500915527344,170794000,0.0,0.0
2021-02-04 00:00:00-05:00,22.797500610351562,22.875,13.332500457763672,13.375,249709200,0.0,0.0
2021-02-05 00:00:00-05:00,13.510000228881836,23.75,12.772500038146973,15.942500114440918,325380000,0.0,0.0
2021-02-08 00:00:00-05:00,18.102500915527344,18.165000915527344,14.505000114440918,15.0,102749200,0.0,0.0
2021-02-09 00:00:00-05:00,14.15250015258789,14.25,11.630000114440918,12.577500343322754,107372400,0.0,0.0
2021-02-10 00:00:00-05:00,12.692500114440918,15.707500457763672,11.637499809265137,12.800000190734863,145820000,0.0,0.0
2021-02-11 00:00:00-05:00,12.5024995803833,13.829999923706055,12.055000305175781,12.774999618530273,52226800,0.0,0.0
2021-02-12 00:00:00-05:00,12.6875,13.8100004196167,12.012499809265137,13.100000381469727,58293200,0.0,0.0
2021-02-16 00:00:00-05:00,13.164999961853027,13.375,12.260000228881836,12.3774995803833,32700000,0.0,0.0
2021-02-17 00:00:00-05:00,12.442500114440918,12.797499656677246,11.140000343322754,11.484999656677246,36747200,0.0,0.0
2021-02-18 00:00:00-05:00,12.1225004196167,12.217499732971191,10.162500381469727,10.172499656677246,95962400,0.0,0.0
2021-02-19 00:00:00-05:00,10.319999694824219,10.97249984741211,9.625,10.147500038146973,59312800,0.0,0.0
2021-02-22 00:00:00-05:00,11.672499656677246,12.1274995803833,10.600000381469727,11.5,77904000,0.0,0.0
2021-02-23 00:00:00-05:00,11.242500305175781,11.557499885559082,10.0,11.242500305175781,30260800,0.0,0.0
2021-02-24 00:00:00-05:00,11.175000190734863,22.927499771118164,11.175000190734863,22.927499771118164,332446800,0.0,0.0
2021-02-25 00:00:00-05:00,42.38999938964844,46.16999816894531,25.25,27.1825008392334,601235200,0.0,0.0
2021-02-26 00:00:00-05:00,29.364999771118164,35.724998474121094,21.5,25.434999465942383,368776800,0.0,0.0
2021-03-01 00:00:00-05:00,26.135000228881836,33.497501373291016,24.99250030517578,30.100000381469727,199176000,0.0,0.0
2021-03-02 00:00:00-05:00,29.232500076293945,33.29999923706055,28.049999237060547,29.545000076293945,135132000,0.0,0.0
2021-03-03 00:00:00-05:00,30.627500534057617,31.9375,28.280000686645508,31.045000076293945,77095600,0.0,0.0
2021-03-04 00:00:00-05:00,31.25,36.967498779296875,28.825000762939453,33.087501525878906,130427600,0.0,0.0
2021-03-05 00:00:00-05:00,32.04249954223633,37.88249969482422,31.875,34.435001373291016,122934800,0.0,0.0
2021-03-08 00:00:00-05:00,38.72249984741211,52.717498779296875,36.525001525878906,48.625,254262400,0.0,0.0
2021-03-09 00:00:00-05:00,54.4275016784668,62.462501525878906,52.127498626708984,61.724998474121094,156397200,0.0,0.0
2021-03-10 00:00:00-05:00,67.35749816894531,87.125,43.0,66.25,286282400,0.0,0.0
2021-03-11 00:00:00-05:00,60.40999984741211,70.375,58.150001525878906,65.0,113250000,0.0,0.0
2021-03-12 00:00:00-05:00,68.75,73.875,65.56749725341797,66.125,103383600,0.0,0.0
2021-03-15 00:00:00-04:00,69.37999725341797,70.75,51.5,55.03499984741211,96401600,0.0,0.0
2021-03-16 00:00:00-04:00,50.790000915527344,55.17499923706055,43.087501525878906,52.04249954223633,141691600,0.0,0.0
2021-03-17 00:00:00-04:00,54.459999084472656,57.86750030517578,51.0,52.45249938964844,65926400,0.0,0.0
2021-03-18 00:00:00-04:00,53.5,54.720001220703125,48.912498474121094,50.4375,47059600,0.0,0.0
2021-03-19 00:00:00-04:00,48.932498931884766,56.75,45.665000915527344,50.067501068115234,98709200,0.0,0.0
2021-03-22 00:00:00-04:00,51.314998626708984,52.59000015258789,46.54999923706055,48.622501373291016,40246000,0.0,0.0
2021-03-23 00:00:00-04:00,49.375,50.4375,44.38750076293945,45.4375,57716400,0.0,0.0
2021-03-24 00:00:00-04:00,39.494998931884766,41.74250030517578,29.655000686645508,30.084999084472656,96711600,0.0,0.0
2021-03-25 00:00:00-04:00,30.872499465942383,46.875,29.225000381469727,45.9375,203849200,0.0,0.0
2021-03-26 00:00:00-04:00,49.41999816894531,54.73249816894531,40.814998626708984,45.25,149722800,0.0,0.0
2021-03-29 00:00:00-04:00,45.1875,48.47999954223633,43.377498626708984,45.32500076293945,40168800,0.0,0.0
2021-03-30 00:00:00-04:00,46.875,51.07500076293945,45.5,48.6150016784668,68379600,0.0,0.0
2021-03-31 00:00:00-04:00,49.375,49.8650016784668,46.77750015258789,47.45500183105469,33575200,0.0,0.0
2021-04-01 00:00:00-04:00,48.34000015258789,49.24250030517578,45.900001525878906,47.86249923706055,37337200,0.0,0.0
2021-04-05 00:00:00-04:00,42.75,48.75,41.20249938964844,46.73749923706055,56282000,0.0,0.0
2021-04-06 00:00:00-04:00,46.3025016784668,48.0,45.88999938964844,46.125,24873200,0.0,0.0
2021-04-07 00:00:00-04:00,45.80500030517578,46.125,44.02750015258789,44.49250030517578,19073200,0.0,0.0
2021-04-08 00:00:00-04:00,46.470001220703125,46.470001220703125,41.07500076293945,42.564998626708984,40189600,0.0,0.0
2021-04-09 00:00:00-04:00,42.42499923706055,42.89500045776367,38.25,39.59000015258789,37849600,0.0,0.0
2021-04-12 00:00:00-04:00,39.52750015258789,40.974998474121094,33.752498626708984,35.272499084472656,66734400,0.0,0.0
2021-04-13 00:00:00-04:00,35.470001220703125,36.345001220703125,33.0,35.247501373291016,27227600,0.0,0.0
2021-04-14 00:00:00-04:00,35.89250183105469,43.522499084472656,35.75,41.63249969482422,84552400,0.0,0.0
2021-04-15 00:00:00-04:00,40.75,41.5625,38.20000076293945,39.11000061035156,31427200,0.0,0.0
2021-04-16 00:00:00-04:00,39.0,40.04999923706055,37.8125,38.67250061035156,20858800,0.0,0.0
2021-04-19 00:00:00-04:00,42.95000076293945,43.79999923706055,40.58250045776367,41.092498779296875,42080800,0.0,0.0
2021-04-20 00:00:00-04:00,41.03499984741211,41.22249984741211,38.34000015258789,39.63249969482422,18634400,0.0,0.0
2021-04-21 00:00:00-04:00,39.599998474121094,40.744998931884766,38.97999954223633,39.627498626708984,15251200,0.0,0.0
2021-04-22 00:00:00-04:00,39.775001525878906,39.775001525878906,36.71500015258789,37.79249954223633,17383200,0.0,0.0
2021-04-23 00:00:00-04:00,37.25,38.415000915527344,36.17499923706055,37.79499816894531,16116400,0.0,0.0
2021-04-26 00:00:00-04:00,37.744998931884766,43.66999816894531,37.189998626708984,42.23249816894531,42128400,0.0,0.0
2021-04-27 00:00:00-04:00,45.88750076293945,47.0,43.29249954223633,44.442501068115234,35730800,0.0,0.0
2021-04-28 00:00:00-04:00,43.025001525878906,45.494998931884766,41.50749969482422,44.64500045776367,23155600,0.0,0.0
2021-04-29 00:00:00-04:00,44.13999938964844,45.21500015258789,42.6875,44.04750061035156,15041200,0.0,0.0
2021-04-30 00:00:00-04:00,43.75,45.95000076293945,43.17499923706055,43.397499084472656,17734400,0.0,0.0
2021-05-03 00:00:00-04:00,44.372501373291016,44.372501373291016,39.90250015258789,40.54999923706055,21044000,0.0,0.0
2021-05-04 00:00:00-04:00,39.75,40.372501373291016,37.95000076293945,40.182498931884766,16030000,0.0,0.0
2021-05-05 00:00:00-04:00,40.45750045776367,41.375,39.58250045776367,39.869998931884766,11221600,0.0,0.0
2021-05-06 00:00:00-04:00,40.21500015258789,41.18000030517578,38.900001525878906,40.252498626708984,11771200,0.0,0.0
2021-05-07 00:00:00-04:00,40.02750015258789,41.852500915527344,39.375,40.27750015258789,11738400,0.0,0.0
2021-05-10 00:00:00-04:00,40.32749938964844,40.397499084472656,35.75,35.80500030517578,19226800,0.0,0.0
2021-05-11 00:00:00-04:00,34.25,37.625,34.125,36.72999954223633,18738400,0.0,0.0
2021-05-12 00:00:00-04:00,36.42499923706055,37.625,35.557498931884766,36.1974983215332,10926000,0.0,0.0
2021-05-13 00:00:00-04:00,36.86000061035156,42.48749923706055,36.60749816894531,41.125,35494000,0.0,0.0
2021-05-14 00:00:00-04:00,40.0,41.61750030517578,39.05500030517578,39.97999954223633,17174000,0.0,0.0
2021-05-17 00:00:00-04:00,39.962501525878906,45.625,39.75,45.150001525878906,29848400,0.0,0.0
2021-05-18 00:00:00-04:00,43.6349983215332,47.29999923706055,42.067501068115234,45.16749954223633,30954800,0.0,0.0
2021-05-19 00:00:00-04:00,42.997501373291016,44.744998931884766,41.037498474121094,42.20750045776367,19303600,0.0,0.0
2021-05-20 00:00:00-04:00,42.6974983215332,43.727500915527344,41.724998474121094,42.622501373291016,9912800,0.0,0.0
2021-05-21 00:00:00-04:00,42.75,44.810001373291016,42.58250045776367,44.1974983215332,14618800,0.0,0.0
2021-05-24 00:00:00-04:00,43.962501525878906,47.1150016784668,43.337501525878906,45.002498626708984,18657200,0.0,0.0
2021-05-25 00:00:00-04:00,45.25,54.27750015258789,45.25,52.35749816894531,59550000,0.0,0.0
2021-05-26 00:00:00-04:00,57.25,62.119998931884766,56.38750076293945,60.63999938964844,84479600,0.0,0.0
2021-05-27 00:00:00-04:00,57.45000076293945,66.0,56.75,63.532501220703125,62105200,0.0,0.0
2021-05-28 00:00:00-04:00,65.74250030517578,67.19999694824219,55.35749816894531,55.5,47005600,0.0,0.0
2021-06-01 00:00:00-04:00,58.369998931884766,63.744998931884766,56.76750183105469,62.255001068115234,38502400,0.0,0.0
2021-06-02 00:00:00-04:00,62.220001220703125,73.5,61.07500076293945,70.55999755859375,64076800,0.0,0.0
2021-06-03 00:00:00-04:00,66.42749786376953,68.60749816894531,60.529998779296875,64.54499816894531,32000000,0.0,0.0
2021-06-04 00:00:00-04:00,64.00499725341797,66.25,61.442501068115234,62.09000015258789,14550000,0.0,0.0
2021-06-07 00:00:00-04:00,64.5,70.5,63.79999923706055,70.00250244140625,24206000,0.0,0.0
2021-06-08 00:00:00-04:00,73.0,86.16500091552734,70.25,75.0,69756400,0.0,0.0
2021-06-09 00:00:00-04:00,75.77999877929688,82.0,72.87750244140625,75.63999938964844,53717200,0.0,0.0
2021-06-10 00:00:00-04:00,70.5,72.0,52.75,55.09749984741211,91920800,0.0,0.0
2021-06-11 00:00:00-04:00,55.587501525878906,60.282501220703125,51.532501220703125,58.334999084472656,62323200,0.0,0.0
2021-06-14 00:00:00-04:00,59.125,59.502498626708984,54.79999923706055,57.36000061035156,28530400,0.0,0.0
2021-06-15 00:00:00-04:00,56.59000015258789,57.3125,52.0,55.625,29207600,0.0,0.0
2021-06-16 00:00:00-04:00,53.810001373291016,57.182498931884766,52.25,55.74250030517578,22259200,0.0,0.0
2021-06-17 00:00:00-04:00,56.0,58.415000915527344,55.369998931884766,55.897499084472656,18434400,0.0,0.0
2021-06-18 00:00:00-04:00,55.04499816894531,55.872501373291016,53.25,53.45500183105469,17281200,0.0,0.0
2021-06-21 00:00:00-04:00,54.23749923706055,54.599998474121094,49.25,50.092498779296875,20480800,0.0,0.0
2021-06-22 00:00:00-04:00,54.432498931884766,56.470001220703125,52.29249954223633,55.099998474121094,32800800,0.0,0.0
2021-06-23 00:00:00-04:00,55.36249923706055,55.64250183105469,53.529998779296875,54.834999084472656,14220400,0.0,0.0
2021-06-24 00:00:00-04:00,55.290000915527344,56.86249923706055,52.900001525878906,53.07749938964844,15453200,0.0,0.0
2021-06-25 00:00:00-04:00,53.5,53.54999923706055,49.625,52.377498626708984,50770800,0.0,0.0
2021-06-28 00:00:00-04:00,52.8125,56.11249923706055,52.54999923706055,53.3125,19517600,0.0,0.0
2021-06-29 00:00:00-04:00,53.397499084472656,53.80500030517578,52.002498626708984,52.720001220703125,9920000,0.0,0.0
2021-06-30 00:00:00-04:00,52.42250061035156,53.81999969482422,51.73500061035156,53.53499984741211,10158400,0.0,0.0
2021-07-01 00:00:00-04:00,53.349998474121094,54.20750045776367,50.5,51.09000015258789,10968400,0.0,0.0
2021-07-02 00:00:00-04:00,51.20000076293945,51.36249923706055,49.125,50.70750045776367,10396400,0.0,0.0
2021-07-06 00:00:00-04:00,51.0,51.192501068115234,48.4275016784668,49.88999938964844,11072400,0.0,0.0
2021-07-07 00:00:00-04:00,49.0,49.375,44.38999938964844,47.665000915527344,16958000,0.0,0.0
2021-07-08 00:00:00-04:00,44.95750045776367,48.55500030517578,44.875,47.845001220703125,11430000,0.0,0.0
2021-07-09 00:00:00-04:00,47.720001220703125,48.69499969482422,46.6875,47.807498931884766,6331600,0.0,0.0
2021-07-12 00:00:00-04:00,47.85499954223633,49.4375,46.85499954223633,47.3125,6545200,0.0,0.0
2021-07-13 00:00:00-04:00,46.91999816894531,47.1974983215332,44.75,45.01499938964844,9591600,0.0,0.0
2021-07-14 00:00:00-04:00,45.122501373291016,45.595001220703125,41.26750183105469,41.904998779296875,15655200,0.0,0.0
2021-07-15 00:00:00-04:00,40.0,42.997501373291016,39.502498626708984,41.70500183105469,17194400,0.0,0.0
2021-07-16 00:00:00-04:00,42.537498474121094,44.86750030517578,41.57500076293945,42.2599983215332,13151600,0.0,0.0
2021-07-19 00:00:00-04:00,40.82500076293945,44.0,40.30500030517578,43.372501373291016,9747600,0.0,0.0
2021-07-20 00:00:00-04:00,43.474998474121094,48.40999984741211,43.10499954223633,47.79499816894531,12404400,0.0,0.0
2021-07-21 00:00:00-04:00,46.9474983215332,48.877498626708984,45.52750015258789,46.45249938964844,8916800,0.0,0.0
2021-07-22 00:00:00-04:00,46.32500076293945,46.92250061035156,44.037498474121094,44.712501525878906,5652000,0.0,0.0
2021-07-23 00:00:00-04:00,45.25,45.400001525878906,43.459999084472656,45.09000015258789,5264800,0.0,0.0
2021-07-26 00:00:00-04:00,45.09000015258789,46.5099983215332,44.689998626708984,45.98500061035156,5042400,0.0,0.0
2021-07-27 00:00:00-04:00,45.75,46.25,44.165000915527344,44.6349983215332,4859200,0.0,0.0
2021-07-28 00:00:00-04:00,43.93000030517578,44.279998779296875,41.067501068115234,42.279998779296875,16403200,0.0,0.0
2021-07-29 00:00:00-04:00,42.650001525878906,43.47249984741211,41.127498626708984,41.21500015258789,8960000,0.0,0.0
2021-07-30 00:00:00-04:00,41.25,41.80500030517578,39.717498779296875,40.279998779296875,9508400,0.0,0.0
2021-08-02 00:00:00-04:00,40.5,40.897499084472656,38.76499938964844,39.412498474121094,10131600,0.0,0.0
2021-08-03 00:00:00-04:00,39.185001373291016,39.72249984741211,37.04999923706055,38.1875,57802400,0.0,0.0
2021-08-04 00:00:00-04:00,38.182498931884766,39.4474983215332,36.42250061035156,36.70000076293945,9574000,0.0,0.0
2021-08-05 00:00:00-04:00,37.0,39.400001525878906,36.30500030517578,38.36000061035156,9648400,0.0,0.0
2021-08-06 00:00:00-04:00,38.647499084472656,39.125,37.57749938964844,37.942501068115234,5410800,0.0,0.0
2021-08-09 00:00:00-04:00,37.95000076293945,41.1775016784668,37.665000915527344,40.282501220703125,8996800,0.0,0.0
2021-08-10 00:00:00-04:00,40.34000015258789,41.724998474121094,38.837501525878906,39.76250076293945,6493200,0.0,0.0
2021-08-11 00:00:00-04:00,39.60749816894531,39.76250076293945,38.654998779296875,39.69499969482422,3781600,0.0,0.0
2021-08-12 00:00:00-04:00,39.970001220703125,41.06999969482422,39.33250045776367,40.587501525878906,5271200,0.0,0.0
2021-08-13 00:00:00-04:00,40.11750030517578,40.88750076293945,39.352500915527344,40.630001068115234,4059200,0.0,0.0
2021-08-16 00:00:00-04:00,40.25,42.470001220703125,39.790000915527344,40.98249816894531,6290400,0.0,0.0
2021-08-17 00:00:00-04:00,40.29750061035156,42.369998931884766,40.275001525878906,40.88750076293945,4863600,0.0,0.0
2021-08-18 00:00:00-04:00,40.8125,41.400001525878906,39.1875,39.26250076293945,5647200,0.0,0.0
2021-08-19 00:00:00-04:00,39.192501068115234,39.497501373291016,37.69499969482422,38.224998474121094,4786000,0.0,0.0
2021-08-20 00:00:00-04:00,38.45000076293945,40.022499084472656,38.310001373291016,39.82500076293945,4619600,0.0,0.0
2021-08-23 00:00:00-04:00,40.595001220703125,41.8224983215332,39.88750076293945,41.22249984741211,5372000,0.0,0.0
2021-08-24 00:00:00-04:00,41.5724983215332,56.25,41.287498474121094,52.5724983215332,58608800,0.0,0.0
2021-08-25 00:00:00-04:00,51.662498474121094,56.75,48.25,49.912498474121094,51444400,0.0,0.0
2021-08-26 00:00:00-04:00,50.16999816894531,54.25,49.75,51.30500030517578,24954400,0.0,0.0
2021-08-27 00:00:00-04:00,51.92499923706055,53.25,50.005001068115234,51.23749923706055,12923200,0.0,0.0
2021-08-30 00:00:00-04:00,51.25,54.54750061035156,50.755001068115234,52.29999923706055,13238400,0.0,0.0
2021-08-31 00:00:00-04:00,53.17499923706055,55.57500076293945,52.8650016784668,54.560001373291016,14298800,0.0,0.0
2021-09-01 00:00:00-04:00,56.0,57.86000061035156,52.005001068115234,53.24250030517578,17815200,0.0,0.0
2021-09-02 00:00:00-04:00,53.46500015258789,53.70000076293945,51.57500076293945,53.380001068115234,7408000,0.0,0.0
2021-09-03 00:00:00-04:00,53.01250076293945,54.067501068115234,49.709999084472656,50.6875,10634400,0.0,0.0
2021-09-07 00:00:00-04:00,51.5625,52.474998474121094,49.025001525878906,49.75,9985200,0.0,0.0
2021-09-08 00:00:00-04:00,50.46500015258789,51.720001220703125,47.66999816894531,49.70000076293945,20694400,0.0,0.0
2021-09-09 00:00:00-04:00,45.022499084472656,50.5,44.5,49.79499816894531,30046000,0.0,0.0
2021-09-10 00:00:00-04:00,49.602500915527344,50.540000915527344,47.5,47.602500915527344,12170400,0.0,0.0
2021-09-13 00:00:00-04:00,48.4375,52.220001220703125,47.875,50.849998474121094,17336400,0.0,0.0
2021-09-14 00:00:00-04:00,50.162498474121094,51.154998779296875,48.75,49.810001373291016,8566400,0.0,0.0
2021-09-15 00:00:00-04:00,49.25,51.217498779296875,48.4375,51.130001068115234,9241600,0.0,0.0
2021-09-16 00:00:00-04:00,50.58250045776367,54.13750076293945,50.287498474121094,51.592498779296875,12232800,0.0,0.0
2021-09-17 00:00:00-04:00,52.005001068115234,53.122501373291016,50.19499969482422,51.24250030517578,15783600,0.0,0.0
2021-09-20 00:00:00-04:00,50.0,50.712501525878906,46.13750076293945,48.04999923706055,15767200,0.0,0.0
2021-09-21 00:00:00-04:00,49.84000015258789,49.84000015258789,46.5,47.48749923706055,10535200,0.0,0.0
2021-09-22 00:00:00-04:00,47.40999984741211,48.375,46.5724983215332,47.53499984741211,9026400,0.0,0.0
2021-09-23 00:00:00-04:00,48.08250045776367,48.9375,47.650001525878906,47.810001373291016,6729200,0.0,0.0
2021-09-24 00:00:00-04:00,47.75,47.93000030517578,46.02750015258789,46.290000915527344,6743200,0.0,0.0
2021-09-27 00:00:00-04:00,46.47999954223633,48.01250076293945,46.467498779296875,47.369998931884766,5880400,0.0,0.0
2021-09-28 00:00:00-04:00,47.0,47.70249938964844,44.5,44.650001525878906,7082000,0.0,0.0
2021-09-29 00:00:00-04:00,45.022499084472656,46.119998931884766,43.65250015258789,43.97999954223633,7599600,0.0,0.0
2021-09-30 00:00:00-04:00,43.75,46.36249923706055,41.6974983215332,43.86750030517578,12682800,0.0,0.0
2021-10-01 00:00:00-04:00,44.849998474121094,44.872501373291016,43.0625,44.227500915527344,6204400,0.0,0.0
2021-10-04 00:00:00-04:00,43.98749923706055,44.23749923706055,42.692501068115234,42.84000015258789,4782800,0.0,0.0
2021-10-05 00:00:00-04:00,42.79750061035156,43.29249954223633,41.67499923706055,43.04499816894531,5263600,0.0,0.0
2021-10-06 00:00:00-04:00,42.51499938964844,43.2400016784668,41.45249938964844,42.76750183105469,4801200,0.0,0.0
2021-10-07 00:00:00-04:00,43.0,43.79999923706055,42.6349983215332,43.029998779296875,4637200,0.0,0.0
2021-10-08 00:00:00-04:00,43.125,43.93000030517578,42.779998779296875,43.16999816894531,3272800,0.0,0.0
2021-10-11 00:00:00-04:00,43.25,47.122501373291016,43.25,44.525001525878906,10739600,0.0,0.0
2021-10-12 00:00:00-04:00,45.125,45.44499969482422,43.45000076293945,43.95500183105469,4934800,0.0,0.0
2021-10-13 00:00:00-04:00,44.57500076293945,47.0525016784668,44.0,46.01499938964844,7711600,0.0,0.0
2021-10-14 00:00:00-04:00,45.939998626708984,47.54999923706055,45.650001525878906,45.95750045776367,6695600,0.0,0.0
2021-10-15 00:00:00-04:00,46.0,46.744998931884766,45.220001220703125,45.81999969482422,4800000,0.0,0.0
2021-10-18 00:00:00-04:00,45.73500061035156,47.467498779296875,45.63750076293945,46.505001068115234,6358400,0.0,0.0
2021-10-19 00:00:00-04:00,47.247501373291016,48.04499816894531,46.099998474121094,46.6974983215332,8282400,0.0,0.0
2021-10-20 00:00:00-04:00,46.58250045776367,47.0,45.494998931884766,46.130001068115234,9107600,0.0,0.0
2021-10-21 00:00:00-04:00,46.1775016784668,47.67499923706055,45.150001525878906,45.4275016784668,9609600,0.0,0.0
2021-10-22 00:00:00-04:00,44.525001525878906,44.872501373291016,41.95000076293945,42.45000076293945,11201600,0.0,0.0
2021-10-25 00:00:00-04:00,42.35499954223633,43.70000076293945,41.814998626708984,43.49250030517578,5771200,0.0,0.0
2021-10-26 00:00:00-04:00,43.34000015258789,46.25,43.125,44.459999084472656,8706800,0.0,0.0
2021-10-27 00:00:00-04:00,45.0,45.772499084472656,43.08250045776367,43.377498626708984,4428000,0.0,0.0
2021-10-28 00:00:00-04:00,43.790000915527344,45.78499984741211,43.75,45.712501525878906,6784800,0.0,0.0
2021-10-29 00:00:00-04:00,45.70249938964844,46.4375,44.5,45.877498626708984,9176000,0.0,0.0
2021-11-01 00:00:00-04:00,45.63249969482422,52.14250183105469,45.51250076293945,50.022499084472656,19776800,0.0,0.0
2021-11-02 00:00:00-04:00,49.837501525878906,52.98500061035156,47.92250061035156,51.747501373291016,15529200,0.0,0.0
2021-11-03 00:00:00-04:00,53.5,63.92250061035156,52.0625,54.58250045776367,45062400,0.0,0.0
2021-11-04 00:00:00-04:00,55.5,57.24250030517578,52.88750076293945,54.459999084472656,11632000,0.0,0.0
2021-11-05 00:00:00-04:00,55.15999984741211,55.25,52.252498626708984,53.3125,7242800,0.0,0.0
2021-11-08 00:00:00-05:00,53.125,56.2599983215332,53.002498626708984,54.65999984741211,8631600,0.0,0.0
2021-11-09 00:00:00-05:00,55.5,55.872501373291016,51.11000061035156,51.650001525878906,7381200,0.0,0.0
2021-11-10 00:00:00-05:00,50.529998779296875,51.84749984741211,49.125,49.79750061035156,5237600,0.0,0.0
2021-11-11 00:00:00-05:00,50.0,52.022499084472656,49.537498474121094,51.08000183105469,4317600,0.0,0.0
2021-11-12 00:00:00-05:00,50.53499984741211,51.34000015258789,49.470001220703125,50.525001525878906,3712000,0.0,0.0
2021-11-15 00:00:00-05:00,50.96500015258789,52.875,50.42250061035156,52.28499984741211,5865600,0.0,0.0
2021-11-16 00:00:00-05:00,52.255001068115234,53.14250183105469,50.907501220703125,51.79499816894531,4858400,0.0,0.0
2021-11-17 00:00:00-05:00,51.57500076293945,54.42499923706055,51.5,52.5,5410800,0.0,0.0
2021-11-18 00:00:00-05:00,52.5625,53.78499984741211,51.875,52.529998779296875,4017600,0.0,0.0
2021-11-19 00:00:00-05:00,52.28499984741211,57.34749984741211,52.0625,57.20000076293945,12136800,0.0,0.0
2021-11-22 00:00:00-05:00,57.6150016784668,62.40999984741211,57.4375,61.88750076293945,17485600,0.0,0.0
2021-11-23 00:00:00-05:00,60.959999084472656,63.04999923706055,53.13999938964844,53.474998474121094,13380800,0.0,0.0
2021-11-24 00:00:00-05:00,54.3125,55.997501373291016,52.0,52.94499969482422,5237600,0.0,0.0
2021-11-26 00:00:00-05:00,52.02000045776367,52.932498931884766,49.79999923706055,49.93000030517578,4941200,0.0,0.0
2021-11-29 00:00:00-05:00,51.0,51.977500915527344,50.23500061035156,50.502498626708984,4435200,0.0,0.0
2021-11-30 00:00:00-05:00,50.025001525878906,50.98749923706055,47.0,49.0525016784668,6895600,0.0,0.0
2021-12-01 00:00:00-05:00,49.849998474121094,50.02750015258789,44.252498626708984,44.959999084472656,9406000,0.0,0.0
2021-12-02 00:00:00-05:00,46.25,46.85749816894531,43.26750183105469,45.38999938964844,8348400,0.0,0.0
2021-12-03 00:00:00-05:00,45.25,45.98249816894531,39.76250076293945,43.09749984741211,16386800,0.0,0.0
2021-12-06 00:00:00-05:00,41.5,43.334999084472656,40.79999923706055,41.779998779296875,8914400,0.0,0.0
2021-12-07 00:00:00-05:00,43.79499816894531,45.494998931884766,42.627498626708984,44.45249938964844,7889600,0.0,0.0
2021-12-08 00:00:00-05:00,44.150001525878906,45.0625,42.9900016784668,43.412498474121094,10444800,0.0,0.0
2021-12-09 00:00:00-05:00,41.75,43.17250061035156,37.75,38.939998626708984,20337200,0.0,0.0
2021-12-10 00:00:00-05:00,39.95750045776367,40.57500076293945,37.0,39.752498626708984,18107600,0.0,0.0
2021-12-13 00:00:00-05:00,40.08250045776367,40.22249984741211,33.76750183105469,34.220001220703125,21944800,0.0,0.0
2021-12-14 00:00:00-05:00,32.75,37.592498779296875,32.375,36.92250061035156,26048400,0.0,0.0
2021-12-15 00:00:00-05:00,36.8650016784668,38.0,35.279998779296875,37.147499084472656,11064000,0.0,0.0
2021-12-16 00:00:00-05:00,38.23249816894531,38.61000061035156,35.532501220703125,36.147499084472656,8659200,0.0,0.0
2021-12-17 00:00:00-05:00,35.9375,39.64250183105469,34.83250045776367,38.90999984741211,17226800,0.0,0.0
2021-12-20 00:00:00-05:00,38.29750061035156,39.91999816894531,37.42499923706055,39.28499984741211,7314400,0.0,0.0
2021-12-21 00:00:00-05:00,39.26499938964844,40.0625,38.78499984741211,39.529998779296875,5720800,0.0,0.0
2021-12-22 00:00:00-05:00,39.58250045776367,39.787498474121094,38.029998779296875,38.5,4188800,0.0,0.0
2021-12-23 00:00:00-05:00,38.5,38.75,36.505001068115234,38.03499984741211,4222000,0.0,0.0
2021-12-27 00:00:00-05:00,38.0,38.154998779296875,35.0,37.07749938964844,6454400,0.0,0.0
2021-12-28 00:00:00-05:00,36.875,39.352500915527344,36.602500915527344,36.6150016784668,5324400,0.0,0.0
2021-12-29 00:00:00-05:00,36.962501525878906,38.872501373291016,35.53499984741211,38.48249816894531,8149600,0.0,0.0
2021-12-30 00:00:00-05:00,37.75,40.0,37.5,38.83250045776367,6247600,0.0,0.0
2021-12-31 00:00:00-05:00,38.404998779296875,39.182498931884766,37.025001525878906,37.09749984741211,5576000,0.0,0.0
2022-01-03 00:00:00-05:00,37.307498931884766,39.845001220703125,37.3025016784668,38.209999084472656,5654800,0.0,0.0
2022-01-04 00:00:00-05:00,38.04249954223633,38.247501373291016,35.76250076293945,37.227500915527344,7339600,0.0,0.0
2022-01-05 00:00:00-05:00,37.09749984741211,37.212501525878906,32.287498474121094,32.342498779296875,13585600,0.0,0.0
2022-01-06 00:00:00-05:00,33.209999084472656,34.42499923706055,30.28499984741211,32.75749969482422,24206000,0.0,0.0
2022-01-07 00:00:00-05:00,39.942501068115234,40.07749938964844,33.125,35.154998779296875,48549200,0.0,0.0
2022-01-10 00:00:00-05:00,33.747501373291016,33.92250061035156,30.0,32.787498474121094,22048000,0.0,0.0
2022-01-11 00:00:00-05:00,32.525001525878906,34.20000076293945,31.84749984741211,32.57500076293945,10332400,0.0,0.0
2022-01-12 00:00:00-05:00,32.5,32.83000183105469,31.612499237060547,32.01499938964844,6298000,0.0,0.0
2022-01-13 00:00:00-05:00,32.125,32.625,30.422500610351562,30.6200008392334,8901200,0.0,0.0
2022-01-14 00:00:00-05:00,30.037500381469727,30.575000762939453,28.0049991607666,29.162500381469727,15402000,0.0,0.0
2022-01-18 00:00:00-05:00,28.27750015258789,28.4375,26.100000381469727,27.227500915527344,15022400,0.0,0.0
2022-01-19 00:00:00-05:00,27.502500534057617,28.262500762939453,26.102500915527344,26.642499923706055,9614400,0.0,0.0
2022-01-20 00:00:00-05:00,26.975000381469727,28.799999237060547,25.399999618530273,25.667499542236328,11680400,0.0,0.0
2022-01-21 00:00:00-05:00,25.25,27.552499771118164,23.18000030517578,26.59000015258789,22120000,0.0,0.0
2022-01-24 00:00:00-05:00,24.7549991607666,25.71500015258789,21.572500228881836,25.037500381469727,25039600,0.0,0.0
2022-01-25 00:00:00-05:00,24.229999542236328,26.24250030517578,23.752500534057617,24.947500228881836,14297200,0.0,0.0
2022-01-26 00:00:00-05:00,25.274999618530273,29.75,25.077499389648438,25.815000534057617,33330000,0.0,0.0
2022-01-27 00:00:00-05:00,26.03499984741211,26.75,23.22249984741211,23.3799991607666,14644400,0.0,0.0
2022-01-28 00:00:00-05:00,23.850000381469727,24.5,21.90250015258789,24.477500915527344,16430400,0.0,0.0
2022-01-31 00:00:00-05:00,24.467500686645508,27.454999923706055,24.46500015258789,27.232500076293945,13997200,0.0,0.0
2022-02-01 00:00:00-05:00,28.252500534057617,29.162500381469727,27.065000534057617,28.149999618530273,13847600,0.0,0.0
2022-02-02 00:00:00-05:00,27.587499618530273,27.96500015258789,24.514999389648438,25.010000228881836,13116400,0.0,0.0
2022-02-03 00:00:00-05:00,25.375,26.735000610351562,24.427499771118164,24.8075008392334,10710000,0.0,0.0
2022-02-04 00:00:00-05:00,24.752500534057617,26.0,23.770000457763672,25.584999084472656,7627200,0.0,0.0
2022-02-07 00:00:00-05:00,25.747499465942383,26.344999313354492,24.6924991607666,25.584999084472656,7037600,0.0,0.0
2022-02-08 00:00:00-05:00,25.440000534057617,29.417499542236328,25.137500762939453,28.899999618530273,19839600,0.0,0.0
2022-02-09 00:00:00-05:00,28.522499084472656,31.177499771118164,28.25,31.072500228881836,15467600,0.0,0.0
2022-02-10 00:00:00-05:00,29.487499237060547,32.94499969482422,29.0,30.61750030517578,14826000,0.0,0.0
2022-02-11 00:00:00-05:00,30.6200008392334,32.467498779296875,30.1924991607666,31.0625,11299200,0.0,0.0
2022-02-14 00:00:00-05:00,30.732500076293945,31.375,29.037500381469727,29.272499084472656,9102800,0.0,0.0
2022-02-15 00:00:00-05:00,30.239999771118164,31.8075008392334,29.815000534057617,31.540000915527344,7911600,0.0,0.0
2022-02-16 00:00:00-05:00,31.107500076293945,33.212501525878906,30.979999542236328,32.08250045776367,8007600,0.0,0.0
2022-02-17 00:00:00-05:00,31.6924991607666,32.712501525878906,30.55500030517578,30.852500915527344,6256400,0.0,0.0
2022-02-18 00:00:00-05:00,31.049999237060547,31.412500381469727,29.532499313354492,30.38249969482422,6214000,0.0,0.0
2022-02-22 00:00:00-05:00,29.549999237060547,30.832500457763672,28.547500610351562,29.514999389648438,6156400,0.0,0.0
2022-02-23 00:00:00-05:00,30.30500030517578,30.84000015258789,28.56999969482422,28.717500686645508,5393200,0.0,0.0
2022-02-24 00:00:00-05:00,26.38249969482422,31.427499771118164,26.030000686645508,31.145000457763672,9024800,0.0,0.0
2022-02-25 00:00:00-05:00,30.892499923706055,31.24250030517578,29.122499465942383,29.645000457763672,6841200,0.0,0.0
2022-02-28 00:00:00-05:00,30.25,31.572500228881836,29.22249984741211,30.834999084472656,6458000,0.0,0.0
2022-03-01 00:00:00-05:00,30.547500610351562,31.467500686645508,29.587499618530273,29.7549991607666,4384000,0.0,0.0
2022-03-02 00:00:00-05:00,29.875,30.667499542236328,29.092500686645508,30.49250030517578,5242800,0.0,0.0
2022-03-03 00:00:00-05:00,30.739999771118164,30.934999465942383,29.3075008392334,29.602500915527344,4382400,0.0,0.0
2022-03-04 00:00:00-05:00,29.502500534057617,30.127500534057617,27.645000457763672,27.915000915527344,5911200,0.0,0.0
2022-03-07 00:00:00-05:00,28.75,28.75,24.024999618530273,24.837499618530273,12591600,0.0,0.0
2022-03-08 00:00:00-05:00,25.25749969482422,27.247499465942383,24.272499084472656,25.752500534057617,8536000,0.0,0.0
2022-03-09 00:00:00-05:00,26.7450008392334,27.21500015258789,25.875,26.302499771118164,5598400,0.0,0.0
2022-03-10 00:00:00-05:00,25.979999542236328,26.014999389648438,24.5625,25.139999389648438,5582000,0.0,0.0
2022-03-11 00:00:00-05:00,25.665000915527344,25.725000381469727,23.172500610351562,23.172500610351562,8822000,0.0,0.0
2022-03-14 00:00:00-04:00,23.357500076293945,23.579999923706055,19.395000457763672,19.52750015258789,18134400,0.0,0.0
2022-03-15 00:00:00-04:00,20.524999618530273,21.889999389648438,19.670000076293945,20.65999984741211,14115200,0.0,0.0
2022-03-16 00:00:00-04:00,21.27750015258789,22.502500534057617,20.5,21.71500015258789,10615600,0.0,0.0
2022-03-17 00:00:00-04:00,21.274999618530273,22.395000457763672,20.862499237060547,21.924999237060547,13796400,0.0,0.0
2022-03-18 00:00:00-04:00,19.934999465942383,24.362499237060547,19.725000381469727,22.697500228881836,35688400,0.0,0.0
2022-03-21 00:00:00-04:00,22.5,24.850000381469727,22.440000534057617,23.549999237060547,15812400,0.0,0.0
2022-03-22 00:00:00-04:00,23.850000381469727,31.447500228881836,23.612499237060547,30.78499984741211,60068800,0.0,0.0
2022-03-23 00:00:00-04:00,32.5,37.73249816894531,31.637500762939453,35.25,98399200,0.0,0.0
2022-03-24 00:00:00-04:00,33.502498626708984,35.869998931884766,31.690000534057617,35.59749984741211,36400800,0.0,0.0
2022-03-25 00:00:00-04:00,35.0099983215332,39.540000915527344,34.54999923706055,37.98749923706055,53535600,0.0,0.0
2022-03-28 00:00:00-04:00,37.994998931884766,47.709999084472656,37.8849983215332,47.397499084472656,65266000,0.0,0.0
2022-03-29 00:00:00-04:00,47.060001373291016,49.852500915527344,40.75,44.974998474121094,72046000,0.0,0.0
2022-03-30 00:00:00-04:00,43.75,45.834999084472656,41.25,41.712501525878906,36676800,0.0,0.0
2022-03-31 00:00:00-04:00,40.775001525878906,43.9375,39.627498626708984,41.64500045776367,44968800,0.0,0.0
2022-04-01 00:00:00-04:00,47.224998474121094,47.442501068115234,38.814998626708984,41.25,52758400,0.0,0.0
2022-04-04 00:00:00-04:00,41.744998931884766,43.310001373291016,39.127498626708984,42.682498931884766,18519200,0.0,0.0
2022-04-05 00:00:00-04:00,42.0,42.10749816894531,38.0,38.397499084472656,15825200,0.0,0.0
2022-04-06 00:00:00-04:00,37.752498626708984,39.8224983215332,37.42499923706055,39.15999984741211,16268000,0.0,0.0
2022-04-07 00:00:00-04:00,38.52750015258789,39.17499923706055,35.39250183105469,37.5,15311200,0.0,0.0
2022-04-08 00:00:00-04:00,37.272499084472656,37.6775016784668,35.50749969482422,36.54750061035156,10371600,0.0,0.0
2022-04-11 00:00:00-04:00,35.7599983215332,37.05500030517578,35.15250015258789,36.73249816894531,9812000,0.0,0.0
2022-04-12 00:00:00-04:00,36.625,38.0625,35.41749954223633,36.217498779296875,7996400,0.0,0.0
2022-04-13 00:00:00-04:00,36.025001525878906,38.032501220703125,35.505001068115234,37.67499923706055,8032800,0.0,0.0
2022-04-14 00:00:00-04:00,37.317501068115234,39.125,36.80500030517578,37.692501068115234,10002400,0.0,0.0
2022-04-18 00:00:00-04:00,37.5,37.810001373291016,34.310001373291016,35.3650016784668,9871200,0.0,0.0
2022-04-19 00:00:00-04:00,35.712501525878906,38.244998931884766,34.96500015258789,38.11750030517578,9416800,0.0,0.0
2022-04-20 00:00:00-04:00,38.0,38.08250045776367,36.662498474121094,37.212501525878906,4648000,0.0,0.0
2022-04-21 00:00:00-04:00,37.5,38.279998779296875,34.977500915527344,35.38999938964844,6737600,0.0,0.0
2022-04-22 00:00:00-04:00,35.63750076293945,36.57500076293945,33.88750076293945,34.55500030517578,6278400,0.0,0.0
2022-04-25 00:00:00-04:00,33.852500915527344,34.9275016784668,33.31999969482422,33.98749923706055,6139200,0.0,0.0
2022-04-26 00:00:00-04:00,33.90999984741211,34.20000076293945,31.540000915527344,31.899999618530273,6182800,0.0,0.0
2022-04-27 00:00:00-04:00,31.8174991607666,33.16999816894531,31.145000457763672,32.459999084472656,5223600,0.0,0.0
2022-04-28 00:00:00-04:00,32.56999969482422,33.150001525878906,30.125,32.32749938964844,7070000,0.0,0.0
2022-04-29 00:00:00-04:00,31.825000762939453,32.72249984741211,30.752500534057617,31.267499923706055,5143600,0.0,0.0
2022-05-02 00:00:00-04:00,30.912500381469727,31.34749984741211,28.174999237060547,29.892499923706055,10172000,0.0,0.0
2022-05-03 00:00:00-04:00,29.6200008392334,31.107500076293945,28.604999542236328,30.107500076293945,7312800,0.0,0.0
2022-05-04 00:00:00-04:00,29.802499771118164,31.9375,28.93000030517578,31.770000457763672,6651200,0.0,0.0
2022-05-05 00:00:00-04:00,30.985000610351562,31.170000076293945,28.780000686645508,29.782499313354492,7015600,0.0,0.0
2022-05-06 00:00:00-04:00,29.31999969482422,30.139999389648438,27.5575008392334,28.674999237060547,7161600,0.0,0.0
2022-05-09 00:00:00-04:00,27.69499969482422,27.69499969482422,24.520000457763672,24.697500228881836,13264800,0.0,0.0
2022-05-10 00:00:00-04:00,25.7450008392334,26.514999389648438,22.0,23.375,16603200,0.0,0.0
2022-05-11 00:00:00-04:00,23.36750030517578,23.8174991607666,20.0,20.332500457763672,16681200,0.0,0.0
2022-05-12 00:00:00-04:00,20.760000228881836,27.014999389648438,19.4424991607666,22.392499923706055,40139600,0.0,0.0
2022-05-13 00:00:00-04:00,24.75,26.69499969482422,23.760000228881836,24.59749984741211,23930800,0.0,0.0
2022-05-16 00:00:00-04:00,24.700000762939453,24.795000076293945,22.69499969482422,22.950000762939453,11582000,0.0,0.0
2022-05-17 00:00:00-04:00,23.475000381469727,25.094999313354492,22.799999237060547,25.094999313354492,10444800,0.0,0.0
2022-05-18 00:00:00-04:00,24.094999313354492,24.959999084472656,22.542499542236328,22.8700008392334,11560000,0.0,0.0
2022-05-19 00:00:00-04:00,22.80500030517578,25.4950008392334,22.540000915527344,24.797500610351562,12720400,0.0,0.0
2022-05-20 00:00:00-04:00,24.952499389648438,25.602500915527344,22.4375,23.915000915527344,9972000,0.0,0.0
2022-05-23 00:00:00-04:00,24.142499923706055,24.31999969482422,22.875,24.032499313354492,6994000,0.0,0.0
2022-05-24 00:00:00-04:00,23.512500762939453,23.549999237060547,21.674999237060547,22.287500381469727,8879600,0.0,0.0
2022-05-25 00:00:00-04:00,22.53499984741211,28.86750030517578,22.53499984741211,28.792499542236328,40060000,0.0,0.0
2022-05-26 00:00:00-04:00,29.0,37.1150016784668,28.674999237060547,32.1150016784668,57892400,0.0,0.0
2022-05-27 00:00:00-04:00,35.25,35.92499923706055,31.75,34.3025016784668,30045200,0.0,0.0
2022-05-31 00:00:00-04:00,34.3025016784668,34.98249816894531,30.1299991607666,31.184999465942383,19084400,0.0,0.0
2022-06-01 00:00:00-04:00,30.704999923706055,32.397499084472656,29.252500534057617,30.350000381469727,14991600,0.0,0.0
2022-06-02 00:00:00-04:00,29.75,34.125,28.889999389648438,33.5,27918800,0.0,0.0
2022-06-03 00:00:00-04:00,32.5,34.525001525878906,31.0575008392334,33.42499923706055,18234400,0.0,0.0
2022-06-06 00:00:00-04:00,33.82500076293945,34.025001525878906,31.762500762939453,32.025001525878906,9532800,0.0,0.0
2022-06-07 00:00:00-04:00,32.5,37.47249984741211,31.582500457763672,36.625,24967600,0.0,0.0
2022-06-08 00:00:00-04:00,35.34749984741211,38.25,33.95750045776367,34.682498931884766,24473600,0.0,0.0
2022-06-09 00:00:00-04:00,34.6974983215332,34.974998474121094,31.834999084472656,32.244998931884766,13114400,0.0,0.0
2022-06-10 00:00:00-04:00,31.5,32.98249816894531,30.78499984741211,32.272499084472656,11820000,0.0,0.0
2022-06-13 00:00:00-04:00,30.127500534057617,31.142499923706055,28.575000762939453,29.5625,13792800,0.0,0.0
2022-06-14 00:00:00-04:00,29.392499923706055,32.0,29.024999618530273,31.542499542236328,12739200,0.0,0.0
2022-06-15 00:00:00-04:00,31.237499237060547,32.9900016784668,30.90999984741211,32.3224983215332,10764400,0.0,0.0
2022-06-16 00:00:00-04:00,31.235000610351562,32.3224983215332,30.145000457763672,31.4325008392334,9995200,0.0,0.0
2022-06-17 00:00:00-04:00,31.71500015258789,33.96500015258789,31.579999923706055,33.78499984741211,12340800,0.0,0.0
2022-06-21 00:00:00-04:00,34.55500030517578,36.349998474121094,33.880001068115234,35.06999969482422,12512400,0.0,0.0
2022-06-22 00:00:00-04:00,34.66749954223633,36.182498931884766,34.10749816894531,34.6150016784668,7838000,0.0,0.0
2022-06-23 00:00:00-04:00,35.40999984741211,35.997501373291016,34.182498931884766,35.505001068115234,6682800,0.0,0.0
2022-06-24 00:00:00-04:00,35.75,37.092498779296875,32.88249969482422,33.8025016784668,16995600,0.0,0.0
2022-06-27 00:00:00-04:00,34.11750030517578,34.26250076293945,31.825000762939453,32.42250061035156,9745600,0.0,0.0
2022-06-28 00:00:00-04:00,32.752498626708984,32.83250045776367,30.56999969482422,31.094999313354492,6610000,0.0,0.0
2022-06-29 00:00:00-04:00,30.387500762939453,31.622499465942383,29.897499084472656,30.71500015258789,6826400,0.0,0.0
2022-06-30 00:00:00-04:00,29.842500686645508,31.647499084472656,29.440000534057617,30.575000762939453,6718800,0.0,0.0
2022-07-01 00:00:00-04:00,30.282499313354492,31.292499542236328,29.822500228881836,30.854999542236328,6617200,0.0,0.0
2022-07-05 00:00:00-04:00,30.375,30.6200008392334,29.752500534057617,30.0575008392334,6036000,0.0,0.0
2022-07-06 00:00:00-04:00,30.172500610351562,30.56999969482422,28.342500686645508,29.357500076293945,9988800,0.0,0.0
2022-07-07 00:00:00-04:00,31.122499465942383,33.875,30.452499389648438,33.779998779296875,30313600,0.0,0.0
2022-07-08 00:00:00-04:00,31.665000915527344,33.16749954223633,30.627500534057617,32.1349983215332,13199600,0.0,0.0
2022-07-11 00:00:00-04:00,32.13999938964844,32.935001373291016,31.162500381469727,32.522499084472656,7532800,0.0,0.0
2022-07-12 00:00:00-04:00,32.70000076293945,35.647499084472656,31.815000534057617,34.279998779296875,16899600,0.0,0.0
2022-07-13 00:00:00-04:00,33.75,36.337501525878906,33.75,35.31999969482422,13703600,0.0,0.0
2022-07-14 00:00:00-04:00,34.79750061035156,37.98749923706055,34.04999923706055,34.04999923706055,20970400,0.0,0.0
2022-07-15 00:00:00-04:00,34.86000061035156,35.592498779296875,33.50749969482422,35.40999984741211,9832400,0.0,0.0
2022-07-18 00:00:00-04:00,36.25,37.400001525878906,35.775001525878906,36.65999984741211,11155200,0.0,0.0
2022-07-19 00:00:00-04:00,37.435001373291016,39.209999084472656,36.587501525878906,37.92499923706055,12828000,0.0,0.0
2022-07-20 00:00:00-04:00,38.5,40.407501220703125,38.349998474121094,39.6875,11400400,0.0,0.0
2022-07-21 00:00:00-04:00,39.93000030517578,40.0,37.290000915527344,38.36750030517578,9277600,0.0,0.0
2022-07-22 00:00:00-04:00,36.880001068115234,38.70000076293945,34.93000030517578,35.779998779296875,10060200,0.0,4.0
2022-07-25 00:00:00-04:00,35.0,35.5099983215332,33.25,33.97999954223633,5686300,0.0,0.0
2022-07-26 00:00:00-04:00,32.869998931884766,33.310001373291016,32.099998474121094,32.43000030517578,4866100,0.0,0.0
2022-07-27 00:00:00-04:00,32.959999084472656,34.119998931884766,32.15999984741211,33.779998779296875,4251200,0.0,0.0
2022-07-28 00:00:00-04:00,33.38999938964844,34.43000030517578,32.65999984741211,33.84000015258789,3207400,0.0,0.0
2022-07-29 00:00:00-04:00,33.68000030517578,34.790000915527344,33.060001373291016,34.0099983215332,3988800,0.0,0.0
2022-08-01 00:00:00-04:00,33.79999923706055,35.709999084472656,33.77000045776367,34.779998779296875,4196600,0.0,0.0
2022-08-02 00:00:00-04:00,35.900001525878906,36.79999923706055,35.119998931884766,35.84000015258789,4697100,0.0,0.0
2022-08-03 00:00:00-04:00,36.220001220703125,38.0099983215332,36.0,37.93000030517578,5186500,0.0,0.0
2022-08-04 00:00:00-04:00,38.34000015258789,39.88999938964844,37.88999938964844,38.36000061035156,5421500,0.0,0.0
2022-08-05 00:00:00-04:00,37.369998931884766,40.43000030517578,36.560001373291016,40.02000045776367,8124200,0.0,0.0
2022-08-08 00:00:00-04:00,41.290000915527344,47.9900016784668,40.75,43.45000076293945,17987100,0.0,0.0
2022-08-09 00:00:00-04:00,42.13999938964844,43.189998626708984,39.0,40.369998931884766,6954200,0.0,0.0
2022-08-10 00:00:00-04:00,42.0,42.0,38.630001068115234,40.529998779296875,5434700,0.0,0.0
2022-08-11 00:00:00-04:00,40.90999984741211,41.970001220703125,39.349998474121094,39.45000076293945,5140500,0.0,0.0
2022-08-12 00:00:00-04:00,40.0,41.43000030517578,39.150001525878906,40.7400016784668,5120000,0.0,0.0
2022-08-15 00:00:00-04:00,39.75,40.38999938964844,38.810001373291016,39.68000030517578,5243100,0.0,0.0
2022-08-16 00:00:00-04:00,39.16999816894531,45.529998779296875,38.599998474121094,42.189998626708984,23602800,0.0,0.0
2022-08-17 00:00:00-04:00,42.18000030517578,44.36000061035156,40.40999984741211,40.52000045776367,9766400,0.0,0.0
2022-08-18 00:00:00-04:00,39.27000045776367,40.06999969482422,37.34000015258789,37.93000030517578,8145400,0.0,0.0
2022-08-19 00:00:00-04:00,35.18000030517578,37.189998626708984,34.66999816894531,36.4900016784668,9551900,0.0,0.0
2022-08-22 00:00:00-04:00,34.310001373291016,36.20000076293945,34.20000076293945,34.5,5798600,0.0,0.0
2022-08-23 00:00:00-04:00,34.70000076293945,34.9900016784668,33.45000076293945,33.529998779296875,4836300,0.0,0.0
2022-08-24 00:00:00-04:00,34.0,34.939998626708984,32.439998626708984,32.5,5620300,0.0,0.0
2022-08-25 00:00:00-04:00,32.84000015258789,32.88999938964844,31.5,31.959999084472656,4726300,0.0,0.0
2022-08-26 00:00:00-04:00,31.5,32.380001068115234,30.6299991607666,30.940000534057617,4297300,0.0,0.0
2022-08-29 00:00:00-04:00,30.479999542236328,32.75,30.3799991607666,31.549999237060547,4292700,0.0,0.0
2022-08-30 00:00:00-04:00,31.6200008392334,31.8700008392334,29.420000076293945,29.84000015258789,5060200,0.0,0.0
2022-08-31 00:00:00-04:00,29.25,29.959999084472656,28.260000228881836,28.639999389648438,5157000,0.0,0.0
2022-09-01 00:00:00-04:00,28.0,28.90999984741211,26.950000762939453,27.6299991607666,5293900,0.0,0.0
2022-09-02 00:00:00-04:00,28.260000228881836,28.739999771118164,26.93000030517578,27.360000610351562,4680100,0.0,0.0
2022-09-06 00:00:00-04:00,25.75,26.719999313354492,24.670000076293945,25.139999389648438,7010200,0.0,0.0
2022-09-07 00:00:00-04:00,24.729999542236328,25.190000534057617,23.420000076293945,24.040000915527344,12504700,0.0,0.0
2022-09-08 00:00:00-04:00,25.0,26.739999771118164,24.06999969482422,25.829999923706055,14142200,0.0,0.0
2022-09-09 00:00:00-04:00,26.299999237060547,29.079999923706055,26.100000381469727,28.920000076293945,7899800,0.0,0.0
2022-09-12 00:00:00-04:00,29.030000686645508,30.34000015258789,28.0,29.239999771118164,6175200,0.0,0.0
2022-09-13 00:00:00-04:00,27.399999618530273,28.610000610351562,27.31999969482422,27.850000381469727,3657200,0.0,0.0
2022-09-14 00:00:00-04:00,27.559999465942383,28.450000762939453,26.649999618530273,28.1299991607666,3605800,0.0,0.0
2022-09-15 00:00:00-04:00,27.860000610351562,29.06999969482422,27.860000610351562,28.610000610351562,3329500,0.0,0.0
2022-09-16 00:00:00-04:00,28.329999923706055,28.799999237060547,27.780000686645508,28.639999389648438,4656000,0.0,0.0
2022-09-19 00:00:00-04:00,28.34000015258789,29.649999618530273,28.149999618530273,28.959999084472656,3404000,0.0,0.0
2022-09-20 00:00:00-04:00,29.280000686645508,29.329999923706055,27.18000030517578,27.540000915527344,3145900,0.0,0.0
2022-09-21 00:00:00-04:00,27.450000762939453,28.989999771118164,26.770000457763672,26.860000610351562,3859200,0.0,0.0
2022-09-22 00:00:00-04:00,27.170000076293945,27.270000457763672,24.3799991607666,24.700000762939453,4346500,0.0,0.0
2022-09-23 00:00:00-04:00,24.149999618530273,25.149999618530273,24.059999465942383,25.040000915527344,3622400,0.0,0.0
2022-09-26 00:00:00-04:00,24.65999984741211,25.8700008392334,24.1200008392334,24.479999542236328,3440300,0.0,0.0
2022-09-27 00:00:00-04:00,25.469999313354492,26.389999389648438,25.1299991607666,26.1299991607666,4487200,0.0,0.0
2022-09-28 00:00:00-04:00,25.889999389648438,27.5,25.6200008392334,27.309999465942383,2630100,0.0,0.0
2022-09-29 00:00:00-04:00,27.079999923706055,27.690000534057617,24.690000534057617,25.459999084472656,4118200,0.0,0.0
2022-09-30 00:00:00-04:00,25.030000686645508,25.81999969482422,24.440000534057617,25.1299991607666,3148300,0.0,0.0
2022-10-03 00:00:00-04:00,25.139999389648438,25.6299991607666,24.209999084472656,25.3799991607666,2653900,0.0,0.0
2022-10-04 00:00:00-04:00,25.950000762939453,27.829999923706055,25.950000762939453,27.600000381469727,4581900,0.0,0.0
2022-10-05 00:00:00-04:00,26.770000457763672,26.979999542236328,25.43000030517578,26.389999389648438,2986400,0.0,0.0
2022-10-06 00:00:00-04:00,26.290000915527344,27.0,25.799999237060547,25.989999771118164,2418700,0.0,0.0
2022-10-07 00:00:00-04:00,25.84000015258789,25.84000015258789,24.420000076293945,25.350000381469727,3270600,0.0,0.0
2022-10-10 00:00:00-04:00,25.3700008392334,26.5,24.75,25.0,2917600,0.0,0.0
2022-10-11 00:00:00-04:00,24.8700008392334,26.299999237060547,23.950000762939453,25.270000457763672,4195900,0.0,0.0
2022-10-12 00:00:00-04:00,25.959999084472656,26.889999389648438,25.270000457763672,25.360000610351562,3284400,0.0,0.0
2022-10-13 00:00:00-04:00,24.420000076293945,26.59000015258789,23.90999984741211,25.559999465942383,3516200,0.0,0.0
2022-10-14 00:00:00-04:00,25.770000457763672,26.3700008392334,24.6299991607666,24.6299991607666,2773500,0.0,0.0
2022-10-17 00:00:00-04:00,25.3700008392334,26.40999984741211,25.239999771118164,25.959999084472656,3172200,0.0,0.0
2022-10-18 00:00:00-04:00,27.100000381469727,27.739999771118164,26.1299991607666,26.670000076293945,4402600,0.0,0.0
2022-10-19 00:00:00-04:00,26.0,26.18000030517578,24.270000457763672,24.540000915527344,5318400,0.0,0.0
2022-10-20 00:00:00-04:00,24.649999618530273,25.450000762939453,24.06999969482422,24.40999984741211,5148600,0.0,0.0
2022-10-21 00:00:00-04:00,24.149999618530273,25.329999923706055,24.100000381469727,25.299999237060547,3036300,0.0,0.0
2022-10-24 00:00:00-04:00,25.0,25.190000534057617,24.110000610351562,24.709999084472656,3114300,0.0,0.0
2022-10-25 00:00:00-04:00,24.81999969482422,27.790000915527344,24.799999237060547,26.8700008392334,7791600,0.0,0.0
2022-10-26 00:00:00-04:00,26.3700008392334,27.479999542236328,25.31999969482422,25.420000076293945,3858200,0.0,0.0
2022-10-27 00:00:00-04:00,25.75,26.329999923706055,25.200000762939453,25.93000030517578,2422900,0.0,0.0
2022-10-28 00:00:00-04:00,26.8799991607666,28.790000915527344,26.420000076293945,28.170000076293945,8089600,0.0,0.0
2022-10-31 00:00:00-04:00,31.219999313354492,34.9900016784668,27.90999984741211,28.309999465942383,24027600,0.0,0.0
2022-11-01 00:00:00-04:00,29.399999618530273,29.690000534057617,27.6200008392334,28.389999389648438,5147500,0.0,0.0
2022-11-02 00:00:00-04:00,27.899999618530273,28.75,26.5,26.6200008392334,4143900,0.0,0.0
2022-11-03 00:00:00-04:00,26.0,27.290000915527344,26.0,26.290000915527344,3384400,0.0,0.0
2022-11-04 00:00:00-04:00,26.600000381469727,27.030000686645508,25.34000015258789,26.510000228881836,4138000,0.0,0.0
2022-11-07 00:00:00-05:00,26.25,26.299999237060547,24.799999237060547,25.760000228881836,3303600,0.0,0.0
2022-11-08 00:00:00-05:00,25.329999923706055,25.850000381469727,24.110000610351562,25.139999389648438,4695100,0.0,0.0
2022-11-09 00:00:00-05:00,24.549999237060547,24.670000076293945,21.889999389648438,23.110000610351562,8464800,0.0,0.0
2022-11-10 00:00:00-05:00,24.6200008392334,25.700000762939453,23.90999984741211,24.8799991607666,6107000,0.0,0.0
2022-11-11 00:00:00-05:00,24.780000686645508,26.1200008392334,24.149999618530273,26.100000381469727,3986200,0.0,0.0
2022-11-14 00:00:00-05:00,26.299999237060547,27.3799991607666,25.610000610351562,26.049999237060547,4352200,0.0,0.0
2022-11-15 00:00:00-05:00,26.59000015258789,28.239999771118164,26.270000457763672,27.59000015258789,5392000,0.0,0.0
2022-11-16 00:00:00-05:00,26.6200008392334,27.350000381469727,26.3700008392334,27.139999389648438,2452300,0.0,0.0
2022-11-17 00:00:00-05:00,26.299999237060547,27.760000228881836,26.149999618530273,27.760000228881836,2477700,0.0,0.0
2022-11-18 00:00:00-05:00,28.15999984741211,28.700000762939453,26.829999923706055,27.600000381469727,3087400,0.0,0.0
2022-11-21 00:00:00-05:00,26.65999984741211,27.829999923706055,24.860000610351562,25.15999984741211,4443300,0.0,0.0
2022-11-22 00:00:00-05:00,25.1299991607666,26.450000762939453,24.700000762939453,26.299999237060547,4240400,0.0,0.0
2022-11-23 00:00:00-05:00,25.920000076293945,27.139999389648438,25.920000076293945,26.700000762939453,2737500,0.0,0.0
2022-11-25 00:00:00-05:00,26.5,27.049999237060547,26.139999389648438,26.170000076293945,1122700,0.0,0.0
2022-11-28 00:00:00-05:00,25.790000915527344,26.440000534057617,25.209999084472656,25.290000915527344,2440900,0.0,0.0
2022-11-29 00:00:00-05:00,25.579999923706055,26.350000381469727,25.31999969482422,25.600000381469727,2029500,0.0,0.0
2022-11-30 00:00:00-05:00,25.899999618530273,26.229999542236328,24.90999984741211,26.209999084472656,3731100,0.0,0.0
2022-12-01 00:00:00-05:00,26.0,27.5,25.18000030517578,26.600000381469727,7615200,0.0,0.0
2022-12-02 00:00:00-05:00,26.25,27.8700008392334,26.110000610351562,27.520000457763672,4577200,0.0,0.0
2022-12-05 00:00:00-05:00,27.309999465942383,27.479999542236328,25.440000534057617,25.559999465942383,4973700,0.0,0.0
2022-12-06 00:00:00-05:00,25.40999984741211,25.579999923706055,23.110000610351562,23.389999389648438,7699300,0.0,0.0
2022-12-07 00:00:00-05:00,23.399999618530273,23.610000610351562,21.969999313354492,22.260000228881836,10078200,0.0,0.0
2022-12-08 00:00:00-05:00,22.0,25.0,21.969999313354492,24.790000915527344,10252000,0.0,0.0
2022-12-09 00:00:00-05:00,24.59000015258789,24.59000015258789,22.59000015258789,22.6299991607666,5326700,0.0,0.0
2022-12-12 00:00:00-05:00,22.65999984741211,23.149999618530273,22.18000030517578,22.670000076293945,3750800,0.0,0.0
2022-12-13 00:00:00-05:00,23.549999237060547,23.700000762939453,20.829999923706055,21.0,6305600,0.0,0.0
2022-12-14 00:00:00-05:00,21.190000534057617,22.0,21.010000228881836,21.049999237060547,4604800,0.0,0.0
2022-12-15 00:00:00-05:00,20.739999771118164,21.440000534057617,20.239999771118164,20.579999923706055,6444500,0.0,0.0
2022-12-16 00:00:00-05:00,20.479999542236328,21.1200008392334,20.010000228881836,20.799999237060547,9379700,0.0,0.0
2022-12-19 00:00:00-05:00,20.549999237060547,20.889999389648438,19.59000015258789,19.920000076293945,3700600,0.0,0.0
2022-12-20 00:00:00-05:00,19.860000610351562,21.31999969482422,19.6200008392334,20.260000228881836,4479000,0.0,0.0
2022-12-21 00:00:00-05:00,20.399999618530273,20.899999618530273,20.18000030517578,20.559999465942383,2793600,0.0,0.0
2022-12-22 00:00:00-05:00,20.5,20.5,18.5,19.809999465942383,5343100,0.0,0.0
2022-12-23 00:00:00-05:00,20.0,20.6299991607666,19.649999618530273,20.079999923706055,3174800,0.0,0.0
2022-12-27 00:00:00-05:00,19.90999984741211,19.989999771118164,18.0,18.200000762939453,4233000,0.0,0.0
2022-12-28 00:00:00-05:00,18.290000915527344,18.700000762939453,16.979999542236328,17.920000076293945,5672000,0.0,0.0
2022-12-29 00:00:00-05:00,18.1200008392334,18.56999969482422,17.75,18.329999923706055,3442800,0.0,0.0
2022-12-30 00:00:00-05:00,17.950000762939453,18.579999923706055,17.899999618530273,18.459999084472656,2669500,0.0,0.0
2023-01-03 00:00:00-05:00,18.639999389648438,19.260000228881836,17.09000015258789,17.200000762939453,5135200,0.0,0.0
2023-01-04 00:00:00-05:00,17.25,17.93000030517578,16.899999618530273,17.31999969482422,3939300,0.0,0.0
2023-01-05 00:00:00-05:00,17.059999465942383,17.260000228881836,15.890000343322754,16.219999313354492,6066200,0.0,0.0
2023-01-06 00:00:00-05:00,16.0,16.56999969482422,15.40999984741211,16.459999084472656,4823400,0.0,0.0
2023-01-09 00:00:00-05:00,16.649999618530273,17.1299991607666,16.360000610351562,16.3799991607666,3522600,0.0,0.0
2023-01-10 00:00:00-05:00,16.299999237060547,18.09000015258789,16.25,17.770000457763672,4402800,0.0,0.0
2023-01-11 00:00:00-05:00,18.190000534057617,20.049999237060547,17.860000610351562,19.040000915527344,8405800,0.0,0.0
2023-01-12 00:00:00-05:00,19.040000915527344,20.6299991607666,18.34000015258789,20.6299991607666,5877300,0.0,0.0
2023-01-13 00:00:00-05:00,19.8799991607666,21.110000610351562,19.799999237060547,20.489999771118164,5494400,0.0,0.0
2023-01-17 00:00:00-05:00,20.489999771118164,21.940000534057617,20.3700008392334,21.799999237060547,5407900,0.0,0.0
2023-01-18 00:00:00-05:00,22.010000228881836,22.149999618530273,20.5,20.790000915527344,5632200,0.0,0.0
2023-01-19 00:00:00-05:00,20.440000534057617,20.450000762939453,18.81999969482422,19.040000915527344,4519200,0.0,0.0
2023-01-20 00:00:00-05:00,19.049999237060547,20.06999969482422,18.899999618530273,19.610000610351562,3564300,0.0,0.0
2023-01-23 00:00:00-05:00,19.5,22.489999771118164,19.3700008392334,21.65999984741211,7181500,0.0,0.0
2023-01-24 00:00:00-05:00,21.299999237060547,22.09000015258789,21.0,21.399999618530273,2381600,0.0,0.0
2023-01-25 00:00:00-05:00,20.59000015258789,20.84000015258789,19.530000686645508,20.229999542236328,3515800,0.0,0.0
2023-01-26 00:00:00-05:00,20.610000610351562,21.170000076293945,19.3799991607666,20.010000228881836,3520000,0.0,0.0
2023-01-27 00:00:00-05:00,19.799999237060547,23.309999465942383,19.40999984741211,22.81999969482422,11897200,0.0,0.0
2023-01-30 00:00:00-05:00,22.5,23.479999542236328,21.1299991607666,21.25,4950600,0.0,0.0
2023-01-31 00:00:00-05:00,21.40999984741211,22.049999237060547,21.299999237060547,21.8700008392334,3128400,0.0,0.0
2023-02-01 00:00:00-05:00,21.489999771118164,22.1200008392334,20.549999237060547,21.829999923706055,4517200,0.0,0.0
2023-02-02 00:00:00-05:00,22.440000534057617,24.399999618530273,22.219999313354492,22.700000762939453,7655700,0.0,0.0
2023-02-03 00:00:00-05:00,22.010000228881836,23.93000030517578,21.799999237060547,22.25,4935900,0.0,0.0
2023-02-06 00:00:00-05:00,21.8799991607666,24.8799991607666,21.770000457763672,23.860000610351562,8708400,0.0,0.0
2023-02-07 00:00:00-05:00,23.0,23.049999237060547,20.5,21.219999313354492,9093700,0.0,0.0
2023-02-08 00:00:00-05:00,21.43000030517578,21.549999237060547,20.610000610351562,21.100000381469727,2846400,0.0,0.0
2023-02-09 00:00:00-05:00,21.25,21.649999618530273,19.670000076293945,19.670000076293945,4497400,0.0,0.0
2023-02-10 00:00:00-05:00,19.559999465942383,20.040000915527344,19.049999237060547,19.270000457763672,2902700,0.0,0.0
2023-02-13 00:00:00-05:00,19.299999237060547,19.940000534057617,19.010000228881836,19.690000534057617,2299300,0.0,0.0
2023-02-14 00:00:00-05:00,19.309999465942383,20.010000228881836,19.100000381469727,19.8700008392334,2746300,0.0,0.0
2023-02-15 00:00:00-05:00,19.799999237060547,21.799999237060547,19.59000015258789,21.799999237060547,7137800,0.0,0.0
2023-02-16 00:00:00-05:00,21.25,22.420000076293945,20.850000381469727,21.600000381469727,3879000,0.0,0.0
2023-02-17 00:00:00-05:00,21.270000457763672,22.06999969482422,21.149999618530273,21.989999771118164,2851000,0.0,0.0
2023-02-21 00:00:00-05:00,21.329999923706055,21.829999923706055,20.6299991607666,20.65999984741211,3100300,0.0,0.0
2023-02-22 00:00:00-05:00,20.530000686645508,21.190000534057617,20.329999923706055,20.520000457763672,2164900,0.0,0.0
2023-02-23 00:00:00-05:00,20.65999984741211,20.8700008392334,19.530000686645508,20.139999389648438,2862000,0.0,0.0
2023-02-24 00:00:00-05:00,19.709999084472656,20.079999923706055,19.540000915527344,19.540000915527344,2277600,0.0,0.0
2023-02-27 00:00:00-05:00,19.610000610351562,19.700000762939453,18.889999389648438,19.100000381469727,4006700,0.0,0.0
2023-02-28 00:00:00-05:00,19.059999465942383,19.520000457763672,18.950000762939453,19.229999542236328,3373800,0.0,0.0
2023-03-01 00:00:00-05:00,18.920000076293945,19.09000015258789,18.139999389648438,18.149999618530273,4210100,0.0,0.0
2023-03-02 00:00:00-05:00,18.149999618530273,18.399999618530273,17.6200008392334,18.190000534057617,2622100,0.0,0.0
2023-03-03 00:00:00-05:00,18.190000534057617,19.100000381469727,18.100000381469727,18.700000762939453,2505500,0.0,0.0
2023-03-06 00:00:00-05:00,18.520000457763672,19.5,18.520000457763672,18.649999618530273,2815300,0.0,0.0
2023-03-07 00:00:00-05:00,18.540000915527344,18.84000015258789,18.059999465942383,18.059999465942383,2375300,0.0,0.0
2023-03-08 00:00:00-05:00,18.049999237060547,18.3799991607666,17.6299991607666,18.170000076293945,3277800,0.0,0.0
2023-03-09 00:00:00-05:00,18.06999969482422,18.3799991607666,17.479999542236328,17.520000457763672,2652600,0.0,0.0
2023-03-10 00:00:00-05:00,17.530000686645508,17.770000457763672,16.850000381469727,17.25,2845500,0.0,0.0
2023-03-13 00:00:00-04:00,16.770000457763672,17.350000381469727,16.520000457763672,16.75,2959100,0.0,0.0
2023-03-14 00:00:00-04:00,17.3700008392334,17.40999984741211,16.399999618530273,16.90999984741211,3077400,0.0,0.0
2023-03-15 00:00:00-04:00,16.5,16.690000534057617,15.699999809265137,15.949999809265137,4541500,0.0,0.0
2023-03-16 00:00:00-04:00,16.0,16.770000457763672,15.529999732971191,16.760000228881836,4083000,0.0,0.0
2023-03-17 00:00:00-04:00,16.6200008392334,16.719999313354492,15.920000076293945,16.600000381469727,5105500,0.0,0.0
2023-03-20 00:00:00-04:00,16.649999618530273,17.270000457763672,16.25,16.8700008392334,4463700,0.0,0.0
2023-03-21 00:00:00-04:00,17.149999618530273,18.350000381469727,17.139999389648438,17.649999618530273,15882900,0.0,0.0
2023-03-22 00:00:00-04:00,26.600000381469727,27.0,23.049999237060547,23.8700008392334,66764700,0.0,0.0
2023-03-23 00:00:00-04:00,22.56999969482422,24.59000015258789,22.1299991607666,22.579999923706055,11168900,0.0,0.0
2023-03-24 00:00:00-04:00,22.31999969482422,23.989999771118164,22.100000381469727,23.979999542236328,8756400,0.0,0.0
2023-03-27 00:00:00-04:00,23.989999771118164,24.010000228881836,22.690000534057617,23.0,4580800,0.0,0.0
2023-03-28 00:00:00-04:00,22.969999313354492,23.540000915527344,22.219999313354492,23.149999618530273,5711700,0.0,0.0
2023-03-29 00:00:00-04:00,23.079999923706055,23.700000762939453,22.219999313354492,22.459999084472656,4161400,0.0,0.0
2023-03-30 00:00:00-04:00,22.600000381469727,22.829999923706055,22.110000610351562,22.5,3477600,0.0,0.0
2023-03-31 00:00:00-04:00,22.350000381469727,23.06999969482422,22.149999618530273,23.020000457763672,3880300,0.0,0.0
2023-04-03 00:00:00-04:00,22.940000534057617,23.850000381469727,22.65999984741211,23.170000076293945,4274500,0.0,0.0
2023-04-04 00:00:00-04:00,22.75,23.139999389648438,22.09000015258789,22.350000381469727,3421500,0.0,0.0
2023-04-05 00:00:00-04:00,22.469999313354492,22.469999313354492,21.229999542236328,22.06999969482422,3638100,0.0,0.0
2023-04-06 00:00:00-04:00,22.0,22.670000076293945,21.770000457763672,22.399999618530273,2506900,0.0,0.0
2023-04-10 00:00:00-04:00,21.850000381469727,22.43000030517578,21.81999969482422,22.3700008392334,2176100,0.0,0.0
2023-04-11 00:00:00-04:00,22.56999969482422,23.170000076293945,22.420000076293945,22.690000534057617,2540000,0.0,0.0
2023-04-12 00:00:00-04:00,22.899999618530273,23.280000686645508,22.260000228881836,22.260000228881836,2141100,0.0,0.0
2023-04-13 00:00:00-04:00,22.5,22.850000381469727,22.329999923706055,22.549999237060547,1803900,0.0,0.0
2023-04-14 00:00:00-04:00,22.739999771118164,23.25,22.31999969482422,22.459999084472656,2312400,0.0,0.0
2023-04-17 00:00:00-04:00,22.270000457763672,22.68000030517578,22.139999389648438,22.280000686645508,2066600,0.0,0.0
2023-04-18 00:00:00-04:00,22.139999389648438,22.31999969482422,21.5,21.610000610351562,2748700,0.0,0.0
2023-04-19 00:00:00-04:00,21.280000686645508,21.8700008392334,20.959999084472656,21.309999465942383,2539500,0.0,0.0
2023-04-20 00:00:00-04:00,20.8799991607666,21.56999969482422,20.059999465942383,20.219999313354492,2977400,0.0,0.0
2023-04-21 00:00:00-04:00,20.200000762939453,20.6200008392334,20.100000381469727,20.489999771118164,2085900,0.0,0.0
2023-04-24 00:00:00-04:00,20.149999618530273,20.40999984741211,19.809999465942383,19.93000030517578,2742400,0.0,0.0
2023-04-25 00:00:00-04:00,19.739999771118164,20.040000915527344,18.90999984741211,19.0,2560800,0.0,0.0
2023-04-26 00:00:00-04:00,18.979999542236328,19.229999542236328,18.649999618530273,18.649999618530273,2287600,0.0,0.0
2023-04-27 00:00:00-04:00,18.75,19.34000015258789,18.719999313354492,18.940000534057617,2238900,0.0,0.0
2023-04-28 00:00:00-04:00,18.920000076293945,19.719999313354492,18.8799991607666,19.290000915527344,2836600,0.0,0.0
2023-05-01 00:00:00-04:00,19.15999984741211,19.25,18.459999084472656,18.549999237060547,2356600,0.0,0.0
2023-05-02 00:00:00-04:00,18.450000762939453,18.579999923706055,18.059999465942383,18.579999923706055,1918300,0.0,0.0
2023-05-03 00:00:00-04:00,18.559999465942383,19.200000762939453,18.530000686645508,18.899999618530273,3184000,0.0,0.0
2023-05-04 00:00:00-04:00,19.25,19.479999542236328,18.920000076293945,19.350000381469727,2041800,0.0,0.0
2023-05-05 00:00:00-04:00,19.6200008392334,20.8799991607666,19.510000228881836,20.420000076293945,4357200,0.0,0.0
2023-05-08 00:00:00-04:00,20.459999084472656,20.989999771118164,20.09000015258789,20.510000228881836,2402800,0.0,0.0
2023-05-09 00:00:00-04:00,20.15999984741211,20.649999618530273,20.1200008392334,20.239999771118164,1522700,0.0,0.0
2023-05-10 00:00:00-04:00,20.450000762939453,20.959999084472656,20.3799991607666,20.760000228881836,2139900,0.0,0.0
2023-05-11 00:00:00-04:00,20.690000534057617,21.15999984741211,20.510000228881836,20.8799991607666,1652500,0.0,0.0
2023-05-12 00:00:00-04:00,20.829999923706055,20.979999542236328,20.229999542236328,20.690000534057617,2006100,0.0,0.0
2023-05-15 00:00:00-04:00,20.6200008392334,21.6299991607666,20.489999771118164,21.6200008392334,2602000,0.0,0.0
2023-05-16 00:00:00-04:00,21.5,22.100000381469727,21.420000076293945,21.989999771118164,2498000,0.0,0.0
2023-05-17 00:00:00-04:00,21.989999771118164,23.25,21.899999618530273,22.8700008392334,4573000,0.0,0.0
2023-05-18 00:00:00-04:00,22.899999618530273,23.299999237060547,22.68000030517578,23.049999237060547,2144400,0.0,0.0
2023-05-19 00:00:00-04:00,22.940000534057617,22.989999771118164,21.75,22.059999465942383,2668200,0.0,0.0
2023-05-22 00:00:00-04:00,22.100000381469727,24.360000610351562,21.989999771118164,24.209999084472656,6251600,0.0,0.0
2023-05-23 00:00:00-04:00,23.889999389648438,23.899999618530273,22.799999237060547,23.15999984741211,3786500,0.0,0.0
2023-05-24 00:00:00-04:00,23.1299991607666,23.520000457763672,22.729999542236328,23.270000457763672,1901000,0.0,0.0
2023-05-25 00:00:00-04:00,23.5,23.690000534057617,22.709999084472656,23.350000381469727,2494400,0.0,0.0
2023-05-26 00:00:00-04:00,23.469999313354492,23.709999084472656,23.059999465942383,23.25,2261900,0.0,0.0
2023-05-30 00:00:00-04:00,23.350000381469727,24.690000534057617,23.299999237060547,24.56999969482422,5037800,0.0,0.0
2023-05-31 00:00:00-04:00,24.510000228881836,24.799999237060547,23.8799991607666,24.049999237060547,4265200,0.0,0.0
2023-06-01 00:00:00-04:00,24.040000915527344,24.65999984741211,23.780000686645508,24.100000381469727,3845000,0.0,0.0
2023-06-02 00:00:00-04:00,24.290000915527344,24.93000030517578,24.280000686645508,24.639999389648438,3300700,0.0,0.0
2023-06-05 00:00:00-04:00,24.530000686645508,25.84000015258789,24.15999984741211,24.309999465942383,4201900,0.0,0.0
2023-06-06 00:00:00-04:00,24.010000228881836,25.25,24.0,24.690000534057617,3984300,0.0,0.0
2023-06-07 00:00:00-04:00,26.200000762939453,26.549999237060547,25.06999969482422,26.110000610351562,18001100,0.0,0.0
2023-06-08 00:00:00-04:00,20.299999237060547,22.0,20.100000381469727,21.440000534057617,19213300,0.0,0.0
2023-06-09 00:00:00-04:00,21.780000686645508,23.43000030517578,21.5,22.68000030517578,10342600,0.0,0.0
2023-06-12 00:00:00-04:00,22.850000381469727,24.299999237060547,22.739999771118164,24.299999237060547,7131400,0.0,0.0
2023-06-13 00:00:00-04:00,26.200000762939453,27.649999618530273,25.030000686645508,26.950000762939453,17160600,0.0,0.0
2023-06-14 00:00:00-04:00,26.719999313354492,27.079999923706055,24.899999618530273,25.700000762939453,7243700,0.0,0.0
2023-06-15 00:00:00-04:00,25.40999984741211,26.170000076293945,24.639999389648438,24.84000015258789,5501800,0.0,0.0
2023-06-16 00:00:00-04:00,25.020000457763672,25.110000610351562,24.420000076293945,24.559999465942383,4443500,0.0,0.0
2023-06-20 00:00:00-04:00,24.40999984741211,24.649999618530273,23.719999313354492,24.579999923706055,3250700,0.0,0.0
2023-06-21 00:00:00-04:00,24.84000015258789,25.100000381469727,24.100000381469727,24.43000030517578,2404700,0.0,0.0
2023-06-22 00:00:00-04:00,24.1299991607666,24.329999923706055,23.760000228881836,24.31999969482422,1889600,0.0,0.0
2023-06-23 00:00:00-04:00,23.780000686645508,24.149999618530273,23.68000030517578,23.700000762939453,2261000,0.0,0.0
2023-06-26 00:00:00-04:00,23.3799991607666,24.030000686645508,22.90999984741211,23.020000457763672,2525200,0.0,0.0
2023-06-27 00:00:00-04:00,23.290000915527344,23.600000381469727,23.0,23.579999923706055,2141500,0.0,0.0
2023-06-28 00:00:00-04:00,23.440000534057617,25.100000381469727,23.399999618530273,24.979999542236328,3493900,0.0,0.0
2023-06-29 00:00:00-04:00,24.959999084472656,25.469999313354492,24.6200008392334,24.899999618530273,3101000,0.0,0.0
2023-06-30 00:00:00-04:00,24.969999313354492,25.1299991607666,24.25,24.25,2803300,0.0,0.0
2023-07-03 00:00:00-04:00,24.290000915527344,25.110000610351562,24.209999084472656,24.90999984741211,1806600,0.0,0.0
2023-07-05 00:00:00-04:00,24.639999389648438,24.850000381469727,23.790000915527344,23.899999618530273,2263100,0.0,0.0
2023-07-06 00:00:00-04:00,23.520000457763672,23.56999969482422,22.81999969482422,22.829999923706055,2384600,0.0,0.0
2023-07-07 00:00:00-04:00,22.969999313354492,23.530000686645508,22.670000076293945,22.709999084472656,2447200,0.0,0.0
2023-07-10 00:00:00-04:00,22.610000610351562,23.559999465942383,22.0,23.540000915527344,3318200,0.0,0.0
2023-07-11 00:00:00-04:00,23.200000762939453,24.440000534057617,23.200000762939453,23.90999984741211,3057100,0.0,0.0
2023-07-12 00:00:00-04:00,24.25,24.309999465942383,23.440000534057617,23.440000534057617,1742200,0.0,0.0
2023-07-13 00:00:00-04:00,23.540000915527344,23.979999542236328,23.420000076293945,23.459999084472656,1912200,0.0,0.0
2023-07-14 00:00:00-04:00,23.489999771118164,23.719999313354492,22.940000534057617,22.969999313354492,2178800,0.0,0.0
2023-07-17 00:00:00-04:00,22.8799991607666,23.309999465942383,22.700000762939453,22.81999969482422,2026000,0.0,0.0
2023-07-18 00:00:00-04:00,22.719999313354492,23.799999237060547,22.68000030517578,23.079999923706055,2342000,0.0,0.0
2023-07-19 00:00:00-04:00,23.420000076293945,23.579999923706055,22.959999084472656,23.170000076293945,2250100,0.0,0.0
2023-07-20 00:00:00-04:00,23.010000228881836,23.219999313354492,22.65999984741211,22.90999984741211,2256700,0.0,0.0
2023-07-21 00:00:00-04:00,23.049999237060547,23.219999313354492,22.15999984741211,22.18000030517578,3167900,0.0,0.0
2023-07-24 00:00:00-04:00,22.420000076293945,23.040000915527344,22.200000762939453,23.040000915527344,2970400,0.0,0.0
2023-07-25 00:00:00-04:00,23.100000381469727,23.100000381469727,22.530000686645508,22.850000381469727,1672000,0.0,0.0
2023-07-26 00:00:00-04:00,22.700000762939453,22.989999771118164,22.479999542236328,22.700000762939453,1489200,0.0,0.0
2023-07-27 00:00:00-04:00,22.940000534057617,23.489999771118164,22.1299991607666,22.219999313354492,3370900,0.0,0.0
2023-07-28 00:00:00-04:00,22.020000457763672,22.489999771118164,21.790000915527344,21.93000030517578,2642100,0.0,0.0
2023-07-31 00:00:00-04:00,22.0,22.3799991607666,21.850000381469727,22.200000762939453,1973400,0.0,0.0
2023-08-01 00:00:00-04:00,21.950000762939453,22.0,21.260000228881836,21.5,2567100,0.0,0.0
2023-08-02 00:00:00-04:00,21.149999618530273,21.149999618530273,20.34000015258789,20.829999923706055,2625800,0.0,0.0
2023-08-03 00:00:00-04:00,20.8799991607666,21.18000030517578,20.739999771118164,20.93000030517578,1318700,0.0,0.0
2023-08-04 00:00:00-04:00,20.950000762939453,21.889999389648438,20.889999389648438,20.979999542236328,2406000,0.0,0.0
2023-08-07 00:00:00-04:00,20.899999618530273,21.239999771118164,20.479999542236328,21.06999969482422,1441300,0.0,0.0
2023-08-08 00:00:00-04:00,20.700000762939453,20.899999618530273,20.280000686645508,20.739999771118164,1431300,0.0,0.0
2023-08-09 00:00:00-04:00,20.850000381469727,20.850000381469727,19.81999969482422,19.93000030517578,2929600,0.0,0.0
2023-08-10 00:00:00-04:00,20.0,20.290000915527344,19.8700008392334,20.190000534057617,1432400,0.0,0.0
2023-08-11 00:00:00-04:00,20.030000686645508,20.3799991607666,19.969999313354492,20.190000534057617,1522900,0.0,0.0
2023-08-14 00:00:00-04:00,19.75,20.010000228881836,19.079999923706055,19.959999084472656,3329300,0.0,0.0
2023-08-15 00:00:00-04:00,19.770000457763672,19.780000686645508,19.09000015258789,19.329999923706055,2290300,0.0,0.0
2023-08-16 00:00:00-04:00,19.18000030517578,19.34000015258789,18.549999237060547,18.59000015258789,3015600,0.0,0.0
2023-08-17 00:00:00-04:00,18.790000915527344,18.809999465942383,18.299999237060547,18.3799991607666,2056800,0.0,0.0
2023-08-18 00:00:00-04:00,18.18000030517578,18.65999984741211,18.139999389648438,18.360000610351562,2029100,0.0,0.0
2023-08-21 00:00:00-04:00,18.299999237060547,18.81999969482422,18.200000762939453,18.479999542236328,2864700,0.0,0.0
2023-08-22 00:00:00-04:00,18.6200008392334,18.6200008392334,17.25,17.260000228881836,3782100,0.0,0.0
2023-08-23 00:00:00-04:00,17.25,17.34000015258789,16.8799991607666,16.889999389648438,2909100,0.0,0.0
2023-08-24 00:00:00-04:00,16.940000534057617,16.979999542236328,16.18000030517578,16.360000610351562,3624500,0.0,0.0
2023-08-25 00:00:00-04:00,16.5,17.18000030517578,16.450000762939453,17.1299991607666,3423500,0.0,0.0
2023-08-28 00:00:00-04:00,17.350000381469727,18.110000610351562,17.25,17.56999969482422,3007400,0.0,0.0
2023-08-29 00:00:00-04:00,17.600000381469727,18.549999237060547,17.600000381469727,18.239999771118164,2709200,0.0,0.0
2023-08-30 00:00:00-04:00,18.200000762939453,18.520000457763672,17.90999984741211,18.3700008392334,1884500,0.0,0.0
2023-08-31 00:00:00-04:00,18.40999984741211,19.420000076293945,18.149999618530273,18.549999237060547,4674100,0.0,0.0
2023-09-01 00:00:00-04:00,18.65999984741211,18.729999542236328,18.31999969482422,18.420000076293945,2135900,0.0,0.0
2023-09-05 00:00:00-04:00,18.450000762939453,19.34000015258789,18.260000228881836,19.229999542236328,3781300,0.0,0.0
2023-09-06 00:00:00-04:00,19.059999465942383,19.149999618530273,18.420000076293945,18.75,6107200,0.0,0.0
2023-09-07 00:00:00-04:00,19.1299991607666,19.479999542236328,17.610000610351562,18.889999389648438,5021300,0.0,0.0
2023-09-08 00:00:00-04:00,18.149999618530273,18.5,17.350000381469727,17.709999084472656,4689200,0.0,0.0
2023-09-11 00:00:00-04:00,17.850000381469727,17.850000381469727,16.899999618530273,17.020000457763672,3543800,0.0,0.0
2023-09-12 00:00:00-04:00,17.530000686645508,18.5,17.190000534057617,17.229999542236328,5179400,0.0,0.0
2023-09-13 00:00:00-04:00,17.309999465942383,17.93000030517578,17.270000457763672,17.809999465942383,3012600,0.0,0.0
2023-09-14 00:00:00-04:00,17.799999237060547,18.520000457763672,17.600000381469727,18.329999923706055,3078000,0.0,0.0
2023-09-15 00:00:00-04:00,18.360000610351562,18.610000610351562,18.149999618530273,18.219999313354492,6166600,0.0,0.0
2023-09-18 00:00:00-04:00,17.989999771118164,18.100000381469727,17.350000381469727,17.549999237060547,3694600,0.0,0.0
2023-09-19 00:00:00-04:00,17.59000015258789,17.639999389648438,17.1299991607666,17.520000457763672,2584200,0.0,0.0
2023-09-20 00:00:00-04:00,17.6299991607666,17.93000030517578,17.450000762939453,17.520000457763672,2129800,0.0,0.0
2023-09-21 00:00:00-04:00,17.280000686645508,17.31999969482422,16.649999618530273,17.020000457763672,2910700,0.0,0.0
2023-09-22 00:00:00-04:00,17.18000030517578,17.350000381469727,17.0,17.18000030517578,2100300,0.0,0.0
2023-09-25 00:00:00-04:00,17.0,17.719999313354492,16.850000381469727,17.670000076293945,2181200,0.0,0.0
2023-09-26 00:00:00-04:00,17.3799991607666,17.81999969482422,16.780000686645508,16.780000686645508,2726800,0.0,0.0
2023-09-27 00:00:00-04:00,16.8700008392334,17.260000228881836,16.809999465942383,17.149999618530273,1681300,0.0,0.0
2023-09-28 00:00:00-04:00,18.020000457763672,18.100000381469727,16.440000534057617,16.84000015258789,7431900,0.0,0.0
2023-09-29 00:00:00-04:00,17.049999237060547,17.260000228881836,16.399999618530273,16.459999084472656,3397000,0.0,0.0
2023-10-02 00:00:00-04:00,16.299999237060547,16.309999465942383,15.260000228881836,15.390000343322754,6087700,0.0,0.0
2023-10-03 00:00:00-04:00,15.289999961853027,15.289999961853027,14.569999694824219,14.600000381469727,4510300,0.0,0.0
2023-10-04 00:00:00-04:00,14.770000457763672,14.9399995803833,14.4399995803833,14.869999885559082,2586400,0.0,0.0
2023-10-05 00:00:00-04:00,14.699999809265137,14.979999542236328,14.579999923706055,14.710000038146973,1945100,0.0,0.0
2023-10-06 00:00:00-04:00,14.59000015258789,15.260000228881836,14.579999923706055,15.079999923706055,2467100,0.0,0.0
2023-10-09 00:00:00-04:00,14.770000457763672,15.5,14.720000267028809,15.399999618530273,2276300,0.0,0.0
2023-10-10 00:00:00-04:00,15.5,16.190000534057617,15.399999618530273,16.0,2915900,0.0,0.0
2023-10-11 00:00:00-04:00,16.010000228881836,16.09000015258789,15.739999771118164,15.819999694824219,2098200,0.0,0.0
2023-10-12 00:00:00-04:00,15.770000457763672,15.800000190734863,14.819999694824219,15.09000015258789,3180300,0.0,0.0
2023-10-13 00:00:00-04:00,14.920000076293945,15.109999656677246,14.779999732971191,14.920000076293945,1823300,0.0,0.0
2023-10-16 00:00:00-04:00,14.8100004196167,14.930000305175781,14.149999618530273,14.430000305175781,3508600,0.0,0.0
2023-10-17 00:00:00-04:00,14.25,14.829999923706055,14.100000381469727,14.119999885559082,3842400,0.0,0.0
2023-10-18 00:00:00-04:00,14.0,14.25,13.8100004196167,13.850000381469727,4045800,0.0,0.0
2023-10-19 00:00:00-04:00,13.800000190734863,13.850000381469727,12.899999618530273,13.15999984741211,5808000,0.0,0.0
2023-10-20 00:00:00-04:00,13.180000305175781,13.800000190734863,13.119999885559082,13.4399995803833,3661800,0.0,0.0
2023-10-23 00:00:00-04:00,13.279999732971191,13.59000015258789,13.039999961853027,13.4399995803833,2785500,0.0,0.0
2023-10-24 00:00:00-04:00,13.59000015258789,14.300000190734863,13.550000190734863,14.039999961853027,3738300,0.0,0.0
2023-10-25 00:00:00-04:00,14.010000228881836,14.010000228881836,13.609999656677246,13.710000038146973,1967300,0.0,0.0
2023-10-26 00:00:00-04:00,13.729999542236328,13.800000190734863,13.40999984741211,13.5,2036400,0.0,0.0
2023-10-27 00:00:00-04:00,13.510000228881836,13.619999885559082,13.020000457763672,13.119999885559082,2481700,0.0,0.0
2023-10-30 00:00:00-04:00,13.149999618530273,13.270000457763672,12.59000015258789,12.800000190734863,3475900,0.0,0.0
2023-10-31 00:00:00-04:00,12.850000381469727,13.899999618530273,12.819999694824219,13.770000457763672,4574600,0.0,0.0
2023-11-01 00:00:00-04:00,13.779999732971191,13.800000190734863,13.010000228881836,13.010000228881836,3430100,0.0,0.0
2023-11-02 00:00:00-04:00,13.369999885559082,13.699999809265137,13.279999732971191,13.640000343322754,3566600,0.0,0.0
2023-11-03 00:00:00-04:00,13.899999618530273,14.399999618530273,13.829999923706055,13.869999885559082,2966200,0.0,0.0
2023-11-06 00:00:00-05:00,13.989999771118164,14.050000190734863,13.489999771118164,13.529999732971191,2164400,0.0,0.0
2023-11-07 00:00:00-05:00,13.470000267028809,13.789999961853027,13.229999542236328,13.640000343322754,2354400,0.0,0.0
2023-11-08 00:00:00-05:00,13.510000228881836,13.760000228881836,13.279999732971191,13.279999732971191,1705600,0.0,0.0
2023-11-09 00:00:00-05:00,13.25,13.319999694824219,12.699999809265137,12.699999809265137,2750100,0.0,0.0
2023-11-10 00:00:00-05:00,12.8100004196167,12.970000267028809,12.350000381469727,12.539999961853027,3872400,0.0,0.0
2023-11-13 00:00:00-05:00,12.5,12.529999732971191,11.829999923706055,12.140000343322754,4318500,0.0,0.0
2023-11-14 00:00:00-05:00,12.75,13.390000343322754,12.6899995803833,12.899999618530273,5187500,0.0,0.0
2023-11-15 00:00:00-05:00,13.149999618530273,13.5,13.029999732971191,13.270000457763672,4121600,0.0,0.0
2023-11-16 00:00:00-05:00,13.140000343322754,13.1899995803833,12.520000457763672,12.529999732971191,3425800,0.0,0.0
2023-11-17 00:00:00-05:00,12.520000457763672,13.0600004196167,12.520000457763672,13.029999732971191,3414200,0.0,0.0
2023-11-20 00:00:00-05:00,13.0,13.199999809265137,12.800000190734863,12.800000190734863,2294900,0.0,0.0
2023-11-21 00:00:00-05:00,12.649999618530273,12.720000267028809,12.260000228881836,12.550000190734863,3710100,0.0,0.0
2023-11-22 00:00:00-05:00,12.5600004196167,12.710000038146973,12.1899995803833,12.289999961853027,2358800,0.0,0.0
2023-11-24 00:00:00-05:00,12.220000267028809,12.40999984741211,12.180000305175781,12.199999809265137,1232500,0.0,0.0
2023-11-27 00:00:00-05:00,12.180000305175781,12.329999923706055,11.890000343322754,11.90999984741211,3710600,0.0,0.0
2023-11-28 00:00:00-05:00,11.899999618530273,13.550000190734863,11.890000343322754,13.489999771118164,14192900,0.0,0.0
2023-11-29 00:00:00-05:00,15.489999771118164,17.559999465942383,14.699999809265137,16.25,61172800,0.0,0.0
2023-11-30 00:00:00-05:00,16.290000915527344,16.329999923706055,14.319999694824219,14.550000190734863,16537200,0.0,0.0
2023-12-01 00:00:00-05:00,14.520000457763672,15.989999771118164,14.5,15.300000190734863,13378700,0.0,0.0
2023-12-04 00:00:00-05:00,15.289999961853027,17.40999984741211,14.90999984741211,16.979999542236328,20098700,0.0,0.0
2023-12-05 00:00:00-05:00,16.469999313354492,16.719999313354492,14.869999885559082,14.90999984741211,14220100,0.0,0.0
2023-12-06 00:00:00-05:00,15.359999656677246,15.699999809265137,14.640000343322754,14.84000015258789,12691300,0.0,0.0
2023-12-07 00:00:00-05:00,13.710000038146973,16.520000457763672,13.5600004196167,16.360000610351562,19840700,0.0,0.0
2023-12-08 00:00:00-05:00,15.829999923706055,16.479999542236328,15.470000267028809,15.550000190734863,10401400,0.0,0.0
2023-12-11 00:00:00-05:00,15.449999809265137,15.6899995803833,14.979999542236328,15.069999694824219,4961200,0.0,0.0
2023-12-12 00:00:00-05:00,15.119999885559082,15.359999656677246,14.84000015258789,15.220000267028809,4210700,0.0,0.0
2023-12-13 00:00:00-05:00,15.220000267028809,16.799999237060547,15.1899995803833,16.690000534057617,9086900,0.0,0.0
2023-12-14 00:00:00-05:00,17.139999389648438,17.8799991607666,16.799999237060547,17.440000534057617,10750700,0.0,0.0
2023-12-15 00:00:00-05:00,17.399999618530273,17.579999923706055,17.010000228881836,17.260000228881836,7119100,0.0,0.0
2023-12-18 00:00:00-05:00,17.239999771118164,18.510000228881836,17.100000381469727,17.860000610351562,7352200,0.0,0.0
2023-12-19 00:00:00-05:00,17.889999389648438,18.59000015258789,17.229999542236328,17.719999313354492,5447100,0.0,0.0
2023-12-20 00:00:00-05:00,17.530000686645508,18.3799991607666,16.889999389648438,16.93000030517578,5553000,0.0,0.0
2023-12-21 00:00:00-05:00,17.190000534057617,17.34000015258789,16.59000015258789,16.979999542236328,3975300,0.0,0.0
2023-12-22 00:00:00-05:00,16.780000686645508,17.200000762939453,16.450000762939453,16.969999313354492,3329900,0.0,0.0
2023-12-26 00:00:00-05:00,16.979999542236328,17.40999984741211,16.81999969482422,17.360000610351562,3079600,0.0,0.0
2023-12-27 00:00:00-05:00,17.43000030517578,18.3700008392334,17.3700008392334,18.3700008392334,4800100,0.0,0.0
2023-12-28 00:00:00-05:00,18.049999237060547,18.31999969482422,17.850000381469727,18.06999969482422,3574800,0.0,0.0
2023-12-29 00:00:00-05:00,18.040000915527344,18.15999984741211,17.459999084472656,17.530000686645508,4536700,0.0,0.0
2024-01-02 00:00:00-05:00,17.25,17.600000381469727,16.579999923706055,16.670000076293945,4428000,0.0,0.0
2024-01-03 00:00:00-05:00,16.299999237060547,16.829999923706055,15.899999618530273,16.690000534057617,4193600,0.0,0.0
2024-01-04 00:00:00-05:00,16.510000228881836,16.75,16.309999465942383,16.360000610351562,2671500,0.0,0.0
2024-01-05 00:00:00-05:00,16.15999984741211,16.520000457763672,15.960000038146973,15.960000038146973,2619200,0.0,0.0
2024-01-08 00:00:00-05:00,15.779999732971191,16.1200008392334,15.699999809265137,15.789999961853027,3031100,0.0,0.0
2024-01-09 00:00:00-05:00,15.59000015258789,15.619999885559082,15.119999885559082,15.15999984741211,3105300,0.0,0.0
2024-01-10 00:00:00-05:00,15.119999885559082,15.760000228881836,14.970000267028809,15.729999542236328,3191700,0.0,0.0
2024-01-11 00:00:00-05:00,15.649999618530273,15.800000190734863,15.239999771118164,15.25,2992200,0.0,0.0
2024-01-12 00:00:00-05:00,15.300000190734863,15.619999885559082,14.729999542236328,14.75,2479800,0.0,0.0
2024-01-16 00:00:00-05:00,14.600000381469727,14.619999885559082,13.930000305175781,13.979999542236328,3581200,0.0,0.0
2024-01-17 00:00:00-05:00,13.859999656677246,14.109999656677246,13.710000038146973,14.079999923706055,2706200,0.0,0.0
2024-01-18 00:00:00-05:00,14.199999809265137,14.770000457763672,14.050000190734863,14.289999961853027,3906000,0.0,0.0
2024-01-19 00:00:00-05:00,14.359999656677246,14.600000381469727,14.09000015258789,14.510000228881836,2396200,0.0,0.0
2024-01-22 00:00:00-05:00,14.5,15.15999984741211,14.300000190734863,14.899999618530273,3606500,0.0,0.0
2024-01-23 00:00:00-05:00,15.0,15.020000457763672,14.050000190734863,14.180000305175781,3495300,0.0,0.0
2024-01-24 00:00:00-05:00,14.279999732971191,14.380000114440918,13.819999694824219,13.949999809265137,2513800,0.0,0.0
2024-01-25 00:00:00-05:00,13.970000267028809,14.539999961853027,13.920000076293945,14.520000457763672,3635900,0.0,0.0
2024-01-26 00:00:00-05:00,14.4399995803833,14.720000267028809,14.40999984741211,14.489999771118164,2288800,0.0,0.0
2024-01-29 00:00:00-05:00,14.5,14.8100004196167,14.319999694824219,14.779999732971191,2164200,0.0,0.0
2024-01-30 00:00:00-05:00,14.539999961853027,14.819999694824219,14.510000228881836,14.550000190734863,1652600,0.0,0.0
2024-01-31 00:00:00-05:00,14.399999618530273,14.829999923706055,14.220000267028809,14.229999542236328,2684700,0.0,0.0
2024-02-01 00:00:00-05:00,14.34000015258789,14.420000076293945,14.020000457763672,14.420000076293945,2220200,0.0,0.0
2024-02-02 00:00:00-05:00,14.149999618530273,14.920000076293945,14.079999923706055,14.729999542236328,2924500,0.0,0.0
2024-02-05 00:00:00-05:00,14.5,14.609999656677246,13.399999618530273,13.460000038146973,4361500,0.0,0.0
2024-02-06 00:00:00-05:00,13.600000381469727,14.300000190734863,13.430000305175781,14.100000381469727,3047800,0.0,0.0
2024-02-07 00:00:00-05:00,14.119999885559082,14.300000190734863,13.779999732971191,14.069999694824219,1947800,0.0,0.0
2024-02-08 00:00:00-05:00,14.010000228881836,14.4399995803833,13.890000343322754,14.350000381469727,1838300,0.0,0.0
2024-02-09 00:00:00-05:00,14.369999885559082,15.229999542236328,14.300000190734863,14.65999984741211,3575300,0.0,0.0
2024-02-12 00:00:00-05:00,14.579999923706055,15.220000267028809,14.529999732971191,14.729999542236328,2750100,0.0,0.0
2024-02-13 00:00:00-05:00,14.199999809265137,14.399999618530273,13.770000457763672,14.170000076293945,3788700,0.0,0.0
2024-02-14 00:00:00-05:00,14.329999923706055,14.430000305175781,14.050000190734863,14.40999984741211,2504400,0.0,0.0
2024-02-15 00:00:00-05:00,14.539999961853027,14.75,14.229999542236328,14.510000228881836,2400500,0.0,0.0
2024-02-16 00:00:00-05:00,14.460000038146973,14.529999732971191,14.100000381469727,14.119999885559082,2301900,0.0,0.0
2024-02-20 00:00:00-05:00,13.960000038146973,14.050000190734863,13.15999984741211,13.489999771118164,3784500,0.0,0.0
2024-02-21 00:00:00-05:00,13.460000038146973,13.670000076293945,13.229999542236328,13.40999984741211,1722800,0.0,0.0
2024-02-22 00:00:00-05:00,13.5,13.649999618530273,13.34000015258789,13.359999656677246,1817800,0.0,0.0
2024-02-23 00:00:00-05:00,13.300000190734863,13.789999961853027,13.119999885559082,13.510000228881836,2319700,0.0,0.0
2024-02-26 00:00:00-05:00,13.3100004196167,13.75,13.199999809265137,13.680000305175781,2278600,0.0,0.0
2024-02-27 00:00:00-05:00,13.699999809265137,14.289999961853027,13.680000305175781,14.210000038146973,2795500,0.0,0.0
2024-02-28 00:00:00-05:00,14.0,14.470000267028809,13.890000343322754,14.239999771118164,2440700,0.0,0.0
2024-02-29 00:00:00-05:00,14.34000015258789,14.649999618530273,14.029999732971191,14.270000457763672,2638700,0.0,0.0
2024-03-01 00:00:00-05:00,14.180000305175781,15.09000015258789,13.989999771118164,14.949999809265137,4899500,0.0,0.0
2024-03-04 00:00:00-05:00,14.930000305175781,15.59000015258789,14.829999923706055,15.220000267028809,4367600,0.0,0.0
2024-03-05 00:00:00-05:00,14.949999809265137,15.279999732971191,14.779999732971191,15.0,3152700,0.0,0.0
2024-03-06 00:00:00-05:00,15.220000267028809,15.890000343322754,14.9399995803833,15.260000228881836,3818100,0.0,0.0
2024-03-07 00:00:00-05:00,15.260000228881836,15.510000228881836,15.050000190734863,15.260000228881836,2111900,0.0,0.0
2024-03-08 00:00:00-05:00,15.399999618530273,15.630000114440918,14.520000457763672,14.649999618530273,3169800,0.0,0.0
2024-03-11 00:00:00-04:00,14.640000343322754,14.9399995803833,14.359999656677246,14.430000305175781,2111900,0.0,0.0
2024-03-12 00:00:00-04:00,14.350000381469727,14.84000015258789,14.09000015258789,14.720000267028809,2382600,0.0,0.0
2024-03-13 00:00:00-04:00,14.6899995803833,15.199999809265137,14.619999885559082,14.869999885559082,2898100,0.0,0.0
2024-03-14 00:00:00-04:00,14.800000190734863,15.020000457763672,14.399999618530273,14.630000114440918,2534200,0.0,0.0
2024-03-15 00:00:00-04:00,14.550000190734863,14.829999923706055,14.210000038146973,14.239999771118164,4480700,0.0,0.0
2024-03-18 00:00:00-04:00,14.25,14.300000190734863,13.899999618530273,13.90999984741211,3490800,0.0,0.0
2024-03-19 00:00:00-04:00,13.760000228881836,13.890000343322754,13.300000190734863,13.40999984741211,3894700,0.0,0.0
2024-03-20 00:00:00-04:00,13.470000267028809,13.789999961853027,13.210000038146973,13.479999542236328,3921300,0.0,0.0
2024-03-21 00:00:00-04:00,13.5600004196167,14.020000457763672,13.479999542236328,13.65999984741211,3382800,0.0,0.0
2024-03-22 00:00:00-04:00,13.760000228881836,13.949999809265137,13.010000228881836,13.100000381469727,4411600,0.0,0.0
2024-03-25 00:00:00-04:00,13.420000076293945,15.149999618530273,13.3100004196167,15.119999885559082,10416300,0.0,0.0
2024-03-26 00:00:00-04:00,15.149999618530273,15.630000114440918,14.75,15.5,17245800,0.0,0.0
2024-03-27 00:00:00-04:00,13.050000190734863,13.720000267028809,12.800000190734863,13.170000076293945,17871300,0.0,0.0
2024-03-28 00:00:00-04:00,13.1899995803833,13.1899995803833,12.470000267028809,12.520000457763672,8473500,0.0,0.0
2024-04-01 00:00:00-04:00,12.630000114440918,12.670000076293945,11.550000190734863,11.989999771118164,9207100,0.0,0.0
2024-04-02 00:00:00-04:00,11.84000015258789,11.989999771118164,11.260000228881836,11.279999732971191,6327700,0.0,0.0
2024-04-03 00:00:00-04:00,11.220000267028809,11.5,10.899999618530273,11.380000114440918,4331500,0.0,0.0
2024-04-04 00:00:00-04:00,11.5,11.829999923706055,11.380000114440918,11.529999732971191,4347000,0.0,0.0
2024-04-05 00:00:00-04:00,11.300000190734863,11.5,10.970000267028809,11.25,4760000,0.0,0.0
2024-04-08 00:00:00-04:00,11.300000190734863,11.369999885559082,10.829999923706055,10.829999923706055,3659100,0.0,0.0
2024-04-09 00:00:00-04:00,10.850000381469727,11.180000305175781,10.729999542236328,11.010000228881836,3455500,0.0,0.0
2024-04-10 00:00:00-04:00,10.899999618530273,11.069999694824219,10.75,10.850000381469727,3546200,0.0,0.0
2024-04-11 00:00:00-04:00,10.90999984741211,11.390000343322754,10.800000190734863,11.289999961853027,3802100,0.0,0.0
2024-04-12 00:00:00-04:00,11.210000038146973,11.229999542236328,10.760000228881836,10.770000457763672,3214400,0.0,0.0
2024-04-15 00:00:00-04:00,10.8100004196167,10.84000015258789,10.0600004196167,10.0600004196167,5086300,0.0,0.0
2024-04-16 00:00:00-04:00,10.0,10.550000190734863,9.949999809265137,10.369999885559082,4162100,0.0,0.0
2024-04-17 00:00:00-04:00,10.4399995803833,10.59000015258789,10.300000190734863,10.300000190734863,2096700,0.0,0.0
2024-04-18 00:00:00-04:00,10.319999694824219,10.630000114440918,10.270000457763672,10.3100004196167,2175400,0.0,0.0
2024-04-19 00:00:00-04:00,10.199999809265137,10.5,10.199999809265137,10.420000076293945,2462700,0.0,0.0
2024-04-22 00:00:00-04:00,10.40999984741211,10.449999809265137,10.010000228881836,10.010000228881836,3261000,0.0,0.0
2024-04-23 00:00:00-04:00,10.050000190734863,10.279999732971191,10.010000228881836,10.15999984741211,2511800,0.0,0.0
2024-04-24 00:00:00-04:00,10.15999984741211,10.9399995803833,10.15999984741211,10.930000305175781,4829600,0.0,0.0
2024-04-25 00:00:00-04:00,10.699999809265137,11.210000038146973,10.479999542236328,11.210000038146973,4903800,0.0,0.0
2024-04-26 00:00:00-04:00,11.180000305175781,12.1899995803833,11.0,11.899999618530273,7685100,0.0,0.0
2024-04-29 00:00:00-04:00,11.84000015258789,11.960000038146973,11.180000305175781,11.289999961853027,3821500,0.0,0.0
2024-04-30 00:00:00-04:00,11.180000305175781,11.300000190734863,10.90999984741211,11.09000015258789,2866500,0.0,0.0
2024-05-01 00:00:00-04:00,11.029999732971191,11.319999694824219,10.699999809265137,10.90999984741211,2653200,0.0,0.0
2024-05-02 00:00:00-04:00,11.109999656677246,12.880000114440918,10.960000038146973,12.760000228881836,8654800,0.0,0.0
2024-05-03 00:00:00-04:00,12.420000076293945,17.450000762939453,12.3100004196167,16.469999313354492,36292400,0.0,0.0
2024-05-06 00:00:00-04:00,14.989999771118164,17.399999618530273,13.619999885559082,16.309999465942383,48018700,0.0,0.0
2024-05-07 00:00:00-04:00,15.850000381469727,17.290000915527344,14.930000305175781,16.309999465942383,24308600,0.0,0.0
2024-05-08 00:00:00-04:00,16.049999237060547,17.239999771118164,15.329999923706055,15.920000076293945,24775100,0.0,0.0
2024-05-09 00:00:00-04:00,15.899999618530273,18.510000228881836,15.350000381469727,18.010000228881836,25759300,0.0,0.0
2024-05-10 00:00:00-04:00,17.93000030517578,20.200000762939453,16.8799991607666,17.459999084472656,36831900,0.0,0.0
2024-05-13 00:00:00-04:00,26.34000015258789,38.20000076293945,24.770000457763672,30.450000762939453,187241700,0.0,0.0
2024-05-14 00:00:00-04:00,64.83000183105469,64.83000183105469,36.0,48.75,206979100,0.0,0.0
2024-05-15 00:00:00-04:00,40.310001373291016,42.349998474121094,31.0,39.54999923706055,131790100,0.0,0.0
2024-05-16 00:00:00-04:00,33.97999954223633,35.2400016784668,27.59000015258789,27.670000076293945,76177600,0.0,0.0
2024-05-17 00:00:00-04:00,21.860000610351562,22.40999984741211,19.700000762939453,22.209999084472656,96079600,0.0,0.0
2024-05-20 00:00:00-04:00,21.540000915527344,23.399999618530273,18.940000534057617,23.139999389648438,55261600,0.0,0.0
2024-05-21 00:00:00-04:00,22.239999771118164,22.850000381469727,20.040000915527344,22.1200008392334,49250100,0.0,0.0
2024-05-22 00:00:00-04:00,21.559999465942383,22.25,20.760000228881836,21.1200008392334,43521400,0.0,0.0
2024-05-23 00:00:00-04:00,21.399999618530273,21.399999618530273,18.260000228881836,18.31999969482422,30561100,0.0,0.0
2024-05-24 00:00:00-04:00,18.420000076293945,19.68000030517578,17.700000762939453,19.0,43017100,0.0,0.0
2024-05-28 00:00:00-04:00,23.100000381469727,26.65999984741211,21.149999618530273,23.780000686645508,105077600,0.0,0.0
2024-05-29 00:00:00-04:00,22.0,22.979999542236328,21.049999237060547,21.239999771118164,26921200,0.0,0.0
2024-05-30 00:00:00-04:00,21.020000457763672,22.700000762939453,20.100000381469727,22.610000610351562,24403600,0.0,0.0
2024-05-31 00:00:00-04:00,22.579999923706055,23.719999313354492,21.68000030517578,23.139999389648438,22174300,0.0,0.0
2024-06-03 00:00:00-04:00,40.189998626708984,40.5,26.399999618530273,28.0,165808300,0.0,0.0
2024-06-04 00:00:00-04:00,26.260000228881836,28.010000228881836,25.200000762939453,26.5,51662100,0.0,0.0
2024-06-05 00:00:00-04:00,26.299999237060547,31.84000015258789,26.110000610351562,31.56999969482422,73156400,0.0,0.0
2024-06-06 00:00:00-04:00,31.56999969482422,47.5,31.280000686645508,46.54999923706055,206685800,0.0,0.0
2024-06-07 00:00:00-04:00,37.689998626708984,48.0,26.1200008392334,28.219999313354492,279054400,0.0,0.0
2024-06-10 00:00:00-04:00,28.969999313354492,29.34000015258789,23.059999465942383,24.829999923706055,130842800,0.0,0.0
2024-06-11 00:00:00-04:00,24.399999618530273,30.920000076293945,22.790000915527344,30.489999771118164,146914700,0.0,0.0
2024-06-12 00:00:00-04:00,29.170000076293945,33.70000076293945,24.829999923706055,25.459999084472656,147986700,0.0,0.0
2024-06-13 00:00:00-04:00,26.559999465942383,29.579999923706055,25.559999465942383,29.1200008392334,107306600,0.0,0.0
2024-06-14 00:00:00-04:00,29.229999542236328,30.65999984741211,27.40999984741211,28.700000762939453,82874400,0.0,0.0
2024-06-17 00:00:00-04:00,28.549999237060547,29.18000030517578,23.790000915527344,25.219999313354492,90351900,0.0,0.0
2024-06-18 00:00:00-04:00,24.579999923706055,25.969999313354492,23.610000610351562,24.700000762939453,38079200,0.0,0.0
2024-06-20 00:00:00-04:00,24.25,25.93000030517578,23.649999618530273,25.59000015258789,36029300,0.0,0.0
2024-06-21 00:00:00-04:00,25.239999771118164,25.809999465942383,23.510000228881836,23.93000030517578,27457200,0.0,0.0
2024-06-24 00:00:00-04:00,23.260000228881836,24.829999923706055,23.239999771118164,23.649999618530273,22162900,0.0,0.0
2024-06-25 00:00:00-04:00,23.600000381469727,24.969999313354492,22.549999237060547,24.93000030517578,26898400,0.0,0.0
2024-06-26 00:00:00-04:00,24.600000381469727,25.3799991607666,24.040000915527344,24.200000762939453,17903000,0.0,0.0
2024-06-27 00:00:00-04:00,24.100000381469727,26.690000534057617,24.059999465942383,25.09000015258789,34867000,0.0,0.0
2024-06-28 00:00:00-04:00,25.020000457763672,26.170000076293945,24.309999465942383,24.690000534057617,20212000,0.0,0.0
2024-07-01 00:00:00-04:00,23.350000381469727,23.780000686645508,22.309999465942383,23.329999923706055,30689000,0.0,0.0
2024-07-02 00:00:00-04:00,23.239999771118164,24.31999969482422,23.100000381469727,23.979999542236328,13703500,0.0,0.0
2024-07-03 00:00:00-04:00,24.030000686645508,24.889999389648438,23.649999618530273,24.3700008392334,11829500,0.0,0.0
2024-07-05 00:00:00-04:00,24.18000030517578,25.079999923706055,23.81999969482422,24.18000030517578,11782100,0.0,0.0
2024-07-08 00:00:00-04:00,24.1200008392334,25.139999389648438,23.850000381469727,24.450000762939453,11815500,0.0,0.0
2024-07-09 00:00:00-04:00,24.600000381469727,25.18000030517578,24.0,24.600000381469727,9419800,0.0,0.0
2024-07-10 00:00:00-04:00,25.0,26.450000762939453,24.899999618530273,24.969999313354492,22325400,0.0,0.0
2024-07-11 00:00:00-04:00,25.440000534057617,26.020000457763672,25.020000457763672,25.56999969482422,13032700,0.0,0.0
2024-07-12 00:00:00-04:00,25.760000228881836,26.889999389648438,25.420000076293945,26.049999237060547,16238900,0.0,0.0
2024-07-15 00:00:00-04:00,25.979999542236328,27.200000762939453,25.649999618530273,27.0,17136400,0.0,0.0
2024-07-16 00:00:00-04:00,27.75,28.829999923706055,27.3700008392334,28.540000915527344,25594500,0.0,0.0
2024-07-17 00:00:00-04:00,28.399999618530273,29.790000915527344,27.239999771118164,27.979999542236328,23775000,0.0,0.0
2024-07-18 00:00:00-04:00,27.979999542236328,28.3799991607666,25.610000610351562,25.8799991607666,16969700,0.0,0.0
2024-07-19 00:00:00-04:00,25.549999237060547,26.389999389648438,24.850000381469727,24.969999313354492,12763300,0.0,0.0
2024-07-22 00:00:00-04:00,24.84000015258789,25.979999542236328,24.3799991607666,25.219999313354492,14090400,0.0,0.0
2024-07-23 00:00:00-04:00,25.219999313354492,25.68000030517578,24.889999389648438,25.5,7921700,0.0,0.0
2024-07-24 00:00:00-04:00,25.149999618530273,25.450000762939453,23.93000030517578,24.010000228881836,9549200,0.0,0.0
2024-07-25 00:00:00-04:00,23.59000015258789,24.59000015258789,23.360000610351562,23.950000762939453,8567700,0.0,0.0
2024-07-26 00:00:00-04:00,24.280000686645508,24.770000457763672,24.110000610351562,24.1299991607666,6833900,0.0,0.0
2024-07-29 00:00:00-04:00,24.229999542236328,24.3799991607666,23.540000915527344,23.600000381469727,7250200,0.0,0.0
2024-07-30 00:00:00-04:00,23.600000381469727,23.889999389648438,22.34000015258789,22.399999618530273,9272400,0.0,0.0
2024-07-31 00:00:00-04:00,22.860000610351562,23.450000762939453,22.610000610351562,22.670000076293945,8005800,0.0,0.0
2024-08-01 00:00:00-04:00,22.920000076293945,23.09000015258789,21.559999465942383,21.709999084472656,9334400,0.0,0.0
2024-08-02 00:00:00-04:00,20.950000762939453,21.610000610351562,20.43000030517578,21.06999969482422,9030000,0.0,0.0
2024-08-05 00:00:00-04:00,18.829999923706055,20.799999237060547,18.729999542236328,20.649999618530273,12205900,0.0,0.0
2024-08-06 00:00:00-04:00,21.020000457763672,21.579999923706055,20.260000228881836,21.280000686645508,6505300,0.0,0.0
2024-08-07 00:00:00-04:00,21.149999618530273,21.459999084472656,20.3799991607666,20.829999923706055,6101100,0.0,0.0
2024-08-08 00:00:00-04:00,21.010000228881836,21.8799991607666,20.809999465942383,21.75,5439700,0.0,0.0
2024-08-09 00:00:00-04:00,21.510000228881836,22.170000076293945,21.459999084472656,21.93000030517578,4828900,0.0,0.0
2024-08-12 00:00:00-04:00,21.979999542236328,22.270000457763672,21.450000762939453,21.8799991607666,4449100,0.0,0.0
2024-08-13 00:00:00-04:00,21.959999084472656,22.3799991607666,21.860000610351562,22.270000457763672,3913700,0.0,0.0
2024-08-14 00:00:00-04:00,22.34000015258789,22.729999542236328,21.790000915527344,21.989999771118164,3489400,0.0,0.0
2024-08-15 00:00:00-04:00,22.25,22.84000015258789,21.969999313354492,22.530000686645508,5361400,0.0,0.0
2024-08-16 00:00:00-04:00,22.3700008392334,22.690000534057617,22.239999771118164,22.399999618530273,3641800,0.0,0.0
2024-08-19 00:00:00-04:00,22.350000381469727,23.100000381469727,22.31999969482422,22.65999984741211,4543500,0.0,0.0
2024-08-20 00:00:00-04:00,22.5,22.520000457763672,21.959999084472656,22.280000686645508,3570300,0.0,0.0
2024-08-21 00:00:00-04:00,22.170000076293945,22.649999618530273,22.15999984741211,22.549999237060547,3163200,0.0,0.0
2024-08-22 00:00:00-04:00,22.5,22.760000228881836,22.09000015258789,22.1200008392334,3382500,0.0,0.0
2024-08-23 00:00:00-04:00,22.25,22.6200008392334,22.18000030517578,22.209999084472656,4056700,0.0,0.0
2024-08-26 00:00:00-04:00,22.25,22.389999389648438,21.299999237060547,21.360000610351562,4780500,0.0,0.0
2024-08-27 00:00:00-04:00,21.059999465942383,21.290000915527344,20.65999984741211,20.739999771118164,4118800,0.0,0.0
2024-08-28 00:00:00-04:00,20.709999084472656,21.06999969482422,19.8799991607666,19.899999618530273,5219500,0.0,0.0
2024-08-29 00:00:00-04:00,20.5,22.450000762939453,20.469999313354492,21.510000228881836,10428400,0.0,0.0
2024-08-30 00:00:00-04:00,21.81999969482422,23.479999542236328,21.729999542236328,23.420000076293945,15680700,0.0,0.0
2024-09-03 00:00:00-04:00,24.149999618530273,24.690000534057617,22.81999969482422,23.139999389648438,11350500,0.0,0.0
2024-09-04 00:00:00-04:00,22.850000381469727,23.709999084472656,22.110000610351562,22.1200008392334,6700900,0.0,0.0
2024-09-05 00:00:00-04:00,22.0,22.68000030517578,21.65999984741211,22.389999389648438,5101200,0.0,0.0
2024-09-06 00:00:00-04:00,22.399999618530273,24.479999542236328,21.799999237060547,23.920000076293945,23884000,0.0,0.0
2024-09-09 00:00:00-04:00,23.239999771118164,25.020000457763672,23.15999984741211,24.25,14064700,0.0,0.0
2024-09-10 00:00:00-04:00,24.770000457763672,24.799999237060547,23.1299991607666,23.450000762939453,19175500,0.0,0.0
2024-09-11 00:00:00-04:00,20.81999969482422,21.09000015258789,19.309999465942383,20.639999389648438,28921500,0.0,0.0
2024-09-12 00:00:00-04:00,20.469999313354492,20.709999084472656,19.989999771118164,20.399999618530273,9539500,0.0,0.0
2024-09-13 00:00:00-04:00,20.489999771118164,20.920000076293945,20.34000015258789,20.649999618530273,8053700,0.0,0.0
2024-09-16 00:00:00-04:00,20.450000762939453,20.520000457763672,19.920000076293945,20.09000015258789,5981200,0.0,0.0
2024-09-17 00:00:00-04:00,20.239999771118164,20.559999465942383,19.920000076293945,20.15999984741211,6307600,0.0,0.0
2024-09-18 00:00:00-04:00,20.049999237060547,20.260000228881836,19.420000076293945,19.649999618530273,10728200,0.0,0.0
2024-09-19 00:00:00-04:00,19.889999389648438,20.030000686645508,19.469999313354492,19.510000228881836,8902600,0.0,0.0
2024-09-20 00:00:00-04:00,19.6299991607666,22.030000686645508,19.479999542236328,21.850000381469727,61919200,0.0,0.0
2024-09-23 00:00:00-04:00,21.540000915527344,22.559999465942383,21.229999542236328,22.309999465942383,13969500,0.0,0.0
2024-09-24 00:00:00-04:00,22.610000610351562,22.719999313354492,21.540000915527344,22.6299991607666,12121400,0.0,0.0
2024-09-25 00:00:00-04:00,22.15999984741211,22.829999923706055,22.06999969482422,22.18000030517578,6139700,0.0,0.0
2024-09-26 00:00:00-04:00,22.399999618530273,22.639999389648438,21.8700008392334,22.290000915527344,5777500,0.0,0.0
2024-09-27 00:00:00-04:00,22.389999389648438,23.100000381469727,21.969999313354492,22.479999542236328,7416500,0.0,0.0
2024-09-30 00:00:00-04:00,22.299999237060547,23.639999389648438,22.170000076293945,22.93000030517578,10161700,0.0,0.0
2024-10-01 00:00:00-04:00,22.950000762939453,23.1200008392334,21.809999465942383,21.969999313354492,7189200,0.0,0.0
2024-10-02 00:00:00-04:00,21.860000610351562,22.299999237060547,21.40999984741211,21.489999771118164,5673100,0.0,0.0
2024-10-03 00:00:00-04:00,21.360000610351562,21.790000915527344,21.110000610351562,21.200000762939453,4665800,0.0,0.0
2024-10-04 00:00:00-04:00,21.479999542236328,21.969999313354492,21.290000915527344,21.399999618530273,5286200,0.0,0.0
2024-10-07 00:00:00-04:00,21.350000381469727,21.530000686645508,20.809999465942383,20.899999618530273,5988000,0.0,0.0
2024-10-08 00:00:00-04:00,20.899999618530273,21.270000457763672,20.530000686645508,20.709999084472656,4840500,0.0,0.0
2024-10-09 00:00:00-04:00,20.5,20.739999771118164,20.299999237060547,20.5,3914000,0.0,0.0
2024-10-10 00:00:00-04:00,20.469999313354492,21.049999237060547,20.3799991607666,20.90999984741211,4180800,0.0,0.0
2024-10-11 00:00:00-04:00,20.65999984741211,21.219999313354492,20.65999984741211,20.829999923706055,3931600,0.0,0.0
2024-10-14 00:00:00-04:00,20.75,21.670000076293945,20.459999084472656,21.329999923706055,6636600,0.0,0.0
2024-10-15 00:00:00-04:00,21.450000762939453,21.68000030517578,20.979999542236328,21.270000457763672,4851900,0.0,0.0
2024-10-16 00:00:00-04:00,21.1299991607666,21.75,21.030000686645508,21.65999984741211,4264600,0.0,0.0
2024-10-17 00:00:00-04:00,21.5,21.65999984741211,21.229999542236328,21.40999984741211,3015300,0.0,0.0
2024-10-18 00:00:00-04:00,21.40999984741211,21.610000610351562,20.979999542236328,21.219999313354492,5302200,0.0,0.0
2024-10-21 00:00:00-04:00,21.100000381469727,21.219999313354492,20.65999984741211,20.700000762939453,3956500,0.0,0.0
2024-10-22 00:00:00-04:00,20.6200008392334,20.940000534057617,20.43000030517578,20.93000030517578,3232300,0.0,0.0
2024-10-23 00:00:00-04:00,20.729999542236328,20.979999542236328,20.350000381469727,20.540000915527344,2945000,0.0,0.0
2024-10-24 00:00:00-04:00,20.6299991607666,20.84000015258789,20.479999542236328,20.6299991607666,2682300,0.0,0.0
2024-10-25 00:00:00-04:00,20.649999618530273,21.43000030517578,20.540000915527344,20.56999969482422,5989000,0.0,0.0
2024-10-28 00:00:00-04:00,20.84000015258789,22.770000457763672,20.729999542236328,22.729999542236328,13641200,0.0,0.0
2024-10-29 00:00:00-04:00,22.700000762939453,23.200000762939453,22.09000015258789,22.68000030517578,10078100,0.0,0.0
2024-10-30 00:00:00-04:00,23.399999618530273,24.540000915527344,22.75,23.280000686645508,12383600,0.0,0.0
2024-10-31 00:00:00-04:00,22.829999923706055,23.030000686645508,22.049999237060547,22.18000030517578,5594500,0.0,0.0
2024-11-01 00:00:00-04:00,22.399999618530273,23.049999237060547,22.079999923706055,22.40999984741211,4744500,0.0,0.0
2024-11-04 00:00:00-05:00,22.200000762939453,22.649999618530273,21.8799991607666,22.329999923706055,4300200,0.0,0.0
2024-11-05 00:00:00-05:00,22.31999969482422,23.200000762939453,22.270000457763672,22.989999771118164,5858400,0.0,0.0
2024-11-06 00:00:00-05:00,23.309999465942383,23.81999969482422,22.899999618530273,23.100000381469727,6648000,0.0,0.0
2024-11-07 00:00:00-05:00,23.06999969482422,23.65999984741211,22.809999465942383,23.450000762939453,5554400,0.0,0.0
2024-11-08 00:00:00-05:00,23.440000534057617,25.389999389648438,23.239999771118164,24.8799991607666,15908600,0.0,0.0
2024-11-11 00:00:00-05:00,25.260000228881836,28.049999237060547,24.6299991607666,27.260000228881836,26633000,0.0,0.0
2024-11-12 00:00:00-05:00,26.059999465942383,27.100000381469727,24.950000762939453,26.84000015258789,18972700,0.0,0.0
2024-11-13 00:00:00-05:00,26.260000228881836,28.219999313354492,26.219999313354492,26.459999084472656,18490300,0.0,0.0
2024-11-14 00:00:00-05:00,27.170000076293945,28.280000686645508,26.719999313354492,27.3700008392334,16502000,0.0,0.0
2024-11-15 00:00:00-05:00,28.079999923706055,28.59000015258789,26.31999969482422,26.59000015258789,16451800,0.0,0.0
2024-11-18 00:00:00-05:00,26.649999618530273,27.15999984741211,25.850000381469727,26.440000534057617,8494900,0.0,0.0
2024-11-19 00:00:00-05:00,25.889999389648438,27.600000381469727,25.709999084472656,27.56999969482422,8698600,0.0,0.0
2024-11-20 00:00:00-05:00,27.260000228881836,29.799999237060547,27.260000228881836,28.450000762939453,22089700,0.0,0.0
2024-11-21 00:00:00-05:00,29.09000015258789,29.170000076293945,27.18000030517578,27.81999969482422,10587200,0.0,0.0
2024-11-22 00:00:00-05:00,27.8799991607666,28.459999084472656,27.420000076293945,27.899999618530273,7975700,0.0,0.0
2024-11-25 00:00:00-05:00,28.049999237060547,29.770000457763672,27.959999084472656,29.670000076293945,13090400,0.0,0.0
2024-11-26 00:00:00-05:00,29.399999618530273,32.119998931884766,28.780000686645508,30.329999923706055,24657300,0.0,0.0
2024-11-27 00:00:00-05:00,30.799999237060547,31.549999237060547,30.510000228881836,30.889999389648438,12895100,0.0,0.0
2024-11-29 00:00:00-05:00,31.010000228881836,31.079999923706055,28.850000381469727,29.049999237060547,10473700,0.0,0.0
2024-12-02 00:00:00-05:00,28.959999084472656,29.3700008392334,26.75,27.270000457763672,13576600,0.0,0.0
2024-12-03 00:00:00-05:00,26.549999237060547,27.59000015258789,26.489999771118164,27.440000534057617,6009900,0.0,0.0
2024-12-04 00:00:00-05:00,27.06999969482422,27.829999923706055,26.6299991607666,27.030000686645508,6387500,0.0,0.0
2024-12-05 00:00:00-05:00,27.0,30.8700008392334,26.149999618530273,28.6299991607666,40704900,0.0,0.0
2024-12-06 00:00:00-05:00,29.1200008392334,29.350000381469727,28.110000610351562,29.059999465942383,15161400,0.0,0.0
2024-12-09 00:00:00-05:00,29.0,29.860000610351562,27.739999771118164,27.93000030517578,11495400,0.0,0.0
2024-12-10 00:00:00-05:00,27.8799991607666,28.389999389648438,26.850000381469727,26.93000030517578,18209400,0.0,0.0
2024-12-11 00:00:00-05:00,27.75,30.15999984741211,27.510000228881836,28.969999313354492,20485000,0.0,0.0
2024-12-12 00:00:00-05:00,28.899999618530273,29.65999984741211,28.579999923706055,28.75,8855700,0.0,0.0
2024-12-13 00:00:00-05:00,28.700000762939453,28.860000610351562,27.920000076293945,27.989999771118164,6581600,0.0,0.0
2024-12-16 00:00:00-05:00,27.700000762939453,29.59000015258789,27.270000457763672,29.440000534057617,8700000,0.0,0.0
2024-12-17 00:00:00-05:00,29.639999389648438,31.8799991607666,29.639999389648438,31.260000228881836,19948100,0.0,0.0
2024-12-18 00:00:00-05:00,31.100000381469727,31.700000762939453,28.34000015258789,28.549999237060547,13947300,0.0,0.0
2024-12-19 00:00:00-05:00,29.15999984741211,30.600000381469727,28.81999969482422,29.0,10338200,0.0,0.0
2024-12-20 00:00:00-05:00,28.540000915527344,30.520000457763672,28.309999465942383,29.81999969482422,19606700,0.0,0.0
2024-12-23 00:00:00-05:00,29.81999969482422,31.110000610351562,29.780000686645508,30.899999618530273,8226500,0.0,0.0
2024-12-24 00:00:00-05:00,31.0,31.59000015258789,30.579999923706055,31.139999389648438,5523500,0.0,0.0
2024-12-26 00:00:00-05:00,32.619998931884766,34.369998931884766,31.600000381469727,32.9900016784668,20432900,0.0,0.0
2024-12-27 00:00:00-05:00,32.38999938964844,33.04999923706055,30.729999542236328,32.20000076293945,10141700,0.0,0.0
2024-12-30 00:00:00-05:00,31.799999237060547,32.880001068115234,31.610000610351562,32.0099983215332,9593100,0.0,0.0
