Date,Open,High,Low,Close,Volume,Dividends,Stock Splits
2015-01-01 00:00:00+05:30,216.99576911381928,217.77157448998673,215.63811666891775,217.2353515625,3544940,0.0,0.0
2015-01-02 00:00:00+05:30,216.85886215263676,221.17138787632138,216.85886215263676,220.25868225097656,5900384,0.0,0.0
2015-01-05 00:00:00+05:30,221.3310935709127,221.456587797375,217.93125986184285,218.39903259277344,4796000,0.0,0.0
2015-01-06 00:00:00+05:30,217.68027916369562,218.2621261811353,213.92677470932165,214.99920654296875,8219680,0.0,0.0
2015-01-07 00:00:00+05:30,214.41736161491522,217.0756082661509,213.63015026516385,215.62669372558594,5746112,0.0,0.0
2015-01-08 00:00:00+05:30,217.73734145946173,221.0915375059701,216.35687695026266,220.156005859375,9525824,0.0,0.0
2015-01-09 00:00:00+05:30,221.99283043675973,223.612877344769,220.55530794097444,222.6203155517578,8985184,0.0,0.0
2015-01-12 00:00:00+05:30,221.19421240936452,222.3350944334962,220.07614245500247,220.65798950195312,4126412,0.0,0.0
2015-01-13 00:00:00+05:30,221.0915168488172,221.77604602182961,218.06817966801236,219.813720703125,5828348,0.0,0.0
2015-01-14 00:00:00+05:30,219.0607519980102,222.3921358239376,218.9808958280074,219.93923950195312,3685232,0.0,0.0
2015-01-15 00:00:00+05:30,225.8946420702849,227.76569138592055,221.5022462522516,226.6134033203125,11398476,0.0,0.0
2015-01-16 00:00:00+05:30,228.67844014939405,231.5762838392844,227.84559053918812,228.48448181152344,7821308,0.0,0.0
2015-01-19 00:00:00+05:30,231.1997370727805,232.7399277712668,228.8495229404467,229.214599609375,4239492,0.0,0.0
2015-01-20 00:00:00+05:30,230.45817631654228,234.3371753238504,228.6327650189855,232.9567108154297,8505804,0.0,0.0
2015-01-21 00:00:00+05:30,234.42844791428834,235.69481027067818,232.36344027372903,232.72853088378906,6740612,0.0,0.0
2015-01-22 00:00:00+05:30,233.88083860661146,235.59216181592814,232.40909786124234,233.02517700195312,6470680,0.0,0.0
2015-01-23 00:00:00+05:30,235.02172855557862,239.12890439441398,233.7439460875436,237.94239807128906,9987912,0.0,0.0
2015-01-27 00:00:00+05:30,237.98798754531677,245.91711752345654,237.50882267130763,245.0728759765625,9962400,0.0,0.0
2015-01-28 00:00:00+05:30,244.1487544756328,249.442435954613,240.72610838485292,241.49049377441406,11364940,0.0,0.0
2015-01-29 00:00:00+05:30,245.2896515310627,251.13096231308904,242.09518165065816,249.85317993164062,20567616,0.0,0.0
2015-01-30 00:00:00+05:30,249.75054893886684,249.75054893886684,242.8367912392525,245.82589721679688,10570416,0.0,0.0
2015-02-02 00:00:00+05:30,243.80648793680965,249.39680984083572,240.1214334375244,246.79559326171875,5710352,0.0,0.0
2015-02-03 00:00:00+05:30,246.08828220618378,246.93252386416566,240.79460011888284,242.8025360107422,10200688,0.0,0.0
2015-02-04 00:00:00+05:30,242.55149875128592,246.61304957076644,241.2394845294422,243.62391662597656,6197512,0.0,0.0
2015-02-05 00:00:00+05:30,245.28960189429537,249.3511524903417,244.22857618515664,245.63186645507812,8059148,0.0,0.0
2015-02-06 00:00:00+05:30,245.74598018173702,246.19091301557077,239.59663740868004,240.3838348388672,6903120,0.0,0.0
2015-02-09 00:00:00+05:30,238.90071684768697,239.98455486585937,236.04851153670694,237.3262939453125,5231896,0.0,0.0
2015-02-10 00:00:00+05:30,235.0216991871086,242.39180827391687,235.0216991871086,240.60060119628906,9275752,0.0,0.0
2015-02-11 00:00:00+05:30,241.4106007118692,242.9622111773396,240.269718855953,241.5018768310547,4161588,0.0,0.0
2015-02-12 00:00:00+05:30,243.03072398262216,246.86409936824876,240.2013305173806,245.51785278320312,5525740,0.0,0.0
2015-02-13 00:00:00+05:30,246.70432412974546,246.8868763997483,242.68842487177508,243.1904296875,7714500,0.0,0.0
2015-02-16 00:00:00+05:30,245.47216156216174,247.57137312372146,242.43740455663968,243.58970642089844,7388716,0.0,0.0
2015-02-18 00:00:00+05:30,243.58973956906584,247.1036340280853,241.1938872450621,245.2440185546875,5381692,0.0,0.0
2015-02-19 00:00:00+05:30,245.06149896526253,247.54862775638742,242.7341103958471,246.3849334716797,4507004,0.0,0.0
2015-02-20 00:00:00+05:30,247.1150400731432,248.68946279667665,243.8064822882304,244.84469604492188,6206024,0.0,0.0
2015-02-23 00:00:00+05:30,245.76879598469728,246.7841976814443,242.32333789977312,243.57830810546875,5581564,0.0,0.0
2015-02-24 00:00:00+05:30,244.21722188315613,244.37693422815354,241.20527656988548,243.612548828125,5846288,0.0,0.0
2015-02-25 00:00:00+05:30,244.1487482993434,245.24400616211204,239.5852202937482,240.1442413330078,4648524,0.0,0.0
2015-02-26 00:00:00+05:30,240.41808204176832,240.9542910391821,236.18539845831845,236.88134765625,12426944,0.0,0.0
2015-02-27 00:00:00+05:30,238.5470054497133,241.53613856267998,238.5470054497133,240.4979248046875,10261784,0.0,0.0
2015-03-02 00:00:00+05:30,246.51035485411757,250.7658500549714,243.69238203704228,247.01235961914062,14385232,0.0,0.0
2015-03-03 00:00:00+05:30,247.90221118607386,249.1686012072606,245.7573755464429,247.1948699951172,6029348,0.0,0.0
2015-03-04 00:00:00+05:30,252.13494784768722,253.1161176096979,241.86700879506648,243.07635498046875,12277624,0.0,0.0
2015-03-05 00:00:00+05:30,243.00788263913972,248.71229302972986,242.43744160008072,247.59422302246094,9702452,0.0,0.0
2015-03-09 00:00:00+05:30,245.7574199117347,246.84125788737092,240.9542952151204,241.63882446289062,5755808,0.0,0.0
2015-03-10 00:00:00+05:30,242.3233242079724,242.3803683050082,238.4443256095397,240.1670684814453,5134836,0.0,0.0
2015-03-11 00:00:00+05:30,239.7905683186922,242.3005085510909,239.58520400169255,241.0569305419922,5465536,0.0,0.0
2015-03-12 00:00:00+05:30,241.8897815259134,242.7568629352068,239.83619404938324,240.6348114013672,7530836,0.0,0.0
2015-03-13 00:00:00+05:30,241.86701278913768,242.77971849777595,236.07132596857122,237.9081573486328,5426780,0.0,0.0
2015-03-16 00:00:00+05:30,238.44432208811443,241.38780302240272,237.87388112618115,239.9388885498047,5348772,0.0,0.0
2015-03-17 00:00:00+05:30,241.86702153066162,243.21326807027245,237.9537900927301,241.42208862304688,5369304,0.0,0.0
2015-03-18 00:00:00+05:30,241.9012118944666,244.58228454862316,240.3153692294441,242.67701721191406,5148332,0.0,0.0
2015-03-19 00:00:00+05:30,244.37691603529714,245.01582107485402,239.28857134803874,240.08718872070312,5373572,0.0,0.0
2015-03-20 00:00:00+05:30,239.81340281768655,241.7529022695898,238.66110082542383,240.9314727783203,6483236,0.0,0.0
2015-03-23 00:00:00+05:30,240.9428892152651,241.7301146079595,238.67254488668985,239.0718536376953,5446740,0.0,0.0
2015-03-24 00:00:00+05:30,238.05642875951355,241.18243402886972,236.2652218909244,236.83566284179688,8973564,0.0,0.0
2015-03-25 00:00:00+05:30,237.31485872585503,238.83220939280218,235.27266338203577,235.99142456054688,10608900,0.0,0.0
2015-03-26 00:00:00+05:30,234.31435968820549,235.52367794229727,228.65557361045265,229.76223754882812,35800620,0.0,0.0
2015-03-27 00:00:00+05:30,231.58764569297708,233.54995721079604,230.02462895825124,231.51919555664062,10840896,0.0,0.0
2015-03-30 00:00:00+05:30,232.7399133652803,237.07526469267276,231.09704060322792,236.59609985351562,6955144,0.0,0.0
2015-03-31 00:00:00+05:30,237.28065511678096,237.28065511678096,231.5648248858951,233.35601806640625,5962256,0.0,0.0
2015-04-01 00:00:00+05:30,234.13179309443524,236.58468933812526,231.14268789376757,235.7632598876953,3844196,0.0,0.0
2015-04-06 00:00:00+05:30,236.1625628982412,236.58468364768484,232.6942789959252,235.46661376953125,7151172,0.0,0.0
2015-04-07 00:00:00+05:30,235.76328865075277,236.89275080119256,233.5728005645127,235.64920043945312,6197072,0.0,0.0
2015-04-08 00:00:00+05:30,237.31489507900537,237.86249620026737,235.03313089519133,236.28810119628906,4106144,0.0,0.0
2015-04-09 00:00:00+05:30,236.9041682863147,241.6388290057378,235.02171281955611,240.97711181640625,7002784,0.0,0.0
2015-04-10 00:00:00+05:30,240.26977779902074,240.26977779902074,236.1283700753611,237.9081573486328,6119324,0.0,0.0
2015-04-13 00:00:00+05:30,237.30343308048907,238.74095540307445,236.11692705651134,237.02963256835938,4563236,0.0,0.0
2015-04-15 00:00:00+05:30,237.303460766935,239.28858434538623,233.92643883767184,235.398193359375,4893996,0.0,0.0
2015-04-16 00:00:00+05:30,234.56533686912212,235.83172701796377,232.283572891796,234.94183349609375,5610120,0.0,0.0
2015-04-17 00:00:00+05:30,233.90364009678262,234.53112524514435,231.8386463029852,232.34063720703125,4049012,0.0,0.0
2015-04-20 00:00:00+05:30,232.73993721473457,233.88081925990485,228.76966212682893,229.34010314941406,5188880,0.0,0.0
2015-04-21 00:00:00+05:30,229.31731477929495,231.46217881660104,227.17245074198885,228.8609619140625,6510744,0.0,0.0
2015-04-22 00:00:00+05:30,229.65955337127218,232.96811126882156,226.69326008381412,231.16551208496094,6765936,0.0,0.0
2015-04-23 00:00:00+05:30,232.75131213759198,233.69823575243686,229.5682488716955,231.2567596435547,9627828,0.0,0.0
2015-04-24 00:00:00+05:30,232.4889620827179,232.51177415421782,228.2562783107113,229.64816284179688,7205244,0.0,0.0
2015-04-27 00:00:00+05:30,229.76224753812102,231.0286238762341,227.26371296862138,229.41998291015625,7370704,0.0,0.0
2015-04-28 00:00:00+05:30,228.07371761049623,230.78902233854058,225.91744784725896,229.214599609375,7942108,0.0,0.0
2015-04-29 00:00:00+05:30,229.08911175612732,230.34408198985113,225.4382892580217,226.6134033203125,7863564,0.0,0.0
2015-04-30 00:00:00+05:30,226.12280995171815,227.0355155418361,223.39609921588442,225.62081909179688,15143684,0.0,0.0
2015-05-04 00:00:00+05:30,226.81876562100044,230.34409406590967,226.35100674926437,228.3931884765625,3141448,0.0,0.0
2015-05-05 00:00:00+05:30,227.9596315812208,229.0662954867401,224.9477002901451,225.35842895507812,5138004,0.0,0.0
2015-05-06 00:00:00+05:30,225.3241889464487,225.3241889464487,220.30430828131261,221.46800231933594,11007696,0.0,0.0
2015-05-07 00:00:00+05:30,220.87478874604864,221.33114161535866,215.4441923866163,217.06423950195312,11736664,0.0,0.0
2015-05-08 00:00:00+05:30,219.3916128356685,225.39264948617065,217.99974233950934,224.06922912597656,11571932,0.0,0.0
2015-05-11 00:00:00+05:30,224.99333927700687,226.52212396167658,222.25522244241594,225.9630889892578,6731344,0.0,0.0
2015-05-12 00:00:00+05:30,225.89462783877525,225.89462783877525,220.64657082837945,221.7760467529297,11107568,0.0,0.0
2015-05-13 00:00:00+05:30,222.66595982625137,226.67046724550465,221.69621001538175,225.9517059326172,7791848,0.0,0.0
2015-05-14 00:00:00+05:30,225.66644225112168,227.00126851778947,222.24379651424925,226.1342010498047,4455188,0.0,0.0
2015-05-15 00:00:00+05:30,227.01273848724983,227.61739767789638,224.57124787175232,225.91748046875,8153624,0.0,0.0
2015-05-18 00:00:00+05:30,227.26371237605755,230.91453506482958,226.35100670386456,230.4239501953125,5713304,0.0,0.0
2015-05-19 00:00:00+05:30,229.62532492658997,232.28358567720431,227.7428695416814,229.89913940429688,4786348,0.0,0.0
2015-05-20 00:00:00+05:30,230.37830159937187,234.29153232423852,230.35547560391993,233.66404724121094,4008840,0.0,0.0
2015-05-21 00:00:00+05:30,233.6526503208947,235.0217088188687,231.62187464485334,233.81236267089844,3934380,0.0,0.0
2015-05-22 00:00:00+05:30,233.81234813151988,234.79351780214816,232.3634335486433,233.72109985351562,4689536,0.0,0.0
2015-05-25 00:00:00+05:30,234.65663653022804,235.24988965311124,232.19232004616924,233.5499725341797,4369060,0.0,0.0
2015-05-26 00:00:00+05:30,233.7553144097465,235.06732878030556,232.29499372728094,234.42845153808594,4906344,0.0,0.0
2015-05-27 00:00:00+05:30,233.6070077884262,237.30346844767934,233.05939275577057,236.88134765625,3218592,0.0,0.0
2015-05-28 00:00:00+05:30,237.08671941648097,238.14771748248373,233.24193839842675,234.8848114013672,9561160,0.0,0.0
2015-05-29 00:00:00+05:30,235.0102827976967,240.49793661035548,234.37140556058662,239.7107391357422,5058680,0.0,0.0
2015-06-01 00:00:00+05:30,239.34563535076023,240.95429019090423,235.24987991176351,236.43638610839844,3841320,0.0,0.0
2015-06-02 00:00:00+05:30,236.9383709889478,237.37191170439726,229.2944618580629,230.18434143066406,4726008,0.0,0.0
2015-06-03 00:00:00+05:30,230.22999091771612,232.05540214402112,227.7200504815468,229.44277954101562,5824832,0.0,0.0
2015-06-04 00:00:00+05:30,230.19576204912514,232.2493497069321,227.03552439087971,231.587646484375,5557588,0.0,0.0
2015-06-05 00:00:00+05:30,230.51521829501888,232.39767367827443,228.74685111680913,230.85748291015625,6753860,0.0,0.0
2015-06-08 00:00:00+05:30,229.1461613908315,230.97157268396234,227.16102382419513,228.963623046875,3811996,0.0,0.0
2015-06-09 00:00:00+05:30,229.31727194137312,229.54544833136453,227.51467288972827,228.5985107421875,6040260,0.0,0.0
2015-06-10 00:00:00+05:30,227.7200325849375,232.51173667740613,227.49185619958186,231.73593139648438,7986248,0.0,0.0
2015-06-11 00:00:00+05:30,232.1922915143979,232.40906187270124,226.96706048048168,228.22203063964844,9094176,0.0,0.0
2015-06-12 00:00:00+05:30,228.40459308364615,230.6521252171026,225.9288845335227,230.2642364501953,6528344,0.0,0.0
2015-06-15 00:00:00+05:30,228.63277821013372,231.31385120810685,228.1764253594149,229.36294555664062,5999828,0.0,0.0
2015-06-16 00:00:00+05:30,228.17642161855014,230.5608680098207,227.50329838941872,230.09310913085938,6010524,0.0,0.0
2015-06-17 00:00:00+05:30,230.23001142700582,231.25680533327096,228.0623354026683,229.2488555908203,9686268,0.0,0.0
2015-06-18 00:00:00+05:30,229.52264559449958,233.60699478532936,228.68979616645814,232.64865112304688,8431716,0.0,0.0
2015-06-19 00:00:00+05:30,233.835208756738,236.15117716064793,231.17694786574904,235.13580322265625,3742324,0.0,0.0
2015-06-22 00:00:00+05:30,235.50085532573075,241.15964115006685,234.67942586182758,238.93492126464844,5449652,0.0,0.0
2015-06-23 00:00:00+05:30,240.0415952772096,242.14080721235155,237.873919274231,240.0644073486328,5655180,0.0,0.0
2015-06-24 00:00:00+05:30,240.4979428211851,241.36502434469944,237.9195381751291,238.6269073486328,6267396,0.0,0.0
2015-06-25 00:00:00+05:30,239.185933735449,244.3427152884381,237.90815134630694,243.0078887939453,16573568,0.0,0.0
2015-06-26 00:00:00+05:30,243.46424118457304,244.36552690601323,239.92750665939883,242.51730346679688,5647504,0.0,0.0
2015-06-29 00:00:00+05:30,238.42152738134376,242.26629417402364,235.13578163063937,241.10260009765625,6487836,0.0,0.0
2015-06-30 00:00:00+05:30,240.0986549109292,244.6051395243679,239.12890505740444,243.4984893798828,7290136,0.0,0.0
2015-07-01 00:00:00+05:30,242.17504163996816,245.74600824035815,241.8784290014006,244.6849822998047,4971188,0.0,0.0
2015-07-02 00:00:00+05:30,244.83442194363354,245.45511770367304,242.68494225558652,243.27114868164062,4483444,2.0,0.0
2015-07-03 00:00:00+05:30,242.31708065757982,247.39767580820097,242.31708065757982,246.96087646484375,4039288,0.0,0.0
2015-07-06 00:00:00+05:30,244.61597961974365,249.43219370153238,243.74238098806424,249.0873565673828,3267780,0.0,0.0
2015-07-07 00:00:00+05:30,247.93792545887982,250.92651426830537,247.93792545887982,249.85751342773438,4141472,0.0,0.0
2015-07-08 00:00:00+05:30,248.0758236812429,248.42066080842363,245.06425171644787,245.7194366455078,5400676,0.0,0.0
2015-07-09 00:00:00+05:30,244.30562664887069,247.5701019959025,243.70791450623457,246.9149169921875,2797964,0.0,0.0
2015-07-10 00:00:00+05:30,245.93788985577427,251.7311432982923,245.63901973901855,250.7541046142578,4900088,0.0,0.0
2015-07-13 00:00:00+05:30,249.4322337864425,254.236970906987,249.4322337864425,251.9955291748047,7076084,0.0,0.0
2015-07-14 00:00:00+05:30,251.84609797879912,253.31740895611605,249.6621290780245,251.00698852539062,5674116,0.0,0.0
2015-07-15 00:00:00+05:30,251.27134587395201,253.21391733189,250.76559592718715,252.12193298339844,3849404,0.0,0.0
2015-07-16 00:00:00+05:30,252.60472776950158,257.2485236741074,252.44378692230188,256.2599792480469,7310424,0.0,0.0
2015-07-17 00:00:00+05:30,257.3404722628945,257.88071151061826,254.16795930485736,255.30593872070312,3510988,0.0,0.0
2015-07-20 00:00:00+05:30,256.5473263477082,257.24850642416567,254.4898093043355,256.38641357421875,4551268,0.0,0.0
2015-07-21 00:00:00+05:30,256.685303737552,259.3175495535076,251.29433252300026,252.43231201171875,11028136,0.0,0.0
2015-07-22 00:00:00+05:30,252.05302392258375,256.80028859035065,250.2713649551426,256.1910705566406,7286400,0.0,0.0
2015-07-23 00:00:00+05:30,255.84620409313453,256.71977477827323,252.90358226454148,254.69674682617188,5083172,0.0,0.0
2015-07-24 00:00:00+05:30,253.60477828465133,256.3289865651583,252.99556028247235,254.6852569580078,4761008,0.0,0.0
2015-07-27 00:00:00+05:30,253.7772277314903,253.91515701633347,245.98390041419358,251.9265899658203,3328572,0.0,0.0
2015-07-28 00:00:00+05:30,251.50124501257156,256.07609045673723,251.1449020417272,254.8346710205078,6345672,0.0,0.0
2015-07-29 00:00:00+05:30,254.05303893545374,256.9956607571429,254.041561200564,254.80018615722656,3943032,0.0,0.0
2015-07-30 00:00:00+05:30,254.48981291932643,256.78872721850735,253.13344787022595,255.30593872070312,9462188,0.0,0.0
2015-07-31 00:00:00+05:30,256.4669132126634,257.70833273852907,253.57028636092556,255.55885314941406,5649500,0.0,0.0
2015-08-03 00:00:00+05:30,255.81174698211973,256.9037315232701,251.374830147644,251.82313537597656,4345728,0.0,0.0
2015-08-04 00:00:00+05:30,252.4437742252356,253.34035641678983,248.731022009992,249.76553344726562,5390928,0.0,0.0
2015-08-05 00:00:00+05:30,251.0759093521966,252.35178984151256,249.4781472129861,251.08738708496094,4122780,0.0,0.0
2015-08-06 00:00:00+05:30,251.0184803890996,253.19094337094467,249.53566369576623,251.94952392578125,3743712,0.0,0.0
2015-08-07 00:00:00+05:30,251.4897753161552,252.3059013018003,250.259861500982,251.19093322753906,3227140,0.0,0.0
2015-08-10 00:00:00+05:30,251.73112167298046,254.24842166454252,250.12188162575595,251.65066528320312,3954376,0.0,0.0
2015-08-11 00:00:00+05:30,251.74263960794454,252.61621026652062,249.25980076163202,251.6621551513672,2727688,0.0,0.0
2015-08-12 00:00:00+05:30,250.21386396631306,251.70815841623886,245.45509403418103,246.08729553222656,6005740,0.0,0.0
2015-08-13 00:00:00+05:30,247.59306143221758,248.9034313121235,245.20218503143064,247.71951293945312,3465052,0.0,0.0
2015-08-14 00:00:00+05:30,248.9954312549196,253.71971191746923,248.25978981830644,253.29441833496094,3601660,0.0,0.0
2015-08-17 00:00:00+05:30,252.66220531685332,253.29440679426756,247.31722918962373,250.926513671875,2500212,0.0,0.0
2015-08-18 00:00:00+05:30,250.9494530743657,251.9839644009425,247.9263754741191,249.74252319335938,1857316,0.0,0.0
2015-08-19 00:00:00+05:30,249.39772792228158,249.89200014047933,247.13330280682177,248.7080535888672,3004576,0.0,0.0
2015-08-20 00:00:00+05:30,245.52403923151698,249.37472055841576,245.52403923151698,247.06430053710938,3044852,0.0,0.0
2015-08-21 00:00:00+05:30,244.6045061230687,246.66202340335258,241.61591723246727,243.9838104248047,7758972,0.0,0.0
2015-08-24 00:00:00+05:30,240.16756552097976,240.16756552097976,232.4777084182458,234.27085876464844,14686328,0.0,0.0
2015-08-25 00:00:00+05:30,235.56977271115937,237.31697029364966,231.20184891224096,234.13296508789062,12347920,0.0,0.0
2015-08-26 00:00:00+05:30,233.8915467903268,236.55828176911498,231.96045316330128,232.99496459960938,5573000,0.0,0.0
2015-08-27 00:00:00+05:30,235.63873671734396,237.81119969898418,231.9834570425102,234.9720458984375,13873432,0.0,0.0
2015-08-28 00:00:00+05:30,237.02961105522454,239.71933002549827,234.3513698206815,236.31692504882812,5553136,0.0,0.0
2015-08-31 00:00:00+05:30,234.7421601984594,237.45489060546177,233.46626542346544,236.20196533203125,3441460,0.0,0.0
2015-09-01 00:00:00+05:30,234.78814573726768,234.78814573726768,228.28222021321355,229.91444396972656,10469144,0.0,0.0
2015-09-02 00:00:00+05:30,231.06386720920375,233.09841475301488,226.44305514820476,228.77645874023438,8681688,0.0,0.0
2015-09-03 00:00:00+05:30,230.42020670565913,233.3398310432312,229.6615676967369,232.25933837890625,6507368,0.0,0.0
2015-09-04 00:00:00+05:30,230.39722125332815,231.27080598455214,225.2936280962834,228.98338317871094,11404592,0.0,0.0
2015-09-07 00:00:00+05:30,230.1213046978253,232.1443463284376,225.29358501884997,226.3166046142578,5381740,0.0,0.0
2015-09-08 00:00:00+05:30,226.83391367782062,232.1903820616637,224.60396363786677,230.82252502441406,7444488,0.0,0.0
2015-09-09 00:00:00+05:30,233.22487008183683,235.63873024532552,231.0409013624899,233.638671875,6553120,0.0,0.0
2015-09-10 00:00:00+05:30,230.58111081750644,233.78809916308475,229.040835386611,232.4202423095703,4463740,0.0,0.0
2015-09-11 00:00:00+05:30,233.22486360258304,234.48926651023626,231.45469672557655,232.3052978515625,4301760,0.0,0.0
2015-09-14 00:00:00+05:30,231.92600300353575,235.01804606941758,230.6960892563581,234.4203338623047,5060344,0.0,0.0
2015-09-15 00:00:00+05:30,234.0180117109547,234.40882999456693,231.7535724381944,232.91453552246094,4332728,0.0,0.0
2015-09-16 00:00:00+05:30,234.2364089240913,236.35139908322515,232.5466983123209,235.25941467285156,4254052,0.0,0.0
2015-09-18 00:00:00+05:30,237.93765332194047,244.14472253903457,237.05257684245765,241.32855224609375,7841168,0.0,0.0
2015-09-21 00:00:00+05:30,238.61582193750357,242.5354824284591,238.24800122602574,242.06419372558594,4276688,0.0,0.0
2015-09-22 00:00:00+05:30,241.39752169083326,243.68493033056046,235.70770845905838,236.9376220703125,6025212,0.0,0.0
2015-09-23 00:00:00+05:30,234.30535824010818,242.17912602145063,234.17892075451576,241.20208740234375,5161152,0.0,0.0
2015-09-24 00:00:00+05:30,240.6963273195652,242.30556733029772,238.16752158841408,241.70785522460938,8252836,0.0,0.0
2015-09-28 00:00:00+05:30,242.53550220255016,243.68495955896034,239.79978808170915,240.55844116210938,5777108,0.0,0.0
2015-09-29 00:00:00+05:30,237.24798580554364,246.88044355500045,235.6617291250733,244.78843688964844,10418840,0.0,0.0
2015-09-30 00:00:00+05:30,245.52406816886545,246.67352541684704,243.99528441646572,245.70799255371094,9027796,0.0,0.0
2015-10-01 00:00:00+05:30,247.17928243061664,247.57011474383,243.53550846317478,245.44361877441406,5034788,0.0,0.0
2015-10-05 00:00:00+05:30,247.63907170318038,253.98409850630574,247.63907170318038,252.50128173828125,8053372,0.0,0.0
2015-10-06 00:00:00+05:30,254.48981485093134,254.69672275201182,248.97242049101956,249.6505889892578,4758964,0.0,0.0
2015-10-07 00:00:00+05:30,250.12189546943233,252.50126634408034,249.05289462345397,250.06442260742188,4386268,0.0,0.0
2015-10-08 00:00:00+05:30,250.14486427703892,250.7425763941794,247.2252542839379,248.9954071044922,3881908,0.0,0.0
2015-10-09 00:00:00+05:30,251.7311432615312,251.7311432615312,248.32873850186874,249.6966094970703,3443228,0.0,0.0
2015-10-12 00:00:00+05:30,250.05291157382138,251.84607605616713,247.7770087362014,248.40921020507812,2217340,0.0,0.0
2015-10-13 00:00:00+05:30,247.2597529751723,248.7770308878079,246.71948563328056,247.4436492919922,1823652,0.0,0.0
2015-10-14 00:00:00+05:30,245.7080134110129,249.77708118910832,245.30570334006865,249.37477111816406,2749148,0.0,0.0
2015-10-15 00:00:00+05:30,249.5931465898474,252.0759855799626,248.51266795434526,249.23683166503906,3925952,0.0,0.0
2015-10-16 00:00:00+05:30,250.58168476554133,253.22543648554475,249.43222749597464,252.89210510253906,4843688,0.0,0.0
2015-10-19 00:00:00+05:30,252.8805820923371,253.36334850011124,251.57021211939013,252.3748321533203,2654220,0.0,0.0
2015-10-20 00:00:00+05:30,252.42084890429382,253.5473227861239,250.85757559119185,251.70819091796875,3851356,0.0,0.0
2015-10-21 00:00:00+05:30,252.62773772593943,253.80017859053936,249.4322407343616,251.7311553955078,7273204,0.0,0.0
2015-10-23 00:00:00+05:30,252.75414218348953,256.03009532922005,251.96102791021792,254.8346710205078,4467048,0.0,0.0
2015-10-26 00:00:00+05:30,256.08758612147216,256.14505898770193,252.19093701626244,253.22544860839844,4887984,0.0,0.0
2015-10-27 00:00:00+05:30,251.85757043445992,256.0990561445407,251.85757043445992,255.3863983154297,8984032,0.0,0.0
2015-10-28 00:00:00+05:30,254.04154919290656,258.3979807933922,254.04154919290656,255.5243377685547,7694760,0.0,0.0
2015-10-29 00:00:00+05:30,255.17950490924952,256.21401641563835,252.88059045060763,253.69671630859375,6702368,0.0,0.0
2015-10-30 00:00:00+05:30,253.34036505973685,255.63927944321904,250.68510772164706,252.7886199951172,8097460,0.0,0.0
2015-11-02 00:00:00+05:30,251.74262658463047,251.93802869137954,247.47812924931432,248.9954071044922,3156552,0.0,0.0
2015-11-03 00:00:00+05:30,250.80009785076723,251.0414951289457,248.09887297186145,249.40927124023438,2548592,0.0,0.0
2015-11-04 00:00:00+05:30,250.59318477173375,252.44379409521216,247.8804544530839,248.67356872558594,2696444,0.0,0.0
2015-11-05 00:00:00+05:30,247.93789743363513,248.97240882765584,245.86887464559365,248.2482452392578,3596952,0.0,0.0
2015-11-06 00:00:00+05:30,248.44368992877887,250.35180027449726,247.1907926952738,248.48968505859375,5881004,0.0,0.0
2015-11-09 00:00:00+05:30,243.22516374250503,245.9034048537664,241.61592352870773,244.78843688964844,11429432,0.0,0.0
2015-11-10 00:00:00+05:30,243.6964371742313,244.83438860030398,241.949239744212,242.44351196289062,4402580,0.0,0.0
2015-11-13 00:00:00+05:30,241.24811231900816,242.53549892822258,239.31701837372484,241.85733032226562,3940028,0.0,0.0
2015-11-16 00:00:00+05:30,241.0986257079204,244.83436126716114,240.29400574131472,243.90328979492188,4734732,0.0,0.0
2015-11-17 00:00:00+05:30,244.44356401309517,244.55850972587046,241.66185531359866,243.86883544921875,2567404,0.0,0.0
2015-11-18 00:00:00+05:30,244.07575096926095,245.02980613737606,240.53544494847299,241.06417846679688,2446720,0.0,0.0
2015-11-19 00:00:00+05:30,242.53547557743002,246.20223291667884,241.2940561562031,245.73097229003906,3277680,0.0,0.0
2015-11-20 00:00:00+05:30,244.81141731471433,248.34024555472428,243.6849435667741,246.17926025390625,4648160,0.0,0.0
2015-11-23 00:00:00+05:30,246.90337008171915,247.24820719077184,243.4665047866604,245.07574462890625,3408280,0.0,0.0
2015-11-24 00:00:00+05:30,244.89189023692663,246.78849487851747,244.16772648846174,244.6849822998047,4002252,0.0,0.0
2015-11-26 00:00:00+05:30,243.4550508422674,245.29418248224675,241.63890273520343,244.59300231933594,8791484,0.0,0.0
2015-11-27 00:00:00+05:30,244.79991966048752,248.78853094557664,243.9033373389158,248.1448516845703,6925072,0.0,0.0
2015-11-30 00:00:00+05:30,248.09881901787,248.5126348153479,245.9148504417869,247.76548767089844,5247776,0.0,0.0
2015-12-01 00:00:00+05:30,247.60458453715412,249.40922671297284,246.7884587070398,248.97242736816406,1895332,0.0,0.0
2015-12-02 00:00:00+05:30,250.58167243116077,251.20236810100562,246.40913713543398,247.77700805664062,2562284,0.0,0.0
2015-12-03 00:00:00+05:30,246.5586057671378,248.5126832953622,245.36318132798192,247.53564453125,3807712,0.0,0.0
2015-12-04 00:00:00+05:30,246.81143010095357,246.81143010095357,242.76534660347923,243.43203735351562,5859828,0.0,0.0
2015-12-07 00:00:00+05:30,245.57003076233127,246.23672156660584,243.93780711250082,244.13320922851562,5814808,0.0,0.0
2015-12-08 00:00:00+05:30,243.91481693932238,244.12172484714233,240.6963367912069,241.21359252929688,4902660,0.0,0.0
2015-12-09 00:00:00+05:30,240.71936354072517,242.99529480952043,240.2021077097683,240.79981994628906,3890616,0.0,0.0
2015-12-10 00:00:00+05:30,240.23657482619134,244.42058815780396,239.61587911161794,243.8228759765625,6514340,0.0,0.0
2015-12-11 00:00:00+05:30,243.68496023950442,243.8228895100741,239.54691374487135,240.54693603515625,3033920,0.0,0.0
2015-12-14 00:00:00+05:30,239.3170258747861,243.65047457319042,239.11011793435563,242.54701232910156,5878016,0.0,0.0
2015-12-15 00:00:00+05:30,242.07571346814282,244.24817659461075,240.30556040679286,243.55850219726562,4557416,0.0,0.0
2015-12-16 00:00:00+05:30,244.3746602978822,246.75403166938253,243.53555072472557,245.3632049560547,6842768,0.0,0.0
2015-12-17 00:00:00+05:30,246.88040503591222,249.20230279810806,244.83436575644382,248.3402099609375,4878012,0.0,0.0
2015-12-18 00:00:00+05:30,249.43222031677757,249.43222031677757,245.63901143638418,246.67352294921875,3172128,0.0,0.0
2015-12-21 00:00:00+05:30,246.38618653030636,248.2598076504461,245.76549077751298,247.2252960205078,3097500,0.0,0.0
2015-12-22 00:00:00+05:30,247.0183773733288,247.4781603000358,244.6045170081171,245.16773986816406,2429536,0.0,0.0
2015-12-23 00:00:00+05:30,246.58155443945356,247.81146803839144,245.788440191771,246.9263916015625,3013968,0.0,0.0
2015-12-24 00:00:00+05:30,247.4091618189335,247.45515694567376,245.59304185424634,246.90341186523438,2146352,0.0,0.0
2015-12-28 00:00:00+05:30,246.90338085189612,248.2597458192525,245.466559501501,247.65052795410156,7755428,0.0,0.0
2015-12-29 00:00:00+05:30,248.04141493029897,248.24832288640334,246.2827674607278,247.8115234375,4231612,0.0,0.0
2015-12-30 00:00:00+05:30,248.2827668951418,248.73104399908954,246.57008681163546,246.97239685058594,2112560,0.0,0.0
2015-12-31 00:00:00+05:30,247.13330909186075,249.40924006259328,247.13330909186075,248.77703857421875,9290008,0.0,0.0
2016-01-01 00:00:00+05:30,248.83450645572418,250.6391486920117,247.39768491999837,250.2943115234375,3195076,0.0,0.0
2016-01-04 00:00:00+05:30,249.20231982627132,249.20231982627132,245.5470403343168,246.09878540039062,5187536,0.0,0.0
2016-01-05 00:00:00+05:30,246.02983089807304,247.0873540714226,243.99529707616804,244.2366943359375,3160872,0.0,0.0
2016-01-06 00:00:00+05:30,242.9147693507274,247.53558118113526,242.9147693507274,245.31712341308594,4165536,0.0,0.0
2016-01-07 00:00:00+05:30,243.70795323751307,244.8114435707676,241.31707622407816,242.81137084960938,6055428,0.0,0.0
2016-01-08 00:00:00+05:30,244.13318125240716,244.71941559619344,243.05270280796196,244.2251434326172,3488356,0.0,0.0
2016-01-11 00:00:00+05:30,241.8573107289133,243.91482797725706,240.30554344442083,243.3630828857422,3288912,0.0,0.0
2016-01-12 00:00:00+05:30,244.58150642251894,244.58150642251894,239.89171547623573,240.68482971191406,4258736,0.0,0.0
2016-01-13 00:00:00+05:30,241.84581563612258,244.31714882822175,238.39744374017025,243.7194366455078,4515148,0.0,0.0
2016-01-14 00:00:00+05:30,241.42051443967202,243.08722747018803,238.97216485812282,241.32855224609375,6279184,0.0,0.0
2016-01-15 00:00:00+05:30,240.92623446331288,242.6389145041291,238.65030354425284,239.5813751220703,5417260,0.0,0.0
2016-01-18 00:00:00+05:30,238.08708438461764,239.42043794890995,234.71916904962694,235.83413696289062,6495388,0.0,0.0
2016-01-19 00:00:00+05:30,236.14450818575347,238.52390736497006,235.93762831184225,238.12159729003906,6405212,0.0,0.0
2016-01-20 00:00:00+05:30,235.63875587417684,254.71974781325653,231.70761736437282,234.09848022460938,9563588,0.0,0.0
2016-01-21 00:00:00+05:30,234.71915694578885,237.53532704626477,232.97198763889384,235.17893981933594,6300804,0.0,0.0
2016-01-22 00:00:00+05:30,235.7996697798117,240.06416777756806,234.96057433238462,236.85719299316406,4236284,0.0,0.0
2016-01-25 00:00:00+05:30,239.07561487247008,240.6273822422081,237.48938623374264,239.35150146484375,10143884,0.0,0.0
2016-01-27 00:00:00+05:30,241.02970647803082,241.08717934695716,237.47789440355396,238.0871124267578,4039468,0.0,0.0
2016-01-28 00:00:00+05:30,238.85720431994278,240.6733522945359,236.7881813758817,237.17898559570312,9951972,0.0,0.0
2016-01-29 00:00:00+05:30,237.98363168977025,242.52398809198243,237.98363168977025,241.35154724121094,5360184,0.0,0.0
2016-02-01 00:00:00+05:30,243.22514663987857,245.29416962641818,242.2366022100304,243.62745666503906,4609484,0.0,0.0
2016-02-02 00:00:00+05:30,244.834355122887,244.89182797620222,241.4319509814586,242.25958251953125,6528628,0.0,0.0
2016-02-03 00:00:00+05:30,240.12161828184963,241.70787489122156,239.5468896598251,239.97218322753906,4850244,0.0,0.0
2016-02-04 00:00:00+05:30,240.92622889976388,242.51248544689784,240.3630060974467,241.20208740234375,5675992,0.0,0.0
2016-02-05 00:00:00+05:30,242.02968803642275,244.55849355021817,240.3744530441887,242.59291076660156,7523904,0.0,0.0
2016-02-08 00:00:00+05:30,242.53543696777265,243.22511119611704,236.85713037957044,238.1330108642578,3481924,0.0,0.0
2016-02-09 00:00:00+05:30,236.0295644780508,237.14456057420728,234.6387379019506,235.88015747070312,5535460,0.0,0.0
2016-02-10 00:00:00+05:30,235.38587512298312,236.82269677005803,232.2133617010726,232.86856079101562,7682280,0.0,0.0
2016-02-11 00:00:00+05:30,232.19037111415602,232.88004548380204,222.58091103671384,224.213134765625,8803600,0.0,0.0
2016-02-12 00:00:00+05:30,225.06371285692904,226.77640683868992,222.07512422859392,223.31654357910156,12542144,0.0,0.0
2016-02-15 00:00:00+05:30,225.2936223024573,227.19022677592184,223.24758277304457,223.8223114013672,10912960,0.0,0.0
2016-02-16 00:00:00+05:30,225.63844983589885,225.7533955566507,221.15556672657635,223.78782653808594,7136096,0.0,0.0
2016-02-17 00:00:00+05:30,224.5809835032589,225.27065791586205,220.46592056214197,224.12120056152344,7503924,0.0,0.0
2016-02-18 00:00:00+05:30,226.67296667250423,227.87989676888418,224.60394365013855,227.46609497070312,6799856,0.0,0.0
2016-02-19 00:00:00+05:30,227.3051573651136,228.190233781208,223.79931296580335,227.4315948486328,3328660,0.0,0.0
2016-02-22 00:00:00+05:30,225.98328474698266,228.97187345675965,225.98328474698266,227.30516052246094,4002396,0.0,0.0
2016-02-23 00:00:00+05:30,226.42010696316,226.55803622803546,222.07515271058577,223.00621032714844,6078320,0.0,0.0
2016-02-24 00:00:00+05:30,220.6957776602838,221.36246843454978,217.56925975601365,218.30490112304688,6463468,0.0,0.0
2016-02-25 00:00:00+05:30,219.31643077500436,220.06357794483534,215.68414887873334,216.70716857910156,8463196,0.0,0.0
2016-02-26 00:00:00+05:30,218.39688367575687,223.2246042622736,217.24742639325288,220.92568969726562,6209388,0.0,0.0
2016-02-29 00:00:00+05:30,220.9486801924785,225.89134666299026,213.33927835511238,223.42001342773438,8812752,0.0,0.0
2016-03-01 00:00:00+05:30,224.1326613592388,226.84537753435586,223.41998947914522,226.24766540527344,4322560,0.0,0.0
2016-03-02 00:00:00+05:30,229.43167244022152,232.3972778268328,228.74199807416875,231.5466766357422,6358976,0.0,0.0
2016-03-03 00:00:00+05:30,232.36279171798245,234.48928770946534,232.1903731240784,233.5352325439453,4610400,0.0,0.0
2016-03-04 00:00:00+05:30,233.44331220809897,235.61578955656205,228.30522907837354,234.61575317382812,5704624,0.0,0.0
2016-03-08 00:00:00+05:30,235.40886506208474,235.40886506208474,232.07543875017046,233.14443969726562,1913688,0.0,0.0
2016-03-09 00:00:00+05:30,232.8800430533681,236.76521424107773,231.4432214649342,235.5927734375,6528172,0.0,0.0
2016-03-10 00:00:00+05:30,235.5927830251041,235.81116869026474,232.21336167382677,234.7766571044922,2671392,0.0,0.0
2016-03-11 00:00:00+05:30,234.4662909642646,236.97211333372027,232.8800343771471,236.48931884765625,4730856,0.0,0.0
2016-03-14 00:00:00+05:30,236.3284002499498,238.61580885210384,235.6961987901372,236.22496032714844,3008656,0.0,0.0
2016-03-15 00:00:00+05:30,236.30541231736774,237.56981521344355,234.86859084455435,236.02952575683594,7690036,0.0,0.0
2016-03-16 00:00:00+05:30,236.09853301495977,237.765246125338,234.24790954007344,236.8916473388672,4803548,0.0,0.0
2016-03-17 00:00:00+05:30,237.92614664779708,238.85721825210038,232.4547469365605,234.1214599609375,5113484,0.0,0.0
2016-03-18 00:00:00+05:30,235.16749874944892,237.24801389445952,233.42031503444926,236.42041015625,4135068,0.0,0.0
2016-03-21 00:00:00+05:30,237.47786977901606,240.77680650072887,237.30545119011552,240.37449645996094,5318796,0.0,0.0
2016-03-22 00:00:00+05:30,240.5814063329109,242.90330440304265,239.2480246760835,242.27110290527344,4120264,0.0,0.0
2016-03-23 00:00:00+05:30,242.08723335263207,242.08723335263207,239.2135898631555,241.2366180419922,8464300,0.0,0.0
2016-03-28 00:00:00+05:30,240.23656592903956,242.07569753423795,239.466435181947,240.81129455566406,11270868,0.0,0.0
2016-03-29 00:00:00+05:30,240.81125539082075,243.56995234995188,240.06410829772275,242.25958251953125,6733952,0.0,0.0
2016-03-30 00:00:00+05:30,243.22514170564884,245.96085543382563,242.28259242126381,244.8228759765625,7814380,0.0,0.0
2016-03-31 00:00:00+05:30,245.25967033199808,248.02987333214085,244.84588258925535,246.2482147216797,20080392,0.0,0.0
2016-04-01 00:00:00+05:30,245.70798173058458,247.45515105797176,242.94928445694592,244.7079315185547,5158648,0.0,0.0
2016-04-04 00:00:00+05:30,244.88038305946694,246.6275806849497,244.60452452014,245.76548767089844,6179960,0.0,0.0
2016-04-05 00:00:00+05:30,245.75402835224406,247.5701769245892,242.68498225435047,243.09877014160156,6663028,0.0,0.0
2016-04-06 00:00:00+05:30,243.91486992928088,245.28271306422286,242.93783110062918,244.02981567382812,4295376,0.0,0.0
2016-04-07 00:00:00+05:30,244.60451381435783,244.7769324096217,240.7078647865631,242.6504364013672,3911692,0.0,0.0
2016-04-08 00:00:00+05:30,242.5354697895127,244.4550577055945,242.3630512090936,243.53549194335938,2962796,0.0,0.0
2016-04-11 00:00:00+05:30,243.75388825574956,246.92637307132523,239.74226606650987,246.20220947265625,4049620,0.0,0.0
2016-04-12 00:00:00+05:30,245.8918811787421,246.2137348106865,243.51251036248337,244.37460327148438,4941480,0.0,0.0
2016-04-13 00:00:00+05:30,246.4436322347325,249.4207152609072,245.86890361478208,248.68507385253906,4974604,0.0,0.0
2016-04-18 00:00:00+05:30,249.087383285278,251.0414605883928,246.35166944833315,250.075927734375,4117068,0.0,0.0
2016-04-20 00:00:00+05:30,251.01847912320906,252.8805942501029,249.0988911339857,252.38632202148438,3821352,0.0,0.0
2016-04-21 00:00:00+05:30,251.731115209022,254.06451883016422,250.35176663253418,250.84603881835938,8191728,0.0,0.0
2016-04-22 00:00:00+05:30,250.46675550523517,253.07601806611024,249.47821096324842,251.0759735107422,7809320,0.0,0.0
2016-04-25 00:00:00+05:30,252.88060953980747,252.88060953980747,249.31729185992836,251.32884216308594,5561960,0.0,0.0
2016-04-26 00:00:00+05:30,251.73112715773817,256.3289559642722,251.15639855692143,256.0645751953125,7053796,0.0,0.0
2016-04-27 00:00:00+05:30,255.1450328674717,258.62789412088415,254.94963073783157,258.4439697265625,5763636,0.0,0.0
2016-04-28 00:00:00+05:30,258.44394216006856,261.317585121566,255.25995137131326,256.0875549316406,8089584,0.0,0.0
2016-04-29 00:00:00+05:30,256.05312657043254,261.15670590071744,254.30592897498357,260.3175964355469,5611940,0.0,0.0
2016-05-02 00:00:00+05:30,259.2600692987792,259.77732503446725,256.5588449012969,256.93817138671875,3862716,0.0,0.0
2016-05-03 00:00:00+05:30,257.91516727767885,260.92673900515535,255.90361752763908,257.0185852050781,4695296,0.0,0.0
2016-05-04 00:00:00+05:30,256.9036961610464,260.81185082300414,256.1565489462604,259.1681213378906,5292328,0.0,0.0
2016-05-05 00:00:00+05:30,259.31754688166046,260.8693141169896,258.0991110124562,260.30609130859375,5214248,0.0,0.0
2016-05-06 00:00:00+05:30,260.23716451924753,260.2946373912703,256.8462650699022,257.39801025390625,2733152,0.0,0.0
2016-05-09 00:00:00+05:30,257.47841925472517,263.21419960134745,257.248527808962,262.3981018066406,6953180,0.0,0.0
2016-05-10 00:00:00+05:30,262.8809355875203,263.8005016061911,261.1797328403937,263.2027893066406,5453000,0.0,0.0
2016-05-11 00:00:00+05:30,260.8578071620204,263.2257002320708,259.7083499557668,261.8003845214844,6147372,0.0,0.0
2016-05-12 00:00:00+05:30,262.99580269757234,264.83493418496795,260.3520511844411,264.1682434082031,4221688,0.0,0.0
2016-05-13 00:00:00+05:30,263.9153963625851,263.9153963625851,259.7773500781543,262.2831726074219,5045316,0.0,0.0
2016-05-16 00:00:00+05:30,263.22570065500986,268.0304373974539,260.3635634320077,267.3177795410156,4518768,0.0,0.0
2016-05-17 00:00:00+05:30,267.83500629266666,268.8005390177882,264.6739993125558,265.1682434082031,4295424,0.0,0.0
2016-05-18 00:00:00+05:30,264.6050174948003,264.6050174948003,260.12213492212555,262.22564697265625,4162644,0.0,0.0
2016-05-19 00:00:00+05:30,262.0992405633568,262.69695272996506,260.23712540230275,261.91534423828125,3855796,0.0,0.0
2016-05-20 00:00:00+05:30,262.0647588824346,264.03034209270817,260.604953722456,262.2831726074219,2016632,0.0,0.0
2016-05-23 00:00:00+05:30,262.5245258580047,264.3636574282708,260.51297570302614,261.3291015625,3463532,0.0,0.0
2016-05-24 00:00:00+05:30,261.70847385202904,262.9154041561902,261.05328872806956,262.0647888183594,3259468,0.0,0.0
2016-05-25 00:00:00+05:30,263.5245895686499,270.3408488489972,263.5245895686499,269.7316589355469,5767348,0.0,0.0
2016-05-26 00:00:00+05:30,270.37531358077916,273.31793520104526,268.1108885377601,272.01904296875,13705560,0.0,0.0
2016-05-27 00:00:00+05:30,272.0190182900776,273.5707853498351,270.5132182884054,272.83514404296875,5775184,0.0,0.0
2016-05-30 00:00:00+05:30,272.88119079369966,274.72032266088553,270.8351509788704,271.2144775390625,3814532,0.0,0.0
2016-05-31 00:00:00+05:30,272.6283061354556,272.6283061354556,270.6742285956593,271.708740234375,5515640,0.0,0.0
2016-06-01 00:00:00+05:30,271.950119155249,271.950119155249,269.2029271528558,270.156982421875,5675632,0.0,0.0
2016-06-02 00:00:00+05:30,270.0534585375071,271.4098236219559,269.20287144981035,270.1109313964844,7910616,0.0,0.0
2016-06-03 00:00:00+05:30,271.2948931609933,272.42136687288314,268.7546094890874,269.37530517578125,4524420,0.0,0.0
2016-06-06 00:00:00+05:30,270.3523649130034,271.8236759128697,268.98452191093423,269.22589111328125,5547308,0.0,0.0
2016-06-07 00:00:00+05:30,270.5707556794946,271.2719358915023,268.43278183607003,269.8236083984375,5628504,0.0,0.0
2016-06-08 00:00:00+05:30,270.3063734762306,270.8121234323451,266.90396884970517,267.27178955078125,4742812,0.0,0.0
2016-06-09 00:00:00+05:30,267.24882124080244,267.63962549615775,264.94990664948375,266.5361633300781,4648184,0.0,0.0
2016-06-10 00:00:00+05:30,266.30623702704054,269.59366762474065,265.8004590453738,266.9844055175781,6322312,0.0,0.0
2016-06-13 00:00:00+05:30,265.46716370603724,267.81204537526236,264.61657652833776,265.0418701171875,3323236,0.0,0.0
2016-06-14 00:00:00+05:30,265.52463979533604,265.98442272138857,263.05330656780365,264.80047607421875,3828768,0.0,0.0
2016-06-15 00:00:00+05:30,265.5246359078647,269.17991572905095,265.11082005530693,268.86956787109375,3045824,0.0,0.0
2016-06-16 00:00:00+05:30,268.17986288056665,268.7085963396798,265.60506198851795,267.1683349609375,4727768,0.0,0.0
2016-06-17 00:00:00+05:30,268.283348044371,270.81215423844816,267.9500166348667,268.9730224609375,3761652,0.0,0.0
2016-06-20 00:00:00+05:30,266.4441501915235,271.0994513488818,266.3981831336546,269.4442443847656,2742764,0.0,0.0
2016-06-21 00:00:00+05:30,270.1224382263963,270.2258781477833,266.94992517354825,268.2028503417969,2670968,0.0,0.0
2016-06-22 00:00:00+05:30,268.0534071944689,270.12243006303686,268.0534071944689,269.31781005859375,3803840,0.0,0.0
2016-06-23 00:00:00+05:30,268.92703140374755,273.9961210756012,268.39826983970846,273.59381103515625,3926732,0.0,0.0
2016-06-24 00:00:00+05:30,266.63961214681217,269.40981554683225,263.68551241111186,267.11090087890625,11173964,0.0,0.0
2016-06-27 00:00:00+05:30,267.13385582032157,268.74309591562474,265.07633863792347,266.6625671386719,4163788,0.0,0.0
2016-06-28 00:00:00+05:30,266.96141964186154,269.6856274396168,264.3751410877423,268.27178955078125,4034980,0.0,0.0
2016-06-29 00:00:00+05:30,270.0217717560048,271.064774307852,268.79333521097163,270.7866516113281,5420668,2.375,0.0
2016-06-30 00:00:00+05:30,271.41244797134686,273.4984531222795,269.3612152315809,272.6756286621094,16278892,0.0,0.0
2016-07-01 00:00:00+05:30,273.4984135536398,274.65730513649424,271.5978426750592,272.2236328125,4304876,0.0,0.0
2016-07-04 00:00:00+05:30,273.08120063330756,273.38252376145164,271.505125060231,271.8296203613281,7249852,0.0,0.0
2016-07-05 00:00:00+05:30,271.8296486618535,272.1773161720998,269.3264312707786,270.16082763671875,2136328,0.0,0.0
2016-07-07 00:00:00+05:30,270.6939180293309,275.5264905648139,269.0714697147537,274.8079833984375,4832616,0.0,0.0
2016-07-08 00:00:00+05:30,274.68047627102595,274.7963654288733,271.470352257306,272.30474853515625,3118868,0.0,0.0
2016-07-11 00:00:00+05:30,274.88912795349614,278.5744094422153,273.7418364180416,278.0760803222656,5102532,0.0,0.0
2016-07-12 00:00:00+05:30,280.4286369850924,280.4286369850924,277.1026232540962,278.6323547363281,7046032,0.0,0.0
2016-07-13 00:00:00+05:30,278.0876446748496,278.5859454372461,276.58108556764506,277.61248779296875,6687072,0.0,0.0
2016-07-14 00:00:00+05:30,278.3658105185184,278.63236129132156,276.3261496320542,278.21514892578125,3459668,0.0,0.0
2016-07-15 00:00:00+05:30,279.01477001469937,284.16023771640624,276.99828153129795,283.62713623046875,5774216,0.0,0.0
2016-07-18 00:00:00+05:30,283.9284617668148,287.0574693046532,283.3837883355456,284.4963073730469,4438484,0.0,0.0
2016-07-19 00:00:00+05:30,284.8555602885683,285.2611723557001,281.3441130201767,282.3871154785156,2586004,0.0,0.0
2016-07-20 00:00:00+05:30,283.46487981888976,287.0574437086631,283.17515692455316,285.59722900390625,4690332,0.0,0.0
2016-07-21 00:00:00+05:30,285.249576730161,287.3819543220522,283.3490057593422,284.7628479003906,9112904,0.0,0.0
2016-07-22 00:00:00+05:30,285.86378385030525,286.1651069820639,283.11721643101254,285.27276611328125,5620272,0.0,0.0
2016-07-25 00:00:00+05:30,285.78272484501736,289.59546764263774,284.39205465112434,289.0160217285156,9872884,0.0,0.0
2016-07-26 00:00:00+05:30,287.961441117967,288.7147207905707,286.2810480021589,287.1270446777344,5665992,0.0,0.0
2016-07-27 00:00:00+05:30,287.6368946641569,289.1550539750517,285.0873331481974,286.69818115234375,10734736,0.0,0.0
2016-07-28 00:00:00+05:30,286.94157520722473,290.0126381082714,286.3737296107477,289.3636474609375,10646528,0.0,0.0
2016-07-29 00:00:00+05:30,289.2593448638292,289.72290150623917,286.2462266881643,288.8421325683594,3395676,0.0,0.0
2016-08-01 00:00:00+05:30,289.49113592498793,291.7973190051675,284.54267420813943,287.938232421875,5560864,0.0,0.0
2016-08-02 00:00:00+05:30,289.0275819445909,291.2178758793956,287.49785060177066,288.1700134277344,5329396,0.0,0.0
2016-08-03 00:00:00+05:30,287.660091510975,289.7113241570145,285.3191359405442,287.5094299316406,4733876,0.0,0.0
2016-08-04 00:00:00+05:30,288.9348241639242,288.9579963353579,285.9217062530518,287.6368713378906,4662880,0.0,0.0
2016-08-05 00:00:00+05:30,289.1202880233818,291.0324592030428,287.8107348295696,289.549072265625,5784912,0.0,0.0
2016-08-08 00:00:00+05:30,290.3951289710633,290.88185789534407,288.4597852166264,289.6302490234375,4728776,0.0,0.0
2016-08-09 00:00:00+05:30,290.39506699330815,290.39506699330815,286.8720195023222,289.07391357421875,4210856,0.0,0.0
2016-08-10 00:00:00+05:30,288.5640175150847,289.94308724534557,282.7116147502205,284.36883544921875,3619720,0.0,0.0
2016-08-11 00:00:00+05:30,284.34569540002934,286.2462665814866,283.233147985892,284.6817626953125,2856072,0.0,0.0
2016-08-12 00:00:00+05:30,285.3307430052642,286.2462561509551,282.6305196266467,284.7860412597656,4641496,0.0,0.0
2016-08-16 00:00:00+05:30,285.7826423193776,287.04582273009134,281.3325103012905,284.4615173339844,3468568,0.0,0.0
2016-08-17 00:00:00+05:30,285.87541597908336,286.82570153359416,284.1602505698476,286.22308349609375,5511036,0.0,0.0
2016-08-18 00:00:00+05:30,286.9415822651572,290.8586418335666,286.1419583168572,290.3023681640625,6111656,0.0,0.0
2016-08-19 00:00:00+05:30,289.7229135505097,289.7229135505097,287.7411975045229,289.0507507324219,4110636,0.0,0.0
2016-08-22 00:00:00+05:30,288.57564413903305,290.75433798049335,287.63693051023495,289.79248046875,5501292,0.0,0.0
2016-08-23 00:00:00+05:30,289.95470154346356,290.65003655915535,288.8074100848738,290.0589904785156,5314524,0.0,0.0
2016-08-24 00:00:00+05:30,290.198077479302,293.0141616326612,289.0391857970129,292.4579162597656,5570936,0.0,0.0
2016-08-25 00:00:00+05:30,292.9678315568453,293.61682224784926,290.7195929009659,291.70465087890625,8729888,0.0,0.0
2016-08-26 00:00:00+05:30,292.04066249485464,292.4810469302826,290.62682050174385,291.3684997558594,2521136,0.0,0.0
2016-08-29 00:00:00+05:30,290.9976699566133,290.9976699566133,286.5243372293865,286.9647216796875,2944184,0.0,0.0
2016-08-30 00:00:00+05:30,288.58711224800174,294.47428584081587,288.32056158445937,294.0455017089844,9867608,0.0,0.0
2016-08-31 00:00:00+05:30,294.12665837706606,300.1528940884953,293.315434338989,299.2721252441406,11161364,0.0,0.0
2016-09-01 00:00:00+05:30,298.53050217429137,298.9940588546862,295.61010074645463,297.5338439941406,5224676,0.0,0.0
2016-09-02 00:00:00+05:30,297.95105439647386,298.7622785819174,296.94282428178775,297.85833740234375,3955188,0.0,0.0
2016-09-06 00:00:00+05:30,299.0056409983722,302.21576515723484,299.0056409983722,301.404541015625,5508884,0.0,0.0
2016-09-07 00:00:00+05:30,301.54359423287383,302.47070751260594,297.3947566474222,298.2407531738281,4016444,0.0,0.0
2016-09-08 00:00:00+05:30,298.9940723380668,300.21090867897755,297.5106852352578,298.8550109863281,2905380,0.0,0.0
2016-09-09 00:00:00+05:30,298.9940444843357,300.037046965095,296.2822493516627,299.0867614746094,4013768,0.0,0.0
2016-09-12 00:00:00+05:30,295.4477815434328,297.6960479825885,294.70610231616945,296.6530456542969,3985728,0.0,0.0
2016-09-14 00:00:00+05:30,295.51739923922054,295.9809559439095,293.29233271536464,294.23101806640625,3849508,0.0,0.0
2016-09-15 00:00:00+05:30,294.8219867373026,297.580154064328,294.3236577520136,296.58349609375,3501812,0.0,0.0
2016-09-16 00:00:00+05:30,297.55703844214656,302.3548386698554,297.55703844214656,300.8135070800781,6525816,0.0,0.0
2016-09-19 00:00:00+05:30,300.6164844450832,301.89126521952267,298.530479541455,299.02880859375,5894832,0.0,0.0
2016-09-20 00:00:00+05:30,299.60828216376484,300.1529556137566,297.6149940631276,298.6347961425781,3778248,0.0,0.0
2016-09-21 00:00:00+05:30,299.45758325705117,300.8482531483378,298.5072978233223,299.6893615722656,4256400,0.0,0.0
2016-09-22 00:00:00+05:30,302.4707178134012,305.2404575136251,301.43931557187506,302.9111022949219,6555800,0.0,0.0
2016-09-23 00:00:00+05:30,302.7140679928177,305.58809635379686,301.65946538278484,304.25537109375,4876808,0.0,0.0
2016-09-26 00:00:00+05:30,302.725708497163,303.3746992185207,299.8516511919822,300.4195251464844,5576772,0.0,0.0
2016-09-27 00:00:00+05:30,301.0800413706482,302.7372620376128,300.11815567220697,300.85986328125,4056812,0.0,0.0
2016-09-28 00:00:00+05:30,301.2886513383652,301.3118235122925,298.76226192872696,300.21087646484375,4989652,0.0,0.0
2016-09-29 00:00:00+05:30,300.83665705182085,302.70248383225294,293.88330749977825,296.0968017578125,16450012,0.0,0.0
2016-09-30 00:00:00+05:30,296.0040702560717,296.90801131215926,293.7558319951299,295.0190124511719,4138428,0.0,0.0
2016-10-03 00:00:00+05:30,296.90804789249466,298.97088073790826,295.84187320742535,298.3450622558594,3900548,0.0,0.0
2016-10-04 00:00:00+05:30,298.66953361314404,300.15292050052284,297.2093471920654,298.8897399902344,2775512,0.0,0.0
2016-10-05 00:00:00+05:30,300.8482555220895,301.3234123893288,295.8418495326065,298.090087890625,3647020,0.0,0.0
2016-10-06 00:00:00+05:30,298.32189898585824,300.29201489719253,296.45610030460625,297.12823486328125,2895712,0.0,0.0
2016-10-07 00:00:00+05:30,297.60332895643035,298.47249755735453,295.8070471811871,296.8152770996094,3337464,0.0,0.0
2016-10-10 00:00:00+05:30,297.8351403259739,298.5073031106518,296.38652583022497,297.6844787597656,4719312,0.0,0.0
2016-10-13 00:00:00+05:30,296.4444368128681,296.4444368128681,291.2178249872573,292.67803955078125,4519356,0.0,0.0
2016-10-14 00:00:00+05:30,293.3734293714724,293.89493062850244,290.65003391809313,292.4579162597656,4067116,0.0,0.0
2016-10-17 00:00:00+05:30,293.3154577543204,293.52406389655727,285.7247179349178,286.87200927734375,5135360,0.0,0.0
2016-10-18 00:00:00+05:30,288.14683046448874,292.04071802208534,287.1733727217172,291.5423889160156,2610968,0.0,0.0
2016-10-19 00:00:00+05:30,292.29562400144357,292.73600845349176,289.25933376877094,291.6582336425781,3044904,0.0,0.0
2016-10-20 00:00:00+05:30,292.0986583167364,293.7674510778955,289.9547086326025,290.9977111816406,3200356,0.0,0.0
2016-10-21 00:00:00+05:30,291.11356103525463,295.0421921220526,289.7228911576977,294.52069091796875,3956408,0.0,0.0
2016-10-24 00:00:00+05:30,294.76406569745615,295.9461294196254,292.2840490981354,292.8634948730469,3255664,0.0,0.0
2016-10-25 00:00:00+05:30,293.8949459202078,293.8949459202078,288.3438657905155,289.79248046875,5501796,0.0,0.0
2016-10-26 00:00:00+05:30,288.18163587892985,293.19964333859383,286.2578923491851,287.2429504394531,5366540,0.0,0.0
2016-10-27 00:00:00+05:30,287.1733349481335,291.3453446568231,283.7314325971149,290.2096252441406,11623860,0.0,0.0
2016-10-28 00:00:00+05:30,290.76592337381953,292.481088723954,287.42830966687615,291.8205261230469,5320536,0.0,0.0
2016-11-01 00:00:00+05:30,291.11361569383473,292.9330701332699,289.0392107209623,291.994384765625,3402416,0.0,0.0
2016-11-02 00:00:00+05:30,289.97785780186524,291.0440324420864,287.7527915324357,288.83056640625,6474432,0.0,0.0
2016-11-03 00:00:00+05:30,288.5639953601704,292.040670003064,285.4929327589477,290.87017822265625,6315812,0.0,0.0
2016-11-04 00:00:00+05:30,290.37186999173235,290.37186999173235,287.8107084203196,288.2626647949219,5734920,0.0,0.0
2016-11-07 00:00:00+05:30,290.1865051164116,290.8470677801099,287.40516481178145,289.595458984375,5671392,0.0,0.0
2016-11-08 00:00:00+05:30,289.97783589442133,291.5771118805562,287.42827450277895,290.71954345703125,5348164,0.0,0.0
2016-11-09 00:00:00+05:30,278.1340534465535,291.4381379950654,277.05627833079626,290.0126953125,13645468,0.0,0.0
2016-11-10 00:00:00+05:30,292.90984902374305,297.37158163993064,290.67318259905585,296.3401794433594,10700736,0.0,0.0
2016-11-11 00:00:00+05:30,295.2855770171023,297.13980356038076,293.3386334880095,295.7027893066406,7139320,0.0,0.0
2016-11-15 00:00:00+05:30,296.0968094191292,298.76226014971235,289.873567067679,290.8238525390625,12512524,0.0,0.0
2016-11-16 00:00:00+05:30,293.8949237839198,293.8949237839198,287.4167307480977,288.4133605957031,8647744,0.0,0.0
2016-11-17 00:00:00+05:30,287.01115538369504,289.4680003485628,283.9632642817157,285.13372802734375,4815624,0.0,0.0
2016-11-18 00:00:00+05:30,286.47804805200917,286.47804805200917,280.26637679312586,280.77630615234375,6879900,0.0,0.0
2016-11-21 00:00:00+05:30,282.6536726876957,282.6536726876957,275.4337720686337,277.8326721191406,5552520,0.0,0.0
2016-11-22 00:00:00+05:30,279.71006698433536,279.71006698433536,275.66551862672344,277.6820068359375,10017784,0.0,0.0
2016-11-23 00:00:00+05:30,278.82935057151263,278.82935057151263,273.7533991293902,274.5993957519531,3532692,0.0,0.0
2016-11-24 00:00:00+05:30,274.4255022321429,274.9586036297921,269.07142925771626,270.1376037597656,15285996,0.0,0.0
2016-11-25 00:00:00+05:30,270.94882007598267,276.5578433573479,268.39925889477155,275.6539306640625,5969960,0.0,0.0
2016-11-28 00:00:00+05:30,273.55638847114926,277.879060213246,273.0580593766051,274.52984619140625,4130180,0.0,0.0
2016-11-29 00:00:00+05:30,274.58774880767504,276.49991983918596,272.68717800880665,273.20867919921875,3932644,0.0,0.0
2016-11-30 00:00:00+05:30,274.6573020404853,278.59753337777494,273.753360957398,278.041259765625,6442840,0.0,0.0
2016-12-01 00:00:00+05:30,278.66710446197146,279.9650574838581,276.51155462163456,277.4966125488281,4476984,0.0,0.0
2016-12-02 00:00:00+05:30,275.5844022912386,278.58591999805265,272.7335178467879,275.6075744628906,4062672,0.0,0.0
2016-12-05 00:00:00+05:30,275.25993403421614,277.8906123731355,272.687200276741,277.2879943847656,4551936,0.0,0.0
2016-12-06 00:00:00+05:30,276.97508460455634,278.79453870669755,275.8625373825681,276.84759521484375,2702964,0.0,0.0
2016-12-07 00:00:00+05:30,278.56277376857565,279.50148730052933,270.4853048147214,273.8692626953125,5628192,0.0,0.0
2016-12-08 00:00:00+05:30,275.12086790211254,279.42036708763936,275.12086790211254,278.0180969238281,4309696,0.0,0.0
2016-12-09 00:00:00+05:30,277.9254264644307,278.66713419411167,275.3526923210921,277.7400207519531,4387952,0.0,0.0
2016-12-12 00:00:00+05:30,276.2797839928913,276.3145564028836,273.7533944034329,274.52984619140625,3425272,0.0,0.0
2016-12-13 00:00:00+05:30,273.5563819812899,275.89733752408887,273.1623701260703,274.9470520019531,2526868,0.0,0.0
2016-12-14 00:00:00+05:30,275.1208764538744,275.35265478281616,271.968696838917,272.50177001953125,4314144,0.0,0.0
2016-12-15 00:00:00+05:30,269.83633111950024,276.8592261130046,269.69726977466195,272.71038818359375,4941488,0.0,0.0
2016-12-16 00:00:00+05:30,272.7103712312298,274.65731481770194,271.53990766724087,274.0315246582031,3255828,0.0,0.0
2016-12-19 00:00:00+05:30,272.7567479387891,273.38253810761813,271.2965331538508,272.7451477050781,3160436,0.0,0.0
2016-12-20 00:00:00+05:30,272.57131445834466,274.657319415934,271.57465632797295,273.9388122558594,4189992,0.0,0.0
2016-12-21 00:00:00+05:30,274.4255569716631,274.6573353137,272.33955189333125,273.4984436035156,2658876,0.0,0.0
2016-12-22 00:00:00+05:30,272.6640191716084,273.3825262993319,270.8097926261276,271.8991394042969,2805716,0.0,0.0
2016-12-23 00:00:00+05:30,271.41243236610086,275.64238701228476,271.0184205108812,274.9470520019531,4752516,0.0,0.0
2016-12-26 00:00:00+05:30,273.1623629655102,274.91227238635435,271.20381909513094,272.33953857421875,4183864,0.0,0.0
2016-12-27 00:00:00+05:30,273.33620475961663,275.09771446614985,272.084596078335,274.70367431640625,4899296,0.0,0.0
2016-12-28 00:00:00+05:30,275.793065227215,276.96352892259637,273.73023224680554,275.0629577636719,6507840,0.0,0.0
2016-12-29 00:00:00+05:30,274.65723240802845,279.9765320474939,273.8344082847827,279.3391418457031,8100816,0.0,0.0
2016-12-30 00:00:00+05:30,278.13396969393364,280.91530939087295,278.1223694612295,279.57098388671875,4066540,0.0,0.0
2017-01-02 00:00:00+05:30,280.32427911648983,280.4749406838442,276.29135896424793,277.4618225097656,3708656,0.0,0.0
2017-01-03 00:00:00+05:30,278.3193883452861,278.58591075031234,274.8311136833236,275.7929992675781,3847500,0.0,0.0
2017-01-04 00:00:00+05:30,275.78145400393254,276.2797830968605,274.3792120136638,274.7732238769531,6967120,0.0,0.0
2017-01-05 00:00:00+05:30,275.5844765805492,276.8592575908041,274.2169785654425,274.93548583984375,6776384,0.0,0.0
2017-01-06 00:00:00+05:30,275.8393765637236,277.7631479620645,275.39899209134103,276.6622009277344,5525260,0.0,0.0
2017-01-09 00:00:00+05:30,277.8673892147751,279.0958254332954,276.31448603430374,277.0213928222656,4573796,0.0,0.0
2017-01-10 00:00:00+05:30,277.2532093747914,282.0278653033711,277.044631525675,281.4599914550781,5546116,0.0,0.0
2017-01-11 00:00:00+05:30,282.19009269578333,286.96472022771485,281.7265360753385,286.0144348144531,9343404,0.0,0.0
2017-01-12 00:00:00+05:30,286.24627685546875,288.2627372860547,284.044382418119,286.24627685546875,2916316,0.0,0.0
2017-01-13 00:00:00+05:30,287.17333764004655,287.33557114627126,284.76283746044663,285.6667785644531,3850412,0.0,0.0
2017-01-16 00:00:00+05:30,285.8985538144024,289.5954066505998,285.73632030991945,289.17822265625,3765864,0.0,0.0
2017-01-17 00:00:00+05:30,289.0276111515,290.27921993783224,286.5359938139871,287.0574951171875,3559612,0.0,0.0
2017-01-18 00:00:00+05:30,287.61377009113784,291.1136176381683,287.6021698559356,288.0077819824219,4612888,0.0,0.0
2017-01-19 00:00:00+05:30,288.5408342665275,288.5408342665275,286.24622325546494,286.54754638671875,3512412,0.0,0.0
2017-01-20 00:00:00+05:30,286.4780263066046,288.56403135252646,285.08735627599,286.55914306640625,13942068,0.0,0.0
2017-01-23 00:00:00+05:30,286.47802190096223,289.7229185891608,286.4316775512895,288.48291015625,4793848,0.0,0.0
2017-01-24 00:00:00+05:30,289.7228679949575,294.70610132447075,289.54903427416053,293.79058837890625,10261864,0.0,0.0
2017-01-25 00:00:00+05:30,294.96113767938436,300.2920400027969,294.38169177466557,299.1331481933594,15636984,0.0,0.0
2017-01-27 00:00:00+05:30,301.08003814047584,301.3118164608303,298.5304766165765,299.4344177246094,6852236,0.0,0.0
2017-01-30 00:00:00+05:30,299.6778046706841,299.6778046706841,296.80377578106015,297.8235778808594,5319628,0.0,0.0
2017-01-31 00:00:00+05:30,297.23253244149237,299.61983223555256,295.9809238160394,298.21759033203125,6101040,0.0,0.0
2017-02-01 00:00:00+05:30,298.1132874897431,303.62962326016844,296.7921622783555,302.6329650878906,10910664,0.0,0.0
2017-02-02 00:00:00+05:30,302.6329463147962,302.6329463147962,299.5966559291942,301.010498046875,5971636,0.0,0.0
2017-02-03 00:00:00+05:30,301.0800456922184,305.0202772370742,300.5005998767984,303.87298583984375,8005104,0.0,0.0
2017-02-06 00:00:00+05:30,304.1627414810619,305.947423467319,303.96570724801245,304.5799255371094,4310220,0.0,0.0
2017-02-07 00:00:00+05:30,305.0203184987766,305.48387521382034,301.9955996158136,302.9690856933594,3411920,0.0,0.0
2017-02-08 00:00:00+05:30,303.0617528737498,305.6460585006713,300.88303101255985,302.6213684082031,4940960,0.0,0.0
2017-02-09 00:00:00+05:30,303.4905462138101,305.9242186407455,299.5850870730453,300.76715087890625,4465376,0.0,0.0
2017-02-10 00:00:00+05:30,300.92934315249903,303.3398430751269,300.8482264080342,302.14617919921875,3296736,0.0,0.0
2017-02-13 00:00:00+05:30,303.0617439441284,304.78848105562224,301.12637239940256,303.6759338378906,2795792,0.0,0.0
2017-02-14 00:00:00+05:30,304.5567453787899,304.5567453787899,302.23896192841863,303.88458251953125,2446060,0.0,0.0
2017-02-15 00:00:00+05:30,304.0931781877645,306.8745182321648,303.03857543696114,306.4573059082031,6126940,0.0,0.0
2017-02-16 00:00:00+05:30,306.6426621255788,308.9604449080851,306.0052718603896,307.77838134765625,5043700,0.0,0.0
2017-02-17 00:00:00+05:30,334.91970678216444,337.0057118763094,315.3228364970895,319.1703796386719,402259960,0.0,0.0
2017-02-20 00:00:00+05:30,315.49662904186056,328.0706025501506,315.0215004751017,326.59881591796875,10566716,0.0,0.0
2017-02-21 00:00:00+05:30,325.8919170029287,329.54242553004275,323.88702888335547,328.09381103515625,6260028,0.0,0.0
2017-02-22 00:00:00+05:30,327.96631366769566,328.8470825764712,323.295974991092,324.2926330566406,5296776,0.0,0.0
2017-02-23 00:00:00+05:30,325.3704120735184,329.4381045528116,321.4881252715048,323.16851806640625,34494980,0.0,0.0
2017-02-27 00:00:00+05:30,322.38049642493723,324.1072337281035,319.5296115463261,323.00628662109375,4681376,0.0,0.0
2017-02-28 00:00:00+05:30,322.844059035896,323.62051082488216,320.89711529958777,322.195068359375,2928008,0.0,0.0
2017-03-01 00:00:00+05:30,323.6668403063745,323.6784405402724,321.3374850464299,322.5543212890625,3481736,0.0,0.0
2017-03-02 00:00:00+05:30,323.2265028852426,323.5625701687606,318.98494784724693,319.8772888183594,4601988,0.0,0.0
2017-03-03 00:00:00+05:30,320.8970285054126,320.8970285054126,317.30446516714323,319.15869140625,2492824,0.0,0.0
2017-03-06 00:00:00+05:30,319.11244094397694,322.14873164508,318.25484408015427,320.0279541015625,3679124,0.0,0.0
2017-03-07 00:00:00+05:30,320.3756245294234,321.5924608678423,318.9733541935623,321.2911376953125,3112876,0.0,0.0
2017-03-08 00:00:00+05:30,321.6851633281337,324.30424159078984,320.0974873598403,322.6817932128906,3782144,0.0,0.0
2017-03-09 00:00:00+05:30,320.236523746456,324.1883271543914,320.236523746456,323.14532470703125,3509316,0.0,0.0
2017-03-10 00:00:00+05:30,323.33078402604303,326.34390244349004,322.90199975605725,324.5128479003906,5860704,0.0,0.0
2017-03-14 00:00:00+05:30,329.6119440406259,330.0871009151192,326.03098030493896,326.96966552734375,7155020,0.0,0.0
2017-03-15 00:00:00+05:30,327.02763544928695,329.12524073039856,326.9349467484733,328.3371887207031,4271860,0.0,0.0
2017-03-16 00:00:00+05:30,328.68485059663146,329.78579768584416,327.6534483250915,328.5110168457031,4980108,0.0,0.0
2017-03-17 00:00:00+05:30,328.7891448708375,330.86354950313614,327.4679914800578,330.4811096191406,3390464,0.0,0.0
2017-03-20 00:00:00+05:30,330.66651790210443,333.72598014987915,330.5042561158856,332.8568115234375,8142344,0.0,0.0
2017-03-21 00:00:00+05:30,332.37016977427305,334.9197317460422,332.37016977427305,333.98101806640625,5557280,0.0,0.0
2017-03-22 00:00:00+05:30,330.9099037112186,333.0654534537947,330.4695475277537,331.651611328125,5636544,0.0,0.0
2017-03-23 00:00:00+05:30,332.4628354666694,332.6018968031979,329.79738472573786,331.651611328125,4922472,0.0,0.0
2017-03-24 00:00:00+05:30,332.1383108471475,332.474378071877,329.5887494938198,330.1334228515625,3810364,0.0,0.0
2017-03-27 00:00:00+05:30,330.0523744293147,330.0523744293147,325.428407607667,326.772705078125,5864084,0.0,0.0
2017-03-28 00:00:00+05:30,328.73118315924853,330.21454168504346,327.5259189904773,329.1715393066406,8061400,0.0,0.0
2017-03-29 00:00:00+05:30,329.3106762006219,332.5555729548213,329.1252422116516,331.1185302734375,8575772,0.0,0.0
2017-03-30 00:00:00+05:30,330.97945318958864,343.02032604119444,330.2957184376256,339.8333740234375,34321092,0.0,0.0
2017-03-31 00:00:00+05:30,336.95934333872384,337.0056876868542,332.9611671952587,334.3518371582031,9651392,0.0,0.0
2017-04-03 00:00:00+05:30,335.15149712446555,336.10178270938997,330.5159300826334,332.1847229003906,4149052,0.0,0.0
2017-04-05 00:00:00+05:30,332.6598642642616,335.2673706032081,330.87518235401785,331.9877014160156,5744080,0.0,0.0
2017-04-06 00:00:00+05:30,331.7906681998223,334.45611890488544,330.295709339066,333.4131164550781,6124416,0.0,0.0
2017-04-07 00:00:00+05:30,331.6864085984218,334.91970516139776,331.11853468292196,333.4942626953125,4648360,0.0,0.0
2017-04-10 00:00:00+05:30,334.4561398476426,334.4561398476426,332.0572397215234,332.4049072265625,3393876,0.0,0.0
2017-04-11 00:00:00+05:30,332.37011667869706,334.03890929451086,331.7906708685877,333.6448974609375,4356260,0.0,0.0
2017-04-12 00:00:00+05:30,333.5290003881019,336.06696165888303,332.71777627318994,334.61834716796875,3565092,0.0,0.0
2017-04-13 00:00:00+05:30,334.45617355562,335.8236715385805,333.0771036306109,333.83038330078125,4804236,0.0,0.0
2017-04-17 00:00:00+05:30,333.830328130022,334.6415522561378,331.03738803566546,333.01910400390625,7137056,0.0,0.0
2017-04-18 00:00:00+05:30,333.7607961753946,337.237471135555,333.2972395140399,335.4527893066406,3638860,0.0,0.0
2017-04-19 00:00:00+05:30,335.3831536692533,337.6429917813993,333.29714925804166,335.8467102050781,4338144,0.0,0.0
2017-04-20 00:00:00+05:30,336.77390650373485,339.7986249647893,336.76230627017424,338.8946838378906,5781372,0.0,0.0
2017-04-21 00:00:00+05:30,339.78701417690996,347.4356986706603,336.8434408557067,346.8794250488281,17258032,0.0,0.0
2017-04-24 00:00:00+05:30,347.227059844148,356.70679781643804,346.9721093770031,355.3277282714844,20206952,0.0,0.0
2017-04-25 00:00:00+05:30,355.7913261663334,358.213398325253,354.528117329578,356.2548828125,9057780,0.0,0.0
2017-04-26 00:00:00+05:30,357.6223334871443,359.95171682899803,340.35484932503203,359.40704345703125,7795852,0.0,0.0
2017-04-27 00:00:00+05:30,358.35249214076043,364.8075133650495,358.35249214076043,363.5675048828125,16180420,0.0,0.0
2017-04-28 00:00:00+05:30,361.5510257370662,361.5510257370662,356.26646845028733,358.4451904296875,5437728,0.0,0.0
2017-05-02 00:00:00+05:30,358.5610541143266,359.4649952035172,354.70193950221574,357.0776672363281,4007040,0.0,0.0
2017-05-03 00:00:00+05:30,360.2414551920234,360.2414551920234,356.7879525526034,357.9352722167969,2507964,0.0,0.0
2017-05-04 00:00:00+05:30,356.7648313128396,357.6108279633972,352.9057160609717,355.7334289550781,5131028,0.0,0.0
2017-05-05 00:00:00+05:30,357.4253483747449,357.6107823515535,353.7632678254207,355.1307373046875,2757896,0.0,0.0
2017-05-08 00:00:00+05:30,356.4751083704059,356.93866507829983,354.2848142429097,355.7334289550781,3747252,0.0,0.0
2017-05-09 00:00:00+05:30,355.73337416106085,358.2365630221652,355.2350451181819,355.95355224609375,3345836,0.0,0.0
2017-05-10 00:00:00+05:30,356.93861896144114,360.4152938214551,356.2548842229393,359.6736145019531,2342244,0.0,0.0
2017-05-11 00:00:00+05:30,359.48817167581996,361.57417654047657,357.1703884928682,358.4219970703125,3875744,0.0,0.0
2017-05-12 00:00:00+05:30,358.3061295697122,360.85569122507263,356.0578627703968,359.63885498046875,6147604,0.0,0.0
2017-05-15 00:00:00+05:30,359.2564121292971,360.925204790919,357.46013006865064,360.0444641113281,2804780,0.0,0.0
2017-05-16 00:00:00+05:30,360.4152976331125,362.03774591827766,358.85079392956044,361.4930725097656,3590376,0.0,0.0
2017-05-17 00:00:00+05:30,361.2960446103578,362.82577581322556,359.6040516128936,360.9136047363281,3472472,0.0,0.0
2017-05-18 00:00:00+05:30,359.0246397255891,361.9218689034909,358.8160335661295,360.90203857421875,3107280,0.0,0.0
2017-05-19 00:00:00+05:30,361.45827955333016,363.8687796700468,358.15543858915254,361.8638916015625,2854136,0.0,0.0
2017-05-22 00:00:00+05:30,362.7562643133227,366.2097671431333,362.29270764605286,365.28265380859375,2860052,0.0,0.0
2017-05-23 00:00:00+05:30,366.2098003690194,367.03262484537885,362.73312504906033,363.68341064453125,3080172,0.0,0.0
2017-05-24 00:00:00+05:30,363.6718038745535,365.1551625677391,362.03775531336015,363.1387023925781,3467388,0.0,0.0
2017-05-25 00:00:00+05:30,363.21985551642274,377.6596583921498,363.21985551642274,374.82037353515625,20090804,0.0,0.0
2017-05-26 00:00:00+05:30,372.3867069511327,378.2622827058349,371.10032573859877,376.8716125488281,5443156,0.0,0.0
2017-05-29 00:00:00+05:30,375.43450189872146,381.97063864562466,374.9361728947511,378.239013671875,5916340,0.0,0.0
2017-05-30 00:00:00+05:30,377.79866930212546,378.60989343866373,374.5885451633315,377.5784912109375,4434184,0.0,0.0
2017-05-31 00:00:00+05:30,376.6397510025179,380.8117605520843,376.21096679079596,379.23565673828125,5318912,0.0,0.0
2017-06-01 00:00:00+05:30,379.8846824166804,380.08168833829467,375.6083835505846,377.47418212890625,3359540,0.0,0.0
2017-06-02 00:00:00+05:30,378.72574683054154,381.5302586361814,376.9178647511374,378.78369140625,3213544,0.0,0.0
2017-06-05 00:00:00+05:30,378.6562094693803,379.8730455831895,376.6397495123681,379.08502197265625,2899900,0.0,0.0
2017-06-06 00:00:00+05:30,378.957594763046,380.9972555200513,377.7987030359419,379.87310791015625,5002632,0.0,0.0
2017-06-07 00:00:00+05:30,380.2091323857536,381.2521347451001,377.8797491325799,380.3018493652344,2554276,0.0,0.0
2017-06-08 00:00:00+05:30,381.0203708034438,384.6129346210388,380.49886960411555,381.2173767089844,4248768,0.0,0.0
2017-06-09 00:00:00+05:30,380.13959669263147,387.069773749552,380.13959669263147,386.3280944824219,5305272,0.0,0.0
2017-06-12 00:00:00+05:30,385.67914325842696,388.4604832338483,384.7520299332865,386.78009033203125,3971412,0.0,0.0
2017-06-13 00:00:00+05:30,385.1576062503904,392.14572794842627,384.9837725180674,388.6226806640625,5051620,0.0,0.0
2017-06-14 00:00:00+05:30,388.2286998729773,389.3759912806739,386.3744732467183,387.3479309082031,3858360,0.0,0.0
2017-06-15 00:00:00+05:30,386.60628104519793,388.36779081576964,383.26866720486174,385.7602844238281,3526692,0.0,0.0
2017-06-16 00:00:00+05:30,385.910907703655,388.15914611892197,384.31163161668314,386.8959655761719,3755104,0.0,0.0
2017-06-19 00:00:00+05:30,387.3015819710897,393.09604010949624,386.698963983346,392.3775329589844,3825532,0.0,0.0
2017-06-20 00:00:00+05:30,391.7053856561904,392.63249899502165,389.3528299002555,390.90576171875,3660264,0.0,0.0
2017-06-21 00:00:00+05:30,389.9901766455735,394.31284776242745,389.29484171932086,393.7218017578125,3410932,0.0,0.0
2017-06-22 00:00:00+05:30,392.8526656125816,397.7316107328705,391.9834968828332,393.5596008300781,6675460,0.0,0.0
2017-06-23 00:00:00+05:30,394.48672548545795,394.6605592364063,388.2750548009354,389.07470703125,5217468,0.0,0.0
2017-06-27 00:00:00+05:30,391.47357737562413,392.8642472774913,383.88283749459885,386.5251159667969,6000432,0.0,0.0
2017-06-28 00:00:00+05:30,385.9109419965106,388.22872543192506,384.2421492403141,386.24700927734375,4449036,0.0,0.0
2017-06-29 00:00:00+05:30,388.94189075645056,392.4183416670221,385.23212137511933,388.0202941894531,9187708,2.75,0.0
2017-06-30 00:00:00+05:30,385.8620120665273,387.3085748693215,383.3421617531899,385.4537048339844,4330432,0.0,0.0
2017-07-03 00:00:00+05:30,385.58199263807074,389.0584425889387,384.3337448603474,386.9819030761719,3504332,0.0,0.0
2017-07-04 00:00:00+05:30,387.3668912550151,388.8717836111036,385.442014367285,385.7569885253906,3766080,0.0,0.0
2017-07-05 00:00:00+05:30,385.69870637033,387.1919500783323,383.8088327079582,384.68377685546875,4014200,0.0,0.0
2017-07-06 00:00:00+05:30,385.57037563782274,388.0085417929682,385.2903764383363,386.876953125,4571676,0.0,0.0
2017-07-07 00:00:00+05:30,387.5069588648438,389.5484953912668,386.8420069496318,388.988525390625,5517396,0.0,0.0
2017-07-10 00:00:00+05:30,389.1751488185937,407.8406235820754,387.5535970910179,391.12335205078125,1309252,0.0,0.0
2017-07-11 00:00:00+05:30,391.4033465057242,394.4948157258668,388.96515180561414,392.06829833984375,4410280,0.0,0.0
2017-07-12 00:00:00+05:30,391.974984026487,393.1415762408515,386.97031481936517,392.2666320800781,5738892,0.0,0.0
2017-07-13 00:00:00+05:30,393.8415087920641,395.07810786027517,391.89330560299857,392.8032531738281,4481004,0.0,0.0
2017-07-14 00:00:00+05:30,392.88488165676523,393.38652194136114,390.10838684362545,391.9632568359375,2443252,0.0,0.0
2017-07-17 00:00:00+05:30,392.5699656904172,393.75988407780056,391.2750369127831,392.5232849121094,2399340,0.0,0.0
2017-07-18 00:00:00+05:30,391.9049544357154,393.80650533140647,391.35666182292505,392.8032531738281,2322188,0.0,0.0
2017-07-19 00:00:00+05:30,393.14155167859474,395.7547066830075,392.406592933212,394.84478759765625,3987244,0.0,0.0
2017-07-20 00:00:00+05:30,395.21806573616414,400.1410785574427,393.8764848605342,399.1844787597656,3698476,0.0,0.0
2017-07-21 00:00:00+05:30,399.9311486044756,400.1994705176604,396.6413641626717,397.3529968261719,3873508,0.0,0.0
2017-07-24 00:00:00+05:30,398.9745235293327,405.97407657370695,395.4747470071456,404.830810546875,19678176,0.0,0.0
2017-07-25 00:00:00+05:30,410.4071007499502,410.4071007499502,404.35249914389453,405.89239501953125,11160468,0.0,0.0
2017-07-26 00:00:00+05:30,406.440697565579,409.4738370996505,404.2241725214499,407.7356262207031,3895344,0.0,0.0
2017-07-27 00:00:00+05:30,409.7071485053387,419.69318834660316,408.6688929212744,417.5583190917969,17961712,0.0,0.0
2017-07-28 00:00:00+05:30,413.44024786896875,416.8233650213954,410.89707134779053,414.9568176269531,9255396,0.0,0.0
2017-07-31 00:00:00+05:30,414.7351790211227,417.87330045448005,412.16867633826433,416.3334045410156,7369140,0.0,0.0
2017-08-01 00:00:00+05:30,415.7384226710176,422.1080269554155,413.4868942126131,419.3198547363281,8516860,0.0,0.0
2017-08-02 00:00:00+05:30,421.60639551952596,421.60639551952596,415.7851121869513,418.02496337890625,7397916,0.0,0.0
2017-08-03 00:00:00+05:30,417.17336028557025,418.106634022227,414.0002352771881,415.2951354980469,4256784,0.0,0.0
2017-08-04 00:00:00+05:30,414.6068644359148,419.21490358763646,412.0753650791946,417.6983337402344,3545068,0.0,0.0
2017-08-07 00:00:00+05:30,416.70669290371245,419.1448589696908,416.47337448663313,417.3016662597656,1918660,0.0,0.0
2017-08-08 00:00:00+05:30,418.1299437385314,419.3315393235098,412.0636646886433,414.81683349609375,4035372,0.0,0.0
2017-08-09 00:00:00+05:30,413.20692748437256,414.61851533722404,410.2554437346622,411.6786804199219,3270056,0.0,0.0
2017-08-10 00:00:00+05:30,410.64044046134666,412.04035105382854,408.9722079757217,410.74542236328125,7788444,0.0,0.0
2017-08-11 00:00:00+05:30,407.1406507948162,410.17379031363146,403.90919631140594,408.0856018066406,6359836,0.0,0.0
2017-08-14 00:00:00+05:30,409.0071955977437,414.12852359107853,407.8406034825191,409.98712158203125,3577084,0.0,0.0
2017-08-16 00:00:00+05:30,411.1886955295927,417.59330299406304,407.96891854967566,415.5984191894531,4426832,0.0,0.0
2017-08-17 00:00:00+05:30,414.43179795465505,415.5283830155751,409.1821340819008,411.9002990722656,5454868,0.0,0.0
2017-08-18 00:00:00+05:30,410.64044293238226,410.8737613658665,406.674029563149,408.80889892578125,3707464,0.0,0.0
2017-08-21 00:00:00+05:30,409.2405230242459,410.40711516513596,405.5540804665318,406.7206726074219,4009724,0.0,0.0
2017-08-22 00:00:00+05:30,408.61054985988176,409.24049818522604,405.2274328566401,407.6072692871094,6609556,0.0,0.0
2017-08-23 00:00:00+05:30,408.3072699830784,414.8285089883062,408.3072699830784,413.5452575683594,3360524,0.0,0.0
2017-08-24 00:00:00+05:30,414.11687853361485,414.1285273661216,410.4421133371596,411.2237243652344,7878276,0.0,0.0
2017-08-28 00:00:00+05:30,411.200408734359,413.241945006819,410.25545769574745,411.1654052734375,1507784,0.0,0.0
2017-08-29 00:00:00+05:30,410.4071328168185,410.4071328168185,405.5074456143437,407.40899658203125,4918596,0.0,0.0
2017-08-30 00:00:00+05:30,408.762176041971,412.97358472502896,408.3188938490185,412.6352844238281,2694320,0.0,0.0
2017-08-31 00:00:00+05:30,413.4402904400139,415.27183456314987,409.8005283423236,414.4785461425781,7303436,0.0,0.0
2017-09-01 00:00:00+05:30,415.54013854041443,415.6451204451294,410.8970959227967,412.4136657714844,2295172,0.0,0.0
2017-09-04 00:00:00+05:30,411.8070265794524,411.8070265794524,407.397302581586,408.5172424316406,3642524,0.0,0.0
2017-09-05 00:00:00+05:30,409.9404925907662,411.7837139338395,408.54058197292636,409.5555114746094,3682436,0.0,0.0
2017-09-06 00:00:00+05:30,406.8490279789952,411.29375563414936,405.5074469548351,410.61712646484375,5751632,0.0,0.0
2017-09-07 00:00:00+05:30,410.6637497404406,414.54850717126357,410.6637497404406,412.1686706542969,6946420,0.0,0.0
2017-09-08 00:00:00+05:30,413.76688735479786,417.639967389647,413.20691745646076,417.0916748046875,8311664,0.0,0.0
2017-09-11 00:00:00+05:30,418.3399341080733,426.73939736958505,417.68663112856564,425.421142578125,11477676,0.0,0.0
2017-09-12 00:00:00+05:30,426.4361162776029,429.2826184336953,424.2429456500678,428.1860046386719,6687680,0.0,0.0
2017-09-13 00:00:00+05:30,428.13932326314824,431.40578131529213,425.5728205078923,429.737548828125,4995376,0.0,0.0
2017-09-14 00:00:00+05:30,429.3409128940456,432.22238979643777,427.3227027865996,429.1659240722656,8154016,0.0,0.0
2017-09-15 00:00:00+05:30,428.37261139432104,432.0590537563372,427.77763804155035,431.3940734863281,3767332,0.0,0.0
2017-09-18 00:00:00+05:30,432.46739609315335,435.0105442467473,432.22240034418127,434.0772705078125,4084928,0.0,0.0
2017-09-19 00:00:00+05:30,435.1155490480745,435.83883049021756,431.06747995363725,431.569091796875,4241468,0.0,0.0
2017-09-20 00:00:00+05:30,431.1724735980896,434.3105951979548,430.53084789333053,431.37078857421875,3446128,0.0,0.0
2017-09-21 00:00:00+05:30,431.1724564608025,431.2891156752129,427.1360362497016,429.0959167480469,7712496,0.0,0.0
2017-09-22 00:00:00+05:30,428.09265458989347,429.06090326187245,424.63953053153153,425.59613037109375,8243524,0.0,0.0
2017-09-25 00:00:00+05:30,425.2112039738826,425.2112039738826,418.24665383667536,419.9148864746094,10149228,0.0,0.0
2017-09-26 00:00:00+05:30,417.41832037834797,419.17985731706574,416.4733694081984,418.1766052246094,11438732,0.0,0.0
2017-09-27 00:00:00+05:30,419.03988253214715,421.27973366903063,412.97360360907595,414.49017333984375,7337220,0.0,0.0
2017-09-28 00:00:00+05:30,413.9069231401055,419.7398842892051,411.4104271607932,418.8766174316406,27646464,0.0,0.0
2017-09-29 00:00:00+05:30,419.9965230030839,425.1062025944049,419.09825269495053,421.3031005859375,6213632,0.0,0.0
2017-10-03 00:00:00+05:30,421.83974044173954,424.8728801683671,419.2965637439316,422.0380554199219,4394424,0.0,0.0
2017-10-04 00:00:00+05:30,421.816369788857,422.74964345242824,418.4215754451159,419.273193359375,6625104,0.0,0.0
2017-10-05 00:00:00+05:30,418.8066047125548,421.1397891399228,418.36329397510383,419.64654541015625,3336196,0.0,0.0
2017-10-06 00:00:00+05:30,419.50655796502184,421.0114505207258,418.57328419869253,419.99652099609375,3030660,0.0,0.0
2017-10-09 00:00:00+05:30,419.6931799421301,420.6731059011461,417.7566256882984,418.9232177734375,3062492,0.0,0.0
2017-10-10 00:00:00+05:30,419.73982165016963,423.46123891543465,418.25825543564804,420.60308837890625,3798180,0.0,0.0
2017-10-11 00:00:00+05:30,420.73142274953767,423.5312436689856,417.07998393750745,417.6749572753906,5267440,0.0,0.0
2017-10-12 00:00:00+05:30,418.8298944051615,424.9778291399021,417.1733393021696,424.35955810546875,5381560,0.0,0.0
2017-10-13 00:00:00+05:30,426.20274790236687,433.16732554856765,425.10616271705766,431.82574462890625,6433464,0.0,0.0
2017-10-16 00:00:00+05:30,433.97223325206704,437.0637021179756,429.7725019625309,433.3072814941406,3274544,0.0,0.0
2017-10-17 00:00:00+05:30,431.63910756957927,432.5023743922166,429.0959309152157,431.9307556152344,2613288,0.0,0.0
2017-10-18 00:00:00+05:30,429.5392482676926,437.47207523189763,429.0726113874452,435.95550537109375,3926720,0.0,0.0
2017-10-19 00:00:00+05:30,434.3922501437754,435.1388577028288,429.4575598145947,431.2657775878906,570008,0.0,0.0
2017-10-23 00:00:00+05:30,433.9489601650016,436.23546372456025,428.3843212222505,434.74224853515625,4162892,0.0,0.0
2017-10-24 00:00:00+05:30,434.6722148750043,438.54529493663097,432.3390306835121,435.6288146972656,11328872,0.0,0.0
2017-10-25 00:00:00+05:30,433.9722663536038,434.6722216219161,416.4733846457972,418.82989501953125,21367208,0.0,0.0
2017-10-26 00:00:00+05:30,412.50699115764485,422.306365381978,410.13880335718017,418.88824462890625,28571464,0.0,0.0
2017-10-27 00:00:00+05:30,420.9997438010658,421.7230251742708,415.0734505034731,417.88494873046875,7472088,0.0,0.0
2017-10-30 00:00:00+05:30,419.5648473860475,423.7062493274363,418.19994032978394,423.4729309082031,5422352,0.0,0.0
2017-10-31 00:00:00+05:30,422.65631511879127,422.65631511879127,419.7981644921254,421.95635986328125,4682460,0.0,0.0
2017-11-01 00:00:00+05:30,423.4962579647732,425.80611601640027,422.7729765598451,424.91949462890625,4190612,0.0,0.0
2017-11-02 00:00:00+05:30,425.3394783575919,426.92605500123466,423.92789052841323,425.1294860839844,4737944,0.0,0.0
2017-11-03 00:00:00+05:30,425.969455188824,429.3059202002734,425.01285530201983,427.13604736328125,3810488,0.0,0.0
2017-11-06 00:00:00+05:30,425.80614697062884,429.3059235210724,425.24617702630695,426.6460876464844,6148244,0.0,0.0
2017-11-07 00:00:00+05:30,428.8392417878478,430.4607933607583,424.8144991758563,425.5027770996094,7446376,0.0,0.0
2017-11-08 00:00:00+05:30,425.85278217559403,427.81266266144144,424.4062193186311,426.02777099609375,3283144,0.0,0.0
2017-11-09 00:00:00+05:30,426.2728153814807,428.1393630131456,424.8962308068765,426.47113037109375,3113308,0.0,0.0
2017-11-10 00:00:00+05:30,425.036194246798,428.09268862090835,422.85467251112965,425.106201171875,7744360,0.0,0.0
2017-11-13 00:00:00+05:30,425.10620352487064,425.3745254308108,418.8066055582562,423.1346740722656,3335872,0.0,0.0
2017-11-14 00:00:00+05:30,423.6829298805177,424.40621129532565,419.97316125980547,420.5214538574219,4712468,0.0,0.0
2017-11-15 00:00:00+05:30,419.50655816439337,420.82481305621104,417.17337374746126,420.0315246582031,6148368,0.0,0.0
2017-11-16 00:00:00+05:30,420.90641710218836,423.70623805852216,418.8532036750429,421.7696838378906,4012972,0.0,0.0
2017-11-17 00:00:00+05:30,426.6693784719356,428.90925806379386,423.041294170414,425.9344482421875,6358772,0.0,0.0
2017-11-20 00:00:00+05:30,426.7393982982609,429.2358940472531,426.7393982982609,428.874267578125,2392424,0.0,0.0
2017-11-21 00:00:00+05:30,428.710916165835,431.63907370699684,428.3959419974884,430.7641296386719,2275532,0.0,0.0
2017-11-22 00:00:00+05:30,431.5690545773164,433.9722456094824,430.36748754248487,432.8639831542969,5660796,0.0,0.0
2017-11-23 00:00:00+05:30,433.738984774546,433.97230321713585,428.83929748015896,429.97088623046875,3232580,0.0,0.0
2017-11-24 00:00:00+05:30,430.0058787133813,433.45900296804155,429.53924184011663,431.96575927734375,5203684,0.0,0.0
2017-11-27 00:00:00+05:30,431.40572054044645,434.4388597329969,430.6124322861448,433.4006042480469,3870472,0.0,0.0
2017-11-28 00:00:00+05:30,433.03905916302176,436.5388360420332,433.0040556979802,435.2205810546875,5090540,0.0,0.0
2017-11-29 00:00:00+05:30,435.13891541576044,437.5887591754738,432.99239703784747,437.0754699707031,3274584,0.0,0.0
2017-11-30 00:00:00+05:30,436.0021569673358,437.22707877602056,429.3059291390279,432.50238037109375,5796312,0.0,0.0
2017-12-01 00:00:00+05:30,432.7823974280315,433.9723158235546,430.26254678236006,431.2191467285156,3858148,0.0,0.0
2017-12-04 00:00:00+05:30,432.78235596344297,432.78235596344297,426.99604758100884,427.9293212890625,3641932,0.0,0.0
2017-12-05 00:00:00+05:30,426.0394354610831,426.63440882533973,421.606385475453,424.7445068359375,3893360,0.0,0.0
2017-12-06 00:00:00+05:30,424.6278625947984,424.9545140909789,419.739852909779,420.7431335449219,6395120,0.0,0.0
2017-12-07 00:00:00+05:30,421.52480657439014,423.8463138870804,420.69651463882815,422.2247619628906,4231304,0.0,0.0
2017-12-08 00:00:00+05:30,423.2395888199142,432.3390066611362,423.2395888199142,429.3992004394531,8956400,0.0,0.0
2017-12-11 00:00:00+05:30,431.1724676178816,432.0474117485997,429.3059201390163,430.7991638183594,3198232,0.0,0.0
2017-12-12 00:00:00+05:30,431.42906660527245,431.61573272593324,423.6945556108796,424.6161804199219,2410588,0.0,0.0
2017-12-13 00:00:00+05:30,424.6512014339668,430.47248461663384,423.49625816697557,424.9544982910156,2907460,0.0,0.0
2017-12-14 00:00:00+05:30,425.57281681065655,429.30591169496057,422.77299564742856,428.8509521484375,3683092,0.0,0.0
2017-12-15 00:00:00+05:30,433.0389870480166,440.50517647987897,432.92232783814376,437.1103820800781,12450124,0.0,0.0
2017-12-18 00:00:00+05:30,432.8056813160141,443.07169208577403,422.14304061356023,438.3936462402344,12297988,0.0,0.0
2017-12-19 00:00:00+05:30,438.59201336117314,441.8234680475513,437.7403953619189,439.6885986328125,4952112,0.0,0.0
2017-12-20 00:00:00+05:30,443.04841323296495,444.02833933672565,434.82393781789875,435.8738708496094,9343504,0.0,0.0
2017-12-21 00:00:00+05:30,438.6153321469392,439.80525047052896,435.18553405982226,435.9088439941406,6854544,0.0,0.0
2017-12-22 00:00:00+05:30,438.405317745445,438.6386361689391,434.38057494017147,437.8570251464844,4470904,0.0,0.0
2017-12-26 00:00:00+05:30,438.87198567144685,439.29197025597887,433.2023361865386,435.9205017089844,6785696,0.0,0.0
2017-12-27 00:00:00+05:30,436.32878456147665,436.37546533562056,431.9074117630877,433.2139892578125,3489384,0.0,0.0
2017-12-28 00:00:00+05:30,433.7156619145928,438.84866769048364,433.5056696184189,438.1837158203125,8700520,0.0,0.0
2017-12-29 00:00:00+05:30,437.8920548191258,438.45199628402827,435.873844638838,436.8654479980469,6345872,0.0,0.0
2018-01-01 00:00:00+05:30,436.93540988731945,438.81363463022535,431.7557521644195,432.68902587890625,6580516,0.0,0.0
2018-01-02 00:00:00+05:30,433.63395220523535,437.47202874492336,433.63395220523535,436.8537292480469,4776316,0.0,0.0
2018-01-03 00:00:00+05:30,437.4720463501494,438.2303312304897,431.9190564493103,432.25738525390625,4531288,0.0,0.0
2018-01-04 00:00:00+05:30,432.33907166837935,435.25555218422113,432.33907166837935,433.948974609375,2373776,0.0,0.0
2018-01-05 00:00:00+05:30,434.67217896296694,435.85044827482443,432.9339682764148,434.8121643066406,2870868,0.0,0.0
2018-01-08 00:00:00+05:30,435.1388809794755,436.4687846655706,433.4473223268743,434.1122741699219,4570308,0.0,0.0
2018-01-09 00:00:00+05:30,434.43894132804274,436.27048541128966,432.80571222530574,434.8355712890625,5305528,0.0,0.0
2018-01-10 00:00:00+05:30,435.1855279046191,435.81550475967117,433.34233507711565,434.95220947265625,4615888,0.0,0.0
2018-01-11 00:00:00+05:30,434.9521895399674,437.7053583034603,433.0973194833679,436.9004211425781,4059096,0.0,0.0
2018-01-12 00:00:00+05:30,437.0054027547983,438.2069983198087,433.97226328025886,435.2088623046875,4336708,0.0,0.0
2018-01-15 00:00:00+05:30,436.2937357909256,444.33157185369595,433.93722561961096,442.7799987792969,12576444,0.0,0.0
2018-01-16 00:00:00+05:30,444.109960596822,445.63820772786687,439.86357650207384,443.34002685546875,6445384,0.0,0.0
2018-01-17 00:00:00+05:30,442.60507080271833,443.89999950832237,440.2718864547862,441.0885009765625,2905496,0.0,0.0
2018-01-18 00:00:00+05:30,448.9046093390382,455.90416145970926,447.5163762276053,451.30780029296875,16649540,0.0,0.0
2018-01-19 00:00:00+05:30,451.50619056618507,457.28082202913674,447.7964216270681,455.4842529296875,11455988,0.0,0.0
2018-01-22 00:00:00+05:30,457.30411284971063,463.83702874756364,455.70588733523647,458.0857238769531,8849768,0.0,0.0
2018-01-23 00:00:00+05:30,458.47071255641987,458.8673424928477,453.40771404435424,455.2742614746094,5047796,0.0,0.0
2018-01-24 00:00:00+05:30,455.5659410022083,459.4040180284814,455.11095294587983,456.755859375,4790568,0.0,0.0
2018-01-25 00:00:00+05:30,455.880930504287,461.970536424541,455.0876420687208,460.7922668457031,8723668,0.0,0.0
2018-01-29 00:00:00+05:30,461.50388675801605,468.2584443855566,461.50388675801605,466.55523681640625,8235892,0.0,0.0
2018-01-30 00:00:00+05:30,466.12355782901454,467.0801576690488,462.93875565220617,465.5869140625,6397560,0.0,0.0
2018-01-31 00:00:00+05:30,464.16363247610485,469.78660024190094,463.6036626176594,467.9667053222656,6943348,0.0,0.0
2018-02-01 00:00:00+05:30,468.03676390664475,470.13662974670444,463.2070838670087,464.5719909667969,6521420,0.0,0.0
2018-02-02 00:00:00+05:30,463.3704033446263,464.2803509205568,452.9877331790493,454.5043029785156,7346124,0.0,0.0
2018-02-05 00:00:00+05:30,447.50474567998907,451.5294885699681,444.6699210786227,446.5364685058594,7926784,0.0,0.0
2018-02-06 00:00:00+05:30,433.97225107870173,446.1048086357407,428.44261604616736,442.5583801269531,10749804,0.0,0.0
2018-02-07 00:00:00+05:30,444.9382186573335,444.9382186573335,434.5322230152949,436.958740234375,8364972,0.0,0.0
2018-02-08 00:00:00+05:30,439.57192313298515,442.9783665225845,435.48885059857577,438.86029052734375,5171444,0.0,0.0
2018-02-09 00:00:00+05:30,431.1490961420686,435.06882834683466,430.2624747903202,431.52239990234375,6408952,0.0,0.0
2018-02-12 00:00:00+05:30,433.9722676990568,440.0385467099038,432.8406790413609,437.8570251464844,4381108,0.0,0.0
2018-02-14 00:00:00+05:30,440.9252000338017,442.8150737046766,437.3904199657041,439.3736267089844,3577188,0.0,0.0
2018-02-15 00:00:00+05:30,440.9017756379752,442.08004496798077,437.4720064995192,439.0819091796875,4915224,0.0,0.0
2018-02-16 00:00:00+05:30,439.5485802283777,442.103405552861,437.6237032498279,438.3119812011719,3583520,0.0,0.0
2018-02-19 00:00:00+05:30,439.2452652228981,440.4118573585593,433.75063335268595,438.2186584472656,3654552,0.0,0.0
2018-02-20 00:00:00+05:30,439.7469263227484,440.0035709084739,433.69232424498875,434.7189025878906,4084068,0.0,0.0
2018-02-21 00:00:00+05:30,435.82712330088845,435.9671371353378,432.15235825288346,433.3656311035156,2753072,0.0,0.0
2018-02-22 00:00:00+05:30,431.639104071597,433.97228841793,429.6675746914474,432.3857116699219,13253596,0.0,0.0
2018-02-23 00:00:00+05:30,433.2489814234372,439.77021989445865,431.7324116877343,438.7669677734375,4076748,0.0,0.0
2018-02-26 00:00:00+05:30,440.52854339158864,446.7581628640318,439.46696157225966,445.9998779296875,4788884,0.0,0.0
2018-02-27 00:00:00+05:30,446.74646737247434,448.3796963953793,443.3050205027817,443.8999938964844,4787328,0.0,0.0
2018-02-28 00:00:00+05:30,440.86686774206953,442.24342374696937,438.17202837950197,439.61859130859375,4066364,0.0,0.0
2018-03-01 00:00:00+05:30,438.4753167994861,441.741774669809,435.83880726879596,437.32037353515625,3909840,0.0,0.0
2018-03-05 00:00:00+05:30,437.2737472327002,438.17201750417627,433.563978448954,436.2937927246094,3781464,0.0,0.0
2018-03-06 00:00:00+05:30,436.30544207139684,438.6153001080252,429.18923031568687,430.7641296386719,4576828,0.0,0.0
2018-03-07 00:00:00+05:30,429.30590776757134,432.43238040082497,426.622745844024,427.579345703125,5628164,0.0,0.0
2018-03-08 00:00:00+05:30,429.25922791039267,433.62227084384295,427.4393328953028,432.30401611328125,5518724,0.0,0.0
2018-03-09 00:00:00+05:30,432.79407450033557,435.1972660781247,430.2392487055687,431.8841552734375,4108108,0.0,0.0
2018-03-12 00:00:00+05:30,434.0189729158156,436.177168596308,432.4324245313426,435.66387939453125,6557116,0.0,0.0
2018-03-13 00:00:00+05:30,435.7104904332872,439.74691066221595,432.8056873741401,434.0306091308594,5124200,0.0,0.0
2018-03-14 00:00:00+05:30,433.0389797449048,435.8154745893041,431.1724324184181,435.0221862792969,3680392,0.0,0.0
2018-03-15 00:00:00+05:30,435.1854968017479,440.3885088551599,435.1854968017479,438.8252868652344,5870924,0.0,0.0
2018-03-16 00:00:00+05:30,438.63867885797526,438.89532345254526,430.83418822505234,432.3390808105469,7896336,0.0,0.0
2018-03-19 00:00:00+05:30,432.33907861744444,433.972307732567,430.0408976302731,430.99749755859375,7838740,0.0,0.0
2018-03-20 00:00:00+05:30,430.49581697570034,433.0156673389115,428.1976362032941,429.1892395019531,3657372,0.0,0.0
2018-03-21 00:00:00+05:30,431.1724302735159,434.7188587836978,430.07584511716084,433.7156066894531,5921140,0.0,0.0
2018-03-22 00:00:00+05:30,433.71562470139077,438.6386377587087,432.8290032963986,435.7804870605469,6673224,0.0,0.0
2018-03-23 00:00:00+05:30,430.8574597323759,432.362352127021,428.6642609199748,429.66754150390625,7190152,0.0,0.0
2018-03-26 00:00:00+05:30,429.2825495927603,443.3049803811995,427.7893060678575,441.7767333984375,10501768,0.0,0.0
2018-03-27 00:00:00+05:30,441.8584293648424,443.07167374035095,437.7053501510786,441.57843017578125,6136836,0.0,0.0
2018-03-28 00:00:00+05:30,439.3269613567449,443.2350453704202,437.71708684656403,440.0619201660156,8837508,0.0,0.0
2018-04-02 00:00:00+05:30,441.08848512900124,451.64614392407515,441.08848512900124,450.58453369140625,4596368,0.0,0.0
2018-04-03 00:00:00+05:30,448.8929360707864,449.3012432815043,445.87147410397404,447.0147399902344,4079884,0.0,0.0
2018-04-04 00:00:00+05:30,446.3264882566009,449.1263094729365,438.27700225963594,439.3969421386719,3714108,0.0,0.0
2018-04-05 00:00:00+05:30,443.6083164933311,446.571448989107,441.01845928629234,445.38153076171875,4858892,0.0,0.0
2018-04-06 00:00:00+05:30,446.15149542122913,449.4762830857494,444.65828023760565,448.7646789550781,3720008,0.0,0.0
2018-04-09 00:00:00+05:30,447.69140903191504,453.1043851447475,447.13143911097467,452.4161071777344,4003536,0.0,0.0
2018-04-10 00:00:00+05:30,453.33771726129595,453.33771726129595,446.45482345830663,448.1697082519531,6067236,0.0,0.0
2018-04-11 00:00:00+05:30,447.0147859884523,447.97138585574766,444.56494247205364,447.70306396484375,2870812,0.0,0.0
2018-04-12 00:00:00+05:30,447.0380795697414,450.9811664480004,444.681569293312,450.0245666503906,4712516,0.0,0.0
2018-04-13 00:00:00+05:30,449.83792524857955,452.6377463600852,447.7613855612955,449.1379699707031,3297172,0.0,0.0
2018-04-16 00:00:00+05:30,447.9713543003968,454.9709067113405,447.93635084209177,453.127685546875,2847744,0.0,0.0
2018-04-17 00:00:00+05:30,453.4543186233751,455.2042066551093,451.26111992735156,454.62091064453125,2667832,0.0,0.0
2018-04-18 00:00:00+05:30,455.2042278642072,455.78752390196246,450.31621846031885,450.9111633300781,2712720,0.0,0.0
2018-04-19 00:00:00+05:30,452.6378289665863,453.75776900807915,451.00459968680997,452.4045104980469,3169032,0.0,0.0
2018-04-20 00:00:00+05:30,452.87108379076153,457.5374525057616,450.80622133062485,456.3475341796875,9361380,0.0,0.0
2018-04-23 00:00:00+05:30,461.7371395307657,461.7371395307657,434.0422552879445,451.6461181640625,15304620,0.0,0.0
2018-04-24 00:00:00+05:30,451.4711608886719,454.5159777848411,449.3712950240734,451.4711608886719,5037416,0.0,0.0
2018-04-25 00:00:00+05:30,449.8146253615098,452.1711359050115,446.10485647594527,448.1463928222656,4020592,0.0,0.0
2018-04-26 00:00:00+05:30,447.22479343984025,452.4511036670759,445.92986471618093,450.3629150390625,7847480,0.0,0.0
2018-04-27 00:00:00+05:30,451.0045302117673,451.5878262932621,446.22150234351005,448.7646789550781,5777008,0.0,0.0
2018-04-30 00:00:00+05:30,450.3045568834583,456.0908651727002,450.0245861680526,453.6410217285156,4609552,0.0,0.0
2018-05-02 00:00:00+05:30,454.970920676052,461.5038364601184,454.03764699261393,459.5206298828125,7100048,0.0,0.0
2018-05-03 00:00:00+05:30,459.1823423275398,460.7805678585979,454.0376596120957,459.1473388671875,4152772,0.0,0.0
2018-05-04 00:00:00+05:30,459.63725334860015,464.30362140290066,458.7739866510547,463.9536437988281,6881436,0.0,0.0
2018-05-07 00:00:00+05:30,462.3554949772566,463.67374986707745,460.803921646096,461.3638916015625,5264128,0.0,0.0
2018-05-08 00:00:00+05:30,461.7955091384711,461.9471718163766,456.0442040610086,458.94903564453125,7100564,0.0,0.0
2018-05-09 00:00:00+05:30,456.4058331221249,462.0871309546529,456.4058331221249,461.59716796875,4327332,0.0,0.0
2018-05-10 00:00:00+05:30,463.9770548552075,466.4035723837704,462.4371588117223,464.93365478515625,7171672,0.0,0.0
2018-05-11 00:00:00+05:30,464.93365962723186,470.6033093023555,463.370437419176,469.3783874511719,6057068,0.0,0.0
2018-05-14 00:00:00+05:30,470.6499375755565,473.02980271084607,469.53002617182125,471.7115478515625,4742916,0.0,0.0
2018-05-15 00:00:00+05:30,472.9481561108435,481.8025795334971,472.86647187168137,475.4563293457031,9826684,0.0,0.0
2018-05-16 00:00:00+05:30,473.76471802299983,478.06943137863766,470.6382455720039,472.0848083496094,6841604,0.0,0.0
2018-05-17 00:00:00+05:30,472.20144169705895,477.00779507697666,469.5532835333816,473.11138916015625,6615476,0.0,0.0
2018-05-18 00:00:00+05:30,472.39983957239724,472.39983957239724,467.453499979343,469.4717102050781,5217460,0.0,0.0
2018-05-21 00:00:00+05:30,470.3933235507182,471.5365896573212,463.3821211841516,465.0153503417969,4848108,0.0,0.0
2018-05-22 00:00:00+05:30,466.33355015374906,469.89165632955354,463.2537581678497,464.2803649902344,3960372,0.0,0.0
2018-05-23 00:00:00+05:30,463.79036085483307,465.23692364819925,458.0973857819447,459.0539855957031,5726292,0.0,0.0
2018-05-24 00:00:00+05:30,458.9606981460504,464.3620257344011,456.4525249132179,463.37042236328125,4520744,0.0,0.0
2018-05-25 00:00:00+05:30,464.30367429401036,470.36995345564065,464.2803481473317,468.6667175292969,4759588,0.0,0.0
2018-05-28 00:00:00+05:30,468.4567485447829,478.7694116129504,468.0367639842001,476.4828796386719,5103940,0.0,0.0
2018-05-29 00:00:00+05:30,475.5029366300366,478.93270598751684,473.3564185735697,474.2430114746094,3351244,0.0,0.0
2018-05-30 00:00:00+05:30,471.23323923365706,479.00275463460133,470.4399793271082,477.9178466796875,4866996,0.0,0.0
2018-05-31 00:00:00+05:30,493.0981987489254,507.1867187131805,488.4020254275071,502.36138916015625,39639192,3.25,0.0
2018-06-01 00:00:00+05:30,496.85507138331,502.0208613504333,493.33294186027143,495.5871276855469,21151356,0.0,0.0
2018-06-04 00:00:00+05:30,504.8385716723132,506.4822321382231,478.52825232059064,480.4654235839844,88796324,0.0,0.0
2018-06-05 00:00:00+05:30,481.35778756028094,485.337783167768,475.0179532850967,484.55120849609375,17105460,0.0,0.0
2018-06-06 00:00:00+05:30,483.75275788744796,484.8329005825765,480.18367795665455,483.0835876464844,9782000,0.0,0.0
2018-06-07 00:00:00+05:30,486.80524603490846,488.3550059418528,482.10907337910896,484.22235107421875,10563896,0.0,0.0
2018-06-08 00:00:00+05:30,483.47105040743907,483.99936991371237,477.8356423405238,481.2051696777344,6180888,0.0,0.0
2018-06-11 00:00:00+05:30,481.8038417591053,484.398488784009,478.7278828670071,479.5497131347656,7091188,0.0,0.0
2018-06-12 00:00:00+05:30,481.8038582541426,481.9917166441849,478.6339700617147,479.9136657714844,5234256,0.0,0.0
2018-06-13 00:00:00+05:30,481.8273433180075,482.4848189944286,475.27617633850684,477.00201416015625,7897960,0.0,0.0
2018-06-14 00:00:00+05:30,476.6616105108685,480.18374063779606,475.48756713522596,478.3992004394531,16927576,0.0,0.0
2018-06-15 00:00:00+05:30,475.7223824786036,478.7514201628533,474.8536018337177,476.56768798828125,10880816,0.0,0.0
2018-06-18 00:00:00+05:30,476.6850348549972,478.7278873088505,471.75405320269425,474.1138916015625,7487404,0.0,0.0
2018-06-19 00:00:00+05:30,475.47577602699977,479.17401235530576,474.14913005245774,475.13531494140625,10981152,0.0,0.0
2018-06-20 00:00:00+05:30,475.7223303815369,483.23620726811595,475.48752172883127,482.8017883300781,9051712,0.0,0.0
2018-06-21 00:00:00+05:30,483.70585185211553,486.2417969096168,480.6650910933606,483.142333984375,13510704,0.0,0.0
2018-06-22 00:00:00+05:30,482.98964632816126,490.4683248413383,481.3225392910942,489.1886291503906,7848980,0.0,0.0
2018-06-25 00:00:00+05:30,489.11818394818346,492.581611635528,486.77009738049225,491.9123840332031,6992336,0.0,0.0
2018-06-26 00:00:00+05:30,489.822633105593,493.8026285609672,488.3668308299765,491.618896484375,9161932,0.0,0.0
2018-06-27 00:00:00+05:30,491.45452059120254,497.6769500205704,490.75009461806656,496.0567932128906,19126804,0.0,0.0
2018-06-28 00:00:00+05:30,496.62036151738516,502.49057855659777,495.7280770621572,500.34210205078125,37533540,0.0,0.0
2018-06-29 00:00:00+05:30,498.19358206058496,502.49059251794563,494.2957922340534,495.0823669433594,19458120,0.0,0.0
2018-07-02 00:00:00+05:30,495.0588849275805,495.0705795000736,484.46899092437474,486.81707763671875,9864876,0.0,0.0
2018-07-03 00:00:00+05:30,486.8170995756668,489.57610158700845,485.02083609030734,486.1009216308594,6863100,0.0,0.0
2018-07-04 00:00:00+05:30,487.52147488359344,494.98840165351896,485.81911211759416,493.9317626953125,6097992,0.0,0.0
2018-07-05 00:00:00+05:30,494.27229432122294,499.90770290255756,491.3489375849237,498.6749572753906,9735968,0.0,0.0
2018-07-06 00:00:00+05:30,496.221125459142,501.44561785793235,495.7632600624915,496.6554870605469,8121344,0.0,0.0
2018-07-09 00:00:00+05:30,498.22874469267197,500.14241221262523,494.91791987847927,499.1209716796875,6182296,0.0,0.0
2018-07-10 00:00:00+05:30,500.1189432332853,504.74471970772674,498.96840372698927,503.9932861328125,10950736,0.0,0.0
2018-07-11 00:00:00+05:30,503.6763580827903,506.1770475326089,501.26956917212175,504.427734375,5857920,0.0,0.0
2018-07-12 00:00:00+05:30,505.51956715143496,511.84770672457074,505.30826227711367,508.5838317871094,8020668,0.0,0.0
2018-07-13 00:00:00+05:30,509.1591904035323,514.41893997121,507.9147500855505,512.0942993164062,7161188,0.0,0.0
2018-07-16 00:00:00+05:30,511.74198660444114,514.2427333070914,508.06725389157674,509.2648010253906,9017336,0.0,0.0
2018-07-17 00:00:00+05:30,507.9497734079463,512.1176266278659,507.9497734079463,511.11968994140625,6361924,0.0,0.0
2018-07-18 00:00:00+05:30,513.5264842717094,521.2751692195678,510.3917660668177,510.99053955078125,17460272,0.0,0.0
2018-07-19 00:00:00+05:30,512.5873167884447,515.0528077762041,509.76961280243404,513.3152465820312,5304776,0.0,0.0
2018-07-20 00:00:00+05:30,513.3152604536332,517.248305707058,509.79313037593937,514.0079345703125,10006964,0.0,0.0
2018-07-23 00:00:00+05:30,504.83858409189634,511.4132261172792,502.03263226418625,506.35308837890625,16880132,0.0,0.0
2018-07-24 00:00:00+05:30,504.13427139495946,509.3000627180564,504.13427139495946,507.1280822753906,5208792,0.0,0.0
2018-07-25 00:00:00+05:30,508.27857959252145,511.1315394130599,507.18674217531776,509.6170349121094,7038616,0.0,0.0
2018-07-26 00:00:00+05:30,508.3607497419521,517.3891312686384,508.3607497419521,514.8414916992188,21281092,0.0,0.0
2018-07-27 00:00:00+05:30,517.0368510088285,519.384937307219,512.986402144105,517.0838012695312,10554596,0.0,0.0
2018-07-30 00:00:00+05:30,516.3441537014888,516.3441537014888,507.0457094491866,509.5111999511719,7169120,0.0,0.0
2018-07-31 00:00:00+05:30,507.1866128269098,513.2681330779627,504.85027855253185,511.765380859375,8860944,0.0,0.0
2018-08-01 00:00:00+05:30,507.8441776385513,510.7088318045563,505.2377786008778,506.8814392089844,6071560,0.0,0.0
2018-08-02 00:00:00+05:30,505.66047614098954,505.70742641021417,498.11140025195914,500.1894226074219,8905704,0.0,0.0
2018-08-03 00:00:00+05:30,500.9760507897571,504.1459678439066,496.3855298127402,498.1817932128906,13604008,0.0,0.0
2018-08-06 00:00:00+05:30,498.0291696973028,501.88000880497594,494.5305435809291,496.4559631347656,5744632,0.0,0.0
2018-08-07 00:00:00+05:30,498.9684115769567,501.19909388753604,494.97666428434104,500.353759765625,7428456,0.0,0.0
2018-08-08 00:00:00+05:30,501.5161100717966,505.26129681328734,500.85863434452847,501.6335144042969,9945380,0.0,0.0
2018-08-09 00:00:00+05:30,502.96017295435854,502.96017295435854,491.8419594592169,497.4421691894531,8944408,0.0,0.0
2018-08-10 00:00:00+05:30,498.61617969879643,498.6866337606767,492.62855898661405,496.49114990234375,5442940,0.0,0.0
2018-08-13 00:00:00+05:30,489.341218477302,494.02563950177796,488.40198389289253,491.1374816894531,10054252,0.0,0.0
2018-08-14 00:00:00+05:30,492.62859260433095,494.27225330415473,490.0926474879071,490.538818359375,4935964,0.0,0.0
2018-08-16 00:00:00+05:30,489.10641807750983,489.9751986174702,485.20857155596144,487.3923034667969,10625160,0.0,0.0
2018-08-17 00:00:00+05:30,489.08298853602855,491.4663310917945,486.4413908217845,487.77984619140625,6065328,0.0,0.0
2018-08-20 00:00:00+05:30,487.22796996809353,494.8827552219809,487.22796996809353,492.2059020996094,7811136,0.0,0.0
2018-08-21 00:00:00+05:30,492.6285196730597,495.9158405860353,491.37227053649883,492.170654296875,7776320,0.0,0.0
2018-08-23 00:00:00+05:30,494.27226071013126,494.7418780599746,487.6624194416207,488.3785400390625,12574552,0.0,0.0
2018-08-24 00:00:00+05:30,486.28877536150173,491.5954744500136,485.1264838629646,486.0187683105469,9714628,0.0,0.0
2018-08-27 00:00:00+05:30,487.69755104222565,490.39785043413013,486.1125927034991,488.50762939453125,12574788,0.0,0.0
2018-08-28 00:00:00+05:30,490.28045385668395,492.6872424831356,488.12022577430554,491.888916015625,9973532,0.0,0.0
2018-08-29 00:00:00+05:30,491.2549199979983,491.70109085225704,486.6996548790068,488.0498046875,9873692,0.0,0.0
2018-08-30 00:00:00+05:30,489.24736582018244,490.2569972361471,484.14027726774924,485.1382141113281,21827460,0.0,0.0
2018-08-31 00:00:00+05:30,485.86604855125705,488.1084826306532,483.2949052914213,483.9875793457031,15771500,0.0,0.0
2018-09-03 00:00:00+05:30,485.913012267225,488.15544640869643,484.52766412031195,487.2397155761719,7661608,0.0,0.0
2018-09-04 00:00:00+05:30,487.67408906864836,487.9206496299713,481.122950303974,481.7804260253906,7130536,0.0,0.0
2018-09-05 00:00:00+05:30,482.2500774990513,483.75283011755516,477.9648190974949,480.3833312988281,5641508,0.0,0.0
2018-09-06 00:00:00+05:30,481.12301329401765,483.4711002305429,477.2721449854822,481.8743896484375,10402412,0.0,0.0
2018-09-07 00:00:00+05:30,481.59255450005327,483.70583240863465,479.18576577083553,482.9896545410156,5919300,0.0,0.0
2018-09-10 00:00:00+05:30,482.5317877542872,482.5317877542872,475.5110032119931,479.2796936035156,8598592,0.0,0.0
2018-09-11 00:00:00+05:30,480.4889969706077,480.88816024773365,468.2437189933846,469.7112731933594,18186536,0.0,0.0
2018-09-12 00:00:00+05:30,470.0635063871725,474.63052378834703,467.16362489612703,472.39984130859375,12246008,0.0,0.0
2018-09-14 00:00:00+05:30,474.2783033736878,478.39920714522356,474.0669698304762,476.56768798828125,10334672,0.0,0.0
2018-09-17 00:00:00+05:30,474.61875199917984,475.0061633544436,466.7996122205609,467.7857971191406,9338220,0.0,0.0
2018-09-18 00:00:00+05:30,468.41981698481396,471.93019510209257,465.14421887209676,467.0813903808594,9325736,0.0,0.0
2018-09-19 00:00:00+05:30,468.4080518159874,469.14770483101194,459.40314539633374,460.5419616699219,16712264,0.0,0.0
2018-09-21 00:00:00+05:30,463.4888016930893,469.58207471800694,448.53147343450763,462.6317443847656,22610148,0.0,0.0
2018-09-24 00:00:00+05:30,461.9273316970658,463.08962308700353,449.65857933657696,452.1710205078125,13390792,0.0,0.0
2018-09-25 00:00:00+05:30,452.17102131996546,460.69458707203876,449.65858014421724,458.4404296875,16682552,0.0,0.0
2018-09-26 00:00:00+05:30,460.9176451667265,464.4515269457104,459.12138185806106,462.150390625,14726724,0.0,0.0
2018-09-27 00:00:00+05:30,462.43219238398564,466.3300105055273,459.08616889470886,464.01715087890625,18352208,0.0,0.0
2018-09-28 00:00:00+05:30,465.07375740162604,473.2450812069738,464.25192712831097,471.03790283203125,14460716,0.0,0.0
2018-10-01 00:00:00+05:30,471.91846487224274,479.4792923957831,469.1007609012587,477.9412841796875,12449588,0.0,0.0
2018-10-03 00:00:00+05:30,476.7672878634971,481.87437681441963,471.26103560926464,476.9316711425781,15332148,0.0,0.0
2018-10-04 00:00:00+05:30,471.4957904681714,473.79692680723684,456.23322752970967,459.6966552734375,17970584,0.0,0.0
2018-10-05 00:00:00+05:30,458.804350792834,467.2692141014966,455.564008616562,461.4694519042969,15729180,0.0,0.0
2018-10-08 00:00:00+05:30,461.39902361009297,462.3382582637522,453.1807203905748,456.7028503417969,20128020,0.0,0.0
2018-10-09 00:00:00+05:30,456.5620232581469,461.3990765468179,453.1807723844064,455.66973876953125,12459364,0.0,0.0
2018-10-10 00:00:00+05:30,456.7028218089937,465.4494439747444,454.47213964591634,461.9038391113281,15939932,0.0,0.0
2018-10-11 00:00:00+05:30,452.00666163802475,457.4777147740267,450.2690718554584,454.9535217285156,14359904,0.0,0.0
2018-10-12 00:00:00+05:30,456.70283653258343,468.9363617939593,455.9984105636386,465.35552978515625,9600320,0.0,0.0
2018-10-15 00:00:00+05:30,467.2691998502609,472.15323109285606,462.64348104565227,471.50750732421875,12585968,0.0,0.0
2018-10-16 00:00:00+05:30,470.3217362248453,473.89081631755084,466.68220207033454,467.9149475097656,9406004,0.0,0.0
2018-10-17 00:00:00+05:30,471.0496714140739,472.6698569843588,461.0468277142516,463.6531982421875,7940796,0.0,0.0
2018-10-19 00:00:00+05:30,459.96671825023935,465.12075719069026,459.7553847105375,462.0447692871094,9867348,0.0,0.0
2018-10-22 00:00:00+05:30,472.904613615313,474.313465493015,466.9404682670748,469.3590087890625,20331160,0.0,0.0
2018-10-23 00:00:00+05:30,463.27749012893133,469.35904020740315,463.27749012893133,466.0599670410156,19428564,0.0,0.0
2018-10-24 00:00:00+05:30,470.5565788009592,471.6836718920969,463.18358076575566,467.7975769042969,18072336,0.0,0.0
2018-10-25 00:00:00+05:30,463.41838521848933,470.4626453160439,460.8002628162647,462.29132080078125,29847056,0.0,0.0
2018-10-26 00:00:00+05:30,462.29131317725137,464.2636830415066,457.64209012426744,460.5067443847656,15155712,0.0,0.0
2018-10-29 00:00:00+05:30,461.1877322927459,461.3873139422828,445.00940817003584,452.3119812011719,17044280,0.0,0.0
2018-10-30 00:00:00+05:30,452.0066857228885,453.6503463982445,445.9721144229201,449.1302795410156,13828704,0.0,0.0
2018-10-31 00:00:00+05:30,446.617844648898,450.3395563558483,442.61434533852633,448.8954772949219,23449404,0.0,0.0
2018-11-01 00:00:00+05:30,453.1807041571447,453.1807041571447,445.19720988701886,449.0010986328125,19629052,0.0,0.0
2018-11-02 00:00:00+05:30,452.24152010652045,460.2250152693562,448.9541985688822,457.7477722167969,30092868,0.0,0.0
2018-11-05 00:00:00+05:30,457.853469844399,460.1428545693027,455.05924070393377,459.2857971191406,5705296,0.0,0.0
2018-11-06 00:00:00+05:30,459.0509246658972,463.9819064653774,456.22146888235756,457.0668029785156,8485588,0.0,0.0
2018-11-07 00:00:00+05:30,460.4597691664953,461.38725188185504,457.87687397994176,459.74359130859375,958760,0.0,0.0
2018-11-09 00:00:00+05:30,459.8022864484134,460.20147835086425,454.65999994972,456.7967529296875,10101620,0.0,0.0
2018-11-12 00:00:00+05:30,458.22910543187936,460.6945963911593,450.16343359772566,451.0791931152344,7907764,0.0,0.0
2018-11-13 00:00:00+05:30,450.59782896263255,454.9887395409306,448.0618839107078,452.65240478515625,13350420,0.0,0.0
2018-11-14 00:00:00+05:30,455.18834045534317,460.2249747597689,454.7304463692893,459.6966552734375,26110636,0.0,0.0
2018-11-15 00:00:00+05:30,460.6711034535279,464.287162453352,453.46246058661814,463.7823181152344,10392524,0.0,0.0
2018-11-16 00:00:00+05:30,465.15599101626344,472.66986871062005,464.92118233831485,470.6270446777344,15813216,0.0,0.0
2018-11-19 00:00:00+05:30,472.2002137063884,474.5483002986628,470.06346064005197,472.88116455078125,12286428,0.0,0.0
2018-11-20 00:00:00+05:30,472.669866686805,474.2195982219969,469.3942971087138,472.54071044921875,5705168,0.0,0.0
2018-11-21 00:00:00+05:30,472.6111066070651,475.2409520013192,470.556530935565,474.01995849609375,6545604,0.0,0.0
2018-11-22 00:00:00+05:30,472.7285194977119,477.8356076879889,469.65253188355746,470.90875244140625,12974552,0.0,0.0
2018-11-26 00:00:00+05:30,472.88115459421346,481.8273585897824,472.4467643164221,481.310791015625,18184436,0.0,0.0
2018-11-27 00:00:00+05:30,479.25620303608025,485.560780846586,479.1857489763304,484.6450500488281,12895440,0.0,0.0
2018-11-28 00:00:00+05:30,484.87989498009244,492.76948908318366,483.7293554479616,490.5740051269531,13021108,0.0,0.0
2018-11-29 00:00:00+05:30,493.3330560275255,501.8800693841869,491.68939520306446,500.3890686035156,31908636,0.0,0.0
2018-11-30 00:00:00+05:30,500.1423767032177,501.9151933065622,495.44620415201376,499.7784118652344,13040924,0.0,0.0
2018-12-03 00:00:00+05:30,500.3772935476429,502.96018900940925,494.7183814690562,496.22119140625,10799856,0.0,0.0
2018-12-04 00:00:00+05:30,494.36611758503363,495.6810689789875,488.0732915140113,489.7052001953125,8157420,0.0,0.0
2018-12-05 00:00:00+05:30,487.9324071100841,494.3426951461428,487.4510378803439,492.91033935546875,11798844,0.0,0.0
2018-12-06 00:00:00+05:30,490.67962056613925,493.48557244622197,489.57603138511746,492.4054870605469,11730252,0.0,0.0
2018-12-07 00:00:00+05:30,494.67135877190134,497.32470791395076,488.4724335018058,494.8827209472656,9903920,0.0,0.0
2018-12-10 00:00:00+05:30,485.0912332073148,494.2253253328058,485.0912332073148,490.4566345214844,10915056,0.0,0.0
2018-12-11 00:00:00+05:30,482.76657653222526,486.35916028394206,477.131169024067,483.60015869140625,18905780,0.0,0.0
2018-12-12 00:00:00+05:30,485.33778325845964,490.70318445621774,483.72937821747945,489.64654541015625,11370488,0.0,0.0
2018-12-13 00:00:00+05:30,491.9241363785556,498.9683960880337,491.0553558129864,493.4034423828125,7064236,0.0,0.0
2018-12-14 00:00:00+05:30,494.24872919945005,497.32474559898566,490.29223764466326,492.0885009765625,6158284,0.0,0.0
2018-12-17 00:00:00+05:30,494.0374468542568,500.7529978171257,492.8634034919606,500.1894226074219,8437324,0.0,0.0
2018-12-18 00:00:00+05:30,498.7336626307921,502.25579301660275,493.70877954423855,501.4222106933594,7413968,0.0,0.0
2018-12-19 00:00:00+05:30,500.87036908778845,507.0457909047198,496.27984837899174,498.60443115234375,9009896,0.0,0.0
2018-12-20 00:00:00+05:30,496.0450716637596,502.5962106842029,493.7204314143853,501.89178466796875,7980476,0.0,0.0
2018-12-21 00:00:00+05:30,501.0816788709038,504.6273125563341,495.2232142875157,495.7162780761719,10220308,0.0,0.0
2018-12-24 00:00:00+05:30,494.0374317294471,494.0374317294471,487.77980373051804,488.55462646484375,5601488,0.0,0.0
2018-12-26 00:00:00+05:30,487.69759555401464,499.4380287642702,485.81912624037375,498.34619140625,7601916,0.0,0.0
2018-12-27 00:00:00+05:30,500.8469182908011,502.0679119709213,492.7342668691588,494.2840270996094,11639868,0.0,0.0
2018-12-28 00:00:00+05:30,497.1721385614106,501.9622122889027,496.7377196104192,498.47528076171875,9415612,0.0,0.0
2018-12-31 00:00:00+05:30,501.78618806342524,501.78618806342524,497.01956002460156,498.193603515625,5866528,0.0,0.0
2019-01-01 00:00:00+05:30,499.59066424826386,505.0734698477647,494.4131787238654,504.3925476074219,6373440,0.0,0.0
2019-01-02 00:00:00+05:30,503.14799739973824,504.2515866129729,497.72389453870045,499.79022216796875,8134232,0.0,0.0
2019-01-03 00:00:00+05:30,498.78059277467264,499.73157940573066,493.8026601622232,495.8689880371094,12771664,0.0,0.0
2019-01-04 00:00:00+05:30,496.67905005577603,499.79026500116737,495.5285104782037,497.19561767578125,7287120,0.0,0.0
2019-01-07 00:00:00+05:30,499.6023117246012,501.3986321439914,497.3246794736744,497.9468994140625,5387012,0.0,0.0
2019-01-08 00:00:00+05:30,498.26391526102964,498.6161282077269,492.3114935313159,493.80255126953125,8343460,0.0,0.0
2019-01-09 00:00:00+05:30,497.32478873843723,498.1114207540877,493.7087579642644,497.04302978515625,8568628,0.0,0.0
2019-01-10 00:00:00+05:30,497.08989812730186,498.6866083678467,491.3722847294109,495.0940246582031,7691540,0.0,0.0
2019-01-11 00:00:00+05:30,496.33856587733516,498.73360278703433,494.9766641596367,495.89239501953125,6408040,0.0,0.0
2019-01-14 00:00:00+05:30,495.422767141627,495.422767141627,492.73421945891204,493.485595703125,4855160,0.0,0.0
2019-01-15 00:00:00+05:30,494.2839566691894,499.32059071097746,493.5677788264635,498.2404479980469,5087556,0.0,0.0
2019-01-16 00:00:00+05:30,497.806110225345,498.96840162504026,495.035356576937,497.84130859375,5252452,0.0,0.0
2019-01-17 00:00:00+05:30,499.02708267187825,501.52777186013464,496.23288267155743,500.6824951171875,8240228,0.0,0.0
2019-01-18 00:00:00+05:30,501.31642130643684,502.25565581942317,496.5145963240595,500.2010803222656,5207976,0.0,0.0
2019-01-21 00:00:00+05:30,502.478785755401,508.7129672088491,499.3206207106474,504.4042053222656,17561512,0.0,0.0
2019-01-22 00:00:00+05:30,503.8994289783255,504.08728738822623,499.91943330417905,501.5161437988281,8796976,0.0,0.0
2019-01-23 00:00:00+05:30,501.081638917228,501.51605783276256,493.4386062023111,494.3660888671875,7624288,0.0,0.0
2019-01-24 00:00:00+05:30,495.44632369917093,498.1818219397706,492.6051156896022,493.6265563964844,10111572,0.0,0.0
2019-01-25 00:00:00+05:30,491.4545400634067,495.4462874026699,490.75011406236024,492.1589660644531,11262236,0.0,0.0
2019-01-28 00:00:00+05:30,490.7501490919536,493.5796051967228,487.6389340319209,489.3764953613281,15360436,0.0,0.0
2019-01-29 00:00:00+05:30,487.9911100056597,489.106451168911,482.0621911904821,483.142333984375,14762788,0.0,0.0
2019-01-30 00:00:00+05:30,483.0600831088448,483.0600831088448,476.1919302684347,477.76513671875,18514160,0.0,0.0
2019-01-31 00:00:00+05:30,476.89635659767765,490.6913644510078,474.78307879886967,488.3902282714844,16579404,0.0,0.0
2019-02-01 00:00:00+05:30,488.39022215622003,497.08989378431465,487.6036476034212,490.855712890625,15654188,0.0,0.0
2019-02-04 00:00:00+05:30,491.9241051182659,496.150660675368,489.02419545827837,494.2486877441406,7938288,0.0,0.0
2019-02-05 00:00:00+05:30,494.9767043505083,497.5595998665689,492.39380883444784,496.3973083496094,8690288,0.0,0.0
2019-02-06 00:00:00+05:30,496.9137820654196,499.4379749335605,496.2915621028741,498.4165344238281,10875684,0.0,0.0
2019-02-07 00:00:00+05:30,498.98023145430585,500.1425230355285,494.4719159513666,497.1487121582031,7217308,0.0,0.0
2019-02-08 00:00:00+05:30,495.91584535010804,503.6527785364931,494.65959620147885,498.4165344238281,12235644,0.0,0.0
2019-02-11 00:00:00+05:30,496.221181557175,503.1714839023567,496.221181557175,502.4083557128906,7036364,0.0,0.0
2019-02-12 00:00:00+05:30,502.0209143070628,504.36900090344756,498.9214514651015,500.0719909667969,9772388,0.0,0.0
2019-02-14 00:00:00+05:30,502.4905037138832,502.4905037138832,494.4131092015377,495.4931945800781,7441388,0.0,0.0
2019-02-15 00:00:00+05:30,494.8240573552755,495.00016385197443,487.9793504544424,493.25079345703125,8416524,0.0,0.0
2019-02-18 00:00:00+05:30,494.69492451082795,497.32477018724967,489.81089263956693,490.72662353515625,7138744,0.0,0.0
2019-02-19 00:00:00+05:30,490.6796122175164,495.01182023684044,487.9793128097775,489.35296630859375,5268636,0.0,0.0
2019-02-20 00:00:00+05:30,490.3978632789404,495.681057879743,488.8481032655062,495.058837890625,4892500,0.0,0.0
2019-02-21 00:00:00+05:30,493.49742354796507,497.782682238069,491.5955075114499,496.8316955566406,5261544,0.0,0.0
2019-02-22 00:00:00+05:30,497.6534360377441,499.69631717908845,490.53877971576736,491.0905456542969,8890708,0.0,0.0
2019-02-25 00:00:00+05:30,491.9592945657857,500.13064662665147,491.9592945657857,499.062255859375,8140596,0.0,0.0
2019-02-26 00:00:00+05:30,495.7398156063835,498.96843489097216,493.3565304832037,495.5989074707031,9607428,0.0,0.0
2019-02-27 00:00:00+05:30,496.8785903912916,498.8392081566859,490.31564298468345,491.27838134765625,7030092,0.0,0.0
2019-02-28 00:00:00+05:30,491.47803790207473,494.47184837022587,486.80531108931683,487.8267517089844,11645376,0.0,0.0
2019-03-01 00:00:00+05:30,489.86955131215547,493.30947514098693,487.69757127637956,489.1886291503906,9352928,0.0,0.0
2019-03-05 00:00:00+05:30,490.49172636141435,495.7045238306331,486.0538661660805,494.7652893066406,11837276,0.0,0.0
2019-03-06 00:00:00+05:30,495.44631078773796,495.516764856435,490.8792934639905,494.0961608886719,8458044,0.0,0.0
2019-03-07 00:00:00+05:30,495.3523439598972,500.1424174215719,491.9241147878841,499.3205871582031,10204852,0.0,0.0
2019-03-08 00:00:00+05:30,496.63210692351413,500.14248520179916,495.31715539338757,499.7198181152344,7053460,0.0,0.0
2019-03-11 00:00:00+05:30,500.6119939583381,503.3592434355274,498.31085794298315,499.7784118652344,9224108,0.0,0.0
2019-03-12 00:00:00+05:30,504.1342750805855,510.7089186307748,501.7861880983751,509.7696838378906,15097292,0.0,0.0
2019-03-13 00:00:00+05:30,510.7089538000706,524.56266794913,510.0280314588757,522.8133544921875,57166348,0.0,0.0
2019-03-14 00:00:00+05:30,527.1102409399631,527.7324609556068,519.0680443714517,522.3905639648438,15379864,0.0,0.0
2019-03-15 00:00:00+05:30,523.8580746775566,530.6440214279673,523.1654006563593,529.0238647460938,12763088,0.0,0.0
2019-03-18 00:00:00+05:30,531.1137090771234,538.0992670271777,527.6150828158658,531.008056640625,14358720,0.0,0.0
2019-03-19 00:00:00+05:30,532.8983419807543,534.40109472269,528.5543810525128,532.4874267578125,11957992,0.0,0.0
2019-03-20 00:00:00+05:30,532.7809343906317,540.0600040098956,530.9142167116051,539.8251953125,11711992,0.0,0.0
2019-03-22 00:00:00+05:30,540.059864680348,541.7035251380709,533.2034639505413,534.4596557617188,30403880,0.0,0.0
2019-03-25 00:00:00+05:30,530.6676309006491,537.2070757429473,529.0239700969745,535.6690673828125,9199260,0.0,0.0
2019-03-26 00:00:00+05:30,534.4009633971294,543.5820041954984,533.6261407424923,542.7249755859375,11786848,0.0,0.0
2019-03-27 00:00:00+05:30,544.4155315874235,546.6462134537453,535.1405911958748,539.9306640625,13885300,0.0,0.0
2019-03-28 00:00:00+05:30,539.7781725630897,545.9301481435697,537.2070291370998,540.7174072265625,19554328,0.0,0.0
2019-04-01 00:00:00+05:30,545.988853586173,547.5738120902938,541.1400775374341,542.8306884765625,9647076,0.0,0.0
2019-04-02 00:00:00+05:30,544.7561232234284,544.7561232234284,536.6434720782605,538.8507080078125,10910496,0.0,0.0
2019-04-03 00:00:00+05:30,538.2049412500402,543.8168451760304,537.3009049974316,538.3575439453125,7659452,0.0,0.0
2019-04-04 00:00:00+05:30,538.3574650224012,543.1123395908032,535.363655108963,536.2911376953125,9211552,0.0,0.0
2019-04-05 00:00:00+05:30,537.1952722507735,543.2885456082115,535.8333705361161,541.3748779296875,8351180,0.0,0.0
2019-04-08 00:00:00+05:30,544.5212202883491,545.4487029240494,535.3871873891183,537.5708618164062,6398132,0.0,0.0
2019-04-09 00:00:00+05:30,539.2615849491364,540.7643374243855,532.3112257668615,537.0661010742188,10777600,0.0,0.0
2019-04-10 00:00:00+05:30,528.3195501488076,536.3030455732784,523.858185058662,525.3492431640625,108128700,0.0,0.0
2019-04-11 00:00:00+05:30,527.1218935733749,531.3719528924851,525.2551763486294,530.0805053710938,8793300,0.0,0.0
2019-04-12 00:00:00+05:30,528.8126185686696,533.5322383500043,528.8126185686696,531.9003295898438,9170444,0.0,0.0
2019-04-15 00:00:00+05:30,533.0155790579657,538.3926736430428,531.6889332564791,537.4299926757812,10219780,0.0,0.0
2019-04-16 00:00:00+05:30,537.9349630766073,542.3845763380109,535.434273429885,541.2457885742188,8273776,0.0,0.0
2019-04-18 00:00:00+05:30,543.1124180529847,543.5937872601484,537.2422016883826,538.56884765625,10614856,0.0,0.0
2019-04-22 00:00:00+05:30,545.9300644760693,545.9300644760693,530.9023121636098,532.7103271484375,20980420,0.0,0.0
2019-04-23 00:00:00+05:30,534.7885223374248,537.7118789476585,526.3471617292564,527.2159423828125,15282400,0.0,0.0
2019-04-24 00:00:00+05:30,528.3194959314001,536.2794867395662,527.6268218353347,535.3050537109375,12354128,0.0,0.0
2019-04-25 00:00:00+05:30,536.9839128597633,539.7781703680324,530.1862134757891,531.4776611328125,18086636,0.0,0.0
2019-04-26 00:00:00+05:30,532.0529708894993,536.5378396569926,529.9396927464303,535.5868530273438,11707568,0.0,0.0
2019-04-30 00:00:00+05:30,536.5378186472684,544.7561222151697,534.9880584725012,544.1573486328125,12536836,0.0,0.0
2019-05-02 00:00:00+05:30,545.5779005533736,554.0662103557893,544.1690486474902,553.1622314453125,17169300,0.0,0.0
2019-05-03 00:00:00+05:30,555.1346652111702,558.3750364337064,553.3266498553529,556.0151977539062,12351520,0.0,0.0
2019-05-06 00:00:00+05:30,551.3307553234757,552.2464862028912,544.0634384764508,546.740234375,13748092,0.0,0.0
2019-05-07 00:00:00+05:30,552.246472505503,553.6788282827391,544.2864817469844,545.3079223632812,9924204,0.0,0.0
2019-05-08 00:00:00+05:30,545.3549133852304,545.6484242364069,537.2422619934446,541.7623291015625,12064208,0.0,0.0
2019-05-09 00:00:00+05:30,540.0598772785411,540.0598772785411,533.3913347678941,537.923095703125,9027724,0.0,0.0
2019-05-10 00:00:00+05:30,538.0288564526202,545.9066412872851,538.0288564526202,539.2380981445312,10594200,0.0,0.0
2019-05-13 00:00:00+05:30,539.1324619988231,543.1946634835718,535.3637713536324,537.0543823242188,11071632,0.0,0.0
2019-05-14 00:00:00+05:30,539.28507782603,542.6428533775367,534.3188972304139,537.21875,10494744,0.0,0.0
2019-05-15 00:00:00+05:30,539.1206826841227,541.7505282075591,535.8803117149184,536.9369506835938,8956348,0.0,0.0
2019-05-16 00:00:00+05:30,535.4929016319878,544.5212831539,535.3637454035756,542.5606079101562,8050136,0.0,0.0
2019-05-17 00:00:00+05:30,543.1124725353436,556.3322125798328,542.783763316484,554.6416015625,14758780,0.0,0.0
2019-05-20 00:00:00+05:30,565.4192877058159,572.6279025414492,558.8446448255158,571.1369018554688,17699632,0.0,0.0
2019-05-21 00:00:00+05:30,572.4634322290617,575.1402276444757,563.4115481992231,564.4094848632812,10325176,0.0,0.0
2019-05-22 00:00:00+05:30,566.3232859231374,569.645805510317,562.1906306030819,564.8909301757812,11386660,0.0,0.0
2019-05-23 00:00:00+05:30,565.6540527697989,572.9096173156408,544.5447775085488,547.5972900390625,33081996,0.0,0.0
2019-05-24 00:00:00+05:30,554.0779695658612,560.2886470009946,549.4874489133429,557.2831420898438,13692800,0.0,0.0
2019-05-27 00:00:00+05:30,558.5863038771777,568.6830763572027,557.0248492032421,565.50146484375,12049024,0.0,0.0
2019-05-28 00:00:00+05:30,567.415119589704,568.2369498891303,560.5000161069395,567.3446655273438,7364840,0.0,0.0
2019-05-29 00:00:00+05:30,565.9358266303697,570.7729080061649,565.9358266303697,567.509033203125,7475216,0.0,0.0
2019-05-30 00:00:00+05:30,567.297758886081,574.7881326891829,566.6050847599932,572.8275146484375,9359200,0.0,0.0
2019-05-31 00:00:00+05:30,576.8779462310475,578.8033658407885,553.3970794626586,569.4932250976562,19785080,0.0,0.0
2019-06-03 00:00:00+05:30,569.8806611589381,577.5823972579152,569.3992919040638,576.9484252929688,8480860,0.0,0.0
2019-06-04 00:00:00+05:30,576.4553220823365,578.9795154478701,573.1797523895397,575.8213500976562,6442988,0.0,0.0
2019-06-06 00:00:00+05:30,576.0326868851919,579.9774844797151,566.6755946589258,569.023681640625,15634924,0.0,0.0
2019-06-07 00:00:00+05:30,569.5636402958801,576.2791913398175,565.654098782773,574.7294311523438,7970932,0.0,0.0
2019-06-10 00:00:00+05:30,579.9655986614478,579.9655986614478,571.0781258837007,572.9800415039062,7077140,0.0,0.0
2019-06-11 00:00:00+05:30,575.6333862642075,577.6057559278509,573.0152928346142,574.9054565429688,7103292,0.0,0.0
2019-06-12 00:00:00+05:30,574.1071991883874,574.9055257372972,569.0940111442859,569.8923950195312,7308620,0.0,0.0
2019-06-13 00:00:00+05:30,571.9821673048542,575.7508579175834,567.285993912378,574.0367431640625,11107948,0.0,0.0
2019-06-14 00:00:00+05:30,573.6257451327773,577.3826833040738,569.4109415871195,571.7825317382812,11956920,0.0,0.0
2019-06-17 00:00:00+05:30,571.7590553793998,572.9095948190358,567.6029537932426,568.70654296875,12810020,0.0,0.0
2019-06-18 00:00:00+05:30,567.7673540579914,571.0546753800807,564.4800327359021,567.5912475585938,12419652,0.0,0.0
2019-06-19 00:00:00+05:30,569.8806782159634,574.0837307448697,567.4621372963798,570.1976928710938,10744276,0.0,0.0
2019-06-20 00:00:00+05:30,573.7416401845322,575.7853360926836,570.492953942729,573.2691040039062,11171492,3.75,0.0
2019-06-21 00:00:00+05:30,573.1864739598666,574.0606544899699,568.3783945203262,570.3984985351562,13250260,0.0,0.0
2019-06-24 00:00:00+05:30,569.8668152703848,574.2732498136112,569.4061040256472,571.284423828125,6915000,0.0,0.0
2019-06-25 00:00:00+05:30,571.7334026797203,576.8485841311103,567.7522619975663,573.8243408203125,8899800,0.0,0.0
2019-06-26 00:00:00+05:30,572.8791685767204,583.5821235120717,572.2412563345092,583.0859375,10533636,0.0,0.0
2019-06-27 00:00:00+05:30,583.2868571230551,589.3707605441867,580.30985606529,581.762939453125,19879236,0.0,0.0
2019-06-28 00:00:00+05:30,582.1646171675192,584.7635663513028,575.7972032037782,577.3801879882812,12756844,0.0,0.0
2019-07-01 00:00:00+05:30,580.2744309319894,588.0712779274111,578.8686473284337,587.2561645507812,8524160,0.0,0.0
2019-07-02 00:00:00+05:30,587.8350149517786,590.0795618336282,582.9206270844641,589.4888916015625,7246828,0.0,0.0
2019-07-03 00:00:00+05:30,590.4339833290284,591.4499476980156,586.6536937198789,588.224853515625,7463256,0.0,0.0
2019-07-04 00:00:00+05:30,589.4417227816141,590.1741193508217,584.0547980591027,586.8427734375,7993964,0.0,0.0
2019-07-05 00:00:00+05:30,587.1498206429052,589.4770265894634,581.2194688430377,584.149169921875,7583060,0.0,0.0
2019-07-08 00:00:00+05:30,584.6572473001092,584.6690722418177,566.3464692711029,569.3116455078125,14607140,0.0,0.0
2019-07-09 00:00:00+05:30,567.9531169744108,569.5951687956683,560.6642227376548,562.1172485351562,16482688,0.0,0.0
2019-07-10 00:00:00+05:30,562.0226343974339,566.5707944445807,559.0692837174684,564.3853149414062,11569148,0.0,0.0
2019-07-11 00:00:00+05:30,567.7522375205458,570.351186589512,566.0156439332255,568.7327270507812,9097596,0.0,0.0
2019-07-12 00:00:00+05:30,571.2962570473821,571.2962570473821,563.5112348081819,565.6021728515625,8976272,0.0,0.0
2019-07-15 00:00:00+05:30,566.0983746794747,567.7522514001575,561.6919976324263,565.8030395507812,8233184,0.0,0.0
2019-07-16 00:00:00+05:30,571.296229613895,571.296229613895,562.7905785526459,564.9642333984375,12770568,0.0,0.0
2019-07-17 00:00:00+05:30,565.377711569128,569.7841460349224,564.9878922956555,566.44091796875,7759736,0.0,0.0
2019-07-18 00:00:00+05:30,567.7522783608131,573.8952493293447,567.4923603621634,569.8550415039062,10802584,0.0,0.0
2019-07-19 00:00:00+05:30,570.587393874127,571.9341103479861,559.2465264182437,561.2902221679688,8939228,0.0,0.0
2019-07-22 00:00:00+05:30,554.0486465007414,555.1945697595224,538.9865564306252,542.766845703125,22171296,0.0,0.0
2019-07-23 00:00:00+05:30,542.1170959405243,542.1170959405243,529.7248469923792,534.7927856445312,27802864,0.0,0.0
2019-07-24 00:00:00+05:30,533.1980182625952,541.762736623964,531.8394767294125,538.9038696289062,17363740,0.0,0.0
2019-07-25 00:00:00+05:30,539.8725734784717,547.0669251202459,538.7503000762736,540.1206665039062,19462008,0.0,0.0
2019-07-26 00:00:00+05:30,538.2659018799078,541.9162320000765,537.0019023235773,538.0532836914062,12829828,0.0,0.0
2019-07-29 00:00:00+05:30,537.1673729785956,537.1673729785956,525.2358334246715,530.2565307617188,9976492,0.0,0.0
2019-07-30 00:00:00+05:30,532.7845639332455,536.6120956054616,529.2168925606803,532.1348266601562,10394136,0.0,0.0
2019-07-31 00:00:00+05:30,529.2405417121429,535.6197803845661,527.8820001430158,531.9930419921875,13891840,0.0,0.0
2019-08-01 00:00:00+05:30,527.8373106620138,530.4183410722914,520.2362032749215,526.1087036132812,18241676,1.25,0.0
2019-08-02 00:00:00+05:30,523.5513217893141,526.6296425415806,516.6842985727197,524.3446044921875,27825536,0.0,0.0
2019-08-05 00:00:00+05:30,520.2480238284405,520.9465542366927,512.06678342584,516.0330810546875,19822440,0.0,0.0
2019-08-06 00:00:00+05:30,513.1324317569491,523.3737689389926,513.1324317569491,518.3656005859375,24890940,0.0,0.0
2019-08-07 00:00:00+05:30,518.5786614051232,521.4201883169321,512.658813672188,517.1578979492188,18750136,0.0,0.0
2019-08-08 00:00:00+05:30,520.4729823454337,531.1287076436796,516.9210739126851,528.7962646484375,19711600,0.0,0.0
2019-08-09 00:00:00+05:30,532.0758614569354,542.0212046617379,530.3709570411706,540.3636474609375,30436112,0.0,0.0
2019-08-13 00:00:00+05:30,538.3035443330222,538.3035443330222,521.5622284123144,525.7653198242188,15440068,0.0,0.0
2019-08-14 00:00:00+05:30,529.3290782043871,529.3290782043871,521.6688299760862,527.920166015625,14254052,0.0,0.0
2019-08-16 00:00:00+05:30,524.2617332329899,528.7608176645286,521.9174965746467,527.5057983398438,15247560,0.0,0.0
2019-08-19 00:00:00+05:30,530.0632306047687,530.8920093883812,521.3492021177242,522.5687255859375,8498200,0.0,0.0
2019-08-20 00:00:00+05:30,523.1369509309908,527.5294895678886,522.5686686656784,525.8245849609375,10270592,0.0,0.0
2019-08-21 00:00:00+05:30,526.8427485595611,530.7025008644707,524.3090652783917,527.0677490234375,10472712,0.0,0.0
2019-08-22 00:00:00+05:30,525.8837748919289,525.8837748919289,513.1442510506022,514.8136596679688,13992044,0.0,0.0
2019-08-23 00:00:00+05:30,511.7116586774683,515.5003613793839,506.6442919380624,512.1141967773438,20099616,0.0,0.0
2019-08-26 00:00:00+05:30,519.7389268106141,536.6104927967046,513.132399885729,534.2425537109375,25280244,0.0,0.0
2019-08-27 00:00:00+05:30,534.20707062032,538.2088646472811,530.442070507641,535.1423950195312,20660832,0.0,0.0
2019-08-28 00:00:00+05:30,532.7863207383203,534.5267791771386,527.186167646966,532.1943359375,13662588,0.0,0.0
2019-08-29 00:00:00+05:30,531.8391831377588,533.6624848926344,525.753590511788,527.3282470703125,14783716,0.0,0.0
2019-08-30 00:00:00+05:30,528.879159072258,535.1541972255666,526.1560293076145,527.56494140625,19233320,0.0,0.0
2019-09-03 00:00:00+05:30,525.6824249333401,525.9192188184453,520.0348676491805,523.5394287109375,11428676,0.0,0.0
2019-09-04 00:00:00+05:30,522.6041876837775,538.4693805133259,520.7098363011448,532.2535400390625,15060704,0.0,0.0
2019-09-05 00:00:00+05:30,532.5495163172213,538.0904708192375,526.8664623414039,529.2698974609375,17296252,0.0,0.0
2019-09-06 00:00:00+05:30,527.5769022891758,534.3492321485351,525.990394441444,531.8154907226562,12870004,0.0,0.0
2019-09-09 00:00:00+05:30,531.8391691144759,535.3673755625555,524.7590537008053,532.691650390625,10643404,0.0,0.0
2019-09-11 00:00:00+05:30,538.4693261543216,538.4693261543216,530.6906234502475,533.0941162109375,15209116,0.0,0.0
2019-09-12 00:00:00+05:30,532.9520179463601,541.9738886400878,532.3481819405418,537.7234497070312,18132300,0.0,0.0
2019-09-13 00:00:00+05:30,533.0231058404166,536.9183542031692,529.944784927078,534.5504150390625,15371340,0.0,0.0
2019-09-16 00:00:00+05:30,533.2362149247615,535.781749610595,530.6551842746951,531.4010620117188,11030184,0.0,0.0
2019-09-17 00:00:00+05:30,532.2889871447702,532.431086609831,520.4966971190984,523.6342163085938,10656556,0.0,0.0
2019-09-18 00:00:00+05:30,525.0432321946903,526.6652360510491,516.2108063765927,518.0459594726562,12959884,0.0,0.0
2019-09-19 00:00:00+05:30,520.8992101477138,524.2853743327779,513.3691528927131,521.44384765625,10623310,0.0,2.0
2019-09-20 00:00:00+05:30,524.7352754208938,572.9938831612448,523.5039587194727,568.1159057617188,46150034,0.0,0.0
2019-09-23 00:00:00+05:30,596.5076101596419,607.4711228325581,582.0394779614176,595.4183349609375,41920410,0.0,0.0
2019-09-24 00:00:00+05:30,591.9847670120035,597.6441182602333,581.3527437208729,593.784423828125,23379048,0.0,0.0
2019-09-25 00:00:00+05:30,591.9373805534856,591.9373805534856,582.5603193412131,587.1067504882812,15608976,0.0,0.0
2019-09-26 00:00:00+05:30,587.1541973494428,603.8244653467681,585.5202846977793,588.432861328125,30671560,0.0,0.0
2019-09-27 00:00:00+05:30,591.1560299788491,593.6423661754355,586.1123078464277,589.2379760742188,14873170,0.0,0.0
2019-09-30 00:00:00+05:30,581.9447487061157,587.2489092784182,576.119595271932,581.3053588867188,18218458,0.0,0.0
2019-10-01 00:00:00+05:30,583.2234113411605,594.3527253212801,578.2980863579686,591.41650390625,18768352,0.0,0.0
2019-10-03 00:00:00+05:30,587.2251676706236,589.0485269437967,576.0485071873702,579.4583740234375,16298876,0.0,0.0
2019-10-04 00:00:00+05:30,585.6624129373488,587.0594739386505,561.3436889554499,563.4274291992188,18403632,0.0,0.0
2019-10-07 00:00:00+05:30,568.8735885739426,577.7060117729852,559.3781887662469,562.101318359375,22513220,0.0,0.0
2019-10-09 00:00:00+05:30,566.9320361805413,582.465741675647,563.5695738149419,581.636962890625,17427270,0.0,0.0
2019-10-10 00:00:00+05:30,578.6295976927835,580.5949408157695,566.9792915533363,568.5658569335938,11556858,0.0,0.0
2019-10-11 00:00:00+05:30,574.651554211969,579.6715742568914,563.0722956768423,567.7371826171875,17186318,0.0,0.0
2019-10-14 00:00:00+05:30,572.5677137510015,577.7298329061626,567.0741062234517,570.3892211914062,12267802,0.0,0.0
2019-10-15 00:00:00+05:30,571.6204506216349,580.1450306640453,571.5494008924131,579.2215576171875,8400374,0.0,0.0
2019-10-16 00:00:00+05:30,583.2945320660884,584.8810399239208,573.0886899859224,578.2981567382812,10586816,0.0,0.0
2019-10-17 00:00:00+05:30,581.329008008613,582.4419277448391,574.5093323198743,577.777099609375,12243614,0.0,0.0
2019-10-18 00:00:00+05:30,580.358229690361,584.3363793435877,577.9429431258723,582.0394897460938,11233806,0.0,0.0
2019-10-22 00:00:00+05:30,595.2999627869264,595.2999627869264,583.7444069987868,586.91748046875,20006228,0.0,0.0
2019-10-23 00:00:00+05:30,590.492927708308,591.8663438692063,583.9337483422535,588.006591796875,10190214,0.0,0.0
2019-10-24 00:00:00+05:30,591.0376233528876,593.950200126325,580.7844350714618,585.4019165039062,13107494,0.0,0.0
2019-10-25 00:00:00+05:30,587.2489562938619,590.4930216273137,577.7771989342834,582.0394897460938,12993542,0.0,0.0
2019-10-27 00:00:00+05:30,587.2251795017689,588.1487104141279,584.8809429761882,586.1596069335938,1750082,0.0,0.0
2019-10-29 00:00:00+05:30,586.3017161563129,595.4656288329024,586.1596166871203,588.432861328125,14232568,0.0,0.0
2019-10-30 00:00:00+05:30,590.516628932025,597.9992813530005,588.6696249825086,591.2033081054688,12011366,0.0,0.0
2019-10-31 00:00:00+05:30,595.6313250999839,598.5676040093693,581.1395506594295,582.6787109375,13217706,0.0,0.0
2019-11-01 00:00:00+05:30,586.7752317027432,589.0247735514826,581.3763197035677,587.2725219726562,11512260,0.0,0.0
2019-11-04 00:00:00+05:30,590.3035115605496,591.9847714358326,582.0631297909731,585.757080078125,9935176,0.0,0.0
2019-11-05 00:00:00+05:30,587.7224666692404,589.5221234546789,582.0631155174988,587.0120849609375,12367810,0.0,0.0
2019-11-06 00:00:00+05:30,588.4091734331271,596.2470751063895,581.5895549626913,595.1341552734375,12130336,0.0,0.0
2019-11-07 00:00:00+05:30,597.1942973156508,601.3144886136432,591.9848308045706,598.4729614257812,16963034,0.0,0.0
2019-11-08 00:00:00+05:30,596.2471121319285,600.0358149890019,592.6715006861584,594.6369018554688,13251496,0.0,0.0
2019-11-11 00:00:00+05:30,593.1924663760677,600.7461692265641,592.2215881890567,598.97021484375,14286610,0.0,0.0
2019-11-13 00:00:00+05:30,597.6441038503623,601.4565087824031,593.6896572642707,595.5603637695312,9293496,0.0,0.0
2019-11-14 00:00:00+05:30,598.5202419214672,604.7715773095834,595.3945164164026,603.303466796875,11055218,0.0,0.0
2019-11-15 00:00:00+05:30,608.0157616503795,608.5603992508233,601.9775164438053,605.1979370117188,9279012,0.0,0.0
2019-11-18 00:00:00+05:30,604.7716430689543,605.9319100976571,596.1049628825585,597.6915283203125,9130292,0.0,0.0
2019-11-19 00:00:00+05:30,599.2307161006366,603.82449501675,597.2416124892662,602.3563842773438,10570578,0.0,0.0
2019-11-20 00:00:00+05:30,602.8772856129011,607.5894612252192,600.0357587364853,603.0430297851562,11054258,0.0,0.0
2019-11-21 00:00:00+05:30,601.5748812350528,609.5074765987112,600.6750528853315,607.7788696289062,12019526,0.0,0.0
2019-11-22 00:00:00+05:30,607.9210364953358,607.9210364953358,597.6678482963531,598.97021484375,7688010,0.0,0.0
2019-11-25 00:00:00+05:30,598.6860657393921,605.9556273541223,598.6860657393921,601.9774780273438,7893556,0.0,0.0
2019-11-26 00:00:00+05:30,605.4583579923924,606.074045315987,600.0120977688067,603.8482055664062,8716002,0.0,0.0
2019-11-27 00:00:00+05:30,604.2980091100126,608.9154899789958,602.0247646347251,605.4346313476562,9580666,0.0,0.0
2019-11-28 00:00:00+05:30,606.2870636546285,607.6368351005303,597.6677890291662,599.2306518554688,12366040,0.0,0.0
2019-11-29 00:00:00+05:30,600.3672694795663,606.1450756971117,592.9319636666191,603.80078125,15567626,0.0,0.0
2019-12-02 00:00:00+05:30,603.3271836430782,603.3271836430782,596.0576221263682,599.4437866210938,8946204,0.0,0.0
2019-12-03 00:00:00+05:30,600.6040031927653,600.9828965435161,593.7843853673195,594.5421142578125,6991906,0.0,0.0
2019-12-04 00:00:00+05:30,593.1687734559762,595.2525715277253,584.5020928032309,592.7662353515625,11395614,0.0,0.0
2019-12-05 00:00:00+05:30,594.6368793688133,596.1286926245755,587.604111518524,589.9010009765625,12772494,0.0,0.0
2019-12-06 00:00:00+05:30,591.4874941935019,596.7206628132138,586.3964250464844,590.1141357421875,13774650,0.0,0.0
2019-12-09 00:00:00+05:30,591.7480196412462,591.9137638268414,586.0886679479555,588.64599609375,8265350,0.0,0.0
2019-12-10 00:00:00+05:30,592.4583064671181,593.713325632947,589.6641270326895,591.7479248046875,9788900,0.0,0.0
2019-12-11 00:00:00+05:30,592.0320320927822,593.8790358718093,588.4327767709116,591.3927001953125,11054642,0.0,0.0
2019-12-12 00:00:00+05:30,593.4055784762097,601.1960755161554,593.4055784762097,598.4255981445312,12913148,0.0,0.0
2019-12-13 00:00:00+05:30,599.0885217684254,602.5693802734162,596.3653921240235,598.5438842773438,11775186,0.0,0.0
2019-12-16 00:00:00+05:30,601.1013438583927,601.4565347253566,591.1322970678702,595.4656372070312,11327576,0.0,0.0
2019-12-17 00:00:00+05:30,596.7206646863573,603.7297876816821,594.5184697187642,601.9774780273438,12427354,0.0,0.0
2019-12-18 00:00:00+05:30,607.6131642399483,615.1905692499555,603.1851297494278,612.0411987304688,17447172,0.0,0.0
2019-12-19 00:00:00+05:30,618.0320846573876,618.2688785595552,609.0812635932508,610.3599853515625,13018376,0.0,0.0
2019-12-20 00:00:00+05:30,610.33631822104,615.4747346337728,606.2161272088615,614.101318359375,15026044,0.0,0.0
2019-12-23 00:00:00+05:30,615.1905711182808,617.5585101910995,610.3599985341358,616.80078125,10195782,0.0,0.0
2019-12-24 00:00:00+05:30,615.0011386627299,616.1851082265389,609.4838289331773,610.5257568359375,7179208,0.0,0.0
2019-12-26 00:00:00+05:30,610.7861821418609,611.8044075067481,598.9228420576536,601.6696166992188,14949758,0.0,0.0
2019-12-27 00:00:00+05:30,602.4036385569852,605.7187529201134,601.456463024663,603.8244018554688,7092992,0.0,0.0
2019-12-30 00:00:00+05:30,607.1395825893263,610.3363003603699,603.374582561169,607.2106323242188,9334190,0.0,0.0
2019-12-31 00:00:00+05:30,607.1158782349886,607.1158782349886,600.8171949621751,602.4510498046875,8357056,0.0,0.0
2020-01-01 00:00:00+05:30,604.3453274779305,606.19233129956,601.7405948043777,605.529296875,3673698,0.0,0.0
2020-01-02 00:00:00+05:30,605.7188543538712,609.9811449630853,605.7188543538712,609.38916015625,6137166,0.0,0.0
2020-01-03 00:00:00+05:30,607.234330313411,608.5603994443895,598.4256076891043,600.6988525390625,10855550,0.0,0.0
2020-01-06 00:00:00+05:30,596.720662743602,597.5731439576414,585.3545548818191,587.6987915039062,10890186,0.0,0.0
2020-01-07 00:00:00+05:30,596.1996846178865,602.1431767378965,593.050314229868,597.0047607421875,14724494,0.0,0.0
2020-01-08 00:00:00+05:30,590.5402756575533,597.7388448014235,587.2725661329978,595.4419555664062,11332110,0.0,0.0
2020-01-09 00:00:00+05:30,599.0885335231053,604.2033046016976,598.1887051911852,602.1195068359375,9546316,0.0,0.0
2020-01-10 00:00:00+05:30,608.1341649432716,609.4602340876271,603.871874164867,607.4711303710938,9214580,0.0,0.0
2020-01-13 00:00:00+05:30,607.4710726189669,614.0066076489296,604.2980573544421,609.033935546875,7451568,0.0,0.0
2020-01-14 00:00:00+05:30,610.4547343969623,612.1359943771557,605.0084741599063,610.6915283203125,7886290,0.0,0.0
2020-01-15 00:00:00+05:30,609.2234256414325,609.9574521269482,603.3982719253166,608.2052001953125,11787448,0.0,0.0
2020-01-16 00:00:00+05:30,607.163288419645,611.4018762888768,605.8845666176381,609.8153686523438,7150400,0.0,0.0
2020-01-17 00:00:00+05:30,607.0211887708494,608.513001967246,602.3563603023184,605.3162841796875,16918814,0.0,0.0
2020-01-20 00:00:00+05:30,617.9611105177366,617.9611105177366,593.1687974902289,594.305419921875,22178450,0.0,0.0
2020-01-21 00:00:00+05:30,591.9846812472196,591.9846812472196,586.4910749674461,589.3088989257812,14984804,0.0,0.0
2020-01-22 00:00:00+05:30,591.0612337852921,594.3526456307169,584.5967492247966,587.6513671875,18368310,0.0,0.0
2020-01-23 00:00:00+05:30,587.248887040562,590.4929519914465,582.9865967313965,589.5457763671875,11508920,0.0,0.0
2020-01-24 00:00:00+05:30,590.0904267767455,593.8791293563715,586.8226592396154,589.4037475585938,11831756,0.0,0.0
2020-01-27 00:00:00+05:30,584.8809389292223,584.8809389292223,573.8700224675994,574.5567016601562,18888552,0.0,0.0
2020-01-28 00:00:00+05:30,577.2088015490133,581.4710915111248,574.5803662813082,579.2925415039062,13412158,0.0,0.0
2020-01-29 00:00:00+05:30,580.2871913795456,588.1960850182678,578.8427253732511,585.2835083007812,13788350,0.0,0.0
2020-01-30 00:00:00+05:30,586.7515702363573,586.7515702363573,576.4510357873509,580.642333984375,12111984,0.0,0.0
2020-01-31 00:00:00+05:30,583.1996731083684,586.2070018867788,577.8955128734751,580.7607421875,11178268,0.0,0.0
2020-02-03 00:00:00+05:30,566.8846145462204,567.3344998460584,557.744346592457,564.8955688476562,13077010,0.0,0.0
2020-02-04 00:00:00+05:30,567.3582188812532,584.4073807174176,567.3582188812532,582.4183349609375,20897704,0.0,0.0
2020-02-05 00:00:00+05:30,584.8336294451086,591.0376185260882,581.2343734585951,589.4511108398438,18020682,0.0,0.0
2020-02-06 00:00:00+05:30,589.4510640616896,591.3690599560683,585.9228002816666,587.1541748046875,11827550,0.0,0.0
2020-02-07 00:00:00+05:30,590.0903671169963,590.5639548915685,583.2706916009547,588.2907104492188,6815448,0.0,0.0
2020-02-10 00:00:00+05:30,588.6458915087595,588.6458915087595,580.6423045001527,587.3909301757812,9219834,0.0,0.0
2020-02-11 00:00:00+05:30,588.8117417811588,594.3526959818439,586.3254058019519,587.5330200195312,11613520,0.0,0.0
2020-02-12 00:00:00+05:30,589.7115126471815,593.3581734383829,589.1669329193304,591.5111694335938,6297930,0.0,0.0
2020-02-13 00:00:00+05:30,596.6733008644125,596.6733008644125,584.2179181807978,587.9119262695312,9112140,0.0,0.0
2020-02-14 00:00:00+05:30,588.7643573113077,591.2270486728398,575.4092038524705,577.4692993164062,14688858,0.0,0.0
2020-02-17 00:00:00+05:30,580.1450820402947,583.9337846168844,575.1487073930117,576.4274291992188,10152690,0.0,0.0
2020-02-18 00:00:00+05:30,576.3089902877083,577.06671918566,569.9629023717208,574.5803833007812,10529116,0.0,0.0
2020-02-19 00:00:00+05:30,578.9611718511736,582.5130808809355,574.8883277259173,581.18701171875,10012268,0.0,0.0
2020-02-20 00:00:00+05:30,582.5130422467998,582.5130422467998,574.9829840409186,576.4037475585938,11123414,0.0,0.0
2020-02-24 00:00:00+05:30,572.5440512744713,575.2908841358527,568.305462821999,573.0176391601562,16568084,0.0,0.0
2020-02-25 00:00:00+05:30,570.1997004329769,572.5676393882633,567.3581736866331,568.4474487304688,13886680,0.0,0.0
2020-02-26 00:00:00+05:30,567.1214166243225,570.5312258169903,561.5094124980089,567.9501953125,13814786,0.0,0.0
2020-02-27 00:00:00+05:30,565.9374182644348,569.489326747266,559.3071890964833,568.0448608398438,20655098,0.0,0.0
2020-02-28 00:00:00+05:30,556.7025386820304,561.2016234268023,554.1451526333246,557.7207641601562,24313056,0.0,0.0
2020-03-02 00:00:00+05:30,568.4000622917009,568.8500053945262,552.2744321654279,558.6441650390625,14664898,0.0,0.0
2020-03-03 00:00:00+05:30,556.4656152795914,561.3672370094275,553.1505009757981,559.68603515625,22369550,0.0,0.0
2020-03-04 00:00:00+05:30,558.0522006667385,558.833632138287,536.6223516377066,544.0813598632812,34288870,0.0,0.0
2020-03-05 00:00:00+05:30,546.0468735272653,551.7299285856584,541.1925973315547,545.2654418945312,19549708,0.0,0.0
2020-03-06 00:00:00+05:30,532.786261814301,540.316319210145,521.4201548955959,537.4747924804688,23053566,0.0,0.0
2020-03-09 00:00:00+05:30,525.6825337487523,529.66068340419,504.371079677857,524.4038696289062,34420590,0.0,0.0
2020-03-11 00:00:00+05:30,523.3145814724497,530.4183993204921,517.1579393374798,527.482177734375,35538240,0.0,0.0
2020-03-12 00:00:00+05:30,509.1069356209674,511.4748748564138,475.2217309428317,483.6752624511719,59000770,0.0,0.0
2020-03-13 00:00:00+05:30,464.13972221452224,512.1615082677355,435.32191586076743,506.6442565917969,66342364,0.0,0.0
2020-03-16 00:00:00+05:30,490.1633803351871,491.1105559493614,471.2198680517016,473.35101318359375,31986322,0.0,0.0
2020-03-17 00:00:00+05:30,477.37652201378086,478.3236976526971,452.1342970177646,461.79547119140625,42676838,0.0,0.0
2020-03-18 00:00:00+05:30,466.4839837531922,470.2726861593095,409.6534476614327,415.2891540527344,61181406,0.0,0.0
2020-03-19 00:00:00+05:30,401.12886944187676,435.67710547774163,376.502303667405,424.1215515136719,67220048,0.0,0.0
2020-03-20 00:00:00+05:30,414.3893115640694,433.1433762737958,390.4968020476459,418.1069641113281,88637464,0.0,0.0
2020-03-23 00:00:00+05:30,376.3128921030309,397.22180713467804,362.2947033776795,365.3966979980469,50276954,0.0,0.0
2020-03-24 00:00:00+05:30,376.62070252521124,383.6061226600706,349.86299150015697,363.5733642578125,61057272,0.0,0.0
2020-03-25 00:00:00+05:30,364.8757175147829,410.8137330098405,357.6771773468276,405.746337890625,47228042,0.0,0.0
2020-03-26 00:00:00+05:30,412.06877665250437,444.08333265034827,398.2873817820586,426.75,57043156,0.0,0.0
2020-03-27 00:00:00+05:30,447.51676062296764,468.2125515636953,413.01587488426924,428.3364562988281,55235936,0.0,0.0
2020-03-30 00:00:00+05:30,416.75727302870723,420.0723877005265,392.13070689519276,393.85931396484375,39268444,0.0,0.0
2020-03-31 00:00:00+05:30,404.3492547580676,413.72628734505696,396.8665733565511,408.1853332519531,35211092,0.0,0.0
2020-04-01 00:00:00+05:30,409.1088517184622,409.1088517184622,388.3420361059741,392.91217041015625,29103504,0.0,0.0
2020-04-03 00:00:00+05:30,399.23457175795204,399.70815962480606,383.6061721517689,385.4294738769531,34996280,0.0,0.0
2020-04-07 00:00:00+05:30,413.9157401505629,429.68620822188024,400.3474380216403,424.38201904296875,60412638,0.0,0.0
2020-04-08 00:00:00+05:30,416.73361219107665,447.5404944115309,410.1744034746511,420.97222900390625,56219352,0.0,0.0
2020-04-09 00:00:00+05:30,432.3856797751441,440.86291331760424,421.4931599122434,438.0924072265625,44457146,0.0,0.0
2020-04-13 00:00:00+05:30,442.33103680896863,448.3456080798709,419.6935441323949,424.02685546875,34158056,0.0,0.0
2020-04-15 00:00:00+05:30,440.6734653560616,440.6734653560616,399.23453121457277,408.8483581542969,57978752,0.0,0.0
2020-04-16 00:00:00+05:30,409.65343513282806,421.8246470213436,405.5095420028717,416.63885498046875,53854396,0.0,0.0
2020-04-17 00:00:00+05:30,433.33283252946575,435.7007715050366,420.1907712150475,431.1069641113281,55883462,0.0,0.0
2020-04-20 00:00:00+05:30,450.38202863591187,455.0942333496393,442.8046233171163,447.4694519042969,66232986,0.0,0.0
2020-04-21 00:00:00+05:30,438.06874645123276,442.33103695724475,430.0177532732101,436.48223876953125,33178006,0.0,0.0
2020-04-22 00:00:00+05:30,435.29826921581855,441.8574491550055,429.68623603919485,439.7736511230469,38289354,0.0,0.0
2020-04-23 00:00:00+05:30,442.8046029436081,453.93391649352765,432.1725508137539,452.252685546875,40901222,0.0,0.0
2020-04-24 00:00:00+05:30,441.8574412172651,453.8865835478693,438.54232643857176,444.2490539550781,33284568,0.0,0.0
2020-04-27 00:00:00+05:30,447.61152351828474,453.4129741043949,438.684376089416,440.2945861816406,27421072,0.0,0.0
2020-04-28 00:00:00+05:30,446.972203393988,446.972203393988,436.6479941295112,441.0997314453125,29441436,0.0,0.0
2020-04-29 00:00:00+05:30,442.80460969418954,470.1306325655098,442.3783690959177,462.7426452636719,55877778,0.0,0.0
2020-04-30 00:00:00+05:30,474.2508593129951,482.5859934672033,469.84646941798604,474.4402770996094,43793134,0.0,0.0
2020-05-04 00:00:00+05:30,453.46029940819045,454.64426885834234,434.5167882057595,437.12152099609375,26722324,0.0,0.0
2020-05-05 00:00:00+05:30,444.22536178957523,447.06688862405014,430.04140122638694,431.651611328125,29672858,0.0,0.0
2020-05-06 00:00:00+05:30,435.2272336099908,449.908456941775,428.90484738253866,448.20355224609375,33785846,0.0,0.0
2020-05-07 00:00:00+05:30,445.4093366633235,446.7353767542662,436.34011851196357,438.0687255859375,21831730,0.0,0.0
2020-05-08 00:00:00+05:30,446.11978526504026,447.0432874169139,438.16351462103336,439.98681640625,20807484,0.0,0.0
2020-05-11 00:00:00+05:30,443.75176755695486,451.8027601380309,432.8592481825579,433.7117004394531,28550784,0.0,0.0
2020-05-12 00:00:00+05:30,426.7026367214937,430.680786073331,412.5423489795209,426.9631042480469,49568418,0.0,0.0
2020-05-13 00:00:00+05:30,450.3819939418176,454.64428410530485,436.69529507686207,439.32373046875,44346966,0.0,0.0
2020-05-14 00:00:00+05:30,425.2818747852552,431.43851662513083,421.4931721145625,423.2454528808594,39554890,0.0,0.0
2020-05-15 00:00:00+05:30,421.7299241312722,422.62975248836386,414.3893134361181,420.61700439453125,24349628,0.0,0.0
2020-05-18 00:00:00+05:30,420.5459875978959,420.5459875978959,393.6935522032802,396.2272644042969,46649964,0.0,0.0
2020-05-19 00:00:00+05:30,407.68803988874686,410.7426869335507,391.2308640881771,393.3857116699219,47460692,0.0,0.0
2020-05-20 00:00:00+05:30,396.13253822530055,409.1798768985452,394.11978998824173,405.912109375,40014306,0.0,0.0
2020-05-21 00:00:00+05:30,407.97224666252146,418.65164657168174,403.63890640560027,407.0724182128906,48478908,0.0,0.0
2020-05-22 00:00:00+05:30,402.54965032024086,412.16347736443464,394.52233092393,397.2691345214844,42047432,0.0,0.0
2020-05-26 00:00:00+05:30,405.8647717604575,412.8501922779216,401.9576721489945,403.686279296875,38005152,0.0,0.0
2020-05-27 00:00:00+05:30,407.2382036862673,430.8702200526852,405.9358370990581,427.9576721191406,56025754,0.0,0.0
2020-05-28 00:00:00+05:30,435.7008120888158,449.908447265625,432.83561144259414,447.6589050292969,75488806,0.0,0.0
2020-05-29 00:00:00+05:30,447.0669218258737,452.2763880759633,437.334697476126,450.68988037109375,53025166,0.0,0.0
2020-06-01 00:00:00+05:30,461.74808616644845,471.21984178011917,457.5331433561633,467.7389831542969,39190230,0.0,0.0
2020-06-02 00:00:00+05:30,467.2890412512456,475.95569134234904,461.84278209658186,474.06134033203125,41623594,0.0,0.0
2020-06-03 00:00:00+05:30,483.05961043539065,495.49129158630143,480.90479148366785,484.12518310546875,50546088,0.0,0.0
2020-06-04 00:00:00+05:30,486.87196992255116,492.03403078925146,469.3728657021748,474.3929138183594,54275882,0.0,0.0
2020-06-05 00:00:00+05:30,475.0558969523371,493.6679200813478,474.91382639752493,489.3819274902344,35195984,0.0,0.0
2020-06-08 00:00:00+05:30,502.0030693611453,505.15243980188677,476.6187747745198,481.11785888671875,49812664,0.0,0.0
2020-06-09 00:00:00+05:30,483.05956946011673,486.25628719919104,463.9029366352295,467.5732421875,61844146,0.0,0.0
2020-06-10 00:00:00+05:30,468.8519319748906,473.5167603419333,463.2636015970991,469.7280578613281,36497730,0.0,0.0
2020-06-11 00:00:00+05:30,466.4840151026413,468.09422529565535,457.012258450811,458.7171630859375,30897714,0.0,0.0
2020-06-12 00:00:00+05:30,439.4894935687484,467.2654305596224,439.4894935687484,465.4184265136719,42644876,0.0,0.0
2020-06-15 00:00:00+05:30,458.43300217923496,461.27452905224675,446.5933068750192,449.8373718261719,32009936,0.0,0.0
2020-06-16 00:00:00+05:30,461.748117949204,470.72261279198466,450.85559824373564,469.0413818359375,45399970,0.0,0.0
2020-06-17 00:00:00+05:30,468.37834541840857,473.0668763129085,460.9193373897534,463.7608642578125,36957838,0.0,0.0
2020-06-18 00:00:00+05:30,464.11605003476484,485.38015409345786,460.32734758550146,483.035888671875,40870126,0.0,0.0
2020-06-19 00:00:00+05:30,482.08869292333486,493.9520611909721,479.34188954345046,489.3819274902344,47877752,0.0,0.0
2020-06-22 00:00:00+05:30,492.27079631298744,495.3491168924699,484.85916487645915,487.20343017578125,29694474,0.0,0.0
2020-06-23 00:00:00+05:30,492.0577425460753,494.89926945201995,481.4256902585646,493.62060546875,28830512,0.0,0.0
2020-06-24 00:00:00+05:30,496.55686737134437,500.81915807839454,487.8191945462986,488.9794616699219,39429246,0.0,0.0
2020-06-25 00:00:00+05:30,483.9593654349899,496.79358275032274,476.9028959290515,487.20343017578125,70646790,0.0,0.0
2020-06-26 00:00:00+05:30,493.0049295517514,503.4238617805108,486.8482877802117,500.32183837890625,39969138,0.0,0.0
2020-06-29 00:00:00+05:30,491.11061869299635,512.7062138929917,491.11061869299635,509.604248046875,46005956,0.0,0.0
2020-06-30 00:00:00+05:30,508.6332810624773,510.7881286085143,500.25080039283444,504.7735290527344,35746130,0.0,0.0
2020-07-01 00:00:00+05:30,504.77360897345386,519.0522945133749,502.6188188972583,513.6533813476562,34846718,0.0,0.0
2020-07-02 00:00:00+05:30,516.3528153006549,526.2744568521122,513.9374712071245,515.9265747070312,36954496,0.0,0.0
2020-07-03 00:00:00+05:30,517.6314592299118,518.9575281785096,506.738939959749,508.6095886230469,27597254,0.0,0.0
2020-07-06 00:00:00+05:30,524.7116072131548,530.3710164045095,520.9466071314738,522.3673706054688,35558216,0.0,0.0
2020-07-07 00:00:00+05:30,525.3983684647952,526.4875858251261,517.65521873679,523.3856201171875,24349850,0.0,0.0
2020-07-08 00:00:00+05:30,524.2616371373442,532.7388693903838,523.3144616411611,525.84814453125,30056350,0.0,0.0
2020-07-09 00:00:00+05:30,529.471221809998,535.0121765882539,524.3801523695173,532.7626342773438,20114484,0.0,0.0
2020-07-10 00:00:00+05:30,529.4237627937017,530.4182855168448,520.7334390530152,523.36181640625,17562978,0.0,0.0
2020-07-13 00:00:00+05:30,525.6351526699472,527.1032634047384,507.35467369538213,511.59326171875,29922114,0.0,0.0
2020-07-14 00:00:00+05:30,503.2344199505109,506.21804642380647,497.26722481493465,501.4584655761719,26612674,0.0,0.0
2020-07-15 00:00:00+05:30,506.8336709933505,511.0012670090253,497.3145672016317,498.759033203125,20974394,0.0,0.0
2020-07-16 00:00:00+05:30,498.9958112918797,504.6078153200504,489.7371464128929,503.21075439453125,23662456,0.0,0.0
2020-07-17 00:00:00+05:30,501.553210316007,522.8409599731156,501.1980194464601,520.2125244140625,28405738,0.0,0.0
2020-07-20 00:00:00+05:30,537.522228097427,545.9994624639867,532.3838113117391,536.5987548828125,65124096,0.0,0.0
2020-07-21 00:00:00+05:30,545.5968039227769,548.3909254676531,537.0485217007565,539.203369140625,47512422,0.0,0.0
2020-07-22 00:00:00+05:30,539.1797013815561,542.0212281345551,529.2580602600719,533.4255981445312,24718012,0.0,0.0
2020-07-23 00:00:00+05:30,532.7863638911185,541.7371863666934,528.6424699497431,535.34375,20149122,0.0,0.0
2020-07-24 00:00:00+05:30,531.7917220922633,531.7917220922633,521.5385352402088,529.9920654296875,19598440,0.0,0.0
2020-07-27 00:00:00+05:30,520.8755063164347,522.3673193800389,509.27260574996956,511.2380065917969,37970094,0.0,0.0
2020-07-28 00:00:00+05:30,511.001308830975,518.2945735498025,501.766345418367,514.624267578125,35596450,0.0,0.0
2020-07-29 00:00:00+05:30,511.9484003812318,515.5003088020081,499.89561426446784,504.1815490722656,33592086,0.0,0.0
2020-07-30 00:00:00+05:30,508.6333376902901,513.2034718863025,495.7043665966615,497.5750732421875,26956266,0.0,0.0
2020-07-31 00:00:00+05:30,500.9138114020133,500.9138114020133,483.08324741798464,489.12152099609375,37726696,0.0,0.0
2020-08-03 00:00:00+05:30,485.87737777143593,486.3509655689854,470.27268296658633,474.53497314453125,31783542,0.0,0.0
2020-08-04 00:00:00+05:30,477.3765030855376,502.50035903602105,475.0085640821371,493.312744140625,60306168,0.0,0.0
2020-08-05 00:00:00+05:30,496.2963382556168,500.0140489319608,483.0595816667043,486.63519287109375,33221360,0.0,0.0
2020-08-06 00:00:00+05:30,491.11057166842573,499.63515246884197,486.0195025792882,492.8628234863281,33646888,0.0,0.0
2020-08-07 00:00:00+05:30,490.0923543054588,495.94115244366236,483.34372772806677,494.3546447753906,24836784,0.0,0.0
2020-08-10 00:00:00+05:30,494.4257025592764,503.89745931328554,494.3310081161424,497.5750732421875,22172854,0.0,0.0
2020-08-11 00:00:00+05:30,496.55683522207664,507.2125612998036,496.55683522207664,505.1524658203125,20136148,0.0,0.0
2020-08-12 00:00:00+05:30,504.371058420924,504.8446462692065,496.3200650001205,503.75537109375,20666432,0.0,0.0
2020-08-13 00:00:00+05:30,505.768046615024,507.3782566295072,500.3454896574793,501.55316162109375,19892740,0.0,0.0
2020-08-14 00:00:00+05:30,504.7972645640739,504.7972645640739,486.51678643130293,489.90289306640625,20924512,0.0,0.0
2020-08-17 00:00:00+05:30,495.84643510362764,495.84643510362764,483.15428762706193,489.0978088378906,19561012,0.0,0.0
2020-08-18 00:00:00+05:30,486.84823777378875,502.78447813082306,484.00671109417516,500.3454895019531,24040824,0.0,0.0
2020-08-19 00:00:00+05:30,504.3710247176938,506.6442693619533,500.2271313221259,505.1287536621094,17715624,0.0,0.0
2020-08-20 00:00:00+05:30,499.6114870686369,506.24171707262065,498.21442601363316,501.529541015625,19216734,0.0,0.0
2020-08-21 00:00:00+05:30,504.56048129086855,515.6424479794565,504.1815879057319,514.150634765625,28924302,0.0,0.0
2020-08-24 00:00:00+05:30,514.3163762281067,531.8154231788657,514.1506320521144,529.0213012695312,36779740,0.0,0.0
2020-08-25 00:00:00+05:30,529.9446957792255,533.7333978044568,523.8827494144534,530.2761840820312,27601738,0.0,0.0
2020-08-26 00:00:00+05:30,530.8918760072479,535.9829443989321,525.4456167975393,529.6842041015625,25190062,0.0,0.0
2020-08-27 00:00:00+05:30,533.1651897600997,535.1068882558171,523.906524774149,526.677001953125,20645996,0.0,0.0
2020-08-28 00:00:00+05:30,526.6059875241332,532.7863321009106,518.5786965782196,527.8136596679688,38696610,0.0,0.0
2020-08-31 00:00:00+05:30,534.9174270102438,544.0576947927252,521.2780750696418,528.4529418945312,38501166,0.0,0.0
2020-09-01 00:00:00+05:30,534.2070376515376,541.5949957589843,524.7352816648081,533.8755493164062,28877884,0.0,0.0
2020-09-02 00:00:00+05:30,532.3601087623225,539.4165795299666,530.7498984552532,537.1196899414062,19761682,0.0,0.0
2020-09-03 00:00:00+05:30,538.5877152462028,542.7079059029746,534.2070281800104,535.5804443359375,19833362,0.0,0.0
2020-09-04 00:00:00+05:30,525.682402790353,532.9756657065822,523.030322951089,530.0867919921875,23661370,0.0,0.0
2020-09-07 00:00:00+05:30,528.6660828453123,530.1815406768401,520.4729908029005,525.9192504882812,17615466,0.0,0.0
2020-09-08 00:00:00+05:30,527.5768577194156,529.8501024928822,522.3673914403189,526.8427734375,14624918,0.0,0.0
2020-09-09 00:00:00+05:30,521.4201464776954,525.6824365033987,516.8026656165168,519.2890014648438,15728872,0.0,0.0
2020-09-10 00:00:00+05:30,522.3673363118392,523.2434621677486,513.369168233938,516.47119140625,15188088,0.0,0.0
2020-09-11 00:00:00+05:30,519.2653697291756,523.2435191909366,507.2125821936125,510.8355407714844,20794730,0.0,0.0
2020-09-14 00:00:00+05:30,515.2635327342759,518.1050595692076,498.3801158945213,501.0321960449219,21650590,0.0,0.0
2020-09-15 00:00:00+05:30,505.7917690286008,509.6515211503377,501.10323825911115,506.9757385253906,16505110,0.0,0.0
2020-09-16 00:00:00+05:30,506.83372171231315,519.0523120361113,505.9575957040182,517.9393920898438,18710112,0.0,0.0
2020-09-17 00:00:00+05:30,513.3692562824361,518.1051350304291,510.5277290336404,513.1798095703125,18318686,0.0,0.0
2020-09-18 00:00:00+05:30,517.1578690147392,517.2525634487629,495.94111280255106,500.7243957519531,23481778,0.0,0.0
2020-09-21 00:00:00+05:30,499.6351267865274,507.3782757200217,493.2416915148514,496.9356994628906,19842878,0.0,0.0
2020-09-22 00:00:00+05:30,499.18523764552447,501.126936039716,487.55863417247144,490.3528137207031,18620678,0.0,0.0
2020-09-23 00:00:00+05:30,495.37282849473695,499.6351186060683,489.85551917731163,495.9648132324219,16079828,0.0,0.0
2020-09-24 00:00:00+05:30,491.5841803560392,495.8464709371609,485.42753840553,487.98492431640625,19809510,0.0,0.0
2020-09-25 00:00:00+05:30,497.2672473425153,498.19072053460155,485.73539464491853,494.42572021484375,20321544,0.0,0.0
2020-09-28 00:00:00+05:30,496.7699200515837,501.52950076111574,493.78635147587335,499.2562561035156,16152422,0.0,0.0
2020-09-29 00:00:00+05:30,501.0559067185484,506.69161326180074,497.74079202381324,503.21075439453125,12644446,0.0,0.0
2020-09-30 00:00:00+05:30,502.0031064212992,514.7426307785333,498.21440373132714,510.81182861328125,18813842,0.0,0.0
2020-10-01 00:00:00+05:30,516.2580334501458,525.6824419445059,516.2580334501458,524.2379760742188,21203080,0.0,0.0
2020-10-05 00:00:00+05:30,526.6297557553029,536.1015139523407,526.156167845451,527.74267578125,16940126,0.0,0.0
2020-10-06 00:00:00+05:30,537.5458522321513,543.6787910802993,533.3545539789349,541.831787109375,19371990,0.0,0.0
2020-10-07 00:00:00+05:30,542.210692302306,551.6587459363651,538.7534781835764,550.4274291992188,21248778,0.0,0.0
2020-10-08 00:00:00+05:30,558.8336375702047,569.7261576245393,550.9483886643206,564.4219970703125,35060674,0.0,0.0
2020-10-09 00:00:00+05:30,568.7789683314858,585.8281297469175,564.350933803847,584.1942749023438,44972388,0.0,0.0
2020-10-12 00:00:00+05:30,583.247069481048,588.5512296372209,570.9574315684628,574.7698364257812,19220546,0.0,0.0
2020-10-13 00:00:00+05:30,574.6514615247294,578.9373965283816,565.9374342386844,567.5712890625,18353952,0.0,0.0
2020-10-14 00:00:00+05:30,566.1980055233097,575.0777781551355,556.7025455312693,573.751708984375,22582918,0.0,0.0
2020-10-15 00:00:00+05:30,575.0303662916343,576.3564354466505,551.2562784387027,553.7426147460938,28246896,0.0,0.0
2020-10-16 00:00:00+05:30,558.8336455446905,569.9629596720636,555.5185306982389,567.99755859375,25822848,0.0,0.0
2020-10-19 00:00:00+05:30,584.8809468387893,584.8809468387893,564.8008120814739,569.9866333007812,42359556,0.0,0.0
2020-10-20 00:00:00+05:30,571.8572699084973,581.281678713912,571.0995409888332,579.6477661132812,27411978,0.0,0.0
2020-10-21 00:00:00+05:30,582.7971833858658,592.4583868682222,578.5822400545762,590.4219360351562,35640752,0.0,0.0
2020-10-22 00:00:00+05:30,587.2251180091838,591.9846981063613,579.1978286272638,584.0758056640625,21913060,0.0,0.0
2020-10-23 00:00:00+05:30,588.9064910130453,591.2507277442996,583.081337338208,585.2598876953125,15866230,0.0,0.0
2020-10-26 00:00:00+05:30,582.4183510706442,588.1960996171958,570.4839027686133,573.467529296875,19571976,0.0,0.0
2020-10-27 00:00:00+05:30,580.6185567469563,585.3544340450554,567.2870505906068,583.9810180664062,24317780,0.0,0.0
2020-10-28 00:00:00+05:30,581.5658339559128,583.4601852065834,569.0157569202192,572.851806640625,16571186,0.0,0.0
2020-10-29 00:00:00+05:30,568.5894962307826,570.4127976829093,558.1232175029422,562.243408203125,23060024,0.0,0.0
2020-10-30 00:00:00+05:30,560.0413047538221,567.973900810896,557.1050255565358,560.514892578125,11522716,0.0,0.0
2020-11-02 00:00:00+05:30,565.6295910686702,580.1450690524712,557.6496480075795,575.527587890625,21926080,0.0,0.0
2020-11-03 00:00:00+05:30,580.8318375389686,592.3400462511466,580.3819521733202,591.0139770507812,28164230,0.0,0.0
2020-11-04 00:00:00+05:30,592.9319331329635,598.9938801743824,582.5130014005952,595.4893188476562,23404822,0.0,0.0
2020-11-05 00:00:00+05:30,599.5621179411627,604.2979956500186,593.0976333063729,601.0775756835938,21433928,0.0,0.0
2020-11-06 00:00:00+05:30,599.6805625400184,620.4000291628225,599.3253716836275,619.287109375,35705724,0.0,0.0
2020-11-09 00:00:00+05:30,622.8626069068144,637.4254307157104,622.8626069068144,634.8681030273438,26288440,0.0,0.0
2020-11-10 00:00:00+05:30,642.6586806298552,660.6550180387974,640.0776500995573,660.0156860351562,41517356,0.0,0.0
2020-11-11 00:00:00+05:30,662.9756001906362,670.0320702645637,649.0521067328153,658.2633666992188,36116194,0.0,0.0
2020-11-12 00:00:00+05:30,652.3197851825893,657.6003002120964,644.0793466848613,649.6203002929688,27053948,0.0,0.0
2020-11-13 00:00:00+05:30,648.2470477549742,648.2470477549742,637.9228098899588,643.5111694335938,22472480,0.0,0.0
2020-11-14 00:00:00+05:30,647.7734471589163,651.1595538431708,646.542072570809,648.6732177734375,1835066,0.0,0.0
2020-11-17 00:00:00+05:30,656.2980617830259,668.9901814015474,653.8353702909427,667.0247802734375,31059900,0.0,0.0
2020-11-18 00:00:00+05:30,664.4436392500219,672.0210435465297,662.5729906887243,667.14306640625,18862776,0.0,0.0
2020-11-19 00:00:00+05:30,658.14492720945,662.7624081519232,647.8680953131696,650.8753662109375,20266882,0.0,0.0
2020-11-20 00:00:00+05:30,650.0703041043771,667.0010679250034,646.4710483928237,664.7515258789062,20405362,0.0,0.0
2020-11-23 00:00:00+05:30,670.1267175383426,674.2232634515739,651.3489502514798,660.4655151367188,25246636,0.0,0.0
2020-11-24 00:00:00+05:30,666.8116839168157,684.3344341333797,663.9938593712611,681.114013671875,40154400,0.0,0.0
2020-11-25 00:00:00+05:30,687.3179445258476,693.5219326676075,661.6021058346439,664.3489379882812,24152602,0.0,0.0
2020-11-26 00:00:00+05:30,670.1267335648304,678.1777261235598,656.8662752328055,675.64404296875,27943126,0.0,0.0
2020-11-27 00:00:00+05:30,678.0830226949529,684.8079462068822,670.3872210864731,682.3689575195312,17994580,0.0,0.0
2020-12-01 00:00:00+05:30,682.3689490895632,686.2287011031041,675.0993881452553,678.7933959960938,17147574,0.0,0.0
2020-12-02 00:00:00+05:30,677.7041407514697,678.0830341152878,660.5602855423987,666.3143310546875,17892150,0.0,0.0
2020-12-03 00:00:00+05:30,676.7570322500701,678.1777957887336,650.7334032246226,652.2251586914062,37933222,0.0,0.0
2020-12-04 00:00:00+05:30,654.0247547427127,663.7096021718844,650.3781517907096,656.2032470703125,26912322,0.0,0.0
2020-12-07 00:00:00+05:30,651.1831646691821,653.527400937589,643.1795200285017,649.8807983398438,24316318,0.0,0.0
2020-12-08 00:00:00+05:30,651.1832019175762,657.718736450316,646.518373815132,651.7988891601562,19457896,0.0,0.0
2020-12-09 00:00:00+05:30,652.1304703281169,667.7825719160998,651.2069971437802,666.4328002929688,22069074,0.0,0.0
2020-12-10 00:00:00+05:30,662.0757587301833,663.9701099711853,651.5384299521099,656.3216552734375,19727966,0.0,0.0
2020-12-11 00:00:00+05:30,658.3107699836195,660.6550065599108,650.2360745568154,654.8772583007812,21356384,0.0,0.0
2020-12-14 00:00:00+05:30,654.9719735588316,657.3399127257109,647.8681560581934,649.8335571289062,17222050,0.0,0.0
2020-12-15 00:00:00+05:30,653.9300382066189,660.6312591314887,646.9209158475564,658.9027099609375,21561436,0.0,0.0
2020-12-16 00:00:00+05:30,664.9173166786283,670.9792640576541,660.4182322709024,668.09033203125,16832092,0.0,0.0
2020-12-17 00:00:00+05:30,671.831637116775,684.3343665170745,665.1540607427205,682.8189086914062,21924478,0.0,0.0
2020-12-18 00:00:00+05:30,679.5984953959074,681.8243349393504,666.0065486123938,668.3981323242188,22995918,0.0,0.0
2020-12-21 00:00:00+05:30,671.3107770346853,674.3180483184574,647.2524911424747,650.0703735351562,23761824,0.0,0.0
2020-12-22 00:00:00+05:30,655.8244596437975,655.8244596437975,636.9756406113383,650.283447265625,22851558,0.0,0.0
2020-12-23 00:00:00+05:30,647.6313366151035,654.0010695985399,644.5767183346328,651.4910888671875,15467394,0.0,0.0
2020-12-24 00:00:00+05:30,658.0028723203482,664.9172423380148,652.130372293053,661.6494750976562,14952188,0.0,0.0
2020-12-28 00:00:00+05:30,665.3908677908984,672.9682726910083,664.9172799846416,669.1085205078125,11699194,0.0,0.0
2020-12-29 00:00:00+05:30,672.9919612810602,679.4800909681309,672.4946709703752,675.9044799804688,14495346,0.0,0.0
2020-12-30 00:00:00+05:30,681.9191122043819,681.9191122043819,669.1795883098822,678.41455078125,16216726,0.0,0.0
2020-12-31 00:00:00+05:30,679.5985460859396,683.8608366188828,674.8863702322585,680.2142333984375,22145750,0.0,0.0
2021-01-01 00:00:00+05:30,681.9664673920958,683.3872308658292,672.7788520330828,674.8863525390625,8810938,0.0,0.0
2021-01-04 00:00:00+05:30,681.0193356443933,681.0193356443933,662.549409295206,670.6004028320312,15740192,0.0,0.0
2021-01-05 00:00:00+05:30,672.1158159334071,677.5857784188031,667.2852432584963,675.667724609375,14386824,0.0,0.0
2021-01-06 00:00:00+05:30,679.5985087322957,681.9664477871121,669.2269241099976,672.7551879882812,22134050,0.0,0.0
2021-01-07 00:00:00+05:30,678.4144903386681,678.4618375541515,668.9664373148993,670.7186889648438,19894842,0.0,0.0
2021-01-08 00:00:00+05:30,678.1778291530658,682.9137078482687,673.9628855521313,678.0120849609375,13768764,0.0,0.0
2021-01-11 00:00:00+05:30,686.7022978773078,693.7587675349387,680.2141682562502,687.3889770507812,17331392,0.0,0.0
2021-01-12 00:00:00+05:30,687.862529995965,704.5564988055578,686.2760225365455,701.3834838867188,20388156,0.0,0.0
2021-01-13 00:00:00+05:30,707.019262506273,708.9136137714456,692.4327346400382,696.48193359375,16934650,0.0,0.0
2021-01-14 00:00:00+05:30,696.7186534504991,704.6985957446808,689.5437872340425,695.58203125,12297166,0.0,0.0
2021-01-15 00:00:00+05:30,695.7479136170566,696.9555857845563,684.3344577523865,694.587646484375,14165236,0.0,0.0
2021-01-18 00:00:00+05:30,696.1267159476713,711.731410769727,694.7532997710615,702.3780517578125,42825632,0.0,0.0
2021-01-19 00:00:00+05:30,706.4983186612751,715.8990251352752,694.7533178392471,712.2050170898438,17360254,0.0,0.0
2021-01-20 00:00:00+05:30,710.8553078986365,710.8553078986365,703.751490697784,706.593017578125,13346052,0.0,0.0
2021-01-21 00:00:00+05:30,706.5930756304524,707.7059955211522,695.2980169153192,698.4473876953125,26333054,0.0,0.0
2021-01-22 00:00:00+05:30,695.1795566696569,695.1795566696569,682.0374949646825,683.647705078125,15392364,0.0,0.0
2021-01-25 00:00:00+05:30,693.853536512856,701.3835947711163,689.1413606041951,692.7879638671875,20344718,0.0,0.0
2021-01-27 00:00:00+05:30,695.2269379463488,697.073942054867,665.9355420753217,667.5693969726562,23556276,0.0,0.0
2021-01-28 00:00:00+05:30,658.2397444156159,663.6386573049136,635.5548755229009,649.5020141601562,42704446,0.0,0.0
2021-01-29 00:00:00+05:30,658.9264028315245,667.1668424746923,646.2105814067206,658.5238647460938,28704502,0.0,0.0
2021-02-01 00:00:00+05:30,667.8771996524747,702.0939184433921,663.4965124716306,699.3707885742188,26370544,0.0,0.0
2021-02-02 00:00:00+05:30,710.8553173311757,747.5583733559366,709.1504127425507,739.0574951171875,42420206,0.0,0.0
2021-02-03 00:00:00+05:30,747.7950757482388,749.0737395804673,730.2723285647778,745.8060302734375,20237254,0.0,0.0
2021-02-04 00:00:00+05:30,741.6384797696535,752.0574111584991,730.9590519716828,747.8424682617188,24484684,0.0,0.0
2021-02-05 00:00:00+05:30,733.1139377693545,766.3834817798823,733.1139377693545,756.6038818359375,27054716,0.0,0.0
2021-02-08 00:00:00+05:30,767.2122882010688,772.7295980086683,755.7040807536468,760.2268676757812,17447580,0.0,0.0
2021-02-09 00:00:00+05:30,762.4764131313533,771.0009941477288,751.4417934690837,763.3525390625,18421366,0.0,0.0
2021-02-10 00:00:00+05:30,761.6949586277138,764.7732794572811,742.1121138356696,749.0975341796875,19788006,0.0,0.0
2021-02-11 00:00:00+05:30,749.2159471102909,756.698657949199,740.7860606113193,744.6458129882812,13648618,0.0,0.0
2021-02-12 00:00:00+05:30,745.3798525902982,754.1885741389179,744.9536120066047,749.1921997070312,9910106,0.0,0.0
2021-02-15 00:00:00+05:30,757.7878518274786,769.5801999926454,756.1776416929837,765.60205078125,10355244,0.0,0.0
2021-02-16 00:00:00+05:30,767.7804841834933,777.1575453320123,761.7422400012975,770.361572265625,13897358,0.0,0.0
2021-02-17 00:00:00+05:30,767.2122372237433,768.0647183895073,749.6894885957936,751.3470458984375,12794426,0.0,0.0
2021-02-18 00:00:00+05:30,760.5582975853896,760.5582975853896,733.1139079415677,736.0975341796875,14720560,0.0,0.0
2021-02-19 00:00:00+05:30,731.6931664576377,740.7860292853279,726.0101127375784,728.8989868164062,17139508,0.0,0.0
2021-02-22 00:00:00+05:30,731.7168307594127,745.3798268023176,729.0646929130805,733.1138916015625,29451838,0.0,0.0
2021-02-23 00:00:00+05:30,735.8370154397809,737.7076640521351,721.1084469986505,724.186767578125,18239906,0.0,0.0
2021-02-24 00:00:00+05:30,722.931841154258,764.3470748323017,718.0775657714667,760.795166015625,14314332,0.0,0.0
2021-02-25 00:00:00+05:30,762.3579920072215,774.908069216845,758.6876864081806,760.771484375,20109570,0.0,0.0
2021-02-26 00:00:00+05:30,751.6076299528344,752.4837559241885,720.327128941141,726.6732177734375,27912846,0.0,0.0
2021-03-01 00:00:00+05:30,740.6913483244873,744.7405472981088,729.6567290261943,738.2760620117188,13536018,0.0,0.0
2021-03-02 00:00:00+05:30,746.2323286853281,751.8206882642336,734.5347322820953,742.680419921875,16110038,0.0,0.0
2021-03-03 00:00:00+05:30,750.1631036638017,755.8461574794367,741.1649351223799,751.5128173828125,11222410,0.0,0.0
2021-03-04 00:00:00+05:30,733.3744859871274,744.0065100625322,728.8990461317771,735.0320434570312,16291438,0.0,0.0
2021-03-05 00:00:00+05:30,725.0629432827818,731.9773138054445,720.3744123616639,724.58935546875,17445822,0.0,0.0
2021-03-08 00:00:00+05:30,730.2724872073204,736.4291294470709,716.301645201733,719.6167602539062,15117050,0.0,0.0
2021-03-09 00:00:00+05:30,731.693291015625,741.4965372271538,728.4965727539062,739.9810791015625,15066696,0.0,0.0
2021-03-10 00:00:00+05:30,744.4799810179977,745.9007443405512,735.0792752626375,736.7841796875,11055016,0.0,0.0
2021-03-12 00:00:00+05:30,757.7404748656829,757.7404748656829,726.9809705885083,734.9845581054688,15631204,0.0,0.0
2021-03-15 00:00:00+05:30,733.3034332122131,733.3034332122131,717.6276870525,723.9500732421875,12230386,0.0,0.0
2021-03-16 00:00:00+05:30,725.0155744712979,729.5146585706096,715.1175778906098,716.1358032226562,13722366,0.0,0.0
2021-03-17 00:00:00+05:30,721.8661411470307,728.8515605873579,705.7404548400427,708.179443359375,21064428,0.0,0.0
2021-03-18 00:00:00+05:30,715.9463931517981,720.8243708649012,701.4546172951518,706.1194458007812,18065540,0.0,0.0
2021-03-19 00:00:00+05:30,703.2779062108723,715.6858838559789,698.0921427541265,709.19775390625,21235020,0.0,0.0
2021-03-22 00:00:00+05:30,707.9664936714229,707.9664936714229,691.6277127277023,695.7716064453125,14015632,0.0,0.0
2021-03-23 00:00:00+05:30,696.1740748748355,713.9099150865279,695.7478342871996,710.4527587890625,19761428,0.0,0.0
2021-03-24 00:00:00+05:30,706.0720757291848,713.4363314696999,696.6476667715011,700.3416748046875,16368900,0.0,0.0
2021-03-25 00:00:00+05:30,705.7405405403921,708.2742816057414,686.8207304085842,693.0247192382812,23964356,0.0,0.0
2021-03-26 00:00:00+05:30,707.5401996278873,709.9081387163341,698.0684432741003,706.2615356445312,12021258,0.0,0.0
2021-03-30 00:00:00+05:30,713.5311419893512,740.0047142264807,711.1158555293341,735.8134155273438,25607644,0.0,0.0
2021-03-31 00:00:00+05:30,733.1138735831643,733.1138735831643,704.6986071652121,707.3743896484375,30774506,0.0,0.0
2021-04-01 00:00:00+05:30,710.0975869218903,710.0975869218903,693.8061543963869,704.106689453125,35763762,0.0,0.0
2021-04-05 00:00:00+05:30,700.9098971016974,703.2778359432572,677.7040964544115,686.5128173828125,16006586,0.0,0.0
2021-04-06 00:00:00+05:30,691.4382599253059,692.6932792880586,678.4856438101414,682.0848999023438,15075734,0.0,0.0
2021-04-07 00:00:00+05:30,681.6349234429235,689.8753046696546,673.2287402423026,685.376220703125,25088180,0.0,0.0
2021-04-08 00:00:00+05:30,688.123091309579,691.8644465891563,677.4673655322455,678.556640625,17613592,0.0,0.0
2021-04-09 00:00:00+05:30,675.3362345728195,678.5566548887363,670.1741157477531,673.323486328125,28157816,0.0,0.0
2021-04-12 00:00:00+05:30,659.7078551379362,662.54938215217,640.7643417097112,647.4182739257812,22549128,0.0,0.0
2021-04-13 00:00:00+05:30,647.8681060041231,666.0775336661652,644.5529914266166,663.1886596679688,18600682,0.0,0.0
2021-04-15 00:00:00+05:30,665.3909109555909,680.4036222634213,658.7606812378839,677.2779541015625,34444984,0.0,0.0
2021-04-16 00:00:00+05:30,679.5748161245511,684.3343968185246,674.1522587343736,676.5912475585938,15606526,0.0,0.0
2021-04-19 00:00:00+05:30,658.2870080077744,671.4053662659722,649.9045275050281,668.8953857421875,24069242,0.0,0.0
2021-04-20 00:00:00+05:30,674.8625491726915,675.5255835902201,655.421748754578,658.9500122070312,23186270,0.0,0.0
2021-04-22 00:00:00+05:30,653.551168270815,675.7151005800558,649.3125805575211,673.6786499023438,38485312,0.0,0.0
2021-04-23 00:00:00+05:30,667.2852542707776,679.4090911892929,663.1176582311249,669.7242431640625,22713528,0.0,0.0
2021-04-26 00:00:00+05:30,669.179600676809,676.7570059215569,664.3253254418922,665.2962036132812,30170952,0.0,0.0
2021-04-27 00:00:00+05:30,666.4564553260143,682.9136319631285,665.2961882990259,681.3507690429688,20592906,0.0,0.0
2021-04-28 00:00:00+05:30,680.1904622383832,700.4363402266798,677.7041263450838,699.3944702148438,24103940,0.0,0.0
2021-04-29 00:00:00+05:30,703.8461003286831,712.1102413631912,691.9117119936466,697.3579711914062,24078552,0.0,0.0
2021-04-30 00:00:00+05:30,684.3343192248765,688.5019146739703,666.5747780685216,668.8480224609375,35232902,0.0,0.0
2021-05-03 00:00:00+05:30,659.7078363110799,673.394535934582,652.2725306270976,669.8662719726562,22473700,0.0,0.0
2021-05-04 00:00:00+05:30,667.7350382400332,673.9153816245907,655.113970700858,657.5055541992188,21486328,0.0,0.0
2021-05-05 00:00:00+05:30,663.4965435023666,667.5693872393219,654.3562753461298,664.2542724609375,14421612,0.0,0.0
2021-05-06 00:00:00+05:30,666.6222341637894,668.1377499432683,660.6550389228186,663.44921875,11477044,0.0,0.0
2021-05-07 00:00:00+05:30,669.1558806243075,674.8389344089317,667.8772166471722,670.0083618164062,12048334,0.0,0.0
2021-05-10 00:00:00+05:30,675.809748103648,677.2305114143073,669.0848248909298,672.423583984375,11060050,0.0,0.0
2021-05-11 00:00:00+05:30,661.128612382698,674.4837660986876,660.678727067445,664.7042236328125,14519034,0.0,0.0
2021-05-12 00:00:00+05:30,662.9044687176398,667.0957088419191,657.7423505585303,662.7860717773438,13774926,0.0,0.0
2021-05-14 00:00:00+05:30,660.3471355409549,662.5019831493979,654.664081956677,656.7952270507812,10604142,0.0,0.0
2021-05-17 00:00:00+05:30,660.7260994627449,683.1978197859106,654.166919312643,682.0848999023438,15120692,0.0,0.0
2021-05-18 00:00:00+05:30,690.9408628719897,702.2122750684749,689.0702142806481,699.3470458984375,22165280,0.0,0.0
2021-05-19 00:00:00+05:30,696.2688083859091,700.3653547002302,687.9100293890692,690.5857543945312,10130916,0.0,0.0
2021-05-20 00:00:00+05:30,690.6567745433202,694.2323856507859,676.5201899075936,678.556640625,10684184,0.0,0.0
2021-05-21 00:00:00+05:30,683.3871869956029,711.2815196347564,683.3871869956029,709.10302734375,19341646,0.0,0.0
2021-05-24 00:00:00+05:30,711.9209177142021,720.06660540615,709.6713754829415,715.0939331054688,22146102,0.0,0.0
2021-05-25 00:00:00+05:30,715.354314675395,716.8934749022702,696.4108041907768,700.41259765625,19236974,0.0,0.0
2021-05-26 00:00:00+05:30,700.9100004512399,704.225115318239,696.1741220698126,699.512939453125,12283990,0.0,0.0
2021-05-27 00:00:00+05:30,697.6422519596574,705.172310355068,692.5985297827585,702.1650390625,20439496,0.0,0.0
2021-05-28 00:00:00+05:30,706.0720111591569,716.5382892146984,700.3179082460247,712.0155029296875,17750020,0.0,0.0
2021-05-31 00:00:00+05:30,710.3817063881385,719.6166685711843,704.461858834904,717.8880615234375,15661054,0.0,0.0
2021-06-01 00:00:00+05:30,719.9955698673149,723.168585066384,713.8152258292779,715.9226684570312,11030162,0.0,0.0
2021-06-02 00:00:00+05:30,715.1175888548506,715.2122832918838,707.0665961326437,712.2760620117188,10624016,0.0,0.0
2021-06-03 00:00:00+05:30,714.1704026204795,722.1976927085534,704.5802496675188,720.1139526367188,10287260,0.0,0.0
2021-06-04 00:00:00+05:30,717.959185353156,720.1613804324387,710.0028862960756,710.8316650390625,9424476,0.0,0.0
2021-06-07 00:00:00+05:30,715.1175968039121,717.0119480537238,708.4873674295712,710.3106689453125,8091668,0.0,0.0
2021-06-08 00:00:00+05:30,708.7479898271715,710.9975323361676,701.6204688584695,702.3545532226562,9872540,0.0,0.0
2021-06-09 00:00:00+05:30,702.7570287371487,711.3289573399608,697.1450242244664,701.0521240234375,10223442,0.0,0.0
2021-06-10 00:00:00+05:30,701.9045201388227,705.1722877692647,697.9027260492259,701.4072875976562,11483540,0.0,0.0
2021-06-11 00:00:00+05:30,706.1194312271526,708.7478667213167,701.4072555985663,703.917236328125,7205974,0.0,0.0
2021-06-14 00:00:00+05:30,700.0811928397461,703.7514984338662,692.645887212192,700.6494750976562,8881964,0.0,0.0
2021-06-15 00:00:00+05:30,703.7515338961059,708.4874123207096,698.4473731849562,705.7642822265625,7569602,0.0,0.0
2021-06-16 00:00:00+05:30,704.6987112068459,707.5402382681639,700.0101799934681,703.0885009765625,7702098,0.0,0.0
2021-06-17 00:00:00+05:30,694.279801213809,700.3180464153616,691.4382740601372,694.3271484375,9283802,0.0,0.0
2021-06-18 00:00:00+05:30,695.9372691383855,705.6458189970701,689.0702460676088,700.8152465820312,11938060,0.0,0.0
2021-06-21 00:00:00+05:30,692.0775362938388,706.4983198306301,690.9646164997872,705.0301513671875,7260472,0.0,0.0
2021-06-22 00:00:00+05:30,708.960992086573,714.17045829429,700.909998856465,702.7096557617188,14366824,0.0,0.0
2021-06-23 00:00:00+05:30,705.645854671328,709.3398628067645,700.2469419391567,703.5147094726562,7844868,0.0,0.0
2021-06-24 00:00:00+05:30,705.6458725038901,716.7514840843272,704.6986968360997,713.3416748046875,14785024,0.0,0.0
2021-06-25 00:00:00+05:30,715.6384857861468,720.8006041719187,713.696787442235,717.5328369140625,10383176,0.0,0.0
2021-06-28 00:00:00+05:30,719.8534913437187,721.2742548134761,712.749673994932,714.336181640625,9356786,0.0,0.0
2021-06-29 00:00:00+05:30,716.7857178673613,717.3564596471477,709.722512551715,714.4313354492188,10971692,3.25,0.0
2021-06-30 00:00:00+05:30,712.5050106362283,717.7370233979096,710.6500126812062,712.4574584960938,9679022,0.0,0.0
2021-07-01 00:00:00+05:30,714.4074629441578,714.4074629441578,705.3703512291518,707.1539916992188,16911442,0.0,0.0
2021-07-02 00:00:00+05:30,706.321710020015,708.3431694594663,702.516609898695,704.1337890625,14827036,0.0,0.0
2021-07-05 00:00:00+05:30,708.6760470569808,715.5965956833905,706.1076510887453,711.2920532226562,7373882,0.0,0.0
2021-07-06 00:00:00+05:30,712.029365240718,732.4817785375456,711.5537277221872,729.9608764648438,17669032,0.0,0.0
2021-07-07 00:00:00+05:30,729.627951175681,735.0264253821098,726.6314115936917,732.2439575195312,9629190,0.0,0.0
2021-07-08 00:00:00+05:30,725.3471571573934,731.3877299302179,719.853521037715,723.1829833984375,8420922,0.0,0.0
2021-07-09 00:00:00+05:30,719.4255920989655,721.0665184051472,712.2672238203879,714.4075927734375,10695842,0.0,0.0
2021-07-12 00:00:00+05:30,714.4075732356201,714.4075732356201,705.8460976575634,707.2730102539062,14458978,0.0,0.0
2021-07-13 00:00:00+05:30,711.6013267639684,716.3577022627734,705.8936761654023,714.3362426757812,18178142,0.0,0.0
2021-07-14 00:00:00+05:30,712.2671884304233,716.95220640485,709.2230966806467,713.052001953125,9788494,0.0,0.0
2021-07-15 00:00:00+05:30,715.8344552077314,726.1795710886405,713.2898061320276,723.3019409179688,10438802,0.0,0.0
2021-07-16 00:00:00+05:30,726.7503505840253,727.7016256569119,722.3983135745475,724.0867919921875,5170628,0.0,0.0
2021-07-19 00:00:00+05:30,707.2729809603507,708.1528987460736,697.2845931996463,699.6627807617188,25111600,0.0,0.0
2021-07-20 00:00:00+05:30,685.8692650363275,691.5769149534121,683.0867973139923,686.416259765625,24174250,0.0,0.0
2021-07-22 00:00:00+05:30,692.5757594227039,698.4736760969855,687.2961947294137,689.0560302734375,13207114,0.0,0.0
2021-07-23 00:00:00+05:30,690.3878413695973,693.217861311592,682.6825369811414,686.2260131835938,13126684,0.0,0.0
2021-07-26 00:00:00+05:30,680.161631792961,686.8205568594655,679.2579089216915,682.3258056640625,13167166,0.0,0.0
2021-07-27 00:00:00+05:30,683.0630447053469,689.6268658388828,683.0630447053469,684.7991333007812,22401430,0.0,0.0
2021-07-28 00:00:00+05:30,682.5636598981887,684.2996904317964,667.7950913834882,674.12109375,20670342,0.0,0.0
2021-07-29 00:00:00+05:30,679.3292509173456,680.1378114327916,672.2184936053619,674.5728759765625,13702230,0.0,0.0
2021-07-30 00:00:00+05:30,674.9296073725011,680.9939854514296,669.6737898129428,678.4730834960938,11655488,0.0,0.0
2021-08-02 00:00:00+05:30,682.5398836091144,682.5398836091144,673.6216795549884,676.665771484375,13258786,0.0,0.0
2021-08-03 00:00:00+05:30,670.6488717578449,684.8704445513364,670.6488717578449,682.3970947265625,12033120,0.0,0.0
2021-08-04 00:00:00+05:30,685.393645546079,701.3275019831323,684.9180080404954,696.95166015625,22053948,0.0,0.0
2021-08-05 00:00:00+05:30,697.8077398506728,716.8094921374355,693.1940794890436,706.2503051757812,18822408,0.0,0.0
2021-08-06 00:00:00+05:30,705.632098166656,713.4563125026119,701.0897364192333,709.9603881835938,13339270,0.0,0.0
2021-08-09 00:00:00+05:30,709.6511206336975,716.9521443443277,702.0409209486176,715.3112182617188,10998048,0.0,0.0
2021-08-10 00:00:00+05:30,708.224258418714,722.8501119757157,708.224258418714,717.0949096679688,14838346,0.0,0.0
2021-08-11 00:00:00+05:30,720.5432632537157,722.4220081617676,709.1993204454371,711.0542602539062,12585786,0.0,0.0
2021-08-12 00:00:00+05:30,712.0293756584126,717.0711218163615,708.3669899366287,714.1221923828125,8597674,0.0,0.0
2021-08-13 00:00:00+05:30,714.0269705680195,728.2009908715206,713.9318662953315,725.9179077148438,16658428,0.0,0.0
2021-08-16 00:00:00+05:30,725.8941785477451,730.1035587891065,723.6586474723767,728.0107421875,6252778,0.0,0.0
2021-08-17 00:00:00+05:30,721.6372182742111,724.8715766174648,715.9771782653477,720.4243774414062,8282666,0.0,0.0
2021-08-18 00:00:00+05:30,740.4248615711514,744.5391374947473,717.4278004141593,719.6395263671875,22985932,0.0,0.0
2021-08-20 00:00:00+05:30,706.8211504103504,722.8739164966347,706.8211504103504,720.471923828125,13150406,0.0,0.0
2021-08-23 00:00:00+05:30,727.6540795087693,729.2237066164494,717.5705868776091,725.156982421875,10843054,0.0,0.0
2021-08-24 00:00:00+05:30,727.725379419533,744.1348732691891,726.5124805626797,741.447509765625,18381314,0.0,0.0
2021-08-25 00:00:00+05:30,738.2369714945701,744.2776027396884,736.2868693056814,740.7578735351562,7727974,0.0,0.0
2021-08-26 00:00:00+05:30,737.2380960643395,747.226483172308,734.1226473371297,739.5211791992188,11119002,0.0,0.0
2021-08-27 00:00:00+05:30,738.189390820678,741.35239176859,734.9788377356009,736.5008544921875,6382138,0.0,0.0
2021-08-30 00:00:00+05:30,739.9017525518813,746.75094480437,737.9992023740358,745.9185791015625,9049166,0.0,0.0
2021-08-31 00:00:00+05:30,743.6592338463132,753.100626642032,743.040881869667,752.1731567382812,12062576,0.0,0.0
2021-09-01 00:00:00+05:30,749.1291213418814,760.0687847011596,748.8913025732014,751.0792236328125,12422558,0.0,0.0
2021-09-02 00:00:00+05:30,748.701014189379,757.2149374729586,747.3454588595391,755.7880249023438,9618524,0.0,0.0
2021-09-03 00:00:00+05:30,754.4086623001291,760.0687604261853,745.9423492422521,749.6285400390625,10735334,0.0,0.0
2021-09-06 00:00:00+05:30,751.4834003797047,751.9590378515261,742.9219258869199,744.70556640625,7876896,0.0,0.0
2021-09-07 00:00:00+05:30,743.1836118359313,752.4585433116437,739.7114347769459,746.3941650390625,7245496,0.0,0.0
2021-09-08 00:00:00+05:30,747.6783002895594,751.7450238964017,744.6580139570113,749.794921875,6724080,0.0,0.0
2021-09-09 00:00:00+05:30,748.6534762607636,751.2456775887658,742.47018833739,746.0850219726562,8250948,0.0,0.0
2021-09-13 00:00:00+05:30,742.9457683103893,753.4097932161694,738.9742068333936,739.8779296875,8959164,0.0,0.0
2021-09-14 00:00:00+05:30,741.9944879763249,744.1348566916412,735.6209339673617,736.5484619140625,9758506,0.0,0.0
2021-09-15 00:00:00+05:30,730.1035190625556,739.5211642267409,730.1035190625556,735.716064453125,14822998,0.0,0.0
2021-09-16 00:00:00+05:30,731.411573732443,744.0397727219095,730.7219225742858,741.970703125,10260550,0.0,0.0
2021-09-17 00:00:00+05:30,746.2752017537572,755.7879512981008,741.6139312525427,752.5298461914062,20498102,0.0,0.0
2021-09-20 00:00:00+05:30,743.8971252102491,752.3158865869241,741.0432999217188,741.9232177734375,8781610,0.0,0.0
2021-09-21 00:00:00+05:30,742.9457684361612,746.1087693954601,727.2259259755568,738.1655883789062,14774996,0.0,0.0
2021-09-22 00:00:00+05:30,736.7625066558845,737.3095014073501,727.7253939209189,729.4852294921875,10582202,0.0,0.0
2021-09-23 00:00:00+05:30,733.4330048579319,747.7021294660628,733.4330048579319,746.7508544921875,13664304,0.0,0.0
2021-09-24 00:00:00+05:30,751.031614308282,764.8012967419484,749.1290643037012,761.7572631835938,20806702,0.0,0.0
2021-09-27 00:00:00+05:30,768.487491944163,777.9051377473095,764.8251063880609,772.95849609375,16415462,0.0,0.0
2021-09-28 00:00:00+05:30,776.2404385627441,776.2404385627441,752.4585623812875,768.1784057617188,12773790,0.0,0.0
2021-09-29 00:00:00+05:30,759.5931184310665,764.1592270047574,753.9568254387971,758.0948486328125,16263036,0.0,0.0
2021-09-30 00:00:00+05:30,754.3610487049043,764.0402598802681,752.9816883907416,758.6179809570312,15975348,0.0,0.0
2021-10-01 00:00:00+05:30,752.9341573446038,755.7879823250635,744.4915917774107,752.7914428710938,11128596,0.0,0.0
2021-10-04 00:00:00+05:30,755.7880094198329,761.6621211029538,753.2195552330974,754.2421875,7051028,0.0,0.0
2021-10-05 00:00:00+05:30,757.2149087913734,759.8309150717456,749.7236180793985,758.8558349609375,10257178,0.0,0.0
2021-10-06 00:00:00+05:30,759.1175550924576,773.7909623866047,754.8368169998308,768.1071166992188,18600830,0.0,0.0
2021-10-07 00:00:00+05:30,773.6719736034911,774.19516325999,764.3494898817696,766.0142211914062,11265724,0.0,0.0
2021-10-08 00:00:00+05:30,766.7276555881376,771.4840306228035,761.0913627843023,762.2804565429688,7245562,0.0,0.0
2021-10-11 00:00:00+05:30,760.9724350269096,782.4236743028476,760.5443496718865,777.0965576171875,13080848,0.0,0.0
2021-10-12 00:00:00+05:30,772.9109560129631,780.7827800509983,772.9109560129631,775.098876953125,8176946,0.0,0.0
2021-10-13 00:00:00+05:30,778.6185902197064,783.8506027379818,775.2891277080766,779.7601318359375,6225644,0.0,0.0
2021-10-14 00:00:00+05:30,779.094254281992,803.827405211579,779.094254281992,802.5907592773438,14757288,0.0,0.0
2021-10-18 00:00:00+05:30,810.9619343879581,820.4746843514532,792.9115145567133,794.4573364257812,28856456,0.0,0.0
2021-10-19 00:00:00+05:30,796.9068483595202,804.9926860848645,794.7902846500209,803.2090454101562,8987540,0.0,0.0
2021-10-20 00:00:00+05:30,803.3993464110135,807.9892602226093,791.6748695952446,796.1458740234375,10908568,0.0,0.0
2021-10-21 00:00:00+05:30,795.1708493673277,799.9985238690318,789.9625835542432,797.3112182617188,9738190,0.0,0.0
2021-10-22 00:00:00+05:30,799.1185583853392,812.3888563513312,794.6713593378141,799.427734375,12175554,0.0,0.0
2021-10-25 00:00:00+05:30,803.8274476092195,803.8274476092195,767.5838900598493,788.1314086914062,16426766,0.0,0.0
2021-10-26 00:00:00+05:30,784.8018601809484,796.1458027295024,783.0657717264866,786.10986328125,12090656,0.0,0.0
2021-10-27 00:00:00+05:30,786.1098893037489,791.9602538614304,778.761313048737,781.3773193359375,13249642,0.0,0.0
2021-10-28 00:00:00+05:30,784.8019203094409,784.8019203094409,754.9081133208074,757.9759521484375,17797750,0.0,0.0
2021-10-29 00:00:00+05:30,756.2636739613226,761.9713243308421,741.9945480375242,752.8628540039062,12406874,0.0,0.0
2021-11-01 00:00:00+05:30,753.885429186674,766.252004050304,753.1957780437663,763.5408935546875,8122320,0.0,0.0
2021-11-02 00:00:00+05:30,763.873862677717,771.4840630530865,761.043842637615,764.2305908203125,13237722,0.0,0.0
2021-11-03 00:00:00+05:30,763.4457378753382,765.728821094555,749.3906846195152,752.1968994140625,10207338,0.0,0.0
2021-11-04 00:00:00+05:30,758.6418376355663,759.9973929432354,756.3112021961033,758.1423950195312,1096808,0.0,0.0
2021-11-08 00:00:00+05:30,757.2623980202548,763.2554184797219,746.9648352689229,761.1388549804688,18943580,0.0,0.0
2021-11-09 00:00:00+05:30,758.451469326388,758.451469326388,746.298967264845,747.8209838867188,12695476,0.0,0.0
2021-11-10 00:00:00+05:30,745.7996076796335,746.2752451845312,737.2381325914745,739.7352294921875,13714126,0.0,0.0
2021-11-11 00:00:00+05:30,737.2618699516246,739.5687000261834,730.3888738006117,736.4295043945312,7999404,0.0,0.0
2021-11-12 00:00:00+05:30,737.2380656422298,741.5426078951424,734.8836834312771,738.6649780273438,14914092,0.0,0.0
2021-11-15 00:00:00+05:30,742.9933537829838,747.6308195742927,739.3309681261308,740.6865234375,9533594,0.0,0.0
2021-11-16 00:00:00+05:30,739.6163278032643,740.6627071004274,733.2427735591466,736.286865234375,8245406,0.0,0.0
2021-11-17 00:00:00+05:30,731.007273085122,734.3842876661621,727.0119065399798,728.1058959960938,7598878,0.0,0.0
2021-11-18 00:00:00+05:30,725.8466618423676,734.1465133558511,725.4661286012387,732.1964111328125,9152874,0.0,0.0
2021-11-22 00:00:00+05:30,735.3355639518028,738.5223119294355,713.0044068868091,720.7572631835938,15261272,0.0,0.0
2021-11-23 00:00:00+05:30,714.407566305228,726.6790377392206,711.7202026626078,720.8524780273438,11235214,0.0,0.0
2021-11-24 00:00:00+05:30,724.8715849784808,730.7456967746908,720.1390148495992,722.0415649414062,30802286,0.0,0.0
2021-11-25 00:00:00+05:30,720.4956996177941,729.294993262682,716.7857039376246,725.7990112304688,10251652,0.0,0.0
2021-11-26 00:00:00+05:30,713.4562710293536,716.6430191487968,706.3217083190601,708.65234375,18624936,0.0,0.0
2021-11-29 00:00:00+05:30,710.9829426666183,717.0948727956322,695.3820097835137,714.05078125,12990996,0.0,0.0
2021-11-30 00:00:00+05:30,711.0780178063845,727.2496917899412,707.0589044084865,710.3883666992188,25221542,0.0,0.0
2021-12-01 00:00:00+05:30,711.0779946654629,716.809449218188,708.2717220709286,715.6679077148438,8677634,0.0,0.0
2021-12-02 00:00:00+05:30,715.596621542588,727.15463606218,713.4562527842353,725.7039184570312,11203110,0.0,0.0
2021-12-03 00:00:00+05:30,725.7277436410184,730.5554179694886,716.8095402344054,719.9011840820312,8124694,0.0,0.0
2021-12-06 00:00:00+05:30,719.6395135046063,722.3982341371078,712.1957752655638,715.263671875,7029532,0.0,0.0
2021-12-07 00:00:00+05:30,720.0913740885894,728.6766542380091,718.165077039117,725.6801147460938,12427534,0.0,0.0
2021-12-08 00:00:00+05:30,730.5792222790491,739.6401401548495,729.6279472500399,739.0455932617188,15295534,0.0,0.0
2021-12-09 00:00:00+05:30,734.9550484079257,739.4736046987022,723.9202815328325,726.2271118164062,11747744,0.0,0.0
2021-12-10 00:00:00+05:30,725.2996212566436,726.7740858657247,717.4753496970789,724.181884765625,7779384,0.0,0.0
2021-12-13 00:00:00+05:30,725.8227874165515,731.3639756168698,716.8807796550856,718.7595825195312,10322142,0.0,0.0
2021-12-14 00:00:00+05:30,714.6453260949929,721.0664321863622,712.0531250085195,714.6215209960938,9191100,0.0,0.0
2021-12-15 00:00:00+05:30,714.8832114257813,724.5624236009718,711.387287173768,713.456298828125,10115148,0.0,0.0
2021-12-16 00:00:00+05:30,719.5444766662719,721.5421310623909,710.6024679019197,713.5038452148438,13210432,0.0,0.0
2021-12-17 00:00:00+05:30,712.0293739008451,716.3101116196879,698.0931712139019,700.6378784179688,14994768,0.0,0.0
2021-12-20 00:00:00+05:30,690.6256264168148,693.4794513193636,672.5989541701382,678.0925903320312,21156668,0.0,0.0
2021-12-21 00:00:00+05:30,684.6801804486681,690.0311023174055,680.1616242039565,685.774169921875,9118750,0.0,0.0
2021-12-22 00:00:00+05:30,690.7683691083477,692.5282046456658,682.872740106407,687.3912963867188,8577484,0.0,0.0
2021-12-23 00:00:00+05:30,691.2202591921077,693.3844332367066,683.4197918766113,686.8681640625,9779166,0.0,0.0
2021-12-24 00:00:00+05:30,687.5340324330864,690.6256763008242,679.2103758660999,684.3948364257812,5561024,0.0,0.0
2021-12-27 00:00:00+05:30,679.6383983110893,691.5768872980073,676.4278453611157,690.0548706054688,4705098,0.0,0.0
2021-12-28 00:00:00+05:30,694.7636690981695,697.7126564182305,691.2915502045277,694.811279296875,5450678,0.0,0.0
2021-12-29 00:00:00+05:30,692.5519915154243,694.906373869757,688.4377156088801,691.5055541992188,7668702,0.0,0.0
2021-12-30 00:00:00+05:30,693.7173135335258,697.6888751595437,687.2962071004079,695.1442260742188,7215918,0.0,0.0
2021-12-31 00:00:00+05:30,695.1442190705774,706.2265962494574,695.1442190705774,703.6581420898438,6325736,0.0,0.0
2022-01-03 00:00:00+05:30,706.3216999908345,724.3959253104654,704.1813312029835,722.8025512695312,9069184,0.0,0.0
2022-01-04 00:00:00+05:30,722.9689818191866,729.1047170271323,717.1662276895983,727.0357055664062,8857352,0.0,0.0
2022-01-05 00:00:00+05:30,730.9597335226943,747.7021503050373,726.8216524342752,744.3013305664062,14332638,0.0,0.0
2022-01-06 00:00:00+05:30,733.9086759071455,739.4974166342414,727.7491933941105,732.3628540039062,9628930,0.0,0.0
2022-01-07 00:00:00+05:30,734.3843069802756,745.2050602081262,730.5316548059,737.499755859375,11179384,0.0,0.0
2022-01-10 00:00:00+05:30,741.0432152309048,747.7021401431209,735.0977465592833,741.5902099609375,8856496,0.0,0.0
2022-01-11 00:00:00+05:30,742.731769713943,746.1325314282669,736.191754015291,744.80078125,8389198,0.0,0.0
2022-01-12 00:00:00+05:30,745.7995970381922,749.9138730090968,738.1893970684148,740.401123046875,21085530,0.0,0.0
2022-01-13 00:00:00+05:30,739.6163836574055,739.6163836574055,723.1593361863409,726.774169921875,41963896,0.0,0.0
2022-01-14 00:00:00+05:30,727.7254153127986,736.619813831022,722.493402522968,734.9313354492188,11208968,0.0,0.0
2022-01-17 00:00:00+05:30,727.7253527081879,740.0919273293728,722.5646976035137,723.6824340820312,22989372,0.0,0.0
2022-01-18 00:00:00+05:30,729.1522317973348,737.666154009168,724.395857160692,727.3685913085938,12341152,0.0,0.0
2022-01-19 00:00:00+05:30,729.6279369589961,732.3628526288228,719.8060108107658,722.2317504882812,14317626,0.0,0.0
2022-01-20 00:00:00+05:30,726.9881258170541,727.0119309169397,713.5038140786304,717.7369995117188,15197846,0.0,0.0
2022-01-21 00:00:00+05:30,713.4562826460474,727.6303040191038,706.6070907204011,723.7300415039062,11537694,0.0,0.0
2022-01-24 00:00:00+05:30,718.1888253449379,723.5635523601698,698.0218416410312,707.1065063476562,11868508,0.0,0.0
2022-01-25 00:00:00+05:30,693.788586063523,711.0779959583617,686.820485728344,707.7723388671875,13594248,0.0,0.0
2022-01-27 00:00:00+05:30,689.6744315675436,706.3217454329671,682.5398684823622,701.5415649414062,28617838,0.0,0.0
2022-01-28 00:00:00+05:30,702.7543967837006,707.1302385002696,694.4307406458227,695.9765625,24925208,0.0,0.0
2022-01-31 00:00:00+05:30,700.4951197241377,709.4371278413857,697.6650998575648,706.6546020507812,12842546,0.0,0.0
2022-02-01 00:00:00+05:30,717.4991278129174,721.5420463322478,700.8280111646047,712.029296875,14739484,0.0,0.0
2022-02-02 00:00:00+05:30,719.1401203787386,730.1035883666477,716.1198337589774,728.296142578125,13969290,0.0,0.0
2022-02-03 00:00:00+05:30,727.1308172000766,732.457933895551,717.7369767162163,720.7572631835938,10564762,0.0,0.0
2022-02-04 00:00:00+05:30,726.9643375245986,729.0809010904223,720.1626983222618,724.8715209960938,11579958,0.0,0.0
2022-02-07 00:00:00+05:30,719.211497186438,722.4934077542481,694.4307934965123,698.3072509765625,12268042,0.0,0.0
2022-02-08 00:00:00+05:30,702.2311561639202,703.206178118259,687.082114705199,695.3106079101562,13981130,0.0,0.0
2022-02-09 00:00:00+05:30,701.0896640531371,713.3135243877856,697.7602016051236,712.314697265625,11308342,0.0,0.0
2022-02-10 00:00:00+05:30,720.1151499017218,730.3413557953064,714.2410385936968,725.3947143554688,14314530,0.0,0.0
2022-02-11 00:00:00+05:30,713.5752718583099,725.3473018389752,713.2185436770776,722.422119140625,10711104,0.0,0.0
2022-02-14 00:00:00+05:30,708.6998749228623,713.1946260728857,698.8542018984211,700.9469604492188,14656620,0.0,0.0
2022-02-15 00:00:00+05:30,702.0409964179948,725.2996833180713,700.6378889247106,721.9226684570312,13135066,0.0,0.0
2022-02-16 00:00:00+05:30,729.7944170588287,729.9846836790362,716.7857425015849,720.9475708007812,10032264,0.0,0.0
2022-02-17 00:00:00+05:30,719.6871085679842,723.9202940415751,714.4075437913573,716.5479125976562,7351208,0.0,0.0
2022-02-18 00:00:00+05:30,712.6476505919669,721.5420481321954,708.9138499717109,719.330322265625,7796128,0.0,0.0
2022-02-21 00:00:00+05:30,715.3588072476773,728.0583054018553,711.3396935564448,723.9678344726562,7468066,0.0,0.0
2022-02-22 00:00:00+05:30,708.6048153348694,723.9678727153232,707.7248394554956,718.5455932617188,9536196,0.0,0.0
2022-02-23 00:00:00+05:30,725.3948047223228,725.6801756356834,711.3873023150155,713.8843994140625,9029562,0.0,0.0
2022-02-24 00:00:00+05:30,689.6268790132194,701.5415645216091,669.2933742326196,675.1199340820312,23630766,0.0,0.0
2022-02-25 00:00:00+05:30,684.8941874749454,697.2370153028564,681.5171728738023,692.5757446289062,18318654,0.0,0.0
2022-02-28 00:00:00+05:30,678.2590813465437,684.2283552518861,672.5752363928466,678.3779907226562,24880832,0.0,0.0
2022-03-02 00:00:00+05:30,659.4713958190617,665.1314936990638,644.2034436334029,653.6448364257812,38505560,0.0,0.0
2022-03-03 00:00:00+05:30,656.8553739251402,662.0873863170132,648.2463469653018,652.0989990234375,17527922,0.0,0.0
2022-03-04 00:00:00+05:30,646.8669745357665,659.2335490489504,635.8797603305272,649.9586181640625,21219364,0.0,0.0
2022-03-07 00:00:00+05:30,627.1280940741168,633.715662365495,616.9256921049088,630.1246337890625,27054458,0.0,0.0
2022-03-08 00:00:00+05:30,619.3751468768733,634.5004430311901,614.5236674634915,631.551513671875,39212492,0.0,0.0
2022-03-09 00:00:00+05:30,632.5977957991574,653.8587661628102,627.2944267258922,652.1702880859375,23134694,0.0,0.0
2022-03-10 00:00:00+05:30,678.7347392382749,678.7347392382749,656.4986852373013,662.4203491210938,22273206,0.0,0.0
2022-03-11 00:00:00+05:30,660.18491082348,670.1494941420394,652.90763317853,664.3705444335938,15150780,0.0,0.0
2022-03-14 00:00:00+05:30,673.0270836488999,689.6743966720176,673.0270836488999,686.1309204101562,25018126,0.0,0.0
2022-03-15 00:00:00+05:30,686.5827315469807,689.436556548215,671.4812409154484,677.3078002929688,18867928,0.0,0.0
2022-03-16 00:00:00+05:30,688.2475608486549,692.052661392393,683.1106518901175,688.7945556640625,13364108,0.0,0.0
2022-03-17 00:00:00+05:30,700.1383801652347,708.6047506498716,699.4487290342597,703.96728515625,14823954,0.0,0.0
2022-03-21 00:00:00+05:30,707.2729139485184,710.4359147186346,700.518885136643,707.0350952148438,12257876,0.0,0.0
2022-03-22 00:00:00+05:30,704.561836957358,712.5049598135698,693.0989270027054,710.6737670898438,10461814,0.0,0.0
2022-03-23 00:00:00+05:30,716.785732994576,722.3982788795391,700.8994284281059,703.5867919921875,31188256,0.0,0.0
2022-03-24 00:00:00+05:30,697.2845910655177,699.0206795927611,682.3258145703531,686.178466796875,20160044,0.0,0.0
2022-03-25 00:00:00+05:30,690.1500858689433,690.6257234195076,674.9296842508825,680.5897827148438,16366462,0.0,0.0
2022-03-28 00:00:00+05:30,680.589685374062,683.9666998878296,666.6534839112492,681.493408203125,15754886,0.0,0.0
2022-03-29 00:00:00+05:30,685.3936095630206,694.5496310648167,680.16159727628,690.530517578125,12377448,0.0,0.0
2022-03-30 00:00:00+05:30,700.1383545686673,705.2514573618828,691.6006852221561,702.4927368164062,20109742,0.0,0.0
2022-03-31 00:00:00+05:30,699.6627526430442,706.1789630767555,697.237013039462,699.3535766601562,14295714,0.0,0.0
2022-04-01 00:00:00+05:30,702.2312005284535,718.2126085501743,699.3298234571498,716.31005859375,14568556,0.0,0.0
2022-04-04 00:00:00+05:30,751.5072706543655,819.0953496497071,743.2074192757403,788.0362548828125,97450970,0.0,0.0
2022-04-05 00:00:00+05:30,792.7449569360995,792.7449569360995,761.9712355056448,764.9439697265625,30922582,0.0,0.0
2022-04-06 00:00:00+05:30,755.1696250388968,756.1685102240006,735.9776637926485,737.6423950195312,27027860,0.0,0.0
2022-04-07 00:00:00+05:30,733.1001422646726,733.1238893042467,719.9725000942207,721.4232177734375,40781732,0.0,0.0
2022-04-08 00:00:00+05:30,719.211478547381,725.7039422730295,712.1720781256234,720.4243774414062,41256322,0.0,0.0
2022-04-11 00:00:00+05:30,716.3100788229164,718.2126288330701,710.245700665551,711.6250610351562,20799066,0.0,0.0
2022-04-12 00:00:00+05:30,705.8460676603825,716.7143731950656,704.0148748518094,710.3646240234375,27435402,0.0,0.0
2022-04-13 00:00:00+05:30,708.6998371784712,714.5502013407392,695.691163859955,696.7850952148438,28892520,0.0,0.0
2022-04-18 00:00:00+05:30,674.8582617385757,680.9464450214841,661.15993644386,663.7283325195312,45620376,0.0,0.0
2022-04-19 00:00:00+05:30,656.8078410106541,660.9221170332797,631.1709679279387,638.400634765625,74096022,0.0,0.0
2022-04-20 00:00:00+05:30,644.2271829644586,646.8194421533099,635.142518406885,644.1558837890625,49325736,0.0,0.0
2022-04-21 00:00:00+05:30,649.2451838249173,656.2846420095574,643.6802483309051,653.6923828125,52446270,0.0,0.0
2022-04-22 00:00:00+05:30,646.8669864904109,654.168010350688,641.706331335433,644.774169921875,20659148,0.0,0.0
2022-04-25 00:00:00+05:30,642.1106379350289,651.9325641201308,628.9116970441421,649.6019287109375,20935488,0.0,0.0
2022-04-26 00:00:00+05:30,652.5746446077407,657.3072144691479,645.5114394033479,652.5984497070312,17016842,0.0,0.0
2022-04-27 00:00:00+05:30,646.8670295884091,655.9041425017765,645.0120316413157,652.8363037109375,18054334,0.0,0.0
2022-04-28 00:00:00+05:30,652.5746178665507,655.9040802026046,647.8657952361744,652.2654418945312,20773722,0.0,0.0
2022-04-29 00:00:00+05:30,656.5462894086016,668.1518573977863,652.3607137487355,658.5677490234375,28401476,0.0,0.0
2022-05-02 00:00:00+05:30,647.8420880799416,668.9603468911126,647.8420880799416,667.65234375,19494316,0.0,0.0
2022-05-04 00:00:00+05:30,665.8925284326605,667.6048118935288,642.1106524172083,644.9644775390625,29055916,0.0,0.0
2022-05-05 00:00:00+05:30,654.001625047842,654.001625047842,640.4459550013958,643.5137939453125,17862912,0.0,0.0
2022-05-06 00:00:00+05:30,632.5979293257718,634.976117030004,624.5120911313822,626.7000122070312,26731268,0.0,0.0
2022-05-09 00:00:00+05:30,618.3286887390562,630.9330812402754,616.1883202011134,627.7700805664062,32762434,0.0,0.0
2022-05-10 00:00:00+05:30,625.4871834634218,643.5376052646478,625.4871834634218,637.853759765625,20113812,0.0,0.0
2022-05-11 00:00:00+05:30,643.5375799338344,644.4888549965599,631.9558176573953,641.4447631835938,17102924,0.0,0.0
2022-05-12 00:00:00+05:30,635.6706993369925,638.4133907389254,622.1498973824371,626.9856567382812,22382290,7.75,0.0
2022-05-13 00:00:00+05:30,630.353891041967,634.1791515037851,619.2629499130284,621.3560180664062,16768238,0.0,0.0
2022-05-16 00:00:00+05:30,625.0368734940553,631.292053906236,618.4448991695826,627.9719848632812,9804356,0.0,0.0
2022-05-17 00:00:00+05:30,631.5807479648557,633.6978977151113,624.6519209350625,632.25439453125,16641444,0.0,0.0
2022-05-18 00:00:00+05:30,637.0902245927911,641.5410265716883,630.3297937681616,632.2063598632812,15732384,0.0,0.0
2022-05-19 00:00:00+05:30,618.8778867259274,623.7858326225379,615.076708796021,619.2869262695312,20537506,0.0,0.0
2022-05-20 00:00:00+05:30,626.9615731938593,637.1623059170763,621.837124950426,635.5985107421875,13919350,0.0,0.0
2022-05-23 00:00:00+05:30,632.2544265466233,639.9290287015857,625.0850152898169,627.4427490234375,19486320,0.0,0.0
2022-05-24 00:00:00+05:30,625.5180642227122,637.5472577654566,624.0264559706711,634.6361694335938,12870796,0.0,0.0
2022-05-25 00:00:00+05:30,639.9531102298189,642.8160348600121,636.6811460213428,639.375732421875,12887112,0.0,0.0
2022-05-26 00:00:00+05:30,645.7993054909392,659.6809832899339,644.7647830842534,657.6119384765625,26992428,0.0,0.0
2022-05-27 00:00:00+05:30,660.0659236596756,671.0846178237094,659.5606740424182,669.8095703125,24031718,0.0,0.0
2022-05-30 00:00:00+05:30,678.5668121550864,683.4987815396562,672.8890092715018,674.3806762695312,12624674,0.0,0.0
2022-05-31 00:00:00+05:30,671.662083279525,675.944488061126,664.0115042012508,668.3179321289062,13485388,0.0,0.0
2022-06-01 00:00:00+05:30,664.0115306279351,673.8513881488794,663.6025497657505,671.1568603515625,12091896,0.0,0.0
2022-06-02 00:00:00+05:30,667.4999765351084,667.860852355906,663.3378636546508,666.4654541015625,11475020,0.0,0.0
2022-06-03 00:00:00+05:30,672.8169034842749,673.995741003826,662.231212745682,664.1558837890625,6957244,0.0,0.0
2022-06-06 00:00:00+05:30,662.2312223234171,667.3796939444019,654.7009350100217,663.2656860351562,6173266,0.0,0.0
2022-06-07 00:00:00+05:30,655.3504712553794,661.2688580365657,651.5492343077399,655.63916015625,10253966,0.0,0.0
2022-06-08 00:00:00+05:30,660.7877542678001,664.4927227830032,652.9446957397068,657.9488525390625,5986588,0.0,0.0
2022-06-09 00:00:00+05:30,655.4708272698372,664.9979730840081,653.0168832680971,662.9048461914062,7311816,0.0,0.0
2022-06-10 00:00:00+05:30,654.4362839332251,658.2134392480132,646.4970155862447,650.1057739257812,9155430,0.0,0.0
2022-06-13 00:00:00+05:30,636.873696288998,639.9531819947298,629.5118640988112,638.3171997070312,10892572,0.0,0.0
2022-06-14 00:00:00+05:30,630.9312384303023,638.0284630380025,627.9239398677174,631.2921142578125,11870356,0.0,0.0
2022-06-15 00:00:00+05:30,626.3120453531265,633.1205811087782,624.7482500861813,629.102783203125,11810470,0.0,0.0
2022-06-16 00:00:00+05:30,630.3297546494468,635.4060979237764,614.9323865969412,616.520263671875,12169192,0.0,0.0
2022-06-17 00:00:00+05:30,613.4889564580709,625.0369838737522,611.852974160255,620.586181640625,14723922,0.0,0.0
2022-06-20 00:00:00+05:30,627.7795517185277,637.547280721459,622.703267102487,636.1759643554688,15936840,0.0,0.0
2022-06-21 00:00:00+05:30,643.2731943331319,651.5011513361289,637.0902003236198,643.1047973632812,13220684,0.0,0.0
2022-06-22 00:00:00+05:30,641.0356997049206,643.2971645111071,636.6811083122385,640.0733642578125,8159698,0.0,0.0
2022-06-23 00:00:00+05:30,640.193710492177,648.6141463686242,634.419697319756,642.43115234375,15372244,0.0,0.0
2022-06-24 00:00:00+05:30,644.067099221751,655.1820622227635,644.067099221751,651.4049072265625,8013432,0.0,0.0
2022-06-27 00:00:00+05:30,659.1998582409274,662.0868649193548,650.5388382056451,652.5838012695312,9804164,0.0,0.0
2022-06-28 00:00:00+05:30,646.6894072919121,650.0575812882241,643.994879842121,647.6036376953125,9770574,0.0,0.0
2022-06-29 00:00:00+05:30,640.5545980485462,649.9373696255954,640.5545980485462,646.6654052734375,9994046,0.0,0.0
2022-06-30 00:00:00+05:30,642.8401226643639,651.5011422810993,642.8401226643639,648.6141357421875,12475822,0.0,0.0
2022-07-01 00:00:00+05:30,646.6653918015329,654.3881578947369,639.9772068826776,651.380859375,11472452,0.0,0.0
2022-07-04 00:00:00+05:30,651.3567925787985,654.4843831117648,645.8474450575549,652.2951049804688,8487480,0.0,0.0
2022-07-05 00:00:00+05:30,656.3128389795442,663.6987525096566,648.7585284770123,650.8275146484375,14325718,0.0,0.0
2022-07-06 00:00:00+05:30,648.6141194735643,660.835791929005,648.18105675633,659.80126953125,15049078,0.0,0.0
2022-07-07 00:00:00+05:30,664.0114788767993,672.6724981664967,661.3409744346241,671.6139526367188,17743142,0.0,0.0
2022-07-08 00:00:00+05:30,678.4464549412353,678.4464549412353,671.108647538502,672.2393798828125,12474030,0.0,0.0
2022-07-11 00:00:00+05:30,670.7478551643559,678.3984342696596,670.3869793455802,676.5940551757812,7462880,0.0,0.0
2022-07-12 00:00:00+05:30,676.1610141176355,676.1610141176355,668.5345166503326,669.6893310546875,9876974,0.0,0.0
2022-07-13 00:00:00+05:30,668.823193081103,670.8440741987707,651.6214454892688,653.3536376953125,15945610,0.0,0.0
2022-07-14 00:00:00+05:30,655.350489555198,660.4749379498609,649.215600611124,650.0817260742188,10372410,0.0,0.0
2022-07-15 00:00:00+05:30,651.0199810197498,656.7458891263111,648.0367643942972,655.3745727539062,13595646,0.0,0.0
2022-07-18 00:00:00+05:30,648.6140849867697,657.3232089503867,645.7511605542314,648.3975830078125,20332220,0.0,0.0
2022-07-19 00:00:00+05:30,643.3213172038678,653.6905062823398,643.3213172038678,648.6382446289062,15792538,0.0,0.0
2022-07-20 00:00:00+05:30,654.3400285637287,659.7290838164299,652.1025868008825,656.8180541992188,20347862,0.0,0.0
2022-07-21 00:00:00+05:30,654.6528133808986,658.9592412990309,653.473917137891,654.7490234375,12640278,0.0,0.0
2022-07-22 00:00:00+05:30,657.275177078658,672.19137802261,655.5429848453301,670.026123046875,12729592,0.0,0.0
2022-07-25 00:00:00+05:30,671.2290446761094,675.8482435588785,665.5994052152816,671.9989013671875,10143126,0.0,0.0
2022-07-26 00:00:00+05:30,671.710190933296,674.5971974845852,667.0428871698978,670.6275634765625,8527964,0.0,0.0
2022-07-27 00:00:00+05:30,668.2939138771885,676.5218708292028,666.0564720450384,675.7520141601562,9212778,0.0,0.0
2022-07-28 00:00:00+05:30,680.8764259957169,685.1828537236895,678.9276731770548,681.7424926757812,17420406,0.0,0.0
2022-07-29 00:00:00+05:30,691.9191590136528,692.2078478890704,680.9966756169249,690.0906982421875,20019736,0.0,0.0
2022-08-01 00:00:00+05:30,692.4003980885738,696.9474098698968,688.0939701842794,695.8407592773438,13193036,0.0,0.0
2022-08-02 00:00:00+05:30,693.8439067006424,695.094931123578,684.7258011854689,688.190185546875,15036510,0.0,0.0
2022-08-03 00:00:00+05:30,685.6399502739025,690.8365853805471,681.8146902206062,689.8020629882812,10975498,0.0,0.0
2022-08-04 00:00:00+05:30,692.8815779882993,696.1053785024752,679.8659665183745,688.984130859375,12012206,0.0,0.0
2022-08-05 00:00:00+05:30,689.5133762386452,691.4139653304088,683.8115502270574,686.6504516601562,9268982,0.0,0.0
2022-08-08 00:00:00+05:30,687.1075476112192,704.6701705018421,686.6744848885744,703.4913330078125,15357736,0.0,0.0
2022-08-10 00:00:00+05:30,703.1545610732601,708.0384260481038,697.2362323052624,705.536376953125,17353102,0.0,0.0
2022-08-11 00:00:00+05:30,715.2558683433389,717.421123242461,709.5059371613006,714.8709106445312,18301766,0.0,0.0
2022-08-12 00:00:00+05:30,714.5341363296417,716.6031812290219,710.1795445295438,714.6063232421875,8850370,0.0,0.0
2022-08-16 00:00:00+05:30,719.2495009321705,725.8414749228665,716.0016189595292,722.7860717773438,12563756,0.0,0.0
2022-08-17 00:00:00+05:30,721.7516252798,727.8865140946783,714.8949848396419,726.5151977539062,12384350,0.0,0.0
2022-08-18 00:00:00+05:30,721.7515867041628,728.4398298215469,721.5831897478574,727.3812255859375,8342138,0.0,0.0
2022-08-19 00:00:00+05:30,726.563301596116,727.5256370949188,716.939946608088,718.4075317382812,8063702,0.0,0.0
2022-08-22 00:00:00+05:30,714.4378945404134,716.1460048012029,706.2098790742172,707.4849853515625,8234066,0.0,0.0
2022-08-23 00:00:00+05:30,699.2811184238794,710.1795210324121,697.8857201939286,705.2957153320312,14966884,0.0,0.0
2022-08-24 00:00:00+05:30,703.4191637412739,709.9630335639699,702.1199755407531,708.6879272460938,13455520,0.0,0.0
2022-08-25 00:00:00+05:30,712.0801600941289,715.4002292936442,701.0614069473538,704.8385620117188,11823040,0.0,0.0
2022-08-26 00:00:00+05:30,708.3030747503891,712.9944607425392,703.0823571957231,704.9589233398438,7706176,0.0,0.0
2022-08-29 00:00:00+05:30,691.438142053239,695.7686523374972,687.3963207073368,692.5929565429688,8653178,0.0,0.0
2022-08-30 00:00:00+05:30,695.9850421787525,716.9158385123882,694.3731420244557,715.0633544921875,10135400,0.0,0.0
2022-09-01 00:00:00+05:30,704.7904213260312,716.6752405737923,702.0237069224642,708.35107421875,22403136,0.0,0.0
2022-09-02 00:00:00+05:30,708.351080797229,717.1804968372654,705.0069298539969,714.774658203125,12038086,0.0,0.0
2022-09-05 00:00:00+05:30,715.0633864131738,721.2704621778411,714.101050906599,719.369873046875,12131932,0.0,0.0
2022-09-06 00:00:00+05:30,721.2223114778902,724.9513613297232,715.2317380870402,716.6271362304688,12238696,0.0,0.0
2022-09-07 00:00:00+05:30,707.9421400567993,716.9399535633776,707.9421400567993,713.2349853515625,9776206,0.0,0.0
2022-09-08 00:00:00+05:30,716.9880436773584,721.7516160908172,713.1627836065959,720.5968017578125,11164690,0.0,0.0
2022-09-09 00:00:00+05:30,719.9232494805556,726.0822209058895,718.8887856843456,721.0780639648438,15128888,0.0,0.0
2022-09-12 00:00:00+05:30,721.751579586768,723.676250465666,716.9399023895229,718.6480712890625,11080492,0.0,0.0
2022-09-13 00:00:00+05:30,721.2223728893526,729.4022248737516,721.0539759192867,728.054931640625,13001966,0.0,0.0
2022-09-14 00:00:00+05:30,718.8887165967504,740.4690789237419,718.0706961615213,735.537109375,20219760,0.0,0.0
2022-09-15 00:00:00+05:30,736.1866756721654,741.4554391702014,727.5256559583752,731.7117919921875,13539372,0.0,0.0
2022-09-16 00:00:00+05:30,723.2432582308112,728.8247925761237,713.5717978693896,718.26318359375,20560046,0.0,0.0
2022-09-19 00:00:00+05:30,716.4587550842659,728.4879484201334,712.1282454833537,723.0026245117188,12076038,0.0,0.0
2022-09-20 00:00:00+05:30,728.4879914821296,733.299669100902,726.5152154056927,731.7117919921875,10781668,0.0,0.0
2022-09-21 00:00:00+05:30,725.6010407512331,732.0968060364729,724.1575373545131,730.5811157226562,9072304,0.0,0.0
2022-09-22 00:00:00+05:30,722.7139425983661,726.6354714109892,713.4514636402978,715.0152587890625,12048144,0.0,0.0
2022-09-23 00:00:00+05:30,708.4473309391279,709.7224372346395,691.438062580459,695.8407592773438,15806252,0.0,0.0
2022-09-26 00:00:00+05:30,685.8324052401812,691.1733552416581,682.2958342078718,686.4579467773438,8923486,0.0,0.0
2022-09-27 00:00:00+05:30,689.2246964827675,692.881559633574,677.0030238919713,680.2990112304688,12639700,0.0,0.0
2022-09-28 00:00:00+05:30,676.5218139126857,678.7351736760943,666.8503544937673,668.6066284179688,11816132,0.0,0.0
2022-09-29 00:00:00+05:30,671.8545371114053,674.6933797809945,663.434101683277,665.1422119140625,14410388,0.0,0.0
2022-09-30 00:00:00+05:30,663.4341823816585,688.7676199193113,656.7940432846984,683.9078369140625,15781756,0.0,0.0
2022-10-03 00:00:00+05:30,678.4224718418965,682.22370896109,674.1641488370536,679.9862670898438,11541112,0.0,0.0
2022-10-04 00:00:00+05:30,687.8292769808156,701.5425574242946,686.2173768162974,699.13671875,11538526,0.0,0.0
2022-10-06 00:00:00+05:30,702.4808875755999,703.7559939592081,690.0908170525987,691.4381103515625,12549198,0.0,0.0
2022-10-07 00:00:00+05:30,688.1901682297433,690.4516331398249,683.4265958004532,688.454833984375,13297994,0.0,0.0
2022-10-10 00:00:00+05:30,677.4841817579505,686.1452011270152,672.7687143847188,680.8523559570312,13109302,0.0,0.0
2022-10-11 00:00:00+05:30,674.1641338324686,681.8147129301799,673.3701952846903,673.9476318359375,14521620,0.0,0.0
2022-10-12 00:00:00+05:30,675.1745267944143,680.7801425260418,672.3356842119671,678.3502807617188,9225050,0.0,0.0
2022-10-13 00:00:00+05:30,674.6212615810351,676.6421426191388,665.9361602736982,670.5553588867188,14714234,0.0,0.0
2022-10-14 00:00:00+05:30,681.8147001498437,696.249732615966,680.9726565893199,692.400390625,12849920,0.0,0.0
2022-10-17 00:00:00+05:30,690.475692350587,701.3500712981873,686.6263505116987,696.033203125,18410500,0.0,0.0
2022-10-18 00:00:00+05:30,701.5666873690876,703.90033929577,692.8815856653596,694.7340698242188,10561108,0.0,0.0
2022-10-19 00:00:00+05:30,704.4295823817055,710.8772419458467,699.329216005163,701.8553466796875,12967040,0.0,0.0
2022-10-20 00:00:00+05:30,694.8062769145736,699.0886819198254,694.0845252418784,697.1159057617188,7898078,0.0,0.0
2022-10-21 00:00:00+05:30,698.6556066854753,701.3742163513118,689.9945867678867,692.2079467773438,10492606,0.0,0.0
2022-10-24 00:00:00+05:30,699.7623104281301,703.9484465267632,699.7623104281301,703.0101928710938,2167794,0.0,0.0
2022-10-25 00:00:00+05:30,703.0342306280569,706.2580899913314,695.2874411281454,698.1263427734375,13773394,0.0,0.0
2022-10-27 00:00:00+05:30,704.6702075925484,706.0415240061888,698.2947345638005,699.8104248046875,15937276,0.0,0.0
2022-10-28 00:00:00+05:30,697.6931978037887,705.8730490883848,696.442173472227,701.8793334960938,10474278,0.0,0.0
2022-10-31 00:00:00+05:30,708.2789372387135,720.7892989018973,705.9933903964011,720.1637573242188,12830528,0.0,0.0
2022-11-01 00:00:00+05:30,723.4357504196331,735.7055286941263,721.2223903997298,728.1271362304688,19073756,0.0,0.0
2022-11-02 00:00:00+05:30,729.931460645262,735.34459771333,727.33314310533,728.5841674804688,12720406,0.0,0.0
2022-11-03 00:00:00+05:30,720.6449111524606,731.4952673413037,720.3081172240958,725.3844604492188,10332352,0.0,0.0
2022-11-04 00:00:00+05:30,723.2913397099678,729.4984154442802,716.7474700445205,720.3803100585938,10818060,0.0,0.0
2022-11-07 00:00:00+05:30,726.5633397491442,727.5256752984809,717.9504248353214,725.9859619140625,9835834,0.0,0.0
2022-11-09 00:00:00+05:30,728.9932072410344,730.38854669658,723.6762802249166,725.7693481445312,9269790,0.0,0.0
2022-11-10 00:00:00+05:30,720.3562824334263,734.743211017239,719.3699237114974,733.6605834960938,12774182,0.0,0.0
2022-11-11 00:00:00+05:30,743.404141412297,787.6715724866862,740.0359673088109,775.2333984375,56722338,0.0,0.0
2022-11-14 00:00:00+05:30,775.6424611635699,783.3411456416203,768.906112245276,777.1100463867188,19195390,0.0,0.0
2022-11-15 00:00:00+05:30,781.0074169195871,781.0074169195871,772.3945027587589,779.0105590820312,11030202,0.0,0.0
2022-11-16 00:00:00+05:30,778.8422119111716,790.0774674383857,775.6424345375626,785.6988525390625,13578150,0.0,0.0
2022-11-17 00:00:00+05:30,778.5775416526076,785.0492832742325,776.5566605526772,778.6016235351562,12100930,0.0,0.0
2022-11-18 00:00:00+05:30,779.9729198902146,780.9352553866862,772.3945278555009,776.556640625,10459232,0.0,0.0
2022-11-21 00:00:00+05:30,773.5493742606727,775.6424423049926,765.1529614641645,768.5933227539062,8344816,0.0,0.0
2022-11-22 00:00:00+05:30,769.8683630485893,771.9614309133688,765.537853506441,767.4625244140625,8546314,0.0,0.0
2022-11-23 00:00:00+05:30,772.2742311837565,772.2742311837565,766.9813859856123,769.4594116210938,10185738,0.0,0.0
2022-11-24 00:00:00+05:30,772.7312711598448,785.2657136747216,769.4593659279763,781.9697265625,17197960,0.0,0.0
2022-11-25 00:00:00+05:30,784.1590590980275,785.1213945985398,776.6528539412901,778.3610229492188,8410496,0.0,0.0
2022-11-28 00:00:00+05:30,771.2637536720435,773.4530315663065,767.0054310777749,769.9886474609375,16105980,0.0,0.0
2022-11-29 00:00:00+05:30,768.5451734076865,775.8107945409757,766.4280236025191,768.8338623046875,12638236,0.0,0.0
2022-11-30 00:00:00+05:30,768.4730227722782,776.0754969244954,768.4730227722782,773.9342651367188,15184806,0.0,0.0
2022-12-01 00:00:00+05:30,780.454140154658,787.6716568638566,777.0859656903655,779.251220703125,20446366,0.0,0.0
2022-12-02 00:00:00+05:30,774.6800661706023,778.8180970128258,772.3464143644907,773.28466796875,7811078,0.0,0.0
2022-12-05 00:00:00+05:30,774.6559840761946,776.893425827618,768.0399276122688,776.0994873046875,11592622,0.0,0.0
2022-12-06 00:00:00+05:30,770.349534240186,776.46034090485,769.8683665111166,775.2333984375,12353092,0.0,0.0
2022-12-07 00:00:00+05:30,776.6769012486282,778.8180741474324,772.0095390371375,774.8965454101562,11674720,0.0,0.0
2022-12-08 00:00:00+05:30,774.6801267872993,782.378811277111,772.2742878842332,779.251220703125,14803634,0.0,0.0
2022-12-09 00:00:00+05:30,782.3787950839879,786.637118107019,779.4917884600618,784.8087158203125,11963384,0.0,0.0
2022-12-12 00:00:00+05:30,781.897599252911,795.6589852525027,780.1654070879796,790.9194946289062,14434808,0.0,0.0
2022-12-13 00:00:00+05:30,793.9267873639345,797.2949616133573,791.5209486143468,793.1088256835938,17031702,0.0,0.0
2022-12-14 00:00:00+05:30,795.3702434987874,801.3848400164733,793.9267403345427,799.821044921875,14227640,0.0,0.0
2022-12-15 00:00:00+05:30,797.3190413162754,803.2614512642567,782.8840088582007,785.1695556640625,18182648,0.0,0.0
2022-12-16 00:00:00+05:30,779.5158401167187,791.5690570624564,774.1989129626363,788.9467163085938,14647958,0.0,0.0
2022-12-19 00:00:00+05:30,791.0397589631783,792.3148652124158,782.4749497572581,791.400634765625,9604542,0.0,0.0
2022-12-20 00:00:00+05:30,779.5879427299554,787.3828952985053,779.5879427299554,785.9393920898438,7174698,0.0,0.0
2022-12-21 00:00:00+05:30,789.5962507751079,791.4247116571615,773.0200458484181,778.3369140625,9269198,0.0,0.0
2022-12-22 00:00:00+05:30,780.5503710559809,783.1005838558391,774.1989796768327,775.6665649414062,9747096,0.0,0.0
2022-12-23 00:00:00+05:30,763.6132225912555,771.8652612871225,762.867389080973,768.7376708984375,10693152,0.0,0.0
2022-12-26 00:00:00+05:30,769.6278068793584,788.6339327760353,765.0567133092716,784.0387573242188,9907322,0.0,0.0
2022-12-27 00:00:00+05:30,785.7469942121562,787.1664156857469,776.3642223890472,784.832763671875,7926772,0.0,0.0
2022-12-28 00:00:00+05:30,780.9833552219441,785.7469276450677,780.9833552219441,784.2072143554688,8691870,0.0,0.0
2022-12-29 00:00:00+05:30,779.5398699494827,790.7992071900476,775.1612551160126,789.7406616210938,11012896,0.0,0.0
2022-12-30 00:00:00+05:30,791.520872062532,791.520872062532,779.4916794779951,783.4132080078125,7122640,0.0,0.0
2023-01-02 00:00:00+05:30,782.8598948008254,788.994783343364,778.7940509867589,783.6778564453125,4381378,0.0,0.0
2023-01-03 00:00:00+05:30,780.5503292014555,790.5586422632767,780.5503292014555,788.8023681640625,8378030,0.0,0.0
2023-01-04 00:00:00+05:30,786.709274515468,791.8818278494382,773.2365774595456,774.7041625976562,10351600,0.0,0.0
2023-01-05 00:00:00+05:30,777.085950452134,778.5535356487463,764.7680672572426,769.7240600585938,10941436,0.0,0.0
2023-01-06 00:00:00+05:30,770.8307523930382,774.2470317456477,759.3789361975485,767.1738891601562,9092462,0.0,0.0
2023-01-09 00:00:00+05:30,767.9437756748827,775.4259581366615,765.0567689994132,768.66552734375,10729340,0.0,0.0
2023-01-10 00:00:00+05:30,769.8684118966518,769.8684118966518,753.0275403864125,754.6154174804688,16371766,0.0,0.0
2023-01-11 00:00:00+05:30,754.4469115539331,768.9060251968651,750.6216516314828,765.48974609375,15195798,0.0,0.0
2023-01-12 00:00:00+05:30,763.9981171629116,771.7449055844786,762.2418432655777,769.5796508789062,9250070,0.0,0.0
2023-01-13 00:00:00+05:30,769.2669828560861,774.6320153125537,763.1320937043018,770.1812133789062,9244546,0.0,0.0
2023-01-16 00:00:00+05:30,777.0858851595061,780.1172653577423,760.3893883970367,762.7952270507812,14748094,0.0,0.0
2023-01-17 00:00:00+05:30,764.9605254372576,775.1612584159965,759.0421385172157,774.1508178710938,10786354,0.0,0.0
2023-01-18 00:00:00+05:30,772.274237215273,789.884965083016,769.724024650822,787.8159790039062,19090642,0.0,0.0
2023-01-19 00:00:00+05:30,787.6716113274065,793.9267921137573,785.7469403162216,791.087890625,11172162,0.0,0.0
2023-01-20 00:00:00+05:30,791.0878917418223,803.068980550622,790.7510978089086,799.195556640625,18843404,0.0,0.0
2023-01-23 00:00:00+05:30,801.7457607178152,809.6128416563689,799.4121088854909,805.041748046875,15444400,0.0,0.0
2023-01-24 00:00:00+05:30,805.9800286815163,819.139954334254,805.9559468005266,815.8198852539062,24983940,0.0,0.0
2023-01-25 00:00:00+05:30,813.8471429635326,814.5929177332151,791.6653214666925,793.2772216796875,14704142,0.0,0.0
2023-01-27 00:00:00+05:30,785.2657804091282,787.6716191971464,765.032652707376,777.4708862304688,35179948,0.0,0.0
2023-01-30 00:00:00+05:30,767.462506381816,782.0419116590099,761.2073260790175,776.6768798828125,18512822,0.0,0.0
2023-01-31 00:00:00+05:30,779.3473843212695,780.7908875770869,767.4625643428925,771.552490234375,18596244,0.0,0.0
2023-02-01 00:00:00+05:30,781.4164037954262,801.1442809848427,772.7553845415359,783.1245727539062,17302790,0.0,0.0
2023-02-02 00:00:00+05:30,773.7658324138648,781.6569951120864,764.4552483744704,771.4802856445312,17497106,0.0,0.0
2023-02-03 00:00:00+05:30,775.1612895534513,798.9790945397306,773.236618443449,798.1611328125,14411100,0.0,0.0
2023-02-06 00:00:00+05:30,798.7384939446326,803.2614827057959,792.0983552594887,794.7688598632812,11167672,0.0,0.0
2023-02-07 00:00:00+05:30,798.449739262286,801.0961617651983,785.5544206626682,795.9476318359375,10264588,0.0,0.0
2023-02-08 00:00:00+05:30,795.9717934088378,802.6840603891873,793.9268303609384,795.8515014648438,8444826,0.0,0.0
2023-02-09 00:00:00+05:30,798.7385404930559,799.5324791028548,786.9740113881463,794.1915283203125,11777336,0.0,0.0
2023-02-10 00:00:00+05:30,793.3494214707791,798.0167252205403,790.173667284601,797.3430786132812,8172116,0.0,0.0
2023-02-13 00:00:00+05:30,796.3326188427218,799.5805011250109,791.3044393965116,797.9445190429688,5736944,0.0,0.0
2023-02-14 00:00:00+05:30,801.1443083812574,807.1589052910266,797.7520522296284,805.3304443359375,10908592,0.0,0.0
2023-02-15 00:00:00+05:30,807.3994872360046,807.3994872360046,797.1746725138561,803.6945190429688,11438712,0.0,0.0
2023-02-16 00:00:00+05:30,805.0898752375481,809.2760700053668,799.2196520403804,800.783447265625,8062500,0.0,0.0
2023-02-17 00:00:00+05:30,799.2196298038508,802.6599909509282,790.5345284538475,796.7656860351562,8956270,0.0,0.0
2023-02-20 00:00:00+05:30,798.7384663515395,803.2854781022144,786.6130625255412,789.2835083007812,8086706,0.0,0.0
2023-02-21 00:00:00+05:30,789.115146297544,799.8692342574486,786.2281396647481,792.2427368164062,12389296,0.0,0.0
2023-02-22 00:00:00+05:30,788.6339729282492,790.0533943514464,774.2230217496752,776.7009887695312,10359102,0.0,0.0
2023-02-23 00:00:00+05:30,776.1235754720026,778.9383950431011,766.0671578181314,771.4321899414062,27882010,0.0,0.0
2023-02-24 00:00:00+05:30,778.4813560195853,778.4813560195853,762.7471345130758,764.551513671875,17061740,0.0,0.0
2023-02-27 00:00:00+05:30,763.0839740657053,769.3872600713753,758.9459430133319,766.4521484375,14312972,0.0,0.0
2023-02-28 00:00:00+05:30,766.0190402522969,772.4185946735463,764.431163219567,769.6759033203125,18993992,0.0,0.0
2023-03-01 00:00:00+05:30,775.6425042238213,776.1236720304117,767.8235273667264,768.9302368164062,14137256,0.0,0.0
2023-03-02 00:00:00+05:30,766.981406050965,772.7313372630384,761.2073929564784,762.38623046875,17391814,0.0,0.0
2023-03-03 00:00:00+05:30,767.943731924865,779.4917579688479,764.094389910204,777.5189819335938,14986234,0.0,0.0
2023-03-06 00:00:00+05:30,779.4917245287281,788.8504134058667,778.5534709474247,783.0042724609375,27004710,0.0,0.0
2023-03-08 00:00:00+05:30,779.4917718675084,788.8745431955432,779.4917718675084,784.568115234375,20099774,0.0,0.0
2023-03-09 00:00:00+05:30,784.27938296168,791.9780672791738,782.859961535162,784.6402587890625,20700166,0.0,0.0
2023-03-10 00:00:00+05:30,774.8966492145099,776.4845264268987,762.6509523697192,764.4072265625,27387000,0.0,0.0
2023-03-13 00:00:00+05:30,764.0462404475056,771.6968190039678,753.0034059433883,754.7356567382812,26443550,0.0,0.0
2023-03-14 00:00:00+05:30,755.5536842804477,761.9772622068983,750.2849207392273,752.7147827148438,33185612,0.0,0.0
2023-03-15 00:00:00+05:30,759.2826799733518,761.6404136039248,739.3623241507462,741.9125366210938,37264754,0.0,0.0
2023-03-16 00:00:00+05:30,740.5171674402086,750.1886274704333,737.1730750713688,746.7242431640625,21753342,0.0,0.0
2023-03-17 00:00:00+05:30,749.4187927190782,759.8601097073861,740.9983568458301,756.70849609375,22950876,0.0,0.0
2023-03-20 00:00:00+05:30,754.446900441081,754.5190873460873,743.5966036348024,751.4636840820312,26503114,0.0,0.0
2023-03-21 00:00:00+05:30,756.3716494546454,761.4479929018443,748.793257108229,759.9804077148438,33050494,0.0,0.0
2023-03-22 00:00:00+05:30,762.1697342790129,763.156151684689,753.1719206327385,758.2241821289062,14177324,0.0,0.0
2023-03-23 00:00:00+05:30,754.3508112835871,765.2251917130186,749.9240910601629,752.137451171875,28364178,0.0,0.0
2023-03-24 00:00:00+05:30,750.6216774626521,757.3099208232004,748.1917568712191,750.9344482421875,31477748,0.0,0.0
2023-03-27 00:00:00+05:30,751.6802291971494,759.9803728144399,750.092410877359,754.2063598632812,31872006,0.0,0.0
2023-03-28 00:00:00+05:30,753.3643757274799,761.6404968520089,752.5945190205312,760.34130859375,39276302,0.0,0.0
2023-03-29 00:00:00+05:30,762.1697080199377,770.8307274292553,761.1592675027767,763.9981689453125,39763612,0.0,0.0
2023-03-31 00:00:00+05:30,767.7512367744048,776.0994853441741,766.2115234957539,774.4635620117188,34711228,0.0,0.0
2023-04-03 00:00:00+05:30,773.5011989750112,777.4226689404504,771.1915704030113,774.9447021484375,40025398,0.0,0.0
2023-04-05 00:00:00+05:30,778.8180228007624,796.813706420068,777.5669985355254,795.7310791015625,43365392,0.0,0.0
2023-04-06 00:00:00+05:30,793.2291334002176,803.1652006446278,792.5314049071793,801.7938842773438,44637344,0.0,0.0
2023-04-10 00:00:00+05:30,800.3023046039525,804.0313548734133,795.8515026694348,797.99267578125,31813286,0.0,0.0
2023-04-11 00:00:00+05:30,798.2572492502067,803.2614052965625,794.4560125065183,800.3262939453125,42361542,0.0,0.0
2023-04-12 00:00:00+05:30,802.5878572606912,812.3074229248433,802.4916471991853,810.7196044921875,26955504,0.0,0.0
2023-04-13 00:00:00+05:30,812.3555567321653,816.5657746530499,807.4716921966794,814.3523559570312,35330086,0.0,0.0
2023-04-17 00:00:00+05:30,827.6085828103118,827.6085828103118,795.5147153318975,801.9382934570312,32405148,0.0,0.0
2023-04-18 00:00:00+05:30,803.550177070361,807.0386434079419,797.00630713609,798.5460205078125,29637226,0.0,0.0
2023-04-19 00:00:00+05:30,801.1442851788886,803.6944976892919,797.3671301762054,801.4810791015625,24741168,0.0,0.0
2023-04-20 00:00:00+05:30,804.3681477069183,807.1348624191324,801.8179937357015,804.4644165039062,32922716,0.0,0.0
2023-04-21 00:00:00+05:30,803.0690219934318,806.8942823364474,800.3023072681698,805.7635498046875,20128618,0.0,0.0
2023-04-24 00:00:00+05:30,811.729970551708,813.8711434821779,805.5228950106629,812.2833251953125,35675852,0.0,0.0
2023-04-25 00:00:00+05:30,812.066755339811,812.066755339811,799.6526631336261,800.7352905273438,50353068,0.0,0.0
2023-04-26 00:00:00+05:30,798.738456878835,805.955973055451,796.3326181532963,804.416259765625,27392750,0.0,0.0
2023-04-27 00:00:00+05:30,803.7906953628967,810.8879194015693,801.5532536644629,808.8429565429688,47790392,0.0,0.0
2023-04-28 00:00:00+05:30,810.6232176162707,813.6545976840637,803.5500757731439,812.0186157226562,27916272,0.0,0.0
2023-05-02 00:00:00+05:30,812.5478894124298,817.5039403262289,809.3240892458605,811.8502197265625,32221184,0.0,0.0
2023-05-03 00:00:00+05:30,810.7435980893194,816.0605253605099,808.1934441893474,814.689208984375,29407270,0.0,0.0
2023-05-04 00:00:00+05:30,811.7781309061464,834.5614130090665,811.7781309061464,831.3616943359375,56854638,0.0,0.0
2023-05-05 00:00:00+05:30,788.6339045566583,799.1955126698393,780.5021582230617,782.2103271484375,62770416,0.0,0.0
2023-05-08 00:00:00+05:30,786.7093355416769,794.095249360511,784.3034965950662,791.25634765625,37244524,0.0,0.0
2023-05-09 00:00:00+05:30,793.878651970084,796.8137633850524,789.0909977997552,791.2803344726562,43688938,0.0,0.0
2023-05-10 00:00:00+05:30,791.2803925786036,796.1642571593527,785.7950682892969,794.937255859375,46340550,0.0,0.0
2023-05-11 00:00:00+05:30,801.216542964019,812.2112150220032,793.5659634923215,795.466552734375,35734618,0.0,0.0
2023-05-12 00:00:00+05:30,792.4833249747595,804.8974770572269,791.1601135942614,802.4916381835938,22478760,0.0,0.0
2023-05-15 00:00:00+05:30,804.5125423272495,808.7227604763904,801.1924728395238,806.3410034179688,18512260,0.0,0.0
2023-05-16 00:00:00+05:30,813.641207320555,813.641207320555,800.1113205928083,801.7174072265625,32722086,9.5,0.0
2023-05-17 00:00:00+05:30,803.0314612780545,803.0314612780545,791.0346460503185,797.4102172851562,30466868,0.0,0.0
2023-05-18 00:00:00+05:30,802.0580796447568,804.953835962047,798.1645938212387,800.5980224609375,49646942,0.0,0.0
2023-05-19 00:00:00+05:30,802.0581085513332,803.0314800422937,794.0521518021368,801.5227661132812,30460332,0.0,0.0
2023-05-22 00:00:00+05:30,800.5981052751066,804.4429348055172,794.6118464382748,798.6757202148438,28334032,0.0,0.0
2023-05-23 00:00:00+05:30,802.5447954516952,802.8367950174272,794.9768083346355,796.8018798828125,22470074,0.0,0.0
2023-05-24 00:00:00+05:30,792.1053982534182,795.6095118101778,785.3160965486113,786.3868408203125,33588112,0.0,0.0
2023-05-25 00:00:00+05:30,786.3380947431477,788.455225154943,777.407423655138,783.3693237304688,29776930,0.0,0.0
2023-05-26 00:00:00+05:30,787.944211421121,787.944211421121,779.7922252930767,786.3868408203125,26635066,0.0,0.0
2023-05-29 00:00:00+05:30,792.5676872978805,798.6512587386072,790.7912725552128,795.9744873046875,21816292,0.0,0.0
2023-05-30 00:00:00+05:30,795.0498137776772,799.4543434930372,792.5920864341458,796.5828857421875,37125928,0.0,0.0
2023-05-31 00:00:00+05:30,793.249109394473,795.706836766176,780.9602943063138,783.9777221679688,43334270,0.0,0.0
2023-06-01 00:00:00+05:30,788.3822359863269,788.3822359863269,778.6971779535536,780.6439208984375,50366938,0.0,0.0
2023-06-02 00:00:00+05:30,784.7564131844704,785.9001722239442,779.1838851154611,781.8606567382812,17859710,0.0,0.0
2023-06-05 00:00:00+05:30,785.7541372012771,786.7275086936293,779.889550195903,780.838623046875,18697242,0.0,0.0
2023-06-06 00:00:00+05:30,782.4203085516023,783.4909933701617,774.9253365920524,778.4051513671875,32182852,0.0,0.0
2023-06-07 00:00:00+05:30,780.3761658426776,784.805053262948,776.7503811233141,782.444580078125,24949026,0.0,0.0
2023-06-08 00:00:00+05:30,780.278861070367,791.350960923385,780.278861070367,782.9312744140625,37395522,0.0,0.0
2023-06-09 00:00:00+05:30,786.4354761770152,787.7008471820789,782.1039613355581,783.8560180664062,18212578,0.0,0.0
2023-06-12 00:00:00+05:30,784.8050437509804,786.3867722647989,778.4294135981509,779.0864868164062,13408292,0.0,0.0
2023-06-13 00:00:00+05:30,773.8789730190645,783.0773452649356,773.8789730190645,780.4005737304688,27926108,0.0,0.0
2023-06-14 00:00:00+05:30,783.7830313619872,784.5374180278894,778.7945024942541,779.5488891601562,20113968,0.0,0.0
2023-06-15 00:00:00+05:30,780.6439096325554,781.5929230405386,768.4767664026215,769.961181640625,35377476,0.0,0.0
2023-06-16 00:00:00+05:30,772.4432977006162,783.1746828103192,770.9102257106925,780.0355834960938,15779272,0.0,0.0
2023-06-19 00:00:00+05:30,784.0507655809437,785.6324943134937,777.8941787861185,780.7169799804688,24829146,0.0,0.0
2023-06-20 00:00:00+05:30,780.7169047691681,784.0506900484788,774.146647589991,782.3472900390625,20005626,0.0,0.0
2023-06-21 00:00:00+05:30,786.4841043269806,796.8261756245972,784.050675786365,796.0231323242188,24308946,0.0,0.0
2023-06-22 00:00:00+05:30,798.1645692917998,806.7059273185989,797.702241628417,799.9166259765625,56596140,0.0,0.0
2023-06-23 00:00:00+05:30,796.9722246864862,807.8496386483743,795.2688246661945,799.8679809570312,21339218,0.0,0.0
2023-06-26 00:00:00+05:30,800.598057936059,803.396500995714,792.6650564551716,795.9989013671875,16130314,0.0,0.0
2023-06-27 00:00:00+05:30,799.6003360457688,814.1766100290189,797.4589662553369,807.2169799804688,33831864,0.0,0.0
2023-06-28 00:00:00+05:30,812.7652324615918,817.5834334461853,808.1417176661517,815.7583618164062,59562950,0.0,0.0
2023-06-30 00:00:00+05:30,829.3124901661796,831.6486054517263,819.2137611926184,828.047119140625,40699016,0.0,0.0
2023-07-03 00:00:00+05:30,833.449367439012,855.3502267293802,832.2326530339916,837.002197265625,44104116,0.0,0.0
2023-07-04 00:00:00+05:30,838.778513734139,850.2399866599931,834.0820438772298,841.0902709960938,38795188,0.0,0.0
2023-07-05 00:00:00+05:30,835.2744057361592,837.0994772709068,812.0595195781218,814.3712768554688,37165754,0.0,0.0
2023-07-06 00:00:00+05:30,814.2252369257229,821.4525082286525,808.0930085295972,815.1986083984375,52156544,0.0,0.0
2023-07-07 00:00:00+05:30,810.3317601084606,815.1986175265295,806.0976179186929,808.093017578125,19926336,0.0,0.0
2023-07-10 00:00:00+05:30,808.3850372058562,816.0503378295722,802.8854644229833,806.1705932617188,38398442,0.0,0.0
2023-07-11 00:00:00+05:30,809.3583461576029,815.6852604691176,800.8413461228718,802.2527465820312,50670426,0.0,0.0
2023-07-12 00:00:00+05:30,805.6352938593309,810.9645387950601,791.9107786303803,794.7335205078125,70958358,0.0,0.0
2023-07-13 00:00:00+05:30,806.2922367876993,806.6572510904781,797.2155953198356,798.699951171875,41913546,0.0,0.0
2023-07-14 00:00:00+05:30,804.7835035114284,804.7835035114284,795.7311609024043,800.3546752929688,24727214,0.0,0.0
2023-07-17 00:00:00+05:30,803.0314502823962,818.6053935606003,794.7577929158504,817.0966796875,49252928,0.0,0.0
2023-07-18 00:00:00+05:30,826.3923403152943,829.3124545920268,812.7651403572094,816.415283203125,81076818,0.0,0.0
2023-07-19 00:00:00+05:30,818.1673927652148,821.8905505906512,815.1986216073076,820.1141357421875,32935134,0.0,0.0
2023-07-20 00:00:00+05:30,818.1917641303833,823.4722926593728,817.6320636334198,821.8905639648438,56210948,0.0,0.0
2023-07-21 00:00:00+05:30,817.6320129512904,822.4015567907909,814.3468843278255,815.5635986328125,42154248,0.0,0.0
2023-07-24 00:00:00+05:30,816.9019892100436,819.8951183000274,812.813817239081,816.8533325195312,32179444,0.0,0.0
2023-07-25 00:00:00+05:30,819.8951278192749,826.879056170404,816.8533420034627,825.7109985351562,55992596,0.0,0.0
2023-07-26 00:00:00+05:30,827.1710534459679,827.1710534459679,821.5255108693627,822.8395385742188,24794358,0.0,0.0
2023-07-27 00:00:00+05:30,827.3170606790924,828.8257745170246,811.5240735457453,814.2982177734375,59741302,0.0,0.0
2023-07-28 00:00:00+05:30,808.628323918532,812.2298101291246,798.6999233468555,799.8679809570312,41015684,0.0,0.0
2023-07-31 00:00:00+05:30,803.0557764440342,806.3409049738307,797.531846128994,803.6154174804688,34565006,0.0,0.0
2023-08-01 00:00:00+05:30,805.1971747453257,811.5240891764785,803.0314470309211,808.9933471679688,35394188,0.0,0.0
2023-08-02 00:00:00+05:30,799.1380486876382,803.7615635856482,794.8308914277848,798.4080200195312,28116322,0.0,0.0
2023-08-03 00:00:00+05:30,798.1646183703506,803.6884896703888,789.8909607409018,792.6407470703125,57673946,0.0,0.0
2023-08-04 00:00:00+05:30,795.8042164551875,806.1949453417267,792.9327586465489,804.1021728515625,37388304,0.0,0.0
2023-08-07 00:00:00+05:30,809.4069842309956,809.4069842309956,801.8390571629793,803.6397705078125,28300918,0.0,0.0
2023-08-08 00:00:00+05:30,803.8588478451442,805.7569341954113,799.1623777784342,802.9828491210938,43773828,0.0,0.0
2023-08-09 00:00:00+05:30,804.4915557001548,805.2215843350914,793.8331257481036,803.2748413085938,33361236,0.0,0.0
2023-08-10 00:00:00+05:30,801.5957522263969,805.099865704745,793.7844225264857,796.1448364257812,50781118,0.0,0.0
2023-08-11 00:00:00+05:30,797.385890968424,797.385890968424,786.5814324003055,787.8468627929688,28225822,0.0,0.0
2023-08-14 00:00:00+05:30,784.0507318876311,785.9974748594191,778.8188601509507,784.0020751953125,31304410,0.0,0.0
2023-08-16 00:00:00+05:30,770.4721710730195,783.3937010320665,769.5961724006356,781.714599609375,34137542,0.0,0.0
2023-08-17 00:00:00+05:30,777.529087744607,783.5153458133944,775.7770310495571,777.3831176757812,52884040,0.0,0.0
2023-08-18 00:00:00+05:30,772.6379419530916,776.8964420218484,771.6402124587459,774.1953125,25633366,0.0,0.0
2023-08-21 00:00:00+05:30,778.9405796354617,778.9405796354617,772.3703217003922,773.5870361328125,21837270,0.0,0.0
2023-08-22 00:00:00+05:30,776.9207377849476,777.7237811054864,768.963438139342,770.2774658203125,32273570,0.0,0.0
2023-08-23 00:00:00+05:30,768.9634840803492,774.0980425006611,765.6783552717781,772.1755981445312,36498588,0.0,0.0
2023-08-24 00:00:00+05:30,775.4364030038525,776.8477441031978,767.0897307917666,768.622802734375,43145792,0.0,0.0
2023-08-25 00:00:00+05:30,766.3111120049593,767.7468112795314,758.4511248442728,759.9598388671875,30069756,0.0,0.0
2023-08-28 00:00:00+05:30,759.9597651143588,770.2531801549441,759.9597651143588,767.868408203125,28867238,0.0,0.0
2023-08-29 00:00:00+05:30,773.6842594017068,775.1200179106506,769.669102242421,773.976318359375,35538932,0.0,0.0
2023-08-30 00:00:00+05:30,780.6195643753474,780.6195643753474,765.8973208258516,768.3307495117188,28084204,0.0,0.0
2023-08-31 00:00:00+05:30,768.4768083488655,770.4965661172561,760.7384929502665,764.8023071289062,100075772,0.0,0.0
2023-09-01 00:00:00+05:30,764.5832587851945,768.4767445078436,758.9133583196115,766.3839721679688,43226776,0.0,0.0
2023-09-04 00:00:00+05:30,773.8303310146484,774.5360015777221,766.4813881806992,771.1779174804688,25073638,0.0,0.0
2023-09-05 00:00:00+05:30,773.0516417713671,773.0516417713671,764.38861183011,766.4813842773438,38712082,0.0,0.0
2023-09-06 00:00:00+05:30,767.4060807161218,778.6971658570981,766.4813659496907,776.507080078125,56320910,0.0,0.0
2023-09-07 00:00:00+05:30,776.5071078478363,785.510794150052,772.4432937501639,783.9777221679688,34208342,0.0,0.0
2023-09-08 00:00:00+05:30,782.7367500914759,794.7092081887672,782.3960344054848,790.085693359375,34502210,0.0,0.0
2023-09-11 00:00:00+05:30,792.762427572447,796.4612273788786,790.3776555229446,794.173828125,31573022,0.0,0.0
2023-09-12 00:00:00+05:30,798.164658821722,799.576059429664,790.888730360441,796.6559448242188,39033340,0.0,0.0
2023-09-13 00:00:00+05:30,793.9304547919241,803.8101394610018,792.6163676755281,800.0626831054688,46420094,0.0,0.0
2023-09-14 00:00:00+05:30,800.2330026157181,803.0314455319658,795.7798163539742,799.5759887695312,23538848,0.0,0.0
2023-09-15 00:00:00+05:30,803.0314427561306,812.7651572137806,803.0314427561306,808.75,173411202,0.0,0.0
2023-09-18 00:00:00+05:30,804.8565015861909,805.464858730247,791.399629677695,792.8353881835938,37056288,0.0,0.0
2023-09-20 00:00:00+05:30,778.2104866731253,778.2104866731253,759.4244292708094,761.0304565429688,115474648,0.0,0.0
2023-09-21 00:00:00+05:30,755.8229580049356,763.5855718328563,748.0603441770149,755.9932861328125,72841442,0.0,0.0
2023-09-22 00:00:00+05:30,758.7430770496563,761.3711919566923,741.5874045249608,744.4588623046875,61704250,0.0,0.0
2023-09-25 00:00:00+05:30,742.195730377536,749.8366724935371,742.195730377536,745.1158447265625,40208754,0.0,0.0
2023-09-26 00:00:00+05:30,742.1957693327212,749.4960555884529,742.1957693327212,748.3523559570312,27575308,0.0,0.0
2023-09-27 00:00:00+05:30,741.2224021033014,745.8459167585748,737.3289160778081,743.0961303710938,39338538,0.0,0.0
2023-09-28 00:00:00+05:30,746.5759362770035,748.3279930851168,738.9592924506106,741.5630493164062,55354188,0.0,0.0
2023-09-29 00:00:00+05:30,741.5629997895483,747.2815569377753,740.8816873168103,742.8284301757812,32053782,0.0,0.0
2023-10-03 00:00:00+05:30,743.1691434056778,743.1691434056778,732.9487426122795,733.9464721679688,38971694,0.0,0.0
2023-10-04 00:00:00+05:30,727.5952007546005,747.0626308751249,724.7967576747751,744.4102172851562,54649430,0.0,0.0
2023-10-05 00:00:00+05:30,747.0869560565192,755.1172706279191,745.8945403681716,747.4276123046875,48512674,0.0,0.0
2023-10-06 00:00:00+05:30,751.4428415259151,751.9295273041055,744.5562258825445,746.600341796875,17759356,0.0,0.0
2023-10-09 00:00:00+05:30,743.6558133244023,744.6291848078113,735.8688414571311,737.937255859375,16454972,0.0,0.0
2023-10-10 00:00:00+05:30,740.0300286548502,744.1424994102023,737.426212407623,742.1227416992188,33266292,0.0,0.0
2023-10-11 00:00:00+05:30,744.6778161774354,750.5424029295025,743.8991308991633,749.3013305664062,31333360,0.0,0.0
2023-10-12 00:00:00+05:30,747.5979272653602,755.3362421435227,745.4078415117224,754.2898559570312,22025336,0.0,0.0
2023-10-13 00:00:00+05:30,749.4960266639874,753.7788848660191,744.6048112974557,747.4276123046875,39745300,0.0,0.0
2023-10-16 00:00:00+05:30,745.3591629708128,746.7948620477135,740.0056201744178,744.4344482421875,17856084,0.0,0.0
2023-10-17 00:00:00+05:30,757.1613181665532,757.1613181665532,747.0625893528261,750.0800170898438,32902558,0.0,0.0
2023-10-18 00:00:00+05:30,750.0800099587005,750.0800099587005,738.8375816778204,739.640625,31216200,0.0,0.0
2023-10-19 00:00:00+05:30,732.6566914356105,742.8040767694536,731.5859472105568,737.3045043945312,30252364,0.0,0.0
2023-10-20 00:00:00+05:30,732.46203118805,743.1691173582408,732.46203118805,741.1250610351562,21094010,0.0,0.0
2023-10-23 00:00:00+05:30,741.4656641644435,744.0207640901824,730.0772068991747,732.9730224609375,22376136,0.0,0.0
2023-10-25 00:00:00+05:30,740.2489957035165,741.1250537819102,725.8674086108082,728.3251953125,28311996,0.0,0.0
2023-10-26 00:00:00+05:30,725.7700665168079,726.1350808000519,710.6828094760561,712.2158813476562,55561798,0.0,0.0
2023-10-27 00:00:00+05:30,715.1846713831347,719.3215000369331,713.9193003827721,715.0143432617188,31940532,0.0,0.0
2023-10-30 00:00:00+05:30,712.1429060469561,725.1373914861161,711.4858921827074,722.7769775390625,23310982,0.0,0.0
2023-10-31 00:00:00+05:30,731.9753494856925,731.9753494856925,717.3747773549939,718.5914916992188,32634824,0.0,0.0
2023-11-01 00:00:00+05:30,711.6562634115908,719.0538633124389,711.6562634115908,717.6181640625,33877466,0.0,0.0
2023-11-02 00:00:00+05:30,722.7282919430866,725.4050633947277,714.0409637501907,718.713134765625,45225154,0.0,0.0
2023-11-03 00:00:00+05:30,724.188409593513,725.84315305655,721.0979669049797,722.1199951171875,18095340,0.0,0.0
2023-11-06 00:00:00+05:30,729.0552066561768,729.0552066561768,721.7549208752405,727.351806640625,25593730,0.0,0.0
2023-11-07 00:00:00+05:30,727.1084316790375,727.1084316790375,718.9320882014275,723.8233032226562,41952848,0.0,0.0
2023-11-08 00:00:00+05:30,722.2172785513859,726.8407930714139,720.7815793854345,725.9161376953125,31399546,0.0,0.0
2023-11-09 00:00:00+05:30,723.2150058605088,726.4271198457463,721.9982915168673,723.044677734375,22116740,0.0,0.0
2023-11-10 00:00:00+05:30,720.3435553235623,728.0818705084018,720.3192566823748,725.8917846679688,14015186,0.0,0.0
2023-11-13 00:00:00+05:30,726.1837860969108,728.0575143276742,723.1663582507371,724.5777587890625,20605914,0.0,0.0
2023-11-15 00:00:00+05:30,732.0240144584016,735.3577999173147,730.2963157159859,732.1700439453125,41245460,0.0,0.0
2023-11-16 00:00:00+05:30,734.7494210785321,739.2756221207742,731.8536647558356,734.0924072265625,29713838,0.0,0.0
2023-11-17 00:00:00+05:30,725.16173850318,733.6787387876133,724.6750527726409,732.5106811523438,23701874,0.0,0.0
2023-11-20 00:00:00+05:30,736.3554985735485,736.3554985735485,730.7829708116128,732.559326171875,19331452,0.0,0.0
2023-11-21 00:00:00+05:30,739.2756922652317,740.7357495903111,735.917548535572,738.7646484375,24959972,0.0,0.0
2023-11-22 00:00:00+05:30,739.7623206231069,739.7623206231069,731.7563640092628,736.1365356445312,29123650,0.0,0.0
2023-11-23 00:00:00+05:30,734.1654184677379,741.6360324879696,734.1654184677379,740.39501953125,13046220,0.0,0.0
2023-11-24 00:00:00+05:30,740.3462978210936,746.1622278549652,739.6892839772345,745.6511840820312,16469192,0.0,0.0
2023-11-28 00:00:00+05:30,747.1599239182611,748.1576534487249,742.5851254924052,743.97216796875,28489338,0.0,0.0
2023-11-29 00:00:00+05:30,746.5272258063289,760.6897681490088,746.0891967833849,758.8160400390625,34042488,0.0,0.0
2023-11-30 00:00:00+05:30,763.6829374580863,765.2889647471237,750.542422535641,758.645751953125,69491440,0.0,0.0
2023-12-01 00:00:00+05:30,758.207681074416,762.0281520239192,755.3848801865702,756.990966796875,22153536,0.0,0.0
2023-12-04 00:00:00+05:30,772.8569470817542,784.5374047202694,765.873018667368,783.2720336914062,50662456,0.0,0.0
2023-12-05 00:00:00+05:30,796.4612297811876,797.6779441560443,786.7275147823341,790.2316284179688,52230820,0.0,0.0
2023-12-06 00:00:00+05:30,797.4102062498663,797.4102062498663,786.8004930390686,792.22705078125,38613060,0.0,0.0
2023-12-07 00:00:00+05:30,790.86431017188,795.2444817359088,786.5814519897668,793.5167236328125,20450386,0.0,0.0
2023-12-08 00:00:00+05:30,793.5167662504412,805.4649253113081,793.5167662504412,804.5888671875,33728038,0.0,0.0
2023-12-11 00:00:00+05:30,803.0558607692541,809.6990738547369,801.5714454396721,803.5181884765625,23187620,0.0,0.0
2023-12-12 00:00:00+05:30,805.0755276490755,806.0732571804058,794.1981132379304,795.5364990234375,36581476,0.0,0.0
2023-12-13 00:00:00+05:30,794.4901060535459,796.2178641804811,786.0461204150259,793.7357788085938,29346914,0.0,0.0
2023-12-14 00:00:00+05:30,801.0847344683164,807.3872910879392,800.5980487244109,803.1044921875,35172366,0.0,0.0
2023-12-15 00:00:00+05:30,803.0314839042278,811.7918273650013,801.3767404796611,806.2192993164062,138837130,0.0,0.0
2023-12-18 00:00:00+05:30,808.2389706500245,810.1857135762941,803.4937847672423,805.8055419921875,18014754,0.0,0.0
2023-12-19 00:00:00+05:30,803.0314096384661,807.2412528497581,800.1356534706899,804.4428100585938,24008446,0.0,0.0
2023-12-20 00:00:00+05:30,806.9249792104754,812.2541644467366,800.3303634873538,806.4382934570312,34232520,0.0,0.0
2023-12-21 00:00:00+05:30,806.438219443738,822.3771764061897,803.1530909094922,820.8927612304688,36589240,0.0,0.0
2023-12-22 00:00:00+05:30,819.3840760112807,820.5034769444852,811.3537615362043,813.1788330078125,48578850,0.0,0.0
2023-12-26 00:00:00+05:30,814.3469167985355,820.5278019503709,812.059517577905,818.8244018554688,18045856,0.0,0.0
2023-12-27 00:00:00+05:30,818.3620896655261,830.5292334309963,816.9506891067552,828.9718627929688,27009078,0.0,0.0
2023-12-28 00:00:00+05:30,831.8919383640549,837.7808237889657,828.3391087868577,829.9208374023438,44076470,0.0,0.0
2023-12-29 00:00:00+05:30,825.9057143332578,834.6174011041943,825.4190285852712,831.8676147460938,25011426,0.0,0.0
2024-01-01 00:00:00+05:30,830.285869252277,831.8189412093673,823.4722689184366,826.4410400390625,14239686,0.0,0.0
2024-01-02 00:00:00+05:30,826.781764297971,828.7285072707376,821.8661907638304,826.927734375,29242092,0.0,0.0
2024-01-03 00:00:00+05:30,828.3391176569097,829.6531453722021,812.2541304155426,814.1765747070312,28389762,0.0,0.0
2024-01-04 00:00:00+05:30,816.6586370098769,824.907936188308,813.1058074949292,822.9125366210938,26734056,0.0,0.0
2024-01-05 00:00:00+05:30,821.1118277236433,829.7504992888211,811.8404409559379,818.7026977539062,31889470,0.0,0.0
2024-01-08 00:00:00+05:30,816.9020369293803,818.7757651976441,807.8983504931613,809.577392578125,17998470,0.0,0.0
2024-01-09 00:00:00+05:30,811.3781710383666,816.5613862283932,801.4497697212522,803.2748413085938,25326888,0.0,0.0
2024-01-10 00:00:00+05:30,799.6246288205809,807.8739279163432,798.8459435594566,805.9271850585938,16115824,0.0,0.0
2024-01-11 00:00:00+05:30,807.8983430417109,809.309743595266,799.6246853117656,802.5447998046875,18314010,0.0,0.0
2024-01-12 00:00:00+05:30,804.0048258385641,805.95156875827,795.0497965259408,798.7485961914062,19773552,0.0,0.0
2024-01-15 00:00:00+05:30,801.9120700848223,818.0700722997735,799.916670432672,814.1279296875,28320356,0.0,0.0
2024-01-16 00:00:00+05:30,814.2251937520415,819.4084084513863,806.9735647828543,817.2183227539062,25322500,0.0,0.0
2024-01-17 00:00:00+05:30,764.0965828252033,777.1397839265529,743.8504686909188,748.279296875,170145236,0.0,0.0
2024-01-18 00:00:00+05:30,727.1084347245617,737.3288344094451,720.3191929835535,723.2879638671875,161070930,0.0,0.0
2024-01-19 00:00:00+05:30,732.924355486129,735.0171279009493,714.6493418669147,715.744384765625,109600538,0.0,0.0
2024-01-23 00:00:00+05:30,712.9946289403671,717.7154569857805,693.5271987986505,694.6708984375,115469402,0.0,0.0
2024-01-24 00:00:00+05:30,671.7480069982282,709.8068089160445,671.7480069982282,708.5657958984375,86004404,0.0,0.0
2024-01-25 00:00:00+05:30,706.9110553088505,709.27146932584,690.8017687875753,698.3453979492188,98941852,0.0,0.0
2024-01-29 00:00:00+05:30,704.7452835773879,711.9238979776146,703.6502407027771,707.9573974609375,65645498,0.0,0.0
2024-01-30 00:00:00+05:30,707.90875580775,712.1185398649957,701.2654836786888,702.9202270507812,41728768,0.0,0.0
2024-01-31 00:00:00+05:30,700.5841161285045,717.8371016849802,699.2700884068386,711.80224609375,65761040,0.0,0.0
2024-02-01 00:00:00+05:30,713.0189555223712,717.1800828855794,708.6387839338071,713.651611328125,32690740,0.0,0.0
2024-02-02 00:00:00+05:30,717.8614898495053,720.7085896391353,701.8252179588541,703.8206176757812,44867754,0.0,0.0
2024-02-05 00:00:00+05:30,703.7475666832909,706.6190243767684,697.9316959646247,703.1878662109375,38605046,0.0,0.0
2024-02-06 00:00:00+05:30,703.5286059562596,705.5483042801744,697.2259898811583,702.8228759765625,41075740,0.0,0.0
2024-02-07 00:00:00+05:30,707.154409837675,707.5437822099352,694.3302519335382,695.936279296875,54837086,0.0,0.0
2024-02-08 00:00:00+05:30,695.8876252029665,700.3164537570308,681.6034099643059,682.844482421875,69106124,0.0,0.0
2024-02-09 00:00:00+05:30,677.5395933880455,688.2709787615526,675.0331498393979,683.1121215820312,56642124,0.0,0.0
2024-02-12 00:00:00+05:30,681.18969323455,688.0032934481292,673.2566920790741,676.4931640625,34447812,0.0,0.0
2024-02-13 00:00:00+05:30,677.4422211445823,683.4771364619307,673.7434212435891,678.658935546875,57580994,0.0,0.0
2024-02-14 00:00:00+05:30,669.6796288773342,677.2232584177402,663.6204147201233,673.5974731445312,91320810,0.0,0.0
2024-02-15 00:00:00+05:30,674.0597534612269,688.903668609651,673.7433958465795,688.197998046875,41584944,0.0,0.0
2024-02-16 00:00:00+05:30,692.9918479710976,694.8412181662663,685.4725175238648,691.0451049804688,32175742,0.0,0.0
2024-02-19 00:00:00+05:30,695.4739454261017,695.4739454261017,688.7576582283627,689.682373046875,34451756,0.0,0.0
2024-02-20 00:00:00+05:30,688.660276266856,709.22274741334,687.1029057664576,707.7870483398438,56133508,0.0,0.0
2024-02-21 00:00:00+05:30,712.5079475266035,712.5079475266035,698.3940605878935,700.413818359375,45893136,0.0,0.0
2024-02-22 00:00:00+05:30,689.9986977762575,695.3765988884213,687.2975681948778,690.874755859375,50560882,0.0,0.0
2024-02-23 00:00:00+05:30,692.3348761341468,697.8587478235042,690.1204320838871,691.3858032226562,29833452,0.0,0.0
2024-02-26 00:00:00+05:30,687.9546953048787,698.3210665804025,687.9546953048787,692.2131958007812,23506870,0.0,0.0
2024-02-27 00:00:00+05:30,687.9546948776648,694.3545652339111,687.7113519923358,691.1668090820312,32087150,0.0,0.0
2024-02-28 00:00:00+05:30,691.1667470533215,693.1377886016653,683.3067606806109,685.9348754882812,25321986,0.0,0.0
2024-02-29 00:00:00+05:30,682.3821162687117,686.4216319830621,680.046060184293,683.0148315429688,53295700,0.0,0.0
2024-03-01 00:00:00+05:30,681.360095775817,697.299055159144,681.360095775817,696.32568359375,34738898,0.0,0.0
2024-03-04 00:00:00+05:30,696.4228971703204,699.3673694975699,693.1864847071581,697.2745971679688,35616474,0.0,0.0
2024-03-05 00:00:00+05:30,692.067075174591,702.2874750189414,691.8967470591605,701.2410888671875,37991672,0.0,0.0
2024-03-06 00:00:00+05:30,697.688303532932,707.0813018234176,697.688303532932,702.0927734375,42409530,0.0,0.0
2024-03-07 00:00:00+05:30,703.504204064998,706.2053335588424,701.5088045068723,703.7962036132812,49348046,0.0,0.0
2024-03-11 00:00:00+05:30,695.9606385239804,703.7232526512562,692.5538381955413,694.8899536132812,50531094,0.0,0.0
2024-03-12 00:00:00+05:30,697.9073792005341,712.5079519871562,695.5956218426523,710.3422241210938,65418454,0.0,0.0
2024-03-13 00:00:00+05:30,713.2379447418698,716.2067158438075,705.7429725398497,710.755859375,63067454,0.0,0.0
2024-03-14 00:00:00+05:30,711.5832127948388,713.4812990740788,702.9202422173576,708.3467407226562,52432158,0.0,0.0
2024-03-15 00:00:00+05:30,705.6943406988961,710.2205419583659,701.9225261192986,706.9840698242188,143613804,0.0,0.0
2024-03-18 00:00:00+05:30,704.2343003680048,708.6144722431341,698.7834435762417,703.77197265625,21437856,0.0,0.0
2024-03-19 00:00:00+05:30,698.6374048635253,706.8624060469253,698.6374048635253,705.3779907226562,36183594,0.0,0.0
2024-03-20 00:00:00+05:30,705.2320233558721,706.4973944482159,693.3568789456579,696.4716796875,43606094,0.0,0.0
2024-03-21 00:00:00+05:30,702.0928435492851,706.3026871236781,700.0001304926251,703.6259155273438,28922860,0.0,0.0
2024-03-22 00:00:00+05:30,701.3141208411934,706.0593065998343,699.7323922549797,702.2144775390625,45980326,0.0,0.0
2024-03-26 00:00:00+05:30,694.5978614753975,699.8297331586394,692.1401341445468,693.7218627929688,56844290,0.0,0.0
2024-03-27 00:00:00+05:30,692.8215385852401,704.6966236214441,691.7021375713913,701.1681518554688,62168668,0.0,0.0
2024-03-28 00:00:00+05:30,701.1681292352769,710.8045307526719,701.1681292352769,704.6723022460938,55592142,0.0,0.0
2024-04-01 00:00:00+05:30,709.5877544010062,717.2774122661472,708.4196968327743,715.6713256835938,25199570,0.0,0.0
2024-04-02 00:00:00+05:30,713.0676337207477,727.5221766350272,712.1429189199621,720.367919921875,41225446,0.0,0.0
2024-04-03 00:00:00+05:30,716.450076374618,727.9115494819865,716.109420115624,721.414306640625,45584386,0.0,0.0
2024-04-04 00:00:00+05:30,731.9754091764817,744.6292393883092,731.9754091764817,743.461181640625,88935066,0.0,0.0
2024-04-05 00:00:00+05:30,749.0093625181328,756.5529915753328,744.7022055513205,754.1439208984375,59055902,0.0,0.0
2024-04-08 00:00:00+05:30,756.7719438017782,757.891344732456,750.2504026191882,752.7081298828125,20482940,0.0,0.0
2024-04-09 00:00:00+05:30,756.7233110790663,756.7233110790663,749.6420692068525,753.6572265625,21884494,0.0,0.0
2024-04-10 00:00:00+05:30,754.3142814277871,754.3142814277871,746.0649220391629,747.7196655273438,27807400,0.0,0.0
2024-04-12 00:00:00+05:30,740.24907238775,744.5562296646365,736.5745709797934,739.2513427734375,41084208,0.0,0.0
2024-04-15 00:00:00+05:30,728.8361984614614,734.8954117012732,726.1594270943376,727.4490966796875,23415248,0.0,0.0
2024-04-16 00:00:00+05:30,723.7016987771374,736.3068713842836,721.3899415012858,734.5304565429688,20744886,0.0,0.0
2024-04-18 00:00:00+05:30,734.7980983246009,739.2025682918519,725.6727413912242,727.4490966796875,34234884,0.0,0.0
2024-04-19 00:00:00+05:30,723.4827148610226,747.0382572891224,720.4165709168466,745.2619018554688,34576434,0.0,0.0
2024-04-22 00:00:00+05:30,757.9643557818745,757.9643557818745,734.0680986992392,735.9661254882812,42298438,0.0,0.0
2024-04-23 00:00:00+05:30,742.8284760660457,742.9257894510552,731.6103458842442,733.7274169921875,26827060,0.0,0.0
2024-04-24 00:00:00+05:30,737.3288649584306,740.613993564681,734.4331086916868,735.7227783203125,22441580,0.0,0.0
2024-04-25 00:00:00+05:30,733.070473021552,739.6163731494744,733.070473021552,735.2605590820312,35445204,0.0,0.0
2024-04-26 00:00:00+05:30,739.6650141563123,743.6558134751455,732.729742335618,734.7981567382812,24854694,0.0,0.0
2024-04-29 00:00:00+05:30,737.3288603349619,746.7948737548492,733.2163897953944,744.3858032226562,36093350,0.0,0.0
2024-04-30 00:00:00+05:30,744.2398024289921,749.2526892649995,737.2802320622603,739.8109741210938,52307382,0.0,0.0
2024-05-02 00:00:00+05:30,740.7357142083232,748.0360004850149,739.9326708359107,745.7242431640625,33475006,0.0,0.0
2024-05-03 00:00:00+05:30,746.2109606646968,749.7880892104946,733.5327725274736,739.5676879882812,31865242,0.0,0.0
2024-05-06 00:00:00+05:30,740.7357053714223,746.819277196089,738.3752913854279,741.0520629882812,28793396,0.0,0.0
2024-05-07 00:00:00+05:30,740.7113274497933,741.7334150168236,732.0483570497901,733.021728515625,28480602,0.0,0.0
2024-05-08 00:00:00+05:30,728.0574791574124,728.5441648774708,720.465193806477,721.5845947265625,41687862,0.0,0.0
2024-05-09 00:00:00+05:30,717.8371619271286,723.5800778509216,703.4069761889998,704.4776611328125,46281278,0.0,0.0
2024-05-10 00:00:00+05:30,709.9042250216206,716.2928456267198,703.8856031439476,709.361572265625,27276608,9.75,0.0
2024-05-13 00:00:00+05:30,706.4509373389452,720.1655815796556,705.6122976051453,717.9208984375,27047202,0.0,0.0
2024-05-14 00:00:00+05:30,716.4408878596623,722.9775322143812,715.4789152317669,720.7328491210938,25665142,0.0,0.0
2024-05-15 00:00:00+05:30,720.116199874965,720.116199874965,708.3256213801538,709.6575927734375,38931996,0.0,0.0
2024-05-16 00:00:00+05:30,713.3822271543565,721.5221990437014,708.1775543730138,720.3875122070312,34945236,0.0,0.0
2024-05-17 00:00:00+05:30,713.4562165510583,724.210870736283,713.4562165510583,722.286865234375,20920190,0.0,0.0
2024-05-21 00:00:00+05:30,715.3801590157026,725.0494465734148,715.3801590157026,719.6721801757812,43769978,0.0,0.0
2024-05-22 00:00:00+05:30,719.203521164468,723.0268413842214,714.4182283327197,719.8695068359375,39996278,0.0,0.0
2024-05-23 00:00:00+05:30,719.5982164877166,737.8514873644924,718.808897899437,736.3468017578125,40861920,0.0,0.0
2024-05-24 00:00:00+05:30,733.8308615274302,749.814819731989,733.0908640200075,748.4827880859375,31060206,0.0,0.0
2024-05-27 00:00:00+05:30,751.5168000055969,762.1974428837648,749.3955099218479,753.6627807617188,29385440,0.0,0.0
2024-05-28 00:00:00+05:30,754.846722684579,757.7820820455768,752.2321011517142,755.0440673828125,27908904,0.0,0.0
2024-05-29 00:00:00+05:30,748.8774560751649,751.763434227272,740.6141508121484,744.0921630859375,35147706,0.0,0.0
2024-05-30 00:00:00+05:30,739.6027730570852,751.6400771573121,738.8381451452329,747.3234252929688,33755350,0.0,0.0
2024-05-31 00:00:00+05:30,749.370736784836,757.7573743920395,746.9040786650703,755.5620727539062,74079588,0.0,0.0
2024-06-03 00:00:00+05:30,788.8372786068238,788.8372786068238,764.6640286682782,775.615966796875,72637256,0.0,0.0
2024-06-04 00:00:00+05:30,768.1174071283333,769.1040704644005,717.3042453208712,731.6848754882812,89531240,0.0,0.0
2024-06-05 00:00:00+05:30,737.062160780223,769.4000136473305,731.2901444599279,765.5520629882812,81631650,0.0,0.0
2024-06-06 00:00:00+05:30,772.0147015010076,772.2859977724349,762.9867083301413,769.4493408203125,46422870,0.0,0.0
2024-06-07 00:00:00+05:30,770.115345809898,781.6099363682906,765.675361251112,776.1832885742188,36712216,0.0,0.0
2024-06-10 00:00:00+05:30,776.5040577255814,779.784725413951,768.4134061980604,770.23876953125,22454058,0.0,0.0
2024-06-11 00:00:00+05:30,767.6240504407497,775.0240252200629,765.7493660748642,771.9653930664062,29545326,0.0,0.0
2024-06-12 00:00:00+05:30,776.9973227739393,783.5586575880445,772.7546827700062,776.5780029296875,39280436,0.0,0.0
2024-06-13 00:00:00+05:30,780.3273770852536,782.2760131134276,776.5040566032491,779.8340454101562,24120192,0.0,0.0
2024-06-14 00:00:00+05:30,781.4373401835603,788.8373149959045,778.329326673916,787.8013305664062,25540554,0.0,0.0
2024-06-18 00:00:00+05:30,787.8012622589033,794.5105601294592,784.1259056214269,793.1785888671875,32415714,0.0,0.0
2024-06-19 00:00:00+05:30,795.941305047812,823.8145435842582,791.3039754417663,817.869873046875,90131196,0.0,0.0
2024-06-20 00:00:00+05:30,823.7651872236406,829.5124525875813,814.983860042712,823.5431518554688,41408742,0.0,0.0
2024-06-21 00:00:00+05:30,825.2698546527171,825.2698546527171,810.6179284522095,821.7672119140625,51630776,0.0,0.0
2024-06-24 00:00:00+05:30,812.5172157896385,826.3798229097616,811.9005512360641,825.0478515625,28544994,0.0,0.0
2024-06-25 00:00:00+05:30,824.4065232844747,847.025767804676,824.4065232844747,844.2631225585938,74521548,0.0,0.0
2024-06-26 00:00:00+05:30,842.5857736709851,844.041138181783,834.2731473521208,839.40380859375,47596666,0.0,0.0
2024-06-27 00:00:00+05:30,836.7397746618053,845.0770913433391,832.0531241260426,836.7644653320312,55074650,0.0,0.0
2024-06-28 00:00:00+05:30,837.4798157900913,841.9198007397313,828.3038589383985,830.671875,26476046,0.0,0.0
2024-07-01 00:00:00+05:30,828.7971320491276,842.2651095333842,828.7971320491276,841.2290649414062,21187024,0.0,0.0
2024-07-02 00:00:00+05:30,846.0637432263002,855.8810546817267,840.0204307746837,853.7597045898438,45921690,0.0,0.0
2024-07-03 00:00:00+05:30,883.5569558267186,885.0369507276009,870.5576793248654,872.531005859375,123217802,0.0,0.0
2024-07-04 00:00:00+05:30,868.1404005851939,868.1404005851939,850.9231133709549,852.0578002929688,45848658,0.0,0.0
2024-07-05 00:00:00+05:30,831.2638253093144,831.2638253093144,810.1492067263514,813.0598754882812,82242548,0.0,0.0
2024-07-08 00:00:00+05:30,811.678583484828,816.4391857049037,802.7246020410699,806.7698974609375,39087800,0.0,0.0
2024-07-09 00:00:00+05:30,801.6639054458949,812.3691778178521,799.369901303005,807.3372192382812,48550878,0.0,0.0
2024-07-10 00:00:00+05:30,804.1058576798249,809.063864597064,799.5672308205436,802.20654296875,45507182,0.0,0.0
2024-07-11 00:00:00+05:30,801.1459373403621,802.0832795528332,789.8239996598078,800.1346435546875,44177074,0.0,0.0
2024-07-12 00:00:00+05:30,800.1839277769812,808.2745787950348,794.8312914757237,800.5292358398438,56049960,0.0,0.0
2024-07-15 00:00:00+05:30,800.9239527377698,804.031966294815,796.8292758573642,800.2332763671875,33375694,0.0,0.0
2024-07-16 00:00:00+05:30,799.5672452078501,802.6505679180453,797.6186093434653,799.0739135742188,28950324,0.0,0.0
2024-07-18 00:00:00+05:30,793.2773395385489,801.1459557272271,788.9113662252444,796.6320190429688,33717064,0.0,0.0
2024-07-19 00:00:00+05:30,797.2239068544229,800.677228233124,791.0572615353138,792.9319458007812,26002152,0.0,0.0
2024-07-22 00:00:00+05:30,797.7172520784763,814.4905276323838,795.5712715150735,810.3218994140625,53744822,0.0,0.0
2024-07-23 00:00:00+05:30,812.7885887086006,812.9119216218081,791.7973027922226,798.407958984375,52002152,0.0,0.0
2024-07-24 00:00:00+05:30,793.3513220807449,799.6906218755655,783.4353677463822,791.3286743164062,61728206,0.0,0.0
2024-07-25 00:00:00+05:30,785.8772830890329,801.6638951787058,785.8772830890329,797.5198974609375,25535732,0.0,0.0
2024-07-26 00:00:00+05:30,791.7972838101718,800.0605887969758,787.5792741911353,798.2846069335938,43810540,0.0,0.0
2024-07-29 00:00:00+05:30,796.7306475152811,805.0432741154053,788.4920327099303,791.822021484375,51001148,0.0,0.0
2024-07-30 00:00:00+05:30,790.317345854264,806.4739582617092,788.8373508245744,797.0020141601562,54595834,0.0,0.0
2024-07-31 00:00:00+05:30,796.2373165488889,803.0946388161857,793.8693004409521,797.1006469726562,37820484,0.0,0.0
2024-08-01 00:00:00+05:30,800.627938629233,814.0219048337823,798.1859108540549,808.471923828125,26215174,0.0,0.0
2024-08-02 00:00:00+05:30,804.6239322848401,824.1105327295066,804.6239322848401,818.51123046875,44119238,0.0,0.0
2024-08-05 00:00:00+05:30,809.1132611105608,812.0239300120638,789.824004829474,797.1006469726562,41333634,0.0,0.0
2024-08-06 00:00:00+05:30,804.1305829139676,805.5858871810888,786.0253355957136,789.922607421875,45116050,0.0,0.0
2024-08-07 00:00:00+05:30,797.7172944045706,804.1306059860544,790.4159617464212,800.9239501953125,42346264,0.0,0.0
2024-08-08 00:00:00+05:30,801.1705962949537,815.6252376687839,798.8272709671206,810.3958740234375,33976950,0.0,0.0
2024-08-09 00:00:00+05:30,814.9839073123685,820.1885804457108,811.9252750900921,814.0958862304688,26644618,0.0,0.0
2024-08-12 00:00:00+05:30,814.9838233487179,826.7990913723679,812.6898193077751,818.9797973632812,39316196,0.0,0.0
2024-08-13 00:00:00+05:30,803.1439511462899,805.3146225179424,789.8980079765901,790.9093017578125,54055042,0.0,0.0
2024-08-14 00:00:00+05:30,792.5372336839343,796.0891971974215,790.9092152779186,793.1785888671875,32334428,0.0,0.0
2024-08-16 00:00:00+05:30,803.3905830654421,806.177918901087,794.7572792867222,805.1665649414062,27849246,0.0,0.0
2024-08-19 00:00:00+05:30,807.9045746403995,807.9045746403995,801.0225621096914,804.895263671875,19502164,0.0,0.0
2024-08-20 00:00:00+05:30,802.8725499307859,812.0238759013653,802.8725499307859,807.92919921875,31134494,0.0,0.0
2024-08-21 00:00:00+05:30,803.1932203742449,806.3752455426795,798.1119406824072,802.05859375,47630904,0.0,0.0
2024-08-22 00:00:00+05:30,805.1172807347715,808.2252943260683,803.1439540663039,804.77197265625,21300638,0.0,0.0
2024-08-23 00:00:00+05:30,806.1038926835937,806.1038926835937,800.6772446912317,801.6885986328125,20333422,0.0,0.0
2024-08-26 00:00:00+05:30,805.2159251748899,812.9858989531632,805.2159251748899,809.0392456054688,22364266,0.0,0.0
2024-08-27 00:00:00+05:30,810.7412543536698,812.714580974844,805.2159036816922,807.9539184570312,35773244,0.0,0.0
2024-08-28 00:00:00+05:30,807.9539173658313,808.9405806750858,804.2292392849356,807.6332397460938,26921188,0.0,0.0
2024-08-29 00:00:00+05:30,810.0505418236547,811.2345497877237,804.6979056469421,808.3485717773438,49052604,0.0,0.0
2024-08-30 00:00:00+05:30,816.9572296027775,819.9172195651064,799.7646332824804,807.5346069335938,445342100,0.0,0.0
2024-09-02 00:00:00+05:30,812.4185353190471,812.4185353190471,800.7758609185206,802.6258544921875,34049680,0.0,0.0
2024-09-03 00:00:00+05:30,806.1038818486695,809.0391809529892,801.4665524914798,807.7565307617188,37282860,0.0,0.0
2024-09-04 00:00:00+05:30,808.5706125582972,811.4319603519671,805.1172908451134,809.9519653320312,24682744,0.0,0.0
2024-09-05 00:00:00+05:30,812.0238589250097,813.947864316631,810.0505324148638,811.7525024414062,22876318,0.0,0.0
2024-09-06 00:00:00+05:30,808.2252499925564,812.8872099026286,806.1532209716318,807.5592041015625,26029602,0.0,0.0
2024-09-09 00:00:00+05:30,808.0772497858858,813.2572321563082,804.1799176724811,812.2705688476562,23792914,0.0,0.0
2024-09-10 00:00:00+05:30,815.9705945420105,815.9705945420105,808.0772877024264,814.169921875,26606646,0.0,0.0
2024-09-11 00:00:00+05:30,814.1945707781381,815.2305552034559,808.6692201411954,810.9879150390625,22226684,0.0,0.0
2024-09-12 00:00:00+05:30,815.970556634334,823.8638631072175,812.541925723635,822.1865234375,32424046,0.0,0.0
2024-09-13 00:00:00+05:30,825.8371886289187,825.8371886289187,817.4752411837702,821.8658447265625,23860532,0.0,0.0
2024-09-16 00:00:00+05:30,822.383822656841,827.7118283198007,820.9285184448568,824.3324584960938,15172820,0.0,0.0
2024-09-17 00:00:00+05:30,827.8104775064535,827.8104775064535,820.9778464556504,823.2718505859375,20127122,0.0,0.0
2024-09-18 00:00:00+05:30,824.7765131575844,838.1211584780381,824.4065144173259,836.0985107421875,40917342,0.0,0.0
2024-09-19 00:00:00+05:30,838.2691083056365,848.0370989791965,838.2444778560398,842.8571166992188,30651776,0.0,0.0
2024-09-20 00:00:00+05:30,846.8037464482039,860.8390072921377,842.3884524296358,858.989013671875,60623386,0.0,0.0
2024-09-23 00:00:00+05:30,862.8370332933276,871.3963251528371,858.5203814686755,868.1650390625,26965350,0.0,0.0
2024-09-24 00:00:00+05:30,870.7303607683197,878.9443447710721,865.4270455398441,872.2350463867188,33039036,0.0,0.0
2024-09-25 00:00:00+05:30,868.3377295053485,882.0770041306025,868.3377295053485,877.6863403320312,31965312,0.0,0.0
2024-09-26 00:00:00+05:30,874.7016745924757,882.0769584056752,872.2350164313859,879.832275390625,31899644,0.0,0.0
2024-09-27 00:00:00+05:30,876.6503703689774,877.2423442796407,863.3304153886946,864.6377563476562,35613502,0.0,0.0
2024-09-30 00:00:00+05:30,862.738402689165,864.0456833682003,850.701098537286,854.47509765625,26383534,0.0,0.0
2024-10-01 00:00:00+05:30,850.5037447767241,859.3837142697525,848.5797393423385,851.5890502929688,24572284,0.0,0.0
2024-10-03 00:00:00+05:30,846.3844351066934,851.5644172954591,825.5164827720641,829.7838134765625,48473398,0.0,0.0
2024-10-04 00:00:00+05:30,826.083866681385,834.0511850540141,815.4772359655595,817.771240234375,48683232,0.0,0.0
2024-10-07 00:00:00+05:30,815.0824984433904,818.4371776300311,795.7439225540929,798.1119384765625,94458296,0.0,0.0
2024-10-08 00:00:00+05:30,804.1305430330278,817.351854577489,800.1838900610866,814.5151977539062,29734406,0.0,0.0
2024-10-09 00:00:00+05:30,813.750592132383,817.3272467507278,803.4892692768091,805.6846313476562,41125642,0.0,0.0
2024-10-10 00:00:00+05:30,808.5705299330368,821.6191272702827,805.363874384187,820.114501953125,21754766,0.0,0.0
2024-10-11 00:00:00+05:30,821.1258875682706,821.1258875682706,810.6672800804614,814.4906005859375,23672594,0.0,0.0
2024-10-14 00:00:00+05:30,816.9819085005773,834.741848018609,815.9705545228965,832.7931518554688,18527508,0.0,0.0
2024-10-15 00:00:00+05:30,835.7038196244212,837.6771462351046,826.5771840500105,830.81982421875,19651130,0.0,0.0
2024-10-16 00:00:00+05:30,828.8465156450762,842.585790426718,828.8465156450762,838.565185546875,20470682,0.0,0.0
2024-10-17 00:00:00+05:30,836.1724403142362,837.5044718768119,821.4958240034423,825.4178466796875,14695732,0.0,0.0
2024-10-18 00:00:00+05:30,820.4598702584595,834.2238355924767,816.0198853262701,829.7098388671875,24809724,0.0,0.0
2024-10-21 00:00:00+05:30,846.063768270474,862.4177242903107,844.1151323678729,852.8223876953125,46548354,0.0,0.0
2024-10-22 00:00:00+05:30,853.4884373802005,858.3970631644344,843.9424218629189,845.841796875,38875280,0.0,0.0
2024-10-23 00:00:00+05:30,841.1551854708522,861.603759041874,841.1551854708522,856.3251342773438,38036090,0.0,0.0
2024-10-24 00:00:00+05:30,857.4597103207274,872.5310159915173,857.4597103207274,863.15771484375,30832258,0.0,0.0
2024-10-25 00:00:00+05:30,865.7970368926951,867.2030200365818,852.8223905419693,860.0744018554688,26130478,0.0,0.0
2024-10-28 00:00:00+05:30,859.383716444917,863.8237012026692,852.9210840084185,855.5357055664062,22012142,0.0,0.0
2024-10-29 00:00:00+05:30,851.5644426318723,870.2370336046123,851.0464203091243,864.2430419921875,35794926,0.0,0.0
2024-10-30 00:00:00+05:30,859.3837596235229,865.6737383463702,850.6024319063034,855.7330932617188,32715724,0.0,0.0
2024-10-31 00:00:00+05:30,852.4770662952162,857.8543931673494,848.234426273393,856.2756958007812,22895912,0.0,0.0
2024-11-01 00:00:00+05:30,854.9437742666823,860.419743696405,851.5397737386437,857.0651245117188,1759692,0.0,0.0
2024-11-04 00:00:00+05:30,860.8637106769045,860.8637106769045,844.0411138190809,845.6197509765625,28089248,0.0,0.0
2024-11-05 00:00:00+05:30,840.1437747820238,869.5956493162819,837.6277954866241,867.2030029296875,44232406,0.0,0.0
2024-11-06 00:00:00+05:30,873.9370497603172,873.9370497603172,861.0364145993881,865.92041015625,27787910,0.0,0.0
2024-11-07 00:00:00+05:30,860.5184217555121,868.7323455565536,857.4104082699865,861.62841796875,18895456,0.0,0.0
2024-11-08 00:00:00+05:30,864.3170573375987,869.1517316326272,861.2830556229201,865.5256958007812,19902986,0.0,0.0
2024-11-11 00:00:00+05:30,865.5750573030832,879.5116762015548,863.9223481240455,871.3717041015625,24565362,0.0,0.0
2024-11-12 00:00:00+05:30,874.1836611915717,875.6636561032956,842.9311140165652,847.6423950195312,31395406,0.0,0.0
2024-11-13 00:00:00+05:30,846.9270867373347,853.1677439816382,825.3438276461692,829.463134765625,35728500,0.0,0.0
2024-11-14 00:00:00+05:30,825.39317914741,841.05645917869,824.8998474928816,835.087158203125,27146470,0.0,0.0
2024-11-18 00:00:00+05:30,838.6637692715708,847.987749103584,836.1971111266544,841.1797485351562,27081968,0.0,0.0
2024-11-19 00:00:00+05:30,845.5704607570133,865.1803941380466,839.9957889401087,859.507080078125,50981272,0.0,0.0
2024-11-21 00:00:00+05:30,863.0343691875372,867.7703408111802,855.5356922473849,858.989013671875,35716512,0.0,0.0
2024-11-22 00:00:00+05:30,860.1484352390544,865.4517505554312,853.2417920363309,861.1597290039062,24773612,0.0,0.0
2024-11-25 00:00:00+05:30,880.6216480727867,889.7482832055338,870.6810037082952,880.8929443359375,427737274,0.0,0.0
2024-11-26 00:00:00+05:30,892.9302818593218,892.9302818593218,873.0983737208503,880.8683471679688,30935566,0.0,0.0
2024-11-27 00:00:00+05:30,883.0143007972586,896.5562300169572,880.6709755435701,894.06494140625,32714976,0.0,0.0
2024-11-28 00:00:00+05:30,897.3702251985009,905.8061839354122,882.07694483503,884.6176147460938,35722392,0.0,0.0
2024-11-29 00:00:00+05:30,888.6383310231244,890.2662893460416,879.561016559754,886.04833984375,27669536,0.0,0.0
2024-12-02 00:00:00+05:30,889.7236388960249,892.0176431336934,875.6636867426915,890.3156127929688,15110876,0.0,0.0
2024-12-03 00:00:00+05:30,899.1955156163089,906.4475265301775,895.9395389832724,900.9715576171875,43410242,0.0,0.0
2024-12-04 00:00:00+05:30,906.7435619082082,920.0635162996781,903.3642521901575,917.6461791992188,44669084,0.0,0.0
2024-12-05 00:00:00+05:30,917.596875706611,927.4388181075851,905.3622266087298,920.4335327148438,39682714,0.0,0.0
2024-12-06 00:00:00+05:30,916.1168429341786,919.6688066050771,909.7035317020062,915.5494995117188,17783156,0.0,0.0
2024-12-09 00:00:00+05:30,914.4641912323508,927.4634676846591,912.1701871004972,922.5301513671875,26947912,0.0,0.0
2024-12-10 00:00:00+05:30,926.3288062229569,926.3288062229569,916.881553393078,921.5928344726562,13325480,0.0,0.0
2024-12-11 00:00:00+05:30,918.4354833328279,923.4675021564423,915.9935158212785,919.1261596679688,14045426,0.0,0.0
2024-12-12 00:00:00+05:30,913.1568815747593,921.864197216933,912.0221946944998,917.2268676757812,17293790,0.0,0.0
2024-12-13 00:00:00+05:30,918.8301759997277,924.9968214762359,902.4268990322158,923.3934936523438,19009002,0.0,0.0
2024-12-16 00:00:00+05:30,920.1128492893367,922.5054957499956,915.2535445762154,920.1621704101562,13107082,0.0,0.0
2024-12-17 00:00:00+05:30,915.7962178924912,918.7562078618506,901.0702798391582,904.4002685546875,21079532,0.0,0.0
2024-12-18 00:00:00+05:30,902.7228866518356,905.7568882727958,891.5242825465077,893.2755737304688,23422312,0.0,0.0
2024-12-19 00:00:00+05:30,887.7995941182149,888.5395915672278,877.6369745293333,884.790283203125,25380770,0.0,0.0
2024-12-20 00:00:00+05:30,879.2156362475025,886.7883251977108,871.7417099804251,873.93701171875,25692348,0.0,0.0
2024-12-23 00:00:00+05:30,879.1169941259847,890.956953642833,878.7716860618692,888.4902954101562,11044592,0.0,0.0
2024-12-24 00:00:00+05:30,889.0083275055933,892.2889348142179,882.8416818560752,887.0596313476562,14485834,0.0,0.0
2024-12-26 00:00:00+05:30,887.2816657547127,893.916952377888,878.5003382709294,883.4336547851562,10481678,0.0,0.0
2024-12-27 00:00:00+05:30,885.4316968356189,890.9322967259654,882.6196702111419,887.1336669921875,7259330,0.0,0.0
2024-12-30 00:00:00+05:30,884.1489668763874,895.3969526845203,873.6903598921683,877.0943603515625,22222218,0.0,0.0
