Date,Open,High,Low,Close,Volume,Dividends,Stock Splits
2015-01-01 00:00:00+05:30,843.1686666748146,850.5629061952653,842.1527061125549,848.3333740234375,674298,0.0,0.0
2015-01-02 00:00:00+05:30,847.5148501384342,868.6815546873462,847.5148501384342,866.2261962890625,1936584,0.0,0.0
2015-01-05 00:00:00+05:30,872.2658551133633,886.7439656993921,872.2658551133633,878.2772827148438,2176527,0.0,0.0
2015-01-06 00:00:00+05:30,869.8106154701192,871.9272862545588,844.438729767231,848.9825439453125,3048025,0.0,0.0
2015-01-07 00:00:00+05:30,845.9627552618621,852.3127674739782,838.5120329250873,846.9505004882812,2063635,0.0,0.0
2015-01-08 00:00:00+05:30,857.6749420523734,859.9327412905251,849.0107001337578,852.3409423828125,1455954,0.0,0.0
2015-01-09 00:00:00+05:30,859.086076956805,860.2149507427686,839.8949125362465,846.8093872070312,1735729,0.0,0.0
2015-01-12 00:00:00+05:30,848.8695807718419,867.5527133494,843.9024844056796,865.9722900390625,1535320,0.0,0.0
2015-01-13 00:00:00+05:30,872.0399473324227,873.2817341306957,855.8121244900907,857.6748046875,1318348,0.0,0.0
2015-01-14 00:00:00+05:30,859.3682517553035,865.9158228328267,846.6682283303483,856.8282470703125,1476891,0.0,0.0
2015-01-15 00:00:00+05:30,872.0682645878178,895.3234252003632,866.7060497656994,888.267822265625,3419091,0.0,0.0
2015-01-16 00:00:00+05:30,893.2350291502078,909.8861374226826,880.5350050390673,898.4561157226562,4195027,0.0,0.0
2015-01-19 00:00:00+05:30,904.806112091866,916.0950566681868,904.185270266402,911.4948120117188,2087947,0.0,0.0
2015-01-20 00:00:00+05:30,915.4743094646651,922.3040870159792,903.6773833840064,919.7922973632812,2088778,0.0,0.0
2015-01-21 00:00:00+05:30,922.1911619601246,941.6081040019905,920.4696098038925,933.9034423828125,3705237,0.0,0.0
2015-01-22 00:00:00+05:30,934.7218659605919,942.0596239355874,933.2260369653934,938.8423461914062,1811173,0.0,0.0
2015-01-23 00:00:00+05:30,945.4462938098973,968.5603812062208,945.4462938098973,965.9357299804688,4374211,0.0,0.0
2015-01-27 00:00:00+05:30,970.8461689083757,987.7795329204582,969.7173468762714,983.2640380859375,3390609,0.0,0.0
2015-01-28 00:00:00+05:30,979.4258206648083,982.4173747649315,951.0906511869814,958.6259155273438,3463524,0.0,0.0
2015-01-29 00:00:00+05:30,955.239256134233,978.5791662141742,952.9250779066518,973.047607421875,3460012,0.0,0.0
2015-01-30 00:00:00+05:30,975.7007429926767,982.5869521623472,950.1595091680988,959.8679809570312,2282494,0.0,0.0
2015-02-02 00:00:00+05:30,957.2995188008824,982.0505087162011,957.2995188008824,979.3693237304688,2125707,0.0,0.0
2015-02-03 00:00:00+05:30,983.2640722441275,987.7231364672543,963.7059534482898,972.2573852539062,2930722,0.0,0.0
2015-02-04 00:00:00+05:30,976.2367743529442,977.7326032615994,949.6231534287036,953.0098266601562,1846012,0.0,0.0
2015-02-05 00:00:00+05:30,954.4491177001433,962.9440152123182,944.9381563207024,949.623046875,2015947,0.0,0.0
2015-02-06 00:00:00+05:30,949.3973331918062,956.1706789616572,938.6728001541725,950.272216796875,2210620,0.0,0.0
2015-02-09 00:00:00+05:30,938.842238408596,942.059515783421,874.8905694200928,887.5623779296875,5339823,0.0,0.0
2015-02-10 00:00:00+05:30,872.1247325899287,909.321705004603,864.815190889534,887.1390380859375,10472047,0.0,0.0
2015-02-11 00:00:00+05:30,895.7749077717017,916.4900621825232,893.912279172374,910.2811279296875,4675647,0.0,0.0
2015-02-12 00:00:00+05:30,913.2728952908734,936.4151980480883,906.0479989049988,931.3634033203125,3162283,0.0,0.0
2015-02-13 00:00:00+05:30,936.9794826105689,944.8817539524686,931.3350621395299,938.1930541992188,2363568,0.0,0.0
2015-02-16 00:00:00+05:30,939.8017097026626,947.1394663784527,925.7470381380801,930.4601440429688,1676532,0.0,0.0
2015-02-18 00:00:00+05:30,934.0444121544343,945.389787862068,933.5928626252546,938.8704833984375,2187792,0.0,0.0
2015-02-19 00:00:00+05:30,941.9465442597393,965.2017032996174,938.3341485619974,958.7388305664062,2808871,0.0,0.0
2015-02-20 00:00:00+05:30,959.5573498486893,967.9110671552058,943.4706536787872,946.9137573242188,5372566,0.0,0.0
2015-02-23 00:00:00+05:30,951.908991172161,966.2741335678322,947.9013736894855,952.2193603515625,3558913,0.0,0.0
2015-02-24 00:00:00+05:30,954.7311859436783,973.3861003377718,953.9409485687787,971.467041015625,3186507,0.0,0.0
2015-02-25 00:00:00+05:30,973.6687162817523,979.2002765912924,951.6553366092953,958.3722534179688,2760175,0.0,0.0
2015-02-26 00:00:00+05:30,958.9928646581051,959.9807131795906,942.6240141521594,947.167724609375,2867676,0.0,0.0
2015-02-27 00:00:00+05:30,961.1375547892894,996.2460644275053,959.5571835124736,992.8311767578125,6404554,0.0,0.0
2015-03-02 00:00:00+05:30,1005.8420353481549,1044.224369689008,1005.8420353481549,1042.02294921875,7276993,0.0,0.0
2015-03-03 00:00:00+05:30,1044.22420317933,1049.3042126488192,1031.8627641211276,1045.155517578125,3566704,0.0,0.0
2015-03-04 00:00:00+05:30,1055.5131508391037,1068.9469825763415,1025.5976053987013,1037.39453125,4956996,0.0,0.0
2015-03-05 00:00:00+05:30,1039.8497663244577,1042.2204789444231,1013.1797144386434,1030.705810546875,2831550,0.0,0.0
2015-03-09 00:00:00+05:30,1025.7103260046974,1028.1938998798128,990.6018105029368,994.7222900390625,2366515,0.0,0.0
2015-03-10 00:00:00+05:30,998.504349001993,1010.131880691273,973.1325111682794,989.1627807617188,2668429,0.0,0.0
2015-03-11 00:00:00+05:30,996.1616306038844,996.5285339606584,977.732540081893,981.9658813476562,2817523,0.0,0.0
2015-03-12 00:00:00+05:30,987.7796439369522,996.2463268945634,982.2198692418626,986.3121337890625,2488366,0.0,0.0
2015-03-13 00:00:00+05:30,996.9799864621713,998.7015381858643,950.0745491309817,955.1263427734375,3480124,0.0,0.0
2015-03-16 00:00:00+05:30,958.4285825470124,965.1454986432697,943.3578444130836,948.1557006835938,1994878,0.0,0.0
2015-03-17 00:00:00+05:30,957.2994938779701,972.5395217464151,950.0745986675776,968.3909301757812,2178091,0.0,0.0
2015-03-18 00:00:00+05:30,973.6967980851031,975.079662134493,955.4369981552131,959.0211791992188,1931079,0.0,0.0
2015-03-19 00:00:00+05:30,971.438912724493,981.5425005117156,942.6239781036389,949.623046875,3146062,0.0,0.0
2015-03-20 00:00:00+05:30,950.0746441443255,958.1179925710118,933.0566328805801,942.821533203125,2528511,0.0,0.0
2015-03-23 00:00:00+05:30,949.5665335285285,953.9127357491018,938.6727092429461,944.2324829101562,1682382,0.0,0.0
2015-03-24 00:00:00+05:30,944.6276584856226,953.2355206548784,934.7216820012858,943.8375244140625,2093748,0.0,0.0
2015-03-25 00:00:00+05:30,944.3172919222958,946.4903931695426,917.9858284502345,921.5983276367188,2524261,0.0,0.0
2015-03-26 00:00:00+05:30,915.5305167409791,939.8016356429042,910.7044463299052,922.5578002929688,5232288,0.0,0.0
2015-03-27 00:00:00+05:30,931.3913615764013,951.429139273237,926.8193330636075,946.998291015625,4774842,0.0,0.0
2015-03-30 00:00:00+05:30,953.9129183830576,978.7485563398183,950.2440913126616,975.7852172851562,3359008,0.0,0.0
2015-03-31 00:00:00+05:30,979.34102531294,986.0861552523447,965.9072995511165,970.6486206054688,2813583,0.0,0.0
2015-04-01 00:00:00+05:30,971.7777172785828,981.6272644425194,969.7174772663487,978.8896484375,1500330,0.0,0.0
2015-04-06 00:00:00+05:30,980.1878631412382,995.8512269081256,972.0880834061574,992.2388305664062,2732079,0.0,0.0
2015-04-07 00:00:00+05:30,999.2096612402635,1006.2370494033254,986.7918940784002,998.8992919921875,2142483,0.0,0.0
2015-04-08 00:00:00+05:30,1001.8343068727115,1008.8051601536092,994.1013281882624,1004.4025268554688,2066943,0.0,0.0
2015-04-09 00:00:00+05:30,1007.5352750495841,1009.2286116463061,990.9405970723215,999.5201416015625,1702879,0.0,0.0
2015-04-10 00:00:00+05:30,999.0684966003003,1003.5840948777602,987.7795525831772,995.6818237304688,1415592,0.0,0.0
2015-04-13 00:00:00+05:30,1004.854060106087,1019.9529071912875,999.7740509888868,1017.9774169921875,2358313,0.0,0.0
2015-04-15 00:00:00+05:30,1018.2596067319998,1027.2625878883573,997.8831387791992,1009.031005859375,2280493,0.0,0.0
2015-04-16 00:00:00+05:30,1009.2285461667831,1009.2285461667831,982.1351623770709,990.2067260742188,2251882,0.0,0.0
2015-04-17 00:00:00+05:30,993.480593325776,997.0365588067357,976.5472275058482,981.994140625,1497997,0.0,0.0
2015-04-20 00:00:00+05:30,983.2077840297319,983.2077840297319,942.0596194024474,958.6826171875,2375331,0.0,0.0
2015-04-21 00:00:00+05:30,958.4287294991004,971.0723260479335,948.2687076316188,953.2076416015625,2067291,0.0,0.0
2015-04-22 00:00:00+05:30,956.6220870086219,988.9083361768738,951.5138630527053,985.2958374023438,2776149,0.0,0.0
2015-04-23 00:00:00+05:30,990.6019301425198,994.7788409503102,966.9234326714159,973.1605834960938,2547232,0.0,0.0
2015-04-24 00:00:00+05:30,971.9751591346461,974.1200451623931,942.6240273400201,947.4782104492188,2187252,0.0,0.0
2015-04-27 00:00:00+05:30,948.2402901007098,957.2149534998888,935.5684808603904,941.3258666992188,2775021,0.0,0.0
2015-04-28 00:00:00+05:30,950.8084314157935,950.8084314157935,923.4327905986922,940.0557861328125,3310885,0.0,0.0
2015-04-29 00:00:00+05:30,937.8826427919244,943.8940703584617,929.0773752216279,934.2984619140625,2125135,0.0,0.0
2015-04-30 00:00:00+05:30,934.6089798801747,935.1169602103387,917.5626482840568,920.780029296875,3737527,0.0,0.0
2015-05-04 00:00:00+05:30,926.1140391317695,931.5891676708558,913.3292651764135,919.6510620117188,2455548,0.0,0.0
2015-05-05 00:00:00+05:30,922.8683169124834,939.8016805255564,918.2116419188883,927.0452270507812,2135422,0.0,0.0
2015-05-06 00:00:00+05:30,927.101708586525,927.891946045484,879.5189955692422,883.1596069335938,4843735,0.0,0.0
2015-05-07 00:00:00+05:30,880.5348934430993,894.6459951049536,871.2779743726502,885.5584716796875,3978019,0.0,0.0
2015-05-08 00:00:00+05:30,896.9041181365625,911.5796352482441,892.6989914078065,903.8185424804688,3842286,0.0,0.0
2015-05-11 00:00:00+05:30,909.4910503223689,921.1751142524586,907.4873444629028,911.7489013671875,3087799,0.0,0.0
2015-05-12 00:00:00+05:30,911.5231406217763,911.5231406217763,877.7128368163409,880.1964111328125,3287785,0.0,0.0
2015-05-13 00:00:00+05:30,886.2075749855153,900.2905653520365,880.986488802781,897.2990112304688,2439559,0.0,0.0
2015-05-14 00:00:00+05:30,895.2953039531732,898.5409002479634,886.4052867289378,890.0458984375,1777146,0.0,0.0
2015-05-15 00:00:00+05:30,895.6903381189701,904.2416665420621,889.2838956476594,898.5690307617188,2762061,0.0,0.0
2015-05-18 00:00:00+05:30,901.6453938940749,912.3133948111328,896.9040716368352,910.0838623046875,1792155,0.0,0.0
2015-05-19 00:00:00+05:30,911.5512787598561,922.868439167962,908.1928209748205,914.796875,2281797,0.0,0.0
2015-05-20 00:00:00+05:30,918.8889800300964,923.1223207593366,907.6282523490994,910.1964721679688,1442643,0.0,0.0
2015-05-21 00:00:00+05:30,914.4018275006254,926.2551845237816,908.3905028237817,924.7311401367188,2451279,0.0,0.0
2015-05-22 00:00:00+05:30,925.6905506191572,938.1083157752754,921.626502133786,933.2823486328125,2647665,0.0,0.0
2015-05-25 00:00:00+05:30,931.222281369192,931.222281369192,917.2240388385892,920.1873779296875,1397434,0.0,0.0
2015-05-26 00:00:00+05:30,923.8279073329577,923.8279073329577,907.9106065024841,913.4985961914062,2059530,0.0,0.0
2015-05-27 00:00:00+05:30,914.4016687072053,929.0208547284552,908.333914307234,923.0941772460938,1575588,0.0,0.0
2015-05-28 00:00:00+05:30,924.0538240641342,926.1704948617188,905.935101366197,918.2117919921875,2633245,0.0,0.0
2015-05-29 00:00:00+05:30,920.3283862005247,942.4828375872061,917.6190891463093,933.8468627929688,4191568,0.0,0.0
2015-06-01 00:00:00+05:30,944.881694144565,964.6373195723198,927.3839194447563,962.68994140625,5386807,0.0,0.0
2015-06-02 00:00:00+05:30,965.7661755251005,969.6043978738436,940.9306434692465,944.627685546875,4373604,0.0,0.0
2015-06-03 00:00:00+05:30,945.4462498509643,952.5300689747609,927.9484724731136,933.3953857421875,3209997,0.0,0.0
2015-06-04 00:00:00+05:30,935.8507592326863,948.2685269199006,928.8233707723208,938.362548828125,1967170,0.0,0.0
2015-06-05 00:00:00+05:30,936.9795671695201,961.8152055189179,936.2740791426328,950.300537109375,2404830,0.0,0.0
2015-06-08 00:00:00+05:30,950.3567291834856,962.9438891949349,943.2446964555662,947.5626831054688,2129532,0.0,0.0
2015-06-09 00:00:00+05:30,945.9826152795739,951.5423904864805,934.721884568095,940.8743896484375,1416730,0.0,0.0
2015-06-10 00:00:00+05:30,943.1884473498139,969.6609900041659,942.6240362907502,962.9722900390625,2389308,0.0,0.0
2015-06-11 00:00:00+05:30,967.9675720047834,973.3579503801567,942.7650338692949,946.0952758789062,2981295,0.0,0.0
2015-06-12 00:00:00+05:30,945.2204148270998,950.0745976895157,931.3350354462003,935.5401611328125,1835109,0.0,0.0
2015-06-15 00:00:00+05:30,939.9147067399978,956.396523768074,932.4640874566361,941.7210083007812,1700772,0.0,0.0
2015-06-16 00:00:00+05:30,942.623932191409,951.0906139076402,934.637015325358,946.8008422851562,2043630,0.0,0.0
2015-06-17 00:00:00+05:30,951.6550624058037,972.2573565115138,946.0106421569053,965.6815185546875,3984108,0.0,0.0
2015-06-18 00:00:00+05:30,968.0240992525347,976.2085248246174,964.4962458577769,969.2376708984375,2842159,0.0,0.0
2015-06-19 00:00:00+05:30,973.6684761326964,983.320514740623,963.6495341736453,968.6448974609375,2126232,0.0,0.0
2015-06-22 00:00:00+05:30,973.6685141030844,981.5707857700137,968.898977058584,977.90185546875,1613481,0.0,0.0
2015-06-23 00:00:00+05:30,982.6995190254285,1000.19739732308,980.724028802151,997.12109375,2350728,0.0,0.0
2015-06-24 00:00:00+05:30,997.9399459473983,1001.7217389624176,984.9577639732362,989.6144409179688,1816593,0.0,0.0
2015-06-25 00:00:00+05:30,982.1915472741078,1025.5974520914135,982.1915472741078,1021.5051879882812,4201746,0.0,0.0
2015-06-26 00:00:00+05:30,1018.0338818670575,1018.2596049359804,1001.8907550230366,1005.1080322265625,1818054,0.0,0.0
2015-06-29 00:00:00+05:30,986.086252093635,1013.1796360399106,970.2818125759935,1010.6678466796875,3110302,0.0,0.0
2015-06-30 00:00:00+05:30,1007.8739931647373,1021.0255675688389,997.939696378733,1006.2935180664062,3076677,0.0,0.0
2015-07-01 00:00:00+05:30,1006.3782601509505,1026.7265172457194,1006.3782601509505,1022.6061401367188,2471292,0.0,0.0
2015-07-02 00:00:00+05:30,1022.7754244144636,1026.16209800524,1011.4864779941838,1016.1995849609375,1335757,0.0,0.0
2015-07-03 00:00:00+05:30,1016.0017742172755,1030.1128755192783,1011.7684334913702,1020.1222534179688,1830951,0.0,0.0
2015-07-06 00:00:00+05:30,1001.9190811103679,1028.1375832752835,1001.8908657236349,1025.061279296875,2029512,0.0,0.0
2015-07-07 00:00:00+05:30,1025.5692138391391,1029.548512967448,1013.2925251565504,1022.4082641601562,1728982,0.0,0.0
2015-07-08 00:00:00+05:30,1010.3574430939161,1024.2992533324325,999.0684990491227,1019.642578125,2385891,0.0,0.0
2015-07-09 00:00:00+05:30,1024.6096664978363,1044.7886277131702,1024.6096664978363,1043.603271484375,2888308,0.0,0.0
2015-07-10 00:00:00+05:30,1044.2241486199364,1061.1575126334862,1043.9701068185122,1059.12548828125,2696910,0.0,0.0
2015-07-13 00:00:00+05:30,1059.125572535296,1061.157597049181,1040.8375586164505,1048.5704345703125,2160397,0.0,0.0
2015-07-14 00:00:00+05:30,1049.699289322926,1056.6137119283023,1044.845003124972,1048.4857177734375,1669578,0.0,0.0
2015-07-15 00:00:00+05:30,1052.6906209947865,1061.157301315514,1051.2512233284442,1055.1741943359375,1757511,0.0,0.0
2015-07-16 00:00:00+05:30,1055.5129601345132,1059.464147198096,1048.1752037140793,1054.412353515625,2124406,0.0,0.0
2015-07-17 00:00:00+05:30,1056.021244337274,1065.673180711642,1052.1547026862966,1056.416259765625,2513529,0.0,0.0
2015-07-20 00:00:00+05:30,1057.2064131598129,1061.1011698884518,1044.2242352412184,1053.9891357421875,1654725,0.0,0.0
2015-07-21 00:00:00+05:30,1055.4565438779998,1062.8508345178827,1037.5072196100186,1041.3736572265625,1305582,0.0,0.0
2015-07-22 00:00:00+05:30,1040.6115519772422,1054.3840683169753,1033.5277344672782,1046.73583984375,1643224,0.0,0.0
2015-07-23 00:00:00+05:30,1049.8684456579588,1052.436665341812,1028.984000275991,1033.5277099609375,2011395,0.0,0.0
2015-07-24 00:00:00+05:30,1035.7575635991304,1036.8581703512384,1014.3368147749791,1017.328369140625,1986279,0.0,0.0
2015-07-27 00:00:00+05:30,1014.365106479003,1014.8730868145843,980.9217069044828,984.026123046875,3556780,0.0,0.0
2015-07-28 00:00:00+05:30,987.7793837004924,1000.1972510021354,984.1952037574738,992.8311767578125,1856446,0.0,0.0
2015-07-29 00:00:00+05:30,997.2623593369909,1015.1270391422199,987.8078280978153,1010.5267944335938,1687711,0.0,0.0
2015-07-30 00:00:00+05:30,1018.8240744398398,1021.646232795394,998.1935656260675,1001.1851196289062,2621203,0.0,0.0
2015-07-31 00:00:00+05:30,1007.2529810776532,1024.9483685383038,996.8108080142797,1011.06298828125,2882673,0.0,0.0
2015-08-03 00:00:00+05:30,965.2298624031914,1006.970641637596,961.8431899574966,1004.3742065429688,4953312,0.0,0.0
2015-08-04 00:00:00+05:30,1004.7129114989835,1013.0667320935393,992.8595565186745,1001.7495727539062,2105218,0.0,0.0
2015-08-05 00:00:00+05:30,1001.7494452188027,1011.4296976673795,998.5603838112597,1004.487060546875,1552152,0.0,0.0
2015-08-06 00:00:00+05:30,1003.0760919983053,1036.7735311065185,1001.8908390809112,1033.358642578125,2809791,0.0,0.0
2015-08-07 00:00:00+05:30,1032.935312024809,1040.8375838355826,1025.0894709861968,1034.8826904296875,2368350,0.0,0.0
2015-08-10 00:00:00+05:30,1033.8102037823978,1040.9504535186954,1019.4450581508993,1027.7142333984375,2166975,0.0,0.0
2015-08-11 00:00:00+05:30,1028.532879907412,1030.056821113721,1005.8421239847058,1016.6513061523438,1658853,0.0,0.0
2015-08-12 00:00:00+05:30,1011.7968477318452,1011.8814938923907,988.9085879321808,994.8352661132812,2478813,0.0,0.0
2015-08-13 00:00:00+05:30,994.8350388951526,1012.5868539971299,986.6506148701496,993.5086059570312,3626170,0.0,0.0
2015-08-14 00:00:00+05:30,1004.0077313677642,1018.6832493215529,987.8080654692417,1015.7199096679688,1955958,0.0,0.0
2015-08-17 00:00:00+05:30,1011.9942178048277,1016.0017319605865,996.5565808114715,1004.910400390625,1508725,0.0,0.0
2015-08-18 00:00:00+05:30,1012.1636183813115,1024.4403072893706,1006.4626640426081,1016.0864868164062,2073873,0.0,0.0
2015-08-19 00:00:00+05:30,1015.9454952316341,1027.2908707426095,1008.0996543494075,1024.29931640625,1626091,0.0,0.0
2015-08-20 00:00:00+05:30,1013.1796051105043,1026.7262966701012,995.6818296303765,1005.7572021484375,2032938,0.0,0.0
2015-08-21 00:00:00+05:30,990.6018755682584,990.6018755682584,973.6685101739291,982.1351928710938,3087904,0.0,0.0
2015-08-24 00:00:00+05:30,958.4285926236173,958.4285926236173,905.9351538050093,920.921142578125,4809892,0.0,0.0
2015-08-25 00:00:00+05:30,931.3068659961599,940.084021142113,889.0016685910971,917.0263671875,5436565,0.0,0.0
2015-08-26 00:00:00+05:30,918.8608900044372,927.1017461835298,894.4203719658456,898.7101440429688,3418867,0.0,0.0
2015-08-27 00:00:00+05:30,920.0461982532506,924.5617970365633,897.5248418165628,914.4299926757812,6486766,0.0,0.0
2015-08-28 00:00:00+05:30,925.6341488455469,934.1572614260606,906.0478157868247,912.3978271484375,3557331,0.0,0.0
2015-08-31 00:00:00+05:30,912.7083972519442,920.0461544918797,902.5483779875442,904.7496948242188,2546173,0.0,0.0
2015-09-01 00:00:00+05:30,900.9577723744633,904.9493224838924,877.2933064951135,888.355712890625,4791088,10.833333,0.0
2015-09-02 00:00:00+05:30,903.2386283792677,903.2386283792677,866.715616582244,871.1063842773438,4657150,0.0,0.0
2015-09-03 00:00:00+05:30,879.4600984123623,896.3958635532824,876.7800622868082,894.5711669921875,3510199,0.0,0.0
2015-09-04 00:00:00+05:30,888.926019205691,892.2332558893573,866.7441452320039,874.6417846679688,3262708,0.0,0.0
2015-09-07 00:00:00+05:30,877.8921242935967,884.4211890453314,857.6205643549782,860.7567749023438,1831632,0.0,0.0
2015-09-08 00:00:00+05:30,863.892935792186,894.6851592461649,849.6372593837867,892.119140625,2772253,0.0,0.0
2015-09-09 00:00:00+05:30,904.0939602443231,910.9366770673644,889.5531869953605,908.0855102539062,3469864,0.0,0.0
2015-09-10 00:00:00+05:30,896.0536830033859,926.6178716463272,886.9586003863853,921.1151733398438,2940453,0.0,0.0
2015-09-11 00:00:00+05:30,926.6179272226657,929.2409547196622,908.1140041255705,914.0443725585938,2370705,0.0,0.0
2015-09-14 00:00:00+05:30,916.1539871146098,923.1963370146669,905.5192535907037,915.7548217773438,1564111,0.0,0.0
2015-09-15 00:00:00+05:30,915.7834142050316,920.5733987129026,883.8508106218899,888.4981689453125,4171896,0.0,0.0
2015-09-16 00:00:00+05:30,896.3958870967457,896.7380438138296,875.4115628583057,883.109619140625,3774322,0.0,0.0
2015-09-18 00:00:00+05:30,890.1232577588195,903.2384980264401,875.3258950788983,878.4906616210938,3023722,0.0,0.0
2015-09-21 00:00:00+05:30,872.4463847344431,888.0420279191653,871.0208013443863,883.9934692382812,2421045,0.0,0.0
2015-09-22 00:00:00+05:30,889.7242004768947,890.6366531969983,844.0776020161414,846.7576904296875,4925386,0.0,0.0
2015-09-23 00:00:00+05:30,839.9434609040792,857.620496152597,825.2601141618387,852.6594848632812,4148463,0.0,0.0
2015-09-24 00:00:00+05:30,848.1547332552906,848.1547332552906,832.5305332508233,833.9276123046875,3337753,0.0,0.0
2015-09-28 00:00:00+05:30,834.8114194153775,837.6910382685577,812.914747329419,815.4522094726562,3741877,0.0,0.0
2015-09-29 00:00:00+05:30,809.7215584605688,835.3817481420045,805.3592948912509,824.6900024414062,4576866,0.0,0.0
2015-09-30 00:00:00+05:30,835.2675861831441,837.6625265142459,824.7754243755394,836.0944213867188,3287628,0.0,0.0
2015-10-01 00:00:00+05:30,845.6457859691234,852.288920185169,833.7280400428234,849.6943969726562,2706871,0.0,0.0
2015-10-05 00:00:00+05:30,857.6775344042662,886.1318283729208,857.6775344042662,884.2216186523438,3955770,0.0,0.0
2015-10-06 00:00:00+05:30,891.6631020864307,891.6631020864307,877.8636499128655,886.6165771484375,3646411,0.0,0.0
2015-10-07 00:00:00+05:30,883.8510497614743,887.2153998044704,878.1487155411222,880.8573608398438,1399029,0.0,0.0
2015-10-08 00:00:00+05:30,879.8593998037366,883.223749865388,867.0008521975197,874.5563354492188,1634403,0.0,0.0
2015-10-09 00:00:00+05:30,882.3113396379983,892.3758847554827,877.0082756549599,881.7981567382812,2046471,0.0,0.0
2015-10-12 00:00:00+05:30,886.7019053914344,893.1169515825578,883.5656953907381,886.1317138671875,1188325,0.0,0.0
2015-10-13 00:00:00+05:30,889.5532773782537,893.3738016200736,873.8720671340933,881.4560546875,1813896,0.0,0.0
2015-10-14 00:00:00+05:30,877.5213703732256,886.0747658809098,875.3259605753457,878.3482055664062,1693611,0.0,0.0
2015-10-15 00:00:00+05:30,883.9364538425151,891.5489970439241,881.0567827251652,889.8383178710938,1884301,0.0,0.0
2015-10-16 00:00:00+05:30,892.689282980965,917.4371195737684,885.3048798656869,915.1847534179688,2580712,0.0,0.0
2015-10-19 00:00:00+05:30,916.8670622818644,918.0645586300395,898.2776255542419,901.4139404296875,1893249,0.0,0.0
2015-10-20 00:00:00+05:30,904.2078308265619,910.5373637421915,894.1718965081343,897.2796020507812,2194296,0.0,0.0
2015-10-21 00:00:00+05:30,898.6481938881647,899.5605421321548,881.5984119982454,884.107421875,2086108,0.0,0.0
2015-10-23 00:00:00+05:30,890.7221584506046,895.1698825185291,858.9035155150335,861.212890625,4297068,0.0,0.0
2015-10-26 00:00:00+05:30,866.7727204091752,872.4464981421493,857.6206273403573,860.1581420898438,2636010,0.0,0.0
2015-10-27 00:00:00+05:30,858.2477501785029,868.4547641528495,849.6943544310822,852.3458862304688,3801229,0.0,0.0
2015-10-28 00:00:00+05:30,849.580400111331,854.7694469809031,845.645858415768,851.20556640625,2522211,0.0,0.0
2015-10-29 00:00:00+05:30,852.4884067162119,853.0300939031276,836.2939645294357,838.660400390625,2901601,0.0,0.0
2015-10-30 00:00:00+05:30,839.9434293334247,854.02802740386,798.3168875992908,804.4468383789062,11414433,0.0,0.0
2015-11-02 00:00:00+05:30,798.3169040386636,800.5978269304217,783.6336097517369,791.8448486328125,7422958,0.0,0.0
2015-11-03 00:00:00+05:30,796.5492035670173,796.5492035670173,779.841578079876,783.0918579101562,5215915,0.0,0.0
2015-11-04 00:00:00+05:30,791.4742106467623,791.4742106467623,778.3590210997571,780.126708984375,3886504,0.0,0.0
2015-11-05 00:00:00+05:30,781.2102072292403,786.655897587093,777.7888485812206,780.6115112304688,3723427,0.0,0.0
2015-11-06 00:00:00+05:30,782.9208632441741,790.6189199730323,782.4076803445656,785.3443603515625,2817822,0.0,0.0
2015-11-09 00:00:00+05:30,769.8055839050959,777.7887355214435,759.0283266127375,774.9661254882812,3894880,0.0,0.0
2015-11-10 00:00:00+05:30,772.6852779156704,779.784638534487,765.8140565878517,768.893310546875,3552916,0.0,0.0
2015-11-13 00:00:00+05:30,774.93761278173,774.93761278173,758.4010659668286,759.0853271484375,2728915,0.0,0.0
2015-11-16 00:00:00+05:30,758.1159776610214,777.1045271285766,756.1202026727881,773.8827514648438,3453009,0.0,0.0
2015-11-17 00:00:00+05:30,780.3547849088513,782.635707834523,766.9544997607139,770.8035278320312,2795227,0.0,0.0
2015-11-18 00:00:00+05:30,772.0865590760206,780.6399550325283,764.6735985117854,766.640869140625,2537497,0.0,0.0
2015-11-19 00:00:00+05:30,774.3674402402929,778.3590424754291,769.8626551232018,774.9091796875,1806705,0.0,0.0
2015-11-20 00:00:00+05:30,776.8764868836081,783.1489602288922,766.669419837053,779.4140014648438,2543665,0.0,0.0
2015-11-23 00:00:00+05:30,781.2101993368631,789.1363433109802,778.387588921921,780.5829467773438,2178064,0.0,0.0
2015-11-24 00:00:00+05:30,777.2185803429935,780.5828777310568,762.6778075220125,764.9871826171875,2611854,0.0,0.0
2015-11-26 00:00:00+05:30,769.6630716332324,772.257594811457,758.4866480329463,759.9122314453125,4076958,0.0,0.0
2015-11-27 00:00:00+05:30,762.0506079970644,779.7846532880973,761.8225209075384,778.3590698242188,3462969,0.0,0.0
2015-11-30 00:00:00+05:30,778.2735443996983,789.1648724206432,777.7888136620784,783.833251953125,3613390,0.0,0.0
2015-12-01 00:00:00+05:30,784.0612928334102,788.5660777718673,775.8214972489036,778.2734985351562,1377124,0.0,0.0
2015-12-02 00:00:00+05:30,780.0696382267412,783.4909962891392,770.8604862558387,772.0864868164062,1781221,0.0,0.0
2015-12-03 00:00:00+05:30,770.0906862260925,778.3019771809902,766.5268062593627,768.57958984375,1776231,0.0,0.0
2015-12-04 00:00:00+05:30,764.4169876942469,770.5468865038109,762.9628999773483,764.017822265625,2201155,0.0,0.0
2015-12-07 00:00:00+05:30,767.2111567641182,770.6610197028671,761.879536166291,764.7591552734375,1649014,0.0,0.0
2015-12-08 00:00:00+05:30,762.9344988056012,764.1034386854201,749.2775681334169,753.8964233398438,2217838,0.0,0.0
2015-12-09 00:00:00+05:30,752.7557730564322,755.5213742694464,740.3818545909104,741.6934204101562,3327682,0.0,0.0
2015-12-10 00:00:00+05:30,746.7685035310565,751.4158627620369,741.8645528529825,747.538330078125,2893311,0.0,0.0
2015-12-11 00:00:00+05:30,747.6238486237277,749.1349451629779,727.9225326869789,733.1686401367188,4114018,0.0,0.0
2015-12-14 00:00:00+05:30,732.3987533257841,736.9320425705578,721.0512519319539,726.6964721679688,4010256,0.0,0.0
2015-12-15 00:00:00+05:30,727.038614391616,735.1928444393156,721.3933942680649,731.7144775390625,3333246,0.0,0.0
2015-12-16 00:00:00+05:30,736.0196697926158,740.7240372346372,727.6088484345656,730.4029541015625,3351052,0.0,0.0
2015-12-17 00:00:00+05:30,735.0217697984561,741.1232162891953,730.773576402741,739.12744140625,3764286,0.0,0.0
2015-12-18 00:00:00+05:30,736.6470116258106,746.1983216595748,732.2277394240768,734.1094970703125,3934995,0.0,0.0
2015-12-21 00:00:00+05:30,733.5678257283936,739.9828731576478,732.4558424093577,735.76318359375,1760169,0.0,0.0
2015-12-22 00:00:00+05:30,736.1623623342792,739.526660095812,727.6089656077221,730.00390625,2622499,0.0,0.0
2015-12-23 00:00:00+05:30,734.4515524041583,740.7240248197968,731.600385865047,736.1622314453125,2420179,0.0,0.0
2015-12-24 00:00:00+05:30,739.4694725378295,742.1495605600287,733.4820962772377,738.157958984375,2227447,0.0,0.0
2015-12-28 00:00:00+05:30,739.6690607158833,741.4082440151434,734.5370238830063,738.5286254882812,2357763,0.0,0.0
2015-12-29 00:00:00+05:30,741.2943219351926,741.8645135194383,732.9119522654576,735.33544921875,2280091,0.0,0.0
2015-12-30 00:00:00+05:30,737.587849456027,740.153868320241,730.7451324847897,731.8856201171875,1811727,0.0,0.0
2015-12-31 00:00:00+05:30,733.3110468682685,733.6246991945148,725.4134086754864,727.295166015625,2324868,0.0,0.0
2016-01-01 00:00:00+05:30,729.3195655580838,736.1622821944198,725.6415636014252,735.1358642578125,1127733,0.0,0.0
2016-01-04 00:00:00+05:30,733.3112012749688,735.5636201273863,714.6648067000036,716.1759033203125,2767263,0.0,0.0
2016-01-05 00:00:00+05:30,720.0819491963379,723.6173776104074,714.2086410220925,716.7176513671875,2470134,0.0,0.0
2016-01-06 00:00:00+05:30,717.9149335839082,718.3711076881008,704.2295016350123,705.284423828125,2728635,0.0,0.0
2016-01-07 00:00:00+05:30,700.3235670863914,700.4376367319269,684.2716970078026,687.921142578125,4689760,0.0,0.0
2016-01-08 00:00:00+05:30,692.8821564308879,693.9085744982781,670.0160719438912,672.35400390625,5356012,0.0,0.0
2016-01-11 00:00:00+05:30,662.6030182654492,675.6611978485532,652.9376401285043,669.0750732421875,4304283,0.0,0.0
2016-01-12 00:00:00+05:30,676.4881795880141,684.271749860359,669.0182095049857,672.3825073242188,4095195,0.0,0.0
2016-01-13 00:00:00+05:30,680.8502900126199,680.8502900126199,643.2723580744681,659.609375,5619939,0.0,0.0
2016-01-14 00:00:00+05:30,646.8648112549365,658.6114783315384,633.0082995813497,647.0073852539062,5099718,0.0,0.0
2016-01-15 00:00:00+05:30,650.0011887009738,650.9135371617841,627.2491204675058,631.75390625,3987867,0.0,0.0
2016-01-18 00:00:00+05:30,630.670363703788,632.951286643169,612.4231368060933,617.8687744140625,4166632,0.0,0.0
2016-01-19 00:00:00+05:30,618.2965733792691,645.7815152105371,609.6291583692033,640.3358764648438,4372536,0.0,0.0
2016-01-20 00:00:00+05:30,627.7907781999511,640.0791330735501,614.3334313331765,636.4296875,5856754,0.0,0.0
2016-01-21 00:00:00+05:30,644.355773209358,648.6895318552321,622.174005958396,628.7886352539062,3802062,0.0,0.0
2016-01-22 00:00:00+05:30,636.3156145970862,652.9091704943875,633.122343472841,651.3125610351562,3694869,0.0,0.0
2016-01-25 00:00:00+05:30,656.3305151838425,660.2366039878153,632.3239996337414,635.3176879882812,2472816,0.0,0.0
2016-01-27 00:00:00+05:30,639.7941225424851,639.7941225424851,625.9091040140511,631.6968994140625,2618145,0.0,0.0
2016-01-28 00:00:00+05:30,627.8192064776224,629.244789743486,610.1421723628831,612.7081909179688,5794726,0.0,0.0
2016-01-29 00:00:00+05:30,612.4231671752144,632.3810742156807,610.2563137679546,628.18994140625,4848987,0.0,0.0
2016-02-01 00:00:00+05:30,641.5046845659247,660.8638947428582,633.0082974887978,639.822509765625,7053951,0.0,0.0
2016-02-02 00:00:00+05:30,640.9345047541195,652.9092600613055,633.5215957963883,639.737060546875,4505643,0.0,0.0
2016-02-03 00:00:00+05:30,631.1265412299041,638.6535713084301,622.8582934162212,632.2670288085938,3731595,0.0,0.0
2016-02-04 00:00:00+05:30,638.0833951302847,655.6748671245308,637.6272209327867,647.606201171875,5956549,0.0,0.0
2016-02-05 00:00:00+05:30,651.0845253313471,656.9008242717626,642.3885551775567,650.0010986328125,4000879,0.0,0.0
2016-02-08 00:00:00+05:30,650.6283019565446,660.2366197180392,638.8816353194325,644.52685546875,2539246,0.0,0.0
2016-02-09 00:00:00+05:30,635.8023655274015,643.1868211537184,628.6175448105929,635.34619140625,2523124,0.0,0.0
2016-02-10 00:00:00+05:30,631.639767095761,644.3557909871108,628.9596787512666,638.9956665039062,3203877,0.0,0.0
2016-02-11 00:00:00+05:30,637.9121672710501,641.6471774722394,615.2741756359482,622.9152221679688,4395021,0.0,0.0
2016-02-12 00:00:00+05:30,627.0208410143504,628.6745112466534,579.3784220338225,600.8189697265625,6160240,0.0,0.0
2016-02-15 00:00:00+05:30,611.4536232087662,658.440283180748,607.0344042882124,655.4180908203125,5939226,0.0,0.0
2016-02-16 00:00:00+05:30,660.2651222346188,660.2651222346188,626.849818947229,629.5299072265625,3548740,0.0,0.0
2016-02-17 00:00:00+05:30,630.4422800357266,646.4656450032679,617.0704990932675,640.0505981445312,3479412,0.0,0.0
2016-02-18 00:00:00+05:30,646.8648210623245,669.9874944922502,646.0664901852458,655.560791015625,5457168,0.0,0.0
2016-02-19 00:00:00+05:30,653.5650262810689,666.537695450191,645.1542035262484,656.0455322265625,3036894,0.0,0.0
2016-02-22 00:00:00+05:30,655.7603718522846,666.166968760357,650.1721601403486,655.6177978515625,2054481,0.0,0.0
2016-02-23 00:00:00+05:30,658.7541553467278,659.1818252047314,641.5617957315093,644.4414672851562,2045679,0.0,0.0
2016-02-24 00:00:00+05:30,639.7940883703926,644.3558826502474,632.9513708477147,634.6050415039062,1816150,0.0,0.0
2016-02-25 00:00:00+05:30,637.513096870554,638.6535844727521,616.9849465004204,619.5224609375,2655282,0.0,0.0
2016-02-26 00:00:00+05:30,622.9723200414477,637.2279973391057,622.8583026053676,633.3219604492188,2277972,0.0,0.0
2016-02-29 00:00:00+05:30,635.2321737862544,640.6493067305131,600.4768532551319,613.5635375976562,5500993,0.0,0.0
2016-03-01 00:00:00+05:30,619.8361074179111,643.7856159557871,616.4147490553573,640.9059448242188,3647113,0.0,0.0
2016-03-02 00:00:00+05:30,651.7687712076256,656.2735562596459,646.1805594826274,648.860595703125,3652203,0.0,0.0
2016-03-03 00:00:00+05:30,655.1330292359751,690.658121808749,646.8932345962363,688.3201904296875,5552958,0.0,0.0
2016-03-04 00:00:00+05:30,692.8250939198151,697.9286272925888,676.858736904919,680.3941650390625,3438969,0.0,0.0
2016-03-08 00:00:00+05:30,684.8418553976301,691.1143277691858,668.9895700217809,677.1152954101562,3022782,0.0,0.0
2016-03-09 00:00:00+05:30,674.2357960084653,695.6762980381895,671.7267855394313,691.5991821289062,3121141,0.0,0.0
2016-03-10 00:00:00+05:30,692.2548143464284,696.5315122361422,673.5799176299392,676.3740234375,2932767,0.0,0.0
2016-03-11 00:00:00+05:30,677.9706857368902,685.412098306703,667.9061413024583,676.0889282226562,2996377,0.0,0.0
2016-03-14 00:00:00+05:30,682.5610373461242,688.0637363222962,671.5556915995691,675.2621459960938,2726301,0.0,0.0
2016-03-15 00:00:00+05:30,677.8281504243745,683.0457012697383,670.3296765037791,673.2948608398438,2444158,0.0,0.0
2016-03-16 00:00:00+05:30,676.8587479819853,679.5388365378662,664.2567405294136,674.69189453125,2704711,0.0,0.0
2016-03-17 00:00:00+05:30,683.1312613252675,687.1228114191248,675.4047003768895,680.4226684570312,3872653,0.0,0.0
2016-03-18 00:00:00+05:30,683.7014192016894,685.9823421469158,678.6264426520933,683.8724975585938,2566830,0.0,0.0
2016-03-21 00:00:00+05:30,684.8419215368015,702.8325574365256,681.0499020678006,700.3235473632812,3575446,0.0,0.0
2016-03-22 00:00:00+05:30,703.6593713679864,709.9318441553829,696.8166547978141,705.5410766601562,2979816,0.0,0.0
2016-03-23 00:00:00+05:30,707.0806935715699,712.2127307373172,701.5494909988267,708.5347290039062,2438136,0.0,0.0
2016-03-28 00:00:00+05:30,707.6508379794625,710.6160217718068,683.1596456463712,687.8925170898438,3717456,0.0,0.0
2016-03-29 00:00:00+05:30,688.8334334315566,693.4237835256422,678.5693588330444,680.82177734375,2703178,0.0,0.0
2016-03-30 00:00:00+05:30,688.8334133326891,702.4618370179373,685.1269594599681,700.2664794921875,2874000,0.0,0.0
2016-03-31 00:00:00+05:30,699.0689925972324,701.3784197864662,690.8292495737192,693.79443359375,4945963,0.0,0.0
2016-04-01 00:00:00+05:30,691.1143798291405,711.8136080820119,691.1143798291405,705.8832397460938,2539944,0.0,0.0
2016-04-04 00:00:00+05:30,707.0236082787869,712.7828977133033,696.5885081661239,704.7142333984375,1740162,0.0,0.0
2016-04-05 00:00:00+05:30,700.4660239476692,704.0869645524975,678.5978063370703,681.5059814453125,3151113,0.0,0.0
2016-04-06 00:00:00+05:30,683.7584831771844,692.8250618699587,674.2926868459945,691.0288696289062,2583834,0.0,0.0
2016-04-07 00:00:00+05:30,688.8334996457337,689.9454829320885,671.612689562629,674.5208129882812,2707579,0.0,0.0
2016-04-08 00:00:00+05:30,675.1479885171391,682.5609485516238,673.4373094480874,679.8523559570312,1565038,0.0,0.0
2016-04-11 00:00:00+05:30,681.9906899222462,693.3381906857999,676.0603742297537,691.8841552734375,2529934,0.0,0.0
2016-04-12 00:00:00+05:30,692.8250496484836,704.1725510964972,688.291760382064,697.0447387695312,2837052,0.0,0.0
2016-04-13 00:00:00+05:30,704.7997988790518,714.4936298435832,700.8652577773317,704.1725463867188,4955905,0.0,0.0
2016-04-18 00:00:00+05:30,703.1461506142881,716.7460709566458,689.4322128365252,714.49365234375,2644515,0.0,0.0
2016-04-20 00:00:00+05:30,716.7745189856482,723.0184870511689,711.6424818568727,721.8780517578125,2522848,0.0,0.0
2016-04-21 00:00:00+05:30,724.0163976895019,727.038590359244,710.5305481016551,713.8948974609375,1723543,0.0,0.0
2016-04-22 00:00:00+05:30,712.7829154687144,723.6172334502752,707.9360263290481,721.3933715820312,2008374,0.0,0.0
2016-04-25 00:00:00+05:30,724.1876010283515,728.52130807969,716.8316485798531,721.62158203125,2128689,0.0,0.0
2016-04-26 00:00:00+05:30,719.1124599505504,731.8570398702973,718.6847901841935,730.4599609375,1877685,0.0,0.0
2016-04-27 00:00:00+05:30,730.4600016152357,734.8792735156168,724.7862247029095,727.865478515625,1557685,0.0,0.0
2016-04-28 00:00:00+05:30,728.1791219299354,731.5434717340615,714.7217749192191,718.2286987304688,2789970,0.0,0.0
2016-04-29 00:00:00+05:30,718.5706590598179,721.963512543348,710.2168471522317,715.4059448242188,1689373,0.0,0.0
2016-05-02 00:00:00+05:30,710.5020310009454,716.2042595486089,704.7997502475016,713.2105712890625,1344315,0.0,0.0
2016-05-03 00:00:00+05:30,716.2043262927251,731.6860040583218,709.9318534234424,713.581298828125,2525149,0.0,0.0
2016-05-04 00:00:00+05:30,711.1008347898419,717.2877949454253,707.0807802816481,710.9583129882812,1644345,0.0,0.0
2016-05-05 00:00:00+05:30,709.6467432983538,731.315328213874,709.4756649441646,726.3828735351562,2821255,0.0,0.0
2016-05-06 00:00:00+05:30,724.7576410164353,725.5559717922531,715.0638109021444,718.7417602539062,1610382,0.0,0.0
2016-05-09 00:00:00+05:30,720.7660134055845,739.5264191629016,720.3098393562254,738.1864013671875,2788513,0.0,0.0
2016-05-10 00:00:00+05:30,738.4431741276001,754.238452443868,734.4516241123791,752.7273559570312,3676146,0.0,0.0
2016-05-11 00:00:00+05:30,741.2086957479371,760.6819218211253,738.4430945125054,757.1180419921875,4603557,0.0,0.0
2016-05-12 00:00:00+05:30,755.6070131152534,764.0463393563174,747.7093741036427,750.4749755859375,1553274,0.0,0.0
2016-05-13 00:00:00+05:30,746.9965375158462,749.8477042087013,730.1463898164885,733.5962524414062,2103742,0.0,0.0
2016-05-16 00:00:00+05:30,736.6184882479042,739.013428733197,723.4747416298948,731.7430419921875,2410951,0.0,0.0
2016-05-17 00:00:00+05:30,735.0218030090625,746.4263656703437,732.541349523544,736.2192993164062,2223565,0.0,0.0
2016-05-18 00:00:00+05:30,732.968986501853,748.251028783897,728.2075580503135,746.9110107421875,2603508,0.0,0.0
2016-05-19 00:00:00+05:30,743.5751370226615,745.856059806259,718.5136995827129,721.9635620117188,2005083,0.0,0.0
2016-05-20 00:00:00+05:30,725.3279848427013,729.7187525098739,713.4102390947334,715.691162109375,1672558,0.0,0.0
2016-05-23 00:00:00+05:30,720.5666042893477,721.8211093301327,705.9402658057176,707.7650146484375,2198760,0.0,0.0
2016-05-24 00:00:00+05:30,707.7650754118873,711.9847650557472,697.5580080539308,708.3067626953125,1858491,0.0,0.0
2016-05-25 00:00:00+05:30,718.4852544522445,740.5245010389851,713.3817212792925,736.50439453125,3721570,0.0,0.0
2016-05-26 00:00:00+05:30,800.5978647280164,846.7291943593146,792.61471253864,840.5992431640625,20691907,0.0,0.0
2016-05-27 00:00:00+05:30,840.5137946225328,848.1262863152698,827.9687954710415,841.0269775390625,5885740,0.0,0.0
2016-05-30 00:00:00+05:30,838.175742205231,853.3152625354494,836.0373933508438,847.983642578125,3487939,0.0,0.0
2016-05-31 00:00:00+05:30,847.4704578971782,847.9836929762038,836.6361911948933,840.257080078125,3809605,0.0,0.0
2016-06-01 00:00:00+05:30,838.2613319498596,846.3015452600783,833.1577985898158,835.4102172851562,2486295,0.0,0.0
2016-06-02 00:00:00+05:30,832.530417181823,845.4745791233221,822.0667606366351,842.3668212890625,3103587,0.0,0.0
2016-06-03 00:00:00+05:30,842.2244075157796,847.3279407402741,830.2496531539713,832.8726806640625,2250340,0.0,0.0
2016-06-06 00:00:00+05:30,834.1272191072519,840.1431008882271,833.1293054685399,837.2064208984375,1901931,0.0,0.0
2016-06-07 00:00:00+05:30,841.0838074245937,855.3394828744272,833.2717346574227,848.4397583007812,3348535,0.0,0.0
2016-06-08 00:00:00+05:30,852.6024351412485,863.7218490583546,849.7228164125937,861.72607421875,3325263,0.0,0.0
2016-06-09 00:00:00+05:30,861.7829845877563,863.1515590063827,847.9835362212992,850.4639892578125,1813729,0.0,0.0
2016-06-10 00:00:00+05:30,845.246543169767,858.1906536879726,841.825185012598,848.3257446289062,2152996,0.0,0.0
2016-06-13 00:00:00+05:30,838.2327109799836,840.4565728002715,829.8503943113398,836.037353515625,2209357,0.0,0.0
2016-06-14 00:00:00+05:30,837.092309531631,840.0859979060731,829.7363582023899,832.8441162109375,1689316,0.0,0.0
2016-06-15 00:00:00+05:30,834.8113958659023,865.033375718683,834.5263000861818,863.2086791992188,2960616,0.0,0.0
2016-06-16 00:00:00+05:30,860.4716137207535,860.4716137207535,842.7945784093862,852.0322875976562,2447025,0.0,0.0
2016-06-17 00:00:00+05:30,852.2033015417046,856.9647300656112,839.8864431434068,844.0775756835938,2653944,0.0,0.0
2016-06-20 00:00:00+05:30,834.4692672565332,861.041854964904,832.7015793923504,859.3596801757812,2975367,0.0,0.0
2016-06-21 00:00:00+05:30,861.0418550256271,861.5550378875923,849.9224405662483,852.3743896484375,1195078,0.0,0.0
2016-06-22 00:00:00+05:30,853.0585100378805,857.050111458575,844.0489416420003,850.52099609375,1813926,0.0,0.0
2016-06-23 00:00:00+05:30,847.9835699076833,859.8727571957281,840.1714450664397,854.5411376953125,2053992,0.0,0.0
2016-06-24 00:00:00+05:30,825.9729353446493,837.0923498423248,798.8871646791523,815.765869140625,6840802,0.0,0.0
2016-06-27 00:00:00+05:30,814.8249419683556,837.8905518667375,814.2832025899297,836.3794555664062,2560092,0.0,0.0
2016-06-28 00:00:00+05:30,837.4914781925256,850.4925974187896,837.0923127802799,840.5421752929688,2342134,0.0,0.0
2016-06-29 00:00:00+05:30,847.4704447837098,851.3479772493475,842.3669116661208,845.759765625,2000545,0.0,0.0
2016-06-30 00:00:00+05:30,848.6108782567522,858.1336304566943,846.7291208609861,853.34375,3960568,0.0,0.0
2016-07-01 00:00:00+05:30,858.0767168240978,880.9998081882262,855.7387850501381,879.6597900390625,3497923,0.0,0.0
2016-07-04 00:00:00+05:30,883.8509136326286,899.2470257154523,882.909956587202,894.1719970703125,2718052,0.0,0.0
2016-07-05 00:00:00+05:30,893.1454923309717,902.0980530076979,884.9912624676558,898.7337036132812,2636760,0.0,0.0
2016-07-07 00:00:00+05:30,898.6766047988588,902.0694582099056,884.2214517710397,886.4168090820312,2084571,0.0,0.0
2016-07-08 00:00:00+05:30,886.673544340349,887.3578578092915,867.9131333980364,873.95751953125,1915600,0.0,0.0
2016-07-11 00:00:00+05:30,888.412677803757,895.9397078908629,886.4454594118696,889.4391479492188,1815517,0.0,0.0
2016-07-12 00:00:00+05:30,894.0008683909647,896.2533391392631,882.1117320090412,894.114990234375,2383048,0.0,0.0
2016-07-13 00:00:00+05:30,894.1720450969906,895.1414021408153,879.9163153876447,884.6492919921875,2036055,0.0,0.0
2016-07-14 00:00:00+05:30,888.9544878467431,895.7972046452198,879.8593002002813,892.0906982421875,1909636,0.0,0.0
2016-07-15 00:00:00+05:30,893.0314605421997,909.5110505561478,887.9279278190572,904.2933959960938,2428458,0.0,0.0
2016-07-18 00:00:00+05:30,905.5195308137619,914.4435883133382,892.404392607119,897.7644653320312,1855422,0.0,0.0
2016-07-19 00:00:00+05:30,896.3959376384307,902.9535067040642,890.4655689131724,896.8521118164062,1926168,0.0,0.0
2016-07-20 00:00:00+05:30,896.9661130144121,904.3791259925275,894.4285985153116,895.7401123046875,1790911,0.0,0.0
2016-07-21 00:00:00+05:30,898.1064270011639,898.1064270011639,884.9911872315811,888.156005859375,1678212,0.0,0.0
2016-07-22 00:00:00+05:30,889.6100603765442,899.7601166296676,885.3048586577745,897.5362548828125,1877206,0.0,0.0
2016-07-25 00:00:00+05:30,896.395826456343,905.9755874172051,891.2637892819746,904.322021484375,2209774,0.0,0.0
2016-07-26 00:00:00+05:30,905.8044706841571,911.221655296947,901.5847821746011,908.199462890625,1729183,0.0,0.0
2016-07-27 00:00:00+05:30,910.2522897029668,920.9155295137308,904.749695861308,913.588134765625,2467012,0.0,0.0
2016-07-28 00:00:00+05:30,914.6432404426297,916.1257804545459,890.3515733257681,899.3896484375,2811580,0.0,0.0
2016-07-29 00:00:00+05:30,906.659939232262,908.6272619971102,883.8509189610925,888.8973388671875,4228011,0.0,0.0
2016-08-01 00:00:00+05:30,889.0114634766453,904.3790713420215,849.6372867858818,851.7471313476562,9155449,0.0,0.0
2016-08-02 00:00:00+05:30,853.0586929291019,863.208750881742,849.7799084697987,857.2498779296875,2410914,0.0,0.0
2016-08-03 00:00:00+05:30,859.9013532369052,865.1189558742649,838.5178642455548,843.13671875,2619658,0.0,0.0
2016-08-04 00:00:00+05:30,853.0585928818247,853.0585928818247,832.7585315631361,837.748046875,2254336,0.0,0.0
2016-08-05 00:00:00+05:30,844.134732142182,864.8909710976112,842.7946617226568,862.2964477539062,2805628,0.0,0.0
2016-08-08 00:00:00+05:30,866.7440205336209,869.3956043415632,853.6858408108983,859.4166259765625,1403923,0.0,0.0
2016-08-09 00:00:00+05:30,860.9847673411125,861.0418282618341,848.154674132935,855.8812866210938,1865400,0.0,0.0
2016-08-10 00:00:00+05:30,856.1094058586656,857.6205023018069,841.8537288008217,845.759765625,1683261,0.0,0.0
2016-08-11 00:00:00+05:30,841.1123722985084,843.3647907948375,834.1556385136703,840.912841796875,2240371,0.0,0.0
2016-08-12 00:00:00+05:30,843.3646827969837,858.5897142967882,843.0795870539473,850.7205810546875,1659132,0.0,0.0
2016-08-16 00:00:00+05:30,851.889706628379,862.5529468859703,839.3732132354552,858.9605102539062,2610843,0.0,0.0
2016-08-17 00:00:00+05:30,857.4779022779843,863.4652791517458,850.207516074131,856.76513671875,1384653,0.0,0.0
2016-08-18 00:00:00+05:30,860.66147787526,865.1062331744316,854.3118802955657,855.5240478515625,1780732,12.166667,0.0
2016-08-19 00:00:00+05:30,858.9296909189258,864.124830178516,854.1097702541342,862.5951538085938,1392250,0.0,0.0
2016-08-22 00:00:00+05:30,862.9704390457418,868.1655787065235,853.7346175884544,861.6138916015625,1837995,0.0,0.0
2016-08-23 00:00:00+05:30,861.6138539764607,862.7972194774,844.614231458682,852.6666870117188,1273489,0.0,0.0
2016-08-24 00:00:00+05:30,851.4256099884137,859.1894642830966,845.68212292323,850.5597534179688,1230627,0.0,0.0
2016-08-25 00:00:00+05:30,852.0605094073711,856.2166100560444,837.2832391686724,839.6787719726562,2616154,0.0,0.0
2016-08-26 00:00:00+05:30,839.8809429572328,842.7382593070329,819.9085305026525,823.833740234375,2788650,0.0,0.0
2016-08-29 00:00:00+05:30,826.6044348633493,844.9316972904979,819.2157990739768,842.4784545898438,2094229,0.0,0.0
2016-08-30 00:00:00+05:30,847.3849948439913,853.0419174821251,841.5260354796604,851.8008422851562,2598309,0.0,0.0
2016-08-31 00:00:00+05:30,851.4257530242804,876.2181416519613,848.712763499884,873.3319702148438,4152240,0.0,0.0
2016-09-01 00:00:00+05:30,873.3607339096828,875.9871586274588,867.0399382650918,869.9550170898438,1905766,0.0,0.0
2016-09-02 00:00:00+05:30,869.9550330758877,873.072095846029,858.2371135746258,868.7716674804688,1755505,0.0,0.0
2016-09-06 00:00:00+05:30,872.8989762051588,879.8546842534244,867.6749286107636,875.3233642578125,1960860,0.0,0.0
2016-09-07 00:00:00+05:30,878.9599503965543,889.783105408266,871.6290238934238,876.3912353515625,2648263,0.0,0.0
2016-09-08 00:00:00+05:30,880.6050230253976,892.3806517263542,878.0651628887505,888.6575317382812,1692184,0.0,0.0
2016-09-09 00:00:00+05:30,888.9460458150685,889.5810636724011,871.6289672137948,876.0736694335938,2262933,0.0,0.0
2016-09-12 00:00:00+05:30,858.9298086114882,861.007885739143,842.7094236219222,844.6143188476562,1953571,0.0,0.0
2016-09-14 00:00:00+05:30,844.614374547673,855.466438379542,840.5159825545236,851.5989379882812,1718754,0.0,0.0
2016-09-15 00:00:00+05:30,851.4834445617947,852.6090476290764,841.1220196790597,848.683837890625,1126282,0.0,0.0
2016-09-16 00:00:00+05:30,852.6378025504325,865.2792869280428,847.673554851751,850.3865966796875,2112271,0.0,0.0
2016-09-19 00:00:00+05:30,852.0029147401387,860.0842255838355,845.0760617747718,854.1964111328125,942540,0.0,0.0
2016-09-20 00:00:00+05:30,853.1573116582131,856.8227746136594,847.7024259072908,851.9739990234375,1097205,0.0,0.0
2016-09-21 00:00:00+05:30,854.3119450278068,858.8721200360824,846.4037626590997,849.7517700195312,1337071,0.0,0.0
2016-09-22 00:00:00+05:30,860.0842185897276,868.1655822154017,852.5801631700649,865.8277587890625,1952950,0.0,0.0
2016-09-23 00:00:00+05:30,868.7427621330536,875.9582689574478,860.4305599974563,864.1248779296875,3121780,0.0,0.0
2016-09-26 00:00:00+05:30,861.2387805648659,872.7546636419967,843.6907556740721,846.0574340820312,2122144,0.0,0.0
2016-09-27 00:00:00+05:30,848.5683515867778,852.1761051582265,826.2869708021178,829.144287109375,2819209,0.0,0.0
2016-09-28 00:00:00+05:30,832.3767896949062,846.8077505720867,830.3276204140606,840.400390625,2393218,0.0,0.0
2016-09-29 00:00:00+05:30,843.6906805059798,847.962200918572,819.9373340152405,829.8369750976562,3040345,0.0,0.0
2016-09-30 00:00:00+05:30,828.3362039269714,831.5398312195653,814.7710989394282,827.268310546875,3497865,0.0,0.0
2016-10-03 00:00:00+05:30,830.0967339876534,851.2813658728184,828.4515853065981,848.9435424804688,2181718,0.0,0.0
2016-10-04 00:00:00+05:30,852.4647277142568,854.0521139584555,833.1561349673398,836.5040893554688,2289637,0.0,0.0
2016-10-05 00:00:00+05:30,842.7671840439943,843.863932358591,831.886265430352,839.27490234375,2059848,0.0,0.0
2016-10-06 00:00:00+05:30,845.0760259051746,847.0674854786505,834.6857468981437,839.59228515625,1627375,0.0,0.0
2016-10-07 00:00:00+05:30,838.7264089609905,842.7093280148125,831.7995564516023,841.0064697265625,1098751,0.0,0.0
2016-10-10 00:00:00+05:30,843.3154322421884,845.8841470760289,835.291831665144,836.9946899414062,875911,0.0,0.0
2016-10-13 00:00:00+05:30,830.5873683396989,835.5516163538233,826.2003756729771,830.2987670898438,2659995,0.0,0.0
2016-10-14 00:00:00+05:30,833.5313405777868,852.8110781812879,830.4142249744368,851.339111328125,2632323,0.0,0.0
2016-10-17 00:00:00+05:30,851.3679659961255,852.5801864273526,831.7996271333699,835.8114013671875,2140920,0.0,0.0
2016-10-18 00:00:00+05:30,841.4393954982196,861.1809145215452,837.6007506513342,859.0740356445312,1983013,0.0,0.0
2016-10-19 00:00:00+05:30,859.074005719884,866.4337862327857,852.0316812727352,860.6902465820312,2146896,0.0,0.0
2016-10-20 00:00:00+05:30,863.5476614894948,870.1859132696391,855.7838066597348,867.9635620117188,1502340,0.0,0.0
2016-10-21 00:00:00+05:30,868.1656253023089,873.9957303132763,861.8737371208464,872.1196899414062,1670799,0.0,0.0
2016-10-24 00:00:00+05:30,875.467597363647,877.4013473161175,858.2370825306705,861.6138916015625,1517035,0.0,0.0
2016-10-25 00:00:00+05:30,862.9704155041575,865.4813678964211,853.5614124119802,856.6785278320312,838206,0.0,0.0
2016-10-26 00:00:00+05:30,854.1386437677115,859.5069650228673,848.856887029699,855.6394653320312,867619,0.0,0.0
2016-10-27 00:00:00+05:30,854.1676533010306,855.9859312718665,841.0932379830954,851.5989379882812,2440678,0.0,0.0
2016-10-28 00:00:00+05:30,849.1166686486682,857.1402691019373,844.4987318476964,854.7158813476562,1212981,0.0,0.0
2016-11-01 00:00:00+05:30,854.8891733861964,854.9180282301471,842.7671794557142,844.5855102539062,947158,0.0,0.0
2016-11-02 00:00:00+05:30,835.7248161120104,839.8809172981739,829.2020366528924,836.2154541015625,1493443,0.0,0.0
2016-11-03 00:00:00+05:30,832.463476766532,846.605784730849,832.3768593910962,833.6467895507812,1411942,0.0,0.0
2016-11-04 00:00:00+05:30,823.6605865945328,827.9898699541816,806.3434531559376,819.5621948242188,18639006,0.0,0.0
2016-11-07 00:00:00+05:30,822.5638753866433,826.4313757418387,803.7170645018416,806.9784545898438,2158653,0.0,0.0
2016-11-08 00:00:00+05:30,811.3076679018292,811.5962691645867,798.8970737355223,806.5166015625,1881726,0.0,0.0
2016-11-09 00:00:00+05:30,761.9538905286229,813.3857992783844,747.5806905509124,802.6203002929688,4757398,0.0,0.0
2016-11-10 00:00:00+05:30,808.450325191692,823.7182351889379,808.450325191692,815.117431640625,2766432,0.0,0.0
2016-11-11 00:00:00+05:30,806.343432693377,813.3279955769774,800.0515445602032,801.6677856445312,2518285,0.0,0.0
2016-11-15 00:00:00+05:30,796.0107880967229,812.4620629065921,786.9192941228478,790.9888305664062,3958053,0.0,0.0
2016-11-16 00:00:00+05:30,800.8018738193125,801.3791291620762,779.8481866122208,794.0193481445312,3299710,0.0,0.0
2016-11-17 00:00:00+05:30,795.549045509082,798.8970525983468,785.0433467894027,791.3929443359375,1377642,0.0,0.0
2016-11-18 00:00:00+05:30,791.9701508517485,797.9445294047896,785.6205008491135,791.075439453125,1654947,0.0,0.0
2016-11-21 00:00:00+05:30,795.8378085811378,795.8378085811378,773.4986626272967,778.058837890625,1962840,0.0,0.0
2016-11-22 00:00:00+05:30,784.0331165025539,785.0433001069503,753.0066073288227,767.4663696289062,3084870,0.0,0.0
2016-11-23 00:00:00+05:30,783.3115973849807,799.4742181837939,778.1164579465711,783.4558715820312,7493139,0.0,0.0
2016-11-24 00:00:00+05:30,781.5220290045418,788.4488807673923,773.4984292357522,779.0687866210938,4315369,0.0,0.0
2016-11-25 00:00:00+05:30,783.7735020884384,793.8174187549477,771.4206165863536,791.2198486328125,3065824,0.0,0.0
2016-11-28 00:00:00+05:30,791.0754853681467,792.0856161812526,779.2709489240403,783.2827758789062,1777818,0.0,0.0
2016-11-29 00:00:00+05:30,783.3116664895394,790.6425931679514,778.7225839692712,780.6852416992188,1741327,0.0,0.0
2016-11-30 00:00:00+05:30,787.9295236933714,803.0820145336286,779.2709574989387,798.1754760742188,4335631,0.0,0.0
2016-12-01 00:00:00+05:30,800.2824169710929,809.5759483144959,792.4319976256102,801.4080200195312,2151997,0.0,0.0
2016-12-02 00:00:00+05:30,795.4337769381768,796.3573434078039,784.4662401443923,786.1113891601562,1217827,0.0,0.0
2016-12-05 00:00:00+05:30,785.1587462170027,787.8140256702471,778.7514391516652,782.8209228515625,1062822,0.0,0.0
2016-12-06 00:00:00+05:30,783.9755079312893,793.1247126857822,783.773471184354,786.284423828125,1771909,0.0,0.0
2016-12-07 00:00:00+05:30,789.6611374801804,793.7595284858955,779.2708593554412,781.46435546875,1557765,0.0,0.0
2016-12-08 00:00:00+05:30,788.0160762490025,794.1348350217877,786.0823263050999,789.0551147460938,1388842,0.0,0.0
2016-12-09 00:00:00+05:30,792.489709241719,792.7206008202262,783.3116500887421,786.3132934570312,1211254,0.0,0.0
2016-12-12 00:00:00+05:30,785.0433794284291,793.6441833874278,782.7921204322611,787.9006958007812,1636279,0.0,0.0
2016-12-13 00:00:00+05:30,788.5067440940869,795.953089552059,788.0449609638847,794.10595703125,2168125,0.0,0.0
2016-12-14 00:00:00+05:30,797.6848671750384,797.6848671750384,783.3693775911672,785.0145263671875,1360938,0.0,0.0
2016-12-15 00:00:00+05:30,779.1266450225423,789.1417588631101,778.6937167047214,783.2250366210938,900523,0.0,0.0
2016-12-16 00:00:00+05:30,782.9074291538137,787.6407848932272,780.4541339286719,785.3895263671875,1577425,0.0,0.0
2016-12-19 00:00:00+05:30,783.6002663228421,784.4661229707127,774.3932993048941,776.35595703125,1148169,0.0,0.0
2016-12-20 00:00:00+05:30,776.3848043052366,785.7360454415468,775.8941134545828,782.44580078125,1177779,0.0,0.0
2016-12-21 00:00:00+05:30,784.0042553569253,785.360749866424,773.498504498784,774.6530151367188,950224,0.0,0.0
2016-12-22 00:00:00+05:30,773.9315359714954,775.8075763725215,757.3648398698123,758.8656616210938,1357563,0.0,0.0
2016-12-23 00:00:00+05:30,759.5005457893744,774.6530359011387,751.8521107868801,772.026611328125,2136648,0.0,0.0
2016-12-26 00:00:00+05:30,770.9588232712124,776.3848550430624,761.001471267035,772.11328125,1198728,0.0,0.0
2016-12-27 00:00:00+05:30,773.4984285112486,784.7545626153376,767.2065416890649,782.5033569335938,1222356,0.0,0.0
2016-12-28 00:00:00+05:30,783.3117246240035,786.9194256993522,776.9620734916222,779.2421875,1294264,0.0,0.0
2016-12-29 00:00:00+05:30,774.3932988540406,781.5799513053387,767.9571365302603,773.0368041992188,2010627,0.0,0.0
2016-12-30 00:00:00+05:30,776.384847409886,782.445844222404,775.8075920023182,778.7515258789062,1280979,0.0,0.0
2017-01-02 00:00:00+05:30,782.7632777133877,790.2385315616192,778.7803582051139,784.8125,1476811,0.0,0.0
2017-01-03 00:00:00+05:30,785.0433009251344,793.7018665498687,780.5408362307345,789.1994018554688,1363398,0.0,0.0
2017-01-04 00:00:00+05:30,793.7019219761675,797.36738520312,791.104352107352,794.62548828125,2144739,0.0,0.0
2017-01-05 00:00:00+05:30,797.8868605355905,805.2466416691254,795.4336177736432,803.6881103515625,2781498,0.0,0.0
2017-01-06 00:00:00+05:30,805.2465756499276,810.26853297154,800.9750026612899,802.9087524414062,1462912,0.0,0.0
2017-01-09 00:00:00+05:30,803.5149522757384,806.9495239528741,794.6832040842032,796.9633178710938,819484,0.0,0.0
2017-01-10 00:00:00+05:30,796.7324631461461,805.2467027818834,795.173878862604,800.9174194335938,1359729,0.0,0.0
2017-01-11 00:00:00+05:30,806.9784919944916,818.436666523459,805.2467784923575,815.2618408203125,1514451,0.0,0.0
2017-01-12 00:00:00+05:30,816.7335408380428,839.4767005404149,816.2140480963301,836.619384765625,2707455,0.0,0.0
2017-01-13 00:00:00+05:30,842.7671218033067,842.7671218033067,826.7199189346977,830.5008544921875,1400770,0.0,0.0
2017-01-16 00:00:00+05:30,828.3362107560469,836.9947772348637,826.7776265117031,832.838623046875,1052802,0.0,0.0
2017-01-17 00:00:00+05:30,831.2223434904151,842.73822580465,831.2223434904151,834.5414428710938,1423840,0.0,0.0
2017-01-18 00:00:00+05:30,834.6858234990334,847.9622747216392,834.6858234990334,838.4089965820312,1538178,0.0,0.0
2017-01-19 00:00:00+05:30,838.7265294761512,844.4988721649322,834.1374467511316,836.6773071289062,1019914,0.0,0.0
2017-01-20 00:00:00+05:30,836.6772157376206,839.2459306780545,814.4824532427915,816.6470947265625,2177485,0.0,0.0
2017-01-23 00:00:00+05:30,815.0596321560473,815.6368874842474,797.6847911084423,804.4096069335938,3534069,0.0,0.0
2017-01-24 00:00:00+05:30,807.1227452997533,821.9865829360826,806.9784182385326,819.5621948242188,1879687,0.0,0.0
2017-01-25 00:00:00+05:30,822.448416710983,839.3037680078335,819.9086090720539,836.8505249023438,2294773,0.0,0.0
2017-01-27 00:00:00+05:30,837.6008351835785,848.6838425622072,827.3837373011199,831.1646728515625,1871125,0.0,0.0
2017-01-30 00:00:00+05:30,832.9540952621838,846.8078016282909,830.0679240518102,832.838623046875,2601585,0.0,0.0
2017-01-31 00:00:00+05:30,831.222507038878,839.881074820533,823.7183973455424,834.8302612304688,1894153,0.0,0.0
2017-02-01 00:00:00+05:30,835.8114680085025,862.8839175018703,834.8590467706675,860.2286376953125,3577633,0.0,0.0
2017-02-02 00:00:00+05:30,861.0077092002689,862.3930584361925,848.7125365526254,852.2913818359375,2257914,0.0,0.0
2017-02-03 00:00:00+05:30,852.2914407456858,858.9296918672769,841.0353056708121,854.7158813476562,1650459,0.0,0.0
2017-02-06 00:00:00+05:30,857.1981068982745,865.8566736346207,853.9655717935254,856.5054321289062,1526715,0.0,0.0
2017-02-07 00:00:00+05:30,854.4272855334076,868.6273549660482,849.7805464248032,866.02978515625,2499546,0.0,0.0
2017-02-08 00:00:00+05:30,868.6273562480259,872.2062020280379,859.6512812621506,869.8106689453125,1689792,0.0,0.0
2017-02-09 00:00:00+05:30,870.4744870221007,872.1196357064155,852.2337886834125,860.48828125,1529256,0.0,0.0
2017-02-10 00:00:00+05:30,863.114677987436,870.5610762389588,861.3829648379226,866.982177734375,1300986,0.0,0.0
2017-02-13 00:00:00+05:30,869.0602305255751,871.0516900226894,855.206525714081,865.943115234375,930046,0.0,0.0
2017-02-14 00:00:00+05:30,868.7428278459128,869.8684837776583,857.7753454273619,861.5850830078125,926545,0.0,0.0
2017-02-15 00:00:00+05:30,861.6426930194294,869.1467474832523,852.089363797915,854.311767578125,1952469,0.0,0.0
2017-02-16 00:00:00+05:30,856.5631122092921,857.1980772711911,843.373225813623,848.683837890625,2071947,0.0,0.0
2017-02-17 00:00:00+05:30,849.1454530922894,857.1979077164524,845.6531723664692,853.1572265625,1028691,0.0,0.0
2017-02-20 00:00:00+05:30,855.9570331407887,861.2387905682502,851.4545678601041,855.8416137695312,1105371,0.0,0.0
2017-02-21 00:00:00+05:30,852.0029856327072,860.1420596833186,852.0029856327072,856.216796875,970615,0.0,0.0
2017-02-22 00:00:00+05:30,856.0436119527766,859.3627114423651,850.1557445483655,852.5513305664062,1291317,0.0,0.0
2017-02-23 00:00:00+05:30,854.3118447808861,869.3200079124819,847.5004114869729,858.12158203125,2175397,0.0,0.0
2017-02-27 00:00:00+05:30,862.7972327521256,865.8565856417008,842.8248216027083,846.1439208984375,1553899,0.0,0.0
2017-02-28 00:00:00+05:30,849.6939387695563,858.9009054184628,846.3171296868309,848.0776977539062,1773558,0.0,0.0
2017-03-01 00:00:00+05:30,849.6939444165664,857.1114882069477,849.2033064252307,852.0894775390625,1219411,0.0,0.0
2017-03-02 00:00:00+05:30,855.4951740005474,863.1724640246016,848.539466373572,850.819580078125,1920216,0.0,0.0
2017-03-03 00:00:00+05:30,849.3188325469225,853.3594617932259,842.7671449595939,848.7415771484375,1205019,0.0,0.0
2017-03-06 00:00:00+05:30,847.3849852275364,859.506977271027,847.3849852275364,857.5443725585938,821986,0.0,0.0
2017-03-07 00:00:00+05:30,856.6208232451997,860.9789613123856,853.9943984681643,858.0062255859375,991566,0.0,0.0
2017-03-08 00:00:00+05:30,856.8516804127796,862.6817851119722,847.8756582149373,852.1760864257812,1424362,0.0,0.0
2017-03-09 00:00:00+05:30,850.2134841664601,855.9281166723891,845.653309528473,852.5223999023438,1111050,0.0,0.0
2017-03-10 00:00:00+05:30,854.8314047721753,864.4135376020731,854.340766763435,861.0078735351562,1836264,0.0,0.0
2017-03-14 00:00:00+05:30,875.6696043652843,905.5128544085945,875.6696043652843,899.39404296875,7224810,0.0,0.0
2017-03-15 00:00:00+05:30,898.7591428313717,900.4908560160178,889.0615912755069,894.08349609375,2408866,0.0,0.0
2017-03-16 00:00:00+05:30,899.9136164384438,909.1493844775332,899.3363082704267,906.8693237304688,2396146,0.0,0.0
2017-03-17 00:00:00+05:30,906.8694246750919,907.9372652226392,891.3417146047963,896.1904907226562,1927983,0.0,0.0
2017-03-20 00:00:00+05:30,897.0275812703577,897.8357283191774,886.2043720368833,887.5897216796875,1442107,0.0,0.0
2017-03-21 00:00:00+05:30,894.7185583594351,903.1461802850253,890.677823597846,894.1701049804688,2415213,0.0,0.0
2017-03-22 00:00:00+05:30,887.7050509120162,895.7287052001425,880.5185041280322,883.0872192382812,3371401,0.0,0.0
2017-03-23 00:00:00+05:30,887.214362770613,899.5672996144833,876.8529912367854,891.1973876953125,2511771,0.0,0.0
2017-03-24 00:00:00+05:30,893.5640611831031,899.3364036075276,889.8119804747619,895.4111938476562,1347655,0.0,0.0
2017-03-27 00:00:00+05:30,894.6608141026088,897.6046419925019,887.791670968753,891.1973876953125,1583550,0.0,0.0
2017-03-28 00:00:00+05:30,893.5640556702283,899.2209786920654,889.5811362510865,891.3994140625,2628958,0.0,0.0
2017-03-29 00:00:00+05:30,897.0274147089968,904.8778335892794,894.7184990663794,898.4993286132812,2280357,0.0,0.0
2017-03-30 00:00:00+05:30,902.2226091890267,906.2632382338285,896.0173385674757,899.0189819335938,2288326,0.0,0.0
2017-03-31 00:00:00+05:30,895.9306518779199,919.9149435246229,895.9306518779199,909.0917358398438,3543100,0.0,0.0
2017-04-03 00:00:00+05:30,913.13231095316,961.6779881993116,910.0729581410644,958.7918701171875,6576885,0.0,0.0
2017-04-05 00:00:00+05:30,958.7919544786646,981.2753722743711,951.2012286110446,979.2550048828125,5179798,0.0,0.0
2017-04-06 00:00:00+05:30,972.6454754645476,982.6605345991541,963.409602601131,971.6063842773438,2740816,0.0,0.0
2017-04-07 00:00:00+05:30,966.8730256888302,992.8198650267595,964.621819999492,972.9340209960938,4096639,0.0,0.0
2017-04-10 00:00:00+05:30,974.3775224632022,986.5572269608738,959.9465058024502,966.3250122070312,2406430,0.0,0.0
2017-04-11 00:00:00+05:30,966.3248587086929,986.4993605657976,964.5642905986633,984.1326293945312,1974126,0.0,0.0
2017-04-12 00:00:00+05:30,978.4179979306545,987.9424209193598,967.6236448304288,982.92041015625,2135064,0.0,0.0
2017-04-13 00:00:00+05:30,978.129399916561,978.129399916561,965.4013489253059,968.9224853515625,1975483,0.0,0.0
2017-04-17 00:00:00+05:30,969.7595261724778,975.3010303182577,964.5066761650969,970.538818359375,1135260,0.0,0.0
2017-04-18 00:00:00+05:30,972.0682758854005,980.6979867626393,960.0618089349925,963.6983642578125,1839489,0.0,0.0
2017-04-19 00:00:00+05:30,963.9871011342775,966.8732194907506,959.282599264849,964.3045043945312,1158162,0.0,0.0
2017-04-20 00:00:00+05:30,966.2382846733316,973.5692111511825,960.0618689282993,970.4521484375,1044189,0.0,0.0
2017-04-21 00:00:00+05:30,978.4179058159723,982.2854054693911,969.7593402777778,974.088623046875,2415931,0.0,0.0
2017-04-24 00:00:00+05:30,977.2634044796167,1002.3155351012623,976.1089995271245,1000.1797485351562,3238530,0.0,0.0
2017-04-25 00:00:00+05:30,1004.3935371874724,1010.1658786061839,1002.0846217590623,1007.9146728515625,2879794,0.0,0.0
2017-04-26 00:00:00+05:30,1007.8572116088847,1018.247492140935,1004.3937847648679,1010.9165649414062,2885722,0.0,0.0
2017-04-27 00:00:00+05:30,1008.9249003592709,1024.0196808416852,1006.7025492282665,1019.8347778320312,2126127,0.0,0.0
2017-04-28 00:00:00+05:30,1017.6989104952593,1019.2573887996172,1004.508973258405,1010.0504760742188,1637739,0.0,0.0
2017-05-02 00:00:00+05:30,1010.2236993833727,1019.9790663201154,995.7350817216746,999.8045654296875,1861141,0.0,0.0
2017-05-03 00:00:00+05:30,1002.0848274727763,1007.4242417388058,990.540036569999,992.9644775390625,1296282,0.0,0.0
2017-05-04 00:00:00+05:30,995.1580044989694,1005.5194300768522,994.0034936647719,999.5738525390625,1255336,0.0,0.0
2017-05-05 00:00:00+05:30,998.6214430761626,999.2563553404457,983.1514416362552,995.3888549804688,1555141,0.0,0.0
2017-05-08 00:00:00+05:30,997.4668046883828,1003.7009299395309,984.2480112508115,986.8455810546875,1246116,0.0,0.0
2017-05-09 00:00:00+05:30,988.2311834354764,1014.178030500385,984.1904482303883,1007.0779418945312,1836462,0.0,0.0
2017-05-10 00:00:00+05:30,1012.8790583124752,1018.8245292524933,999.2561919009083,1003.960693359375,2010127,0.0,0.0
2017-05-11 00:00:00+05:30,1010.1658752469597,1012.7634447310479,992.6179066586515,1002.5752563476562,1270446,0.0,0.0
2017-05-12 00:00:00+05:30,1002.9215907175172,1014.2065796549226,996.6585058850762,1004.7398681640625,1803768,0.0,0.0
2017-05-15 00:00:00+05:30,1009.3578374116236,1011.0606957480841,1002.3732750262977,1005.7789916992188,1195701,0.0,0.0
2017-05-16 00:00:00+05:30,1008.4343461902049,1009.1559286325217,997.2070645481626,1004.7977905273438,1654389,0.0,0.0
2017-05-17 00:00:00+05:30,1006.6450344449969,1018.2475360114187,998.9100334007157,1013.3121948242188,2502879,0.0,0.0
2017-05-18 00:00:00+05:30,1004.1916628936773,1010.2236985025758,990.7708857169561,994.3497314453125,2155830,0.0,0.0
2017-05-19 00:00:00+05:30,998.0440568883093,1000.9302809347972,979.8899221975443,995.475341796875,2268141,0.0,0.0
2017-05-22 00:00:00+05:30,1000.3528786680712,1015.3609870442738,998.0438576137553,1011.29150390625,2839224,0.0,0.0
2017-05-23 00:00:00+05:30,1013.0521138728255,1018.7667456838025,997.1203329942122,1004.8264770507812,1463805,0.0,0.0
2017-05-24 00:00:00+05:30,1005.6058950368114,1014.149041834088,968.3740605460222,972.328125,2173069,0.0,0.0
2017-05-25 00:00:00+05:30,976.6862646513625,1024.5970327236214,976.6862646513625,1021.0469360351562,5404771,0.0,0.0
2017-05-26 00:00:00+05:30,1021.7107824604292,1038.4507118681295,1012.3883437931274,1031.8701171875,3066081,0.0,0.0
2017-05-29 00:00:00+05:30,1029.7343868271983,1044.7713514675668,1019.4018178596012,1028.8685302734375,3033658,0.0,0.0
2017-05-30 00:00:00+05:30,1048.263736913755,1058.6251617519717,1012.4750662578422,1020.296630859375,6550440,0.0,0.0
2017-05-31 00:00:00+05:30,1023.1539799952699,1030.3694878309277,1010.5702028205014,1016.3426513671875,3000732,0.0,0.0
2017-06-01 00:00:00+05:30,1015.9385049283926,1037.8734696059744,1009.0116517259157,1034.871826171875,2898184,0.0,0.0
2017-06-02 00:00:00+05:30,1039.027882425355,1041.9141062194417,1026.3863976615896,1029.7921142578125,1425321,0.0,0.0
2017-06-05 00:00:00+05:30,1036.1419499368128,1044.454259889481,1029.5037496090406,1041.856689453125,1906419,0.0,0.0
2017-06-06 00:00:00+05:30,1043.4727643182746,1043.6748539233065,1022.9520023847252,1024.6837158203125,1431069,0.0,0.0
2017-06-07 00:00:00+05:30,1024.019660771093,1035.8531042719178,1023.4424582937531,1032.4473876953125,1327540,0.0,0.0
2017-06-08 00:00:00+05:30,1032.6782484276782,1038.450696105686,1022.5766235342404,1024.1640625,1428979,0.0,0.0
2017-06-09 00:00:00+05:30,1025.7512422863324,1029.7342665246047,1016.8618390771281,1026.4439697265625,1632207,0.0,0.0
2017-06-12 00:00:00+05:30,1026.213170206549,1026.3286952598064,986.4415831388371,1002.4309692382812,4068957,0.0,0.0
2017-06-13 00:00:00+05:30,1007.0200944710015,1012.8791068693174,1002.4021573091155,1003.8164672851562,1412274,0.0,0.0
2017-06-14 00:00:00+05:30,1005.5480869462388,1022.4899989831538,1001.3919333177181,1018.507080078125,2079657,0.0,0.0
2017-06-15 00:00:00+05:30,1014.2931239769218,1017.0349675101498,998.6211433327918,1001.7093505859375,1481092,0.0,0.0
2017-06-16 00:00:00+05:30,1001.4209325888447,1010.7433719118667,993.2530040392307,996.7164306640625,2243152,0.0,0.0
2017-06-19 00:00:00+05:30,1002.084833219439,1015.9385401040607,999.8913366757336,1013.5140991210938,1781056,0.0,0.0
2017-06-20 00:00:00+05:30,1015.1880073324102,1021.1047293231364,1004.5090740479102,1010.4546508789062,1565472,0.0,0.0
2017-06-21 00:00:00+05:30,1015.0727269472361,1028.6377802882612,1010.7434433601643,1012.590576171875,3556927,0.0,0.0
2017-06-22 00:00:00+05:30,1015.9385419942262,1019.1710242821341,999.9490482221169,1002.315673828125,1761759,0.0,0.0
2017-06-23 00:00:00+05:30,1004.3936150006393,1006.2696023255996,992.2716230954592,994.4074096679688,1716825,0.0,0.0
2017-06-27 00:00:00+05:30,991.4347270432617,1003.2103564386236,973.1651727208185,982.2855224609375,2317045,0.0,0.0
2017-06-28 00:00:00+05:30,980.6404982775725,985.9222034169669,970.5388712281373,983.1803588867188,1578525,0.0,0.0
2017-06-29 00:00:00+05:30,983.6707653290368,994.6672070972921,978.7354251976734,983.4110717773438,2709552,0.0,0.0
2017-06-30 00:00:00+05:30,980.7269740693717,980.7269740693717,958.9651374810296,974.146484375,3251535,0.0,0.0
2017-07-03 00:00:00+05:30,974.3772031463816,987.365050467518,965.9494769582458,973.9442749023438,2170096,0.0,0.0
2017-07-04 00:00:00+05:30,981.3042699482171,981.3042699482171,964.5643389477268,971.6931762695312,1640038,0.0,0.0
2017-07-05 00:00:00+05:30,972.0683458917097,980.7269122318835,969.8171397823426,978.5911254882812,1034440,0.0,0.0
2017-07-06 00:00:00+05:30,980.8423120310476,985.3158688370291,975.7048825659198,979.9186401367188,1417581,0.0,0.0
2017-07-07 00:00:00+05:30,979.5724817992684,991.636764680001,975.647272206465,983.8440551757812,1845099,0.0,0.0
2017-07-10 00:00:00+05:30,988.2311322257008,1003.8165525638055,988.2311322257008,999.8624877929688,324259,0.0,0.0
2017-07-11 00:00:00+05:30,1004.0472275199719,1010.1082233294004,998.6212495471617,1005.0285034179688,2123947,0.0,0.0
2017-07-12 00:00:00+05:30,1009.0117090852854,1014.0336145253266,1001.9116207318922,1004.1339721679688,2036904,0.0,0.0
2017-07-13 00:00:00+05:30,1021.1366317962888,1036.3866555673505,1016.666824911735,1029.9010009765625,1643754,14.0,1.5
2017-07-14 00:00:00+05:30,1036.824908931916,1036.824908931916,1016.2725053070325,1026.48291015625,1401864,0.0,0.0
2017-07-17 00:00:00+05:30,1032.4428053295092,1035.948553395144,1018.7704092709207,1026.52685546875,1646087,0.0,0.0
2017-07-18 00:00:00+05:30,1025.3437281956762,1040.3307803825685,1023.766098707816,1032.355224609375,2375324,0.0,0.0
2017-07-19 00:00:00+05:30,1037.701297791409,1040.3306085121642,1025.5188033878574,1035.3349609375,1827242,0.0,0.0
2017-07-20 00:00:00+05:30,1035.9488098492254,1046.8604106099572,1030.6901864489755,1039.1478271484375,1845852,0.0,0.0
2017-07-21 00:00:00+05:30,1042.9601509914273,1042.9601509914273,1025.6066535835123,1033.5384521484375,1912305,0.0,0.0
2017-07-24 00:00:00+05:30,1031.5663120548268,1036.5182023248644,1026.3953125426365,1032.4427490234375,1313657,0.0,0.0
2017-07-25 00:00:00+05:30,1032.4428156586548,1034.1518250629736,1021.4873528439407,1026.17626953125,2182162,0.0,0.0
2017-07-26 00:00:00+05:30,1025.3436931441381,1037.701433753442,1021.9255673619201,1034.414794921875,1161591,0.0,0.0
2017-07-27 00:00:00+05:30,1034.8971292381825,1047.2548728465918,1028.0608760146536,1035.99267578125,3881208,0.0,0.0
2017-07-28 00:00:00+05:30,1037.701437295391,1043.310655651133,1010.970108040738,1017.8939819335938,3278658,0.0,0.0
2017-07-31 00:00:00+05:30,1046.2028878027834,1058.2977621651642,1034.283365046594,1046.4219970703125,5000536,0.0,0.0
2017-08-01 00:00:00+05:30,1050.1904011123318,1050.1904011123318,1026.9209611554274,1043.003662109375,2721660,0.0,0.0
2017-08-02 00:00:00+05:30,1043.8363524504202,1044.5813024212825,1027.6222697297378,1031.3909912109375,2154488,0.0,0.0
2017-08-03 00:00:00+05:30,1034.108032275284,1038.2711080034558,1023.3716790815774,1029.5943603515625,1426006,0.0,0.0
2017-08-04 00:00:00+05:30,1028.9370845537164,1035.9047162241877,1025.1683624884272,1030.5584716796875,1082867,0.0,0.0
2017-08-07 00:00:00+05:30,1031.3031915850008,1038.2270640502866,1027.183981212789,1034.151611328125,1035670,0.0,0.0
2017-08-08 00:00:00+05:30,1034.195598089316,1039.4542197745159,1020.1726069287829,1026.48291015625,1531255,0.0,0.0
2017-08-09 00:00:00+05:30,1026.307853937516,1026.307853937516,1006.1498004442941,1011.32080078125,1439328,0.0,0.0
2017-08-10 00:00:00+05:30,1008.7789769649082,1022.7143465236702,999.1381700608126,1014.6510620117188,1713614,0.0,0.0
2017-08-11 00:00:00+05:30,1009.5942618592993,1014.9616560428174,998.2385010083381,1004.2268676757812,2001103,14.0,0.0
2017-08-14 00:00:00+05:30,1014.252119160909,1022.9019841614066,992.7383523647997,1017.4902954101562,1866838,0.0,0.0
2017-08-16 00:00:00+05:30,1019.3530515494193,1022.369435589295,996.5085423436774,1013.3646850585938,2143899,0.0,0.0
2017-08-17 00:00:00+05:30,1015.8044745766507,1026.450460336406,1003.4285594495622,1006.045654296875,1508949,0.0,0.0
2017-08-18 00:00:00+05:30,997.1739048518795,1009.2837341635291,996.2867394561038,1003.0291748046875,1230709,0.0,0.0
2017-08-21 00:00:00+05:30,1005.5576734942708,1011.3686507271636,997.7062806282024,999.9241943359375,1651344,0.0,0.0
2017-08-22 00:00:00+05:30,1004.2712870560466,1006.9327833998348,987.4595451364105,991.5847778320312,1361351,0.0,0.0
2017-08-23 00:00:00+05:30,993.6252487637959,1001.4766409005197,988.6571441792885,997.3070068359375,1710949,0.0,0.0
2017-08-24 00:00:00+05:30,1002.4971108478737,1007.6427145584684,998.9484485085892,1004.0052490234375,1316100,0.0,0.0
2017-08-28 00:00:00+05:30,1006.666844571215,1024.6763510291516,1001.4326537443561,1010.3930053710938,1884734,0.0,0.0
2017-08-29 00:00:00+05:30,1007.5094254667647,1010.2596165946699,996.5972475407956,1002.5413208007812,1045267,0.0,0.0
2017-08-30 00:00:00+05:30,1011.3687138182006,1016.6030121542939,1005.1585550491415,1011.0582275390625,895791,0.0,0.0
2017-08-31 00:00:00+05:30,1014.917435438526,1015.8046010289444,1002.9406999678791,1008.0863037109375,1926054,0.0,0.0
2017-09-01 00:00:00+05:30,1006.8882387881138,1015.2720160581337,1003.8719633308434,1010.65869140625,976551,0.0,0.0
2017-09-04 00:00:00+05:30,1000.6783185542777,1010.4371394067995,995.3997269572249,1003.07373046875,1006945,0.0,0.0
2017-09-05 00:00:00+05:30,1003.517207853888,1010.4814348898213,995.6658153790697,999.5249633789062,1110437,0.0,0.0
2017-09-06 00:00:00+05:30,995.3997046981889,999.0370616389305,989.98801673303,991.4961547851562,891224,0.0,0.0
2017-09-07 00:00:00+05:30,994.601283944924,1003.3398430189972,992.0728837676752,1001.6986083984375,1038623,0.0,0.0
2017-09-08 00:00:00+05:30,1009.1506971720273,1048.629559610845,1006.0900196948343,1040.11279296875,4947759,0.0,0.0
2017-09-11 00:00:00+05:30,1046.8552567916993,1086.777703025281,1022.5026079078409,1080.4344482421875,4364705,0.0,0.0
2017-09-12 00:00:00+05:30,1081.89827407809,1094.7621731958698,1081.89827407809,1091.435302734375,2451814,0.0,0.0
2017-09-13 00:00:00+05:30,1084.1164349341323,1090.326594545048,1071.25253288295,1085.3140869140625,2233311,0.0,0.0
2017-09-14 00:00:00+05:30,1085.4913729883094,1094.762208992185,1074.8009855705284,1077.1962890625,1440488,0.0,0.0
2017-09-15 00:00:00+05:30,1077.0190526945228,1083.8058912839163,1066.4174669524482,1075.599609375,1723247,0.0,0.0
2017-09-18 00:00:00+05:30,1081.0554353961168,1105.4080821702494,1081.0554353961168,1098.266357421875,3005809,0.0,0.0
2017-09-19 00:00:00+05:30,1095.6493559967153,1098.133462632581,1082.7854566752962,1087.576171875,900287,0.0,0.0
2017-09-20 00:00:00+05:30,1089.5723613817138,1109.4004892096732,1089.5723613817138,1096.4921875,2347635,0.0,0.0
2017-09-21 00:00:00+05:30,1097.3350356441451,1100.0852270524622,1072.3613049997286,1089.483642578125,2216227,0.0,0.0
2017-09-22 00:00:00+05:30,1089.4835524062069,1090.459412722381,1043.3509499286577,1051.1136474609375,2968531,0.0,0.0
2017-09-25 00:00:00+05:30,1053.0654713651238,1053.0654713651238,1015.8045195560798,1033.7252197265625,2720490,0.0,0.0
2017-09-26 00:00:00+05:30,1021.1275230077184,1037.983668044336,1021.1275230077184,1031.684814453125,1809036,0.0,0.0
2017-09-27 00:00:00+05:30,1040.5563305489547,1040.5563305489547,1003.8276609332689,1008.8844604492188,2317721,0.0,0.0
2017-09-28 00:00:00+05:30,1011.6791526182353,1014.6511353732063,1000.7226803920511,1005.468994140625,3474398,0.0,0.0
2017-09-29 00:00:00+05:30,1011.3241219419464,1023.8332403175765,1003.4284367726902,1013.187255859375,3193745,0.0,0.0
2017-10-03 00:00:00+05:30,1025.1641670196625,1027.115887858484,1000.7671150515274,1006.8441772460938,1413186,0.0,0.0
2017-10-04 00:00:00+05:30,1006.9328451915152,1014.7842382281879,1005.4690004532885,1009.8605346679688,1155472,0.0,0.0
2017-10-05 00:00:00+05:30,1013.143049729376,1016.5143221101528,1001.1663149033282,1004.3157958984375,1303081,0.0,0.0
2017-10-06 00:00:00+05:30,1006.9328076619698,1015.7600607629352,1006.9328076619698,1012.965576171875,1814990,0.0,0.0
2017-10-09 00:00:00+05:30,1013.1428095934142,1027.5592462448092,1010.3482171370647,1012.2112426757812,1737288,0.0,0.0
2017-10-10 00:00:00+05:30,1023.7887439993043,1024.8977006110886,1009.8158906908216,1013.7637329101562,2347406,0.0,0.0
2017-10-11 00:00:00+05:30,1017.9339189983824,1021.5712766131535,1000.1462038637721,1005.9127807617188,1638071,0.0,0.0
2017-10-12 00:00:00+05:30,1013.1429668384819,1016.7803236065223,1006.2674344453136,1014.6068115234375,1151274,0.0,0.0
2017-10-13 00:00:00+05:30,1014.6067867146241,1020.2402656526107,1007.9530458516723,1010.1709594726562,1762307,0.0,0.0
2017-10-16 00:00:00+05:30,1014.0301310642991,1021.0830532242039,1011.9453138714679,1015.5382690429688,1189499,0.0,0.0
2017-10-17 00:00:00+05:30,1013.1429806515234,1024.6761319198858,1011.36864968716,1019.13134765625,1123634,0.0,0.0
2017-10-18 00:00:00+05:30,1020.2402578770055,1026.36172108358,1009.6829674622701,1012.6106567382812,1263098,0.0,0.0
2017-10-19 00:00:00+05:30,1014.0299547533896,1017.6230175967253,1008.7069628649203,1011.1466674804688,264888,0.0,0.0
2017-10-23 00:00:00+05:30,1014.0300939460434,1022.0145828747524,996.4641749842588,1007.59814453125,1077546,0.0,0.0
2017-10-24 00:00:00+05:30,1010.4816831503338,1016.1595650134814,999.0372245176716,1013.6311645507812,1281327,0.0,0.0
2017-10-25 00:00:00+05:30,1020.3289560722312,1077.9060150802763,1020.3289560722312,1068.3245849609375,6377478,0.0,0.0
2017-10-26 00:00:00+05:30,1073.425885283757,1103.1903320112958,1072.716217840624,1085.447021484375,5486055,0.0,0.0
2017-10-27 00:00:00+05:30,1093.83057116058,1101.8594616027997,1082.6967100168458,1086.4671630859375,2036609,0.0,0.0
2017-10-30 00:00:00+05:30,1089.4390637252552,1099.9963531845092,1086.0234987434076,1097.379150390625,1808153,0.0,0.0
2017-10-31 00:00:00+05:30,1097.4237359686058,1098.488291262073,1074.1800429231457,1084.3824462890625,1815888,0.0,0.0
2017-11-01 00:00:00+05:30,1087.7534401734533,1097.113078159994,1076.3977883978914,1078.172119140625,1929731,0.0,0.0
2017-11-02 00:00:00+05:30,1078.3497570387885,1078.7933398265461,1067.9255615264842,1074.3131103515625,1183382,0.0,0.0
2017-11-03 00:00:00+05:30,1074.3574416434717,1106.4284967589476,1074.3574416434717,1095.6494140625,1797145,0.0,0.0
2017-11-06 00:00:00+05:30,1086.7776675608723,1101.415897368835,1081.0110921819778,1086.511474609375,1691967,0.0,0.0
2017-11-07 00:00:00+05:30,1087.2656320864828,1094.4072487939784,1067.3487032777452,1074.4017333984375,1658527,0.0,0.0
2017-11-08 00:00:00+05:30,1075.2444907527376,1086.7776412311084,1071.8732188327435,1080.744873046875,1905789,0.0,0.0
2017-11-09 00:00:00+05:30,1082.4751658441412,1092.1895861806508,1069.833055607995,1078.7047119140625,1733475,0.0,0.0
2017-11-10 00:00:00+05:30,1080.257106977776,1131.0916258201,1079.6804277358583,1122.219970703125,5671395,0.0,0.0
2017-11-13 00:00:00+05:30,1091.0362127345634,1117.7841668420522,1071.873350638381,1100.5732421875,5216845,0.0,0.0
2017-11-14 00:00:00+05:30,1095.6494540323854,1098.3109506818569,1070.8532202334409,1073.647705078125,2519826,0.0,0.0
2017-11-15 00:00:00+05:30,1073.913532435278,1086.777428528059,1069.9656904012816,1073.0263671875,1801470,0.0,0.0
2017-11-16 00:00:00+05:30,1074.446125121796,1085.8018869432715,1072.5830992142369,1081.720947265625,2003168,0.0,0.0
2017-11-17 00:00:00+05:30,1091.2137210699461,1099.597392925386,1077.906236666654,1084.826171875,2261694,0.0,0.0
2017-11-20 00:00:00+05:30,1100.0850541593934,1107.182377089454,1085.8904082992722,1091.0360107421875,2799314,0.0,0.0
2017-11-21 00:00:00+05:30,1096.0929255929718,1096.0929255929718,1075.4663286524321,1084.69287109375,2192795,0.0,0.0
2017-11-22 00:00:00+05:30,1086.777706527662,1092.9878648506772,1078.0391482610182,1084.7371826171875,2266995,0.0,0.0
2017-11-23 00:00:00+05:30,1084.1161735565947,1090.5037214405943,1074.6235466157636,1078.748779296875,1654930,0.0,0.0
2017-11-24 00:00:00+05:30,1078.79343839762,1085.890763650236,1076.5755242561777,1081.0113525390625,1637839,0.0,0.0
2017-11-27 00:00:00+05:30,1077.9060448800137,1094.7621887917178,1077.9060448800137,1086.555908203125,1464649,0.0,0.0
2017-11-28 00:00:00+05:30,1089.4391108179266,1089.4391108179266,1072.582968223838,1074.978271484375,4940494,0.0,0.0
2017-11-29 00:00:00+05:30,1078.3052294504166,1085.0033720815663,1075.2445518911352,1080.4344482421875,2046078,0.0,0.0
2017-11-30 00:00:00+05:30,1077.9061001338755,1085.8018948723598,1072.5831070467946,1079.28125,3419336,0.0,0.0
2017-12-01 00:00:00+05:30,1078.926204191827,1095.6492500330198,1071.6957846476826,1074.9339599609375,1772981,0.0,0.0
2017-12-04 00:00:00+05:30,1079.6801966359728,1086.866214083279,1066.195327063165,1080.123779296875,1796642,0.0,0.0
2017-12-05 00:00:00+05:30,1077.4625315580354,1077.4625315580354,1056.924627967417,1073.381591796875,2139688,0.0,0.0
2017-12-06 00:00:00+05:30,1069.8329341724311,1075.2446222455405,1054.8398150577125,1056.8359375,1696890,0.0,0.0
2017-12-07 00:00:00+05:30,1061.0498363261966,1089.8383107239483,1061.0498363261966,1080.92236328125,2476888,0.0,0.0
2017-12-08 00:00:00+05:30,1086.7775622487586,1088.5518929626342,1080.301211824492,1082.6522216796875,2316890,0.0,0.0
2017-12-11 00:00:00+05:30,1085.8905817984005,1090.3264093384266,1078.1278836033546,1083.983154296875,2227028,0.0,0.0
2017-12-12 00:00:00+05:30,1083.4063262368861,1083.6725191713508,1065.0420460623877,1067.1712646484375,2009798,0.0,0.0
2017-12-13 00:00:00+05:30,1068.5909203398446,1073.4703309350036,1051.2911918660986,1055.0616455078125,2262858,0.0,0.0
2017-12-14 00:00:00+05:30,1061.4932385905645,1064.5983170151922,1043.395045541998,1054.662109375,1709762,0.0,0.0
2017-12-15 00:00:00+05:30,1066.3728970751201,1079.0150050479326,1065.485731603344,1067.748046875,2161729,0.0,0.0
2017-12-18 00:00:00+05:30,1060.1627702693695,1085.890569715237,1042.4194603067024,1080.4788818359375,2851823,0.0,0.0
2017-12-19 00:00:00+05:30,1084.1160773673,1084.1160773673,1076.442075291273,1082.2530517578125,2878543,0.0,0.0
2017-12-20 00:00:00+05:30,1079.8577220369789,1100.4843183601122,1072.5830088029286,1093.431396484375,3293207,0.0,0.0
2017-12-21 00:00:00+05:30,1099.1981168705859,1122.2644211794118,1097.423785769907,1116.7640380859375,3664052,0.0,0.0
2017-12-22 00:00:00+05:30,1118.1834661235664,1126.7002336318624,1111.6184194808848,1123.28466796875,2490561,0.0,0.0
2017-12-26 00:00:00+05:30,1128.2972163673667,1131.1361028755603,1115.4333155895663,1126.43408203125,2493302,0.0,0.0
2017-12-27 00:00:00+05:30,1125.7241187383277,1131.9785693915796,1110.110030453126,1115.9208984375,1675081,0.0,0.0
2017-12-28 00:00:00+05:30,1115.61064267011,1122.2199824830059,1108.4689169073506,1111.3966064453125,2850194,0.0,0.0
2017-12-29 00:00:00+05:30,1119.6028716331587,1126.7001957005639,1107.13815292115,1116.2760009765625,1819413,0.0,0.0
2018-01-01 00:00:00+05:30,1118.7156558498184,1130.2488069410535,1114.191133619493,1118.449462890625,2048058,0.0,0.0
2018-01-02 00:00:00+05:30,1124.0387126253374,1126.6115142898718,1102.6136436811755,1108.735107421875,1512324,0.0,0.0
2018-01-03 00:00:00+05:30,1114.1911890737688,1139.0761167273854,1110.2876391585237,1131.4022216796875,2720736,0.0,0.0
2018-01-04 00:00:00+05:30,1139.9631928956492,1171.058384997737,1135.6604621555384,1167.2435302734375,4546456,0.0,0.0
2018-01-05 00:00:00+05:30,1175.4940394058076,1178.9982990725873,1160.412229088903,1166.53369140625,2418902,0.0,0.0
2018-01-08 00:00:00+05:30,1167.9534173484785,1194.0803988235543,1167.9534173484785,1187.249267578125,3513256,0.0,0.0
2018-01-09 00:00:00+05:30,1188.8017004754033,1191.4631968197511,1176.736272040339,1182.3697509765625,1703294,0.0,0.0
2018-01-10 00:00:00+05:30,1181.8818814224292,1185.6967365383764,1168.973687876892,1174.3853759765625,1098019,0.0,0.0
2018-01-11 00:00:00+05:30,1171.235916580736,1177.0912958519432,1164.8927695312218,1174.2080078125,1232290,0.0,0.0
2018-01-12 00:00:00+05:30,1175.9378497128641,1181.9706183261328,1161.9649933318926,1179.176025390625,1825056,0.0,0.0
2018-01-15 00:00:00+05:30,1184.2328306396075,1198.737964716959,1174.2522188941957,1176.3370361328125,2386631,0.0,0.0
2018-01-16 00:00:00+05:30,1180.861554668254,1188.491155485639,1174.030316077463,1176.5587158203125,3139385,0.0,0.0
2018-01-17 00:00:00+05:30,1173.71981563761,1203.8834390175637,1171.280110805408,1200.645263671875,2724814,0.0,0.0
2018-01-18 00:00:00+05:30,1206.5449850793987,1228.7241208345347,1198.072511902312,1207.2547607421875,4966982,0.0,0.0
2018-01-19 00:00:00+05:30,1208.319211586591,1223.0905363831384,1200.7783060810948,1216.702880859375,2127776,0.0,0.0
2018-01-22 00:00:00+05:30,1143.733753006634,1245.2699124535714,1143.733753006634,1241.011474609375,3067658,0.0,0.0
2018-01-23 00:00:00+05:30,1247.3546575792193,1255.339146852486,1235.9102012948904,1251.5242919921875,4804202,0.0,0.0
2018-01-24 00:00:00+05:30,1248.3306118309188,1250.726023771001,1232.9827129403532,1243.0963134765625,2147973,0.0,0.0
2018-01-25 00:00:00+05:30,1234.9342473195377,1266.029438173039,1234.9342473195377,1256.6697998046875,6113475,0.0,0.0
2018-01-29 00:00:00+05:30,1258.00067158068,1278.9821571912514,1258.00067158068,1270.3765869140625,2945415,0.0,0.0
2018-01-30 00:00:00+05:30,1268.6023987705344,1274.5907665345135,1248.020200292972,1268.55810546875,1988140,0.0,0.0
2018-01-31 00:00:00+05:30,1270.3321687403793,1277.2519939413899,1252.6775554706805,1256.6697998046875,2614515,0.0,0.0
2018-02-01 00:00:00+05:30,1294.2857215865624,1304.1332366118695,1246.644871026271,1291.3580322265625,8187730,0.0,0.0
2018-02-02 00:00:00+05:30,1284.61555969859,1284.61555969859,1250.9476745016339,1255.73828125,3621563,0.0,0.0
2018-02-05 00:00:00+05:30,1224.2884602938263,1242.0317713125776,1202.198016416166,1209.7833251953125,3060688,0.0,0.0
2018-02-06 00:00:00+05:30,1171.0141280963926,1217.5016247222954,1148.2140167081282,1200.37939453125,4230633,0.0,0.0
2018-02-07 00:00:00+05:30,1215.416832020267,1215.416832020267,1179.9302091875586,1183.257080078125,2927403,0.0,0.0
2018-02-08 00:00:00+05:30,1193.2376024209675,1206.101502224019,1182.591616377063,1195.3668212890625,1932082,0.0,0.0
2018-02-09 00:00:00+05:30,1175.317048913894,1191.4634197723692,1169.3729743212937,1179.264892578125,2029257,0.0,0.0
2018-02-12 00:00:00+05:30,1183.9668183420952,1202.109310371882,1183.9668183420952,1198.1170654296875,1543603,0.0,0.0
2018-02-14 00:00:00+05:30,1201.8431649551028,1217.6347555589434,1193.76997985625,1207.6097412109375,2310144,0.0,0.0
2018-02-15 00:00:00+05:30,1210.4486050569733,1215.4167100958618,1194.479626384181,1197.98388671875,1861841,0.0,0.0
2018-02-16 00:00:00+05:30,1204.7708208952686,1210.0938142129207,1171.457711063665,1178.5107421875,1424576,0.0,0.0
2018-02-19 00:00:00+05:30,1178.1557539921846,1180.7728488318987,1141.7819694186305,1149.3228759765625,4275673,0.0,0.0
2018-02-20 00:00:00+05:30,1153.3149619369701,1161.8317276888865,1142.0036036564345,1144.9755859375,2063972,0.0,0.0
2018-02-21 00:00:00+05:30,1152.4279454981008,1152.9602231207728,1134.684636098592,1138.055908203125,1584305,0.0,0.0
2018-02-22 00:00:00+05:30,1133.797577754632,1151.5408888306042,1132.0232466470347,1146.2178955078125,3028574,0.0,0.0
2018-02-23 00:00:00+05:30,1146.7501793342396,1157.7510539196885,1135.9268028384488,1154.8233642578125,2176017,0.0,0.0
2018-02-26 00:00:00+05:30,1158.6383026446556,1195.6330657734045,1158.6383026446556,1192.5723876953125,2239306,0.0,0.0
2018-02-27 00:00:00+05:30,1195.4554659102157,1202.8189825995692,1181.083428673929,1187.1160888671875,2243499,0.0,0.0
2018-02-28 00:00:00+05:30,1178.1557949248422,1181.3495690951436,1162.7190934223863,1169.417236328125,2439968,0.0,0.0
2018-03-01 00:00:00+05:30,1170.1713211234553,1182.5029435133354,1164.9370228950518,1166.800048828125,1927606,0.0,0.0
2018-03-05 00:00:00+05:30,1164.5821435466535,1164.5821435466535,1151.4964520282083,1153.9361572265625,1302005,0.0,0.0
2018-03-06 00:00:00+05:30,1161.0333551715044,1170.082507537383,1131.1359234927136,1138.588134765625,2381856,0.0,0.0
2018-03-07 00:00:00+05:30,1139.1203841470356,1147.9033433476677,1117.8284143498947,1120.756103515625,2156582,0.0,0.0
2018-03-08 00:00:00+05:30,1128.385824097107,1144.2661082484694,1117.163158833077,1138.943115234375,3588828,0.0,0.0
2018-03-09 00:00:00+05:30,1140.1849428937214,1149.8107742402776,1135.5717260751646,1144.886962890625,2508919,0.0,0.0
2018-03-12 00:00:00+05:30,1153.31514461984,1163.9611305701771,1150.653648132256,1162.231201171875,2267260,0.0,0.0
2018-03-13 00:00:00+05:30,1163.428886230654,1173.6755830231841,1148.0365860962268,1155.7548828125,1915199,0.0,0.0
2018-03-14 00:00:00+05:30,1155.9765728969344,1164.8482273320606,1146.2177530182958,1156.1983642578125,1714051,0.0,0.0
2018-03-15 00:00:00+05:30,1157.6622827981714,1161.8319173302236,1146.3065210776908,1148.968017578125,1178352,0.0,0.0
2018-03-16 00:00:00+05:30,1153.226466542642,1156.7751285778243,1118.1834289452179,1126.0792236328125,5152611,0.0,0.0
2018-03-19 00:00:00+05:30,1135.5717885601648,1146.2177740779164,1123.018375644503,1135.172607421875,4452882,0.0,0.0
2018-03-20 00:00:00+05:30,1131.1360220951512,1153.3151597832916,1131.1360220951512,1147.548583984375,2831066,0.0,0.0
2018-03-21 00:00:00+05:30,1148.8793043572302,1165.380560737333,1148.8793043572302,1161.610107421875,2835466,0.0,0.0
2018-03-22 00:00:00+05:30,1166.4452446204602,1172.300515270693,1143.556331364513,1149.98828125,1834024,0.0,0.0
2018-03-23 00:00:00+05:30,1134.3299088273272,1138.4996521044216,1119.159398802519,1124.8372802734375,2280525,0.0,0.0
2018-03-26 00:00:00+05:30,1124.9258574818307,1153.4038484606608,1124.9258574818307,1151.008544921875,1697069,0.0,0.0
2018-03-27 00:00:00+05:30,1159.5253213150413,1165.735479883676,1154.2023282562118,1160.0133056640625,2003736,0.0,0.0
2018-03-28 00:00:00+05:30,1154.2909646183227,1175.49424088684,1146.5726683930127,1162.9852294921875,3989865,0.0,0.0
2018-04-02 00:00:00+05:30,1164.848214773583,1188.3580987732023,1164.0054509299573,1185.2086181640625,1302024,0.0,0.0
2018-04-03 00:00:00+05:30,1182.3698515006968,1187.9146360228347,1169.3285616232574,1180.2850341796875,1123582,0.0,0.0
2018-04-04 00:00:00+05:30,1180.8172308484573,1182.3253688164143,1144.6208366518317,1149.8995361328125,1285513,0.0,0.0
2018-04-05 00:00:00+05:30,1165.7355074121333,1184.4103851531565,1163.0740108198681,1178.8656005859375,1758313,0.0,0.0
2018-04-06 00:00:00+05:30,1157.9282664783955,1173.719854322293,1157.9282664783955,1167.9976806640625,1492796,0.0,0.0
2018-04-09 00:00:00+05:30,1169.2840570328228,1182.591538713773,1169.1509605567005,1178.0670166015625,1118116,0.0,0.0
2018-04-10 00:00:00+05:30,1178.1558909934465,1202.5085428613886,1178.1558909934465,1197.5848388671875,2177789,0.0,0.0
2018-04-11 00:00:00+05:30,1205.125666035354,1206.0128315568322,1188.80179878084,1200.1131591796875,1536552,0.0,0.0
2018-04-12 00:00:00+05:30,1203.2624392312962,1207.7869609762135,1193.725411467482,1204.2825927734375,1695410,0.0,0.0
2018-04-13 00:00:00+05:30,1208.3193287713925,1210.4041458952024,1189.3339667040714,1201.97607421875,1320241,0.0,0.0
2018-04-16 00:00:00+05:30,1195.8103796123762,1217.1910461544637,1194.2578400126893,1213.7310791015625,1304778,0.0,0.0
2018-04-17 00:00:00+05:30,1215.8602927299053,1222.4253389541232,1202.286617540598,1206.1458740234375,1058589,0.0,0.0
2018-04-18 00:00:00+05:30,1209.295285593759,1216.7030959464491,1198.560604576995,1206.6337890625,1459202,0.0,0.0
2018-04-19 00:00:00+05:30,1211.069627686001,1231.474434612191,1208.142046452795,1228.7242431640625,2229317,0.0,0.0
2018-04-20 00:00:00+05:30,1228.7241763685906,1228.7241763685906,1205.6578741407325,1211.0252685546875,1091415,0.0,0.0
2018-04-23 00:00:00+05:30,1215.4165757123162,1222.5138987821692,1202.5526776482077,1206.544921875,1364935,0.0,0.0
2018-04-24 00:00:00+05:30,1202.7302044557598,1226.2400898035664,1199.4477354805424,1222.5140380859375,1002866,0.0,0.0
2018-04-25 00:00:00+05:30,1220.6510717873186,1221.4051408268986,1203.8392200516703,1209.117919921875,1536003,0.0,0.0
2018-04-26 00:00:00+05:30,1211.424503196825,1212.0898773289362,1180.01882250187,1195.1893310546875,4513014,0.0,0.0
2018-04-27 00:00:00+05:30,1200.7785934257197,1226.9499776193352,1200.7785934257197,1222.2923583984375,1746280,0.0,0.0
2018-04-30 00:00:00+05:30,1225.441657278261,1246.4674347450148,1225.441657278261,1242.830078125,1309980,0.0,0.0
2018-05-02 00:00:00+05:30,1259.7751345087543,1263.1020054625626,1233.2488617777396,1244.826416015625,3975516,0.0,0.0
2018-05-03 00:00:00+05:30,1247.0885926463,1247.8427700145646,1219.4977652065834,1222.2923583984375,1278892,0.0,0.0
2018-05-04 00:00:00+05:30,1224.2884416257373,1230.2768090032544,1208.319461952358,1214.263427734375,1274703,0.0,0.0
2018-05-07 00:00:00+05:30,1218.9654265492447,1236.6200420865287,1212.1342953522774,1232.406005859375,1250082,0.0,0.0
2018-05-08 00:00:00+05:30,1234.3134027599287,1235.821540790435,1203.1295137935197,1210.8922119140625,1604486,0.0,0.0
2018-05-09 00:00:00+05:30,1208.4967586814932,1226.5949559103283,1207.6539948044801,1220.42919921875,1270004,0.0,0.0
2018-05-10 00:00:00+05:30,1224.376986940453,1228.9015089691768,1202.242252804861,1208.4967041015625,1262157,0.0,0.0
2018-05-11 00:00:00+05:30,1213.1986587399272,1232.7162971255054,1210.3597728388288,1230.853271484375,1033691,0.0,0.0
2018-05-14 00:00:00+05:30,1225.6634305469465,1241.1444238228244,1221.6267845632804,1225.8408203125,1265158,0.0,0.0
2018-05-15 00:00:00+05:30,1225.1754684854807,1244.6931080992972,1214.4407883571942,1219.1427001953125,1824434,0.0,0.0
2018-05-16 00:00:00+05:30,1210.8923204278783,1219.009907134987,1205.3918288601694,1208.6300048828125,1491335,0.0,0.0
2018-05-17 00:00:00+05:30,1213.642414049335,1219.8525726007572,1197.673434917107,1202.9520263671875,1833028,0.0,0.0
2018-05-18 00:00:00+05:30,1197.6734033058965,1207.0773357762441,1163.9611149165453,1167.110595703125,2070654,0.0,0.0
2018-05-21 00:00:00+05:30,1163.0737023040406,1186.0069035315046,1163.0737023040406,1165.06982421875,2047129,0.0,0.0
2018-05-22 00:00:00+05:30,1169.1955278555756,1189.600335991636,1167.5985865089049,1171.191650390625,1375132,0.0,0.0
2018-05-23 00:00:00+05:30,1168.3969714713894,1197.673433171128,1166.622640459284,1177.179931640625,1851368,0.0,0.0
2018-05-24 00:00:00+05:30,1185.253166730315,1195.4555704858528,1176.7363991676157,1187.0718994140625,1482329,0.0,0.0
2018-05-25 00:00:00+05:30,1189.6444827511175,1195.5441547317428,1181.48260382071,1190.5760498046875,1696915,0.0,0.0
2018-05-28 00:00:00+05:30,1194.1247697075119,1228.6798228079829,1192.4391335887294,1221.138916015625,2127978,0.0,0.0
2018-05-29 00:00:00+05:30,1236.4424019780747,1264.1663213405786,1220.2073397773283,1224.820556640625,6814062,0.0,0.0
2018-05-30 00:00:00+05:30,1224.288297420179,1224.288297420179,1204.0165889374255,1211.5574951171875,2286366,0.0,0.0
2018-05-31 00:00:00+05:30,1216.2594824857838,1222.0260581579298,1202.9964017584753,1215.7716064453125,2930988,0.0,0.0
2018-06-01 00:00:00+05:30,1220.5624050322433,1238.483105794595,1208.8517548132602,1217.5460205078125,2234018,0.0,0.0
2018-06-04 00:00:00+05:30,1220.6952460761675,1228.7241366414387,1201.2220079512692,1204.6375732421875,1346919,0.0,0.0
2018-06-05 00:00:00+05:30,1208.1421176581932,1208.1421176581932,1176.9138245874626,1183.257080078125,1905926,0.0,0.0
2018-06-06 00:00:00+05:30,1180.8172485783696,1202.1092200027729,1180.8172485783696,1198.161376953125,1581905,0.0,0.0
2018-06-07 00:00:00+05:30,1206.8999282926184,1211.8680332704312,1196.7418186726973,1202.2423095703125,2272271,0.0,0.0
2018-06-08 00:00:00+05:30,1196.830538426637,1202.1091292919893,1180.905854355867,1192.305908203125,2483519,0.0,0.0
2018-06-11 00:00:00+05:30,1191.4632672186162,1202.1092532250373,1186.1402742154057,1191.68505859375,1417401,0.0,0.0
2018-06-12 00:00:00+05:30,1195.899034345586,1214.0415245969657,1192.8826501367369,1212.222900390625,1853562,0.0,0.0
2018-06-13 00:00:00+05:30,1212.5778830222284,1213.864229714991,1200.3349554572503,1205.4361572265625,1253808,0.0,0.0
2018-06-14 00:00:00+05:30,1201.2219541866389,1206.0569623084273,1188.8016385598937,1191.463134765625,1325652,0.0,0.0
2018-06-15 00:00:00+05:30,1189.6890692320126,1191.4634004314637,1173.9418798368833,1179.841552734375,2660969,0.0,0.0
2018-06-18 00:00:00+05:30,1181.0391872286698,1186.4952772458873,1171.9901415634654,1173.8974609375,951701,0.0,0.0
2018-06-19 00:00:00+05:30,1170.0381307016496,1177.7121334944666,1159.5696433818591,1162.5416259765625,1607343,0.0,0.0
2018-06-20 00:00:00+05:30,1163.1181991278886,1170.348510240423,1153.3149784920843,1159.3033447265625,2207289,0.0,0.0
2018-06-21 00:00:00+05:30,1162.186937170986,1167.5099307763494,1140.8949627495329,1144.2662353515625,2161971,0.0,0.0
2018-06-22 00:00:00+05:30,1143.2900902520394,1157.7509306353056,1138.676873157406,1153.1820068359375,3364048,0.0,0.0
2018-06-25 00:00:00+05:30,1154.2023252221047,1156.6420303676548,1121.5989928224794,1125.0589599609375,1622133,0.0,0.0
2018-06-26 00:00:00+05:30,1125.635550039436,1138.6768386476679,1118.8043111950499,1126.7445068359375,2003243,0.0,0.0
2018-06-27 00:00:00+05:30,1129.361733326151,1131.1360644075746,1090.3264495348308,1093.6533203125,2332129,0.0,0.0
2018-06-28 00:00:00+05:30,1089.439102237783,1100.0850869502042,1069.9214635983437,1095.6048583984375,4677061,0.0,0.0
2018-06-29 00:00:00+05:30,1096.4922980447648,1133.7532538579148,1093.9196043996953,1131.224853515625,2324572,0.0,0.0
2018-07-02 00:00:00+05:30,1133.7085730546112,1133.7528663422513,1102.6577871567822,1114.2352294921875,3832519,0.0,0.0
2018-07-03 00:00:00+05:30,1117.1632529490003,1121.3772894401718,1105.4527106500607,1110.2877197265625,2096700,0.0,0.0
2018-07-04 00:00:00+05:30,1110.642573247712,1119.0706459692472,1102.9241679879397,1117.385009765625,1842579,0.0,0.0
2018-07-05 00:00:00+05:30,1122.2644250633537,1122.2644250633537,1105.053391667889,1112.90478515625,2006459,0.0,0.0
2018-07-06 00:00:00+05:30,1109.8438078455454,1134.0190626527326,1104.432121089301,1123.41748046875,2064484,0.0,0.0
2018-07-09 00:00:00+05:30,1128.297030816653,1145.7297447803921,1120.6673215245191,1142.6690673828125,2021357,0.0,0.0
2018-07-10 00:00:00+05:30,1148.391390948653,1151.5408719370646,1129.1399420322798,1139.65283203125,1923397,0.0,0.0
2018-07-11 00:00:00+05:30,1138.7214069495974,1140.8505176733372,1128.119713444994,1130.914306640625,1326221,0.0,0.0
2018-07-12 00:00:00+05:30,1135.6604394494948,1157.3072974896013,1131.1359174390507,1153.09326171875,2777124,0.0,0.0
2018-07-13 00:00:00+05:30,1159.5252310136432,1170.1712163022153,1142.003713559535,1151.8956298828125,2360493,0.0,0.0
2018-07-16 00:00:00+05:30,1153.315263641341,1154.335525726186,1133.7089258187543,1138.3221435546875,1593400,0.0,0.0
2018-07-17 00:00:00+05:30,1140.0522147255226,1145.3308068061897,1125.635773508946,1141.6490478515625,1598278,0.0,0.0
2018-07-18 00:00:00+05:30,1148.8792298899994,1160.4123804603237,1138.2332447481615,1146.350830078125,1855985,0.0,0.0
2018-07-19 00:00:00+05:30,1148.25815069994,1150.342967603827,1111.6181785898118,1116.1427001953125,1468552,0.0,0.0
2018-07-20 00:00:00+05:30,1115.610565618884,1143.5562776005897,1113.8806362910236,1127.0106201171875,1937969,0.0,0.0
2018-07-23 00:00:00+05:30,1127.1436246927963,1138.2331920353072,1119.7801086587467,1134.817626953125,1229445,0.0,0.0
2018-07-24 00:00:00+05:30,1140.0077215926524,1178.1558399027567,1136.4590594242707,1174.607177734375,4071039,0.0,0.0
2018-07-25 00:00:00+05:30,1181.2164725725108,1185.208717359405,1165.4249915045168,1171.679443359375,2254936,0.0,0.0
2018-07-26 00:00:00+05:30,1181.5271894689429,1194.9233683704235,1147.3269122682748,1158.5938720703125,7489743,0.0,0.0
2018-07-27 00:00:00+05:30,1165.4693891737693,1170.6149929007563,1153.7588467354556,1163.4732666015625,1785314,0.0,0.0
2018-07-30 00:00:00+05:30,1164.4046057737135,1167.9532674294046,1145.5079391385334,1149.189697265625,3090391,0.0,0.0
2018-07-31 00:00:00+05:30,1153.2707872581313,1162.5860253219462,1140.0077059049484,1155.355712890625,2304148,0.0,0.0
2018-08-01 00:00:00+05:30,1158.6380951915207,1161.1664951028781,1147.0605425756132,1151.540771484375,1924210,0.0,0.0
2018-08-02 00:00:00+05:30,1148.347158932539,1150.609366204318,1135.571952804176,1137.701171875,1415162,0.0,0.0
2018-08-03 00:00:00+05:30,1140.1851653932138,1151.2747351947219,1138.2778460246186,1144.443603515625,1279748,0.0,0.0
2018-08-06 00:00:00+05:30,1147.99213214262,1153.1377352498307,1140.7174185187669,1144.8426513671875,842106,0.0,0.0
2018-08-07 00:00:00+05:30,1150.3874528669696,1160.4124662688064,1146.5283046269951,1149.1455078125,1458197,0.0,0.0
2018-08-08 00:00:00+05:30,1151.2304176325608,1161.1223353463606,1144.5766758918762,1151.7626953125,1308818,0.0,0.0
2018-08-09 00:00:00+05:30,1153.2706052028605,1156.7749734706592,1138.0114038162487,1139.7413330078125,1035908,0.0,0.0
2018-08-10 00:00:00+05:30,1137.656643259929,1149.2341962110252,1119.6028472165044,1121.953857421875,1784956,0.0,0.0
2018-08-13 00:00:00+05:30,1121.8207755285705,1134.5072855060032,1110.7312067708742,1125.857421875,1627092,0.0,0.0
2018-08-14 00:00:00+05:30,1135.830711595888,1138.1218044787806,1123.206832586114,1126.037109375,2146242,16.0,0.0
2018-08-16 00:00:00+05:30,1121.2301593327445,1134.4829396249183,1101.5531280139096,1106.629638671875,2292161,0.0,0.0
2018-08-17 00:00:00+05:30,1113.2335561404816,1121.1403435909606,1106.4498856756165,1114.266845703125,1750983,0.0,0.0
2018-08-20 00:00:00+05:30,1168.041563112392,1196.7035280200264,1151.8686799308357,1189.3358154296875,11227838,0.0,0.0
2018-08-21 00:00:00+05:30,1199.4888124138733,1199.4888124138733,1181.5189425649762,1188.3026123046875,3057182,0.0,0.0
2018-08-23 00:00:00+05:30,1194.2775625263707,1225.4553539900478,1184.8433804114293,1214.8082275390625,8248115,0.0,0.0
2018-08-24 00:00:00+05:30,1216.2908239255205,1224.646858837035,1204.8799983128863,1206.587158203125,3506532,0.0,0.0
2018-08-27 00:00:00+05:30,1217.4587005637054,1227.3421291291672,1208.8331848424518,1218.447021484375,2595682,0.0,0.0
2018-08-28 00:00:00+05:30,1224.062634038981,1227.3421573469786,1214.763247974462,1217.997802734375,1889337,0.0,0.0
2018-08-29 00:00:00+05:30,1219.0759774108787,1219.0759774108787,1208.2041187388509,1214.35888671875,1435495,0.0,0.0
2018-08-30 00:00:00+05:30,1213.9996256912436,1224.5569252835357,1207.5753746417574,1209.8665771484375,2288925,0.0,0.0
2018-08-31 00:00:00+05:30,1212.0230463213084,1234.5303576302165,1212.0230463213084,1230.5321044921875,3549583,0.0,0.0
2018-09-03 00:00:00+05:30,1235.4285281454913,1248.9059302707149,1222.0409534318935,1224.6466064453125,2347852,0.0,0.0
2018-09-04 00:00:00+05:30,1226.4437573156422,1232.3737931074436,1216.6501551931403,1221.3223876953125,1517216,0.0,0.0
2018-09-05 00:00:00+05:30,1220.0645426161122,1225.4555044867075,1205.239397471975,1211.16943359375,2413590,0.0,0.0
2018-09-06 00:00:00+05:30,1212.7867163234214,1217.997913443788,1202.9032866323796,1210.3607177734375,1586350,0.0,0.0
2018-09-07 00:00:00+05:30,1212.0679553426485,1219.2559046701067,1204.88000601519,1210.72021484375,1307928,0.0,0.0
2018-09-10 00:00:00+05:30,1210.9446615060124,1214.7632590288472,1199.488868937508,1201.106201171875,1228247,0.0,0.0
2018-09-11 00:00:00+05:30,1205.3741023402818,1210.9447186470534,1192.121322076847,1194.6820068359375,1617176,0.0,0.0
2018-09-12 00:00:00+05:30,1199.4889011478265,1218.312297335282,1186.4607445435993,1214.9879150390625,1319469,0.0,0.0
2018-09-14 00:00:00+05:30,1218.3575276334727,1228.420613783459,1213.4607805571536,1220.918212890625,1462192,0.0,0.0
2018-09-17 00:00:00+05:30,1214.3590679247154,1216.3806785230058,1203.6220036061595,1208.249267578125,912431,0.0,0.0
2018-09-18 00:00:00+05:30,1207.3956886671012,1213.101100831871,1190.7285892729808,1193.109619140625,1501479,0.0,0.0
2018-09-19 00:00:00+05:30,1197.6469096502199,1206.6768135188954,1191.4024234743524,1197.60205078125,867001,0.0,0.0
2018-09-21 00:00:00+05:30,1205.9579758001382,1215.167534510939,1176.6222496989988,1194.726806640625,2309530,0.0,0.0
2018-09-24 00:00:00+05:30,1197.9614748282531,1202.9031892738099,1170.1081752260245,1184.5289306640625,2425415,0.0,0.0
2018-09-25 00:00:00+05:30,1182.4175097897787,1197.4223081775137,1175.2295614019988,1185.157958984375,2684511,0.0,0.0
2018-09-26 00:00:00+05:30,1194.0979180400893,1201.1062115436823,1176.1280471892226,1197.37744140625,2846089,0.0,0.0
2018-09-27 00:00:00+05:30,1201.1512503761517,1201.2860463636066,1164.897052438606,1176.9368896484375,3847372,0.0,0.0
2018-09-28 00:00:00+05:30,1181.069781594798,1183.0464235499792,1123.2517430927717,1142.9736328125,4301355,0.0,0.0
2018-10-01 00:00:00+05:30,1144.6807951735232,1144.6807951735232,1093.9608775950862,1121.4097900390625,4955435,0.0,0.0
2018-10-03 00:00:00+05:30,1120.5114671994734,1133.8990452159549,1102.137314974036,1119.0289306640625,4302314,0.0,0.0
2018-10-04 00:00:00+05:30,1130.3049153120846,1161.6623629589262,1124.2400836917695,1130.215087890625,7398229,0.0,0.0
2018-10-05 00:00:00+05:30,1130.3047914834426,1139.0201343186777,1092.433269578547,1102.8109130859375,4206887,0.0,0.0
2018-10-08 00:00:00+05:30,1105.1472070470634,1117.726118346786,1080.9777055424302,1091.9842529296875,3957900,0.0,0.0
2018-10-09 00:00:00+05:30,1098.678199020072,1110.5832411820895,1092.0741822281773,1097.1058349609375,2559815,0.0,0.0
2018-10-10 00:00:00+05:30,1102.4516540958925,1137.4030772903943,1099.486581325588,1123.7010498046875,4134413,0.0,0.0
2018-10-11 00:00:00+05:30,1105.1468602929467,1111.4363139694108,1096.2517538717884,1101.4180908203125,3942878,0.0,0.0
2018-10-12 00:00:00+05:30,1100.4750432392962,1118.6245707156952,1095.0391128994004,1109.8642578125,2773440,0.0,0.0
2018-10-15 00:00:00+05:30,1105.1471030529722,1111.2569032668105,1085.7396636669446,1092.9276123046875,2945137,0.0,0.0
2018-10-16 00:00:00+05:30,1096.1621927820777,1104.2036666360573,1092.1639401309828,1100.3402099609375,2336499,0.0,0.0
2018-10-17 00:00:00+05:30,1111.1222402432043,1112.3351847850774,1086.0092758776104,1088.884521484375,1746801,0.0,0.0
2018-10-19 00:00:00+05:30,1078.1923655171954,1088.884461744454,1065.6134545861614,1083.6282958984375,2006965,0.0,0.0
2018-10-22 00:00:00+05:30,1090.7713115942418,1094.9493290811215,1078.282227688707,1084.1224365234375,1452784,0.0,0.0
2018-10-23 00:00:00+05:30,1074.508585320641,1086.3237988348385,1062.4687483924072,1078.8212890625,2109820,0.0,0.0
2018-10-24 00:00:00+05:30,1088.2552405688962,1098.2286057705319,1081.8759589054253,1095.1737060546875,1484693,0.0,0.0
2018-10-25 00:00:00+05:30,1085.38020042064,1089.0191431431429,1073.8345803238972,1079.5849609375,3063065,0.0,0.0
2018-10-26 00:00:00+05:30,1078.7315222289137,1089.8728661268503,1070.3755965650168,1075.9012451171875,1101325,0.0,0.0
2018-10-29 00:00:00+05:30,1079.0908116760884,1136.145155174366,1076.6199542804936,1133.27001953125,2140956,0.0,0.0
2018-10-30 00:00:00+05:30,1130.6644612334471,1148.8589581309168,1121.544728506983,1142.2100830078125,1957735,0.0,0.0
2018-10-31 00:00:00+05:30,1137.492862626445,1171.635618376686,1122.3981267387926,1165.79541015625,3117499,0.0,0.0
2018-11-01 00:00:00+05:30,1201.6902539236792,1243.515176005747,1187.4491519146952,1192.076416015625,8903105,0.0,0.0
2018-11-02 00:00:00+05:30,1203.9814444490182,1230.8014569286636,1203.9814444490182,1220.333984375,2665756,0.0,0.0
2018-11-05 00:00:00+05:30,1220.4240641154631,1226.4439281695131,1207.1712817414702,1213.101318359375,1457946,0.0,0.0
2018-11-06 00:00:00+05:30,1213.1010826860534,1230.7565027952755,1213.0112552673593,1225.410400390625,1616734,0.0,0.0
2018-11-07 00:00:00+05:30,1230.9360615886058,1230.9360615886058,1225.2306499543447,1227.297119140625,255086,0.0,0.0
2018-11-09 00:00:00+05:30,1227.2971928669685,1239.0225772998272,1221.951200237683,1229.67822265625,1247358,0.0,0.0
2018-11-12 00:00:00+05:30,1233.5418895010137,1243.9643933599891,1223.7482872923836,1228.42041015625,2174698,0.0,0.0
2018-11-13 00:00:00+05:30,1225.5452548642313,1253.3985561111456,1220.3339481785354,1249.8944091796875,2068670,0.0,0.0
2018-11-14 00:00:00+05:30,1252.50020020343,1256.0941749529377,1239.0227948927761,1244.1441650390625,1364551,0.0,0.0
2018-11-15 00:00:00+05:30,1247.109030741643,1265.078901501609,1245.4018710835687,1256.543212890625,2890196,0.0,0.0
2018-11-16 00:00:00+05:30,1260.3619803232139,1270.4700339882547,1250.253926658173,1257.03759765625,1732865,0.0,0.0
2018-11-19 00:00:00+05:30,1257.8909260547773,1275.72600046332,1253.4434270094089,1273.344970703125,1932311,0.0,0.0
2018-11-20 00:00:00+05:30,1267.1005701178676,1278.6461906751745,1264.8093676190585,1269.6612548828125,1889461,0.0,0.0
2018-11-21 00:00:00+05:30,1266.8760760379394,1270.2454273039978,1251.8263070495454,1259.7779541015625,1320423,0.0,0.0
2018-11-22 00:00:00+05:30,1262.3833566959133,1275.4115123344122,1254.4765700918306,1267.0106201171875,1723570,0.0,0.0
2018-11-26 00:00:00+05:30,1267.0555690791662,1284.8457853636494,1267.0555690791662,1277.6578369140625,2630117,0.0,0.0
2018-11-27 00:00:00+05:30,1275.3668488572,1288.4399761691732,1271.6830465934347,1286.2835693359375,1956946,0.0,0.0
2018-11-28 00:00:00+05:30,1286.2835226748855,1288.4399294298958,1256.9926508175902,1260.946044921875,1390580,0.0,0.0
2018-11-29 00:00:00+05:30,1270.155456186795,1289.787518740276,1264.6296987996784,1278.0621337890625,2816724,0.0,0.0
2018-11-30 00:00:00+05:30,1280.4881352017894,1292.1685516298546,1266.8759356593587,1287.092041015625,2018571,0.0,0.0
2018-12-03 00:00:00+05:30,1289.3834026182387,1293.785933917855,1268.6730793700744,1282.5997314453125,1115862,0.0,0.0
2018-12-04 00:00:00+05:30,1278.6012726733327,1284.6211355040625,1271.3683558232196,1275.77099609375,1061729,0.0,0.0
2018-12-05 00:00:00+05:30,1268.6729175626338,1274.9623725363863,1248.1423614770486,1253.2188720703125,1582751,0.0,0.0
2018-12-06 00:00:00+05:30,1246.9293417909216,1255.2404067900225,1232.7780689546146,1239.4718017578125,1574405,0.0,0.0
2018-12-07 00:00:00+05:30,1246.2104377396508,1261.484826666525,1232.8228631561035,1257.801025390625,1185686,0.0,0.0
2018-12-10 00:00:00+05:30,1235.1592824518343,1245.6717248638204,1220.3341359585345,1228.914794921875,1657418,0.0,0.0
2018-12-11 00:00:00+05:30,1220.1543282909465,1230.8014556851467,1207.2609668608648,1223.209228515625,2302505,0.0,0.0
2018-12-12 00:00:00+05:30,1229.678331318838,1264.7645506213992,1226.8930230668684,1258.16064453125,1751549,0.0,0.0
2018-12-13 00:00:00+05:30,1270.2002137642635,1283.9472081501501,1263.2818577040664,1281.656005859375,1863210,0.0,0.0
2018-12-14 00:00:00+05:30,1278.960939619335,1283.5433456851174,1262.4287416512273,1268.1341552734375,2189734,0.0,0.0
2018-12-17 00:00:00+05:30,1253.7581031292846,1279.8144198518078,1253.443652277135,1265.0791015625,1610515,0.0,0.0
2018-12-18 00:00:00+05:30,1262.3834482739762,1284.8457872112356,1262.3834482739762,1283.498046875,1568498,0.0,0.0
2018-12-19 00:00:00+05:30,1285.7444183301752,1292.033873905515,1281.6113694594035,1289.11376953125,2073536,0.0,0.0
2018-12-20 00:00:00+05:30,1285.3847891790845,1305.511065671773,1278.7808838385072,1303.534423828125,2782410,0.0,0.0
2018-12-21 00:00:00+05:30,1303.5344850304261,1311.5309898746684,1271.5480269359032,1275.86083984375,1975704,0.0,0.0
2018-12-24 00:00:00+05:30,1282.689569815058,1283.6778909381053,1257.8911659087382,1262.2039794921875,1390194,0.0,0.0
2018-12-26 00:00:00+05:30,1256.8130129359286,1286.6429594651747,1243.7848544776568,1278.2420654296875,1712084,0.0,0.0
2018-12-27 00:00:00+05:30,1284.1270984555115,1288.7543627528426,1265.5283235152274,1280.3984375,1872745,0.0,0.0
2018-12-28 00:00:00+05:30,1281.7461268810966,1301.0187712996535,1281.5215034744497,1293.291748046875,1918767,0.0,0.0
2018-12-31 00:00:00+05:30,1298.323250039698,1302.815718032915,1285.9239945066615,1291.6295166015625,1487860,0.0,0.0
2019-01-01 00:00:00+05:30,1298.3232721345034,1298.3232721345034,1280.5330547068534,1295.5379638671875,786846,0.0,0.0
2019-01-02 00:00:00+05:30,1294.7293863447037,1298.233533614897,1273.2553655652155,1280.802734375,2058504,0.0,0.0
2019-01-03 00:00:00+05:30,1281.2518608940973,1283.9473416673668,1249.8045852059531,1253.3985595703125,2290756,0.0,0.0
2019-01-04 00:00:00+05:30,1259.5980435447084,1264.7194125577341,1234.125775079978,1247.1539306640625,2711485,0.0,0.0
2019-01-07 00:00:00+05:30,1255.1956437360677,1265.6181482621332,1239.0677264016276,1243.3355712890625,1851513,0.0,0.0
2019-01-08 00:00:00+05:30,1246.6597646273747,1252.3651765692518,1235.4285955766777,1241.897705078125,1437271,0.0,0.0
2019-01-09 00:00:00+05:30,1248.4566922323986,1252.0956347033168,1232.7330563100763,1245.35693359375,1413005,0.0,0.0
2019-01-10 00:00:00+05:30,1247.1092604700539,1256.90286377418,1242.8414153783876,1251.2423095703125,1063647,0.0,0.0
2019-01-11 00:00:00+05:30,1251.60155388309,1252.4102200389934,1222.8947279439603,1230.5767822265625,2489197,0.0,0.0
2019-01-14 00:00:00+05:30,1228.420380809196,1228.420380809196,1195.894957029219,1198.5006103515625,3080984,0.0,0.0
2019-01-15 00:00:00+05:30,1203.9814949093065,1211.1694441326458,1194.9965583801327,1204.7901611328125,3079248,0.0,0.0
2019-01-16 00:00:00+05:30,1206.5872003468035,1223.299161074146,1200.3875719390812,1205.913330078125,2454470,0.0,0.0
2019-01-17 00:00:00+05:30,1208.5637236678033,1214.5836966165782,1201.2409788662117,1209.4173583984375,1610419,0.0,0.0
2019-01-18 00:00:00+05:30,1213.7299514474416,1214.7632409329287,1179.721993598325,1184.1246337890625,2135781,0.0,0.0
2019-01-21 00:00:00+05:30,1149.1731375862516,1201.5103817335535,1144.1864550017533,1181.1146240234375,8813681,0.0,0.0
2019-01-22 00:00:00+05:30,1183.2263486970346,1187.3593976876489,1166.3346236474238,1169.0750732421875,2544978,0.0,0.0
2019-01-23 00:00:00+05:30,1168.9402041630626,1174.2413384775448,1162.2464705398063,1169.344482421875,1821323,0.0,0.0
2019-01-24 00:00:00+05:30,1172.5340095426595,1173.0282248360586,1156.361126652416,1163.863525390625,1654706,0.0,0.0
2019-01-25 00:00:00+05:30,1168.0417545154478,1180.7104931477736,1151.4196218550358,1154.9686279296875,3136788,0.0,0.0
2019-01-28 00:00:00+05:30,1163.9534549876564,1202.0945729598534,1160.5392452187225,1168.4459228515625,8004136,0.0,0.0
2019-01-29 00:00:00+05:30,1171.6356899749433,1175.948503257653,1139.46957424651,1148.31982421875,3685535,0.0,0.0
2019-01-30 00:00:00+05:30,1153.935430967019,1176.128180104099,1150.9703580697867,1163.0550537109375,2385425,0.0,0.0
2019-01-31 00:00:00+05:30,1171.635609124614,1187.538901358307,1164.941875935037,1180.89013671875,5852257,0.0,0.0
2019-02-01 00:00:00+05:30,1181.9682619024777,1199.0846078565153,1179.7220280334118,1190.14453125,2515736,0.0,0.0
2019-02-04 00:00:00+05:30,1192.1660844778007,1192.1660844778007,1170.3776169942632,1174.6904296875,2308931,0.0,0.0
2019-02-05 00:00:00+05:30,1177.655226144028,1188.7067385602122,1168.041390875492,1172.1744384765625,1447400,0.0,0.0
2019-02-06 00:00:00+05:30,1175.2295996355722,1187.8085097234148,1161.7971645206685,1180.97998046875,2034886,0.0,0.0
2019-02-07 00:00:00+05:30,1180.6205920520601,1186.7752512847935,1158.3379068691218,1164.49267578125,1556295,0.0,0.0
2019-02-08 00:00:00+05:30,1163.549103756718,1167.0532504066114,1128.1035784059218,1133.6741943359375,2993525,0.0,0.0
2019-02-11 00:00:00+05:30,1131.2034602159486,1131.2034602159486,1097.0607028782154,1119.9722900390625,2981408,0.0,0.0
2019-02-12 00:00:00+05:30,1118.17530510236,1136.5045968044813,1115.5247928069416,1120.2867431640625,1571390,0.0,0.0
2019-02-14 00:00:00+05:30,1095.2635784083507,1106.7193705533107,1079.1805227944515,1102.9906005859375,6974738,0.0,0.0
2019-02-15 00:00:00+05:30,1117.7260245643063,1126.6211330300778,1105.9557804858823,1116.9173583984375,3620228,0.0,0.0
2019-02-18 00:00:00+05:30,1118.6246618912276,1131.6977891609963,1114.132193369576,1118.1754150390625,2186849,0.0,0.0
2019-02-19 00:00:00+05:30,1118.624454961848,1141.086793414897,1118.624454961848,1130.574462890625,2389086,0.0,0.0
2019-02-20 00:00:00+05:30,1136.5942800084686,1152.4527122543445,1135.8754413351292,1146.971923828125,2433082,0.0,0.0
2019-02-21 00:00:00+05:30,1151.868800601406,1160.4044898414322,1136.684236754323,1153.755615234375,2392129,0.0,0.0
2019-02-22 00:00:00+05:30,1151.8688890357146,1153.126802114068,1137.0437434280007,1150.3863525390625,2390188,0.0,0.0
2019-02-25 00:00:00+05:30,1150.3862387074216,1155.8670276357007,1135.6958905401893,1146.343017578125,5873730,0.0,0.0
2019-02-26 00:00:00+05:30,1135.5163081392132,1145.5793930534917,1125.812532938059,1137.358154296875,2417931,0.0,0.0
2019-02-27 00:00:00+05:30,1141.5809603816233,1163.5490825865036,1139.2897580847,1154.2945556640625,3555914,0.0,0.0
2019-02-28 00:00:00+05:30,1161.7522439431239,1170.692211538677,1144.05196360322,1161.707275390625,9321535,0.0,0.0
2019-03-01 00:00:00+05:30,1168.3111832456252,1178.7785451473565,1165.570734101941,1175.7237548828125,2831577,0.0,0.0
2019-03-05 00:00:00+05:30,1169.8386103018067,1177.3859781105994,1147.4212399438925,1173.2529296875,3948051,0.0,0.0
2019-03-06 00:00:00+05:30,1177.4757103250165,1192.7950680930232,1177.4757103250165,1183.31591796875,2776738,0.0,0.0
2019-03-07 00:00:00+05:30,1189.4706463259593,1219.5253209286652,1177.0265327816642,1215.1226806640625,6207580,0.0,0.0
2019-03-08 00:00:00+05:30,1212.9661472253247,1224.6465619763835,1201.285732474266,1203.442138671875,4868283,0.0,0.0
2019-03-11 00:00:00+05:30,1207.1710964014692,1213.8648297180166,1203.9814003124666,1209.8665771484375,2661353,0.0,0.0
2019-03-12 00:00:00+05:30,1217.4587710580954,1260.586461840965,1217.4587710580954,1247.917724609375,6631152,0.0,0.0
2019-03-13 00:00:00+05:30,1254.0274260487495,1255.6897268891685,1233.4968700039128,1238.6632080078125,2241672,0.0,0.0
2019-03-14 00:00:00+05:30,1244.14403261048,1254.2970540688984,1237.2256758258402,1239.696533203125,1838850,0.0,0.0
2019-03-15 00:00:00+05:30,1245.3120337464757,1267.5947171831021,1238.6631596823704,1254.7462158203125,5723980,0.0,0.0
2019-03-18 00:00:00+05:30,1255.1955737406392,1268.4033859418855,1231.2506970873742,1238.932861328125,2450686,0.0,0.0
2019-03-19 00:00:00+05:30,1231.834760685726,1235.3837666350528,1209.8216668587381,1220.109375,4053209,0.0,0.0
2019-03-20 00:00:00+05:30,1223.748258234136,1241.7181298675303,1222.8497646524665,1231.744873046875,3871744,0.0,0.0
2019-03-22 00:00:00+05:30,1239.0227221286782,1271.3684929746769,1236.5068960800077,1253.1290283203125,3788604,0.0,0.0
2019-03-25 00:00:00+05:30,1246.2106582921454,1248.0076455427468,1231.026094088683,1237.0010986328125,1666203,0.0,0.0
2019-03-26 00:00:00+05:30,1239.7416040988928,1247.8280470921125,1228.914711552877,1233.4521484375,2021089,0.0,0.0
2019-03-27 00:00:00+05:30,1239.0229673900867,1249.8947205850366,1224.7818623983908,1227.746826171875,2558997,0.0,0.0
2019-03-28 00:00:00+05:30,1231.834854979548,1251.152469408476,1225.5453991189668,1245.941162109375,3184285,0.0,0.0
2019-04-01 00:00:00+05:30,1248.995733514458,1279.4546836639627,1248.995733514458,1268.8524169921875,3842703,0.0,0.0
2019-04-02 00:00:00+05:30,1271.4581635334132,1282.105289854063,1261.035660593703,1266.6512451171875,2737093,0.0,0.0
2019-04-03 00:00:00+05:30,1266.3366930948262,1271.3682344897938,1235.4284964123437,1238.1689453125,2366304,0.0,0.0
2019-04-04 00:00:00+05:30,1244.3237275865015,1252.4101694601788,1227.072585781691,1229.76806640625,1980318,0.0,0.0
2019-04-05 00:00:00+05:30,1234.3054953186243,1251.3768725059244,1231.2057364905795,1234.3504638671875,2037782,0.0,0.0
2019-04-08 00:00:00+05:30,1239.6513958540945,1246.03078723031,1226.8478639151995,1234.215576171875,1013017,0.0,0.0
2019-04-09 00:00:00+05:30,1236.2372876548718,1246.2105440455302,1227.342179643976,1235.6082763671875,2209945,0.0,0.0
2019-04-10 00:00:00+05:30,1230.9362704968735,1241.7181940340724,1226.443802356374,1232.3289794921875,2014958,0.0,0.0
2019-04-11 00:00:00+05:30,1232.4188547541207,1247.0642356529552,1232.4188547541207,1238.124267578125,3110225,0.0,0.0
2019-04-12 00:00:00+05:30,1239.9212162576591,1241.5834075464727,1220.4239482505845,1222.760009765625,2751659,0.0,0.0
2019-04-15 00:00:00+05:30,1226.4436692163579,1229.1391498080422,1216.560240380182,1219.1658935546875,1933204,0.0,0.0
2019-04-16 00:00:00+05:30,1221.951412411106,1249.7148892319158,1221.951412411106,1241.17919921875,3217456,0.0,0.0
2019-04-18 00:00:00+05:30,1246.210625796301,1246.749700021545,1219.615237116772,1222.5802001953125,2594906,0.0,0.0
2019-04-22 00:00:00+05:30,1223.748250750358,1231.7448655141939,1215.2125617766953,1222.0860595703125,3101477,0.0,0.0
2019-04-23 00:00:00+05:30,1223.4786623368072,1226.443735018499,1200.9264954456055,1211.3489990234375,2016454,0.0,0.0
2019-04-24 00:00:00+05:30,1215.6617806843346,1225.050994468271,1212.9663000176288,1222.5352783203125,1753395,0.0,0.0
2019-04-25 00:00:00+05:30,1228.1058360878355,1240.4152630213573,1214.8980253208586,1217.593505859375,2886022,0.0,0.0
2019-04-26 00:00:00+05:30,1220.333984375,1228.2407720610506,1213.8648742168832,1220.333984375,1767153,0.0,0.0
2019-04-30 00:00:00+05:30,1226.4436263376772,1227.7913665863998,1203.9812888589652,1211.6634521484375,1905624,0.0,0.0
2019-05-02 00:00:00+05:30,1212.4722122526432,1236.7765093595474,1205.7784784311752,1220.8282470703125,1985540,0.0,0.0
2019-05-03 00:00:00+05:30,1223.7482232619145,1233.811307217276,1221.9512361499294,1225.185791015625,1239667,0.0,0.0
2019-05-06 00:00:00+05:30,1215.9315179256596,1226.3090539249513,1212.8766175357903,1215.392333984375,1515052,0.0,0.0
2019-05-07 00:00:00+05:30,1219.6151290528908,1234.8445503834598,1212.9662550522826,1227.8812255859375,2596385,0.0,0.0
2019-05-08 00:00:00+05:30,1225.4554432227128,1231.834725848119,1217.4588282452232,1222.2657470703125,1601700,0.0,0.0
2019-05-09 00:00:00+05:30,1219.2559341499732,1229.8582035360828,1201.8251346735547,1218.76171875,2464425,0.0,0.0
2019-05-10 00:00:00+05:30,1221.6368514497158,1224.1975362869875,1208.5637256308198,1217.9080810546875,1466154,0.0,0.0
2019-05-13 00:00:00+05:30,1208.4738005791821,1217.4587358994734,1178.8235140222207,1183.9000244140625,3422913,0.0,0.0
2019-05-14 00:00:00+05:30,1176.1281209669628,1210.8549205005293,1154.8338665446663,1205.5987548828125,3132767,0.0,0.0
2019-05-15 00:00:00+05:30,1210.720168320389,1217.4588705559383,1186.4608402724107,1191.222900390625,2054728,0.0,0.0
2019-05-16 00:00:00+05:30,1191.4024294287722,1211.1692872322662,1175.4991377040797,1201.420654296875,2058450,0.0,0.0
2019-05-17 00:00:00+05:30,1199.4888279986394,1232.2838408989767,1197.2875627853014,1223.6583251953125,2776586,0.0,0.0
2019-05-20 00:00:00+05:30,1257.8910770631267,1307.308226519178,1257.8910770631267,1304.1185302734375,6210427,0.0,0.0
2019-05-21 00:00:00+05:30,1307.3079692262513,1313.642391917964,1291.8987846290495,1302.0068359375,2961180,0.0,0.0
2019-05-22 00:00:00+05:30,1302.9055111051914,1323.8404552733805,1295.2683157180807,1312.7889404296875,3304912,0.0,0.0
2019-05-23 00:00:00+05:30,1326.3563069229779,1403.8065268008718,1317.1917153943145,1326.2664794921875,10485813,0.0,0.0
2019-05-24 00:00:00+05:30,1341.450965269706,1391.9462624884752,1339.0699352574943,1387.408935546875,5626500,0.0,0.0
2019-05-27 00:00:00+05:30,1387.00447028993,1437.5897017935463,1376.5819668878046,1433.9957275390625,6730594,0.0,0.0
2019-05-28 00:00:00+05:30,1433.9958357315816,1443.8792656771,1404.6151378562088,1414.67822265625,4987068,0.0,0.0
2019-05-29 00:00:00+05:30,1410.8145942655742,1434.8492978512154,1389.2507480578963,1394.8663330078125,3070738,0.0,0.0
2019-05-30 00:00:00+05:30,1392.665066892355,1410.0508959528422,1383.6801309769205,1400.39208984375,2675199,0.0,0.0
2019-05-31 00:00:00+05:30,1410.5898401632166,1420.9674840608334,1379.0078810747675,1399.4486083984375,3945900,0.0,0.0
2019-06-03 00:00:00+05:30,1404.9741738281311,1410.6347264749086,1389.4303028408428,1401.1107177734375,2617068,0.0,0.0
2019-06-04 00:00:00+05:30,1402.5485345730829,1424.112381357038,1399.8530537250886,1410.455322265625,3854101,0.0,0.0
2019-06-06 00:00:00+05:30,1410.3203945357911,1412.2521775656,1358.1628011278822,1362.0263671875,3268594,0.0,0.0
2019-06-07 00:00:00+05:30,1364.4074337643483,1378.0195233985148,1343.6971134202838,1360.1844482421875,2572146,0.0,0.0
2019-06-10 00:00:00+05:30,1370.2026270812846,1385.4770170225186,1366.8782449070054,1376.5819091796875,1608705,0.0,0.0
2019-06-11 00:00:00+05:30,1383.8596898399119,1383.8596898399119,1367.5071514797792,1369.57373046875,1745105,0.0,0.0
2019-06-12 00:00:00+05:30,1369.3938756242223,1371.0112077418949,1351.0645869012421,1356.05126953125,1495586,0.0,0.0
2019-06-13 00:00:00+05:30,1355.8268689012104,1373.7967412524524,1351.8734750480578,1363.509033203125,1828211,0.0,0.0
2019-06-14 00:00:00+05:30,1366.608667927652,1383.5902176898494,1359.465688189923,1371.3707275390625,1854211,0.0,0.0
2019-06-17 00:00:00+05:30,1374.6953597398874,1380.9848156341222,1343.4727036935076,1346.617431640625,2048759,0.0,0.0
2019-06-18 00:00:00+05:30,1347.7402598792776,1365.6651614639186,1345.7636180365412,1352.5023193359375,2098714,0.0,0.0
2019-06-19 00:00:00+05:30,1360.274230938632,1374.6950959145881,1345.0448095321167,1352.3675537109375,2140698,0.0,0.0
2019-06-20 00:00:00+05:30,1356.0515345887188,1404.3455680385407,1354.0748924402071,1399.04443359375,3483179,0.0,0.0
2019-06-21 00:00:00+05:30,1401.6500624086702,1410.590030152915,1374.6952535161959,1383.45556640625,3028524,0.0,0.0
2019-06-24 00:00:00+05:30,1388.6217119834548,1404.7496265265208,1381.1193131525492,1384.5784912109375,1941777,0.0,0.0
2019-06-25 00:00:00+05:30,1388.8913964426285,1394.4620126730456,1366.698539582788,1379.1876220703125,2384122,0.0,0.0
2019-06-26 00:00:00+05:30,1377.3906251696842,1405.0193020933423,1373.7966509357125,1393.7431640625,2789166,0.0,0.0
2019-06-27 00:00:00+05:30,1401.650024758022,1409.6914986565102,1384.2641954252679,1393.4737548828125,3763146,0.0,0.0
2019-06-28 00:00:00+05:30,1398.2357641336068,1414.1391674310908,1390.553709289373,1395.540283203125,3002811,0.0,0.0
2019-07-01 00:00:00+05:30,1404.749827619763,1409.736511158143,1394.6867427949187,1398.64013671875,1537022,0.0,0.0
2019-07-02 00:00:00+05:30,1401.649952591741,1406.9959453981398,1395.3604976762654,1405.109130859375,1294135,0.0,0.0
2019-07-03 00:00:00+05:30,1406.1426552127398,1423.1242082563024,1401.8298415358513,1417.8680419921875,2800104,0.0,0.0
2019-07-04 00:00:00+05:30,1422.27052950456,1429.1440281051043,1409.0627162559883,1412.1624755859375,1981745,0.0,0.0
2019-07-05 00:00:00+05:30,1420.5182586123472,1430.0872365597495,1388.666707121794,1400.1673583984375,3693134,0.0,0.0
2019-07-08 00:00:00+05:30,1392.5750314022937,1393.7879756337709,1313.1931563858768,1339.0697021484375,4697122,0.0,0.0
2019-07-09 00:00:00+05:30,1335.70051607388,1382.2425267617975,1334.5773991140304,1371.6402587890625,4329323,0.0,0.0
2019-07-10 00:00:00+05:30,1369.1246524091189,1374.335849713119,1332.196476064152,1347.336181640625,2823544,0.0,0.0
2019-07-11 00:00:00+05:30,1358.5223489424736,1359.375874006889,1338.845316793737,1343.4276123046875,2156264,0.0,0.0
2019-07-12 00:00:00+05:30,1346.8419135958377,1346.8419135958377,1313.5976502182218,1317.955322265625,3495971,0.0,0.0
2019-07-15 00:00:00+05:30,1321.6841007355486,1324.3346130141438,1286.5530225091165,1294.369873046875,3950399,0.0,0.0
2019-07-16 00:00:00+05:30,1295.6276307314445,1315.3944877883737,1282.060400778247,1312.878662109375,3654380,0.0,0.0
2019-07-17 00:00:00+05:30,1312.6990854518217,1321.2797427842652,1304.612643446985,1307.71240234375,2225647,0.0,0.0
2019-07-18 00:00:00+05:30,1298.1435704621115,1307.2631925710978,1286.6428087468078,1289.5179443359375,2342881,0.0,0.0
2019-07-19 00:00:00+05:30,1299.581156579632,1299.940575953189,1259.7778464850328,1268.2686767578125,3199700,0.0,0.0
2019-07-22 00:00:00+05:30,1266.5165884104865,1274.962450398335,1252.5001098345872,1261.2154541015625,2646126,0.0,0.0
2019-07-23 00:00:00+05:30,1271.1885728131967,1271.1885728131967,1245.491572482952,1266.426513671875,4013444,0.0,0.0
2019-07-24 00:00:00+05:30,1283.4913409133924,1292.5469524514974,1252.4564014417322,1262.649658203125,5434450,18.0,0.0
2019-07-25 00:00:00+05:30,1269.7030497023188,1276.8020002852243,1245.949039825928,1249.04345703125,4181824,0.0,0.0
2019-07-26 00:00:00+05:30,1247.67822077699,1271.6597585048278,1240.579270546824,1267.0181884765625,3019850,0.0,0.0
2019-07-29 00:00:00+05:30,1268.201371336044,1272.3424444751413,1238.2130870589626,1248.224365234375,1987927,0.0,0.0
2019-07-30 00:00:00+05:30,1252.3199092794105,1267.9284245543802,1248.9525237300638,1252.638427734375,2714475,0.0,0.0
2019-07-31 00:00:00+05:30,1248.360907304601,1272.2968966933317,1244.219834157473,1262.604248046875,2693653,0.0,0.0
2019-08-01 00:00:00+05:30,1255.9601572869244,1261.4208536229546,1218.6453989907188,1235.983154296875,2774996,0.0,0.0
2019-08-02 00:00:00+05:30,1231.0232179545178,1253.139087276408,1219.5557754202016,1247.0867919921875,2776965,0.0,0.0
2019-08-05 00:00:00+05:30,1233.2074975731973,1236.6659837030777,1205.9040105420565,1224.83447265625,2287548,0.0,0.0
2019-08-06 00:00:00+05:30,1222.0129705689565,1273.6166254835855,1219.601251530777,1253.68505859375,4152548,0.0,0.0
2019-08-07 00:00:00+05:30,1255.960238854089,1264.9704106133263,1231.250564109176,1237.803466796875,2247223,0.0,0.0
2019-08-08 00:00:00+05:30,1246.859173485358,1248.6794058554096,1219.6466773334528,1238.349609375,2788577,0.0,0.0
2019-08-09 00:00:00+05:30,1248.6794623717763,1267.3368450092555,1238.7591732863602,1241.944580078125,2419380,0.0,0.0
2019-08-13 00:00:00+05:30,1246.858921947875,1246.858921947875,1189.5216138583012,1195.2098388671875,3135817,0.0,0.0
2019-08-14 00:00:00+05:30,1201.3532314265397,1220.4201189557518,1197.7127670888833,1213.82177734375,2798429,0.0,0.0
2019-08-16 00:00:00+05:30,1215.005136963759,1219.4647285999642,1201.8084519555384,1215.232666015625,2654524,0.0,0.0
2019-08-19 00:00:00+05:30,1218.6455684466737,1238.6225742145798,1218.6455684466737,1230.6590576171875,2509331,0.0,0.0
2019-08-20 00:00:00+05:30,1231.3418479960947,1233.708239339872,1214.0951879291783,1221.8311767578125,2145169,0.0,0.0
2019-08-21 00:00:00+05:30,1220.647606709657,1221.2847546060996,1185.471710114792,1192.8436279296875,2361165,0.0,0.0
2019-08-22 00:00:00+05:30,1184.9712469592066,1208.1336589217162,1167.8155794667189,1177.9178466796875,3780476,0.0,0.0
2019-08-23 00:00:00+05:30,1174.0499086821076,1180.8302299945308,1159.4880493496162,1170.864501953125,5252370,0.0,0.0
2019-08-26 00:00:00+05:30,1192.252338868609,1222.4681552311981,1161.808993433717,1213.776611328125,3759248,0.0,0.0
2019-08-27 00:00:00+05:30,1223.9697935364547,1255.914851090058,1222.877698496297,1234.982177734375,5431422,0.0,0.0
2019-08-28 00:00:00+05:30,1239.6693259722056,1246.8592665904278,1216.0063033945771,1223.787841796875,2272465,0.0,0.0
2019-08-29 00:00:00+05:30,1219.4647926688797,1233.2075259039677,1212.502381096355,1221.7855224609375,2421312,0.0,0.0
2019-08-30 00:00:00+05:30,1224.0607121770224,1234.9366671898126,1185.790393456752,1208.86181640625,3715119,0.0,0.0
2019-09-03 00:00:00+05:30,1207.7242095584336,1207.7242095584336,1174.0499098194266,1178.054443359375,3617815,0.0,0.0
2019-09-04 00:00:00+05:30,1179.5104734747067,1196.1656426551635,1176.234077712464,1190.4774169921875,2786181,0.0,0.0
2019-09-05 00:00:00+05:30,1194.845789723124,1217.735229751612,1191.023346894104,1201.626220703125,2758679,0.0,0.0
2019-09-06 00:00:00+05:30,1209.043740191462,1214.0949292012413,1201.6718216865588,1209.225830078125,1694661,0.0,0.0
2019-09-09 00:00:00+05:30,1210.454572032459,1239.396312254158,1204.1293087456934,1235.0277099609375,3508361,0.0,0.0
2019-09-11 00:00:00+05:30,1241.3985966009732,1259.4189432489682,1234.1176664156303,1241.080078125,2545642,0.0,0.0
2019-09-12 00:00:00+05:30,1246.9502333941973,1255.7328772959527,1233.5260189059818,1239.9423828125,2249695,0.0,0.0
2019-09-13 00:00:00+05:30,1239.5782031628967,1244.0832336910735,1223.2871017680689,1240.8978271484375,1771658,0.0,0.0
2019-09-16 00:00:00+05:30,1232.297507416117,1234.982306142927,1218.2816937531948,1222.832275390625,1835805,0.0,0.0
2019-09-17 00:00:00+05:30,1223.1960698134053,1224.1061859367785,1192.4341004041319,1195.6195068359375,2210178,0.0,0.0
2019-09-18 00:00:00+05:30,1201.444547272269,1208.9985572647456,1195.255822875544,1199.5333251953125,2081625,0.0,0.0
2019-09-19 00:00:00+05:30,1201.3533728740929,1201.53535167314,1181.3308166595248,1183.7880859375,1808736,0.0,0.0
2019-09-20 00:00:00+05:30,1187.70165211336,1289.1340591131986,1173.230782178322,1284.6290283203125,9975807,0.0,0.0
2019-09-23 00:00:00+05:30,1321.4886626748037,1411.5901624026312,1320.5785465159368,1391.112548828125,12082820,0.0,0.0
2019-09-24 00:00:00+05:30,1387.0169424984815,1387.0169424984815,1342.9218616988655,1348.155029296875,3831602,0.0,0.0
2019-09-25 00:00:00+05:30,1347.7911457775049,1348.5191721018184,1316.61966493352,1319.759521484375,2746428,0.0,0.0
2019-09-26 00:00:00+05:30,1325.402193273364,1360.6236438281794,1325.402193273364,1355.9365234375,3560962,0.0,0.0
2019-09-27 00:00:00+05:30,1350.6580622906383,1357.6203627093346,1330.589954582865,1340.28271484375,2167976,0.0,0.0
2019-09-30 00:00:00+05:30,1340.6010023469296,1350.6122793501993,1318.0300788457503,1341.7386474609375,2961398,0.0,0.0
2019-10-01 00:00:00+05:30,1346.9721210609282,1361.9434897239885,1309.7938925066867,1332.455810546875,2578275,0.0,0.0
2019-10-03 00:00:00+05:30,1315.5274419002935,1342.8764786703266,1294.4127900975072,1326.9949951171875,1966976,0.0,0.0
2019-10-04 00:00:00+05:30,1332.228127070133,1341.5112677947097,1292.4559827975086,1296.8245849609375,3266487,0.0,0.0
2019-10-07 00:00:00+05:30,1292.3650290576863,1300.5560750165025,1256.916046819633,1272.2059326171875,2192329,0.0,0.0
2019-10-09 00:00:00+05:30,1275.0727887406879,1304.560575667815,1273.3435457511705,1298.05322265625,1818865,0.0,0.0
2019-10-10 00:00:00+05:30,1295.095491861308,1303.2865385420894,1280.57918134964,1297.0067138671875,1626821,0.0,0.0
2019-10-11 00:00:00+05:30,1302.376352866921,1319.6685616051961,1292.5470529343158,1299.3729248046875,2024214,0.0,0.0
2019-10-14 00:00:00+05:30,1306.0167897156948,1310.4763814611877,1290.863332270439,1295.9599609375,2220364,0.0,0.0
2019-10-15 00:00:00+05:30,1300.6470277911394,1314.9359186646993,1292.9565904078672,1303.513916015625,1797471,0.0,0.0
2019-10-16 00:00:00+05:30,1310.5675044051425,1312.2057582249226,1288.9522417456828,1296.1876220703125,2446615,0.0,0.0
2019-10-17 00:00:00+05:30,1299.6460433097436,1309.29325362448,1292.5470919112174,1296.3240966796875,2304434,0.0,0.0
2019-10-18 00:00:00+05:30,1299.646035227545,1326.0394070914097,1297.2797551421445,1317.6663818359375,3516394,0.0,0.0
2019-10-22 00:00:00+05:30,1318.3034531795147,1335.8687421105815,1309.7938880417269,1312.8883056640625,2858390,0.0,0.0
2019-10-23 00:00:00+05:30,1315.117859061738,1318.6673343265895,1291.090770074472,1303.1043701171875,2410781,0.0,0.0
2019-10-24 00:00:00+05:30,1328.7696403440827,1335.1404536881982,1298.1442082630942,1303.513916015625,3646005,0.0,0.0
2019-10-25 00:00:00+05:30,1310.5218428405753,1312.1145462696802,1292.4560575929336,1296.9156494140625,2013793,0.0,0.0
2019-10-27 00:00:00+05:30,1307.5639037319115,1309.6116651875982,1300.4195137617048,1305.470703125,398258,0.0,0.0
2019-10-29 00:00:00+05:30,1306.4717995517042,1333.1382485377253,1302.376276669097,1329.770751953125,3351491,0.0,0.0
2019-10-30 00:00:00+05:30,1337.825103829488,1357.8476578360273,1333.320073617279,1341.7386474609375,3722066,0.0,0.0
2019-10-31 00:00:00+05:30,1347.88198522179,1352.8876239245044,1335.3678884650044,1340.6466064453125,2210277,0.0,0.0
2019-11-01 00:00:00+05:30,1343.9685420119727,1347.9276363425713,1315.117903041946,1319.1224365234375,2287220,0.0,0.0
2019-11-04 00:00:00+05:30,1326.7676387966364,1336.050780982719,1319.6686869379716,1321.6708984375,1459894,0.0,0.0
2019-11-05 00:00:00+05:30,1324.2192214189897,1328.4057341949049,1303.2865464412325,1310.385498046875,2401916,0.0,0.0
2019-11-06 00:00:00+05:30,1310.5673965374222,1335.0949849708493,1308.5196349803325,1322.4444580078125,2434431,0.0,0.0
2019-11-07 00:00:00+05:30,1328.7240596426739,1328.7240596426739,1302.3762409269195,1306.062255859375,1999085,0.0,0.0
2019-11-08 00:00:00+05:30,1301.4205999881844,1317.8482416384838,1292.3649883471319,1295.0953369140625,2217408,0.0,0.0
2019-11-11 00:00:00+05:30,1291.636732477198,1302.1486179349115,1281.4890267794706,1289.634521484375,2097492,0.0,0.0
2019-11-13 00:00:00+05:30,1290.9542830321786,1292.2284679353472,1264.196955556482,1267.7918701171875,2929404,0.0,0.0
2019-11-14 00:00:00+05:30,1271.432340706394,1279.5778363167483,1253.184466323559,1256.369873046875,3000518,0.0,0.0
2019-11-15 00:00:00+05:30,1259.2366798431267,1267.518714568255,1243.4006366521933,1253.821533203125,3409434,0.0,0.0
2019-11-18 00:00:00+05:30,1263.24112147593,1268.5198391893707,1238.8955162889838,1241.8533935546875,2733161,0.0,0.0
2019-11-19 00:00:00+05:30,1241.8534437190388,1254.3219901034843,1239.1230953634822,1242.9910888671875,2396206,0.0,0.0
2019-11-20 00:00:00+05:30,1248.679167085856,1268.1101217009812,1242.6268733931065,1256.688232421875,3914075,0.0,0.0
2019-11-21 00:00:00+05:30,1278.7132726292002,1290.4537939356076,1260.51094846366,1267.518798828125,5719318,0.0,0.0
2019-11-22 00:00:00+05:30,1268.4745449114525,1273.2071050523,1247.769399873436,1254.7318115234375,2363205,0.0,0.0
2019-11-25 00:00:00+05:30,1254.5951359463816,1264.1513556978773,1247.860254092361,1256.73388671875,2956576,0.0,0.0
2019-11-26 00:00:00+05:30,1255.3686577086053,1255.9602554108583,1237.3484250507368,1240.48828125,4853977,0.0,0.0
2019-11-27 00:00:00+05:30,1242.308383885951,1246.8589640467053,1196.0290058707083,1215.4599609375,7904745,0.0,0.0
2019-11-28 00:00:00+05:30,1223.1962100057865,1232.2973722826152,1207.9062129414453,1228.56591796875,4503913,0.0,0.0
2019-11-29 00:00:00+05:30,1228.6569165162214,1228.8388953238434,1208.6343593581792,1210.9552001953125,2515083,0.0,0.0
2019-12-02 00:00:00+05:30,1210.9550374433484,1222.1949492086105,1201.6717864406546,1213.5032958984375,3044008,0.0,0.0
2019-12-03 00:00:00+05:30,1213.5946517578964,1213.5946517578964,1192.252466922867,1195.164794921875,3068849,0.0,0.0
2019-12-04 00:00:00+05:30,1192.2522481275064,1194.0724805673956,1166.9055336216818,1169.59033203125,10230371,0.0,0.0
2019-12-05 00:00:00+05:30,1177.6905329041467,1194.982743201812,1169.6360255903976,1185.1534423828125,6644324,0.0,0.0
2019-12-06 00:00:00+05:30,1191.2056074931181,1191.3421471474908,1167.7701145297508,1174.778076171875,3302384,0.0,0.0
2019-12-09 00:00:00+05:30,1177.6903185231558,1182.1499099551254,1157.48578408204,1161.3082275390625,3038475,0.0,0.0
2019-12-10 00:00:00+05:30,1162.2183418900263,1168.589155040559,1153.2537198906955,1164.03857421875,2759100,0.0,0.0
2019-12-11 00:00:00+05:30,1167.6334897119375,1172.9122079093988,1142.1957873336921,1150.659912109375,3949135,0.0,0.0
2019-12-12 00:00:00+05:30,1155.8475764601649,1167.5425474354233,1154.2093228574104,1164.6756591796875,3264836,0.0,0.0
2019-12-13 00:00:00+05:30,1172.1841263486237,1190.4320007691,1169.7724072745311,1187.9747314453125,3655956,0.0,0.0
2019-12-16 00:00:00+05:30,1196.3021331714467,1199.533089954672,1183.1509991965656,1185.88134765625,3969819,0.0,0.0
2019-12-17 00:00:00+05:30,1191.5241536867036,1205.9040349197335,1186.609614800288,1199.4876708984375,3719446,0.0,0.0
2019-12-18 00:00:00+05:30,1205.6763681733585,1206.7684631126992,1196.4386670430185,1200.76171875,2961222,0.0,0.0
2019-12-19 00:00:00+05:30,1198.3954293403895,1202.26342294183,1189.6127863551337,1193.8448486328125,1936623,0.0,0.0
2019-12-20 00:00:00+05:30,1194.9827101423296,1208.5434653255004,1189.7950916358207,1193.6630859375,3297390,0.0,0.0
2019-12-23 00:00:00+05:30,1190.3409037046029,1203.1735188646926,1187.7015447189287,1193.3897705078125,3394916,0.0,0.0
2019-12-24 00:00:00+05:30,1196.484265377128,1200.4432485640552,1181.3308086703137,1184.0611572265625,1803814,0.0,0.0
2019-12-26 00:00:00+05:30,1182.8324871056932,1189.2487393614617,1162.2183339048968,1164.3116455078125,3723801,0.0,0.0
2019-12-27 00:00:00+05:30,1166.3595769839826,1184.8348710294229,1165.08539195715,1182.787109375,2459664,0.0,0.0
2019-12-30 00:00:00+05:30,1184.880438094794,1189.703987845854,1179.9657878348123,1185.2445068359375,2072838,0.0,0.0
2019-12-31 00:00:00+05:30,1183.1509487577357,1192.252109902026,1175.0964433646704,1181.5126953125,3043254,0.0,0.0
2020-01-01 00:00:00+05:30,1190.796051595905,1200.352271642107,1185.881401923939,1192.2066650390625,3123998,0.0,0.0
2020-01-02 00:00:00+05:30,1194.0725990313863,1226.8367861999304,1193.162482721149,1224.3795166015625,4335359,0.0,0.0
2020-01-03 00:00:00+05:30,1224.0608435226698,1224.0608435226698,1210.5911892686531,1215.05078125,2059871,0.0,0.0
2020-01-06 00:00:00+05:30,1211.3645402869577,1212.2746563953626,1195.983555835283,1198.3953857421875,2646905,0.0,0.0
2020-01-07 00:00:00+05:30,1208.634220584059,1219.1005560785748,1195.6650657321593,1201.808349609375,2077893,0.0,0.0
2020-01-08 00:00:00+05:30,1184.971240725048,1191.0689745598665,1167.997552115613,1175.4605712890625,4147568,0.0,0.0
2020-01-09 00:00:00+05:30,1193.1624881363684,1201.2625455538798,1187.792779661961,1197.849609375,2067779,0.0,0.0
2020-01-10 00:00:00+05:30,1200.443288404343,1215.8697138198538,1200.443288404343,1205.5399169921875,2360798,0.0,0.0
2020-01-13 00:00:00+05:30,1209.544437729322,1219.0096684910063,1209.2713584282642,1214.7320556640625,1825244,0.0,0.0
2020-01-14 00:00:00+05:30,1210.2725257805316,1211.3646207438896,1196.8937514394875,1206.905029296875,2046500,0.0,0.0
2020-01-15 00:00:00+05:30,1206.4499931129367,1216.0517633079055,1201.3533646944722,1204.6297607421875,2127677,0.0,0.0
2020-01-16 00:00:00+05:30,1208.3611955500526,1213.0938662971828,1198.987065649571,1200.71630859375,1773135,0.0,0.0
2020-01-17 00:00:00+05:30,1201.8994387316236,1206.7685382112847,1184.9712995294087,1186.9735107421875,2941837,0.0,0.0
2020-01-20 00:00:00+05:30,1195.847044468957,1201.2623021008765,1189.066723740318,1191.8880615234375,2542477,0.0,0.0
2020-01-21 00:00:00+05:30,1187.4739736968866,1195.801558176971,1183.560430053258,1185.2896728515625,1361576,0.0,0.0
2020-01-22 00:00:00+05:30,1193.1621870450776,1194.0723031297803,1175.8699814357287,1177.8721923828125,2449753,0.0,0.0
2020-01-23 00:00:00+05:30,1189.521867379768,1219.4191621788225,1188.6117511843743,1212.5478515625,10056067,0.0,0.0
2020-01-24 00:00:00+05:30,1212.2749104006389,1244.9025575037226,1212.2749104006389,1237.030029296875,5837319,0.0,0.0
2020-01-27 00:00:00+05:30,1219.5557132953363,1242.2176289933686,1219.5557132953363,1227.3826904296875,2510013,0.0,0.0
2020-01-28 00:00:00+05:30,1229.4759037133958,1233.207357631246,1217.735383402662,1225.60791015625,2352852,0.0,0.0
2020-01-29 00:00:00+05:30,1231.4782365447677,1251.3642537560715,1230.5681203236722,1242.9456787109375,3678474,0.0,0.0
2020-01-30 00:00:00+05:30,1243.1732656458828,1253.0481159830601,1231.387304473233,1247.041259765625,2743506,0.0,0.0
2020-01-31 00:00:00+05:30,1252.2743518730017,1253.2300183306045,1238.167550649963,1246.22216796875,3939306,0.0,0.0
2020-02-03 00:00:00+05:30,1174.0498434712615,1186.7004802833367,1157.6677526321278,1171.0009765625,5767353,0.0,0.0
2020-02-04 00:00:00+05:30,1179.5104494266498,1189.7948056548944,1171.8200129263632,1175.6424560546875,3604309,0.0,0.0
2020-02-05 00:00:00+05:30,1181.2397958391032,1205.9039217549873,1178.6004367341195,1192.2977294921875,4220104,0.0,0.0
2020-02-06 00:00:00+05:30,1203.9927276196606,1205.9039493952953,1191.3876406324075,1199.1690673828125,2354458,0.0,0.0
2020-02-07 00:00:00+05:30,1195.028020704247,1196.2566552516519,1179.5104963553695,1182.2408447265625,3053804,0.0,0.0
2020-02-10 00:00:00+05:30,1183.1511253774986,1185.38086575144,1158.6689760250522,1169.7724609375,3039992,0.0,0.0
2020-02-11 00:00:00+05:30,1175.87008584951,1182.1953487605954,1168.5891565253644,1171.228515625,2200796,0.0,0.0
2020-02-12 00:00:00+05:30,1173.2307064986094,1183.0144551090516,1164.948671754984,1180.6937255859375,2568696,0.0,0.0
2020-02-13 00:00:00+05:30,1182.240940583285,1183.0145171315464,1169.4993138179532,1176.09765625,1545536,0.0,0.0
2020-02-14 00:00:00+05:30,1178.600520892388,1187.6561329649946,1174.5959872504163,1178.737060546875,1780119,0.0,0.0
2020-02-17 00:00:00+05:30,1180.4207341992742,1181.1943107645818,1162.2184098477048,1165.1307373046875,2155085,0.0,0.0
2020-02-18 00:00:00+05:30,1166.3137424878619,1173.86775030024,1152.6164512093949,1170.727783203125,2347917,0.0,0.0
2020-02-19 00:00:00+05:30,1181.330683173626,1182.2407992623578,1161.8541766551386,1166.2227783203125,1820353,0.0,0.0
2020-02-20 00:00:00+05:30,1164.8578360971983,1173.0488825265272,1160.6713234751767,1165.494873046875,3034681,0.0,0.0
2020-02-24 00:00:00+05:30,1157.5768735128515,1157.5768735128515,1140.0571358075333,1146.473388671875,3414064,0.0,0.0
2020-02-25 00:00:00+05:30,1148.7486653334513,1151.8886329975173,1128.6806690463177,1130.409912109375,3133077,0.0,0.0
2020-02-26 00:00:00+05:30,1123.9933556016026,1126.7237038338333,1097.5999893567066,1102.287109375,5721483,0.0,0.0
2020-02-27 00:00:00+05:30,1103.3793143677656,1107.5658265221186,1092.1394019094143,1101.55908203125,4003149,0.0,0.0
2020-02-28 00:00:00+05:30,1082.7199379355663,1088.9086624563022,1057.55519863986,1080.8087158203125,6286647,0.0,0.0
2020-03-02 00:00:00+05:30,1096.690185364118,1103.3795182170336,1047.1343952863165,1056.5540771484375,3177486,0.0,0.0
2020-03-03 00:00:00+05:30,1061.1954178942071,1080.1258780214644,1057.6005035850308,1075.1202392578125,3134527,0.0,0.0
2020-03-04 00:00:00+05:30,1078.4877541168967,1081.0815632046315,1053.9146154154992,1070.8883056640625,3135151,0.0,0.0
2020-03-05 00:00:00+05:30,1074.0279974115508,1080.5353498068987,1061.3773612838831,1076.166748046875,2625152,0.0,0.0
2020-03-06 00:00:00+05:30,1044.8134751128352,1059.3753353931534,1029.2049589052335,1054.7337646484375,3956575,0.0,0.0
2020-03-09 00:00:00+05:30,1033.7099869528367,1033.7099869528367,971.3670295112275,1002.9024658203125,8038295,0.0,0.0
2020-03-11 00:00:00+05:30,992.0266131762719,1020.1946638542591,988.2041697482528,1016.55419921875,5628125,0.0,0.0
2020-03-12 00:00:00+05:30,973.8244381394228,973.8699883935615,913.8477519259661,925.1787109375,9200130,0.0,0.0
2020-03-13 00:00:00+05:30,864.6104047633256,965.1326963304881,810.003431830905,956.941650390625,8117911,0.0,0.0
2020-03-16 00:00:00+05:30,923.0853596055643,948.341084258317,875.4407985613567,881.6295776367188,6671806,0.0,0.0
2020-03-17 00:00:00+05:30,884.6329339642671,914.6667681420662,855.6457556213883,870.753662109375,4720207,0.0,0.0
2020-03-18 00:00:00+05:30,880.9924900205106,887.1357744292279,819.1045878289871,823.24560546875,5586097,0.0,0.0
2020-03-19 00:00:00+05:30,795.3505939925933,804.5427456771891,762.4043754240495,767.3189697265625,7251950,0.0,0.0
2020-03-20 00:00:00+05:30,772.6887027082541,798.9000398175151,756.5796338387945,786.9775390625,6130185,0.0,0.0
2020-03-23 00:00:00+05:30,736.283984561869,737.148606036746,642.5420186658586,658.9696044921875,7308612,0.0,0.0
2020-03-24 00:00:00+05:30,696.7609124802966,697.4530590820982,620.1633552142507,653.2941284179688,7110384,10.0,0.0
2020-03-25 00:00:00+05:30,643.4194560499312,715.2181148996083,610.0118373530852,706.681640625,16122446,0.0,0.0
2020-03-26 00:00:00+05:30,726.9846377680012,777.3267553381951,695.9764929500304,773.3584594726562,9028497,0.0,0.0
2020-03-27 00:00:00+05:30,800.9519550093966,821.3471827467928,749.3639465060627,772.4816284179688,6573448,0.0,0.0
2020-03-30 00:00:00+05:30,739.2125266009033,752.1325957300077,729.9839057944001,737.0438232421875,4474168,0.0,0.0
2020-03-31 00:00:00+05:30,756.7468858104321,759.5154719780312,730.1684698668863,746.1339721679688,8045468,0.0,0.0
2020-04-01 00:00:00+05:30,744.6112425289538,749.7331721057693,707.419912179551,714.6182250976562,4104403,0.0,0.0
2020-04-03 00:00:00+05:30,730.0761156115238,730.0761156115238,703.9591319212624,714.8950805664062,4268480,0.0,0.0
2020-04-07 00:00:00+05:30,742.9040045274053,750.2869014668081,729.9839348834504,739.8124389648438,5768998,0.0,0.0
2020-04-08 00:00:00+05:30,741.981069194404,767.8212059325175,736.167049693734,744.8419189453125,6151091,0.0,0.0
2020-04-09 00:00:00+05:30,769.9898990275981,769.9898990275981,742.350226763548,750.1022338867188,6410296,0.0,0.0
2020-04-13 00:00:00+05:30,750.102269141149,805.1048815695405,745.626410692665,798.6909790039062,9462711,0.0,0.0
2020-04-15 00:00:00+05:30,822.2239174660612,855.1239142619696,801.9670851207923,812.2570190429688,10435477,0.0,0.0
2020-04-16 00:00:00+05:30,808.3810817041193,848.8485629563273,803.0284926971993,841.3272705078125,6980512,0.0,0.0
2020-04-17 00:00:00+05:30,858.2616659319418,867.4902859957261,845.3415978426438,860.93798828125,5827648,0.0,0.0
2020-04-20 00:00:00+05:30,868.228545429097,870.2588530643235,840.727269503286,844.972412109375,4958362,0.0,0.0
2020-04-21 00:00:00+05:30,827.8073103898831,836.6667640906674,796.4299987363089,803.2130126953125,5122305,0.0,0.0
2020-04-22 00:00:00+05:30,805.6586239757497,817.1944003786099,784.4327953944871,786.8322143554688,6090168,0.0,0.0
2020-04-23 00:00:00+05:30,793.6613587038996,802.4285481314427,770.5898075787862,775.7578125,6321888,0.0,0.0
2020-04-24 00:00:00+05:30,773.3584313161974,801.9671561023575,769.8054348009871,785.5402221679688,7960368,0.0,0.0
2020-04-27 00:00:00+05:30,795.4609580179145,807.412032872212,786.509184836505,789.2777709960938,4224177,0.0,0.0
2020-04-28 00:00:00+05:30,797.1681874929425,800.7673718380129,786.3706907847579,791.0311889648438,3772704,0.0,0.0
2020-04-29 00:00:00+05:30,795.5070847081671,814.9333195368529,788.1241883303651,807.8272705078125,4837925,0.0,0.0
2020-04-30 00:00:00+05:30,821.5317452833639,846.0798514032814,815.9022534131097,828.3147583007812,6332497,0.0,0.0
2020-05-04 00:00:00+05:30,812.1186334267295,812.1186334267295,779.8184605063482,785.0326538085938,4678576,0.0,0.0
2020-05-05 00:00:00+05:30,794.5842770845777,802.7054523909995,770.5898622132664,772.3433227539062,4296433,0.0,0.0
2020-05-06 00:00:00+05:30,773.3584170601611,782.5870377888026,754.53200824292,772.71240234375,5081524,0.0,0.0
2020-05-07 00:00:00+05:30,768.7441482723012,771.5588664813608,756.8392043576789,759.3770751953125,3529134,0.0,0.0
2020-05-08 00:00:00+05:30,768.7440012267622,770.4512732965165,747.518176462998,753.0092163085938,4394509,0.0,0.0
2020-05-11 00:00:00+05:30,757.8543386774278,763.668358418714,753.378423868121,758.2234497070312,2882920,0.0,0.0
2020-05-12 00:00:00+05:30,753.9782446519516,756.0546841262073,741.9810388006966,751.9479370117188,3024381,0.0,0.0
2020-05-13 00:00:00+05:30,797.0759859145619,804.6895980378172,784.8941952519474,796.3377075195312,8625444,0.0,0.0
2020-05-14 00:00:00+05:30,792.6462287161273,811.7494278832107,776.5884066887219,804.4127197265625,6778584,0.0,0.0
2020-05-15 00:00:00+05:30,813.9182649778962,816.7329832026227,788.1242572373332,797.7220458984375,5653901,0.0,0.0
2020-05-18 00:00:00+05:30,802.7977598737938,802.8900235525847,747.5182977903374,750.60986328125,6211249,0.0,0.0
2020-05-19 00:00:00+05:30,763.299086126718,769.4822723745979,730.6298073289569,734.9210815429688,5533176,0.0,0.0
2020-05-20 00:00:00+05:30,738.2896706586826,776.1270162799401,738.2896706586826,770.58984375,5949898,0.0,0.0
2020-05-21 00:00:00+05:30,771.4665429443256,779.8184332420446,754.9934215346518,757.2083129882812,4701930,0.0,0.0
2020-05-22 00:00:00+05:30,752.1326107535159,762.7455248929826,747.6105639371909,752.7786254882812,4607479,0.0,0.0
2020-05-26 00:00:00+05:30,758.5004224033246,777.6959438272328,757.6698239388381,761.8688354492188,4335209,0.0,0.0
2020-05-27 00:00:00+05:30,767.7751039067115,791.0773709770799,763.2069254334511,785.2171630859375,5159287,0.0,0.0
2020-05-28 00:00:00+05:30,789.0470187746971,841.650153359677,789.0470187746971,835.6515502929688,11481079,0.0,0.0
2020-05-29 00:00:00+05:30,824.3003249753054,865.1830990853467,822.2700173707135,860.3380737304688,10166556,0.0,0.0
2020-06-01 00:00:00+05:30,871.7816673465228,899.0060981114235,852.7245432802803,856.554443359375,7617144,0.0,0.0
2020-06-02 00:00:00+05:30,862.8760989249175,879.4876174068945,842.6192637328775,872.52001953125,7325471,0.0,0.0
2020-06-03 00:00:00+05:30,882.2099883929363,897.806323249321,881.333258179603,887.1472778320312,4651554,0.0,0.0
2020-06-04 00:00:00+05:30,886.9166183486515,893.3305212698696,856.9697316543117,858.9077758789062,5355931,0.0,0.0
2020-06-05 00:00:00+05:30,867.4903187156503,885.8552958660805,864.3525652448035,881.56396484375,6071040,0.0,0.0
2020-06-08 00:00:00+05:30,903.9433893594199,918.2477513145716,875.7960964799281,887.1934204101562,9858804,0.0,0.0
2020-06-09 00:00:00+05:30,890.1004707959931,895.4069277240148,876.4421233597086,879.764404296875,5117749,0.0,0.0
2020-06-10 00:00:00+05:30,883.1790152676555,885.4861704799534,863.5220641242832,873.5350952148438,5175923,0.0,0.0
2020-06-11 00:00:00+05:30,871.1818333348311,878.5647302274992,856.6006232372184,858.6770629882812,3602957,0.0,0.0
2020-06-12 00:00:00+05:30,821.347250894675,858.1694704037992,821.347250894675,854.939453125,5411314,0.0,0.0
2020-06-15 00:00:00+05:30,850.6942266470357,857.7541438621936,825.1309365899456,830.4835815429688,4982324,0.0,0.0
2020-06-16 00:00:00+05:30,849.0331732437637,853.3706365898726,822.4086228962271,826.0077514648438,4661460,0.0,0.0
2020-06-17 00:00:00+05:30,823.8389726523224,830.3451389132721,813.1337389545828,816.54833984375,4681085,0.0,0.0
2020-06-18 00:00:00+05:30,808.427189311561,830.575879429686,806.5814651350506,827.4843139648438,5869802,0.0,0.0
2020-06-19 00:00:00+05:30,832.4215372419435,845.2493417768154,826.0537668098361,828.9146728515625,5409996,0.0,0.0
2020-06-22 00:00:00+05:30,835.1900877347149,845.3415694640871,826.8843299561377,837.4511108398438,6839642,0.0,0.0
2020-06-23 00:00:00+05:30,839.8044143633717,895.1761339917258,838.8815523695657,892.9612426757812,14580218,0.0,0.0
2020-06-24 00:00:00+05:30,903.4819466430536,913.5411655154479,878.564671301519,881.8408203125,11985132,0.0,0.0
2020-06-25 00:00:00+05:30,876.6267034310339,890.3773144873403,864.0296136359959,870.3511962890625,7508087,0.0,0.0
2020-06-26 00:00:00+05:30,881.3332870273018,900.8056543983491,867.9517868577774,887.9779052734375,6554103,0.0,0.0
2020-06-29 00:00:00+05:30,876.7189744790148,882.348410626436,858.2617329110356,864.3526000976562,4575801,0.0,0.0
2020-06-30 00:00:00+05:30,875.5192679294698,878.7031533758511,859.5537651859288,870.8588256835938,3656480,0.0,0.0
2020-07-01 00:00:00+05:30,868.4131495732458,868.4131495732458,846.2644613800918,853.0013427734375,6426017,0.0,0.0
2020-07-02 00:00:00+05:30,863.7989057245117,877.3649895477707,854.5702849368565,868.6900634765625,6542705,0.0,0.0
2020-07-03 00:00:00+05:30,874.8732694909154,881.7024715515098,868.9669295289401,871.4125366210938,3928063,0.0,0.0
2020-07-06 00:00:00+05:30,879.5797590028592,885.486098396345,873.6273441013162,877.8263549804688,3900219,0.0,0.0
2020-07-07 00:00:00+05:30,881.3332721429356,887.7010429227386,867.4903411668686,870.8126220703125,4051767,0.0,0.0
2020-07-08 00:00:00+05:30,872.0585218130593,890.0082002885314,865.6446191795319,868.6439208984375,5227021,0.0,0.0
2020-07-09 00:00:00+05:30,872.1045424766121,878.564576124587,867.4902327280587,872.0584106445312,3777760,0.0,0.0
2020-07-10 00:00:00+05:30,867.4902938945988,878.5646380719767,858.7692365895083,860.245849609375,4537688,0.0,0.0
2020-07-13 00:00:00+05:30,867.4903362375146,871.9200628592789,853.6474053401074,856.554443359375,3821300,0.0,0.0
2020-07-14 00:00:00+05:30,856.4160301622911,862.8299330329002,835.9746120839621,842.4808349609375,3646237,0.0,0.0
2020-07-15 00:00:00+05:30,847.2335597495185,853.6474627621653,839.1585161828493,841.8348388671875,3229770,0.0,0.0
2020-07-16 00:00:00+05:30,842.5730124630586,852.7244945409268,829.1453815254656,850.0943603515625,3134451,0.0,0.0
2020-07-17 00:00:00+05:30,850.9710828897074,858.2155838560275,847.1873709749884,854.1549682617188,2040517,0.0,0.0
2020-07-20 00:00:00+05:30,857.3388047940873,860.0151271461067,844.4187366917006,848.6638793945312,3035845,0.0,0.0
2020-07-21 00:00:00+05:30,855.4931807908786,869.6129598880398,849.5868407227819,865.6907958984375,4756570,0.0,0.0
2020-07-22 00:00:00+05:30,866.7520732250025,868.413213696742,839.8044893347877,849.8637084960938,4977432,0.0,0.0
2020-07-23 00:00:00+05:30,841.6501711588156,865.5984520969968,841.0502883086477,845.8491821289062,9075059,0.0,0.0
2020-07-24 00:00:00+05:30,843.8650952648213,843.9573589405636,828.7762666969484,834.636474609375,6059379,0.0,0.0
2020-07-27 00:00:00+05:30,837.9587957989065,844.4188305682814,827.1612978475448,834.082763671875,3615970,0.0,0.0
2020-07-28 00:00:00+05:30,838.6970219516165,846.2645020466655,829.6529851035466,843.0344848632812,3793721,0.0,0.0
2020-07-29 00:00:00+05:30,848.6639429608726,868.274762085164,846.4952396120575,850.8327026367188,7245021,0.0,0.0
2020-07-30 00:00:00+05:30,857.3388405759703,860.7534414109467,834.4518731047947,838.189453125,3364408,0.0,0.0
2020-07-31 00:00:00+05:30,843.4036414688486,851.7093998345805,837.0820026942687,842.9883422851562,2943858,0.0,0.0
2020-08-03 00:00:00+05:30,842.5730671234762,848.8023860753749,833.852009325412,845.2493896484375,3583167,0.0,0.0
2020-08-04 00:00:00+05:30,847.1873127176596,858.2616566747531,845.8952833918548,852.9552001953125,3860346,0.0,0.0
2020-08-05 00:00:00+05:30,860.1233060253478,869.9444979287276,857.1908861137856,861.7989501953125,3007723,8.0,0.0
2020-08-06 00:00:00+05:30,862.0782459007172,869.199804903909,856.678922571828,858.4476928710938,2188023,0.0,0.0
2020-08-07 00:00:00+05:30,858.8200409758862,862.8229847094696,850.9537573859309,852.396728515625,2461109,0.0,0.0
2020-08-10 00:00:00+05:30,861.1008252095637,902.9922167062452,861.1008252095637,893.7295532226562,11861641,0.0,0.0
2020-08-11 00:00:00+05:30,902.6198192625455,912.0221433745769,890.9833217121371,895.4517822265625,5427516,0.0,0.0
2020-08-12 00:00:00+05:30,886.2356829099764,889.9593622499342,879.71924406505,884.14111328125,3672458,0.0,0.0
2020-08-13 00:00:00+05:30,890.8902001148499,925.0084316555586,885.8166761172005,922.26220703125,8816193,0.0,0.0
2020-08-14 00:00:00+05:30,930.8733182234847,946.7454903508496,906.1574074940223,914.9080200195312,13443785,0.0,0.0
2020-08-17 00:00:00+05:30,932.7816048282176,937.4362036547057,919.4694635482282,931.6644897460938,4735094,0.0,0.0
2020-08-18 00:00:00+05:30,936.4587669665549,938.3671411577219,926.6375746207841,935.1554565429688,4362050,0.0,0.0
2020-08-19 00:00:00+05:30,946.9781936309078,954.1462308408251,935.9468164129756,939.3911743164062,4914223,0.0,0.0
2020-08-20 00:00:00+05:30,917.8869109731986,935.5743869452988,913.2323120331722,926.96337890625,4791040,0.0,0.0
2020-08-21 00:00:00+05:30,940.2289940284209,940.2289940284209,923.4724376992015,925.4739379882812,2806380,0.0,0.0
2020-08-24 00:00:00+05:30,927.196109314223,932.2230988994846,921.6105905834145,922.8673095703125,2026255,0.0,0.0
2020-08-25 00:00:00+05:30,924.4032716685693,930.82664039259,910.2532807183359,912.6737060546875,2914757,0.0,0.0
2020-08-26 00:00:00+05:30,918.8179240588998,919.7488439414317,898.3376866432,902.0148315429688,4482066,0.0,0.0
2020-08-27 00:00:00+05:30,907.8795230674234,912.3013920595487,898.6168598148886,908.205322265625,4466609,0.0,0.0
2020-08-28 00:00:00+05:30,919.748677504238,935.295048093025,910.6256756700875,914.0234985351562,7821191,0.0,0.0
2020-08-31 00:00:00+05:30,919.8418871964726,926.6376476018982,875.4370555101864,879.6727294921875,8489726,0.0,0.0
2020-09-01 00:00:00+05:30,898.2910676112538,899.2685220323045,878.1366313205733,889.214599609375,5099949,0.0,0.0
2020-09-02 00:00:00+05:30,890.3782558226173,893.4968144312086,882.5119721333996,889.5404052734375,2107714,0.0,0.0
2020-09-03 00:00:00+05:30,893.6830205616365,903.923138505572,887.4458464501995,894.7536010742188,3278899,0.0,0.0
2020-09-04 00:00:00+05:30,882.511965610494,890.0989846668525,875.0646072509119,877.3919067382812,3130721,0.0,0.0
2020-09-07 00:00:00+05:30,881.7207557111908,885.0720444324663,852.955309714696,867.7569580078125,3470806,0.0,0.0
2020-09-08 00:00:00+05:30,871.3408853047093,871.3408853047093,849.8831964480981,853.3741455078125,3738931,0.0,0.0
2020-09-09 00:00:00+05:30,844.8562648253143,863.8935863626992,838.7587514146466,846.6715698242188,5656245,0.0,0.0
2020-09-10 00:00:00+05:30,854.3051379987087,859.2390017261096,848.998883612364,857.3306274414062,2948599,0.0,0.0
2020-09-11 00:00:00+05:30,856.4462477484387,857.8891621281605,848.9988890723654,854.02587890625,2632298,0.0,0.0
2020-09-14 00:00:00+05:30,858.6804319235788,859.5647602637586,838.7587258083657,839.78271484375,5006356,0.0,0.0
2020-09-15 00:00:00+05:30,847.1369276876782,851.9777214953737,837.8277306801212,847.0903930664062,4488829,0.0,0.0
2020-09-16 00:00:00+05:30,851.7915831472251,860.169861014247,848.393703284733,858.121826171875,3596197,0.0,0.0
2020-09-17 00:00:00+05:30,851.7916408032181,854.5378656537281,842.5289771706069,843.692626953125,4512652,0.0,0.0
2020-09-18 00:00:00+05:30,848.2541502852564,850.9537836685729,835.0350774940471,838.4794921875,7496145,0.0,0.0
2020-09-21 00:00:00+05:30,838.7587159811271,841.3652799833394,813.9031466632026,820.9315795898438,4597697,0.0,0.0
2020-09-22 00:00:00+05:30,826.610264368564,826.610264368564,793.1436855229313,797.3328247070312,5089087,0.0,0.0
2020-09-23 00:00:00+05:30,806.3626595350162,813.3445573199208,795.5174222482658,801.1494750976562,3709291,0.0,0.0
2020-09-24 00:00:00+05:30,796.8673965869532,800.4980067522097,784.7654384612167,791.9335327148438,11609426,0.0,0.0
2020-09-25 00:00:00+05:30,800.6840995934394,833.5456140845855,793.1436719189276,827.8204345703125,4961967,0.0,0.0
2020-09-28 00:00:00+05:30,835.9659578156031,854.1188934251848,831.3113589413515,840.4808959960938,3853608,0.0,0.0
2020-09-29 00:00:00+05:30,847.0905004581765,849.7901338413224,830.7528690024407,833.5921630859375,3362381,0.0,0.0
2020-09-30 00:00:00+05:30,835.7797769005587,842.0169508633131,823.0261644015485,839.3172607421875,3582787,0.0,0.0
2020-10-01 00:00:00+05:30,847.0904865293609,850.4883097207172,838.479478347283,840.4343872070312,2506154,0.0,0.0
2020-10-05 00:00:00+05:30,845.2286431834735,845.7871723355493,833.2197550443261,834.988525390625,2788003,0.0,0.0
2020-10-06 00:00:00+05:30,838.8051866592858,842.0634056183676,826.8894258298382,830.9389038085938,3497325,0.0,0.0
2020-10-07 00:00:00+05:30,833.1731670927923,833.1731670927923,815.5322266604131,826.5636596679688,5073845,0.0,0.0
2020-10-08 00:00:00+05:30,828.7977745643487,832.2421887226038,818.3249282297522,820.186767578125,3918217,0.0,0.0
2020-10-09 00:00:00+05:30,826.0983012667364,851.7451318837608,824.4226000742633,845.6941528320312,9668150,0.0,0.0
2020-10-12 00:00:00+05:30,853.6069160791111,861.7989988987729,839.7361884273624,843.1806030273438,6188905,0.0,0.0
2020-10-13 00:00:00+05:30,845.2287108741046,852.4433398968538,827.4481071912511,834.5231323242188,4548652,0.0,0.0
2020-10-14 00:00:00+05:30,835.035032058462,853.6534274220843,825.9120296940537,851.977783203125,5286914,0.0,0.0
2020-10-15 00:00:00+05:30,849.9298219988754,855.5153410919676,824.2364568981862,827.4015502929688,4927777,0.0,0.0
2020-10-16 00:00:00+05:30,832.2422579008138,841.0859955406994,828.0531190187628,832.3353271484375,2373435,0.0,0.0
2020-10-19 00:00:00+05:30,836.8969168357656,843.4133555652988,822.9331195581944,840.5275268554688,5800391,0.0,0.0
2020-10-20 00:00:00+05:30,855.5152531668184,870.8754290941879,849.929734647775,853.9326782226562,13188572,0.0,0.0
2020-10-21 00:00:00+05:30,861.0542660445979,866.6863193771054,845.8802849208816,860.5888061523438,6390783,0.0,0.0
2020-10-22 00:00:00+05:30,858.3080367389534,874.13367299119,856.5858578743319,871.6201782226562,6151367,0.0,0.0
2020-10-23 00:00:00+05:30,875.0646217214476,882.9774401093542,863.893583997344,876.228271484375,5102184,0.0,0.0
2020-10-26 00:00:00+05:30,884.2341593199275,892.9848282665977,877.8573813452193,886.0029296875,6975809,0.0,0.0
2020-10-27 00:00:00+05:30,893.6830581338489,917.8869742916406,889.168119578104,914.1167602539062,9638520,0.0,0.0
2020-10-28 00:00:00+05:30,921.5640321924141,925.9393664491496,906.9020459021456,914.9544677734375,7369181,0.0,0.0
2020-10-29 00:00:00+05:30,885.3978265098164,892.5659205558754,862.0317615327382,869.944580078125,11852038,0.0,0.0
2020-10-30 00:00:00+05:30,875.9954942330806,881.3948174777645,860.3560536275426,865.2899169921875,4797473,0.0,0.0
2020-11-02 00:00:00+05:30,865.7554149901374,873.1562387723686,857.051337577717,865.103759765625,3682174,0.0,0.0
2020-11-03 00:00:00+05:30,879.6260762996235,887.0734341455085,868.0826489109693,882.2791748046875,4049112,0.0,0.0
2020-11-04 00:00:00+05:30,886.5495315875531,902.1122117719915,882.5165259581744,891.8635864257812,3369408,18.0,0.0
2020-11-05 00:00:00+05:30,903.3931761151928,910.7949153441316,896.0863079599031,909.1817016601562,2889134,0.0,0.0
2020-11-06 00:00:00+05:30,910.0357619322064,918.1017723351508,901.5901514015842,911.6964111328125,3419233,0.0,0.0
2020-11-09 00:00:00+05:30,921.423087359678,924.8392568950168,913.2622057370081,916.5360107421875,3040456,0.0,0.0
2020-11-10 00:00:00+05:30,925.218878091466,983.9584382373257,921.9924506310941,980.9217529296875,12149416,0.0,0.0
2020-11-11 00:00:00+05:30,986.9000510887528,1008.535983159236,969.1073818984507,1005.35693359375,10254627,0.0,0.0
2020-11-12 00:00:00+05:30,1001.039511305952,1020.9198112373374,998.7145325740713,1018.4050903320312,6743163,0.0,0.0
2020-11-13 00:00:00+05:30,1010.6712666626522,1013.612965276262,985.0971965142094,997.8130493164062,5025096,0.0,0.0
2020-11-14 00:00:00+05:30,1005.926505776665,1013.2808098761624,1000.1853575316534,1005.1198120117188,911852,0.0,0.0
2020-11-17 00:00:00+05:30,1008.725821094775,1040.8474997560759,1006.8754296583269,1025.7119140625,7611327,0.0,0.0
2020-11-18 00:00:00+05:30,1025.7120541127897,1095.3169689319552,1024.0514046039043,1089.5284423828125,13436421,0.0,0.0
2020-11-19 00:00:00+05:30,1067.607667095629,1116.9051772233856,1051.1434241919783,1076.337890625,10841151,0.0,0.0
2020-11-20 00:00:00+05:30,1081.794482029694,1101.7222751197146,1061.3922176756253,1074.4876708984375,7009257,0.0,0.0
2020-11-23 00:00:00+05:30,1080.6556953710785,1089.2435549374572,1065.5199939733723,1068.3668212890625,4998877,0.0,0.0
2020-11-24 00:00:00+05:30,1077.0495766724116,1085.5900578971268,1070.6917092068666,1077.5240478515625,4623887,0.0,0.0
2020-11-25 00:00:00+05:30,1083.21780789283,1089.196191669632,1055.650983354257,1059.019775390625,4651911,0.0,0.0
2020-11-26 00:00:00+05:30,1072.3050979972002,1077.0023173568804,1045.3077283694365,1061.724365234375,7360928,0.0,0.0
2020-11-27 00:00:00+05:30,1071.3561373012565,1081.60476316057,1036.2452630052896,1065.0931396484375,18995549,0.0,0.0
2020-12-01 00:00:00+05:30,1081.7944024969968,1081.7944024969968,1054.4648133619917,1058.9722900390625,3551604,0.0,0.0
2020-12-02 00:00:00+05:30,1062.8631500282672,1074.250460634328,1047.7274468450835,1056.884765625,4434968,0.0,0.0
2020-12-03 00:00:00+05:30,1077.0495736842386,1079.3744361205513,1063.1001673909811,1067.7025146484375,4087608,0.0,0.0
2020-12-04 00:00:00+05:30,1072.3049487379024,1102.6711065782677,1071.118770697263,1090.809326171875,6542918,0.0,0.0
2020-12-07 00:00:00+05:30,1095.8387558482152,1112.0656481055757,1085.5901313500412,1109.9779052734375,5484461,0.0,0.0
2020-12-08 00:00:00+05:30,1114.9598626499057,1122.124424336989,1089.4334039334562,1111.5911865234375,4982626,0.0,0.0
2020-12-09 00:00:00+05:30,1117.854222413143,1124.4968196600803,1106.7990195417713,1120.7010498046875,4304573,0.0,0.0
2020-12-10 00:00:00+05:30,1121.6498409911985,1132.7999134376,1110.310026412699,1129.573486328125,4921373,0.0,0.0
2020-12-11 00:00:00+05:30,1127.3436376767659,1154.6732267434047,1121.6499829410247,1133.322021484375,6689415,0.0,0.0
2020-12-14 00:00:00+05:30,1136.927917985515,1199.3683770806913,1136.927917985515,1185.845947265625,9723233,0.0,0.0
2020-12-15 00:00:00+05:30,1186.1780409588139,1188.0759258243481,1154.0088693204711,1182.6195068359375,6953407,0.0,0.0
2020-12-16 00:00:00+05:30,1192.1089068592687,1212.7484043511604,1183.3786829908806,1203.4962158203125,5729223,0.0,0.0
2020-12-17 00:00:00+05:30,1205.1568290357038,1218.4420224266485,1190.021244328955,1213.507568359375,5345257,0.0,0.0
2020-12-18 00:00:00+05:30,1218.3946789045665,1234.5741948960504,1205.1569773389579,1216.1173095703125,10315248,0.0,0.0
2020-12-21 00:00:00+05:30,1211.0878788383543,1270.159550107845,1095.0796569476677,1171.8016357421875,21153346,0.0,0.0
2020-12-22 00:00:00+05:30,1172.18118971044,1203.2590556995247,1151.5891843825252,1198.2296142578125,7998730,0.0,0.0
2020-12-23 00:00:00+05:30,1203.2589815004803,1206.3905378031866,1184.6122398893413,1200.222412109375,4057070,0.0,0.0
2020-12-24 00:00:00+05:30,1209.901636779007,1215.59529154032,1189.4993738843023,1197.755126953125,3277840,0.0,0.0
2020-12-28 00:00:00+05:30,1209.9017326429207,1225.0848132094202,1201.8357210919678,1223.5665283203125,3405825,0.0,0.0
2020-12-29 00:00:00+05:30,1228.8330756256871,1228.9280625482945,1202.9743918360186,1219.248779296875,3778319,0.0,0.0
2020-12-30 00:00:00+05:30,1222.427655542215,1230.1615599163233,1206.1058912327624,1226.0811767578125,2866392,0.0,0.0
2020-12-31 00:00:00+05:30,1226.9824661863047,1237.4208321012695,1216.54410027134,1221.858154296875,3889877,0.0,0.0
2021-01-01 00:00:00+05:30,1217.4931264155261,1233.5776541199975,1217.4931264155261,1230.7783203125,2058419,0.0,0.0
2021-01-04 00:00:00+05:30,1238.3699118681297,1255.0238983972995,1235.523084484525,1247.479736328125,4014636,0.0,0.0
2021-01-05 00:00:00+05:30,1240.267851112164,1245.9615061287461,1228.9280345392208,1239.6036376953125,2833637,0.0,0.0
2021-01-06 00:00:00+05:30,1241.216624081407,1262.0933562907273,1233.6250850961997,1246.9102783203125,4615963,0.0,0.0
2021-01-07 00:00:00+05:30,1262.093558585638,1278.035839344962,1257.3488459593764,1270.5865478515625,4270598,0.0,0.0
2021-01-08 00:00:00+05:30,1280.882569171268,1312.3399188125748,1278.2254839682503,1303.277587890625,4984995,0.0,0.0
2021-01-11 00:00:00+05:30,1311.4385479962384,1314.2378820638967,1276.3276751482929,1281.0723876953125,3252470,0.0,0.0
2021-01-12 00:00:00+05:30,1284.8679578735348,1297.061844055092,1275.426027708728,1280.8824462890625,2836161,0.0,0.0
2021-01-13 00:00:00+05:30,1284.8679936604667,1302.8978990367953,1275.6632988297345,1283.444580078125,4389762,0.0,0.0
2021-01-14 00:00:00+05:30,1288.664022253225,1318.7454556717664,1287.003372740012,1306.3143310546875,5168591,0.0,0.0
2021-01-15 00:00:00+05:30,1306.4090817278195,1313.810879496686,1276.375144541668,1285.010498046875,2587576,0.0,0.0
2021-01-18 00:00:00+05:30,1276.5174482984999,1284.7258243716178,1258.4401625582113,1267.834716796875,3185998,0.0,0.0
2021-01-19 00:00:00+05:30,1271.6303975012167,1311.4384876024021,1268.7360766457393,1299.9088134765625,3885798,0.0,0.0
2021-01-20 00:00:00+05:30,1299.1022102791208,1321.9243224704562,1292.9815778294676,1312.0552978515625,3957992,0.0,0.0
2021-01-21 00:00:00+05:30,1323.7746791125624,1324.7236215348653,1291.5581302104576,1301.2847900390625,2985423,0.0,0.0
2021-01-22 00:00:00+05:30,1292.4595722851902,1304.7958237093515,1279.6488496524075,1292.554443359375,3282665,0.0,0.0
2021-01-25 00:00:00+05:30,1300.0511631785807,1325.1032671548178,1273.480774442084,1291.79541015625,4847989,0.0,0.0
2021-01-27 00:00:00+05:30,1298.912292711632,1321.5919214678424,1262.1881554600636,1290.419189453125,8896211,0.0,0.0
2021-01-28 00:00:00+05:30,1276.042954236456,1295.4014047198743,1271.5829707487642,1276.6597900390625,2962948,0.0,0.0
2021-01-29 00:00:00+05:30,1292.4595179635521,1299.1021146050682,1257.4435210714505,1266.5533447265625,5130876,0.0,0.0
2021-02-01 00:00:00+05:30,1277.0394141947677,1387.3539836914363,1268.9259091999281,1374.8753662109375,11317043,0.0,0.0
2021-02-02 00:00:00+05:30,1398.741180255026,1511.6653325279894,1398.741180255026,1442.582275390625,14349665,0.0,0.0
2021-02-03 00:00:00+05:30,1451.8819016183031,1478.4522893603373,1428.1583411343438,1450.5059814453125,6197782,0.0,0.0
2021-02-04 00:00:00+05:30,1447.1372904764253,1470.860852615383,1432.9031531930505,1451.6922607421875,3957579,0.0,0.0
2021-02-05 00:00:00+05:30,1456.0573828361862,1468.0140350673837,1433.9469764383562,1439.0712890625,3270494,0.0,0.0
2021-02-08 00:00:00+05:30,1443.4838598842255,1489.8396763272492,1442.3925528773368,1472.5689697265625,5223019,0.0,0.0
2021-02-09 00:00:00+05:30,1477.5034868883802,1494.1099808000993,1466.116176777487,1486.470947265625,3825206,0.0,0.0
2021-02-10 00:00:00+05:30,1480.3502695200286,1484.1460394418748,1450.6483235464998,1473.5653076171875,2578777,0.0,0.0
2021-02-11 00:00:00+05:30,1470.2913575232692,1480.2552525863484,1448.6080471487733,1452.3563232421875,2720190,0.0,0.0
2021-02-12 00:00:00+05:30,1456.6266716917148,1465.167153805868,1438.6916360844523,1443.673583984375,1867284,0.0,0.0
2021-02-15 00:00:00+05:30,1449.0350973279808,1465.1671187127718,1443.673549406084,1459.141357421875,1917477,0.0,0.0
2021-02-16 00:00:00+05:30,1461.3714071604606,1493.6354512146524,1460.4224646882785,1470.3388671875,3838556,0.0,0.0
2021-02-17 00:00:00+05:30,1465.1671673860853,1486.992844102329,1454.7288002609255,1469.2950439453125,2340184,0.0,0.0
2021-02-18 00:00:00+05:30,1463.458931529809,1471.9994131799087,1437.7901089618485,1446.757568359375,2446843,0.0,0.0
2021-02-19 00:00:00+05:30,1446.046041848975,1468.014084444369,1422.3224787519423,1431.7645263671875,3044240,0.0,0.0
2021-02-22 00:00:00+05:30,1433.7573183357872,1434.753638508139,1373.214737463847,1378.0543212890625,6168108,0.0,0.0
2021-02-23 00:00:00+05:30,1387.3538601665439,1421.5157883238596,1385.4559752689154,1410.4132080078125,3733776,0.0,0.0
2021-02-24 00:00:00+05:30,1410.7928096249032,1453.7799524656627,1410.7928096249032,1448.6556396484375,2380414,0.0,0.0
2021-02-25 00:00:00+05:30,1455.6777124859755,1461.9407094634205,1425.311554207259,1429.5343017578125,3168105,0.0,0.0
2021-02-26 00:00:00+05:30,1406.332714166757,1417.2455523671063,1361.8747834485264,1368.8494873046875,5579058,0.0,0.0
2021-03-01 00:00:00+05:30,1381.6602447937262,1410.1285190683222,1364.7690223890509,1397.64990234375,2494481,0.0,0.0
2021-03-02 00:00:00+05:30,1403.7706252744706,1413.5921565529673,1383.7004691085065,1409.79638671875,2089473,0.0,0.0
2021-03-03 00:00:00+05:30,1417.2454964503872,1432.903046293997,1405.7158229434622,1420.471923828125,2184001,0.0,0.0
2021-03-04 00:00:00+05:30,1397.792242517476,1418.052140855535,1383.558105628296,1387.9232177734375,3530366,0.0,0.0
2021-03-05 00:00:00+05:30,1379.3826605726506,1401.777678225329,1365.6229956619236,1388.82470703125,3306902,0.0,0.0
2021-03-08 00:00:00+05:30,1402.5369123331784,1447.1372065684013,1394.9453728888852,1437.8375244140625,4150049,0.0,0.0
2021-03-09 00:00:00+05:30,1447.1372092767283,1454.06453536769,1415.6323668590294,1431.2899169921875,3779948,0.0,0.0
2021-03-10 00:00:00+05:30,1445.239367140452,1456.389441049776,1430.5307590047482,1446.3780517578125,2210547,0.0,0.0
2021-03-12 00:00:00+05:30,1448.3708908729739,1485.0949169244602,1426.4028502442188,1436.6988525390625,4885349,0.0,0.0
2021-03-15 00:00:00+05:30,1442.3925731887111,1450.078984128294,1388.5875807739249,1407.993408203125,3181450,0.0,0.0
2021-03-16 00:00:00+05:30,1412.311160670486,1420.566914036215,1382.6092142623681,1387.1641845703125,3233903,0.0,0.0
2021-03-17 00:00:00+05:30,1400.6391136658717,1416.7236425182123,1358.6484085305635,1364.2471923828125,5178384,0.0,0.0
2021-03-18 00:00:00+05:30,1381.233232189934,1394.660675214078,1347.4982816900083,1355.1846923828125,3381940,0.0,0.0
2021-03-19 00:00:00+05:30,1342.753602641995,1349.2538354307069,1308.212073371155,1339.195068359375,9920812,0.0,0.0
2021-03-22 00:00:00+05:30,1337.0600057894135,1345.0311460957994,1321.1652186375522,1328.5670166015625,2964175,0.0,0.0
2021-03-23 00:00:00+05:30,1330.3223542859291,1344.176889955917,1326.7163268835502,1332.647216796875,2564844,0.0,0.0
2021-03-24 00:00:00+05:30,1328.5194814550578,1335.1620788623331,1290.6092754443332,1299.24462890625,4237815,0.0,0.0
2021-03-25 00:00:00+05:30,1291.5107962917903,1318.0811873984546,1291.5107962917903,1301.0950927734375,3894604,0.0,0.0
2021-03-26 00:00:00+05:30,1315.5190618301474,1336.1110681793618,1311.4385626590044,1326.9063720703125,3093766,0.0,0.0
2021-03-30 00:00:00+05:30,1336.1109640583097,1355.2795551337251,1324.2966769398915,1350.8670654296875,2801282,0.0,0.0
2021-03-31 00:00:00+05:30,1350.9144509609785,1358.5059905739513,1338.3884569346537,1346.4544677734375,2400871,0.0,0.0
2021-04-01 00:00:00+05:30,1358.8856330608257,1373.92634822011,1347.9727945271668,1370.84228515625,1380763,0.0,0.0
2021-04-05 00:00:00+05:30,1365.5283420855606,1365.5283420855606,1310.8692738673299,1332.1256103515625,2548649,0.0,0.0
2021-04-06 00:00:00+05:30,1334.1182250012614,1343.9872497329748,1322.1615731968232,1329.4683837890625,1824079,0.0,0.0
2021-04-07 00:00:00+05:30,1330.4173920482122,1344.8412717895433,1318.3183751091146,1332.4576416015625,1841308,0.0,0.0
2021-04-08 00:00:00+05:30,1338.0088041324389,1361.5426223416202,1338.0088041324389,1346.691650390625,1644834,0.0,0.0
2021-04-09 00:00:00+05:30,1341.8045873434792,1344.6514146150707,1325.7674372126405,1332.4100341796875,2015002,0.0,0.0
2021-04-12 00:00:00+05:30,1322.778293156595,1322.778293156595,1263.9913542113509,1276.469970703125,3755497,0.0,0.0
2021-04-13 00:00:00+05:30,1278.462773263073,1311.4385248837013,1278.462773263073,1303.562255859375,2063654,0.0,0.0
2021-04-15 00:00:00+05:30,1308.5440056444188,1320.073678350773,1288.7585808379383,1304.463623046875,2625838,0.0,0.0
2021-04-16 00:00:00+05:30,1291.0362982576949,1322.1616592439013,1286.101843489552,1289.7552490234375,3752588,0.0,0.0
2021-04-19 00:00:00+05:30,1271.5829225820166,1277.4663196200754,1239.3188782776967,1243.5416259765625,4157065,0.0,0.0
2021-04-20 00:00:00+05:30,1252.6041287727658,1271.061014486644,1250.4215146375473,1263.5169677734375,2989204,0.0,0.0
2021-04-22 00:00:00+05:30,1243.11456163263,1271.1083628297008,1240.504969995615,1268.5462646484375,2398100,0.0,0.0
2021-04-23 00:00:00+05:30,1262.0934250803043,1275.9954547722248,1247.3373240384592,1255.35595703125,2062964,0.0,0.0
2021-04-26 00:00:00+05:30,1262.1408489599312,1272.7214637438335,1255.4507588982988,1267.692138671875,1431562,0.0,0.0
2021-04-27 00:00:00+05:30,1270.6338744779641,1317.5590298553095,1267.6921762034706,1310.1573486328125,4303909,0.0,0.0
2021-04-28 00:00:00+05:30,1314.1428906904262,1328.4718981032781,1302.423474939566,1305.64990234375,3220346,0.0,0.0
2021-04-29 00:00:00+05:30,1313.2886889827282,1318.6028586916286,1284.3934414195933,1289.280517578125,2221346,0.0,0.0
2021-04-30 00:00:00+05:30,1281.0723346197412,1295.3064716710717,1267.8820111179675,1272.0098876953125,1968093,0.0,0.0
2021-05-03 00:00:00+05:30,1257.823179038277,1282.3059398352102,1251.7974178324532,1273.9552001953125,1653245,0.0,0.0
2021-05-04 00:00:00+05:30,1281.0722064711322,1281.9262777763179,1263.0423013430197,1269.3052978515625,2029558,0.0,0.0
2021-05-05 00:00:00+05:30,1273.670433805711,1277.9881680298072,1256.399728584715,1270.3017578125,1813150,0.0,0.0
2021-05-06 00:00:00+05:30,1275.378678063904,1287.287952382395,1267.5499026963244,1271.488037109375,2333882,0.0,0.0
2021-05-07 00:00:00+05:30,1278.225518523832,1290.466899663873,1270.633978695925,1274.14501953125,2362325,0.0,0.0
2021-05-10 00:00:00+05:30,1278.2255405220933,1327.4281857109518,1278.2255405220933,1323.7747802734375,3929224,0.0,0.0
2021-05-11 00:00:00+05:30,1309.5406173620584,1328.4245958089507,1305.8397185367553,1312.956787109375,1975828,0.0,0.0
2021-05-12 00:00:00+05:30,1309.5405052598708,1352.242913040084,1306.6936780745232,1314.5699462890625,4283174,0.0,0.0
2021-05-14 00:00:00+05:30,1322.8257648302279,1351.1991670282011,1303.8944094376445,1343.22802734375,4558155,0.0,0.0
2021-05-17 00:00:00+05:30,1359.8345105075095,1367.4260499939437,1298.3429943323135,1315.9459228515625,9620003,0.0,0.0
2021-05-18 00:00:00+05:30,1333.2641189603705,1349.3961403285743,1325.6725794929805,1344.9361572265625,3312380,0.0,0.0
2021-05-19 00:00:00+05:30,1341.8047248940643,1361.7325178380354,1328.5195295980834,1331.7933349609375,3215258,0.0,0.0
2021-05-20 00:00:00+05:30,1338.7680423436254,1354.0933700984285,1330.0851958393416,1337.7716064453125,1996254,0.0,0.0
2021-05-21 00:00:00+05:30,1342.7535064707895,1351.9582014874895,1335.2568382847915,1345.6478271484375,2185322,0.0,0.0
2021-05-24 00:00:00+05:30,1347.4983659113545,1383.5581813371514,1338.0089407993028,1369.561279296875,5035538,0.0,0.0
2021-05-25 00:00:00+05:30,1385.4561405840832,1387.3065322449827,1368.4700455559546,1376.8681640625,2892219,0.0,0.0
2021-05-26 00:00:00+05:30,1384.4120722008677,1401.2083061234432,1378.6235468050345,1397.697265625,3230579,0.0,0.0
2021-05-27 00:00:00+05:30,1400.5915561846793,1409.1795316520502,1387.1166197928512,1407.1392822265625,3747221,0.0,0.0
2021-05-28 00:00:00+05:30,1411.1721953185863,1423.0814685664475,1398.646202191612,1402.6317138671875,2315923,0.0,0.0
2021-05-31 00:00:00+05:30,1397.1280454165392,1400.6390862217154,1383.1311439790254,1392.7628173828125,2405318,0.0,0.0
2021-06-01 00:00:00+05:30,1391.1020419103377,1416.2965085482329,1388.3027082117687,1399.35791015625,2077742,0.0,0.0
2021-06-02 00:00:00+05:30,1393.3323026869623,1399.3105708639796,1380.7588147099395,1395.94189453125,2469417,0.0,0.0
2021-06-03 00:00:00+05:30,1404.5298552436855,1437.647973645707,1397.9821284337959,1433.7098388671875,3025466,0.0,0.0
2021-06-04 00:00:00+05:30,1441.3960865675735,1468.2512042092442,1439.4508240497523,1459.0465087890625,5677538,0.0,0.0
2021-06-07 00:00:00+05:30,1466.543041486585,1489.3651534091061,1462.083058372144,1478.2625732421875,3131245,0.0,0.0
2021-06-08 00:00:00+05:30,1481.299143927921,1502.1758775386925,1467.1125008320448,1470.05419921875,3945382,0.0,0.0
2021-06-09 00:00:00+05:30,1470.8607575734934,1475.605469694698,1436.0346169389293,1441.728271484375,3025732,0.0,0.0
2021-06-10 00:00:00+05:30,1447.1372293821491,1455.6777113916178,1437.6478049271843,1442.1077880859375,1584311,0.0,0.0
2021-06-11 00:00:00+05:30,1443.3413630694117,1449.1773818864422,1422.1325239985538,1426.6873779296875,1909384,0.0,0.0
2021-06-14 00:00:00+05:30,1426.68745877484,1441.9180312045785,1402.5369201187016,1438.3594970703125,2005404,0.0,0.0
2021-06-15 00:00:00+05:30,1442.3924552340188,1445.9034957965498,1428.9648970391368,1433.6622314453125,1831871,0.0,0.0
2021-06-16 00:00:00+05:30,1428.9650868836447,1438.596876739117,1412.0264858758617,1414.7784423828125,1504791,0.0,0.0
2021-06-17 00:00:00+05:30,1405.3837459513,1423.2712876798992,1404.6720391251936,1411.599365234375,1675778,0.0,0.0
2021-06-18 00:00:00+05:30,1411.599369576771,1414.8256811948852,1385.5508301585287,1400.6390380859375,4649835,0.0,0.0
2021-06-21 00:00:00+05:30,1385.4560273135278,1394.3761098350053,1373.357010636646,1392.1461181640625,1970012,0.0,0.0
2021-06-22 00:00:00+05:30,1395.0403376010522,1427.9687116534824,1394.5184887318494,1422.654541015625,3862264,0.0,0.0
2021-06-23 00:00:00+05:30,1428.1584130603558,1430.0562979946553,1400.7339525921877,1403.72314453125,1818874,0.0,0.0
2021-06-24 00:00:00+05:30,1413.9242700657358,1435.9396888753022,1406.3327303606848,1427.2569580078125,2762042,0.0,0.0
2021-06-25 00:00:00+05:30,1433.37754016761,1451.217704182366,1430.5307128783002,1446.0458984375,2099002,0.0,0.0
2021-06-28 00:00:00+05:30,1448.0861861813935,1449.9365776333727,1433.235213594627,1437.1258544921875,1173658,0.0,0.0
2021-06-29 00:00:00+05:30,1435.749835929391,1451.6921144149073,1427.1144833487756,1433.757080078125,2174022,0.0,0.0
2021-06-30 00:00:00+05:30,1438.5967837640267,1445.6189812058774,1419.1434631392492,1423.9356689453125,2139362,0.0,0.0
2021-07-01 00:00:00+05:30,1420.6616656105157,1426.2604490237238,1404.5771380194788,1416.1068115234375,2060651,0.0,0.0
2021-07-02 00:00:00+05:30,1423.413687831464,1424.0305235970648,1400.1645975968834,1409.79638671875,1814564,0.0,0.0
2021-07-05 00:00:00+05:30,1413.924413140447,1436.6990345601591,1412.0265280221379,1430.9578857421875,1605396,0.0,0.0
2021-07-06 00:00:00+05:30,1429.107405820585,1441.4436583276683,1423.4137508173158,1428.6329345703125,1072506,0.0,0.0
2021-07-07 00:00:00+05:30,1418.669033478717,1442.1078668271957,1418.669033478717,1439.0238037109375,1096808,0.0,0.0
2021-07-08 00:00:00+05:30,1426.2604948179292,1446.1882861626907,1420.5668401479975,1424.077880859375,1456033,0.0,0.0
2021-07-09 00:00:00+05:30,1421.420901806806,1426.1181205423343,1409.6539924017823,1423.0340576171875,1248405,0.0,0.0
2021-07-12 00:00:00+05:30,1427.589029282972,1438.5967384146468,1415.442519721172,1424.1253662109375,865284,0.0,0.0
2021-07-13 00:00:00+05:30,1437.647756413591,1437.647756413591,1424.694669302127,1436.3192138671875,995833,0.0,0.0
2021-07-14 00:00:00+05:30,1436.2719549460066,1470.7659913589266,1431.0052777808949,1465.8314208984375,4010254,0.0,0.0
2021-07-15 00:00:00+05:30,1470.8608295259446,1542.031514825587,1470.8133360673298,1527.1805419921875,9066480,0.0,0.0
2021-07-16 00:00:00+05:30,1527.1805037689944,1539.9438491825708,1513.6580739005099,1536.1005859375,4157388,0.0,0.0
2021-07-19 00:00:00+05:30,1518.308021716928,1555.696379919249,1516.0305365168106,1527.4178466796875,3027093,0.0,0.0
2021-07-20 00:00:00+05:30,1527.65501294005,1539.8015228973181,1501.2269883046301,1509.150634765625,1847026,0.0,0.0
2021-07-22 00:00:00+05:30,1527.7973844699268,1563.0506205772551,1510.2894421444682,1558.305908203125,3231269,0.0,0.0
2021-07-23 00:00:00+05:30,1560.0612775927757,1561.9116689044781,1524.8080448981254,1529.4578857421875,2259058,0.0,0.0
2021-07-26 00:00:00+05:30,1529.458077144985,1544.2141793817925,1511.4756630725003,1516.030517578125,2219416,0.0,0.0
2021-07-27 00:00:00+05:30,1527.939610385819,1536.3377273585663,1503.361979350098,1526.1365966796875,3984778,0.0,0.0
2021-07-28 00:00:00+05:30,1528.248043998072,1536.7413372550454,1490.3885742735315,1529.927490234375,4119892,18.0,0.0
2021-07-29 00:00:00+05:30,1529.735418257558,1542.5471688765556,1522.0579506627898,1531.65478515625,1672177,0.0,0.0
2021-07-30 00:00:00+05:30,1533.5742705394389,1559.3897807511341,1521.0983847340492,1536.8851318359375,2536568,0.0,0.0
2021-08-02 00:00:00+05:30,1541.5397401147202,1552.7679908403584,1537.46108500899,1548.8812255859375,1083353,0.0,0.0
2021-08-03 00:00:00+05:30,1559.4857227364037,1572.6333401239267,1545.3784218271967,1568.458740234375,1777140,0.0,0.0
2021-08-04 00:00:00+05:30,1573.8809080431192,1578.007593868875,1548.5452407277746,1557.7581787109375,2067087,0.0,0.0
2021-08-05 00:00:00+05:30,1554.687259149479,1567.0191686086387,1543.9388508840404,1561.7889404296875,1831728,0.0,0.0
2021-08-06 00:00:00+05:30,1561.4050229127727,1572.9212246798,1543.4589886853669,1545.42626953125,1192143,0.0,0.0
2021-08-09 00:00:00+05:30,1554.6871730839327,1558.5259068446337,1525.8966698786746,1533.0462646484375,1223794,0.0,0.0
2021-08-10 00:00:00+05:30,1541.2516716513296,1544.994460659832,1508.6224332726588,1524.4091796875,1429931,0.0,0.0
2021-08-11 00:00:00+05:30,1526.0887639198304,1533.4783976873339,1499.7454968214536,1519.467041015625,1370930,0.0,0.0
2021-08-12 00:00:00+05:30,1525.8968019524632,1561.4050923123634,1518.219333766539,1557.9981689453125,1645811,0.0,0.0
2021-08-13 00:00:00+05:30,1560.4452632380694,1609.1972285308802,1559.4855798043436,1601.1358642578125,5439442,0.0,0.0
2021-08-16 00:00:00+05:30,1606.510144823702,1609.4372262959782,1586.692657540519,1589.331787109375,1794407,0.0,0.0
2021-08-17 00:00:00+05:30,1591.1551810700323,1597.8729653085668,1559.5336578353317,1572.6812744140625,1838525,0.0,0.0
2021-08-18 00:00:00+05:30,1580.5987098681271,1594.1302236630906,1561.500984965145,1567.0191650390625,1570228,0.0,0.0
2021-08-20 00:00:00+05:30,1553.631725288045,1557.566404420269,1525.8968472139418,1529.3516845703125,2416059,0.0,0.0
2021-08-23 00:00:00+05:30,1535.5896286989869,1553.7276712683358,1504.687865172593,1517.019775390625,1973841,0.0,0.0
2021-08-24 00:00:00+05:30,1525.8966473919538,1548.3052319600458,1518.986973584061,1541.0596923828125,1580003,0.0,0.0
2021-08-25 00:00:00+05:30,1549.840791008598,1560.4453403347475,1525.896735013683,1529.5435791015625,1795313,0.0,0.0
2021-08-26 00:00:00+05:30,1529.543581061111,1538.3245912057077,1521.0983195567082,1531.4149169921875,2051262,0.0,0.0
2021-08-27 00:00:00+05:30,1539.3323116716465,1599.504419389291,1533.6222417890183,1572.0574951171875,4903187,0.0,0.0
2021-08-30 00:00:00+05:30,1580.3108711649518,1617.0187673296673,1578.7754008989473,1593.170654296875,3345934,0.0,0.0
2021-08-31 00:00:00+05:30,1593.1225327599905,1608.4294366851302,1578.679250207064,1604.7825927734375,3264644,0.0,0.0
2021-09-01 00:00:00+05:30,1604.8306123153627,1648.73612914205,1604.7825812844249,1618.41015625,3530101,0.0,0.0
2021-09-02 00:00:00+05:30,1619.8496717554851,1641.0586519562598,1614.1875161347539,1618.2181396484375,2400278,0.0,0.0
2021-09-03 00:00:00+05:30,1628.5828244364052,1635.5885605230474,1604.6866829580379,1623.3045654296875,2336258,0.0,0.0
2021-09-06 00:00:00+05:30,1631.4619631575617,1646.8168992813976,1622.057017922166,1625.895751953125,1850835,0.0,0.0
2021-09-07 00:00:00+05:30,1625.8957016789432,1636.2603301015947,1611.7403703774778,1613.899658203125,1734879,0.0,0.0
2021-09-08 00:00:00+05:30,1614.1876590290717,1626.3755927103514,1591.155254857432,1599.360595703125,1644392,0.0,0.0
2021-09-09 00:00:00+05:30,1588.4679676861247,1612.843950256459,1588.4679676861247,1602.7193603515625,1225239,0.0,0.0
2021-09-13 00:00:00+05:30,1595.042004410446,1608.0936765510182,1593.55444812928,1604.3028564453125,1578773,0.0,0.0
2021-09-14 00:00:00+05:30,1608.429572670065,1630.3104036924262,1607.8537859902906,1628.0550537109375,1407269,0.0,0.0
2021-09-15 00:00:00+05:30,1631.4619914139853,1655.0701826834963,1628.5829408409018,1647.776611328125,2757989,0.0,0.0
2021-09-16 00:00:00+05:30,1640.6748884030158,1658.8129299853622,1640.339022607741,1651.855224609375,2128381,0.0,0.0
2021-09-17 00:00:00+05:30,1654.4943672821396,1671.4807185089585,1637.31600906446,1647.0087890625,3473932,0.0,0.0
2021-09-20 00:00:00+05:30,1631.6537648376766,1665.05079596205,1631.413843973705,1635.636474609375,1820374,0.0,0.0
2021-09-21 00:00:00+05:30,1630.1182991259686,1660.9721457455246,1624.1683085430036,1651.519287109375,2029747,0.0,0.0
2021-09-22 00:00:00+05:30,1651.5193201281234,1660.2524163450212,1637.2200128812754,1641.9224853515625,1487933,0.0,0.0
2021-09-23 00:00:00+05:30,1649.0241695183809,1703.4381759410078,1645.90519821032,1698.351806640625,3702946,0.0,0.0
2021-09-24 00:00:00+05:30,1708.2365020428444,1737.0270048862633,1679.4459991994258,1697.4400634765625,3612494,0.0,0.0
2021-09-27 00:00:00+05:30,1700.5590997223105,1710.875696969497,1666.9701784524002,1669.46533203125,1650711,0.0,0.0
2021-09-28 00:00:00+05:30,1674.9355793229802,1688.131226817034,1649.6958576202644,1667.1141357421875,1442615,0.0,0.0
2021-09-29 00:00:00+05:30,1662.1717524331784,1671.7685870315224,1647.3926037219567,1651.615234375,1698747,0.0,0.0
2021-09-30 00:00:00+05:30,1650.6074649539569,1664.3309848324434,1628.5827771432357,1634.2928466796875,1792078,0.0,0.0
2021-10-01 00:00:00+05:30,1629.0627251410958,1643.4579774987492,1619.4658902359938,1628.4869384765625,1563937,0.0,0.0
2021-10-04 00:00:00+05:30,1628.102981120361,1654.4462450959213,1616.154968967262,1646.0970458984375,1588493,0.0,0.0
2021-10-05 00:00:00+05:30,1645.3773905822043,1669.8493202759028,1637.2200806843048,1647.4886474609375,1705242,0.0,0.0
2021-10-06 00:00:00+05:30,1647.488601707161,1665.9145950188363,1621.8650993637407,1626.7115478515625,1845661,0.0,0.0
2021-10-07 00:00:00+05:30,1641.0586125706513,1659.58054903406,1631.4617785790101,1643.4097900390625,1378863,0.0,0.0
2021-10-08 00:00:00+05:30,1669.8492962878793,1670.808979791493,1650.6556262156048,1657.2774658203125,1755402,0.0,0.0
2021-10-11 00:00:00+05:30,1663.8511847268846,1676.4230145169672,1645.857120003811,1647.6805419921875,1528151,0.0,0.0
2021-10-12 00:00:00+05:30,1641.538584684843,1655.9818678492734,1631.4619081930623,1648.9281005859375,1671988,0.0,0.0
2021-10-13 00:00:00+05:30,1657.3734549523945,1692.7858006101608,1654.542435400761,1681.41357421875,2105025,0.0,0.0
2021-10-14 00:00:00+05:30,1703.4382221765586,1744.6086679902046,1696.192564850853,1717.1617431640625,4440909,0.0,0.0
2021-10-18 00:00:00+05:30,1734.2920994080255,1737.5070157754615,1710.1560354111418,1716.345947265625,1918546,0.0,0.0
2021-10-19 00:00:00+05:30,1736.8352522792682,1809.0034049155577,1729.3977051237798,1771.623779296875,6639827,0.0,0.0
2021-10-20 00:00:00+05:30,1780.2128666585677,1793.3125696731863,1723.8794928858445,1733.860107421875,3295376,0.0,0.0
2021-10-21 00:00:00+05:30,1741.8255587349008,1752.8619190244056,1718.8411856871737,1732.948486328125,2774633,0.0,0.0
2021-10-22 00:00:00+05:30,1742.7852815725694,1757.6603762115424,1709.5322239982531,1719.9927978515625,1520637,0.0,0.0
2021-10-25 00:00:00+05:30,1719.9927733643904,1739.714316383869,1689.3788459199293,1712.2193603515625,2488386,0.0,0.0
2021-10-26 00:00:00+05:30,1713.0348606308717,1738.850367394519,1709.723999776588,1723.831298828125,1930107,0.0,0.0
2021-10-27 00:00:00+05:30,1728.3900185196915,1740.8659042724712,1703.5341919363034,1712.603271484375,1408879,0.0,0.0
2021-10-28 00:00:00+05:30,1726.9984129239365,1786.9305979894414,1718.793072502196,1741.105712890625,6379424,0.0,0.0
2021-10-29 00:00:00+05:30,1748.543260663731,1751.3263661220017,1665.8185934347932,1695.4248046875,3984689,0.0,0.0
2021-11-01 00:00:00+05:30,1704.3979208712938,1732.228742777413,1680.5977228644454,1722.9677734375,2316925,0.0,0.0
2021-11-02 00:00:00+05:30,1727.4303918869448,1750.8946078505276,1723.0158709818968,1742.449462890625,1687119,0.0,0.0
2021-11-03 00:00:00+05:30,1744.704531958066,1837.7938276675998,1744.704531958066,1813.3218994140625,11580233,0.0,0.0
2021-11-04 00:00:00+05:30,1823.3986723977912,1843.4080501888043,1823.3986723977912,1831.98779296875,764191,0.0,0.0
2021-11-08 00:00:00+05:30,1866.1526549734824,1875.125672548499,1835.1067990613426,1846.958984375,3674523,0.0,0.0
2021-11-09 00:00:00+05:30,1855.5480647151035,1884.9143566617367,1852.4771243457444,1865.2408447265625,3550645,0.0,0.0
2021-11-10 00:00:00+05:30,1854.7801866386171,1875.221491310295,1854.1084550724106,1871.5267333984375,3208195,0.0,0.0
2021-11-11 00:00:00+05:30,1869.319345392066,1901.8526370935524,1848.0144201090693,1853.8204345703125,7061537,0.0,0.0
2021-11-12 00:00:00+05:30,1861.7858807130833,1885.7779668047467,1850.3656243036799,1880.9315185546875,2026320,0.0,0.0
2021-11-15 00:00:00+05:30,1882.179093344336,1894.8948985638706,1864.6648710608258,1868.5516357421875,1127678,0.0,0.0
2021-11-16 00:00:00+05:30,1871.3827470133574,1900.1252197810186,1865.6246462533163,1876.4691162109375,2279531,0.0,0.0
2021-11-17 00:00:00+05:30,1870.4229827223223,1899.117540366253,1865.1927549508553,1874.165771484375,2166686,0.0,0.0
2021-11-18 00:00:00+05:30,1874.1659859860406,1875.2216144374752,1816.6809192068274,1820.5196533203125,1883794,0.0,0.0
2021-11-22 00:00:00+05:30,1821.7191511723463,1823.3985972487596,1763.7542460195082,1789.329833984375,2407464,0.0,0.0
2021-11-23 00:00:00+05:30,1775.4144783345657,1819.1760225869853,1770.1362190746522,1810.2989501953125,2028470,0.0,0.0
2021-11-24 00:00:00+05:30,1817.6405527736997,1825.7019176202093,1771.5277136434165,1787.4105224609375,1361828,0.0,0.0
2021-11-25 00:00:00+05:30,1780.2128437314595,1791.585069465147,1764.0901145135922,1775.3184814453125,1930012,0.0,0.0
2021-11-26 00:00:00+05:30,1746.6239113369245,1767.4970267608685,1697.2961576639007,1706.461181640625,2796595,0.0,0.0
2021-11-29 00:00:00+05:30,1706.3172076418607,1717.8814403012275,1665.1947944307701,1696.0006103515625,2111420,0.0,0.0
2021-11-30 00:00:00+05:30,1696.0006491567449,1726.3746550710619,1680.6937443376653,1693.6014404296875,3385628,0.0,0.0
2021-12-01 00:00:00+05:30,1692.8817137304907,1721.6722190660432,1691.0103777432262,1713.9947509765625,1359786,0.0,0.0
2021-12-02 00:00:00+05:30,1713.9467024486062,1721.6722014943448,1691.922012951243,1717.065673828125,2813690,0.0,0.0
2021-12-03 00:00:00+05:30,1727.3821254363083,1770.424020554025,1724.1192955265105,1728.6297607421875,3612772,0.0,0.0
2021-12-06 00:00:00+05:30,1726.4704634905584,1747.5834986194034,1706.3171117766608,1710.7796630859375,1566109,0.0,0.0
2021-12-07 00:00:00+05:30,1718.0252887353813,1737.027068163789,1700.6550414835156,1725.6068115234375,2097201,0.0,0.0
2021-12-08 00:00:00+05:30,1729.3495864103684,1766.7772411661977,1729.3495864103684,1751.4703369140625,3433206,0.0,0.0
2021-12-09 00:00:00+05:30,1761.0191945463573,1808.1876612523988,1754.253379119209,1804.0130615234375,3791595,0.0,0.0
2021-12-10 00:00:00+05:30,1804.012969097288,1814.6174007713355,1786.0189046798193,1797.8709716796875,1771926,0.0,0.0
2021-12-13 00:00:00+05:30,1817.3525669927433,1819.7998067367598,1780.2608940511213,1786.4508056640625,1857829,0.0,0.0
2021-12-14 00:00:00+05:30,1775.414461337988,1798.446865160751,1771.767617206505,1790.4814453125,1685243,0.0,0.0
2021-12-15 00:00:00+05:30,1790.7695367338301,1822.1991735655733,1788.5143037802582,1804.972900390625,2176709,0.0,0.0
2021-12-16 00:00:00+05:30,1815.7212002431895,1831.076136397466,1791.0573809049295,1798.3509521484375,2469902,0.0,0.0
2021-12-17 00:00:00+05:30,1791.2492307574366,1799.1185885012726,1757.8521985079321,1772.63134765625,2352938,0.0,0.0
2021-12-20 00:00:00+05:30,1747.5836901957393,1755.8849760748226,1700.0793559482438,1726.8065185546875,2488158,0.0,0.0
2021-12-21 00:00:00+05:30,1744.6085382671702,1777.525609767241,1739.4262242932973,1753.8695068359375,2077840,0.0,0.0
2021-12-22 00:00:00+05:30,1753.8696688891478,1803.7732120729397,1753.8696688891478,1795.56787109375,1692505,0.0,0.0
2021-12-23 00:00:00+05:30,1807.0840139711684,1811.7384554738228,1787.0266055748543,1802.7174072265625,1677127,0.0,0.0
2021-12-24 00:00:00+05:30,1812.60223454188,1812.60223454188,1775.4144984261964,1784.435546875,1203991,0.0,0.0
2021-12-27 00:00:00+05:30,1784.435526189797,1800.030383089792,1771.3838539986514,1790.9613037109375,1139744,0.0,0.0
2021-12-28 00:00:00+05:30,1796.6234716961544,1832.0358165671682,1796.6234716961544,1822.9188232421875,1916098,0.0,0.0
2021-12-29 00:00:00+05:30,1818.6001527062683,1831.9876900843246,1813.8497664492443,1818.4561767578125,1287946,0.0,0.0
2021-12-30 00:00:00+05:30,1816.0090533662924,1825.0299841471062,1805.0686385217464,1809.675048828125,1805349,0.0,0.0
2021-12-31 00:00:00+05:30,1811.258648391288,1830.2123977056526,1811.2107345051281,1819.4639892578125,1145546,0.0,0.0
2022-01-03 00:00:00+05:30,1818.600230561389,1859.338748233416,1817.304681267543,1845.327392578125,1906676,0.0,0.0
2022-01-04 00:00:00+05:30,1845.3272755531807,1864.6649202610063,1837.3619733061253,1859.4346923828125,1643920,0.0,0.0
2022-01-05 00:00:00+05:30,1862.457661734197,1872.3424483260624,1849.9338627510097,1870.0391845703125,1711667,0.0,0.0
2022-01-06 00:00:00+05:30,1866.1045585983168,1874.2618683170547,1842.2084161101238,1846.910888671875,1372015,0.0,0.0
2022-01-07 00:00:00+05:30,1851.2774535604094,1856.9394923415327,1820.6635272905046,1828.10107421875,1447123,0.0,0.0
2022-01-10 00:00:00+05:30,1832.9954533792463,1880.9315965177607,1830.3563237997737,1874.3577880859375,2397846,0.0,0.0
2022-01-11 00:00:00+05:30,1870.4230744165488,1890.576427193741,1859.5306905119812,1882.083251953125,2232435,0.0,0.0
2022-01-12 00:00:00+05:30,1898.7337414360024,1904.012000509997,1881.2675491779653,1894.6070556640625,1585970,0.0,0.0
2022-01-13 00:00:00+05:30,1895.9027330716533,1947.1977678744495,1895.9027330716533,1937.025146484375,2373324,0.0,0.0
2022-01-14 00:00:00+05:30,1932.802598141009,1967.303173626631,1926.0848135397246,1962.3128662109375,3124945,0.0,0.0
2022-01-17 00:00:00+05:30,1962.3127683376233,1988.4161117696958,1959.6736388044635,1985.9688720703125,1858651,0.0,0.0
2022-01-18 00:00:00+05:30,1991.9667845484041,1994.7500070276271,1929.49153487568,1940.6717529296875,1460676,0.0,0.0
2022-01-19 00:00:00+05:30,1938.4647549617687,1945.2784844870314,1906.8911438952794,1939.4244384765625,2336679,0.0,0.0
2022-01-20 00:00:00+05:30,1938.5606073161032,1952.9558593506285,1904.1079473503664,1922.725830078125,2031107,0.0,0.0
2022-01-21 00:00:00+05:30,1902.2365571690552,1914.376576134887,1864.7129580328221,1877.1888427734375,2209132,0.0,0.0
2022-01-24 00:00:00+05:30,1876.1811470342968,1880.0198808389705,1805.6924444055185,1823.3026123046875,2307120,0.0,0.0
2022-01-25 00:00:00+05:30,1818.6001335399606,1853.4366895538576,1775.5103233049413,1847.6785888671875,2998042,0.0,0.0
2022-01-27 00:00:00+05:30,1837.362056397492,1844.511651475247,1791.7290599918242,1833.8111572265625,2932713,0.0,0.0
2022-01-28 00:00:00+05:30,1838.849544114983,1869.4634714144279,1815.0494634335232,1821.0474853515625,2233620,0.0,0.0
2022-01-31 00:00:00+05:30,1813.993674933433,1846.4310235581897,1775.8462564373635,1832.2276611328125,3161064,0.0,0.0
2022-02-01 00:00:00+05:30,1850.8934808872402,1919.2709256511137,1839.7131454364285,1910.2498779296875,5392787,0.0,0.0
2022-02-02 00:00:00+05:30,1914.6645029747133,1927.044443396425,1891.1522575249064,1902.764404296875,3579380,0.0,0.0
2022-02-03 00:00:00+05:30,1901.6127233923307,1904.9716154094253,1852.1890265693658,1855.69189453125,2262217,0.0,0.0
2022-02-04 00:00:00+05:30,1869.4633142339774,1878.8682586702614,1845.7591804664255,1869.415283203125,1440816,0.0,0.0
2022-02-07 00:00:00+05:30,1854.5883676676197,1868.983620198028,1798.9747555846877,1808.5235595703125,2641464,0.0,0.0
2022-02-08 00:00:00+05:30,1813.8017652554538,1820.4715185379862,1773.4950593608883,1799.9822998046875,2040523,0.0,0.0
2022-02-09 00:00:00+05:30,1808.5234607915054,1823.302609345283,1799.9822546601977,1812.650146484375,1390810,0.0,0.0
2022-02-10 00:00:00+05:30,1815.721125137674,1833.9551110666466,1805.164606968269,1824.3582763671875,1288856,0.0,0.0
2022-02-11 00:00:00+05:30,1812.8421212868445,1812.8421212868445,1775.4144649977036,1795.8077392578125,1744894,0.0,0.0
2022-02-14 00:00:00+05:30,1768.9364499849635,1772.4872317514598,1722.6317253346044,1726.470458984375,2290199,0.0,0.0
2022-02-15 00:00:00+05:30,1737.0271635637387,1806.1243766999758,1733.3324054577547,1800.414306640625,2602134,0.0,0.0
2022-02-16 00:00:00+05:30,1800.4144645171625,1811.2109050164286,1767.8811670495986,1785.6832275390625,1898439,0.0,0.0
2022-02-17 00:00:00+05:30,1793.648425536585,1808.9074163104085,1779.3491182435191,1793.3604736328125,1459905,0.0,0.0
2022-02-18 00:00:00+05:30,1794.6079803038372,1819.559749013944,1789.9535391857612,1807.1798095703125,1912482,0.0,0.0
2022-02-21 00:00:00+05:30,1799.3585203881364,1807.9477579495776,1774.3108046221096,1788.802001953125,1262585,0.0,0.0
2022-02-22 00:00:00+05:30,1739.9062563907478,1780.2129650330046,1727.9102121519809,1770.0882568359375,2288298,0.0,0.0
2022-02-23 00:00:00+05:30,1774.454733931254,1777.3337843378488,1742.9291554088134,1746.911865234375,1583872,0.0,0.0
2022-02-24 00:00:00+05:30,1711.3557055220988,1727.4304051253487,1680.405910763603,1686.4998779296875,3616355,0.0,0.0
2022-02-25 00:00:00+05:30,1710.1560261949878,1726.1826940590418,1693.8414064164724,1705.4056396484375,2476882,0.0,0.0
2022-02-28 00:00:00+05:30,1693.7454386589877,1748.7832641517573,1682.1332916970823,1743.5050048828125,2553662,0.0,0.0
2022-03-02 00:00:00+05:30,1727.4302697709443,1753.293692783803,1697.2002400499528,1712.55517578125,3152628,0.0,0.0
2022-03-03 00:00:00+05:30,1737.0271334229942,1740.4340567044471,1675.1755787636937,1681.6534423828125,2259979,0.0,0.0
2022-03-04 00:00:00+05:30,1669.8493409522418,1683.3329413982137,1634.3410503687746,1642.73828125,3906819,0.0,0.0
2022-03-07 00:00:00+05:30,1591.3952022097458,1599.6005431919482,1540.8199274009958,1568.5546875,6318251,0.0,0.0
2022-03-08 00:00:00+05:30,1562.268719478889,1598.8326356765338,1530.6951103865974,1591.635009765625,4421730,0.0,0.0
2022-03-09 00:00:00+05:30,1608.9093539741018,1631.2700259142293,1583.5257727915262,1622.7767333984375,3306502,0.0,0.0
2022-03-10 00:00:00+05:30,1669.8492139878088,1687.1235162014757,1638.1796599294194,1658.52490234375,2776325,0.0,0.0
2022-03-11 00:00:00+05:30,1650.6556234575262,1665.4826867040376,1637.0281645885275,1658.9569091796875,1577597,0.0,0.0
2022-03-14 00:00:00+05:30,1665.0507460982226,1683.2847312139957,1646.3369192688767,1676.3270263671875,1558334,0.0,0.0
2022-03-15 00:00:00+05:30,1677.526640658794,1693.8412590176035,1656.9893917655797,1673.1600341796875,2062332,0.0,0.0
2022-03-16 00:00:00+05:30,1690.0026458299594,1699.2636150475,1675.7992831508316,1685.3961181640625,2101909,0.0,0.0
2022-03-17 00:00:00+05:30,1709.3401301428048,1731.8446592608175,1697.1520805394227,1715.8179931640625,3383036,0.0,0.0
2022-03-21 00:00:00+05:30,1732.228601901219,1732.228601901219,1674.6475957438379,1685.4920654296875,2301462,0.0,0.0
2022-03-22 00:00:00+05:30,1685.4922286899146,1705.3576308788718,1651.7593292188396,1702.526611328125,3986030,0.0,0.0
2022-03-23 00:00:00+05:30,1708.2365745795905,1719.320965504525,1688.2271976835286,1696.0006103515625,1574226,0.0,0.0
2022-03-24 00:00:00+05:30,1684.2445108498596,1707.9486459948682,1680.4057769219967,1700.1273193359375,1580887,0.0,0.0
2022-03-25 00:00:00+05:30,1704.0140778908872,1706.221396902405,1668.889683598012,1680.5018310546875,1483897,0.0,0.0
2022-03-28 00:00:00+05:30,1681.3654974873464,1684.2445479967425,1655.5499878233213,1671.384765625,1799629,0.0,0.0
2022-03-29 00:00:00+05:30,1678.1986042622937,1683.3809189461758,1663.1316191423077,1676.2313232421875,2071779,0.0,0.0
2022-03-30 00:00:00+05:30,1695.6646503971103,1705.4054604948979,1683.3806558182964,1702.094482421875,1712835,0.0,0.0
2022-03-31 00:00:00+05:30,1708.1886808814297,1709.532261275634,1687.1236739058058,1696.3846435546875,1401916,0.0,0.0
2022-04-01 00:00:00+05:30,1688.0831894086527,1721.672110175738,1688.0831894086527,1717.9293212890625,2050573,0.0,0.0
2022-04-04 00:00:00+05:30,1712.0754429096787,1756.0769099829365,1704.973761252589,1752.718017578125,1955281,0.0,0.0
2022-04-05 00:00:00+05:30,1765.8176805916553,1770.6160982019587,1753.3417948048664,1762.0269775390625,1718581,0.0,0.0
2022-04-06 00:00:00+05:30,1759.099903888079,1783.0919920480364,1754.013534338621,1778.1016845703125,2245496,0.0,0.0
2022-04-07 00:00:00+05:30,1775.3185513873698,1781.028621421357,1737.1711318045197,1752.6700439453125,2003954,0.0,0.0
2022-04-08 00:00:00+05:30,1761.4032258026493,1764.7621182556868,1744.7527395009377,1756.940673828125,1903321,0.0,0.0
2022-04-11 00:00:00+05:30,1746.863882916515,1755.9808761249792,1707.276938721868,1709.6761474609375,2262446,0.0,0.0
2022-04-12 00:00:00+05:30,1708.2365927651285,1709.6761179837508,1663.707255905973,1677.23876953125,4215141,0.0,0.0
2022-04-13 00:00:00+05:30,1683.4766644437593,1701.374784251257,1676.6629353651208,1689.8106689453125,1673417,0.0,0.0
2022-04-18 00:00:00+05:30,1675.895300993809,1679.39805196211,1645.8571613355455,1668.2657470703125,1808707,0.0,0.0
2022-04-19 00:00:00+05:30,1677.8146816354754,1689.7626941495848,1618.9860372172934,1636.9801025390625,2737766,0.0,0.0
2022-04-20 00:00:00+05:30,1641.010680704353,1643.361975463701,1603.9669226879034,1623.4005126953125,3832617,0.0,0.0
2022-04-21 00:00:00+05:30,1634.2929283303852,1656.2217894725286,1631.4619089361877,1645.3773193359375,1797489,0.0,0.0
2022-04-22 00:00:00+05:30,1632.421591391714,1647.200740340259,1622.2489699838895,1626.0396728515625,1474689,0.0,0.0
2022-04-25 00:00:00+05:30,1607.4698087082643,1607.4698087082643,1585.3970889468972,1590.5313720703125,1964344,0.0,0.0
2022-04-26 00:00:00+05:30,1612.2683012123375,1634.436966924234,1596.9133650103154,1631.4139404296875,2440990,0.0,0.0
2022-04-27 00:00:00+05:30,1607.469735909452,1623.400457325112,1599.5043166271944,1609.4371337890625,1346726,0.0,0.0
2022-04-28 00:00:00+05:30,1621.8650497696124,1661.2120716871002,1612.2682151555912,1649.935791015625,3117433,0.0,0.0
2022-04-29 00:00:00+05:30,1661.2120956490635,1668.8895634510234,1619.1299986893434,1626.0396728515625,2404830,0.0,0.0
2022-05-02 00:00:00+05:30,1601.3278142280826,1617.978298998816,1588.3241735020188,1611.7403564453125,1399802,0.0,0.0
2022-05-04 00:00:00+05:30,1611.7883345020268,1614.0915981835428,1559.5336181501166,1568.07470703125,1777673,0.0,0.0
2022-05-05 00:00:00+05:30,1584.1495320085035,1603.8230440741695,1567.1631806454993,1571.625732421875,1707752,0.0,0.0
2022-05-06 00:00:00+05:30,1550.8485404153603,1567.163159961809,1547.1057513249314,1557.0384521484375,1439520,0.0,0.0
2022-05-09 00:00:00+05:30,1542.7391773977713,1564.1400480502637,1527.0962902982521,1550.992431640625,1400010,0.0,0.0
2022-05-10 00:00:00+05:30,1546.0500061264806,1563.900094499287,1536.4531718240196,1543.1229248046875,1176030,0.0,0.0
2022-05-11 00:00:00+05:30,1535.9732527074539,1544.1305614534792,1494.5628913493324,1507.470703125,2988788,0.0,0.0
2022-05-12 00:00:00+05:30,1487.509399329927,1492.2597857134033,1452.0970553612678,1464.6209716796875,3407191,0.0,0.0
2022-05-13 00:00:00+05:30,1468.3157017503665,1511.4055127674533,1441.4445647248697,1472.63427734375,4328846,0.0,0.0
2022-05-16 00:00:00+05:30,1487.5092854214947,1504.3037450956083,1477.3845785869876,1480.695556640625,1775914,0.0,0.0
2022-05-17 00:00:00+05:30,1482.7109533089608,1543.0750666825088,1482.7109533089608,1539.42822265625,1608711,0.0,0.0
2022-05-18 00:00:00+05:30,1557.5663113883645,1557.5663113883645,1501.9046687139805,1509.102294921875,2984009,0.0,0.0
2022-05-19 00:00:00+05:30,1487.5093901759872,1499.7453545145315,1478.2484211880223,1485.5419921875,1798843,0.0,0.0
2022-05-20 00:00:00+05:30,1506.1273292345993,1548.4013177070372,1498.1139953281483,1545.1864013671875,2175224,0.0,0.0
2022-05-23 00:00:00+05:30,1563.324419029144,1593.0746074821234,1540.867801734864,1577.8636474609375,4177811,0.0,0.0
2022-05-24 00:00:00+05:30,1578.4874205877443,1587.02850976395,1545.1863338414914,1560.7332763671875,1970395,0.0,0.0
2022-05-25 00:00:00+05:30,1567.1631607416602,1573.5929933536202,1507.7587284631986,1511.2615966796875,1417130,0.0,0.0
2022-05-26 00:00:00+05:30,1511.5016692161862,1524.841294679044,1474.6978266050467,1501.4730224609375,3578710,0.0,0.0
2022-05-27 00:00:00+05:30,1511.6933454776167,1541.2516430253177,1510.5417721804795,1535.781494140625,1279218,0.0,0.0
2022-05-30 00:00:00+05:30,1554.6872126889918,1596.6253332334657,1548.5452150856336,1593.8902587890625,2119326,0.0,0.0
2022-05-31 00:00:00+05:30,1593.5543653361924,1606.8939886925966,1578.6792718928255,1587.7962646484375,3534742,0.0,0.0
2022-06-01 00:00:00+05:30,1586.884639697276,1594.0342346487694,1572.3933256631988,1581.558349609375,1425466,0.0,0.0
2022-06-02 00:00:00+05:30,1566.203358855397,1582.949787861067,1558.2379395212836,1571.145751953125,1852251,0.0,0.0
2022-06-03 00:00:00+05:30,1591.1072294227183,1606.2222447135566,1578.6313437858357,1585.4451904296875,2928263,0.0,0.0
2022-06-06 00:00:00+05:30,1585.5411644270173,1595.2819756672934,1568.2188298847534,1574.0728759765625,1538005,0.0,0.0
2022-06-07 00:00:00+05:30,1564.2841093778297,1572.3454742301633,1522.1539801801507,1525.368896484375,2157491,0.0,0.0
2022-06-08 00:00:00+05:30,1530.6951494048749,1542.9791447988289,1506.79900734176,1520.66650390625,2122442,0.0,0.0
2022-06-09 00:00:00+05:30,1493.4593067715998,1535.4934878613467,1493.4593067715998,1530.791015625,1361104,0.0,0.0
2022-06-10 00:00:00+05:30,1506.7030171952722,1530.215261731122,1505.7913647768949,1521.1942138671875,1337799,0.0,0.0
2022-06-13 00:00:00+05:30,1497.2501626547016,1502.8162563928865,1457.0874335756996,1470.2830810546875,2460367,0.0,0.0
2022-06-14 00:00:00+05:30,1470.283133560247,1491.6360911524214,1463.7092079532288,1482.3751220703125,1983405,0.0,0.0
2022-06-15 00:00:00+05:30,1485.5421608399977,1503.8241800220883,1477.001070639381,1497.4422607421875,1461683,0.0,0.0
2022-06-16 00:00:00+05:30,1505.1675789410342,1511.5014664181572,1455.5999042474539,1465.820556640625,2329325,0.0,0.0
2022-06-17 00:00:00+05:30,1460.6382738514149,1468.2677107481893,1421.6751475319318,1429.88037109375,4548572,0.0,0.0
2022-06-20 00:00:00+05:30,1429.928473832515,1437.4619661876975,1397.6350992990738,1412.4622802734375,1837431,0.0,0.0
2022-06-21 00:00:00+05:30,1420.3314896808565,1454.1122998731826,1417.35649444981,1439.8131103515625,1458922,0.0,0.0
2022-06-22 00:00:00+05:30,1429.928397248785,1430.8400497029215,1408.8153605108832,1419.1319580078125,1906619,0.0,0.0
2022-06-23 00:00:00+05:30,1421.7709374310225,1450.8013598794116,1421.7709374310225,1434.054931640625,1828491,0.0,0.0
2022-06-24 00:00:00+05:30,1441.2047254567296,1451.0414815319295,1428.9687605827005,1434.5828857421875,1731440,0.0,0.0
2022-06-27 00:00:00+05:30,1462.557645910899,1482.4230473914818,1448.8821561115353,1473.8819580078125,2389778,0.0,0.0
2022-06-28 00:00:00+05:30,1468.3157790218136,1494.7070757035783,1462.6536228494072,1488.948974609375,2072405,0.0,0.0
2022-06-29 00:00:00+05:30,1469.515265866676,1491.3480641024094,1463.9011411786873,1485.4940185546875,1480197,0.0,0.0
2022-06-30 00:00:00+05:30,1486.5975954534345,1503.7279204581248,1479.9277256336197,1495.4266357421875,3308971,0.0,0.0
2022-07-01 00:00:00+05:30,1498.0178325062764,1512.461115269888,1472.7301970608187,1508.766357421875,1294305,0.0,0.0
2022-07-04 00:00:00+05:30,1508.718336672799,1523.4494542821305,1487.7012455716026,1517.9312744140625,1269969,0.0,0.0
2022-07-05 00:00:00+05:30,1520.1386470359864,1532.8544532690842,1498.641713446109,1501.8087158203125,1445200,0.0,0.0
2022-07-06 00:00:00+05:30,1502.4324245278174,1526.3764789891043,1489.2367775073205,1493.411376953125,2422594,0.0,0.0
2022-07-07 00:00:00+05:30,1502.7683506421629,1549.073077500837,1502.52842977761,1546.14599609375,1697912,0.0,0.0
2022-07-08 00:00:00+05:30,1555.646926087941,1633.3812882181835,1552.7678756386726,1619.4178466796875,6516138,0.0,0.0
2022-07-11 00:00:00+05:30,1617.0186186234635,1620.7614075925003,1586.740675383602,1595.95361328125,1316037,0.0,0.0
2022-07-12 00:00:00+05:30,1588.2760202605348,1605.454376477413,1582.5659509143052,1587.076416015625,781516,0.0,0.0
2022-07-13 00:00:00+05:30,1596.9133214448323,1615.3872285589027,1578.1035485402788,1580.838623046875,1914814,0.0,0.0
2022-07-14 00:00:00+05:30,1585.2532303670937,1600.1283252206526,1568.698689320391,1579.7830810546875,1170472,0.0,0.0
2022-07-15 00:00:00+05:30,1587.2204520528167,1619.80165771867,1582.7098696318574,1616.922607421875,1345141,0.0,0.0
2022-07-18 00:00:00+05:30,1627.6712177580507,1664.6669457282994,1621.8650858279382,1657.9971923828125,3200640,0.0,0.0
2022-07-19 00:00:00+05:30,1650.6075707850268,1665.002823126472,1644.8975008824657,1660.060546875,1351783,0.0,0.0
2022-07-20 00:00:00+05:30,1670.1851663634523,1676.4231091529232,1658.2850674583804,1669.80126953125,1509911,0.0,0.0
2022-07-21 00:00:00+05:30,1678.500373575031,1719.3717713247293,1667.0310435117972,1715.6783447265625,2827327,22.0,0.0
2022-07-22 00:00:00+05:30,1716.0186267799374,1729.6748972394278,1703.4316217236767,1718.20556640625,1495629,0.0,0.0
2022-07-25 00:00:00+05:30,1715.5326459080813,1735.4580959030477,1710.7214261738022,1732.4935302734375,1916615,0.0,0.0
2022-07-26 00:00:00+05:30,1730.8411765033904,1730.8411765033904,1693.0800435817046,1702.16796875,1585897,0.0,0.0
2022-07-27 00:00:00+05:30,1704.8409740431496,1768.5052179427084,1700.9530812859246,1746.295654296875,5369460,0.0,0.0
2022-07-28 00:00:00+05:30,1754.4115008023941,1765.103205239417,1736.8673383347445,1750.7666015625,1831059,0.0,0.0
2022-07-29 00:00:00+05:30,1764.0826184383156,1781.1407946543866,1743.7198284365454,1757.3760986328125,1747781,0.0,0.0
2022-08-01 00:00:00+05:30,1757.32742706825,1766.9013387126752,1740.1235500482805,1763.839599609375,1341943,0.0,0.0
2022-08-02 00:00:00+05:30,1758.2994331139398,1760.8751856982317,1725.9326796716186,1742.7965087890625,1749346,0.0,0.0
2022-08-03 00:00:00+05:30,1742.7963636548702,1753.4394213302621,1723.3082561078463,1739.637451171875,1264299,0.0,0.0
2022-08-04 00:00:00+05:30,1743.5254536994958,1763.936889495592,1725.2523113366983,1730.2093505859375,1856927,0.0,0.0
2022-08-05 00:00:00+05:30,1732.9795142939727,1756.3555164691975,1725.5440144700126,1737.3533935546875,1430542,0.0,0.0
2022-08-08 00:00:00+05:30,1746.052499906036,1780.7033646376751,1740.0748416134963,1778.37060546875,2625195,0.0,0.0
2022-08-10 00:00:00+05:30,1778.710977918641,1814.6739867618048,1771.1781855258162,1803.1561279296875,3422074,0.0,0.0
2022-08-11 00:00:00+05:30,1817.638325771041,1826.14309031489,1803.2044304545186,1814.819580078125,1918049,0.0,0.0
2022-08-12 00:00:00+05:30,1812.729979033616,1816.617871750042,1786.4867031977406,1794.6998291015625,1041383,0.0,0.0
2022-08-16 00:00:00+05:30,1807.870054968943,1811.757947560274,1790.3745383079531,1797.0811767578125,1426893,0.0,0.0
2022-08-17 00:00:00+05:30,1809.2793974470403,1815.0140628405834,1798.198998304173,1803.6905517578125,1748371,0.0,0.0
2022-08-18 00:00:00+05:30,1804.95426256724,1845.3397971618556,1798.150450053524,1841.451904296875,2519639,0.0,0.0
2022-08-19 00:00:00+05:30,1841.0143507686928,1887.571889169579,1839.702210723852,1881.7886962890625,4134598,0.0,0.0
2022-08-22 00:00:00+05:30,1882.8092454483167,1889.5158841992084,1822.449733988434,1827.94140625,3175874,0.0,0.0
2022-08-23 00:00:00+05:30,1817.589802529708,1858.3640289824457,1813.4102704974193,1824.4422607421875,1811509,0.0,0.0
2022-08-24 00:00:00+05:30,1823.4216894129156,1844.8050994166917,1799.7055200425498,1840.285400390625,1534933,0.0,0.0
2022-08-25 00:00:00+05:30,1846.748892354449,1864.2444081767544,1820.505618620991,1825.268310546875,1121363,0.0,0.0
2022-08-26 00:00:00+05:30,1837.223617459612,1858.412679782872,1834.3076979829652,1851.9976806640625,1119310,0.0,0.0
2022-08-29 00:00:00+05:30,1817.589764986588,1837.0292277137173,1808.84200675938,1828.7674560546875,1183546,0.0,0.0
2022-08-30 00:00:00+05:30,1840.8199994363927,1873.9642606063069,1836.203126906372,1868.618408203125,1394462,0.0,0.0
2022-09-01 00:00:00+05:30,1851.6087986346147,1876.394113262007,1839.0703216227093,1859.3359375,2014905,0.0,0.0
2022-09-02 00:00:00+05:30,1847.2349657246943,1903.901047649856,1846.991972437964,1886.1138916015625,3201140,0.0,0.0
2022-09-05 00:00:00+05:30,1893.354952570454,1917.459932908615,1887.6689336656111,1913.1832275390625,2474746,0.0,0.0
2022-09-06 00:00:00+05:30,1918.4807926365681,1929.464018853395,1896.6113951462037,1907.3031005859375,1172733,0.0,0.0
2022-09-07 00:00:00+05:30,1886.6971586908385,1906.379616031531,1879.7961726863855,1903.220703125,1238549,0.0,0.0
2022-09-08 00:00:00+05:30,1912.7460171941304,1921.5909492753467,1892.9663869948834,1919.0638427734375,1632797,0.0,0.0
2022-09-09 00:00:00+05:30,1921.93117277149,1931.6995508376567,1889.5158904587126,1895.104736328125,980869,0.0,0.0
2022-09-12 00:00:00+05:30,1895.1045655192281,1911.8711016162697,1893.3064390009517,1906.9140625,791708,0.0,0.0
2022-09-13 00:00:00+05:30,1913.7179466691077,1939.0864219939524,1908.080454975113,1935.5386962890625,1761021,0.0,0.0
2022-09-14 00:00:00+05:30,1909.5870167192818,1917.654322437595,1894.7644266176915,1899.1383056640625,2322752,0.0,0.0
2022-09-15 00:00:00+05:30,1904.1925844902735,1929.0750735318522,1900.013171112644,1902.637451171875,1566565,0.0,0.0
2022-09-16 00:00:00+05:30,1892.43175201416,1902.054310076249,1861.3286107381184,1866.1884765625,3881617,0.0,0.0
2022-09-19 00:00:00+05:30,1867.2575923283462,1877.8034772624394,1851.60884836333,1857.1490478515625,1755456,0.0,0.0
2022-09-20 00:00:00+05:30,1876.8801637979375,1900.9851455207381,1871.0483248632986,1878.532470703125,1666658,0.0,0.0
2022-09-21 00:00:00+05:30,1867.2575425398484,1891.7513364246145,1838.5843354163487,1842.5208740234375,1618385,0.0,0.0
2022-09-22 00:00:00+05:30,1829.253476986946,1852.1920197060658,1820.5057185954038,1835.2796630859375,1875115,0.0,0.0
2022-09-23 00:00:00+05:30,1837.0291595434057,1842.3263654803486,1800.6288143972622,1804.8082275390625,1948766,0.0,0.0
2022-09-26 00:00:00+05:30,1797.1782836483073,1824.199183614921,1767.0471171836791,1799.5595703125,1529101,0.0,0.0
2022-09-27 00:00:00+05:30,1803.9821739681008,1811.7579592007219,1781.1408048472763,1789.596923828125,1443698,0.0,0.0
2022-09-28 00:00:00+05:30,1778.4193327600913,1803.982275612287,1774.4342663336504,1784.0081787109375,1853503,0.0,0.0
2022-09-29 00:00:00+05:30,1792.950227487386,1805.342884684095,1747.0244978760531,1764.6171875,2377718,0.0,0.0
2022-09-30 00:00:00+05:30,1772.8304319264964,1830.1768494729101,1765.1519387336052,1795.914794921875,2339518,0.0,0.0
2022-10-03 00:00:00+05:30,1800.0943896773058,1800.0943896773058,1763.1594075996936,1768.3109130859375,1850414,0.0,0.0
2022-10-04 00:00:00+05:30,1783.8624081000194,1828.2328884345288,1783.8624081000194,1819.096435546875,1637532,0.0,0.0
2022-10-06 00:00:00+05:30,1829.2534168138293,1865.2164223516145,1825.4626979057095,1859.3359375,2771898,0.0,0.0
2022-10-07 00:00:00+05:30,1851.6089603178095,1874.8876711781863,1849.7136600227827,1870.611083984375,1469264,0.0,0.0
2022-10-10 00:00:00+05:30,1851.6088411850967,1863.2725189248454,1830.711418568047,1856.1285400390625,1656954,0.0,0.0
2022-10-11 00:00:00+05:30,1869.8819070421523,1869.8819070421523,1818.8046729097648,1826.288818359375,1047963,0.0,0.0
2022-10-12 00:00:00+05:30,1827.3096744195552,1862.3007107382275,1805.9749094571064,1857.683837890625,1907748,0.0,0.0
2022-10-13 00:00:00+05:30,1847.7208909821652,1858.4125952435033,1815.8887714768175,1823.5673828125,1303645,0.0,0.0
2022-10-14 00:00:00+05:30,1846.7490605100554,1882.469075233079,1845.2424546063266,1858.02392578125,1819114,0.0,0.0
2022-10-17 00:00:00+05:30,1849.5678655134107,1860.3567445340282,1825.7545216047984,1830.419921875,2588147,0.0,0.0
2022-10-18 00:00:00+05:30,1840.0423460609502,1877.0744993365927,1840.0423460609502,1864.3416748046875,1401849,0.0,0.0
2022-10-19 00:00:00+05:30,1866.1883668768758,1892.4316407860817,1848.3526840795053,1851.5115966796875,1636141,0.0,0.0
2022-10-20 00:00:00+05:30,1845.4368624680828,1864.05017219681,1833.4330176816254,1850.78271484375,1374019,0.0,0.0
2022-10-21 00:00:00+05:30,1860.065120174276,1871.048465117453,1814.7711914498193,1824.1507568359375,2225676,0.0,0.0
2022-10-24 00:00:00+05:30,1852.5808087251687,1866.0912591293152,1846.7489698729382,1856.2257080078125,269400,0.0,0.0
2022-10-25 00:00:00+05:30,1861.3286387002413,1899.8673989963554,1838.5359151011116,1894.472900390625,2136147,0.0,0.0
2022-10-27 00:00:00+05:30,1897.3888772849962,1916.5853481599731,1895.2505836851344,1909.0040283203125,2245395,0.0,0.0
2022-10-28 00:00:00+05:30,1916.7311130490784,1930.3387375839095,1908.7609804240194,1919.6956787109375,2013794,0.0,0.0
2022-10-31 00:00:00+05:30,1930.3387443670474,1977.6252635215628,1922.7573060685154,1966.39892578125,3176507,0.0,0.0
2022-11-01 00:00:00+05:30,1975.0495045493044,1998.3768609022488,1934.275277050348,1967.7110595703125,4464211,0.0,0.0
2022-11-02 00:00:00+05:30,1979.4232641405536,1984.7691163147608,1943.9462451662691,1956.87353515625,1889651,0.0,0.0
2022-11-03 00:00:00+05:30,1949.778185711933,1965.8157430719764,1937.1425344585657,1952.4024658203125,1052241,0.0,0.0
2022-11-04 00:00:00+05:30,1953.6661293618208,1972.473787026609,1948.5632700687115,1958.6231689453125,2312753,0.0,0.0
2022-11-07 00:00:00+05:30,1964.7464616501936,1975.0493528515954,1937.1424016895814,1961.1015625,1395070,0.0,0.0
2022-11-09 00:00:00+05:30,1968.2942127119375,1979.8605979124388,1940.3013394162754,1947.34814453125,1301233,0.0,0.0
2022-11-10 00:00:00+05:30,1939.0864892210677,1945.7444817575017,1914.9815069580902,1922.2227783203125,1261210,0.0,0.0
2022-11-11 00:00:00+05:30,1947.4454306760347,1962.2194941328792,1936.1219194517967,1954.7352294921875,1203125,0.0,0.0
2022-11-14 00:00:00+05:30,1956.6307202435662,1965.2326594327737,1939.3295496247733,1943.7520751953125,1175155,0.0,0.0
2022-11-15 00:00:00+05:30,1946.8621968632658,1960.4698208053956,1922.6600419792367,1940.593017578125,1450841,0.0,0.0
2022-11-16 00:00:00+05:30,1930.3387303773463,1953.5202669292544,1929.415403318415,1947.4454345703125,1195832,0.0,0.0
2022-11-17 00:00:00+05:30,1945.8903043496618,2001.2927755524245,1945.0155047587518,1972.668212890625,3786182,0.0,0.0
2022-11-18 00:00:00+05:30,1981.8533168189133,1993.4683488766889,1950.6043553079674,1967.7110595703125,1248459,0.0,0.0
2022-11-21 00:00:00+05:30,1962.413762020872,1976.0213859279013,1950.7500843862754,1955.0753173828125,714687,0.0,0.0
2022-11-22 00:00:00+05:30,1964.892354384004,1976.1672191112277,1962.9969355660112,1972.9111328125,1337869,0.0,0.0
2022-11-23 00:00:00+05:30,1981.8047062024805,1986.7132183159722,1961.4419151475695,1968.2457275390625,1046988,0.0,0.0
2022-11-24 00:00:00+05:30,1973.5915786709932,2002.264788013911,1971.550458684871,1994.683349609375,1611889,0.0,0.0
2022-11-25 00:00:00+05:30,2003.236669051952,2037.0613822481182,2000.7580900512858,2004.9376220703125,2652761,0.0,0.0
2022-11-28 00:00:00+05:30,2006.4929108820752,2013.9284107224858,1994.4889472985235,2006.5899658203125,1105372,0.0,0.0
2022-11-29 00:00:00+05:30,2011.984420148319,2013.9283664479794,1981.4644395138405,1993.07958984375,1413764,0.0,0.0
2022-11-30 00:00:00+05:30,1995.4610206921482,2027.536136952665,1987.685234932023,2016.69873046875,2104550,0.0,0.0
2022-12-01 00:00:00+05:30,2026.8069249964728,2050.863259437745,2021.1694335061666,2045.2744140625,2614357,0.0,0.0
2022-12-02 00:00:00+05:30,2037.3529366728098,2040.0742715501692,2011.158071444178,2027.0499267578125,1957264,0.0,0.0
2022-12-05 00:00:00+05:30,2037.2069961246725,2038.033268188914,2010.8666671749677,2027.147216796875,1767537,0.0,0.0
2022-12-06 00:00:00+05:30,2022.6761411926982,2041.1436311891716,2009.0685169847704,2034.8258056640625,1530731,0.0,0.0
2022-12-07 00:00:00+05:30,2037.547579731252,2083.910656485405,2037.547579731252,2064.47119140625,3438327,0.0,0.0
2022-12-08 00:00:00+05:30,2060.582975434229,2114.0414960233247,2060.582975434229,2106.946044921875,3743754,0.0,0.0
2022-12-09 00:00:00+05:30,2107.237933992664,2132.849523174242,2077.592750880682,2093.678955078125,2573609,0.0,0.0
2022-12-12 00:00:00+05:30,2088.6730988976224,2108.2098549903726,2074.7254259611036,2103.058349609375,1536090,0.0,0.0
2022-12-13 00:00:00+05:30,2109.1816170831257,2114.7218162674526,2092.1720879131003,2112.000244140625,1233124,0.0,0.0
2022-12-14 00:00:00+05:30,2115.9369533153463,2148.0607141701425,2114.0902992043193,2133.91845703125,1516631,0.0,0.0
2022-12-15 00:00:00+05:30,2135.1334553088236,2147.088772984709,2112.681017037665,2116.520263671875,1323412,0.0,0.0
2022-12-16 00:00:00+05:30,2100.4338804328304,2149.615814477438,2100.4338804328304,2114.04150390625,2822390,0.0,0.0
2022-12-19 00:00:00+05:30,2110.1538986932665,2126.1428109911226,2094.650973014179,2122.78955078125,1592779,0.0,0.0
2022-12-20 00:00:00+05:30,2118.8043531406606,2118.8043531406606,2078.0787696463653,2102.62109375,1747181,0.0,0.0
2022-12-21 00:00:00+05:30,2092.7554608998385,2113.9929316121666,2082.7927362231853,2086.14599609375,1979681,0.0,0.0
2022-12-22 00:00:00+05:30,2083.910430432446,2088.138608547772,2038.1304002177787,2050.814697265625,1993744,0.0,0.0
2022-12-23 00:00:00+05:30,2035.797769689138,2045.177215699701,1992.642256599703,2004.9376220703125,2026125,0.0,0.0
2022-12-26 00:00:00+05:30,1995.2178397230057,2048.919355077869,1993.5168867479647,2032.4444580078125,1154610,0.0,0.0
2022-12-27 00:00:00+05:30,2042.6500748092108,2068.358715329125,2026.5638728671174,2064.568115234375,1059351,0.0,0.0
2022-12-28 00:00:00+05:30,2069.3308367171094,2076.1346487683163,2054.4109539427095,2061.65234375,1153883,0.0,0.0
2022-12-29 00:00:00+05:30,2050.5230706661346,2061.1177204300698,2035.457486769956,2051.738037109375,1517150,0.0,0.0
2022-12-30 00:00:00+05:30,2055.723367539317,2073.2188855609284,2022.7735701845427,2027.341796875,1189427,0.0,0.0
2023-01-02 00:00:00+05:30,2034.2422976425796,2038.8107608075697,2016.8927211112102,2030.8890380859375,807344,0.0,0.0
2023-01-03 00:00:00+05:30,2029.4798712393233,2038.0332821409531,2009.9917627555851,2030.4031982421875,1260225,0.0,0.0
2023-01-04 00:00:00+05:30,2032.3472002087722,2042.5529182319283,2000.3207325385895,2012.51904296875,1015547,0.0,0.0
2023-01-05 00:00:00+05:30,2021.7040473293719,2040.3658833835575,2010.5263566830797,2028.84814453125,1881403,0.0,0.0
2023-01-06 00:00:00+05:30,2031.6182858856014,2062.235440942713,2013.7827204772466,2028.0706787109375,1877917,0.0,0.0
2023-01-09 00:00:00+05:30,2048.919367082359,2067.6784960337727,2041.8725618587598,2062.2353515625,1844365,0.0,0.0
2023-01-10 00:00:00+05:30,2072.1495002058364,2072.1495002058364,2038.422078764089,2047.607177734375,1425414,0.0,0.0
2023-01-11 00:00:00+05:30,2047.0727202243197,2080.022514673019,2038.3249619850405,2065.783203125,1455621,0.0,0.0
2023-01-12 00:00:00+05:30,2058.73640768196,2103.981567618775,2058.73640768196,2099.218994140625,2726901,0.0,0.0
2023-01-13 00:00:00+05:30,2101.3086467304324,2104.17615734597,2057.8614946194307,2093.046875,2180210,0.0,0.0
2023-01-16 00:00:00+05:30,2086.826409980111,2100.434034451336,2072.5384517449515,2077.301025390625,1009649,0.0,0.0
2023-01-17 00:00:00+05:30,2079.9253468361458,2155.6422011701447,2076.523440650743,2151.073974609375,4645453,0.0,0.0
2023-01-18 00:00:00+05:30,2158.752513576653,2211.044720077446,2138.3410760327047,2202.977294921875,4090049,0.0,0.0
2023-01-19 00:00:00+05:30,2196.513689328349,2219.7923995677265,2178.19189993618,2209.392333984375,2176835,0.0,0.0
2023-01-20 00:00:00+05:30,2218.4799954721025,2233.25393940443,2175.7131782848714,2186.890869140625,1962410,0.0,0.0
2023-01-23 00:00:00+05:30,2191.799276508633,2209.586431178946,2164.584030503204,2170.90185546875,1466706,0.0,0.0
2023-01-24 00:00:00+05:30,2181.7882152987227,2189.1753066081287,2138.3410603057755,2145.630859375,1036962,0.0,0.0
2023-01-25 00:00:00+05:30,2139.312941766055,2143.200834436234,2094.602176058995,2113.75,2134447,0.0,0.0
2023-01-27 00:00:00+05:30,2113.750065858873,2133.4811692344283,2067.4842840211036,2099.31640625,1647900,0.0,0.0
2023-01-30 00:00:00+05:30,2069.719441045998,2112.3405567467235,2025.3976097045672,2053.681884765625,3441304,0.0,0.0
2023-01-31 00:00:00+05:30,2060.5343861786882,2072.9756896823574,2014.5600097438078,2064.859619140625,4516463,0.0,0.0
2023-02-01 00:00:00+05:30,2073.2186819717817,2153.8438054777257,2021.9957455870974,2085.4169921875,6868872,0.0,0.0
2023-02-02 00:00:00+05:30,2075.7459956125554,2106.217212096164,2048.7737401601116,2084.78515625,3488506,0.0,0.0
2023-02-03 00:00:00+05:30,2115.936794470382,2120.6996050434973,2071.3233240598856,2105.828369140625,2045634,0.0,0.0
2023-02-06 00:00:00+05:30,2103.5928729080574,2120.456701843692,2082.2581098973906,2095.67138671875,1332484,0.0,0.0
2023-02-07 00:00:00+05:30,2101.6489598006283,2111.1256980862368,2089.7909347387763,2104.613525390625,1089248,0.0,0.0
2023-02-08 00:00:00+05:30,2099.996953988328,2114.284913992522,2065.9778885982637,2071.12939453125,1452145,0.0,0.0
2023-02-09 00:00:00+05:30,2089.7423130489155,2091.637613268565,2075.8430492745906,2087.215087890625,1563181,0.0,0.0
2023-02-10 00:00:00+05:30,2080.216795213337,2109.1329951336807,2077.641161400185,2103.2041015625,1454665,0.0,0.0
2023-02-13 00:00:00+05:30,2112.097507988339,2148.449206349702,2099.6562050743896,2141.54833984375,2978938,0.0,0.0
2023-02-14 00:00:00+05:30,2152.9205214259823,2153.892494573353,2120.991108615604,2130.224853515625,1874906,0.0,0.0
2023-02-15 00:00:00+05:30,2124.733390990352,2126.53163630912,2096.789161808754,2114.09033203125,1946344,0.0,0.0
2023-02-16 00:00:00+05:30,2125.5110397725,2140.576624362243,2110.834149543235,2117.249267578125,2464602,0.0,0.0
2023-02-17 00:00:00+05:30,2108.9875045964395,2185.967734860672,2099.462119741686,2163.95263671875,3753179,0.0,0.0
2023-02-20 00:00:00+05:30,2171.096352982778,2188.8835088849414,2152.920502744292,2163.126220703125,1779752,0.0,0.0
2023-02-21 00:00:00+05:30,2176.2482127618055,2198.603598600806,2160.4050005554022,2166.9658203125,1882604,0.0,0.0
2023-02-22 00:00:00+05:30,2166.5281169685827,2178.1917945834875,2120.894025759893,2133.238037109375,2103097,0.0,0.0
2023-02-23 00:00:00+05:30,2142.229082309819,2146.3113225750967,2093.144432284118,2098.635986328125,2000556,0.0,0.0
2023-02-24 00:00:00+05:30,2099.4619124960573,2111.4172291796176,2059.3680218060285,2074.2392578125,1479060,0.0,0.0
2023-02-27 00:00:00+05:30,2074.2394664460476,2079.925367318757,2023.7455058850846,2054.459716796875,1398112,0.0,0.0
2023-02-28 00:00:00+05:30,2055.7232473187532,2078.370269559717,2026.564052321324,2050.037109375,2108587,0.0,0.0
2023-03-01 00:00:00+05:30,2041.1436556274973,2070.3028507078902,2041.1436556274973,2056.014892578125,1389077,0.0,0.0
2023-03-02 00:00:00+05:30,2070.2542615428033,2088.770398387862,2048.482156869744,2062.138427734375,1727640,0.0,0.0
2023-03-03 00:00:00+05:30,2080.0222965996836,2099.364465092747,2072.489505572278,2091.734619140625,1821066,0.0,0.0
2023-03-06 00:00:00+05:30,2097.7612179666257,2123.6158007338704,2079.8283593813194,2081.140380859375,1821012,0.0,0.0
2023-03-08 00:00:00+05:30,2091.686086987523,2128.232370043727,2080.605688695033,2109.959228515625,2965342,0.0,0.0
2023-03-09 00:00:00+05:30,2113.992935489825,2137.3689369897434,2110.6396756131094,2131.7314453125,1873933,0.0,0.0
2023-03-10 00:00:00+05:30,2110.639652764468,2120.8453706341556,2073.2186872422794,2097.372314453125,1900535,0.0,0.0
2023-03-13 00:00:00+05:30,2103.3984624248715,2117.880766887791,2047.94734887446,2074.044921875,2334468,0.0,0.0
2023-03-14 00:00:00+05:30,2084.2506746763925,2110.153663652274,2074.5793522016215,2084.104736328125,2871343,0.0,0.0
2023-03-15 00:00:00+05:30,2103.544488148795,2150.4421980846178,2099.462247904169,2115.6455078125,3044201,0.0,0.0
2023-03-16 00:00:00+05:30,2123.6640148267616,2125.7052533363226,2072.2467307329857,2112.680908203125,2946792,0.0,0.0
2023-03-17 00:00:00+05:30,2125.4135568131896,2166.430774685029,2125.4135568131896,2134.2099609375,3286473,0.0,0.0
2023-03-20 00:00:00+05:30,2129.6905478331523,2143.2008802314544,2091.6863012508347,2116.520263671875,1996773,0.0,0.0
2023-03-21 00:00:00+05:30,2121.5258889323645,2164.5843498167274,2120.8455551414904,2146.55419921875,3178680,0.0,0.0
2023-03-22 00:00:00+05:30,2157.29440077174,2183.2946824661053,2146.0194173420336,2151.89990234375,1956033,0.0,0.0
2023-03-23 00:00:00+05:30,2151.948540887264,2179.163788920165,2138.875549559657,2144.804443359375,2455799,0.0,0.0
2023-03-24 00:00:00+05:30,2144.172925032826,2157.1488624494514,2092.7069904523432,2105.439697265625,1449544,0.0,0.0
2023-03-27 00:00:00+05:30,2114.0902088474595,2128.621159715573,2089.742234423964,2093.630126953125,1540581,0.0,0.0
2023-03-28 00:00:00+05:30,2106.9947900134407,2108.9873824249885,2062.9643589820885,2073.802001953125,1627243,0.0,0.0
2023-03-29 00:00:00+05:30,2077.738287644097,2098.781648502378,2061.5550297835766,2087.263671875,2372385,0.0,0.0
2023-03-31 00:00:00+05:30,2096.0600438510055,2115.9368467956247,2090.276851217464,2103.544189453125,1489542,0.0,0.0
2023-04-03 00:00:00+05:30,2118.901422825279,2122.3033287793564,2094.60209458187,2109.327392578125,1231654,0.0,0.0
2023-04-05 00:00:00+05:30,2109.182001577898,2199.0895292949285,2104.3221352148157,2194.47265625,2763363,0.0,0.0
2023-04-06 00:00:00+05:30,2194.4722098889056,2227.4220022092723,2191.2646512820643,2210.509765625,2389899,0.0,0.0
2023-04-10 00:00:00+05:30,2220.8613273201554,2254.8803871382565,2214.2034537060617,2244.96630859375,1955914,0.0,0.0
2023-04-11 00:00:00+05:30,2254.977596132957,2264.6973271507713,2223.1941231643277,2236.99609375,1342440,0.0,0.0
2023-04-12 00:00:00+05:30,2239.4261798121042,2247.882298916871,2217.9941239909936,2224.360595703125,1165839,0.0,0.0
2023-04-13 00:00:00+05:30,2230.484263226441,2230.678610416955,2179.601368631654,2195.444580078125,1956668,0.0,0.0
2023-04-17 00:00:00+05:30,2195.4442834208003,2210.072526327236,2139.4585368247213,2151.948486328125,4125850,0.0,0.0
2023-04-18 00:00:00+05:30,2157.7804439468964,2167.5001756763872,2126.677302412527,2154.475830078125,2848601,0.0,0.0
2023-04-19 00:00:00+05:30,2146.213910840569,2172.359892479576,2146.213910840569,2157.3916015625,1970015,0.0,0.0
2023-04-20 00:00:00+05:30,2162.6403036342863,2188.348946525727,2159.9673774163116,2170.173095703125,1898996,0.0,0.0
2023-04-21 00:00:00+05:30,2177.3656741716695,2180.13589271743,2140.284991423888,2153.114990234375,1009316,0.0,0.0
2023-04-24 00:00:00+05:30,2157.7804418913743,2170.1244537164403,2125.267986746828,2166.430908203125,1239073,0.0,0.0
2023-04-25 00:00:00+05:30,2168.5210122753397,2190.8277513702533,2155.9340058839316,2184.947265625,1350118,0.0,0.0
2023-04-26 00:00:00+05:30,2184.8500379157467,2223.194332939474,2181.1564923208393,2212.356689453125,1894812,0.0,0.0
2023-04-27 00:00:00+05:30,2211.967951143922,2245.258032359644,2203.560478106506,2240.9814453125,1252989,0.0,0.0
2023-04-28 00:00:00+05:30,2247.4934015248787,2302.6042277302213,2247.4934015248787,2298.133056640625,2884961,0.0,0.0
2023-05-02 00:00:00+05:30,2306.6866399161695,2348.627423859294,2306.6866399161695,2317.621337890625,1840153,0.0,0.0
2023-05-03 00:00:00+05:30,2317.2814004597462,2323.0159474190546,2282.679059629142,2290.260498046875,998235,0.0,0.0
2023-05-04 00:00:00+05:30,2295.606072198738,2314.8995954948077,2277.1872297570967,2290.84326171875,1230912,0.0,0.0
2023-05-05 00:00:00+05:30,2290.940760958859,2339.490773325237,2290.940760958859,2310.8662109375,2425866,0.0,0.0
2023-05-08 00:00:00+05:30,2310.817794066322,2318.1562396851255,2288.073714558487,2299.10546875,1583576,0.0,0.0
2023-05-09 00:00:00+05:30,2301.292277150483,2334.582359613427,2301.292277150483,2307.8046875,1417301,0.0,0.0
2023-05-10 00:00:00+05:30,2320.099926926632,2321.9952271241095,2284.136920099533,2298.181884765625,1675409,0.0,0.0
2023-05-11 00:00:00+05:30,2235.5383136868804,2249.1945843235953,2174.6442888876654,2179.3095703125,9470848,0.0,0.0
2023-05-12 00:00:00+05:30,2160.355977884797,2172.3599409340413,2135.765247586551,2158.849609375,5367292,0.0,0.0
2023-05-15 00:00:00+05:30,2158.6550370374007,2196.6592814723913,2152.920490469622,2183.8779296875,2662740,0.0,0.0
2023-05-16 00:00:00+05:30,2191.410771292498,2191.7994656354413,2160.793616894486,2164.778564453125,2528855,0.0,0.0
2023-05-17 00:00:00+05:30,2162.0084738172104,2181.1076504358693,2148.2549119848313,2157.3916015625,1961004,0.0,0.0
2023-05-18 00:00:00+05:30,2167.500106829656,2170.9506589436523,2119.873422867928,2126.87158203125,2290757,0.0,0.0
2023-05-19 00:00:00+05:30,2130.5649777686613,2137.417435398571,2107.7236105343713,2128.669677734375,1729803,0.0,0.0
2023-05-22 00:00:00+05:30,2128.621248758425,2159.724390292795,2117.3462650329607,2154.475830078125,1112099,0.0,0.0
2023-05-23 00:00:00+05:30,2163.223479274031,2166.1393986454655,2132.5090336423386,2136.056640625,2265389,0.0,0.0
2023-05-24 00:00:00+05:30,2138.3408782694446,2146.6026498445763,2115.013523233778,2123.906982421875,2648479,0.0,0.0
2023-05-25 00:00:00+05:30,2128.6212216864915,2145.4364048242815,2116.957543759442,2142.9091796875,1689521,0.0,0.0
2023-05-26 00:00:00+05:30,2147.088583282224,2158.509267235853,2139.312798462732,2156.273681640625,1249128,0.0,0.0
2023-05-29 00:00:00+05:30,2162.640221309677,2178.969417406607,2157.974702810822,2162.202880859375,1369656,0.0,0.0
2023-05-30 00:00:00+05:30,2167.500216720629,2174.3040290601107,2145.339180498117,2148.83837890625,1716729,0.0,0.0
2023-05-31 00:00:00+05:30,2139.4102314626793,2161.668322053781,2138.3409660603947,2143.83251953125,2809284,0.0,0.0
2023-06-01 00:00:00+05:30,2154.8642236238725,2159.724088810214,2140.430329101196,2145.922119140625,1049488,0.0,0.0
2023-06-02 00:00:00+05:30,2158.752324036677,2174.595533532231,2150.1502669077345,2171.922607421875,1399950,0.0,0.0
2023-06-05 00:00:00+05:30,2182.0797841384906,2209.10068594068,2177.219918249541,2204.726806640625,2344944,0.0,0.0
2023-06-06 00:00:00+05:30,2205.407088893469,2216.7791273483654,2200.2555837118784,2214.106201171875,1677680,0.0,0.0
2023-06-07 00:00:00+05:30,2214.155007945773,2253.0339369702815,2214.155007945773,2250.60400390625,2128603,0.0,0.0
2023-06-08 00:00:00+05:30,2252.013072962738,2279.3256125544535,2247.930833318294,2274.708740234375,2556995,0.0,0.0
2023-06-09 00:00:00+05:30,2279.276944942208,2302.458598555219,2272.7161264439733,2296.7724609375,2501720,0.0,0.0
2023-06-12 00:00:00+05:30,2298.7166285753933,2303.576494597751,2267.710778272007,2274.36865234375,1172382,0.0,0.0
2023-06-13 00:00:00+05:30,2280.103393316892,2291.8154803697794,2261.878896079236,2288.41357421875,1688768,0.0,0.0
2023-06-14 00:00:00+05:30,2286.955525508715,2293.8566297802727,2274.4171668160334,2289.04541015625,1013564,0.0,0.0
2023-06-15 00:00:00+05:30,2288.9966392280307,2303.0902491086276,2283.164800656749,2295.1201171875,2561534,0.0,0.0
2023-06-16 00:00:00+05:30,2297.5017427563694,2313.2963078837265,2286.324050512393,2300.46630859375,1794542,0.0,0.0
2023-06-19 00:00:00+05:30,2312.3239288444656,2352.0775324076662,2294.8284136199172,2300.028564453125,3111256,0.0,0.0
2023-06-20 00:00:00+05:30,2298.6678009470857,2322.6754897421997,2288.462083106002,2315.239990234375,1771306,0.0,0.0
2023-06-21 00:00:00+05:30,2315.2400461801976,2344.399240716472,2315.2400461801976,2327.341064453125,1607299,0.0,0.0
2023-06-22 00:00:00+05:30,2327.4871483174743,2356.0630658303157,2313.2962445033627,2348.5302734375,1741775,0.0,0.0
2023-06-23 00:00:00+05:30,2351.1545305128802,2358.9789622519193,2316.4551346464305,2322.57861328125,1212955,0.0,0.0
2023-06-26 00:00:00+05:30,2330.888890481583,2336.4777360570315,2301.5837578244823,2310.914794921875,793572,0.0,0.0
2023-06-27 00:00:00+05:30,2320.5373266401093,2329.7710718720296,2305.0830479606784,2321.12060546875,1012317,0.0,0.0
2023-06-28 00:00:00+05:30,2332.735694843218,2364.7135184074355,2323.06460890131,2353.58447265625,1734938,0.0,0.0
2023-06-30 00:00:00+05:30,2352.175294848949,2413.8955970071756,2347.3640746600263,2406.16845703125,2690699,0.0,0.0
2023-07-03 00:00:00+05:30,2408.7438085644108,2422.545779810111,2379.3902669465106,2385.270751953125,1078456,0.0,0.0
2023-07-04 00:00:00+05:30,2389.304450396226,2414.770100538023,2389.304450396226,2392.852294921875,1441581,0.0,0.0
2023-07-05 00:00:00+05:30,2392.0258853481737,2415.304594472899,2385.562358919369,2401.55126953125,1191896,0.0,0.0
2023-07-06 00:00:00+05:30,2398.9270889680947,2429.88429222369,2398.392456262032,2418.8525390625,1796824,0.0,0.0
2023-07-07 00:00:00+05:30,2413.1664464664873,2433.8208768309673,2376.0857640490426,2380.70263671875,1837661,0.0,0.0
2023-07-10 00:00:00+05:30,2381.3341115133267,2394.310047407556,2352.1749183111224,2370.3994140625,1178479,0.0,0.0
2023-07-11 00:00:00+05:30,2378.612486128149,2409.5212776904577,2378.612486128149,2405.196044921875,1219658,0.0,0.0
2023-07-12 00:00:00+05:30,2410.785122814099,2416.2766763550103,2379.1959945034023,2386.1455078125,1822435,0.0,0.0
2023-07-13 00:00:00+05:30,2396.8858502160365,2415.2560483093857,2377.6893800044522,2381.47998046875,1141663,0.0,0.0
2023-07-14 00:00:00+05:30,2381.5770414392728,2407.6259674666226,2380.02178959061,2402.96044921875,845623,0.0,0.0
2023-07-17 00:00:00+05:30,2405.6333633465697,2424.1008517924624,2395.9136325855734,2399.607177734375,878697,0.0,0.0
2023-07-18 00:00:00+05:30,2399.80159763292,2420.1643867348225,2398.926916757163,2405.341796875,720865,0.0,0.0
2023-07-19 00:00:00+05:30,2405.244698003143,2432.7999926635634,2397.274328844643,2424.24658203125,1431080,0.0,0.0
2023-07-20 00:00:00+05:30,2424.10116308294,2425.753470064867,2399.8504791797304,2419.921630859375,1045704,0.0,0.0
2023-07-21 00:00:00+05:30,2451.3163484775255,2522.2703902851617,2450.4416675388784,2513.765625,4610417,0.0,0.0
2023-07-24 00:00:00+05:30,2563.7249907466685,2564.065276282566,2511.4814317625182,2532.233154296875,2155297,0.0,0.0
2023-07-25 00:00:00+05:30,2542.6817927276616,2544.3827457617876,2481.4474834991283,2489.1259765625,2068876,0.0,0.0
2023-07-26 00:00:00+05:30,2518.382467081956,2598.910538611685,2512.5506280999057,2572.083984375,5820099,0.0,0.0
2023-07-27 00:00:00+05:30,2594.1478319300177,2601.340576009005,2572.278434868901,2585.64306640625,2117794,0.0,0.0
2023-07-28 00:00:00+05:30,2585.594276904825,2593.370062095357,2551.42951564318,2575.29150390625,1325724,0.0,0.0
2023-07-31 00:00:00+05:30,2580.5886089261307,2614.607667800863,2557.3585464994912,2606.2001953125,1284981,0.0,0.0
2023-08-01 00:00:00+05:30,2606.200059053235,2613.635558042143,2580.9287594961147,2591.911865234375,1298745,0.0,0.0
2023-08-02 00:00:00+05:30,2593.2393620081925,2600.071388900892,2558.538271749699,2577.658203125,1479486,30.0,0.0
2023-08-03 00:00:00+05:30,2570.629507570981,2597.908654353044,2542.4165280878956,2554.016357421875,1612618,0.0,0.0
2023-08-04 00:00:00+05:30,2560.79908171002,2590.2900500214596,2554.409371909208,2582.327392578125,1101278,0.0,0.0
2023-08-07 00:00:00+05:30,2583.4089453335787,2608.9677857364222,2578.592182949216,2591.1748046875,1163125,0.0,0.0
2023-08-08 00:00:00+05:30,2594.2714649771096,2604.5441046141023,2583.703867647575,2587.53759765625,767310,0.0,0.0
2023-08-09 00:00:00+05:30,2590.290209773469,2609.950856526968,2570.875321104389,2606.608642578125,906865,0.0,0.0
2023-08-10 00:00:00+05:30,2595.3037821301805,2616.4389774833166,2577.1666434216595,2598.64599609375,1040041,0.0,0.0
2023-08-11 00:00:00+05:30,2597.2207700100184,2611.818656980212,2586.6039722146966,2593.73095703125,1320121,0.0,0.0
2023-08-14 00:00:00+05:30,2592.256233943249,2618.3557901003232,2571.612555174645,2614.767578125,1364413,0.0,0.0
2023-08-16 00:00:00+05:30,2623.7132496036984,2649.2720898021607,2607.0508998585565,2645.38916015625,1703875,0.0,0.0
2023-08-17 00:00:00+05:30,2645.389354746101,2645.389354746101,2597.1715681329524,2607.493408203125,1629067,0.0,0.0
2023-08-18 00:00:00+05:30,2605.035773008495,2629.3166244780414,2588.0784646747607,2597.122314453125,1898966,0.0,0.0
2023-08-21 00:00:00+05:30,2597.0241168644384,2621.354167592683,2578.936177576682,2617.077880859375,1376318,0.0,0.0
2023-08-22 00:00:00+05:30,2622.7301271877122,2640.080550957905,2616.8319334983844,2633.346923828125,1497180,0.0,0.0
2023-08-23 00:00:00+05:30,2643.914664535535,2679.7461451458007,2636.9350389579504,2671.48876953125,1990672,0.0,0.0
2023-08-24 00:00:00+05:30,2700.8813963683565,2719.8539688265487,2635.1166277936177,2642.538330078125,2619182,0.0,0.0
2023-08-25 00:00:00+05:30,2632.0200312859306,2637.180951346529,2586.3582246541696,2593.632568359375,1408427,0.0,0.0
2023-08-28 00:00:00+05:30,2608.52565307271,2654.1874597039136,2605.0850396990195,2649.616455078125,1551734,0.0,0.0
2023-08-29 00:00:00+05:30,2664.0178259159998,2675.912614053112,2650.550329924836,2672.81591796875,1101830,0.0,0.0
2023-08-30 00:00:00+05:30,2676.7479214154737,2691.1984491335065,2661.0686032452586,2663.03466796875,1920079,0.0,0.0
2023-08-31 00:00:00+05:30,2673.848060826761,2678.3701057524145,2632.9048583946064,2656.841552734375,2439625,0.0,0.0
2023-09-01 00:00:00+05:30,2664.017568257907,2669.8665625206936,2642.6858150652083,2656.251708984375,1263430,0.0,0.0
2023-09-04 00:00:00+05:30,2686.627433729209,2695.4747249489537,2659.102527712225,2665.09912109375,1548282,0.0,0.0
2023-09-05 00:00:00+05:30,2674.3394206427047,2692.525518522466,2673.8479044837923,2686.578125,1066447,0.0,0.0
2023-09-06 00:00:00+05:30,2693.508612317878,2696.2611508702375,2665.983706790542,2684.12060546875,1747425,0.0,0.0
2023-09-07 00:00:00+05:30,2686.6274955497342,2807.4912787165313,2683.6783984086255,2798.103271484375,4100519,0.0,0.0
2023-09-08 00:00:00+05:30,2838.9976065536307,2879.006977732233,2823.711404543645,2852.366943359375,3638510,0.0,0.0
2023-09-11 00:00:00+05:30,2855.709082930629,2876.3527630482,2841.01279675132,2845.09228515625,1545803,0.0,0.0
2023-09-12 00:00:00+05:30,2901.5184948693486,2957.9444579889237,2882.6932806243726,2894.145751953125,7788759,0.0,0.0
2023-09-13 00:00:00+05:30,2893.5556370174218,2893.752195482007,2839.439659743868,2857.42919921875,2458417,0.0,0.0
2023-09-14 00:00:00+05:30,2875.2710364013233,2881.9065043296982,2856.69182220112,2869.078125,1910041,0.0,0.0
2023-09-15 00:00:00+05:30,2883.233822929619,2885.1506879728545,2850.7937560504242,2859.19873046875,1655275,0.0,0.0
2023-09-18 00:00:00+05:30,2860.62392085558,2880.284566359742,2857.6748240299553,2870.306884765625,736631,0.0,0.0
2023-09-20 00:00:00+05:30,2877.2863747995616,2894.980956398286,2837.080449277266,2840.96337890625,1399240,0.0,0.0
2023-09-21 00:00:00+05:30,2836.097375315198,2855.8072208617195,2797.7591157476663,2850.15478515625,2444711,0.0,0.0
2023-09-22 00:00:00+05:30,2859.3462152141647,2886.625363563662,2853.0057044082337,2868.97998046875,1965569,0.0,0.0
2023-09-25 00:00:00+05:30,2868.439267018743,2874.190102404505,2822.285945070252,2853.25146484375,1049532,0.0,0.0
2023-09-26 00:00:00+05:30,2865.5394849287145,2894.0474249159984,2860.6243228619414,2863.131103515625,953456,0.0,0.0
2023-09-27 00:00:00+05:30,2872.42040141311,2944.0833606031206,2862.2459210351394,2914.739990234375,2903693,0.0,0.0
2023-09-28 00:00:00+05:30,2938.283567632631,2998.7400545544797,2927.715970325153,2958.92724609375,4081102,0.0,0.0
2023-09-29 00:00:00+05:30,2988.418393016862,3006.4571329344913,2954.258018294054,2972.24755859375,2698016,0.0,0.0
2023-10-03 00:00:00+05:30,2988.909937748808,3025.232936024404,2944.2803638997502,3021.104248046875,3254492,0.0,0.0
2023-10-04 00:00:00+05:30,3012.1095429008956,3012.1095429008956,2939.315948821484,2976.376220703125,3100946,0.0,0.0
2023-10-05 00:00:00+05:30,2981.0947801948587,3062.047349653723,2981.0947801948587,3043.517333984375,3413447,0.0,0.0
2023-10-06 00:00:00+05:30,3062.0967138048354,3062.0967138048354,3021.00591165396,3041.207275390625,1898118,0.0,0.0
2023-10-09 00:00:00+05:30,3022.8242545579947,3032.654577337045,3003.7043247523643,3022.529296875,1181760,0.0,0.0
2023-10-10 00:00:00+05:30,3021.694193558358,3046.417362049435,3020.0228465048326,3023.8076171875,1551789,0.0,0.0
2023-10-11 00:00:00+05:30,3037.5699822508573,3057.2306293851666,3032.064905053997,3036.2919921875,2066921,0.0,0.0
2023-10-12 00:00:00+05:30,3041.502107289892,3052.364662815554,3015.009433314256,3029.4599609375,1870280,0.0,0.0
2023-10-13 00:00:00+05:30,3015.6974055792325,3046.417165639326,3011.51951821106,3037.1767578125,1437808,0.0,0.0
2023-10-16 00:00:00+05:30,3046.3681688631154,3060.4255800022383,3022.529633469217,3049.26806640625,818794,0.0,0.0
2023-10-17 00:00:00+05:30,3057.1322843100943,3061.3593715184847,3011.0281619626157,3014.272216796875,1847182,0.0,0.0
2023-10-18 00:00:00+05:30,3016.5820428973298,3026.9038822919865,2985.6165247133586,2993.92333984375,1350839,0.0,0.0
2023-10-19 00:00:00+05:30,2974.262834354896,3017.810976342754,2956.1256951318155,3002.573974609375,1599104,0.0,0.0
2023-10-20 00:00:00+05:30,2988.3690972614277,3004.3925723133916,2926.7822175042998,2961.237548828125,1667471,0.0,0.0
2023-10-23 00:00:00+05:30,2952.0462356929575,2955.8799659738224,2898.962487198978,2908.104736328125,1614030,0.0,0.0
2023-10-25 00:00:00+05:30,2908.7925954254843,2915.182305418815,2860.9189700904612,2866.62060546875,2108353,0.0,0.0
2023-10-26 00:00:00+05:30,2856.6920731088903,2866.669755685704,2808.572686497823,2815.99462890625,3286109,0.0,0.0
2023-10-27 00:00:00+05:30,2816.0436642510904,2861.164995339321,2809.1624374618655,2852.66162109375,2399538,0.0,0.0
2023-10-30 00:00:00+05:30,2850.0073053770957,2882.2508140523414,2807.687715240719,2876.69677734375,1693052,0.0,0.0
2023-10-31 00:00:00+05:30,2880.2357073718113,2901.4693030267013,2858.608994759592,2879.35107421875,1556467,0.0,0.0
2023-11-01 00:00:00+05:30,2897.438624551836,2932.532831114658,2822.335049722768,2846.173583984375,3875595,0.0,0.0
2023-11-02 00:00:00+05:30,2885.1998199043587,2888.0015579774495,2853.939344554493,2868.586669921875,1451606,0.0,0.0
2023-11-03 00:00:00+05:30,2884.2167680267817,2898.028419840576,2855.708831328494,2861.852783203125,1136175,0.0,0.0
2023-11-06 00:00:00+05:30,2883.233946858254,2928.453435966839,2877.581510719681,2924.963623046875,1235499,0.0,0.0
2023-11-07 00:00:00+05:30,2919.6060442797034,2932.975380077677,2905.941990778791,2911.0537109375,1112206,0.0,0.0
2023-11-08 00:00:00+05:30,2924.226224553206,2951.8003294140635,2910.75872962952,2945.607177734375,1013438,0.0,0.0
2023-11-09 00:00:00+05:30,2952.0460385675747,2977.309921034546,2946.147844684323,2973.525390625,1719911,0.0,0.0
2023-11-10 00:00:00+05:30,2969.790011978774,2992.350557042261,2954.258052414998,2981.782958984375,947753,0.0,0.0
2023-11-13 00:00:00+05:30,2998.248718471943,3002.5250052663955,2980.209978543521,2996.774169921875,531769,0.0,0.0
2023-11-15 00:00:00+05:30,3010.389328150513,3018.9416619229605,3003.163944102434,3012.945068359375,1160184,0.0,0.0
2023-11-16 00:00:00+05:30,3006.0638185745934,3029.8041945516875,2993.3335972525724,2999.379150390625,1597607,0.0,0.0
2023-11-17 00:00:00+05:30,2998.248650276918,3062.5880692152014,2993.480847407553,3056.24755859375,1325050,0.0,0.0
2023-11-20 00:00:00+05:30,3042.5835326847646,3059.147483838917,3024.004077208596,3036.390380859375,1231164,0.0,0.0
2023-11-21 00:00:00+05:30,3036.09554224331,3046.4173823577844,3010.487500435866,3022.67724609375,1884782,0.0,0.0
2023-11-22 00:00:00+05:30,3022.677189239935,3036.2428439938585,3010.5366434296247,3030.000732421875,1104208,0.0,0.0
2023-11-23 00:00:00+05:30,3027.739669684493,3035.6039285667907,2979.620283648063,2993.972412109375,1514688,0.0,0.0
2023-11-24 00:00:00+05:30,2998.248626241866,3014.9601759619027,2988.025185941801,3002.426513671875,915121,0.0,0.0
2023-11-28 00:00:00+05:30,3002.180908843494,3007.243429635509,2983.5032934970545,2998.248779296875,1210508,0.0,0.0
2023-11-29 00:00:00+05:30,2998.2486834021583,3037.4715783759366,2997.2656510469446,3031.426025390625,1801107,0.0,0.0
2023-11-30 00:00:00+05:30,3024.1024239342632,3071.5337341572085,3006.8009588174195,3056.444091796875,3131624,0.0,0.0
2023-12-01 00:00:00+05:30,3076.8419493120086,3143.6881467966937,3068.093057699292,3136.511962890625,2112908,0.0,0.0
2023-12-04 00:00:00+05:30,3229.2612825931287,3290.7500043298023,3194.8551502062915,3257.326904296875,3095974,0.0,0.0
2023-12-05 00:00:00+05:30,3262.733592562646,3268.582587087281,3223.4122982818967,3259.194580078125,1659309,0.0,0.0
2023-12-06 00:00:00+05:30,3273.4977586317705,3343.2930561881835,3264.650467392225,3334.74072265625,2057233,0.0,0.0
2023-12-07 00:00:00+05:30,3334.7408148264217,3352.0420408408468,3280.428275438048,3298.66357421875,2128823,0.0,0.0
2023-12-08 00:00:00+05:30,3319.7003834549623,3371.8011001630207,3308.887027157063,3321.125732421875,2428891,0.0,0.0
2023-12-11 00:00:00+05:30,3320.6341740503703,3347.2252478811833,3302.9887908607275,3328.35107421875,1534238,0.0,0.0
2023-12-12 00:00:00+05:30,3317.734206714598,3317.734206714598,3275.46381534016,3285.687255859375,1888423,0.0,0.0
2023-12-13 00:00:00+05:30,3296.0583625004438,3352.1404076425965,3289.422893951591,3342.113525390625,1509107,0.0,0.0
2023-12-14 00:00:00+05:30,3367.819807144505,3381.6314603820315,3342.4085635704632,3374.8486328125,2425646,0.0,0.0
2023-12-15 00:00:00+05:30,3376.8635379597545,3439.5318513274055,3374.6027555151954,3428.81689453125,2632935,0.0,0.0
2023-12-18 00:00:00+05:30,3436.681203507805,3446.5115273164656,3407.1902320818226,3432.35595703125,1767429,0.0,0.0
2023-12-19 00:00:00+05:30,3429.750731011291,3465.189095863652,3417.0697094682364,3439.5810546875,1311700,0.0,0.0
2023-12-20 00:00:00+05:30,3445.528392158476,3454.9655987325427,3354.6470992579452,3360.49609375,1876048,0.0,0.0
2023-12-21 00:00:00+05:30,3332.529032162412,3381.582252872266,3276.446985800964,3366.05029296875,2292802,0.0,0.0
2023-12-22 00:00:00+05:30,3365.9027094734593,3436.681037476406,3350.764107538747,3418.937255859375,1681707,0.0,0.0
2023-12-26 00:00:00+05:30,3418.937244057978,3448.821570888279,3418.937244057978,3430.83203125,1072263,0.0,0.0
2023-12-27 00:00:00+05:30,3450.4435988312116,3488.781861040447,3444.692763500572,3483.86669921875,1389266,0.0,0.0
2023-12-28 00:00:00+05:30,3484.8498528757905,3499.546139234552,3441.1049111401144,3458.357177734375,3371121,0.0,0.0
2023-12-29 00:00:00+05:30,3471.0872809658385,3479.934572251223,3435.6981158243007,3466.172119140625,968577,0.0,0.0
2024-01-01 00:00:00+05:30,3477.968451638937,3477.968451638937,3436.730292587616,3465.63134765625,777080,0.0,0.0
2024-01-02 00:00:00+05:30,3465.2382880568675,3465.6314050038186,3373.7670784461066,3379.763671875,1511464,0.0,0.0
2024-01-03 00:00:00+05:30,3374.749958237751,3407.042665984193,3353.7131625660754,3381.975341796875,1283859,0.0,0.0
2024-01-04 00:00:00+05:30,3382.6634911645956,3421.0509521502554,3364.919709377571,3400.013916015625,1651616,0.0,0.0
2024-01-05 00:00:00+05:30,3406.1579561931667,3494.6800689491574,3401.2919939702065,3462.1416015625,2069018,0.0,0.0
2024-01-08 00:00:00+05:30,3479.9344416438303,3499.545888590757,3430.7828252364316,3441.694580078125,1993855,0.0,0.0
2024-01-09 00:00:00+05:30,3467.597348096857,3532.77243964386,3460.372204462653,3495.61376953125,1807271,0.0,0.0
2024-01-10 00:00:00+05:30,3489.715754691779,3498.563046125242,3460.2739828656045,3485.34130859375,1534821,0.0,0.0
2024-01-11 00:00:00+05:30,3485.3410264487006,3499.1526782902665,3441.1537724771306,3445.380859375,1105348,0.0,0.0
2024-01-12 00:00:00+05:30,3445.5775381734243,3517.928574122562,3434.7641824746715,3508.245849609375,1782631,0.0,0.0
2024-01-15 00:00:00+05:30,3515.4221289211832,3544.5197428637716,3478.0176995136876,3482.932861328125,1783518,0.0,0.0
2024-01-16 00:00:00+05:30,3487.798642841839,3528.1029676322887,3477.968319722217,3512.865966796875,1791818,0.0,0.0
2024-01-17 00:00:00+05:30,3494.6800567814375,3553.12128286779,3487.5038725189397,3510.359375,2699076,0.0,0.0
2024-01-18 00:00:00+05:30,3510.2120074684813,3555.5788549915437,3465.189077273359,3534.984375,2148898,0.0,0.0
2024-01-19 00:00:00+05:30,3541.865594827272,3593.818951078156,3541.865594827272,3584.135986328125,1913923,0.0,0.0
2024-01-23 00:00:00+05:30,3575.8784984849062,3599.2255163150785,3476.198876255316,3490.747802734375,1742142,0.0,0.0
2024-01-24 00:00:00+05:30,3509.425630807157,3556.5619858879777,3461.945118390726,3528.2998046875,3711521,0.0,0.0
2024-01-25 00:00:00+05:30,3538.818049700548,3556.856789265897,3504.3137583223156,3532.4775390625,2206540,0.0,0.0
2024-01-29 00:00:00+05:30,3542.8483818243494,3670.495220992268,3539.0146518832207,3645.083740234375,2072982,0.0,0.0
2024-01-30 00:00:00+05:30,3652.8991419242775,3674.4766547688023,3563.393995297765,3571.651611328125,1454989,0.0,0.0
2024-01-31 00:00:00+05:30,3460.273838817444,3477.9684209477605,3329.5797371378712,3420.706787109375,9637606,0.0,0.0
2024-02-01 00:00:00+05:30,3420.952648501876,3434.4693435929394,3313.8021201436277,3340.343994140625,6149780,0.0,0.0
2024-02-02 00:00:00+05:30,3344.9640731096847,3378.0432551299355,3303.9716728034773,3318.766357421875,7579802,0.0,0.0
2024-02-05 00:00:00+05:30,3318.2256814969937,3350.1250331017454,3262.1436381990698,3285.04833984375,2954238,0.0,0.0
2024-02-06 00:00:00+05:30,3289.226158100314,3369.5890506360884,3280.9195829570976,3366.1484375,2545192,0.0,0.0
2024-02-07 00:00:00+05:30,3386.546428467918,3388.5124931578844,3331.4966171488454,3337.099853515625,2099940,0.0,0.0
2024-02-08 00:00:00+05:30,3355.089551337529,3359.8081548151595,3237.961337919304,3278.904541015625,3471727,0.0,0.0
2024-02-09 00:00:00+05:30,3279.641811825158,3332.479802798737,3252.8049795729025,3268.140380859375,3121873,0.0,0.0
2024-02-12 00:00:00+05:30,3273.497740318375,3282.4923903623385,3231.2273490770262,3243.564453125,1922273,0.0,0.0
2024-02-13 00:00:00+05:30,3255.803282120277,3281.9028401260325,3228.376774384282,3265.14208984375,2151493,0.0,0.0
2024-02-14 00:00:00+05:30,3234.2255891152977,3260.669062987632,3207.683716009988,3252.85400390625,2502138,0.0,0.0
2024-02-15 00:00:00+05:30,3252.854091376783,3265.5843124866537,3234.373034940201,3244.3017578125,1999189,0.0,0.0
2024-02-16 00:00:00+05:30,3248.8725772025077,3340.343781429929,3247.987944124862,3329.28466796875,2768329,0.0,0.0
2024-02-19 00:00:00+05:30,3342.8506792338067,3350.1742221834957,3278.904377374721,3283.1806640625,1216447,0.0,0.0
2024-02-20 00:00:00+05:30,3283.1807940708886,3310.6073015047805,3271.9740809272776,3299.7939453125,1578162,0.0,0.0
2024-02-21 00:00:00+05:30,3299.941231179559,3299.941231179559,3234.2256619543627,3240.4677734375,2430672,0.0,0.0
2024-02-22 00:00:00+05:30,3253.83706031099,3311.8359686367753,3221.3477933254794,3306.675048828125,2521388,0.0,0.0
2024-02-23 00:00:00+05:30,3306.675020932053,3342.2115438868536,3284.0652771991845,3330.46435546875,2107176,0.0,0.0
2024-02-26 00:00:00+05:30,3342.3099095564894,3432.404726266313,3335.428683272108,3411.26953125,4122419,0.0,0.0
2024-02-27 00:00:00+05:30,3416.0372949709936,3452.4094906296773,3393.329152492944,3446.95361328125,2122286,0.0,0.0
2024-02-28 00:00:00+05:30,3445.528175194786,3453.392433511921,3387.6766289501143,3411.318603515625,1666903,0.0,0.0
2024-02-29 00:00:00+05:30,3425.8677324453834,3436.681088272327,3378.1414639550185,3418.544189453125,2119512,0.0,0.0
2024-03-01 00:00:00+05:30,3442.2349942450974,3596.276349307091,3440.6130869319354,3571.847900390625,4407803,0.0,0.0
2024-03-04 00:00:00+05:30,3607.7288299638517,3617.3625952750995,3560.5924754030525,3582.6123046875,1307501,0.0,0.0
2024-03-05 00:00:00+05:30,3569.586991935605,3582.612170465882,3529.3810651508325,3551.302734375,1981370,0.0,0.0
2024-03-06 00:00:00+05:30,3556.6110556652293,3590.476472250364,3525.20321996433,3580.400390625,1500196,0.0,0.0
2024-03-07 00:00:00+05:30,3598.6354717054296,3642.2820095773072,3581.432406553522,3614.560546875,2344401,0.0,0.0
2024-03-11 00:00:00+05:30,3637.2199099001346,3637.2199099001346,3569.832990326545,3578.827880859375,1748541,0.0,0.0
2024-03-12 00:00:00+05:30,3577.3038813071857,3609.6947488782403,3551.8431997277125,3560.198974609375,1470377,0.0,0.0
2024-03-13 00:00:00+05:30,3573.2243031876847,3575.0922087091567,3452.3113204096185,3478.50927734375,2503293,0.0,0.0
2024-03-14 00:00:00+05:30,3467.204315321638,3574.3056423875005,3462.2399539298067,3546.977294921875,4528490,0.0,0.0
2024-03-15 00:00:00+05:30,3536.950427542037,3541.8655893368423,3464.2552325964903,3477.1328125,4054210,0.0,0.0
2024-03-18 00:00:00+05:30,3477.132682851996,3511.5880137485115,3466.860043083504,3500.774658203125,1354787,0.0,0.0
2024-03-19 00:00:00+05:30,3480.9176442134026,3489.273419411317,3421.9357016398912,3442.284423828125,1447405,0.0,0.0
2024-03-20 00:00:00+05:30,3443.3166546278585,3465.139925372857,3428.571168989598,3450.148681640625,1442811,0.0,0.0
2024-03-21 00:00:00+05:30,3465.3364409688484,3534.9843799376754,3465.3364409688484,3499.59521484375,2504962,0.0,0.0
2024-03-22 00:00:00+05:30,3486.0293371969537,3585.4140056521824,3486.0293371969537,3556.41455078125,3020545,0.0,0.0
2024-03-26 00:00:00+05:30,3543.831646015062,3614.511576464763,3538.9164842314067,3607.8271484375,2320963,0.0,0.0
2024-03-27 00:00:00+05:30,3620.508368061104,3663.9583526078504,3607.827345964249,3643.51123046875,2387693,0.0,0.0
2024-03-28 00:00:00+05:30,3643.658638595526,3748.646542546278,3634.8113473636895,3700.035400390625,4278668,0.0,0.0
2024-04-01 00:00:00+05:30,3716.697970808546,3786.493267927305,3716.697970808546,3772.878173828125,1905190,0.0,0.0
2024-04-02 00:00:00+05:30,3784.478079921172,3794.5049621323606,3707.2608389745246,3742.79736328125,3608162,0.0,0.0
2024-04-03 00:00:00+05:30,3735.2280603905624,3735.2280603905624,3706.1794057633247,3718.270751953125,1684618,0.0,0.0
2024-04-04 00:00:00+05:30,3740.339609743757,3754.93773581746,3667.7428163016702,3733.409423828125,2339529,0.0,0.0
2024-04-05 00:00:00+05:30,3706.1302515889165,3725.692498789113,3653.19386507257,3679.58837890625,1645597,0.0,0.0
2024-04-08 00:00:00+05:30,3681.45630839201,3754.9871793202697,3679.5886428462886,3743.239990234375,1083395,0.0,0.0
2024-04-09 00:00:00+05:30,3755.1838138167886,3762.998873492511,3710.9473552770623,3721.0234375,1997057,0.0,0.0
2024-04-10 00:00:00+05:30,3735.522806157532,3735.522806157532,3686.469589518029,3689.516845703125,1951581,0.0,0.0
2024-04-12 00:00:00+05:30,3686.3221165584205,3737.5873976609155,3601.3390178158124,3616.82177734375,3437544,0.0,0.0
2024-04-15 00:00:00+05:30,3564.5244473250796,3617.411634962523,3525.3505127651024,3539.702880859375,1719910,0.0,0.0
2024-04-16 00:00:00+05:30,3519.3050076932896,3537.0977492045167,3469.56347485363,3483.325927734375,2291042,0.0,0.0
2024-04-18 00:00:00+05:30,3501.5120864898577,3556.266941251657,3479.6396163562536,3490.69873046875,3273257,0.0,0.0
2024-04-19 00:00:00+05:30,3465.188924390691,3482.785106901113,3413.4813284132993,3458.65185546875,2759031,0.0,0.0
2024-04-22 00:00:00+05:30,3508.1966556579137,3558.5770629720905,3480.8683086664028,3551.40087890625,2605754,0.0,0.0
2024-04-23 00:00:00+05:30,3571.1106694558407,3571.1106694558407,3527.1199730252715,3548.89404296875,1434580,0.0,0.0
2024-04-24 00:00:00+05:30,3555.1855097527296,3592.933854043625,3539.997708729366,3573.175048828125,1501234,0.0,0.0
2024-04-25 00:00:00+05:30,3554.7433784756945,3603.7965967640926,3550.3197328986516,3590.3291015625,2420380,0.0,0.0
2024-04-26 00:00:00+05:30,3590.0342841106994,3598.783176372282,3524.1711140571897,3544.0283203125,1973113,0.0,0.0
2024-04-29 00:00:00+05:30,3544.913057183897,3587.9696821621487,3544.0281840690564,3572.634521484375,1396979,0.0,0.0
2024-04-30 00:00:00+05:30,3577.254730576903,3587.035854484185,3523.2371508092306,3533.313232421875,1571996,0.0,0.0
2024-05-02 00:00:00+05:30,3529.1354408445814,3572.4870247671647,3515.372987536179,3538.425048828125,3748847,0.0,0.0
2024-05-03 00:00:00+05:30,3548.7468675840228,3560.5432560635268,3429.2592346107563,3440.416748046875,4079696,0.0,0.0
2024-05-06 00:00:00+05:30,3463.026560163976,3467.1552482126867,3382.712861699477,3404.5361328125,2614667,0.0,0.0
2024-05-07 00:00:00+05:30,3420.362883628184,3436.681317691999,3366.8860163315494,3369.58935546875,3376013,0.0,0.0
2024-05-08 00:00:00+05:30,3370.818004699296,3438.057322967009,3310.6564715126897,3427.6865234375,4116670,0.0,0.0
2024-05-09 00:00:00+05:30,3256.5404459914744,3319.700275032287,3211.2225582602136,3219.873291015625,12120574,0.0,0.0
2024-05-10 00:00:00+05:30,3225.919084549805,3250.0523369591824,3179.716563687459,3215.941162109375,4132191,0.0,0.0
2024-05-13 00:00:00+05:30,3211.615866827031,3258.7522197128437,3170.4758672395483,3237.961181640625,3557067,0.0,0.0
2024-05-14 00:00:00+05:30,3244.006770008901,3327.466120910786,3237.51866046963,3322.108642578125,2870328,0.0,0.0
2024-05-15 00:00:00+05:30,3332.4795764021014,3359.4145660646263,3296.254739284734,3353.418212890625,2718682,0.0,0.0
2024-05-16 00:00:00+05:30,3370.768718156894,3409.647695479342,3321.3713427214498,3401.8818359375,3398714,0.0,0.0
2024-05-17 00:00:00+05:30,3416.9713425077857,3416.9713425077857,3354.253828861537,3392.198974609375,2676919,0.0,0.0
2024-05-21 00:00:00+05:30,3399.3259354549778,3411.417281605587,3375.7331585750126,3382.565185546875,2100848,0.0,0.0
2024-05-22 00:00:00+05:30,3391.510887914321,3413.7764751730087,3376.7654023130335,3402.127685546875,1409992,0.0,0.0
2024-05-23 00:00:00+05:30,3402.1764416734054,3540.538239956345,3396.3766470163896,3524.56396484375,4525637,0.0,0.0
2024-05-24 00:00:00+05:30,3525.1540577951887,3596.915420377188,3521.516886047509,3564.376953125,2740360,0.0,0.0
2024-05-27 00:00:00+05:30,3583.05431026439,3632.3043241636647,3538.916256289362,3590.033935546875,2570708,0.0,0.0
2024-05-28 00:00:00+05:30,3590.0341536601704,3622.7199794020107,3584.1851591586255,3596.12890625,1440187,0.0,0.0
2024-05-29 00:00:00+05:30,3549.7297590075214,3599.7170492038185,3549.0908839895046,3573.1259765625,1506146,0.0,0.0
2024-05-30 00:00:00+05:30,3564.5244541734073,3582.120637009393,3546.534914403679,3573.027587890625,2701849,0.0,0.0
2024-05-31 00:00:00+05:30,3574.6988620799234,3681.259716412045,3574.6988620799234,3607.040771484375,6432341,0.0,0.0
2024-06-03 00:00:00+05:30,3789.9828135864914,3853.3883999506247,3736.6043491575165,3831.0244140625,5767666,0.0,0.0
2024-06-04 00:00:00+05:30,3786.6405226526304,3831.8600096832693,3263.667324820024,3345.45556640625,9920882,0.0,0.0
2024-06-05 00:00:00+05:30,3383.106023885246,3383.106023885246,3121.1770874117606,3351.157470703125,10372458,0.0,0.0
2024-06-06 00:00:00+05:30,3379.6653320036944,3478.165128758799,3327.8595734307237,3423.45947265625,8374602,0.0,0.0
2024-06-07 00:00:00+05:30,3406.25628373822,3487.798768964526,3387.5294695185335,3472.561767578125,5879660,0.0,0.0
2024-06-10 00:00:00+05:30,3461.3060635247307,3524.170933573082,3461.3060635247307,3483.620849609375,3151257,0.0,0.0
2024-06-11 00:00:00+05:30,3509.4254476256383,3577.2546789663015,3490.944391666527,3537.638427734375,2548176,0.0,0.0
2024-06-12 00:00:00+05:30,3553.661949605066,3587.03584992884,3517.2897526104916,3568.702392578125,2242274,0.0,0.0
2024-06-13 00:00:00+05:30,3603.305029548159,3652.849763309984,3573.3225432840154,3640.8076171875,2965500,0.0,0.0
2024-06-14 00:00:00+05:30,3654.9143360885164,3656.88040082014,3612.643944358606,3625.226806640625,1746508,0.0,0.0
2024-06-18 00:00:00+05:30,3645.083838799685,3647.0499034376567,3612.6437722731503,3626.602783203125,1936792,0.0,0.0
2024-06-19 00:00:00+05:30,3627.3895487993927,3636.2368403818305,3514.340823023802,3529.037109375,2936151,0.0,0.0
2024-06-20 00:00:00+05:30,3551.8243540135686,3579.9124915512257,3531.6625368886803,3561.236572265625,2618715,28.0,0.0
2024-06-21 00:00:00+05:30,3570.7481998456587,3576.643172764542,3483.5117438892325,3502.336181640625,4508508,0.0,0.0
2024-06-24 00:00:00+05:30,3487.8214811554917,3534.0403306945373,3472.6132209375814,3498.967529296875,2330559,0.0,0.0
2024-06-25 00:00:00+05:30,3523.6373620686804,3558.7597499311096,3495.400706699931,3554.648193359375,2158039,0.0,0.0
2024-06-26 00:00:00+05:30,3567.7262697674155,3591.4053337598266,3559.057120958622,3569.658203125,2480187,0.0,0.0
2024-06-27 00:00:00+05:30,3564.209017285815,3568.0235395085265,3517.1975102093993,3531.46435546875,5519875,0.0,0.0
2024-06-28 00:00:00+05:30,3507.289749024576,3542.9075160367374,3505.407402127858,3515.66162109375,3141514,0.0,0.0
2024-07-01 00:00:00+05:30,3502.5340870656305,3508.676749607373,3481.530027139966,3493.964111328125,2961120,0.0,0.0
2024-07-02 00:00:00+05:30,3502.385541573321,3600.4211771476025,3502.385541573321,3592.990478515625,5087748,0.0,0.0
2024-07-03 00:00:00+05:30,3616.6202346651207,3616.7687518854223,3571.689179714271,3580.952880859375,1923801,0.0,0.0
2024-07-04 00:00:00+05:30,3582.686796593475,3610.3288997028403,3532.851527674528,3540.2822265625,1851947,0.0,0.0
2024-07-05 00:00:00+05:30,3540.2822482724014,3604.3843626954545,3535.0311726490877,3593.634521484375,1635209,0.0,0.0
2024-07-08 00:00:00+05:30,3606.464948630707,3612.0130585397096,3560.7908237810175,3598.439697265625,1706210,0.0,0.0
2024-07-09 00:00:00+05:30,3616.2735228663482,3650.950118291094,3612.4096561300557,3632.224853515625,2425176,0.0,0.0
2024-07-10 00:00:00+05:30,3650.999592405431,3659.866844585888,3567.7261795760105,3616.322998046875,2231438,0.0,0.0
2024-07-11 00:00:00+05:30,3626.1810867915146,3650.553876095973,3569.707774784106,3587.640625,2942924,0.0,0.0
2024-07-12 00:00:00+05:30,3596.45833837869,3633.809937207494,3579.3181442017562,3615.629638671875,2001185,0.0,0.0
2024-07-15 00:00:00+05:30,3636.0885264472968,3640.051565713179,3603.3934525037653,3617.858642578125,943302,0.0,0.0
2024-07-16 00:00:00+05:30,3612.4095587798215,3617.8587379140035,3587.541389977207,3602.94775390625,2220953,0.0,0.0
2024-07-18 00:00:00+05:30,3606.3657548731135,3645.2530779167314,3565.397739447795,3622.416015625,3240772,0.0,0.0
2024-07-19 00:00:00+05:30,3617.264147674278,3625.1406399640023,3576.6429945505733,3585.064453125,2432533,0.0,0.0
2024-07-22 00:00:00+05:30,3584.4699200062273,3628.0140083802585,3534.634893678459,3617.7099609375,3639057,0.0,0.0
2024-07-23 00:00:00+05:30,3635.6924158520765,3679.682056118013,3428.02905604963,3505.35791015625,6957691,0.0,0.0
2024-07-24 00:00:00+05:30,3516.2066892915877,3525.0739415258454,3468.6502167398844,3486.9296875,3184060,0.0,0.0
2024-07-25 00:00:00+05:30,3506.2991890603626,3597.349924596564,3499.413456322879,3585.70849609375,4691483,0.0,0.0
2024-07-26 00:00:00+05:30,3595.4673944643587,3666.8021016568177,3562.8714930705823,3645.89697265625,2617659,0.0,0.0
2024-07-29 00:00:00+05:30,3666.802205120295,3754.979831776795,3652.535360033135,3740.06884765625,4159919,0.0,0.0
2024-07-30 00:00:00+05:30,3739.969946119707,3759.9336605012822,3704.054901273021,3749.67919921875,1979989,0.0,0.0
2024-07-31 00:00:00+05:30,3742.1494918483113,3786.6840981579703,3728.3284404949313,3779.748779296875,2703636,0.0,0.0
2024-08-01 00:00:00+05:30,3774.7949404176857,3803.477389028954,3731.0529908147664,3744.378662109375,1998663,0.0,0.0
2024-08-02 00:00:00+05:30,3695.881139197811,3714.259541086526,3623.307979478477,3631.828369140625,2512525,0.0,0.0
2024-08-05 00:00:00+05:30,3563.7630621462454,3574.5622473988606,3479.0530977833027,3495.400634765625,2900685,0.0,0.0
2024-08-06 00:00:00+05:30,3515.215894468333,3601.3128273732077,3513.2343747983955,3543.1552734375,2125532,0.0,0.0
2024-08-07 00:00:00+05:30,3596.458311189059,3621.970377721598,3576.9899765889945,3604.632080078125,1613097,0.0,0.0
2024-08-08 00:00:00+05:30,3587.5413009561235,3595.2196895455763,3514.6708679657236,3520.714599609375,2038088,0.0,0.0
2024-08-09 00:00:00+05:30,3566.7353789703648,3572.234144389889,3542.6598667853705,3558.85888671875,848232,0.0,0.0
2024-08-12 00:00:00+05:30,3545.9294853625324,3577.6338004034938,3530.0773278420515,3538.944580078125,1965035,0.0,0.0
2024-08-13 00:00:00+05:30,3546.9203370072655,3573.6708535154207,3512.4418451309184,3518.98095703125,1316218,0.0,0.0
2024-08-14 00:00:00+05:30,3526.0645978570737,3545.6321042179725,3503.822088370616,3512.441650390625,1584372,0.0,0.0
2024-08-16 00:00:00+05:30,3544.9386652756757,3547.811772023547,3500.3544730069766,3535.3779296875,2808865,0.0,0.0
2024-08-19 00:00:00+05:30,3566.5870183316038,3566.636362817366,3514.2252623959716,3522.200927734375,1898535,0.0,0.0
2024-08-20 00:00:00+05:30,3529.086661893691,3546.920339578724,3515.2160236942213,3539.687744140625,1285569,0.0,0.0
2024-08-21 00:00:00+05:30,3556.827875990509,3581.894148674575,3548.8026244189223,3562.822021484375,1714248,0.0,0.0
2024-08-22 00:00:00+05:30,3573.7202592470203,3578.7729892012117,3550.8336106374327,3573.17529296875,1734927,0.0,0.0
2024-08-23 00:00:00+05:30,3573.1753203821986,3588.532097719208,3553.905090100767,3565.298828125,1825180,0.0,0.0
2024-08-26 00:00:00+05:30,3577.6339076404442,3614.292023005356,3561.4844733054415,3608.248291015625,1606911,0.0,0.0
2024-08-27 00:00:00+05:30,3608.9911527032123,3702.469438244461,3602.4026966702863,3668.486328125,3315435,0.0,0.0
2024-08-28 00:00:00+05:30,3670.7652176002025,3689.985861796769,3650.950020744061,3654.962646484375,1278175,0.0,0.0
2024-08-29 00:00:00+05:30,3656.3992119323852,3675.7190289308087,3617.809164304788,3649.414306640625,2165489,0.0,0.0
2024-08-30 00:00:00+05:30,3683.992060763176,3710.3957145547793,3632.5218919894023,3670.41845703125,2592912,0.0,0.0
2024-09-02 00:00:00+05:30,3671.7559303082635,3687.5585012212314,3632.4723997991414,3649.067626953125,1277813,0.0,0.0
2024-09-03 00:00:00+05:30,3659.8171817795624,3679.6323781420283,3633.0170803223837,3656.05224609375,1211993,0.0,0.0
2024-09-04 00:00:00+05:30,3616.2735058407375,3646.9870616437684,3597.5482411534276,3617.066162109375,1930121,0.0,0.0
2024-09-05 00:00:00+05:30,3634.107024290044,3634.107024290044,3575.0576421905484,3590.662109375,2958770,0.0,0.0
2024-09-06 00:00:00+05:30,3581.6960064328896,3590.315568693052,3503.5249096620782,3541.71875,3096557,0.0,0.0
2024-09-09 00:00:00+05:30,3550.883366854938,3560.7909655347785,3521.012053589111,3545.236083984375,1454589,0.0,0.0
2024-09-10 00:00:00+05:30,3551.8740229860086,3591.5044165479167,3538.003385239341,3562.9208984375,1203483,0.0,0.0
2024-09-11 00:00:00+05:30,3561.7817251150263,3570.6489775558207,3483.907902743875,3504.26806640625,1865165,0.0,0.0
2024-09-12 00:00:00+05:30,3525.12359528144,3604.4339707528998,3501.3453585510424,3588.5322265625,3751523,0.0,0.0
2024-09-13 00:00:00+05:30,3588.5320727667454,3601.164260488384,3566.7849430660444,3579.615234375,1752455,0.0,0.0
2024-09-16 00:00:00+05:30,3585.708311189913,3636.088544866544,3579.615235041641,3628.41015625,1045964,0.0,0.0
2024-09-17 00:00:00+05:30,3634.1070451471865,3670.7651587432733,3625.883690206795,3661.0556640625,1289060,0.0,0.0
2024-09-18 00:00:00+05:30,3654.9130336586118,3723.2258759487204,3650.1573380706172,3695.97998046875,2249929,0.0,0.0
2024-09-19 00:00:00+05:30,3715.349537576296,3715.7457447730767,3640.051786948083,3649.662109375,1711564,0.0,0.0
2024-09-20 00:00:00+05:30,3665.8114955558667,3774.6959078186196,3646.243988248508,3758.84375,5401701,0.0,0.0
2024-09-23 00:00:00+05:30,3764.8873219164702,3803.328851369825,3714.358571017065,3752.700927734375,1937874,0.0,0.0
2024-09-24 00:00:00+05:30,3752.7010769583158,3796.3936835802774,3740.118475101147,3756.565185546875,2676546,0.0,0.0
2024-09-25 00:00:00+05:30,3752.5525980290936,3777.9654919680165,3743.0907928834763,3758.79443359375,2113862,0.0,0.0
2024-09-26 00:00:00+05:30,3765.8780786807533,3767.810011954277,3701.874897506245,3727.386962890625,2750597,0.0,0.0
2024-09-27 00:00:00+05:30,3703.460357923151,3703.460357923151,3617.2642500742177,3671.4091796875,4095425,0.0,0.0
2024-09-30 00:00:00+05:30,3664.820672368274,3681.3167270593494,3631.134837585759,3641.58740234375,1837697,0.0,0.0
2024-10-01 00:00:00+05:30,3633.116469278175,3689.5897822721363,3605.7220554306127,3619.7412109375,1674100,0.0,0.0
2024-10-03 00:00:00+05:30,3549.397123794199,3583.578338245253,3453.194246657778,3465.3310546875,5315877,0.0,0.0
2024-10-04 00:00:00+05:30,3482.5208261434614,3520.7146662267596,3436.4504937350202,3461.665283203125,3445879,0.0,0.0
2024-10-07 00:00:00+05:30,3472.6132534846006,3480.4897458680553,3397.3155053348632,3436.302001953125,2304227,0.0,0.0
2024-10-08 00:00:00+05:30,3460.6745819218163,3505.803741625895,3436.9459318073277,3499.760009765625,2249452,0.0,0.0
2024-10-09 00:00:00+05:30,3509.3208657946843,3524.826160210482,3448.834930458676,3454.878662109375,1645791,0.0,0.0
2024-10-10 00:00:00+05:30,3482.5209061300893,3522.052127770106,3423.5706944900494,3428.3759765625,2686116,0.0,0.0
2024-10-11 00:00:00+05:30,3437.3422121277545,3464.7864541615186,3415.1492876909674,3450.370849609375,1280465,0.0,0.0
2024-10-14 00:00:00+05:30,3477.5671471693995,3540.8272616859044,3468.947584668747,3522.200927734375,1974378,0.0,0.0
2024-10-15 00:00:00+05:30,3537.012684122755,3537.012684122755,3487.623208572359,3519.079833984375,1231552,0.0,0.0
2024-10-16 00:00:00+05:30,3517.19737614145,3548.802517781621,3481.0842289239285,3499.958251953125,1961835,0.0,0.0
2024-10-17 00:00:00+05:30,3517.09841185004,3549.892660730696,3489.258204269039,3537.31005859375,2968537,0.0,0.0
2024-10-18 00:00:00+05:30,3536.9631608978584,3559.255258044508,3507.5376410412273,3544.74072265625,2102609,0.0,0.0
2024-10-21 00:00:00+05:30,3546.920154115808,3588.482480170472,3538.300592062359,3552.468505859375,1750549,0.0,0.0
2024-10-22 00:00:00+05:30,3551.874105562686,3558.462561891636,3467.6595172857465,3479.449462890625,1363574,0.0,0.0
2024-10-23 00:00:00+05:30,3468.699767124874,3481.4804722366666,3411.186110352357,3423.471435546875,2125268,0.0,0.0
2024-10-24 00:00:00+05:30,3412.1769780415616,3442.4943266909463,3385.1787716967206,3410.83935546875,1924421,0.0,0.0
2024-10-25 00:00:00+05:30,3393.3525953226635,3403.260194141124,3284.4185946906396,3295.66357421875,3236774,0.0,0.0
2024-10-28 00:00:00+05:30,3285.3597705978486,3341.833083904265,3232.403703251498,3309.9306640625,2991674,0.0,0.0
2024-10-29 00:00:00+05:30,3285.3596939840263,3353.1275716175005,3285.3596939840263,3349.659912109375,2253467,0.0,0.0
2024-10-30 00:00:00+05:30,3348.7187203265817,3406.6285854189828,3322.017790636822,3376.8564453125,1785128,0.0,0.0
2024-10-31 00:00:00+05:30,3497.3821659060313,3621.177557084316,3475.93231254891,3588.829345703125,7637083,0.0,0.0
2024-11-01 00:00:00+05:30,3591.4548321093766,3608.248163013316,3586.5506192804,3592.842041015625,212796,0.0,0.0
2024-11-04 00:00:00+05:30,3591.454757579255,3591.454757579255,3498.273748223489,3541.42138671875,1724189,0.0,0.0
2024-11-05 00:00:00+05:30,3523.141977250831,3551.874012498377,3509.1721668076166,3541.768310546875,1251506,0.0,0.0
2024-11-06 00:00:00+05:30,3560.7908358845502,3626.0818120535296,3524.5289292827542,3611.765380859375,1819732,0.0,0.0
2024-11-07 00:00:00+05:30,3613.64812502655,3629.1534203086458,3586.550745704968,3612.85546875,1581009,0.0,0.0
2024-11-08 00:00:00+05:30,3606.762005642167,3633.116314000204,3587.1944989060057,3626.478271484375,1622142,0.0,0.0
2024-11-11 00:00:00+05:30,3612.3105270062706,3627.171925224892,3572.6801317566133,3595.319091796875,926127,0.0,0.0
2024-11-12 00:00:00+05:30,3616.2734964993606,3617.264256361415,3546.920306155537,3558.16552734375,1116206,0.0,0.0
2024-11-13 00:00:00+05:30,3551.8739595234183,3571.540638731014,3502.979865586132,3515.166259765625,1568694,0.0,0.0
2024-11-14 00:00:00+05:30,3525.1236180654023,3532.802007059221,3467.8080628221655,3493.6669921875,1291765,0.0,0.0
2024-11-18 00:00:00+05:30,3488.5646204454893,3535.3284372010994,3478.4093319368303,3509.419921875,1233217,0.0,0.0
2024-11-19 00:00:00+05:30,3527.0059150429074,3573.670801019988,3462.7056971346988,3473.5048828125,1826460,0.0,0.0
2024-11-21 00:00:00+05:30,3497.3823457348035,3497.9273120409725,3420.5488693375355,3451.31201171875,1510581,0.0,0.0
2024-11-22 00:00:00+05:30,3467.65948036631,3580.110723515332,3441.008137113958,3570.203125,2534018,0.0,0.0
2024-11-25 00:00:00+05:30,3626.18110979966,3726.247856272274,3620.2365506032675,3718.32177734375,4753829,0.0,0.0
2024-11-26 00:00:00+05:30,3720.203996884119,3720.203996884119,3655.9037805332373,3668.387451171875,1141534,0.0,0.0
2024-11-27 00:00:00+05:30,3669.774513123046,3685.6266708471194,3650.950075825708,3664.5234375,971816,0.0,0.0
2024-11-28 00:00:00+05:30,3665.811542392949,3686.1221198575586,3614.2920288241835,3632.17529296875,2124283,0.0,0.0
2024-11-29 00:00:00+05:30,3601.511214374312,3715.349423970889,3601.511214374312,3690.38232421875,2094305,0.0,0.0
2024-12-02 00:00:00+05:30,3672.5981504936294,3683.4965085580607,3638.96166095972,3669.823974609375,1158369,0.0,0.0
2024-12-03 00:00:00+05:30,3686.61739260098,3763.7481434838655,3667.29757557445,3752.05712890625,3252670,0.0,0.0
2024-12-04 00:00:00+05:30,3740.118390394391,3799.5639807052953,3723.3250595085055,3754.880615234375,2510166,0.0,0.0
2024-12-05 00:00:00+05:30,3774.795072699305,3848.1113024577694,3725.2570796192617,3796.14599609375,2765170,0.0,0.0
2024-12-06 00:00:00+05:30,3796.591629891723,3848.0615541590573,3764.8873156546315,3830.970947265625,1856562,0.0,0.0
2024-12-09 00:00:00+05:30,3831.7637313714667,3922.418257918458,3831.7637313714667,3910.826416015625,3332753,0.0,0.0
2024-12-10 00:00:00+05:30,3918.4552120818294,3926.8766708182884,3865.251456441381,3886.8994140625,2349493,0.0,0.0
2024-12-11 00:00:00+05:30,3886.8993599564724,3911.1729759766104,3865.9448861460396,3880.55859375,1237958,0.0,0.0
2024-12-12 00:00:00+05:30,3893.6862496560757,3922.4182855950135,3811.403594909171,3824.23388671875,1899867,0.0,0.0
2024-12-13 00:00:00+05:30,3823.342220588058,3861.981854328129,3759.1409346122255,3851.08349609375,2300361,0.0,0.0
2024-12-16 00:00:00+05:30,3846.1296229071436,3878.230144335169,3821.6083173515144,3842.01806640625,918660,0.0,0.0
2024-12-17 00:00:00+05:30,3827.354784853903,3839.59052354427,3761.9150501295635,3772.020751953125,1690180,0.0,0.0
2024-12-18 00:00:00+05:30,3772.020891790718,3783.7119065193083,3710.395676856457,3723.424072265625,1318341,0.0,0.0
2024-12-19 00:00:00+05:30,3667.941514543971,3727.4366924425294,3665.8114776014195,3682.010498046875,1856838,0.0,0.0
2024-12-20 00:00:00+05:30,3682.0105432934306,3690.5805194235677,3573.770027388189,3596.309814453125,2796593,0.0,0.0
2024-12-23 00:00:00+05:30,3636.0887444633295,3665.8115407395962,3583.628057412665,3606.861328125,1217612,0.0,0.0
2024-12-24 00:00:00+05:30,3614.2423464556105,3645.0054881752694,3598.835982411058,3606.1181640625,627922,0.0,0.0
2024-12-26 00:00:00+05:30,3624.1995464681772,3631.283382671433,3576.989936171985,3595.962890625,1124705,0.0,0.0
2024-12-27 00:00:00+05:30,3598.836013241129,3609.9820616491907,3570.2031500845333,3574.7607421875,1309122,0.0,0.0
2024-12-30 00:00:00+05:30,3574.562331818288,3589.522902163864,3533.0495912548545,3545.8798828125,1591690,0.0,0.0
