Date,Open,High,Low,Close,Volume,Dividends,Stock Splits
2015-01-02 00:00:00-05:00,3.847670932959809,3.8890236684652946,3.840152375998817,3.8645880222320557,6149500,0.0,0.0
2015-01-05 00:00:00-05:00,3.843912641671196,3.843912641671196,3.7988003946558946,3.808198928833008,5415500,0.0,0.0
2015-01-06 00:00:00-05:00,3.845792003041056,3.86834812557388,3.78752261736027,3.806319236755371,11045500,0.0,0.0
2015-01-07 00:00:00-05:00,4.058194098651696,4.078870694971104,4.035638422867048,4.046916484832764,12431500,0.0,0.0
2015-01-08 00:00:00-05:00,4.046916501369401,4.0638331462403166,4.0356384393576,4.052555084228516,6482500,0.0,0.0
2015-01-09 00:00:00-05:00,4.093906880537145,4.095786407721458,4.0074423560052,4.011201858520508,15066000,0.0,0.0
2015-01-12 00:00:00-05:00,4.018721222783548,4.026239781177995,3.9924060443296012,4.0149617195129395,9979500,0.0,0.0
2015-01-13 00:00:00-05:00,4.022481202496001,4.0393978488505,3.9454147374211876,3.981128454208374,8887500,0.0,0.0
2015-01-14 00:00:00-05:00,3.981127019406649,3.981127019406649,3.857069267401116,3.8909029960632324,12103000,0.0,0.0
2015-01-15 00:00:00-05:00,3.9924062292725013,3.9961652845704716,3.928497359592287,3.934136390686035,12284500,0.0,0.0
2015-01-16 00:00:00-05:00,3.8345147505045207,3.889025092691008,3.8232366868594747,3.885265588760376,12934500,0.0,0.0
2015-01-20 00:00:00-05:00,3.9303761507586676,3.9322556778411566,3.8833843885231825,3.913459062576294,5316500,0.0,0.0
2015-01-21 00:00:00-05:00,4.1089447915675725,4.155936112194781,4.093907228375358,4.118342876434326,21364000,0.0,0.0
2015-01-22 00:00:00-05:00,4.133380210748436,4.178492454571485,4.129621155861011,4.167214393615723,9618500,0.0,0.0
2015-01-23 00:00:00-05:00,4.231123581590967,4.300671487482152,4.214206935211815,4.248040676116943,14814000,0.0,0.0
2015-01-26 00:00:00-05:00,4.379615565001313,4.411569767413504,4.375856510686159,4.392773151397705,17967000,0.0,0.0
2015-01-27 00:00:00-05:00,4.323225591753081,4.353300266136731,4.31194753284088,4.334503650665283,8247500,0.0,0.0
2015-01-28 00:00:00-05:00,4.490517333073596,4.494276836874238,4.405932754954104,4.40969181060791,17519500,0.0,0.0
2015-01-29 00:00:00-05:00,4.428487017577709,4.436005574628554,4.396532814001598,4.4303669929504395,12854000,0.0,0.0
2015-01-30 00:00:00-05:00,4.40217173754911,4.436005467534445,4.373976589105763,4.3777360916137695,11329000,0.0,0.0
2015-02-02 00:00:00-05:00,4.31570695199816,4.392772939501467,4.306308420370284,4.385254383087158,8135500,0.0,0.0
2015-02-03 00:00:00-05:00,4.351422163791644,4.398413493783001,4.3495421879262866,4.396533966064453,10221000,0.0,0.0
2015-02-04 00:00:00-05:00,4.676603116969085,4.990507058108622,4.620213259877923,4.875847816467285,46101000,0.0,0.0
2015-02-05 00:00:00-05:00,4.990506559937971,5.071332058515013,4.9811084754343025,5.041257381439209,17832500,0.0,0.0
2015-02-06 00:00:00-05:00,5.001784590360541,5.037498297186597,4.984867500577666,4.994266033172607,9647500,0.0,0.0
2015-02-09 00:00:00-05:00,4.828855991363525,4.858930671108574,4.819457457878998,4.828855991363525,11959500,0.0,0.0
2015-02-10 00:00:00-05:00,4.868329437446915,4.911561711600404,4.843893784745082,4.898404121398926,10809000,0.0,0.0
2015-02-11 00:00:00-05:00,4.866450117420545,4.9172009526911165,4.866450117420545,4.905922889709473,7784500,0.0,0.0
2015-02-12 00:00:00-05:00,5.01494341055404,5.1014079598419855,5.0130638828315925,5.095768928527832,14578500,0.0,0.0
2015-02-13 00:00:00-05:00,5.114564556834655,5.161556325943525,5.112685029477252,5.131481647491455,7761000,0.0,0.0
2015-02-17 00:00:00-05:00,4.958553790948996,5.011184154956598,4.943516672131634,4.999906539916992,11144000,0.0,0.0
2015-02-18 00:00:00-05:00,5.076972330022606,5.285615145157637,5.054416204663096,5.266818523406982,25108000,0.0,0.0
2015-02-19 00:00:00-05:00,5.123962870710678,5.167195135108531,5.103286278076898,5.144639015197754,12881000,0.0,0.0
2015-02-20 00:00:00-05:00,5.0769715844687715,5.133361441439877,5.05441546242163,5.123963356018066,11331000,0.0,0.0
2015-02-23 00:00:00-05:00,5.084490447041965,5.092009453605965,5.063814299357897,5.080731391906738,7342000,0.0,0.0
2015-02-24 00:00:00-05:00,5.16155726135125,5.2273452122500785,5.155918230110378,5.2141876220703125,8431500,0.0,0.0
2015-02-25 00:00:00-05:00,5.187872544461612,5.2311048194000165,5.182233513109055,5.204789638519287,4915500,0.0,0.0
2015-02-26 00:00:00-05:00,5.268697562579,5.313809360968054,5.263058531762022,5.28749418258667,6143500,0.0,0.0
2015-02-27 00:00:00-05:00,5.357040631990843,5.385235780813541,5.321327374344342,5.323206901550293,8342000,0.0,0.0
2015-03-02 00:00:00-05:00,5.253659644539624,5.2874933761343765,5.2423815846258055,5.283734321594238,6048500,0.0,0.0
2015-03-03 00:00:00-05:00,5.2555395459319145,5.261178576290245,5.21230727861587,5.231103897094727,6191000,0.0,0.0
2015-03-04 00:00:00-05:00,5.227345436564981,5.2480220347177164,5.191632168036012,5.242383003234863,5019500,0.0,0.0
2015-03-05 00:00:00-05:00,5.2592996975014925,5.28937393225925,5.249901163029601,5.274336814880371,6084000,0.0,0.0
2015-03-06 00:00:00-05:00,5.214186972985069,5.223585506598819,5.167195649356567,5.170954704284668,7109000,0.0,0.0
2015-03-09 00:00:00-04:00,5.103287400062995,5.13336208384055,5.092009785774865,5.125843524932861,5056000,0.0,0.0
2015-03-10 00:00:00-04:00,5.007423620288165,5.020581207403723,4.986747475984674,4.994266033172607,7700000,0.0,0.0
2015-03-11 00:00:00-04:00,5.0374982085388575,5.0544148498773405,5.026220148882075,5.045016765594482,7595500,0.0,0.0
2015-03-12 00:00:00-04:00,5.078852190536975,5.103287845228612,5.078852190536975,5.099528789520264,5950500,0.0,0.0
2015-03-13 00:00:00-04:00,5.005544855197898,5.005544855197898,4.964192112147635,4.992386817932129,7555000,0.0,0.0
2015-03-16 00:00:00-04:00,4.8363748957766335,4.864570050103582,4.826976809765501,4.853291988372803,11894000,0.0,0.0
2015-03-17 00:00:00-04:00,5.103287453565967,5.107046957132627,4.98862819661793,5.028100967407227,9300500,0.0,0.0
2015-03-18 00:00:00-04:00,5.253659644539624,5.31944758045906,5.212306907571191,5.283734321594238,12221500,0.0,0.0
2015-03-19 00:00:00-04:00,5.2630594224712075,5.270577982117347,5.208549080779718,5.234864711761475,5273000,0.0,0.0
2015-03-20 00:00:00-04:00,5.253660440228285,5.2818551461363334,5.214187224551539,5.24614143371582,7276000,0.0,0.0
2015-03-23 00:00:00-04:00,5.240503489495609,5.257420135842663,5.219826891287481,5.221706867218018,6267000,0.0,0.0
2015-03-24 00:00:00-04:00,5.20290948239956,5.214187544713986,5.172835247090157,5.1822333335876465,4719000,0.0,0.0
2015-03-25 00:00:00-04:00,5.154038152804183,5.161556710941325,5.00742425246951,5.016822338104248,13284500,0.0,0.0
2015-03-26 00:00:00-04:00,4.9566741744260225,5.005545481928071,4.951035142933723,4.988628387451172,5649500,0.0,0.0
2015-03-27 00:00:00-04:00,5.011183443631886,5.043138100839856,5.011183443631886,5.0337395668029785,4196500,0.0,0.0
2015-03-30 00:00:00-04:00,5.086370037113332,5.101407152807688,5.078851031119414,5.0920090675354,6844000,0.0,0.0
2015-03-31 00:00:00-04:00,5.018702450120096,5.043138100839856,4.998025854497672,5.0337395668029785,8756500,0.0,0.0
2015-04-01 00:00:00-04:00,5.161556593998804,5.163436121453817,5.075092057013758,5.123963356018066,9593000,0.0,0.0
2015-04-02 00:00:00-04:00,5.24614232715726,5.259300366721562,5.2179476164475265,5.234864711761475,8307000,0.0,0.0
2015-04-06 00:00:00-04:00,5.494257602454584,5.560045550223734,5.4717014785641425,5.516813278198242,12264000,0.0,0.0
2015-04-07 00:00:00-04:00,5.505535327774451,5.505535327774451,5.435987875232531,5.4453864097595215,7908500,0.0,0.0
2015-04-08 00:00:00-04:00,5.52433191483659,5.561925604567441,5.513054300878802,5.548767566680908,6851500,0.0,0.0
2015-04-09 00:00:00-04:00,5.590119755216789,5.640870581488631,5.54876701433204,5.620194435119629,8290500,0.0,0.0
2015-04-10 00:00:00-04:00,5.742372677448499,5.768687854286775,5.719816555503264,5.7442522048950195,10964500,0.0,0.0
2015-04-13 00:00:00-04:00,5.7254551455775555,5.761168853194769,5.697259995314832,5.708538055419922,6976000,0.0,0.0
2015-04-14 00:00:00-04:00,5.8795878977196185,5.892745485819746,5.798762393571172,5.85139274597168,13585500,0.0,0.0
2015-04-15 00:00:00-04:00,5.945376550021806,5.971691727389038,5.900264305224548,5.967932224273682,21928500,0.0,0.0
2015-04-16 00:00:00-04:00,5.808159631583637,5.860790424454505,5.795002045402587,5.841993808746338,12621500,0.0,0.0
2015-04-17 00:00:00-04:00,5.59575782939089,5.670944292225227,5.582600243209548,5.640869617462158,17676500,0.0,0.0
2015-04-20 00:00:00-04:00,5.725455937074658,5.734854471177073,5.685983169396771,5.706659317016602,5213500,0.0,0.0
2015-04-21 00:00:00-04:00,5.811919477966844,5.8175585078277114,5.774326244325526,5.80440092086792,9337500,0.0,0.0
2015-04-22 00:00:00-04:00,6.03372099136099,6.127704093626611,6.011164867558529,6.08071231842041,18871500,0.0,0.0
2015-04-23 00:00:00-04:00,5.682223235550772,5.825077626796435,5.670945174741189,5.774326801300049,20733000,0.0,0.0
2015-04-24 00:00:00-04:00,5.911541948069234,5.92657951131971,5.860791124410663,5.890865802764893,16455500,0.0,0.0
2015-04-27 00:00:00-04:00,5.888985596072168,5.900263656030582,5.8513923616419286,5.862670421600342,7363000,0.0,0.0
2015-04-28 00:00:00-04:00,5.804400794888865,5.8438735549115215,5.789363232870697,5.828836441040039,4785500,0.0,0.0
2015-04-29 00:00:00-04:00,5.7780859751237434,5.8119201582492215,5.721696118061361,5.770567417144775,5446000,0.0,0.0
2015-04-30 00:00:00-04:00,5.695380430490515,5.708538017810864,5.59763784108597,5.682222843170166,6355500,0.0,0.0
2015-05-01 00:00:00-04:00,5.697260782292345,5.8457542151788155,5.695381254730776,5.8100409507751465,6832000,0.0,0.0
2015-05-04 00:00:00-04:00,5.810040809555547,5.868310195868827,5.8081608338929005,5.855152606964111,6115000,0.0,0.0
2015-05-05 00:00:00-04:00,5.810040419184563,5.838235122615505,5.699140236556932,5.701019763946533,8268000,0.0,0.0
2015-05-06 00:00:00-04:00,5.689741972742907,5.704779537011987,5.595758876611481,5.631472587585449,9887500,0.0,0.0
2015-05-07 00:00:00-04:00,5.659667926412909,5.7029002002914195,5.65026983982026,5.6953816413879395,4993000,0.0,0.0
2015-05-08 00:00:00-04:00,5.734854063671884,5.778085883401368,5.727335057665527,5.759289264678955,4792500,0.0,0.0
2015-05-11 00:00:00-04:00,5.851393950932532,5.864551541742164,5.7931245561831854,5.796884059906006,4451500,0.0,0.0
2015-05-12 00:00:00-04:00,5.962292855056624,5.969811860860308,5.915301533590603,5.922820091247559,14985000,0.0,0.0
2015-05-13 00:00:00-04:00,6.095749074575335,6.099508129278948,5.98672842152958,6.014923572540283,18655500,0.0,0.0
2015-05-14 00:00:00-04:00,6.01492401084827,6.054396776992916,5.999886446497866,6.050637722015381,11105000,0.0,0.0
2015-05-15 00:00:00-04:00,6.123944673013255,6.159658386800726,6.097629493652713,6.154019355773926,7993500,0.0,0.0
2015-05-18 00:00:00-04:00,6.123944891803662,6.137102930100818,6.09011115258087,6.099509239196777,3234500,0.0,0.0
2015-05-19 00:00:00-04:00,6.193491260468567,6.193491260468567,6.122063848030155,6.129582405090332,7970000,0.0,0.0
2015-05-20 00:00:00-04:00,6.088230600355767,6.093869630635093,6.0374793278418295,6.046877861022949,4702500,0.0,0.0
2015-05-21 00:00:00-04:00,5.984848452851501,5.988607955424607,5.952894249493508,5.9792094230651855,4910000,0.0,0.0
2015-05-22 00:00:00-04:00,5.956654593870447,5.990488779915341,5.951015562862965,5.96229362487793,5277000,0.0,0.0
2015-05-26 00:00:00-04:00,5.990488672117652,5.992368199704062,5.911542687580304,5.945376873016357,6204500,0.0,0.0
2015-05-27 00:00:00-04:00,5.883346941808091,5.892745026226596,5.832595672620046,5.872068881988525,5056500,0.0,0.0
2015-05-28 00:00:00-04:00,5.830717001975377,5.8777087754117145,5.817559412968426,5.8607916831970215,8637500,0.0,0.0
2015-05-29 00:00:00-04:00,5.808160662947743,5.845753901039567,5.7856049889806975,5.811920166015625,3674500,0.0,0.0
2015-06-01 00:00:00-04:00,5.80064192178474,5.830716600937843,5.755530127128451,5.789363861083984,6835500,0.0,0.0
2015-06-02 00:00:00-04:00,5.732974738863833,5.76680892529284,5.717937621437691,5.740493297576904,8561500,0.0,0.0
2015-06-03 00:00:00-04:00,5.691623877747873,5.74425425016372,5.689743901485233,5.719818592071533,6608500,0.0,0.0
2015-06-04 00:00:00-04:00,5.685983970766856,5.70102108967389,5.608917503964505,5.642751693725586,6109500,0.0,0.0
2015-06-05 00:00:00-04:00,5.603278043558682,5.667186914390178,5.5957594846805065,5.648390293121338,6949500,0.0,0.0
2015-06-08 00:00:00-04:00,5.539368019573193,5.56756271925263,5.482978172067651,5.501774787902832,6434500,0.0,0.0
2015-06-09 00:00:00-04:00,5.454784098701137,5.492377337776451,5.413431804606347,5.477340221405029,7750500,0.0,0.0
2015-06-10 00:00:00-04:00,5.595759203503635,5.669066157212607,5.588240645003253,5.635231971740723,4320500,0.0,0.0
2015-06-11 00:00:00-04:00,5.738613753453496,5.768688436366194,5.7141781015961035,5.734854698181152,3730000,0.0,0.0
2015-06-12 00:00:00-04:00,5.708538787705661,5.738613469128279,5.702899756929747,5.721696376800537,3106500,0.0,0.0
2015-06-15 00:00:00-04:00,5.76116805004876,5.808159363073443,5.723574820370354,5.7668070793151855,5052000,0.0,0.0
2015-06-16 00:00:00-04:00,5.714177818481574,5.751771058223156,5.699140701843649,5.721696376800537,3741000,0.0,0.0
2015-06-17 00:00:00-04:00,5.614555778628105,5.642750932961024,5.597638686028354,5.6295928955078125,5333000,0.0,0.0
2015-06-18 00:00:00-04:00,5.631473704597924,5.684104069612145,5.631473704597924,5.674705982208252,2819500,0.0,0.0
2015-06-19 00:00:00-04:00,5.614556190952291,5.633352812505707,5.5713239165647535,5.576962947845459,3605000,0.0,0.0
2015-06-22 00:00:00-04:00,5.699140792221103,5.746132118569888,5.69162223378291,5.732974529266357,3937000,0.0,0.0
2015-06-23 00:00:00-04:00,5.798761765150387,5.83635499797578,5.796882237953123,5.828836441040039,3564000,0.0,0.0
2015-06-24 00:00:00-04:00,5.751771343200279,5.772447939785327,5.725456163706713,5.734854698181152,3672500,0.0,0.0
2015-06-25 00:00:00-04:00,5.902144380035321,5.958534238832717,5.849513576269695,5.855152606964111,5611000,0.0,0.0
2015-06-26 00:00:00-04:00,5.905903315089209,5.907782842566911,5.836355868799947,5.858911991119385,4683500,0.0,0.0
2015-06-29 00:00:00-04:00,5.796883362183336,5.806281448138979,5.697260782914187,5.706659317016602,6254500,0.0,0.0
2015-06-30 00:00:00-04:00,5.392754598316744,5.4623020379104315,5.323207158723056,5.33636474609375,14208000,0.0,0.0
2015-07-01 00:00:00-04:00,5.351401092949458,5.449143668704025,5.3194468927558445,5.358920097351074,5534500,0.0,0.0
2015-07-02 00:00:00-04:00,5.3683189508721085,5.38523604098302,5.3213276314263025,5.33636474609375,3807000,0.0,0.0
2015-07-06 00:00:00-04:00,5.281855970945354,5.332606808022454,5.2442627250995875,5.270577907562256,3475000,0.0,0.0
2015-07-07 00:00:00-04:00,5.283734861141332,5.30253148020154,5.2066684092917574,5.295012474060059,5891500,0.0,0.0
2015-07-08 00:00:00-04:00,5.167195928579995,5.201029665494944,5.031860084626652,5.039378643035889,7655500,0.0,0.0
2015-07-09 00:00:00-04:00,5.232984359186678,5.2818556655901885,5.127723187274535,5.142760753631592,12866500,0.0,0.0
2015-07-10 00:00:00-04:00,5.315689240296345,5.400273804723928,5.308170233912183,5.338244915008545,22552000,0.0,0.0
2015-07-13 00:00:00-04:00,5.4040332405549405,5.481099245784498,5.353282412901645,5.388996124267578,31160500,0.0,0.0
2015-07-14 00:00:00-04:00,5.332606060456136,5.342004594673439,5.313809440168311,5.319448471069336,7776000,0.0,0.0
2015-07-15 00:00:00-04:00,5.281854380772655,5.295011968042722,5.240502091680075,5.248020648956299,6300000,0.0,0.0
2015-07-16 00:00:00-04:00,5.296893477347678,5.315690100054719,5.257420255960104,5.259300231933594,7064500,0.0,0.0
2015-07-17 00:00:00-04:00,5.349523872121734,5.349523872121734,5.2818559403618055,5.28561544418335,5321500,0.0,0.0
2015-07-20 00:00:00-04:00,5.296891908778126,5.304410466005104,5.257418699079762,5.283734321594238,6961500,0.0,0.0
2015-07-21 00:00:00-04:00,5.36080096416798,5.398394202984916,5.340124817262693,5.3476433753967285,17691000,0.0,0.0
2015-07-22 00:00:00-04:00,5.347643597006941,5.366440217194355,5.323207945948627,5.33448600769043,4984500,0.0,0.0
2015-07-23 00:00:00-04:00,5.526210653363905,5.5450072699475905,5.479218887831346,5.488617420196533,7584500,0.0,0.0
2015-07-24 00:00:00-04:00,5.55440513298267,5.582600280808777,5.475459615362913,5.501774787902832,11163500,0.0,0.0
2015-07-27 00:00:00-04:00,5.452904832445157,5.464182894337445,5.375838374945705,5.428469181060791,14113000,0.0,0.0
2015-07-28 00:00:00-04:00,5.454783924423886,5.498016192793926,5.4002735950622265,5.496136665344238,4974000,0.0,0.0
2015-07-29 00:00:00-04:00,5.513053235570113,5.565683584359117,5.513053235570113,5.552525997161865,4926000,0.0,0.0
2015-07-30 00:00:00-04:00,5.625833772517915,5.637111834115077,5.4435061557062445,5.473580837249756,10592000,0.0,0.0
2015-07-31 00:00:00-04:00,5.360800660992941,5.375837776410602,5.319447921374275,5.328846454620361,5534000,0.0,0.0
2015-08-03 00:00:00-04:00,5.24614171363804,5.259299751663552,5.18223329189947,5.217947006225586,7237500,0.0,0.0
2015-08-04 00:00:00-04:00,5.169075934572924,5.176594493678046,5.110806541324715,5.142760753631592,6808000,0.0,0.0
2015-08-05 00:00:00-04:00,5.095768928527832,5.12584361282105,5.0750927791404745,5.095768928527832,6710500,0.0,0.0
2015-08-06 00:00:00-04:00,5.035619088528887,5.048777125794655,4.971710670480382,4.992386817932129,5756500,0.0,0.0
2015-08-07 00:00:00-04:00,5.013064768098471,5.045018985756994,4.990508638858625,5.043139457702637,3121000,0.0,0.0
2015-08-10 00:00:00-04:00,5.050656861357586,5.1070467233958174,5.050656861357586,5.103287220001221,3368500,0.0,0.0
2015-08-11 00:00:00-04:00,5.150278163937596,5.189750926544968,5.118323958758288,5.1408796310424805,5299000,0.0,0.0
2015-08-12 00:00:00-04:00,5.048777040276181,5.048777040276181,4.93411734709356,5.022461414337158,5411000,0.0,0.0
2015-08-13 00:00:00-04:00,5.073212771699578,5.093889369105071,5.056296126009203,5.069453716278076,3714000,0.0,0.0
2015-08-14 00:00:00-04:00,5.088250057585356,5.1070466780980475,5.060054902742929,5.0976481437683105,1906000,0.0,0.0
2015-08-17 00:00:00-04:00,5.014944296152828,5.060056106485632,4.998027199222944,5.043139457702637,2512500,0.0,0.0
2015-08-18 00:00:00-04:00,5.054416327892558,5.080731957502514,5.041258737160993,5.050657272338867,2241000,0.0,0.0
2015-08-19 00:00:00-04:00,5.028100815591247,5.029980791391218,4.967951449221652,5.005545139312744,5114000,0.0,0.0
2015-08-20 00:00:00-04:00,4.870209133613724,4.883366723059603,4.781864614532171,4.796902179718018,7126000,0.0,0.0
2015-08-21 00:00:00-04:00,4.714196835477439,4.755549580817456,4.605176613249092,4.607056140899658,7656500,0.0,0.0
2015-08-24 00:00:00-04:00,4.221724388329923,4.49239603723676,4.0431562990690715,4.370217800140381,11455000,0.0,0.0
2015-08-25 00:00:00-04:00,4.665324411793218,4.667203938812186,4.469839261128005,4.471718788146973,8259000,0.0,0.0
2015-08-26 00:00:00-04:00,4.6766037066329025,4.710437894041735,4.541267853291184,4.70667839050293,12455000,0.0,0.0
2015-08-27 00:00:00-04:00,4.798781391880423,4.877727371513242,4.796901864410779,4.860810279846191,9333500,0.0,0.0
2015-08-28 00:00:00-04:00,4.892765132976248,4.898404164275784,4.830736236828149,4.862690448760986,6608000,0.0,0.0
2015-08-31 00:00:00-04:00,4.853290823020877,4.892763581453796,4.8326146802436325,4.8457722663879395,6377500,0.0,0.0
2015-09-01 00:00:00-04:00,4.723595090922668,4.749910269062899,4.654047642346302,4.676603317260742,7050500,0.0,0.0
2015-09-02 00:00:00-04:00,4.746150950042488,4.787503242492676,4.684122063220465,4.787503242492676,4382000,0.0,0.0
2015-09-03 00:00:00-04:00,4.825096277089702,4.834494810162746,4.736752217307355,4.759308338165283,8570500,0.0,0.0
2015-09-04 00:00:00-04:00,4.623974115143636,4.661567364197903,4.597658930435025,4.616455554962158,5204500,0.0,0.0
2015-09-08 00:00:00-04:00,4.618333342204874,4.693519811973737,4.618333342204874,4.680362224578857,8092500,0.0,0.0
2015-09-09 00:00:00-04:00,4.8119379766821,4.832614567122014,4.699158285387986,4.7104363441467285,8931000,0.0,0.0
2015-09-10 00:00:00-04:00,4.840133440371304,4.904041846658183,4.802540207479411,4.873967170715332,7800000,0.0,0.0
2015-09-11 00:00:00-04:00,4.889004910045842,4.922838641616754,4.862689287549909,4.917199611663818,7043000,0.0,0.0
2015-09-14 00:00:00-04:00,4.8796067237854,4.881486251187562,4.845772989812817,4.8796067237854,3549000,0.0,0.0
2015-09-15 00:00:00-04:00,4.806301039693817,4.870209917766777,4.772467296834951,4.857052326202393,5414000,0.0,0.0
2015-09-16 00:00:00-04:00,4.87772699628927,4.949153964255421,4.862689433248644,4.913440704345703,5635000,0.0,0.0
2015-09-17 00:00:00-04:00,4.990507256206523,5.048777091216464,4.9604325749347415,4.966071605682373,7424500,0.0,0.0
2015-09-18 00:00:00-04:00,4.842013962009583,4.870209116542477,4.757428946557677,4.776225566864014,6238000,0.0,0.0
2015-09-21 00:00:00-04:00,4.806300174826118,4.842013887301158,4.764947879678276,4.785624027252197,3675500,0.0,0.0
2015-09-22 00:00:00-04:00,4.710437564752868,4.727354657274674,4.654047704493621,4.702919006347656,6076000,0.0,0.0
2015-09-23 00:00:00-04:00,4.702918767369859,4.7217153865011285,4.648408437445152,4.695399761199951,9127000,0.0,0.0
2015-09-24 00:00:00-04:00,4.706678061476876,4.710437564752868,4.607055930204195,4.702919006347656,13525000,0.0,0.0
2015-09-25 00:00:00-04:00,4.852082310349572,4.870939977544936,4.7464792841350905,4.778537273406982,7520500,0.0162,0.0
2015-09-28 00:00:00-04:00,4.678592414571412,4.682364128514261,4.5013304017017495,4.535274028778076,16978500,0.0,0.0
2015-09-29 00:00:00-04:00,4.403270984910877,4.46172963723544,4.3862989440673354,4.452301025390625,8367500,0.0,0.0
2015-09-30 00:00:00-04:00,4.569217738635285,4.625790745622311,4.542816642359504,4.620133399963379,5370000,0.0,0.0
2015-10-01 00:00:00-04:00,4.676707502241173,4.688022196208951,4.625791828988564,4.66162109375,7910000,0.0,0.0
2015-10-02 00:00:00-04:00,4.793624413821704,4.859626034350408,4.688021371373457,4.85774040222168,11063000,0.0,0.0
2015-10-05 00:00:00-04:00,4.980315426382217,5.0067160742955,4.955800410576364,4.995401382446289,9156500,0.0,0.0
2015-10-06 00:00:00-04:00,4.976543726304277,4.99351576412495,4.918085084391712,4.965229034423828,4649500,0.0,0.0
2015-10-07 00:00:00-04:00,5.025573825435661,5.053860555516059,4.980315506909344,5.0463175773620605,2966500,0.0,0.0
2015-10-08 00:00:00-04:00,4.953913870882932,4.989743122371554,4.904883848253813,4.9822001457214355,8386000,0.0,0.0
2015-10-09 00:00:00-04:00,5.002945380714492,5.023688685069144,4.980315994434972,5.016145706176758,3273000,0.0,0.0
2015-10-12 00:00:00-04:00,5.029346097242134,5.055746748511036,5.006716710667433,5.03688907623291,3734500,0.0,0.0
2015-10-13 00:00:00-04:00,4.985973508869724,5.048203873631176,4.976544447735016,4.980316162109375,1921000,0.0,0.0
2015-10-14 00:00:00-04:00,4.942600636007916,4.972773001092144,4.899227945499782,4.904885292053223,2388500,0.0,0.0
2015-10-15 00:00:00-04:00,5.014259052076684,5.091575813307551,5.006716074045025,5.0896897315979,3883500,0.0,0.0
2015-10-16 00:00:00-04:00,5.11986192992152,5.127405357314737,5.06328892208619,5.125519275665283,3852000,0.0,0.0
2015-10-19 00:00:00-04:00,5.1575772834317934,5.176434952764911,5.123633658473103,5.172663688659668,3982000,0.0,0.0
2015-10-20 00:00:00-04:00,5.138720472040788,5.155692512154874,5.110434188119687,5.134949207305908,2818000,0.0,0.0
2015-10-21 00:00:00-04:00,5.35369765530641,5.3687836116396275,5.293352930768896,5.299010276794434,7192500,0.0,0.0
2015-10-22 00:00:00-04:00,5.366898395260097,5.440443449687127,5.36501276297295,5.4197001457214355,7468500,0.0,0.0
2015-10-23 00:00:00-04:00,5.393298273415255,5.459300339640405,5.334839634463253,5.431014060974121,8122500,0.0,0.0
2015-10-26 00:00:00-04:00,5.478157927764465,5.483815273334681,5.4347852447943295,5.457414627075195,6358500,0.0,0.0
2015-10-27 00:00:00-04:00,5.365012819767126,5.4008425312163615,5.331068740624999,5.393299102783203,3882000,0.0,0.0
2015-10-28 00:00:00-04:00,5.408385394634036,5.480044366400967,5.380098662619226,5.463072776794434,4759000,0.0,0.0
2015-10-29 00:00:00-04:00,5.310324968845507,5.3272970069221195,5.153806261078508,5.299010276794434,9424500,0.0,0.0
2015-10-30 00:00:00-04:00,5.380098206719328,5.402727590413602,5.353697558810884,5.355583190917969,3593000,0.0,0.0
2015-11-02 00:00:00-05:00,5.381984719028715,5.45741540457491,5.381984719028715,5.44610071182251,3570500,0.0,0.0
2015-11-03 00:00:00-05:00,5.415928198340282,5.483815903380336,5.415928198340282,5.451757907867432,3402000,0.0,0.0
2015-11-04 00:00:00-05:00,5.383869838474638,5.406499221823995,5.346154499293916,5.365012168884277,4433500,0.0,0.0
2015-11-05 00:00:00-05:00,5.365013317089362,5.39895694977561,5.3291836023188095,5.346155643463135,2683500,0.0,0.0
2015-11-06 00:00:00-05:00,5.255638172588664,5.297125231504712,5.238666582234147,5.289582252502441,4522500,0.0,0.0
2015-11-09 00:00:00-05:00,5.297124700478489,5.331068327387113,5.22735136489797,5.2556376457214355,3309000,0.0,0.0
2015-11-10 00:00:00-05:00,5.282038688320145,5.312210600986579,5.246208980025851,5.299010276794434,2407500,0.0,0.0
2015-11-11 00:00:00-05:00,5.355582903852349,5.36312633108098,5.315981934112342,5.336725234985352,2841000,0.0,0.0
2015-11-12 00:00:00-05:00,5.283924376147228,5.300896414402704,5.248094667475334,5.2556376457214355,2644000,0.0,0.0
2015-11-13 00:00:00-05:00,5.187750247531865,5.200950572639789,5.1368345793720565,5.1500349044799805,3857500,0.0,0.0
2015-11-16 00:00:00-05:00,5.125520491618619,5.176436165789171,5.119863144532735,5.174550533294678,3161000,0.0,0.0
2015-11-17 00:00:00-05:00,5.068946579581338,5.136834283079438,5.040660298725154,5.067060947418213,7355000,0.0,0.0
2015-11-18 00:00:00-05:00,5.0614034515786015,5.095347077522223,5.046317495515284,5.0896897315979,4675500,0.0,0.0
2015-11-19 00:00:00-05:00,5.072718034326949,5.097233049604325,5.0538603648522225,5.0651750564575195,2837000,0.0,0.0
2015-11-20 00:00:00-05:00,5.074603489269503,5.09346115808602,5.05763145245395,5.070831775665283,2600500,0.0,0.0
2015-11-23 00:00:00-05:00,5.05385990122873,5.099118213895774,5.044430842555203,5.051973819732666,3227500,0.0,0.0
2015-11-24 00:00:00-05:00,5.065173916647453,5.0991175342227475,5.029344217827494,5.084031581878662,3368500,0.0,0.0
2015-11-25 00:00:00-05:00,4.991630662350565,5.012373966600394,4.989744580435226,4.999173641204834,3131000,0.0,0.0
2015-11-27 00:00:00-05:00,5.010487788112676,5.042545781950565,4.989744036521683,4.995401382446289,1060500,0.0,0.0
2015-11-30 00:00:00-05:00,4.893570096216386,4.910542134133124,4.870940712327403,4.887912750244141,4412000,0.0,0.0
2015-12-01 00:00:00-05:00,4.940715312957764,4.970887682676317,4.931286700322085,4.940715312957764,3015500,0.0,0.0
2015-12-02 00:00:00-05:00,4.8445404786841095,4.846426110968751,4.776652770811099,4.789853096008301,10192500,0.0,0.0
2015-12-03 00:00:00-05:00,4.833224640737869,4.853967939761723,4.748364913600037,4.761565685272217,8753500,0.0,0.0
2015-12-04 00:00:00-05:00,4.7351649859305285,4.791737992200401,4.7276220083483365,4.787966728210449,7160500,0.0,0.0
2015-12-07 00:00:00-05:00,4.786081067915993,4.795509677437411,4.742708385071986,4.770994663238525,2393500,0.0,0.0
2015-12-08 00:00:00-05:00,4.691791790767659,4.708763825676978,4.652190825581486,4.676705837249756,6400500,0.0,0.0
2015-12-09 00:00:00-05:00,4.652191956798816,4.654077589046501,4.557903600379368,4.593733310699463,6877500,0.0,0.0
2015-12-10 00:00:00-05:00,4.6653918535687655,4.680478258972724,4.635219492363156,4.644648551940918,4682500,0.0,0.0
2015-12-11 00:00:00-05:00,4.620133892306927,4.6352198492701815,4.571103857772838,4.589961528778076,6541000,0.0,0.0
2015-12-14 00:00:00-05:00,4.616363284108498,4.6710506780046845,4.578647933063359,4.648421287536621,9530500,0.0,0.0
2015-12-15 00:00:00-05:00,4.6427623329968135,4.671049061291472,4.586189326009787,4.620133399963379,9867000,0.0,0.0
2015-12-16 00:00:00-05:00,4.686135693400923,4.769109808646533,4.671049735866643,4.75968074798584,10996500,0.0,0.0
2015-12-17 00:00:00-05:00,4.774767088577195,4.806825085092519,4.737051745664772,4.7389373779296875,4907000,0.0,0.0
2015-12-18 00:00:00-05:00,4.637106697532228,4.655964371654339,4.608819961547852,4.608819961547852,5797500,0.0,0.0
2015-12-21 00:00:00-05:00,4.580532726577599,4.605047745226013,4.520188445721967,4.5918474197387695,7360500,0.0,0.0
2015-12-22 00:00:00-05:00,4.537159200622241,4.595618287992518,4.52584495914626,4.582417964935303,4947500,0.0,0.0
2015-12-23 00:00:00-05:00,4.618246695955115,4.6616193737601925,4.605046374397339,4.642761707305908,5651000,0.0,0.0
2015-12-24 00:00:00-05:00,4.635220400925339,4.672935747424463,4.6333347684811015,4.6578497886657715,2337000,0.0,0.0
2015-12-28 00:00:00-05:00,4.6597346170242595,4.67482102278203,4.625790990873332,4.652191638946533,2950500,0.0,0.0
2015-12-29 00:00:00-05:00,4.688022765150938,4.695565745510747,4.65407867912812,4.682365417480469,3288000,0.0,0.0
2015-12-30 00:00:00-05:00,4.67293578771778,4.695565175653338,4.657849828829006,4.66162109375,1724500,0.0,0.0
2015-12-31 00:00:00-05:00,4.652191461505722,4.67104913078194,4.622019100743313,4.640876770019531,3444500,0.0,0.0
2016-01-04 00:00:00-05:00,4.610703817244155,4.676705876037424,4.584303173567745,4.663505554199219,12411000,0.0,0.0
2016-01-05 00:00:00-05:00,4.697449862452418,4.850197301062477,4.697449862452418,4.80305290222168,17413000,0.0,0.0
2016-01-06 00:00:00-05:00,4.803053367892221,4.803053367892221,4.388184146518229,4.456071853637695,26404500,0.0,0.0
2016-01-07 00:00:00-05:00,4.435327991222931,4.459843005972488,4.369325924681287,4.38818359375,10547000,0.0,0.0
2016-01-08 00:00:00-05:00,4.491901433696948,4.508873472384079,4.337268352508545,4.337268352508545,9348000,0.0,0.0
2016-01-11 00:00:00-05:00,4.407040336677524,4.416469394031508,4.3353813891164865,4.405154705047607,11962000,0.0,0.0
2016-01-12 00:00:00-05:00,4.352354100064343,4.354239731987771,4.2524084144863625,4.308981418609619,10302500,0.0,0.0
2016-01-13 00:00:00-05:00,4.363668741094932,4.380640778767912,4.214693015037501,4.24109411239624,11860000,0.0,0.0
2016-01-14 00:00:00-05:00,4.195835508276779,4.222236606661203,4.129833886321541,4.205264568328857,15053500,0.0,0.0
2016-01-15 00:00:00-05:00,4.06948860446194,4.090231904297064,3.999715278105368,4.043087959289551,8310000,0.0,0.0
2016-01-19 00:00:00-05:00,4.282580367694472,4.29389505855589,4.141148080733566,4.188292026519775,10851000,0.0,0.0
2016-01-20 00:00:00-05:00,3.9393708373988963,4.016687596033235,3.8017098069355133,3.9676575660705566,13558000,0.0,0.0
2016-01-21 00:00:00-05:00,3.9469139034702243,4.050631311450085,3.9299423154898707,3.9902865886688232,6515000,0.0,0.0
2016-01-22 00:00:00-05:00,4.035545363175538,4.127947630005781,4.029888017303968,4.099661350250244,8446000,0.0,0.0
2016-01-25 00:00:00-05:00,4.009145848387919,4.046861202683757,3.977087842196706,3.984630823135376,5887500,0.0,0.0
2016-01-26 00:00:00-05:00,3.9299429775975514,4.0148022806031465,3.9223995487772623,4.003487586975098,5391500,0.0,0.0
2016-01-27 00:00:00-05:00,4.00160119087425,4.041202161412275,3.9450281831332283,3.9676575660705566,3699500,0.0,0.0
2016-01-28 00:00:00-05:00,3.967658289107679,3.967658289107679,3.7526804608339646,3.826225519180298,12264000,0.0,0.0
2016-01-29 00:00:00-05:00,4.256179554108182,4.6163613179018865,4.2448648636933175,4.503215312957764,27585000,0.0,0.0
2016-02-01 00:00:00-05:00,4.3825263841925866,4.399498421762276,4.331610721085824,4.395727157592773,9543500,0.0,0.0
2016-02-02 00:00:00-05:00,4.216579763352553,4.280695760783758,4.193950376211006,4.2222371101379395,14145000,0.0,0.0
2016-02-03 00:00:00-05:00,4.165663542328319,4.188292476882144,4.067603477121437,4.154348850250244,7876500,0.0,0.0
2016-02-04 00:00:00-05:00,4.158119053110175,4.216578130723437,4.129832779737868,4.163776397705078,4903500,0.0,0.0
2016-02-05 00:00:00-05:00,4.19583457754874,4.201491922404599,4.088345924491885,4.097774982452393,6127500,0.0,0.0
2016-02-08 00:00:00-05:00,4.037430616220378,4.04685922538627,3.93559884969468,3.9978291988372803,7726000,0.0,0.0
2016-02-09 00:00:00-05:00,3.8526253465561795,3.9337133667026243,3.8488536329856737,3.9129700660705566,15261500,0.0,0.0
2016-02-10 00:00:00-05:00,3.8941134534046364,4.012916843063378,3.886570473820451,3.9205141067504883,4819000,0.0,0.0
2016-02-11 00:00:00-05:00,3.8413101907465594,3.88091160483811,3.792280168272794,3.8205668926239014,6217500,0.0,0.0
2016-02-12 00:00:00-05:00,3.833767173193068,3.9280555040198024,3.8054804491439342,3.9261698722839355,5804500,0.0,0.0
2016-02-16 00:00:00-05:00,4.060060609713833,4.080803912688059,4.022344818557084,4.067603588104248,6371500,0.0,0.0
2016-02-17 00:00:00-05:00,4.156234657750854,4.201492978370315,4.144919965195403,4.182635307312012,5423000,0.0,0.0
2016-02-18 00:00:00-05:00,4.254294353124471,4.254294353124471,4.180749307581303,4.190177917480469,3017500,0.0,0.0
2016-02-19 00:00:00-05:00,4.156233348270556,4.178862726251752,4.116632386405665,4.143033027648926,3748500,0.0,0.0
2016-02-22 00:00:00-05:00,4.1920640266737275,4.231664997794452,4.188292312927909,4.207149982452393,2738500,0.0,0.0
2016-02-23 00:00:00-05:00,4.092118908024358,4.133605517044166,4.054403563677787,4.056289196014404,5748500,0.0,0.0
2016-02-24 00:00:00-05:00,3.9940585923728444,4.05440331953454,3.954457168471957,4.041202545166016,3353500,0.0,0.0
2016-02-25 00:00:00-05:00,3.982743428974888,4.026116112194236,3.962000128166431,4.024230480194092,5254500,0.0,0.0
2016-02-26 00:00:00-05:00,4.03931653226859,4.092118275959503,4.033659186530197,4.061945915222168,11832000,0.0,0.0
2016-02-29 00:00:00-05:00,4.012915141553284,4.04120141540096,3.98085715471155,3.9827427864074707,5692500,0.0,0.0
2016-03-01 00:00:00-05:00,4.014802416949654,4.094004825433399,4.0053738050076655,4.0751471519470215,5364000,0.0,0.0
2016-03-02 00:00:00-05:00,4.126062269231018,4.1581202648763895,4.109090230500289,4.148691654205322,8191000,0.0,0.0
2016-03-03 00:00:00-05:00,4.152463935050736,4.1769789582394425,4.135492341768132,4.169435977935791,26241500,0.0,0.0
2016-03-04 00:00:00-05:00,4.2882383595300055,4.365555125669502,4.282581013246514,4.324068069458008,8355000,0.0,0.0
2016-03-07 00:00:00-05:00,4.3014388012173965,4.407041852041816,4.2976675366608115,4.378755569458008,10212500,0.0,0.0
2016-03-08 00:00:00-05:00,4.329723806175993,4.33726678188245,4.227892510133387,4.235435485839844,7389000,0.0,0.0
2016-03-09 00:00:00-05:00,4.412698416848961,4.422127475774946,4.354239780155591,4.390069484710693,7638000,0.0,0.0
2016-03-10 00:00:00-05:00,4.569217689609561,4.584303644803318,4.407041198464084,4.461728572845459,11957000,0.0,0.0
2016-03-11 00:00:00-05:00,4.597504085724,4.642762402066463,4.5673317249615915,4.640876770019531,7072000,0.0,0.0
2016-03-14 00:00:00-04:00,4.620133617907342,4.644648633718388,4.606933293947905,4.635219573974609,3995500,0.0,0.0
2016-03-15 00:00:00-04:00,4.608819224839495,4.627676895947255,4.589961553731735,4.623905181884766,3301000,0.0,0.0
2016-03-16 00:00:00-04:00,4.735165054175128,4.808710098266602,4.729507708506377,4.808710098266602,6914000,0.0,0.0
2016-03-17 00:00:00-04:00,4.863398447645597,4.929400527268788,4.8407690604371005,4.919971466064453,14194500,0.0,0.0
2016-03-18 00:00:00-04:00,4.938828237082176,4.984086553632996,4.916199303607917,4.953914642333984,5313500,0.0,0.0
2016-03-21 00:00:00-04:00,4.963343347970632,4.995401341546044,4.9331709864872115,4.9916300773620605,4787000,0.0,0.0
2016-03-22 00:00:00-04:00,4.910542146938394,4.957686097360289,4.895455741105626,4.952028751373291,4098000,0.0,0.0
2016-03-23 00:00:00-04:00,4.884140733550891,4.8897980791723485,4.81625303569568,4.821910381317139,4084000,0.0,0.0
2016-03-24 00:00:00-04:00,4.746479893374108,4.806824615985774,4.718193613751477,4.80305290222168,4302000,0.0,0.0
2016-03-28 00:00:00-04:00,4.867396300802417,4.890105928909482,4.808729911924705,4.835224628448486,4098500,0.018,0.0
2016-03-29 00:00:00-04:00,4.850364875173281,4.95066499710083,4.825762924421491,4.95066499710083,5819000,0.0,0.0
2016-03-30 00:00:00-04:00,4.874966913381947,4.931740542782284,4.867397186367908,4.88064432144165,4788000,0.0,0.0
2016-03-31 00:00:00-04:00,4.882535327796187,4.907137272375455,4.863610789750333,4.867395877838135,2299500,0.0,0.0
2016-04-01 00:00:00-04:00,4.687613518358899,4.719785194626273,4.627054803504623,4.716000556945801,6214000,0.0,0.0
2016-04-04 00:00:00-04:00,4.85604207392492,4.895783476721061,4.839009850785143,4.8465800285339355,10681500,0.0,0.0
2016-04-05 00:00:00-04:00,4.882535511909006,4.920384589427944,4.861718654632568,4.861718654632568,20384500,0.0,0.0
2016-04-06 00:00:00-04:00,4.86361148317297,4.897675927230145,4.810622949568442,4.890106201171875,7641500,0.0,0.0
2016-04-07 00:00:00-04:00,4.8655042553732475,4.8806437074969065,4.7633113743503035,4.7879133224487305,6157000,0.0,0.0
2016-04-08 00:00:00-04:00,4.986621385976862,4.986621385976862,4.910923220536073,4.933632850646973,4898000,0.0,0.0
2016-04-11 00:00:00-04:00,5.191006103228373,5.208038323842373,5.103953132796738,5.1058454513549805,12317000,0.0,0.0
2016-04-12 00:00:00-04:00,5.296983673866958,5.3083384877404605,5.226962923242505,5.293198585510254,11866500,0.0,0.0
2016-04-13 00:00:00-04:00,5.279951916584366,5.321586087376742,5.261027375532677,5.317800998687744,5752000,0.0,0.0
2016-04-14 00:00:00-04:00,5.217500274400798,5.262919077361548,5.204253142337105,5.225069999694824,7497000,0.0,0.0
2016-04-15 00:00:00-04:00,5.056640991055599,5.077458297643458,5.016899598618592,5.045286178588867,8546500,0.0,0.0
2016-04-18 00:00:00-04:00,4.829548089122357,5.05096519816067,4.816300954078728,5.011223793029785,14710000,0.0,0.0
2016-04-19 00:00:00-04:00,5.1001683593985545,5.109630855167249,5.043394738376285,5.062319278717041,5935000,0.0,0.0
2016-04-20 00:00:00-04:00,5.287521343057857,5.331047830129233,5.255349670213208,5.283736705780029,8329500,0.0,0.0
2016-04-21 00:00:00-04:00,5.158833913298185,5.166403637967012,4.982835220367739,4.9998674392700195,14150500,0.0,0.0
2016-04-22 00:00:00-04:00,5.124770848636898,5.145588161049712,4.980944236605702,5.041502952575684,14677500,0.0,0.0
2016-04-25 00:00:00-04:00,4.848471770012054,4.867396309737141,4.818192416212591,4.863611221313477,7501500,0.0,0.0
2016-04-26 00:00:00-04:00,4.8579346451181245,4.880644277150854,4.839010102156415,4.876859188079834,3611500,0.0,0.0
2016-04-27 00:00:00-04:00,4.867396889351437,4.882536342455681,4.80494585570226,4.8465800285339355,5552500,0.0,0.0
2016-04-28 00:00:00-04:00,4.90524527402658,4.969588617341959,4.551355983398781,4.591097831726074,11160500,0.0,0.0
2016-04-29 00:00:00-04:00,4.615699522585776,4.619484611081202,4.53243163645605,4.560818672180176,11283500,0.0,0.0
2016-05-02 00:00:00-04:00,4.721678104665494,4.727355513093739,4.659227063151517,4.678151607513428,6210000,0.0,0.0
2016-05-03 00:00:00-04:00,4.642194744155794,4.645979381865893,4.526754721260954,4.564603805541992,4788000,0.0,0.0
2016-05-04 00:00:00-04:00,4.547571811085674,4.5664963523008195,4.475658283750129,4.51350736618042,15104500,0.0,0.0
2016-05-05 00:00:00-04:00,4.530539100252863,4.549463639427993,4.500259747333334,4.538108825683594,16684500,0.0,0.0
2016-05-06 00:00:00-04:00,4.538109838760162,4.538109838760162,4.469981392281545,4.5172929763793945,11678500,0.0,0.0
2016-05-09 00:00:00-04:00,4.572173918511415,4.585421505206218,4.5116156492625334,4.528647422790527,3674500,0.0,0.0
2016-05-10 00:00:00-04:00,4.640300962929432,4.6895048520120275,4.625161512994746,4.687612533569336,5673000,0.0,0.0
2016-05-11 00:00:00-04:00,4.734926409134458,4.736818728498315,4.644088311717334,4.647873401641846,8569000,0.0,0.0
2016-05-12 00:00:00-04:00,4.93741732743354,4.948772142119265,4.852256668487245,4.890106201171875,12990500,0.0,0.0
2016-05-13 00:00:00-04:00,5.024470300623615,5.047179929974854,4.9090307375469795,4.943094730377197,15170000,0.0,0.0
2016-05-16 00:00:00-04:00,4.963911996452893,5.005546169941882,4.946880224240893,4.988513946533203,7480500,0.0,0.0
2016-05-17 00:00:00-04:00,4.948772751976782,4.988514157077674,4.895783760645562,4.905246257781982,6956000,0.0,0.0
2016-05-18 00:00:00-04:00,5.060427728550361,5.120986447316263,5.041503185335604,5.067997455596924,8432500,0.0,0.0
2016-05-19 00:00:00-04:00,4.941202118734168,4.965804065340652,4.903353039523671,4.937417030334473,4248000,0.0,0.0
2016-05-20 00:00:00-04:00,4.98094342189559,5.013115093493508,4.9790511033300096,5.003653049468994,2831500,0.0,0.0
2016-05-23 00:00:00-04:00,4.980943367162729,5.013115038407129,4.965803916411223,4.9714813232421875,2665000,0.0,0.0
2016-05-24 00:00:00-04:00,5.100168112918,5.317800541917293,5.067996441013167,5.268596649169922,18066500,0.0,0.0
2016-05-25 00:00:00-04:00,5.2988756336900815,5.3196929414476175,5.243994337814929,5.279951095581055,12560000,0.0,0.0
2016-05-26 00:00:00-04:00,5.3064463489557925,5.3140165265693735,5.262919858062684,5.3083391189575195,5251000,0.0,0.0
2016-05-27 00:00:00-04:00,5.298875377323169,5.314015277795849,5.279950840129737,5.3026604652404785,2985500,0.0,0.0
2016-05-31 00:00:00-04:00,5.306445293393005,5.315907787929363,5.240209636424797,5.27238130569458,6463500,0.0,0.0
2016-06-01 00:00:00-04:00,5.27238130569458,5.287520755516864,5.23074714188844,5.27238130569458,3159500,0.0,0.0
2016-06-02 00:00:00-04:00,5.24020987399903,5.29887580871582,5.232640148744701,5.29887580871582,2961500,0.0,0.0
2016-06-03 00:00:00-04:00,5.314016833332595,5.34051110291958,5.2761677478664195,5.289414882659912,8126500,0.0,0.0
2016-06-06 00:00:00-04:00,5.4124235050476734,5.476767303216197,5.4124235050476734,5.450273036956787,5221500,0.0,0.0
2016-06-07 00:00:00-04:00,5.4710907493881145,5.512724925144729,5.465413341275998,5.467305660247803,3867500,0.0,0.0
2016-06-08 00:00:00-04:00,5.474874701356059,5.527863686697639,5.472982382621353,5.522186279296875,4812500,0.0,0.0
2016-06-09 00:00:00-04:00,5.42188570922927,5.467304513402247,5.419993390654406,5.4445953369140625,3884500,0.0,0.0
2016-06-10 00:00:00-04:00,5.353758364947581,5.361328091981376,5.278060192216229,5.304554462432861,4443500,0.0,0.0
2016-06-13 00:00:00-04:00,5.209930648638633,5.272381673101468,5.204253241760503,5.208038330078125,5652000,0.0,0.0
2016-06-14 00:00:00-04:00,5.225070584969053,5.2667047555446445,5.191006591732041,5.236425399780273,5702000,0.0,0.0
2016-06-15 00:00:00-04:00,5.300768578426848,5.348079699663848,5.289413764947058,5.29887580871582,4041000,0.0,0.0
2016-06-16 00:00:00-04:00,5.225070163370064,5.281843781648582,5.172081633455424,5.268596649169922,4975500,0.0,0.0
2016-06-17 00:00:00-04:00,5.24777994446093,5.283736705780029,5.22317799736856,5.283736705780029,4962000,0.0,0.0
2016-06-20 00:00:00-04:00,5.423778820922225,5.459735586282228,5.391607144462049,5.401069641113281,4591500,0.0,0.0
2016-06-21 00:00:00-04:00,5.524077946541588,5.52975535327278,5.49190627586257,5.503261089324951,6504000,0.0,0.0
2016-06-22 00:00:00-04:00,5.465411908952534,5.512723480422296,5.414315700531006,5.414315700531006,5307000,0.0,0.0
2016-06-23 00:00:00-04:00,5.505154234781689,5.514616731153927,5.446488291342461,5.488122463226318,4140000,0.0,0.0
2016-06-24 00:00:00-04:00,5.2269629982621035,5.3424025548407945,5.217500502832839,5.223177909851074,12323000,0.0,0.0
2016-06-27 00:00:00-04:00,5.13801777531008,5.155049998087018,5.079351831785064,5.124770641326904,8470500,0.0,0.0
2016-06-28 00:00:00-04:00,5.278059169208626,5.327263062186514,5.243994727363959,5.321585655212402,6639000,0.0,0.0
2016-06-29 00:00:00-04:00,5.472982189237214,5.573282297778927,5.465412463369216,5.552465438842773,10736000,0.0,0.0
2016-06-30 00:00:00-04:00,5.497583910220505,5.560034935652786,5.467304556799306,5.554357528686523,6706000,0.0,0.0
2016-07-01 00:00:00-04:00,5.520294075202143,5.588422514229485,5.520294075202143,5.561927795410156,5311500,0.0,0.0
2016-07-05 00:00:00-04:00,5.561927929550619,5.561927929550619,5.493799940076848,5.524078845977783,5831500,0.0,0.0
2016-07-06 00:00:00-04:00,5.592206484889516,5.69629167539038,5.588421847792839,5.694399356842041,8787500,0.0,0.0
2016-07-07 00:00:00-04:00,5.6962918785894345,5.7322486394701375,5.637625940728776,5.692506790161133,8764500,0.0,0.0
2016-07-08 00:00:00-04:00,5.71521707367564,5.798484967876666,5.71143198481332,5.789022922515869,5433500,0.0,0.0
2016-07-11 00:00:00-04:00,5.877967595047293,5.9290638076359725,5.872290187960037,5.904461860656738,9922000,0.0,0.0
2016-07-12 00:00:00-04:00,5.809839783266958,5.836334502909863,5.758743565207314,5.789022922515869,12976000,0.0,0.0
2016-07-13 00:00:00-04:00,5.62816419747966,5.62816419747966,5.565713162843905,5.592207431793213,10273500,0.0,0.0
2016-07-14 00:00:00-04:00,5.722786559355434,5.743603870427079,5.673582662199401,5.684937477111816,7701500,0.0,0.0
2016-07-15 00:00:00-04:00,5.70196969948044,5.705754788183461,5.671690343446215,5.684937477111816,5106000,0.0,0.0
2016-07-18 00:00:00-04:00,5.686830222788225,5.736033668537589,5.683045134101358,5.7341413497924805,4226000,0.0,0.0
2016-07-19 00:00:00-04:00,5.730357373584255,5.7454968276855105,5.711432379162634,5.728464603424072,3652000,0.0,0.0
2016-07-20 00:00:00-04:00,5.771989867432789,5.789022088063135,5.756850416559107,5.775774955749512,2422000,0.0,0.0
2016-07-21 00:00:00-04:00,5.669798437302234,5.705755203409353,5.652766213694122,5.6773681640625,5269000,0.0,0.0
2016-07-22 00:00:00-04:00,5.68493800241562,5.726572177209372,5.683045683487579,5.717109680175781,2282500,0.0,0.0
2016-07-25 00:00:00-04:00,5.6641200427659415,5.667904679888464,5.590314204517487,5.648980140686035,5819000,0.0,0.0
2016-07-26 00:00:00-04:00,5.71521736124774,5.737926993171003,5.703862545286109,5.717109680175781,3212000,0.0,0.0
2016-07-27 00:00:00-04:00,5.777668721182731,5.804162992444807,5.7208950893939745,5.751174449920654,3715500,0.0,0.0
2016-07-28 00:00:00-04:00,5.76631321562824,5.817409433013488,5.751173762772115,5.806055068969727,7325000,0.0,0.0
2016-07-29 00:00:00-04:00,6.118310405583667,6.339727504263611,6.095600774458883,6.322695732116699,18282000,0.0,0.0
2016-08-01 00:00:00-04:00,6.245104406056306,6.248889494741329,6.125879752436189,6.150481700897217,8985000,0.0,0.0
2016-08-02 00:00:00-04:00,6.118310026262792,6.15426678958224,6.108847530148559,6.150481700897217,5654500,0.0,0.0
2016-08-03 00:00:00-04:00,6.091815252183698,6.127771561314727,6.065320535986347,6.12209415435791,3941000,0.0,0.0
2016-08-04 00:00:00-04:00,6.13723521285068,6.184546344808406,6.110740942858618,6.169406890869141,4607000,0.0,0.0
2016-08-05 00:00:00-04:00,6.188331171605827,6.212933121611928,6.163729221599725,6.1921162605285645,3234500,0.0,0.0
2016-08-08 00:00:00-04:00,6.12398756656964,6.141019338030175,6.084245713702853,6.112632751464844,4135500,0.0,0.0
2016-08-09 00:00:00-04:00,6.207256176292554,6.269707215392184,6.188331632662264,6.216718673706055,4078000,0.0,0.0
2016-08-10 00:00:00-04:00,6.258352398974668,6.269707215392184,6.1940090408710216,6.216718673706055,4068000,0.0,0.0
2016-08-11 00:00:00-04:00,6.2488894653126525,6.2715986437258975,6.239426969242982,6.252674102783203,4578500,0.0,0.0
2016-08-12 00:00:00-04:00,6.220501586744784,6.245103531761618,6.195899641727951,6.2110395431518555,3364500,0.0,0.0
2016-08-15 00:00:00-04:00,6.203470662248104,6.216717795798913,6.18076103262006,6.199685573577881,3767500,0.0,0.0
2016-08-16 00:00:00-04:00,6.201576506917622,6.229963537611175,6.201576506917622,6.203469276428223,2032500,0.0,0.0
2016-08-17 00:00:00-04:00,6.101278290969327,6.150482191818758,6.070998932662239,6.125880241394043,5132500,0.0,0.0
2016-08-18 00:00:00-04:00,6.207255402220542,6.27916892976574,6.199685675951746,6.264029026031494,6115000,0.0,0.0
2016-08-19 00:00:00-04:00,6.163729221599725,6.212933121611928,6.123987818296029,6.1921162605285645,6095500,0.0,0.0
2016-08-22 00:00:00-04:00,6.2394271788261175,6.267814216792006,6.20914782206139,6.246997356414795,3626500,0.0,0.0
2016-08-23 00:00:00-04:00,6.279168974475682,6.309448330963121,6.250781936769753,6.2678141593933105,4068500,0.0,0.0
2016-08-24 00:00:00-04:00,6.3491892386956605,6.358651283063879,6.277275716232063,6.292415618896484,4812000,0.0,0.0
2016-08-25 00:00:00-04:00,6.320803730237185,6.337835955650731,6.3037719560203715,6.328373908996582,3714500,0.0,0.0
2016-08-26 00:00:00-04:00,6.322695093600175,6.377575944614968,6.256458976973059,6.279168605804443,4922000,0.0,0.0
2016-08-29 00:00:00-04:00,6.195901359875037,6.235643217336345,6.178869586445473,6.216718673706055,4988500,0.0,0.0
2016-08-30 00:00:00-04:00,6.176975892152317,6.194008114230525,6.1504816252728665,6.167513847351074,3309500,0.0,0.0
2016-08-31 00:00:00-04:00,6.142911870576514,6.142911870576514,6.055858893066723,6.0861382484436035,4204500,0.0,0.0
2016-09-01 00:00:00-04:00,6.055858373760554,6.0918151333870005,6.0180092955842746,6.082352638244629,5561500,0.0,0.0
2016-09-02 00:00:00-04:00,6.156159343347735,6.2129329686106125,6.156159343347735,6.176976203918457,4571500,0.0,0.0
2016-09-06 00:00:00-04:00,6.281061501270603,6.345404853939393,6.262136959238802,6.343512535095215,4780500,0.0,0.0
2016-09-07 00:00:00-04:00,6.402179316728483,6.407856725199665,6.324588819616884,6.328373908996582,5496000,0.0,0.0
2016-09-08 00:00:00-04:00,6.328372872368187,6.328372872368187,6.25456702552943,6.2678141593933105,4968000,0.0,0.0
2016-09-09 00:00:00-04:00,6.2261795230568024,6.23374924881444,6.141018867492676,6.141018867492676,5237500,0.0,0.0
2016-09-12 00:00:00-04:00,6.080461463894339,6.195901038696018,6.072891737073959,6.182653903961182,7475500,0.0,0.0
2016-09-13 00:00:00-04:00,6.146696508000723,6.152373915333678,6.080460841110648,6.0861382484436035,5087500,0.0,0.0
2016-09-14 00:00:00-04:00,6.084245561296526,6.13534222798817,6.084245561296526,6.097492694854736,2718000,0.0,0.0
2016-09-15 00:00:00-04:00,6.05207361885538,6.1637285409851295,6.036934167229521,6.144804000854492,3044000,0.0,0.0
2016-09-16 00:00:00-04:00,6.031256521333305,6.065320511741435,5.999084849504347,6.016116619110107,5286000,0.0,0.0
2016-09-19 00:00:00-04:00,6.072891343121983,6.105063018419116,6.031257171515697,6.035041809082031,2764500,0.0,0.0
2016-09-20 00:00:00-04:00,6.167513859216603,6.1977932147927906,6.125879688899767,6.142911911010742,4760500,0.0,0.0
2016-09-21 00:00:00-04:00,6.288630356149862,6.347296744154116,6.262136091217159,6.326479434967041,6658000,0.0,0.0
2016-09-22 00:00:00-04:00,6.42488759324248,6.466521762836284,6.392715919500437,6.417317867279053,4857000,0.0,0.0
2016-09-23 00:00:00-04:00,6.364328090921705,6.396500211855657,6.349188640879382,6.3586506843566895,3949000,0.0,0.0
2016-09-26 00:00:00-04:00,6.305662394008674,6.351081197032074,6.301877305758142,6.332156658172607,4279500,0.0,0.0
2016-09-27 00:00:00-04:00,6.3260859831845515,6.367829489282844,6.314701226108131,6.350752353668213,3828500,0.0176,0.0
2016-09-28 00:00:00-04:00,6.350752739889311,6.379214634311273,6.3222912978538135,6.371624946594238,3529000,0.0,0.0
2016-09-29 00:00:00-04:00,6.318497453764363,6.350753972110262,6.299523004596978,6.307112693786621,4369500,0.0,0.0
2016-09-30 00:00:00-04:00,6.21603356072977,6.337469906672105,6.195161808936071,6.301418781280518,7002500,0.0,0.0
2016-10-03 00:00:00-04:00,6.255879843459297,6.309008556569911,6.240700469648502,6.28054666519165,4912000,0.0,0.0
2016-10-04 00:00:00-04:00,6.276752260450958,6.280546877838926,6.202751792748383,6.212238788604736,4943000,0.0,0.0
2016-10-05 00:00:00-04:00,6.26536626704429,6.286238015718376,6.246391826689756,6.250186443328857,2773500,0.0,0.0
2016-10-06 00:00:00-04:00,6.198957146446008,6.2236239706986085,6.179982701050658,6.208444595336914,4079000,0.0,0.0
2016-10-07 00:00:00-04:00,6.179982532627814,6.191367290032048,6.130648885467101,6.172392845153809,2737000,0.0,0.0
2016-10-10 00:00:00-04:00,6.202751290167676,6.263469687319761,6.185674156146203,6.210340976715088,3243500,0.0,0.0
2016-10-11 00:00:00-04:00,6.238802092183529,6.250186394398051,6.2103402056813755,6.219827651977539,3552500,0.0,0.0
2016-10-12 00:00:00-04:00,6.214135942035514,6.219828319947269,6.187571360985192,6.204648494720459,2830000,0.0,0.0
2016-10-13 00:00:00-04:00,6.244495180487548,6.316598338135397,6.2236234280883185,6.312803268432617,7259000,0.0,0.0
2016-10-14 00:00:00-04:00,6.301418161256431,6.30331546967288,6.235007390430694,6.240699768066406,5844500,0.0,0.0
2016-10-17 00:00:00-04:00,6.229317537180807,6.252087056950841,6.208445778982642,6.2217278480529785,2423500,0.0,0.0
2016-10-18 00:00:00-04:00,6.327982920192909,6.388701319442898,6.318495472391043,6.356444358825684,3285500,0.0,0.0
2016-10-19 00:00:00-04:00,6.267264906060217,6.274854593336242,6.2425980831233066,6.244495391845703,3061000,0.0,0.0
2016-10-20 00:00:00-04:00,6.210341904160511,6.235008728413111,6.178085392227063,6.208444595336914,2459500,0.0,0.0
2016-10-21 00:00:00-04:00,6.085110793335747,6.111674927805659,6.069930964791164,6.092700481414795,5370500,0.0,0.0
2016-10-24 00:00:00-04:00,6.113570427727321,6.126852943418476,6.090801370227526,6.098391056060791,2789500,0.0,0.0
2016-10-25 00:00:00-04:00,6.041468170016882,6.056647542779593,6.02059641937156,6.043365478515625,4164000,0.0,0.0
2016-10-26 00:00:00-04:00,6.013006728765905,6.085109885728741,6.007314350459027,6.041468620300293,6903500,0.0,0.0
2016-10-27 00:00:00-04:00,6.0224940910074904,6.039571225685025,5.978852826200288,5.982647895812988,3739000,0.0,0.0
2016-10-28 00:00:00-04:00,5.971263461334972,6.0130069673934505,5.94849394720385,5.975058078765869,5533500,0.0,0.0
2016-10-31 00:00:00-04:00,5.997827525490785,5.99972483418491,5.904852613682172,5.944698810577393,7839500,0.0,0.0
2016-11-01 00:00:00-04:00,5.992134539568388,6.039570871204107,5.764441233444262,5.8308515548706055,12776000,0.0,0.0
2016-11-02 00:00:00-04:00,5.982647827017776,6.011109265433306,5.940903871303736,5.952288627624512,9406500,0.0,0.0
2016-11-03 00:00:00-04:00,5.980750170271097,5.988339857155082,5.946596353099955,5.957981109619141,4929500,0.0,0.0
2016-11-04 00:00:00-04:00,5.844134434058657,5.901057768527045,5.838442055373173,5.849826812744141,5710500,0.0,0.0
2016-11-07 00:00:00-05:00,5.756851403883325,5.791005673068311,5.739774721677242,5.76823616027832,11065000,0.0,0.0
2016-11-08 00:00:00-05:00,5.751159401459285,5.861211450619687,5.747364784003958,5.815672874450684,5655000,0.0,0.0
2016-11-09 00:00:00-05:00,5.677159315411443,5.781518532339911,5.650594731616776,5.732184886932373,5802000,0.0,0.0
2016-11-10 00:00:00-05:00,5.724595870579566,5.760647454507784,5.6392106354625176,5.661980152130127,13073500,0.0,0.0
2016-11-11 00:00:00-05:00,5.6999285167035545,5.7245953400117955,5.671467075893398,5.713210582733154,5665000,0.0,0.0
2016-11-14 00:00:00-05:00,5.720800331464152,5.732184635578173,5.673363996841144,5.690441131591797,5132000,0.0,0.0
2016-11-15 00:00:00-05:00,5.605056042627293,5.637312551882878,5.595568594524014,5.618338108062744,4073000,0.0,0.0
2016-11-16 00:00:00-05:00,5.608850782634953,5.608850782634953,5.5576193801843985,5.572799205780029,3893500,0.0,0.0
2016-11-17 00:00:00-05:00,5.6145423751958745,5.643003809077955,5.597465243434826,5.635414123535156,3502500,0.0,0.0
2016-11-18 00:00:00-05:00,5.587978885306574,5.5898766463515575,5.53105555407198,5.536747932434082,4418500,0.0,0.0
2016-11-21 00:00:00-05:00,5.625927836173752,5.650594658558597,5.620235457747524,5.6468000411987305,2817000,0.0,0.0
2016-11-22 00:00:00-05:00,5.735980330688632,5.743570018387736,5.698031439806644,5.726492881774902,4168000,0.0,0.0
2016-11-23 00:00:00-05:00,5.688543603881608,5.709415809117217,5.669569159731511,5.703723430633545,1846500,0.0,0.0
2016-11-25 00:00:00-05:00,5.599363777515503,5.60505615601534,5.5803893333115235,5.597466468811035,1584500,0.0,0.0
2016-11-28 00:00:00-05:00,5.603158604140703,5.614543360646293,5.58228639975165,5.610748291015625,2340000,0.0,0.0
2016-11-29 00:00:00-05:00,5.5746964291438905,5.622132761374031,5.559517056166625,5.5955681800842285,2217000,0.0,0.0
2016-11-30 00:00:00-05:00,5.569005037233286,5.569005037233286,5.515876770019531,5.515876770019531,3750000,0.0,0.0
2016-12-01 00:00:00-05:00,5.407721057882562,5.424798191751003,5.335618357748689,5.354592800140381,7284000,0.0,0.0
2016-12-02 00:00:00-05:00,5.288181956164975,5.3451052825928915,5.25972051914421,5.324233531951904,4763000,0.0,0.0
2016-12-05 00:00:00-05:00,5.310951253336943,5.356489822164029,5.309053944915171,5.339412689208984,4702500,0.0,0.0
2016-12-06 00:00:00-05:00,5.329925772232812,5.350797522334961,5.326130702947706,5.343207836151123,3281500,0.0,0.0
2016-12-07 00:00:00-05:00,5.360285076923835,5.428593158721924,5.3413106348902755,5.428593158721924,3948500,0.0,0.0
2016-12-08 00:00:00-05:00,5.453260864277013,5.540543402284358,5.453260864277013,5.532953262329102,10145000,0.0,0.0
2016-12-09 00:00:00-05:00,5.586080897034786,5.608850407713011,5.5765934501234025,5.5784912109375,4479500,0.0,0.0
2016-12-12 00:00:00-05:00,5.548132002236951,5.557618996741574,5.515875497103042,5.525362491607666,5280500,0.0,0.0
2016-12-13 00:00:00-05:00,5.586081021107257,5.641107038210905,5.586081021107257,5.612645149230957,4031000,0.0,0.0
2016-12-14 00:00:00-05:00,5.555721622028521,5.563311308018936,5.466541793771838,5.468439102172852,4381500,0.0,0.0
2016-12-15 00:00:00-05:00,5.458952713779605,5.498798908942377,5.447567957336981,5.476029396057129,3829500,0.0,0.0
2016-12-16 00:00:00-05:00,5.39443927131072,5.4134137146797725,5.379259897570044,5.396337032318115,4347000,0.0,0.0
2016-12-19 00:00:00-05:00,5.460849017929306,5.502592966411792,5.457053949017688,5.472233772277832,3555500,0.0,0.0
2016-12-20 00:00:00-05:00,5.447567567102231,5.468439317494292,5.43618281147515,5.4532599449157715,1783000,0.0,0.0
2016-12-21 00:00:00-05:00,5.4172098969290285,5.432389273787342,5.402030067684209,5.405825138092041,2023000,0.0,0.0
2016-12-22 00:00:00-05:00,5.405824673420457,5.421004501360455,5.367875782150163,5.379260540008545,4261000,0.0,0.0
2016-12-23 00:00:00-05:00,5.381156783706603,5.4058236033883755,5.381156783706603,5.4001312255859375,1657000,0.0,0.0
2016-12-27 00:00:00-05:00,5.369772242786669,5.403926510966794,5.367874934238794,5.384952068328857,2012000,0.0,0.0
2016-12-28 00:00:00-05:00,5.407721748124832,5.407721748124832,5.364080479814923,5.365978240966797,1779500,0.0,0.0
2016-12-29 00:00:00-05:00,5.347004310840762,5.362183687198181,5.335619552379452,5.341311931610107,2157000,0.0,0.0
2016-12-30 00:00:00-05:00,5.312849624840886,5.33561914000371,5.295772488468766,5.318542003631592,3226500,0.0,0.0
2017-01-03 00:00:00-05:00,5.331823521346341,5.3735674773870645,5.32043876493647,5.367875099182129,4474500,0.0,0.0
2017-01-04 00:00:00-05:00,5.403926235058137,5.438080049108072,5.392541479579368,5.422900676727295,4552500,0.0,0.0
2017-01-05 00:00:00-05:00,5.415310983965146,5.462746861887288,5.39443878148394,5.449464797973633,5137500,0.0,0.0
2017-01-06 00:00:00-05:00,5.421003690025026,5.510183525924455,5.413413550997772,5.495003700256348,4824000,0.0,0.0
2017-01-09 00:00:00-05:00,5.4532597301920225,5.49310592093147,5.4532597301920225,5.468439102172852,3243500,0.0,0.0
2017-01-10 00:00:00-05:00,5.578491652908257,5.625927534064302,5.574696583365756,5.603158473968506,4241000,0.0,0.0
2017-01-11 00:00:00-05:00,5.72839056737946,5.7796215241552895,5.71700580978784,5.775826454162598,6085500,0.0,0.0
2017-01-12 00:00:00-05:00,5.84223630334887,5.863108054001567,5.8080824884275115,5.857415676116943,10193000,0.0,0.0
2017-01-13 00:00:00-05:00,5.8593139552034215,5.897262842866209,5.846031889760088,5.885878086090088,4026500,0.0,0.0
2017-01-17 00:00:00-05:00,5.882082469481314,5.893467225198935,5.849825963205642,5.855518341064453,3707000,0.0,0.0
2017-01-18 00:00:00-05:00,5.84603180515959,5.8498264224391,5.8061851570198035,5.827057361602783,2858500,0.0,0.0
2017-01-19 00:00:00-05:00,5.787210603474509,5.808082807660804,5.758749164873431,5.76823616027832,4126000,0.0,0.0
2017-01-20 00:00:00-05:00,5.756851739951233,5.794800628558954,5.753057122522323,5.787210941314697,3984000,0.0,0.0
2017-01-23 00:00:00-05:00,5.758749743981261,5.781518806674531,5.737877537696029,5.773929119110107,2694500,0.0,0.0
2017-01-24 00:00:00-05:00,5.770132828284351,5.787209960980948,5.758748525539646,5.785312652587891,2465500,0.0,0.0
2017-01-25 00:00:00-05:00,5.787210498869598,5.84792889695447,5.785313190300196,5.842236518859863,3977500,0.0,0.0
2017-01-26 00:00:00-05:00,5.868801286072112,5.92003224210385,5.868801286072112,5.904852867126465,4733500,0.0,0.0
2017-01-27 00:00:00-05:00,5.817569741134269,5.866903383396457,5.768236098872082,5.791005611419678,3515500,0.0,0.0
2017-01-30 00:00:00-05:00,5.5690038945756255,5.624029911747019,5.532952319285431,5.586081027984619,9429500,0.0,0.0
2017-01-31 00:00:00-05:00,5.741673018828433,5.766339844469022,5.711313814010285,5.743570327758789,5353000,0.0,0.0
2017-02-01 00:00:00-05:00,5.728389896798372,5.753056717897163,5.7056203842805955,5.737876892089844,4342000,0.0,0.0
2017-02-02 00:00:00-05:00,5.78910834258105,6.113571184293445,5.78910834258105,6.060442924499512,10767500,0.0,0.0
2017-02-03 00:00:00-05:00,5.9959303771511925,6.0338792663671885,5.986442928653971,6.007314682006836,5173000,0.0,0.0
2017-02-06 00:00:00-05:00,6.031981033619613,6.064237994078968,6.026289107830042,6.060442924499512,3147000,0.0,0.0
2017-02-07 00:00:00-05:00,6.079418414179839,6.1021879308034706,6.077521105256698,6.092700481414795,2993000,0.0,0.0
2017-02-08 00:00:00-05:00,6.050954633953406,6.083211589919939,6.031980193471746,6.039570331573486,3031500,0.0,0.0
2017-02-09 00:00:00-05:00,6.020597214073169,6.056648342239848,6.016802144188361,6.033879280090332,2453000,0.0,0.0
2017-02-10 00:00:00-05:00,6.014904256519748,6.035776007911229,6.0035195003475215,6.028186321258545,2593500,0.0,0.0
2017-02-13 00:00:00-05:00,5.98454617136443,6.03008475214256,5.98454617136443,6.011110305786133,3320500,0.0,0.0
2017-02-14 00:00:00-05:00,5.982647757161273,6.016801573338394,5.969365240017858,6.001622200012207,2750000,0.0,0.0
2017-02-15 00:00:00-05:00,5.9522888254538655,5.9959300912096865,5.9522888254538655,5.990237712860107,3143000,0.0,0.0
2017-02-16 00:00:00-05:00,5.937109044364632,5.957981249267833,5.927622048633889,5.939006805419922,3270000,0.0,0.0
2017-02-17 00:00:00-05:00,5.935210913583645,5.946595668792725,5.916236472363966,5.946595668792725,3780000,0.0,0.0
2017-02-21 00:00:00-05:00,5.9181357714889025,5.940905289566182,5.904853703405995,5.92572546005249,3636000,0.0,0.0
2017-02-22 00:00:00-05:00,5.937108594198852,5.94659604159666,5.920031460314633,5.940903663635254,3340500,0.0,0.0
2017-02-23 00:00:00-05:00,5.92572312707272,5.927620887756348,5.893466624087092,5.927620887756348,4794500,0.0,0.0
2017-02-24 00:00:00-05:00,5.878289042928659,5.878289042928659,5.851724909132221,5.868801593780518,2676500,0.0,0.0
2017-02-27 00:00:00-05:00,5.863108671390221,5.866903741175055,5.825159783087613,5.838441848754883,3432000,0.0,0.0
2017-02-28 00:00:00-05:00,5.889673426131673,5.910545179588238,5.861211532885043,5.874493598937988,4133500,0.0,0.0
2017-03-01 00:00:00-05:00,5.931416491780385,5.986442513039277,5.923826804941396,5.982647895812988,5517000,0.0,0.0
2017-03-02 00:00:00-05:00,5.957981612724184,5.98075067529881,5.950391472812855,5.959878921508789,5489000,0.0,0.0
2017-03-03 00:00:00-05:00,5.988338947296143,6.0092111485388315,5.965569890103681,5.988338947296143,4764000,0.0,0.0
2017-03-06 00:00:00-05:00,5.942801485468672,5.942801485468672,5.901057527608195,5.9162373542785645,2689000,0.0,0.0
2017-03-07 00:00:00-05:00,5.883980203659066,5.8877748206234655,5.847928628178982,5.853621006011963,2382000,0.0,0.0
2017-03-08 00:00:00-05:00,5.859313950009799,5.8669036370583445,5.828954749429194,5.832749366760254,1839000,0.0,0.0
2017-03-09 00:00:00-05:00,5.853622333652859,5.8763913977625775,5.830852817156657,5.847929954528809,2790000,0.0,0.0
2017-03-10 00:00:00-05:00,6.018699142757847,6.043365964771761,5.980750255411276,6.016801834106445,5950500,0.0,0.0
2017-03-13 00:00:00-04:00,6.033878664736314,6.054750416008081,6.033878664736314,6.052853107452393,3211000,0.0,0.0
2017-03-14 00:00:00-04:00,6.014903663294503,6.014903663294503,5.957980340433886,5.969364643096924,2157500,0.0,0.0
2017-03-15 00:00:00-04:00,5.976955087340461,6.022493657482747,5.937108442627879,6.013006210327148,3156000,0.0,0.0
2017-03-16 00:00:00-04:00,6.049058463710675,6.071827977527135,6.039571467878103,6.050955772399902,2961500,0.0,0.0
2017-03-17 00:00:00-04:00,6.0832124794200135,6.105981539895538,6.079417409814221,6.088904857635498,2093000,0.0,0.0
2017-03-20 00:00:00-04:00,6.102188007584466,6.113572313653039,6.075623420393818,6.096495628356934,1691000,0.0,0.0
2017-03-21 00:00:00-04:00,6.109776443791446,6.1249558170300995,6.024391225261423,6.026288986206055,3407500,0.0,0.0
2017-03-22 00:00:00-04:00,6.043364969919028,6.073724165275869,6.031980215111919,6.0680317878723145,2176500,0.0,0.0
2017-03-23 00:00:00-04:00,6.056647785905307,6.056647785905307,6.00921190482788,6.030083656311035,3106000,0.0,0.0
2017-03-24 00:00:00-04:00,6.12495637466652,6.149623197714881,6.107879691314917,6.1116743087768555,2637500,0.0,0.0
2017-03-27 00:00:00-04:00,6.119263526132113,6.164802551269531,6.100289083120323,6.164802551269531,2522500,0.0,0.0
2017-03-28 00:00:00-04:00,6.180214996766908,6.184020725816362,6.147867887646254,6.176409721374512,1718000,0.0182,0.0
2017-03-29 00:00:00-04:00,6.307701110839844,6.324825757044082,6.286770282012591,6.307701110839844,4726000,0.0,0.0
2017-03-30 00:00:00-04:00,6.3781034623416195,6.397131199165418,6.3666867295159335,6.370492458343506,4098500,0.0,0.0
2017-03-31 00:00:00-04:00,6.414255981426198,6.427575351178941,6.391422516903204,6.418061256408691,3235000,0.0,0.0
2017-04-03 00:00:00-04:00,6.273450135174112,6.28296422958374,6.239200393344831,6.28296422958374,4156500,0.0,0.0
2017-04-04 00:00:00-04:00,6.305798588143411,6.315312684587725,6.277257206124643,6.303895950317383,2958000,0.0,0.0
2017-04-05 00:00:00-04:00,6.263936843105892,6.279158850620247,6.229686645713069,6.233492374420166,3573500,0.0,0.0
2017-04-06 00:00:00-04:00,6.145964591199265,6.149770319840804,6.121228489171782,6.128839492797852,2592500,0.0,0.0
2017-04-07 00:00:00-04:00,6.1060066564197255,6.115520297809946,6.085075828778603,6.1041035652160645,2617500,0.0,0.0
2017-04-10 00:00:00-04:00,6.090784007493015,6.098395011102193,6.054631173278159,6.075562000274658,2652500,0.0,0.0
2017-04-11 00:00:00-04:00,6.073659298257,6.073659298257,6.031798548896079,6.06033992767334,4652000,0.0,0.0
2017-04-12 00:00:00-04:00,6.007062882995861,6.018479616801369,5.96710431467658,5.989937782287598,3091000,0.0,0.0
2017-04-13 00:00:00-04:00,5.963298412164682,5.984228786169331,5.9594926834106445,5.9594926834106445,2704000,0.0,0.0
2017-04-17 00:00:00-04:00,6.047019662453142,6.058436393737793,6.031797656511586,6.058436393737793,2577000,0.0,0.0
2017-04-18 00:00:00-04:00,6.027994155883789,6.027994155883789,5.9956470410611615,6.027994155883789,2755000,0.0,0.0
2017-04-19 00:00:00-04:00,6.109812015641739,6.128839752341202,6.075562271045516,6.0831732749938965,4593500,0.0,0.0
2017-04-20 00:00:00-04:00,6.2277836547814065,6.254422393248373,6.21065855705679,6.246811389923096,6205000,0.0,0.0
2017-04-21 00:00:00-04:00,6.475145665211303,6.475145665211303,6.33434004049316,6.408548355102539,10805000,0.0,0.0
2017-04-24 00:00:00-04:00,6.461826083365578,6.465631812587591,6.406645958417384,6.435187339782715,7361500,0.0,0.0
2017-04-25 00:00:00-04:00,6.435186768359561,6.440895134857159,6.393325565262856,6.402839660644531,4462000,0.0,0.0
2017-04-26 00:00:00-04:00,6.383811325504445,6.408547426791086,6.364783590180646,6.389519691467285,4326000,0.0,0.0
2017-04-27 00:00:00-04:00,6.402840733817774,6.425674203635258,6.366687891159128,6.4161601066589355,3589500,0.0,0.0
2017-04-28 00:00:00-04:00,6.536033250938167,6.581700178940227,6.501783508593618,6.568380355834961,4884000,0.0,0.0
2017-05-01 00:00:00-04:00,6.591214926822802,6.629270404111227,6.581701284329233,6.598825931549072,4152500,0.0,0.0
2017-05-02 00:00:00-04:00,6.551256515756043,6.6102423667907715,6.543645057716614,6.6102423667907715,4932500,0.0,0.0
2017-05-03 00:00:00-04:00,6.595021490237409,6.610243501615424,6.558868646143208,6.585507392883301,4279500,0.0,0.0
2017-05-04 00:00:00-04:00,6.564577129017218,6.585507508443552,6.55506303149616,6.58170223236084,3288500,0.0,0.0
2017-05-05 00:00:00-04:00,6.564576154999961,6.631173013137522,6.564576154999961,6.61785364151001,4407500,0.0,0.0
2017-05-08 00:00:00-04:00,6.680644272402956,6.709186103008028,6.671130631305937,6.690158367156982,4140500,0.0,0.0
2017-05-09 00:00:00-04:00,6.722506110234944,6.758658947877414,6.722506110234944,6.737728118896484,5080500,0.0,0.0
2017-05-10 00:00:00-04:00,6.7967153821022634,6.798618020039127,6.766270906826877,6.773881912231445,4469500,0.0,0.0
2017-05-11 00:00:00-04:00,6.766269535148252,6.78529727163087,6.737727703595817,6.77197790145874,3481000,0.0,0.0
2017-05-12 00:00:00-04:00,6.762464489013537,6.7776869519304475,6.749145117496908,6.764367580413818,2647000,0.0,0.0
2017-05-15 00:00:00-04:00,6.728213787078857,6.73392215315594,6.699671956693444,6.728213787078857,3840000,0.0,0.0
2017-05-16 00:00:00-04:00,6.771978498229457,6.775784227324163,6.730117292815933,6.749145030975342,3713500,0.0,0.0
2017-05-17 00:00:00-04:00,6.80242209242393,6.832866560282704,6.7244080584751345,6.728213787078857,7167500,0.0,0.0
2017-05-18 00:00:00-04:00,6.711088894224814,6.735824996763496,6.682547516622962,6.720602989196777,4744500,0.0,0.0
2017-05-19 00:00:00-04:00,6.751048597836778,6.81003445418828,6.7396318634056245,6.7852983474731445,4855000,0.0,0.0
2017-05-22 00:00:00-04:00,6.747243047254456,6.76817342516143,6.732021036714312,6.760562419891357,3222500,0.0,0.0
2017-05-23 00:00:00-04:00,6.787200594303582,6.804325694963706,6.756756575783897,6.764367580413818,2688500,0.0,0.0
2017-05-24 00:00:00-04:00,6.79671327873172,6.859504847787325,6.787199184677489,6.853796482086182,5235500,0.0,0.0
2017-05-25 00:00:00-04:00,6.846186165521847,6.889950004514279,6.811935967880629,6.882339000701904,8592000,0.0,0.0
2017-05-26 00:00:00-04:00,6.8975608212753095,7.006018870217243,6.8975608212753095,6.979380130767822,13544000,0.0,0.0
2017-05-30 00:00:00-04:00,6.952742876032862,6.983187350615,6.924201039344262,6.941326141357422,10339500,0.0,0.0
2017-05-31 00:00:00-04:00,6.96986726371888,6.9774782681701035,6.935617063202792,6.967964172363281,5235000,0.0,0.0
2017-06-01 00:00:00-04:00,6.924200414849587,6.950839611242055,6.910881043481885,6.947033882141113,5660500,0.0,0.0
2017-06-02 00:00:00-04:00,7.103062414934494,7.182979106903076,7.0764236688306745,7.182979106903076,6876000,0.0,0.0
2017-06-05 00:00:00-04:00,7.18297758840662,7.207713691318652,7.165852489392822,7.167755126953125,3587000,0.0,0.0
2017-06-06 00:00:00-04:00,7.22103360874696,7.276213731433346,7.215325241976461,7.255283355712891,4417000,0.0,0.0
2017-06-07 00:00:00-04:00,7.247672378136322,7.247672378136322,7.196297530668226,7.200102806091309,5302000,0.0,0.0
2017-06-08 00:00:00-04:00,7.150630357414276,7.2172276653207,7.122088978066556,7.209616661071777,5717000,0.0,0.0
2017-06-09 00:00:00-04:00,7.093547006071253,7.167755316772565,7.023144424248355,7.0345611572265625,11427000,0.0,0.0
2017-06-12 00:00:00-04:00,7.034561697296802,7.049783706665039,6.956547651727638,7.049783706665039,6318500,0.0,0.0
2017-06-13 00:00:00-04:00,7.015533035664437,7.03836604671246,6.998407937135662,7.030755043029785,4085500,0.0,0.0
2017-06-14 00:00:00-04:00,7.104963769510269,7.104963769510269,7.026950183253115,7.0516862869262695,3742500,0.0,0.0
2017-06-15 00:00:00-04:00,7.0992554429663075,7.133505642240602,7.070714063894769,7.12208890914917,4981500,0.0,0.0
2017-06-16 00:00:00-04:00,7.120187732851574,7.120187732851574,7.07071551507316,7.103062629699707,4045500,0.0,0.0
2017-06-19 00:00:00-04:00,7.327589333649599,7.38847782560998,7.3237836044271045,7.352325439453125,6999000,0.0,0.0
2017-06-20 00:00:00-04:00,7.318074786209106,7.323783152862347,7.257185844345896,7.26099157333374,2816500,0.0,0.0
2017-06-21 00:00:00-04:00,7.238158673695688,7.260992142097232,7.232450760252387,7.257186412811279,2432000,0.0,0.0
2017-06-22 00:00:00-04:00,7.302852481814026,7.333296951512661,7.302852481814026,7.308560848236084,2007000,0.0,0.0
2017-06-23 00:00:00-04:00,7.3180748818397365,7.333297344332987,7.278116768401933,7.32949161529541,2419000,0.0,0.0
2017-06-26 00:00:00-04:00,7.34851950364575,7.407505356165185,7.34851950364575,7.359936237335205,5326000,0.0,0.0
2017-06-27 00:00:00-04:00,7.358033685598818,7.409408534144719,7.339005947113037,7.339005947113037,5337000,0.0,0.0
2017-06-28 00:00:00-04:00,7.36183840129449,7.397991237765469,7.308560919048446,7.396088600158691,4234000,0.0,0.0
2017-06-29 00:00:00-04:00,7.3789626410908875,7.39418464748584,7.2286433998985595,7.2838239669799805,4013000,0.0,0.0
2017-06-30 00:00:00-04:00,7.319977754082647,7.319977754082647,7.264797630040522,7.266700267791748,4629500,0.0,0.0
2017-07-03 00:00:00-04:00,7.293339010937197,7.300950015599173,7.255283533970251,7.266700267791748,3163500,0.0,0.0
2017-07-05 00:00:00-04:00,7.17536625629618,7.221033187798022,7.162046885827154,7.217227458953857,5106500,0.0,0.0
2017-07-06 00:00:00-04:00,7.152533772192708,7.163950505910937,7.122089300163122,7.143019676208496,3234000,0.0,0.0
2017-07-07 00:00:00-04:00,7.15253395037724,7.203908799732056,7.101159101022425,7.190589427947998,5707000,0.0,0.0
2017-07-10 00:00:00-04:00,7.1981986322153935,7.262892837172036,7.196295994909893,7.259087562561035,4022500,0.0,0.0
2017-07-11 00:00:00-04:00,7.354227962632619,7.39799180655248,7.327589219461505,7.3922834396362305,6454000,0.0,0.0
2017-07-12 00:00:00-04:00,7.531186309753502,7.573047517775071,7.514061208245985,7.559728145599365,4996000,0.0,0.0
2017-07-13 00:00:00-04:00,7.550213218101559,7.582560326061933,7.5197687477691355,7.573046684265137,2618500,0.0,0.0
2017-07-14 00:00:00-04:00,7.60920024674729,7.652963638305664,7.593977783300953,7.652963638305664,2647000,0.0,0.0
2017-07-17 00:00:00-04:00,7.651060039646413,7.685310237856585,7.62632393660252,7.635838031768799,2678500,0.0,0.0
2017-07-18 00:00:00-04:00,7.630131305276161,7.687214070520103,7.630131305276161,7.681506156921387,2371000,0.0,0.0
2017-07-19 00:00:00-04:00,7.670087998985825,7.742392761055468,7.654865084252612,7.717657566070557,5767000,0.0,0.0
2017-07-20 00:00:00-04:00,7.717658164309302,7.753810094489449,7.70814406869206,7.730977535247803,3972000,0.0,0.0
2017-07-21 00:00:00-04:00,7.730977548395138,7.767129478636765,7.725268728089446,7.7652268409729,3054000,0.0,0.0
2017-07-24 00:00:00-04:00,7.696726928624644,7.732879764208127,7.66818555059549,7.727170944213867,3832000,0.0,0.0
2017-07-25 00:00:00-04:00,7.671992540521143,7.677700454477159,7.6206176856599965,7.6453537940979,4153000,0.0,0.0
2017-07-26 00:00:00-04:00,7.7252692597104184,7.763324737548828,7.706241974448295,7.763324737548828,2471500,0.0,0.0
2017-07-27 00:00:00-04:00,7.833726289595805,7.925059237570473,7.826114832550421,7.856559753417969,7278500,0.0,0.0
2017-07-28 00:00:00-04:00,7.797574577556262,7.79947721526267,7.759519101485744,7.7956719398498535,2915500,0.0,0.0
2017-07-31 00:00:00-04:00,7.826115906451321,7.864171382272244,7.801379801802016,7.814699172973633,2892500,0.0,0.0
2017-08-01 00:00:00-04:00,7.894616234373628,7.921254976470729,7.6681860192341675,7.746199607849121,5565500,0.0,0.0
2017-08-02 00:00:00-04:00,7.641546117570715,7.649157575338958,7.557824165033376,7.574949264526367,5469500,0.0,0.0
2017-08-03 00:00:00-04:00,7.599684843478697,7.652962322236112,7.565435100514218,7.6491570472717285,3369500,0.0,0.0
2017-08-04 00:00:00-04:00,7.679601307037896,7.692921584466948,7.649157291721882,7.675796031951904,2732500,0.0,0.0
2017-08-07 00:00:00-04:00,7.590171786668177,7.6206162570117515,7.586366057753839,7.609199523925781,3989000,0.0,0.0
2017-08-08 00:00:00-04:00,7.677698549038405,7.740490123542323,7.673893274012115,7.717657566070557,3984500,0.0,0.0
2017-08-09 00:00:00-04:00,7.652962738364601,7.652962738364601,7.580657519882669,7.614907264709473,4626500,0.0,0.0
2017-08-10 00:00:00-04:00,7.525476002117996,7.525476002117996,7.386573495351098,7.3979902267456055,5004000,0.0,0.0
2017-08-11 00:00:00-04:00,7.390381008230449,7.445561587523508,7.377061636273001,7.420825481414795,2356000,0.0,0.0
2017-08-14 00:00:00-04:00,7.4398519747496525,7.464588076716654,7.420824238902497,7.449365615844727,2189500,0.0,0.0
2017-08-15 00:00:00-04:00,7.439852654989805,7.4436579303129555,7.399894088497385,7.40560245513916,2569500,0.0,0.0
2017-08-16 00:00:00-04:00,7.447463196304364,7.502643767973054,7.445560558761071,7.49503231048584,2346000,0.0,0.0
2017-08-17 00:00:00-04:00,7.485519703395853,7.506450080235116,7.418922389951529,7.420825481414795,3290500,0.0,0.0
2017-08-18 00:00:00-04:00,7.390381693902435,7.407506343061057,7.346617844700276,7.3770623207092285,2524000,0.0,0.0
2017-08-21 00:00:00-04:00,7.32378334022172,7.34851944513289,7.2971445975964775,7.325685977935791,2972500,0.0,0.0
2017-08-22 00:00:00-04:00,7.323783250161823,7.369449730337404,7.312366516703664,7.365644454956055,2462000,0.0,0.0
2017-08-23 00:00:00-04:00,7.377060684180304,7.401796787096544,7.373254955402027,7.384671688079834,1567000,0.0,0.0
2017-08-24 00:00:00-04:00,7.384672427852113,7.384672427852113,7.255283533970251,7.266700267791748,6878500,0.0,0.0
2017-08-25 00:00:00-04:00,7.310463968909098,7.363741454159582,7.2971445975964775,7.325685977935791,5329500,0.0,0.0
2017-08-28 00:00:00-04:00,7.3390059180799065,7.344713831311697,7.314269812780541,7.32188081741333,941000,0.0,0.0
2017-08-29 00:00:00-04:00,7.329491971432309,7.365644811246242,7.327589333649599,7.352325439453125,1693000,0.0,0.0
2017-08-30 00:00:00-04:00,7.424630224502281,7.466491428835435,7.418921857836076,7.458880424499512,2603500,0.0,0.0
2017-08-31 00:00:00-04:00,7.506449757818587,7.550213601080639,7.502644482369664,7.5406999588012695,2342000,0.0,0.0
2017-09-01 00:00:00-04:00,7.578754963120118,7.578754963120118,7.533088484978363,7.55782413482666,1974500,0.0,0.0
2017-09-05 00:00:00-04:00,7.53308855958191,7.53308855958191,7.422727411517925,7.483616352081299,2774500,0.0,0.0
2017-09-06 00:00:00-04:00,7.498838360393622,7.508352455831604,7.470296981393755,7.483616352081299,1376500,0.0,0.0
2017-09-07 00:00:00-04:00,7.495033556963499,7.527381122521239,7.487422551867541,7.502645015716553,1857500,0.0,0.0
2017-09-08 00:00:00-04:00,7.569240779804401,7.597782611846924,7.569240779804401,7.597782611846924,2896500,0.0,0.0
2017-09-11 00:00:00-04:00,7.618713692737947,7.704337830736016,7.618713692737947,7.677699089050293,6650500,0.0,0.0
2017-09-12 00:00:00-04:00,7.677700454477159,7.677700454477159,7.618715047674658,7.6453537940979,2496000,0.0,0.0
2017-09-13 00:00:00-04:00,7.586365396995241,7.588268034458173,7.546407288331663,7.561629295349121,1644500,0.0,0.0
2017-09-14 00:00:00-04:00,7.291435988994669,7.316172093085528,7.262894155944815,7.299046993255615,5725000,0.0,0.0
2017-09-15 00:00:00-04:00,7.316172959468146,7.359936806222415,7.299047857610276,7.356131076812744,2791000,0.0,0.0
2017-09-18 00:00:00-04:00,7.358032666615495,7.375157311321228,7.289532726821542,7.304754734039307,3494500,0.0,0.0
2017-09-19 00:00:00-04:00,7.255284312303911,7.266701047350176,7.118284399062973,7.165853977203369,8230500,0.0,0.0
2017-09-20 00:00:00-04:00,7.215324726032822,7.226741458757447,7.150630058478958,7.184880256652832,3447500,0.0,0.0
2017-09-21 00:00:00-04:00,7.141116497212721,7.154435867655422,7.125894035523183,7.1277971267700195,2757500,0.0,0.0
2017-09-22 00:00:00-04:00,7.112574934917212,7.144922497113294,7.074519459735166,7.135408401489258,3659000,0.0,0.0
2017-09-25 00:00:00-04:00,7.114477834416979,7.114477834416979,7.030755428348148,7.0345611572265625,6891500,0.0,0.0
2017-09-26 00:00:00-04:00,6.994604178132698,7.002215183464981,6.928006860746726,6.937520503997803,4773000,0.0,0.0
2017-09-27 00:00:00-04:00,6.950839225724062,6.990797337610952,6.922297393192684,6.943227767944336,4241500,0.0,0.0
2017-09-28 00:00:00-04:00,6.968230285912565,7.010219215978838,6.949144491344484,7.008310317993164,2900500,0.0222,0.0
2017-09-29 00:00:00-04:00,7.094196422817958,7.1400022374930305,7.067476402177601,7.126642227172852,3042500,0.0,0.0
2017-10-02 00:00:00-04:00,7.117100315071882,7.138094554231891,7.098014519006072,7.122826099395752,3140500,0.0,0.0
2017-10-03 00:00:00-04:00,7.141912146916677,7.183900626715041,7.132369021027138,7.166723728179932,3292000,0.0,0.0
2017-10-04 00:00:00-04:00,7.166723034048545,7.172448362978197,7.153362568088958,7.162905693054199,2025500,0.0,0.0
2017-10-05 00:00:00-04:00,7.025488280895085,7.059842532090253,7.023579837784597,7.054117202758789,4924000,0.0,0.0
2017-10-06 00:00:00-04:00,7.017853861290394,7.077019691467285,7.000676508642421,7.077019691467285,3748500,0.0,0.0
2017-10-09 00:00:00-04:00,7.088469890070915,7.10564723939941,7.065566757632921,7.0693840980529785,2001500,0.0,0.0
2017-10-10 00:00:00-04:00,7.023579845660677,7.029305630039839,6.9892251393857086,7.006402492523193,2442000,0.0,0.0
2017-10-11 00:00:00-04:00,6.985408024635695,7.014036490553658,6.981590683494045,6.989224910736084,2929000,0.0,0.0
2017-10-12 00:00:00-04:00,6.928149419349915,6.956777880233176,6.9186062956947065,6.931966304779053,4357000,0.0,0.0
2017-10-13 00:00:00-04:00,7.033122940486246,7.052208737887569,7.01785448458171,7.027397155761719,2896500,0.0,0.0
2017-10-16 00:00:00-04:00,7.092288524450532,7.111374319950595,7.0560253764880345,7.071293830871582,3205500,0.0,0.0
2017-10-17 00:00:00-04:00,7.075110126334677,7.078927466887016,7.029304314912568,7.052206993103027,2809500,0.0,0.0
2017-10-18 00:00:00-04:00,7.155271930735523,7.170540385621877,7.117100338478367,7.149546146392822,3485000,0.0,0.0
2017-10-19 00:00:00-04:00,7.115191224217818,7.147637031146757,7.067476962866295,7.145728588104248,3921000,0.0,0.0
2017-10-20 00:00:00-04:00,7.15336326092632,7.191534854401899,7.141912146916677,7.166723728179932,2785500,0.0,0.0
2017-10-23 00:00:00-04:00,7.187717053751155,7.208711290979722,7.15336235096852,7.159088134765625,1830500,0.0,0.0
2017-10-24 00:00:00-04:00,7.164813762570519,7.197259566686889,7.1476364115531865,7.1953511238098145,1614500,0.0,0.0
2017-10-25 00:00:00-04:00,7.141912133379719,7.1552721455667205,7.048391593029425,7.092288970947266,2579500,0.0,0.0
2017-10-26 00:00:00-04:00,7.174357602780842,7.2487923429073025,7.159088693117297,7.225889205932617,4087000,0.0,0.0
2017-10-27 00:00:00-04:00,7.195351290358597,7.223980209383484,7.174357053101168,7.220162868499756,2796000,0.0,0.0
2017-10-30 00:00:00-04:00,7.239249285872322,7.456827724063367,7.220163489893547,7.414838790893555,11001500,0.0,0.0
2017-10-31 00:00:00-04:00,8.246981791028443,8.636332454137316,8.187815495679162,8.28515338897705,34069000,0.0,0.0
2017-11-01 00:00:00-04:00,8.315689509601299,8.38630736860322,8.26988414248453,8.309964179992676,11447500,0.0,0.0
2017-11-02 00:00:00-04:00,8.42256861586532,8.605791863081738,8.42256861586532,8.567620277404785,8410000,0.0,0.0
2017-11-03 00:00:00-04:00,8.567620404079172,8.584798209441333,8.508455036958674,8.552351951599121,6814500,0.0,0.0
2017-11-06 00:00:00-05:00,8.693588733328491,8.771841276728422,8.693588733328491,8.754663467407227,5114500,0.0,0.0
2017-11-07 00:00:00-05:00,8.752754095010555,8.785200356886417,8.716490947060773,8.78138256072998,3913000,0.0,0.0
2017-11-08 00:00:00-05:00,9.05240292947385,9.082939843073286,9.014231332433223,9.060037612915039,6621500,0.0,0.0
2017-11-09 00:00:00-05:00,8.687862221272805,8.775656968922451,8.624879052525941,8.758480072021484,6997500,0.0,0.0
2017-11-10 00:00:00-05:00,8.760386962607049,8.846273252057287,8.754660724599791,8.82146167755127,3576500,0.0,0.0
2017-11-13 00:00:00-05:00,8.687862493350904,8.808102595588217,8.672594038951605,8.794742584228516,4864500,0.0,0.0
2017-11-14 00:00:00-05:00,8.769929522622641,8.804284221777761,8.75084418536915,8.789015769958496,4589500,0.0,0.0
2017-11-15 00:00:00-05:00,8.579073852179897,8.66114328114027,8.54662849730547,8.63442325592041,5742000,0.0,0.0
2017-11-16 00:00:00-05:00,8.777566400882787,8.806194868970838,8.726034794291259,8.798561096191406,4470000,0.0,0.0
2017-11-17 00:00:00-05:00,8.844366474208401,8.861544283148849,8.798561107226588,8.811921119689941,3273500,0.0,0.0
2017-11-20 00:00:00-05:00,8.941705052133521,8.97605976259901,8.934071278751855,8.964608192443848,5461000,0.0,0.0
2017-11-21 00:00:00-05:00,8.935977846362645,8.998961013954032,8.935977846362645,8.991326332092285,3761000,0.0,0.0
2017-11-22 00:00:00-05:00,9.027590881857174,9.040950894630528,8.977967717246823,9.012322425842285,2794000,0.0,0.0
2017-11-24 00:00:00-05:00,9.1230189498895,9.16691586807801,9.102024257230987,9.140195846557617,2012000,0.0,0.0
2017-11-27 00:00:00-05:00,9.21653823323195,9.224172914474217,9.134468822686571,9.165006637573242,4039500,0.0,0.0
2017-11-28 00:00:00-05:00,9.1650076409425,9.2203561282406,9.144012947789601,9.2184476852417,3308000,0.0,0.0
2017-11-29 00:00:00-05:00,9.166916161287407,9.17264240041492,9.010412913067112,9.040949821472168,4369000,0.0,0.0
2017-11-30 00:00:00-05:00,8.935979127696303,8.943612900570189,8.874904394292205,8.932161331176758,5571500,0.0,0.0
2017-12-01 00:00:00-05:00,8.752753486601959,8.771839735809893,8.651598732014293,8.695496559143066,10963500,0.0,0.0
2017-12-04 00:00:00-05:00,8.827189081449994,8.844365979346763,8.731759646266166,8.737485885620117,4964000,0.0,0.0
2017-12-05 00:00:00-05:00,8.73366968168954,8.817646644725514,8.72794344188827,8.754663467407227,2774500,0.0,0.0
2017-12-06 00:00:00-05:00,8.586708198271117,8.590525084557756,8.521816580985412,8.571439743041992,4853500,0.0,0.0
2017-12-07 00:00:00-05:00,8.628695870590274,8.750845321163204,8.628695870590274,8.731759071350098,4046000,0.0,0.0
2017-12-08 00:00:00-05:00,8.724126685375074,8.752755154560068,8.691680419571485,8.739395141601562,3113500,0.0,0.0
2017-12-11 00:00:00-05:00,8.521816677688411,8.573348283473075,8.517998881275881,8.569530487060547,4752000,0.0,0.0
2017-12-12 00:00:00-05:00,8.49318616370878,8.537083990960689,8.468374585718342,8.517997741699219,4566500,0.0,0.0
2017-12-13 00:00:00-05:00,8.516090967403024,8.535177220404188,8.498914067768082,8.521817207336426,3671000,0.0,0.0
2017-12-14 00:00:00-05:00,8.521817992257844,8.538994893474902,8.483646392822266,8.483646392822266,2589500,0.0,0.0
2017-12-15 00:00:00-05:00,8.53135783462826,8.586707229955664,8.504637813469843,8.55807876586914,3690500,0.0,0.0
2017-12-18 00:00:00-05:00,8.758481242415682,8.775658141611995,8.714583407683556,8.727943420410156,5215000,0.0,0.0
2017-12-19 00:00:00-05:00,8.676409411636998,8.693586306079792,8.626786260932969,8.6535062789917,3741000,0.0,0.0
2017-12-20 00:00:00-05:00,8.66305068619259,8.66305068619259,8.567621256058397,8.594341278076172,2239500,0.0,0.0
2017-12-21 00:00:00-05:00,8.693588233822577,8.714582928416588,8.65732508410681,8.666868209838867,3210000,0.0,0.0
2017-12-22 00:00:00-05:00,8.727944082180665,8.737487209161133,8.672595583842767,8.718400955200195,2266500,0.0,0.0
2017-12-26 00:00:00-05:00,8.655416465091125,8.676411159258507,8.613427986838905,8.62869644165039,2919500,0.0,0.0
2017-12-27 00:00:00-05:00,8.626788291516535,8.640148303690594,8.60197671032434,8.638239860534668,1930500,0.0,0.0
2017-12-28 00:00:00-05:00,8.645874120601219,8.668776347435374,8.6210625406219,8.643964767456055,2706500,0.0,0.0
2017-12-29 00:00:00-05:00,8.643965526182958,8.643965526182958,8.579073905944824,8.579073905944824,2177500,0.0,0.0
2018-01-02 00:00:00-05:00,8.67259507680903,8.743212028137528,8.634423481201493,8.739395141601562,4221000,0.0,0.0
2018-01-03 00:00:00-05:00,8.76611500428374,8.848184433857165,8.760389674586404,8.836732864379883,3062500,0.0,0.0
2018-01-04 00:00:00-05:00,8.934068483990448,9.019953868163455,8.932159131159654,9.018045425415039,3853000,0.0,0.0
2018-01-05 00:00:00-05:00,9.195543957724073,9.311968073994729,9.193635514847905,9.294790267944336,6780500,0.0,0.0
2018-01-08 00:00:00-05:00,9.313877282990852,9.353957316934515,9.300517271676297,9.352048873901367,3094500,0.0,0.0
2018-01-09 00:00:00-05:00,9.500918590780667,9.504735476943102,9.43220917936162,9.45702075958252,5286500,0.0,0.0
2018-01-10 00:00:00-05:00,9.493283706121947,9.537181536384866,9.441752103696794,9.5009183883667,5256500,0.0,0.0
2018-01-11 00:00:00-05:00,9.520003673490105,9.603981537363927,9.508552105230834,9.596346855163574,4301500,0.0,0.0
2018-01-12 00:00:00-05:00,9.535273562141057,9.69941151843753,9.491376635612797,9.548633575439453,5217000,0.0,0.0
2018-01-16 00:00:00-05:00,9.504735909043069,9.621159133032942,9.313877941006577,9.342506408691406,6942000,0.0,0.0
2018-01-17 00:00:00-05:00,9.436024359452464,9.537180015210465,9.382584322510406,9.508550643920898,3922500,0.0,0.0
2018-01-18 00:00:00-05:00,9.418850445538785,9.418850445538785,9.35586726490118,9.384495735168457,2853000,0.0,0.0
2018-01-19 00:00:00-05:00,9.520001271197238,9.546721287032126,9.491372812814467,9.521909713745117,2610500,0.0,0.0
2018-01-22 00:00:00-05:00,9.571535927731173,9.697502277082824,9.561993711933756,9.69559383392334,4000500,0.0,0.0
2018-01-23 00:00:00-05:00,9.842553257164566,9.913170192847993,9.521911197032901,9.623065948486328,12159000,0.0,0.0
2018-01-24 00:00:00-05:00,9.523820459823819,9.523820459823819,9.338688746749579,9.380677223205566,8712500,0.0,0.0
2018-01-25 00:00:00-05:00,9.256619864295804,9.374952438579925,9.197453577153743,9.237534523010254,6088000,0.0,0.0
2018-01-26 00:00:00-05:00,9.30815314655925,9.447479530361164,9.300519372702155,9.443662643432617,5564500,0.0,0.0
2018-01-29 00:00:00-05:00,9.275705592779309,9.279522478804743,9.077212958136586,9.13637924194336,15403000,0.0,0.0
2018-01-30 00:00:00-05:00,9.073396365519711,9.115384843404808,8.964606919534306,9.03713321685791,4554000,0.0,0.0
2018-01-31 00:00:00-05:00,9.147831775902006,9.186003370433914,9.111568624584303,9.149740219116211,4260500,0.0,0.0
2018-02-01 00:00:00-05:00,9.271887780922892,9.474198211329927,9.254710883755102,9.380677223205566,9050500,0.0,0.0
2018-02-02 00:00:00-05:00,10.115482512080387,10.289162674792102,9.84255511197504,9.922715187072754,19771000,0.0,0.0
2018-02-05 00:00:00-05:00,9.672690055533192,9.67459849856634,9.220356293706455,9.352048873901367,12982000,0.0,0.0
2018-02-06 00:00:00-05:00,9.35395742344084,9.768119599072806,9.313877389040815,9.689867973327637,13337000,0.0,0.0
2018-02-07 00:00:00-05:00,9.638334579305697,9.724219961309247,9.52954515465257,9.565808296203613,5658500,0.0,0.0
2018-02-08 00:00:00-05:00,9.269980129197632,9.306243279720608,8.962698936462402,8.962698936462402,12890500,0.0,0.0
2018-02-09 00:00:00-05:00,9.056217787883988,9.119200954399176,8.65159876785702,8.979874610900879,10518000,0.0,0.0
2018-02-12 00:00:00-05:00,9.107750217829063,9.254711256467289,9.021864818448776,9.212722778320312,6063500,0.0,0.0
2018-02-13 00:00:00-05:00,8.985602400295575,9.035225564905925,8.932161439119541,9.012322425842285,6546000,0.0,0.0
2018-02-14 00:00:00-05:00,8.998963073788527,9.292884286465155,8.993236833560879,9.273798942565918,6717000,0.0,0.0
2018-02-15 00:00:00-05:00,9.338688543801009,9.338688543801009,9.16691593552607,9.31578540802002,3118000,0.0,0.0
2018-02-16 00:00:00-05:00,9.409306042221937,9.493283908373261,9.395946030570878,9.45702075958252,4412000,0.0,0.0
2018-02-20 00:00:00-05:00,9.428393222990344,9.521913313770341,9.409306970130885,9.430301666259766,3493000,0.0,0.0
2018-02-21 00:00:00-05:00,9.552447969106549,9.645968028878908,9.445566990712955,9.44747543334961,4591000,0.0,0.0
2018-02-22 00:00:00-05:00,9.542905921131231,9.590620632753373,9.479922756613085,9.514277458190918,4428500,0.0,0.0
2018-02-23 00:00:00-05:00,9.573443425399798,9.59443811824579,9.470380224305808,9.586803436279297,7188500,0.0,0.0
2018-02-26 00:00:00-05:00,9.674597543199953,9.731855378952773,9.644060637520067,9.71849536895752,4389500,0.0,0.0
2018-02-27 00:00:00-05:00,9.695592351832596,9.718495486410522,9.584894474760922,9.594437599182129,4297000,0.0,0.0
2018-02-28 00:00:00-05:00,9.701318914019835,9.733764264018458,9.626884179200689,9.630701065063477,4317500,0.0,0.0
2018-03-01 00:00:00-05:00,9.504734212912314,9.531454232660947,9.222263742559424,9.29860782623291,5937500,0.0,0.0
2018-03-02 00:00:00-05:00,9.287156721279368,9.491374675292462,9.245167336657358,9.481831550598145,4216000,0.0,0.0
2018-03-05 00:00:00-05:00,9.418848440872019,9.68032423455438,9.418848440872019,9.644061088562012,5541500,0.0,0.0
2018-03-06 00:00:00-05:00,9.575352765831731,9.636426581153234,9.552449630044926,9.573443412780762,5421000,0.0,0.0
2018-03-07 00:00:00-05:00,9.600165081187347,9.750943008256455,9.590621955530208,9.71277141571045,6154500,0.0,0.0
2018-03-08 00:00:00-05:00,9.766210959168607,9.810107878793595,9.741399379790241,9.78720474243164,4007500,0.0,0.0
2018-03-09 00:00:00-05:00,9.766210314413179,9.817741912784257,9.707044034397983,9.810107231140137,6445500,0.0,0.0
2018-03-12 00:00:00-04:00,9.54672350646812,9.617341357650727,9.527638166470048,9.544815063476562,6926500,0.0,0.0
2018-03-13 00:00:00-04:00,9.607799345412861,9.659330952483437,9.533364599625896,9.556267738342285,6289000,0.0,0.0
2018-03-14 00:00:00-04:00,9.726131536446378,9.760485333064462,9.682233703981789,9.724222183227539,4637500,0.0,0.0
2018-03-15 00:00:00-04:00,9.792930181367321,9.846370221790202,9.7566670367711,9.79865550994873,2684500,0.0,0.0
2018-03-16 00:00:00-04:00,9.686050011965891,9.691776251115407,9.609706830577428,9.665056228637695,4820000,0.0,0.0
2018-03-19 00:00:00-04:00,9.283339734812342,9.289065974161216,9.105841786400445,9.226082801818848,9195500,0.0,0.0
2018-03-20 00:00:00-04:00,9.252801960358221,9.331053580179095,9.235625064082223,9.319602012634277,4739500,0.0,0.0
2018-03-21 00:00:00-04:00,9.306242931100291,9.388312355016332,9.281431350623645,9.292882919311523,3119500,0.0,0.0
2018-03-22 00:00:00-04:00,9.268070282125285,9.327236561919657,9.161190200001199,9.186001777648926,7908000,0.0,0.0
2018-03-23 00:00:00-04:00,9.315785339476614,9.33105379319077,9.1325611646593,9.140195846557617,4579000,0.0,0.0
2018-03-26 00:00:00-04:00,9.252803164433464,9.290974757856008,9.147831510042117,9.289066314697266,4657000,0.0,0.0
2018-03-27 00:00:00-04:00,9.390220364284916,9.39594569332307,9.075304515123868,9.13637924194336,7365500,0.0,0.0
2018-03-28 00:00:00-04:00,9.308264710894552,9.36568809133824,9.160878795017142,9.20298957824707,14049500,0.0276,0.0
2018-03-29 00:00:00-04:00,9.22595884571795,9.300608783252525,9.124511635126911,9.252756118774414,10684500,0.0,0.0
2018-04-02 00:00:00-04:00,9.268070063465569,9.292953379595238,9.132168805164014,9.185763359069824,10892000,0.0,0.0
2018-04-03 00:00:00-04:00,9.283380977702489,9.365687667158424,9.202989161436006,9.34846019744873,9535000,0.0,0.0
2018-04-04 00:00:00-04:00,9.160878339701245,9.384828143230326,9.141737822313788,9.373343467712402,4536000,0.0,0.0
2018-04-05 00:00:00-04:00,9.388656343644717,9.438422963294585,9.363773033819784,9.407796859741211,4412500,0.0,0.0
2018-04-06 00:00:00-04:00,9.33506354232756,9.3982288150018,9.231702352990407,9.27189826965332,4463000,0.0,0.0
2018-04-09 00:00:00-04:00,9.363772765093039,9.402054708900948,9.296778678894043,9.296778678894043,3055500,0.0,0.0
2018-04-10 00:00:00-04:00,9.518815168459133,9.545612439733445,9.46330575277926,9.522643089294434,5251500,0.0,0.0
2018-04-11 00:00:00-04:00,9.451823002406217,9.534128785460382,9.400141502027417,9.446080207824707,2749000,0.0,0.0
2018-04-12 00:00:00-04:00,9.37143071175467,9.434595978865069,9.340805514913033,9.405884742736816,3895500,0.0,0.0
2018-04-13 00:00:00-04:00,9.402056974542818,9.405884896031973,9.304437674859292,9.3580322265625,3499500,0.0,0.0
2018-04-16 00:00:00-04:00,9.467135600100749,9.492018913621997,9.403970335986322,9.446080207824707,3410000,0.0,0.0
2018-04-17 00:00:00-04:00,9.526472091674805,9.570495920201779,9.484361310885784,9.526472091674805,5131000,0.0,0.0
2018-04-18 00:00:00-04:00,9.62791839694257,9.68725481624676,9.620261643138708,9.658543586730957,9850000,0.0,0.0
2018-04-19 00:00:00-04:00,9.54752627189465,9.551354192678529,9.4288525131721,9.518815040588379,9606000,0.0,0.0
2018-04-20 00:00:00-04:00,9.570495814833853,9.570495814833853,9.482447246035672,9.524557113647461,6708500,0.0,0.0
2018-04-23 00:00:00-04:00,9.52647336939761,9.52647336939761,9.442252709237227,9.457565307617188,4648500,0.0,0.0
2018-04-24 00:00:00-04:00,9.566668188535928,9.570496109514789,9.403969681657086,9.453736305236816,6284500,0.0,0.0
2018-04-25 00:00:00-04:00,9.499674478125952,9.513073114805797,9.421196618613473,9.490104675292969,4011000,0.0,0.0
2018-04-26 00:00:00-04:00,9.56858386456007,9.660460373520555,9.532215870599634,9.604951858520508,5637000,0.0,0.0
2018-04-27 00:00:00-04:00,9.061346523768577,9.063260484345241,8.523484355038253,8.709152221679688,33381500,0.0,0.0
2018-04-30 00:00:00-04:00,8.755089463144163,8.814426800857982,8.701494919512902,8.772316932678223,5566000,0.0,0.0
2018-05-01 00:00:00-04:00,8.804854976248695,8.879504900919038,8.734033884722077,8.871849060058594,9939000,0.0,0.0
2018-05-02 00:00:00-04:00,8.892905678032305,8.954156983242893,8.856537687041214,8.931187629699707,6854500,0.0,0.0
2018-05-03 00:00:00-04:00,8.938844610663512,9.032635075165363,8.89481986314262,9.015408515930176,7339500,0.0,0.0
2018-05-04 00:00:00-04:00,8.950328759438698,9.12451195308914,8.929273367283333,9.10537052154541,5206500,0.0,0.0
2018-05-07 00:00:00-04:00,9.076661236584874,9.13408371812287,9.034550443228865,9.080489158630371,6069000,0.0,0.0
2018-05-08 00:00:00-04:00,9.07283109026267,9.091972523150853,9.038377971405948,9.070917129516602,4592500,0.0,0.0
2018-05-09 00:00:00-04:00,9.038376470775495,9.122596205902086,9.011579199352159,9.05560302734375,5536000,0.0,0.0
2018-05-10 00:00:00-04:00,8.919702612355984,8.996266512767424,8.906303975419666,8.973298072814941,4190000,0.0,0.0
2018-05-11 00:00:00-04:00,9.038377104593389,9.227872890987056,9.034548270754698,9.20298957824707,8240500,0.0,0.0
2018-05-14 00:00:00-04:00,9.22595884571795,9.269982676392523,9.19341877831301,9.252756118774414,4211500,0.0,0.0
2018-05-15 00:00:00-04:00,9.225960672706682,9.26998451209916,9.034549976889766,9.093887329101562,4540500,0.0,0.0
2018-05-16 00:00:00-04:00,9.155138906047465,9.181936185182689,9.113029026365522,9.15322494506836,3132500,0.0,0.0
2018-05-17 00:00:00-04:00,9.336977173042879,9.375259127470121,9.291039375358459,9.340806007385254,5725500,0.0,0.0
2018-05-18 00:00:00-04:00,9.298691918969412,9.32931801927179,9.235526670942997,9.302520751953125,3275500,0.0,0.0
2018-05-21 00:00:00-04:00,9.312090990860854,9.317833784249949,9.243183859186258,9.262325286865234,3120500,0.0,0.0
2018-05-22 00:00:00-04:00,9.166622065053328,9.166622065053328,9.00009562219646,9.00775146484375,5236500,0.0,0.0
2018-05-23 00:00:00-04:00,8.892904345579701,8.894818305969238,8.804855778665907,8.894818305969238,5350500,0.0,0.0
2018-05-24 00:00:00-04:00,8.929273224471002,8.929273224471002,8.825912051386325,8.892905235290527,4030500,0.0,0.0
2018-05-25 00:00:00-04:00,8.856537774706561,8.927359796713453,8.852709853316048,8.881421089172363,3810500,0.0,0.0
2018-05-29 00:00:00-04:00,8.973297030466158,8.986695665846074,8.866107034713245,8.91970157623291,5647500,0.0,0.0
2018-05-30 00:00:00-04:00,9.007751589023485,9.051776335707187,9.000095746270652,9.036463737487793,3735500,0.0,0.0
2018-05-31 00:00:00-04:00,9.044119688382125,9.053690404651332,8.969469744367037,9.013494491577148,3544500,0.0,0.0
2018-06-01 00:00:00-04:00,9.063258522637385,9.145564285901175,9.063258522637385,9.124509811401367,2197500,0.0,0.0
2018-06-04 00:00:00-04:00,9.256584437931913,9.407798280048759,9.247013722081983,9.394399642944336,6795500,0.0,0.0
2018-06-05 00:00:00-04:00,9.413541748723484,9.45373766291508,9.363775117996624,9.438425064086914,4972000,0.0,0.0
2018-06-06 00:00:00-04:00,9.574325747057815,9.620264457894956,9.555185226018205,9.604951858520508,12920000,0.0,0.0
2018-06-07 00:00:00-04:00,9.578153420984574,9.597293939705194,9.514988157593264,9.547527313232422,3444000,0.0,0.0
2018-06-08 00:00:00-04:00,9.50350402883595,9.570497217288574,9.459479281628699,9.562840461730957,2912500,0.0,0.0
2018-06-11 00:00:00-04:00,9.616434018345542,9.69873978887909,9.606863303974752,9.666200637817383,2985000,0.0,0.0
2018-06-12 00:00:00-04:00,9.524556817732558,9.59920674848437,9.509244222050704,9.541784286499023,2644500,0.0,0.0
2018-06-13 00:00:00-04:00,9.536041259765625,9.603035347397046,9.480532759507042,9.536041259765625,4176500,0.0,0.0
2018-06-14 00:00:00-04:00,9.455650349235059,9.463306191260395,9.402055804203139,9.403969764709473,3656500,0.0,0.0
2018-06-15 00:00:00-04:00,9.37142963432215,9.426939052197095,9.37142963432215,9.402055740356445,2600000,0.0,0.0
2018-06-18 00:00:00-04:00,9.283380548622068,9.283380548622068,9.191504061033555,9.25849723815918,3889500,0.0,0.0
2018-06-19 00:00:00-04:00,9.189592038908563,9.237444709540027,9.099629492732575,9.23361587524414,3560500,0.0,0.0
2018-06-20 00:00:00-04:00,9.375257747599315,9.55135489458903,9.335061838273898,9.486275672912598,6405000,0.0,0.0
2018-06-21 00:00:00-04:00,9.493931956799026,9.507330592576176,9.358030725876265,9.421195983886719,3806500,0.0,0.0
2018-06-22 00:00:00-04:00,9.551352040347842,9.700651869838513,9.532211528028038,9.641315460205078,5874000,0.0,0.0
2018-06-25 00:00:00-04:00,9.56475521272865,9.570497094788063,9.421197208678592,9.480534553527832,3232500,0.0,0.0
2018-06-26 00:00:00-04:00,9.562839804111992,9.631747861250643,9.51307317819419,9.570496559143066,3189500,0.0,0.0
2018-06-27 00:00:00-04:00,9.677686672509054,9.848041031223666,9.626005172729492,9.626005172729492,6492000,0.0,0.0
2018-06-28 00:00:00-04:00,9.844211564298448,9.922689412874986,9.800186826546925,9.895892143249512,6422500,0.0,0.0
2018-06-29 00:00:00-04:00,9.832729512383734,9.878667309974187,9.800189440465932,9.811674118041992,5237500,0.0,0.0
2018-07-02 00:00:00-04:00,9.647062239323034,9.754252265975614,9.624092882703636,9.750423431396484,2400000,0.0,0.0
2018-07-03 00:00:00-04:00,9.76190547835712,9.830813529640958,9.74659288230969,9.756163597106934,2905500,0.0,0.0
2018-07-05 00:00:00-04:00,9.323574656299854,9.44607722459513,9.285292717796755,9.390568733215332,8549000,0.0,0.0
2018-07-06 00:00:00-04:00,9.426939413026933,9.492018635859566,9.413540776347087,9.490104675292969,2238000,0.0,0.0
2018-07-09 00:00:00-04:00,9.842297898186034,9.8844077641828,9.777217769763439,9.87866497039795,4261500,0.0,0.0
2018-07-10 00:00:00-04:00,9.815500240837663,9.909291605067967,9.813586280378043,9.892065048217773,2448000,0.0,0.0
2018-07-11 00:00:00-04:00,9.890149271948511,10.001167182891665,9.882493430809108,9.945658683776855,5180500,0.0,0.0
2018-07-12 00:00:00-04:00,9.959058127558524,10.029879227419183,9.951401373083552,9.993512153625488,5057000,0.0,0.0
2018-07-13 00:00:00-04:00,10.15429394122856,10.238514574321535,10.137067387676714,10.204060554504395,4339000,0.0,0.0
2018-07-16 00:00:00-04:00,10.211719915484494,10.23851718905912,10.183008681327921,10.196407318115234,2234500,0.0,0.0
2018-07-17 00:00:00-04:00,10.198320920588717,10.341877999044334,10.194492999559236,10.265314102172852,4020500,0.0,0.0
2018-07-18 00:00:00-04:00,10.179179401899587,10.179179401899587,10.098787584694524,10.158124923706055,3151500,0.0,0.0
2018-07-19 00:00:00-04:00,10.093045510210152,10.12175765787108,10.049021677471986,10.073904991149902,2952000,0.0,0.0
2018-07-20 00:00:00-04:00,10.104532423742556,10.217464340612151,10.077735143497419,10.13515853881836,4721000,0.0,0.0
2018-07-23 00:00:00-04:00,10.154296640757375,10.22129073810894,10.148554758951423,10.17343807220459,2292500,0.0,0.0
2018-07-24 00:00:00-04:00,10.104529527392838,10.161952906254013,10.039450306492602,10.081561088562012,4594000,0.0,0.0
2018-07-25 00:00:00-04:00,10.200237006172893,10.286371636276606,10.16578297158864,10.271059036254883,3410500,0.0,0.0
2018-07-26 00:00:00-04:00,10.255745523519325,10.301684236298328,10.238518962584116,10.271059036254883,2532500,0.0,0.0
2018-07-27 00:00:00-04:00,10.282540930924341,10.305509368382358,10.200234244928353,10.22128963470459,3266000,0.0,0.0
2018-07-30 00:00:00-04:00,10.188749767661152,10.188749767661152,9.987769318827871,10.01839542388916,5342000,0.0,0.0
2018-07-31 00:00:00-04:00,10.454811685409963,10.623253017723949,10.242346515529826,10.3399658203125,8415500,0.0,0.0
2018-08-01 00:00:00-04:00,10.495003960396307,10.550513369200251,10.460550851719084,10.527544021606445,6262000,0.0,0.0
2018-08-02 00:00:00-04:00,10.43949833963977,10.62325225828777,10.433756457516584,10.581141471862793,5261500,0.0,0.0
2018-08-03 00:00:00-04:00,10.512232082994638,10.567740582546625,10.477778059455364,10.519887924194336,4615000,0.0,0.0
2018-08-06 00:00:00-04:00,10.483522139340087,10.489264020944358,10.382074016575057,10.424184799194336,3057500,0.0,0.0
2018-08-07 00:00:00-04:00,10.584968382256786,10.68450070996561,10.560085072151187,10.632820129394531,4430500,0.0,0.0
2018-08-08 00:00:00-04:00,10.516060742135211,10.52945937788921,10.462466199119214,10.487349510192871,3878500,0.0,0.0
2018-08-09 00:00:00-04:00,10.609853448841095,10.638564684419649,10.556257986323745,10.60219669342041,3074500,0.0,0.0
2018-08-10 00:00:00-04:00,10.422272169201493,10.491179320817945,10.420357295708621,10.460554122924805,6102000,0.0,0.0
2018-08-13 00:00:00-04:00,10.343790968524424,10.447153040840124,10.330392333491316,10.368674278259277,5047000,0.0,0.0
2018-08-14 00:00:00-04:00,10.405042094934482,10.405042094934482,10.34570567476464,10.389729499816895,3685500,0.0,0.0
2018-08-15 00:00:00-04:00,10.282543077854475,10.307426393616929,10.160040459837196,10.280628204345703,5809500,0.0,0.0
2018-08-16 00:00:00-04:00,10.309339354867596,10.372504618547024,10.286370002127134,10.305510520935059,7402000,0.0,0.0
2018-08-17 00:00:00-04:00,10.361018598439083,10.523717094417421,10.338049248677553,10.50266170501709,6365500,0.0,0.0
2018-08-20 00:00:00-04:00,10.443325275163227,10.491177939193907,10.38973072955142,10.449068069458008,2852000,0.0,0.0
2018-08-21 00:00:00-04:00,10.431841299740396,10.483522801009002,10.403130064479614,10.416528701782227,2318000,0.0,0.0
2018-08-22 00:00:00-04:00,10.399301635361612,10.472037613003298,10.391644880399555,10.45481014251709,3187500,0.0,0.0
2018-08-23 00:00:00-04:00,10.380160647698759,10.454810589091192,10.361020128546542,10.4146146774292,8760500,0.0,0.0
2018-08-24 00:00:00-04:00,10.458638424056039,10.485435695937623,10.416527643059021,10.439496994018555,3497500,0.0,0.0
2018-08-27 00:00:00-04:00,10.619422908411659,10.761066946469283,10.607938232009321,10.722784996032715,4526000,0.0,0.0
2018-08-28 00:00:00-04:00,10.69407299898888,10.732354949963549,10.54860195037062,10.674932479858398,7806500,0.0,0.0
2018-08-29 00:00:00-04:00,10.805088573157242,10.948645629812306,10.766806630534992,10.923762321472168,5466000,0.0,0.0
2018-08-30 00:00:00-04:00,10.868255890297302,10.916108555850823,10.797433872260997,10.849115371704102,3563000,0.0,0.0
2018-08-31 00:00:00-04:00,10.88165365786963,10.952475670248473,10.839543790157501,10.877825736999512,2465500,0.0,0.0
2018-09-04 00:00:00-04:00,10.795518296783651,10.80126109040213,10.65961707551789,10.753408432006836,2998000,0.0,0.0
2018-09-05 00:00:00-04:00,10.718954411735897,10.720868372038131,10.563912674692423,10.623250007629395,3716500,0.0,0.0
2018-09-06 00:00:00-04:00,10.828058683385409,10.8338005644618,10.711298887076657,10.787862777709961,5743000,0.0,0.0
2018-09-07 00:00:00-04:00,10.741925239583502,10.860599009081197,10.718955887367516,10.820403099060059,4365500,0.0,0.0
2018-09-10 00:00:00-04:00,10.87591264536279,10.887397321604181,10.826146019221317,10.849115371704102,5358000,0.0,0.0
2018-09-11 00:00:00-04:00,10.810833667429588,10.887398488147054,10.810833667429588,10.8816556930542,3307000,0.0,0.0
2018-09-12 00:00:00-04:00,10.908453500738649,11.007986768532673,10.885484144676361,11.000330924987793,3041000,0.0,0.0
2018-09-13 00:00:00-04:00,11.048179923206778,11.120915894981867,11.029039406415942,11.05583667755127,3127500,0.0,0.0
2018-09-14 00:00:00-04:00,11.365922356565605,11.390805670084825,11.318069690149612,11.377406120300293,6271000,0.0,0.0
2018-09-17 00:00:00-04:00,11.425259662050857,11.46545557634293,11.339125038445694,11.348695755004883,3692000,0.0,0.0
2018-09-18 00:00:00-04:00,11.417600913239806,11.473109412271622,11.386974810587379,11.452054023742676,5719500,0.0,0.0
2018-09-19 00:00:00-04:00,11.4118599587743,11.434829311286894,11.275958717002855,11.29318618774414,5529500,0.0,0.0
2018-09-20 00:00:00-04:00,11.283614246434853,11.321896192226372,11.251074181790951,11.312325477600098,3391500,0.0,0.0
2018-09-21 00:00:00-04:00,10.98692899986705,11.109431597259311,10.84145796408816,10.910365104675293,18428000,0.0,0.0
2018-09-24 00:00:00-04:00,10.898882252905207,10.933336285321,10.843373739052355,10.8816556930542,6383500,0.0,0.0
2018-09-25 00:00:00-04:00,11.235761426247898,11.254902855228263,11.16302545646422,11.203222274780273,5773500,0.0,0.0
2018-09-26 00:00:00-04:00,11.429086767978795,11.446313325009294,11.35252287251093,11.37932014465332,5344000,0.0,0.0
2018-09-27 00:00:00-04:00,11.393131729466397,11.471784218156044,11.354764594880375,11.419988632202148,3043000,0.0264,0.0
2018-09-28 00:00:00-04:00,11.701988955227442,11.701988955227442,11.600315986072273,11.634846687316895,7923000,0.0,0.0
2018-10-01 00:00:00-04:00,11.665538841496504,11.705825112868869,11.611825032659619,11.621417045593262,3161500,0.0,0.0
2018-10-02 00:00:00-04:00,11.529335946316376,11.542764398346872,11.45451989297018,11.475621223449707,3636000,0.0,0.0
2018-10-03 00:00:00-04:00,11.251172985099146,11.255010339041641,11.176357847018377,11.187867164611816,4896500,0.0,0.0
2018-10-04 00:00:00-04:00,11.155254730962447,11.15909116986072,10.877092786456274,10.948071479797363,9180000,0.0,0.0
2018-10-05 00:00:00-04:00,11.07852213941271,11.109215484728418,10.894359323284208,10.978767395019531,3877000,0.0,0.0
2018-10-08 00:00:00-04:00,10.915459919672827,10.997948844453346,10.829133641249427,10.948071479797363,4688500,0.0,0.0
2018-10-09 00:00:00-04:00,11.090031335593892,11.170602045572243,11.084275762169916,11.12072467803955,5348500,0.0,0.0
2018-10-10 00:00:00-04:00,11.099622894433743,11.105378468096786,10.750482221947426,10.761992454528809,8057000,0.0,0.0
2018-10-11 00:00:00-04:00,10.740891920012027,10.861748923996535,10.589341567417563,10.650729179382324,6484000,0.0,0.0
2018-10-12 00:00:00-04:00,10.692931229628678,10.775421078653807,10.529870665993188,10.648809432983398,7059000,0.0,0.0
2018-10-15 00:00:00-04:00,10.658402307967723,10.863666465177085,10.631544486181035,10.79076862335205,7016500,0.0,0.0
2018-10-16 00:00:00-04:00,10.915460989883048,11.036317059729496,10.894358744384352,11.030562400817871,6697500,0.0,0.0
2018-10-17 00:00:00-04:00,11.105377770471287,11.149499563641003,11.01329683034932,11.107295989990234,5801500,0.0,0.0
2018-10-18 00:00:00-04:00,10.973011010030255,10.973011010030255,10.667992140177581,10.748563766479492,8777000,0.0,0.0
2018-10-19 00:00:00-04:00,10.834889253173534,10.871338170148816,10.6756660479467,10.679502487182617,3846000,0.0,0.0
2018-10-22 00:00:00-04:00,10.74280801345258,10.769664916856266,10.641135058533767,10.700604438781738,2515000,0.0,0.0
2018-10-23 00:00:00-04:00,10.455053926173427,10.598931368947808,10.23444312789523,10.564400672912598,7309000,0.0,0.0
2018-10-24 00:00:00-04:00,10.550974367487827,10.552892587422518,10.180731392492067,10.182649612426758,7949500,0.0,0.0
2018-10-25 00:00:00-04:00,10.165382168287382,10.33419830181164,10.09823990764972,10.259382247924805,9093000,0.0,0.0
2018-10-26 00:00:00-04:00,9.981220321850333,10.119342197732802,9.925587378723607,10.054118156433105,13636500,0.0,0.0
2018-10-29 00:00:00-04:00,10.10207675689692,10.161546141443681,9.651263110398114,9.783629417419434,12843500,0.0,0.0
2018-10-30 00:00:00-04:00,10.359137906426774,10.529871359995147,10.167302205607621,10.249791145324707,13546000,0.0,0.0
2018-10-31 00:00:00-04:00,10.412851243590204,10.451218381999738,10.30158626777914,10.384076118469238,8834500,0.0,0.0
2018-11-01 00:00:00-04:00,10.644972169230593,10.683339307191305,10.531788975034788,10.677584648132324,7691500,0.0,0.0
2018-11-02 00:00:00-04:00,10.495341555434305,10.533708695529647,10.221016000642974,10.293913841247559,7817000,0.0,0.0
2018-11-05 00:00:00-05:00,10.309259869533397,10.309259869533397,10.199913115465726,10.22868824005127,4794500,0.0,0.0
2018-11-06 00:00:00-05:00,10.286238389320948,10.334197535395921,10.211422340982699,10.26321792602539,3555000,0.0,0.0
2018-11-07 00:00:00-05:00,10.453135275835487,10.641134504619842,10.409013483896054,10.600849151611328,8080500,0.0,0.0
2018-11-08 00:00:00-05:00,10.539461916430941,10.552890367894292,10.372564925532364,10.437788963317871,5383000,0.0,0.0
2018-11-09 00:00:00-05:00,10.393667514502903,10.424360857509832,10.313095888306526,10.372565269470215,4789000,0.0,0.0
2018-11-12 00:00:00-05:00,10.10783152325405,10.113586181906232,9.869954918815344,9.88530158996582,8250000,0.0,0.0
2018-11-13 00:00:00-05:00,9.871873528410045,9.960118034442711,9.800894828505427,9.829669952392578,4749000,0.0,0.0
2018-11-14 00:00:00-05:00,9.89681308755223,9.91024154086912,9.729916073616728,9.810486793518066,4359500,0.0,0.0
2018-11-15 00:00:00-05:00,9.726078665391043,9.933261018643636,9.70689463985189,9.90832233428955,3564000,0.0,0.0
2018-11-16 00:00:00-05:00,9.609059051609005,9.779793419394277,9.599467952656285,9.747180938720703,4174500,0.0,0.0
2018-11-19 00:00:00-05:00,9.952445945092908,9.988893950376188,9.768283125174046,9.78171157836914,7899000,0.0,0.0
2018-11-20 00:00:00-05:00,9.536162438351084,9.612896720956133,9.461346375599442,9.501631736755371,7064000,0.0,0.0
2018-11-21 00:00:00-05:00,9.695382878729546,9.768280700692447,9.660852187050613,9.691546440124512,3915500,0.0,0.0
2018-11-23 00:00:00-05:00,9.564936314757583,9.649344380482331,9.52656917847264,9.532323837280273,1813000,0.0,0.0
2018-11-26 00:00:00-05:00,9.695386081646133,9.808569290586124,9.674284747602977,9.787467956542969,6402000,0.0,0.0
2018-11-27 00:00:00-05:00,9.808567606224493,9.902567684915518,9.760608457075579,9.854608535766602,4785000,0.0,0.0
2018-11-28 00:00:00-05:00,9.940936209570104,10.151955031703306,9.869956585737597,10.150036811828613,5210000,0.0,0.0
2018-11-29 00:00:00-05:00,9.996566825299018,10.023423729220383,9.900648527227276,9.952445030212402,5500000,0.0,0.0
2018-11-30 00:00:00-05:00,10.142362551142114,10.222933263375957,10.086729608628058,10.132770538330078,4047500,0.0,0.0
2018-12-03 00:00:00-05:00,10.374482585076487,10.424359949175154,10.334197232860936,10.39174747467041,5413500,0.0,0.0
2018-12-04 00:00:00-05:00,10.184566578094643,10.207587043965562,9.86803745923132,9.881465911865234,5566000,0.0,0.0
2018-12-06 00:00:00-05:00,9.718404632441345,9.960117676853741,9.712649973768398,9.948607444763184,3917000,0.0,0.0
2018-12-07 00:00:00-05:00,9.975464035078836,10.036851632720888,9.785546583660292,9.80856704711914,3175000,0.0,0.0
2018-12-10 00:00:00-05:00,9.716487807165588,9.837343889341879,9.62248771739479,9.804732322692871,5120000,0.0,0.0
2018-12-11 00:00:00-05:00,9.904484571914711,9.937096130332048,9.764444497268078,9.812402725219727,9071500,0.0,0.0
2018-12-12 00:00:00-05:00,10.082893987221958,10.226770532093521,10.057955300734708,10.094404220581055,4634000,0.0,0.0
2018-12-13 00:00:00-05:00,10.088647187250775,10.128933455552765,9.981219577764488,10.01383113861084,3101000,0.0,0.0
2018-12-14 00:00:00-05:00,9.900646776716592,9.958197928333087,9.81240228740098,9.83926010131836,3753000,0.0,0.0
2018-12-17 00:00:00-05:00,9.820076085029367,9.837340973152306,9.641668887029073,9.68770980834961,3557500,0.0,0.0
2018-12-18 00:00:00-05:00,9.59562947230752,9.632078388284993,9.445997369266733,9.474773406982422,5819500,0.0,0.0
2018-12-19 00:00:00-05:00,9.474773144940134,9.587956328873156,9.27334546022449,9.35391616821289,7140500,0.0,0.0
2018-12-20 00:00:00-05:00,9.323224038754018,9.438325457165208,9.154407893288464,9.259918212890625,6573000,0.0,0.0
2018-12-21 00:00:00-05:00,9.089181428253363,9.190854366523274,8.956815152475167,8.96448802947998,6203000,0.0,0.0
2018-12-24 00:00:00-05:00,8.837877710223594,8.933796004835544,8.755388781832611,8.80142879486084,4038000,0.0,0.0
2018-12-26 00:00:00-05:00,8.974082935260833,9.144817310115148,8.795675680926657,9.135225296020508,5758500,0.0,0.0
2018-12-27 00:00:00-05:00,9.131388139312474,9.309795379638672,9.027796041764747,9.309795379638672,4030000,0.0,0.0
2018-12-28 00:00:00-05:00,9.325141399555383,9.3443245101512,9.179345734150596,9.234978675842285,3039000,0.0,0.0
2018-12-31 00:00:00-05:00,9.348161378323848,9.363508048952005,9.192773708322955,9.261835098266602,4293500,0.0,0.0
2019-01-02 00:00:00-05:00,9.125632135597174,9.396120312925648,9.093019657669982,9.346243858337402,3899000,0.0,0.0
2019-01-03 00:00:00-05:00,9.252244541403057,9.261836555083642,8.99518479502783,9.020123481750488,8092500,0.0,0.0
2019-01-04 00:00:00-05:00,9.231142215334144,9.505467766938063,9.21195910288175,9.4402437210083,5925000,0.0,0.0
2019-01-07 00:00:00-05:00,9.488200945227053,9.651261484272291,9.482445372340154,9.538078308105469,3370000,0.0,0.0
2019-01-08 00:00:00-05:00,9.620566560764054,9.641668801973898,9.478608274270735,9.57068920135498,5165000,0.0,0.0
2019-01-09 00:00:00-05:00,9.555344859863842,9.61673246445264,9.461345690638478,9.578365325927734,3294500,0.0,0.0
2019-01-10 00:00:00-05:00,9.338570102525335,9.42297816975296,9.304039404830666,9.419140815734863,5335000,0.0,0.0
2019-01-11 00:00:00-05:00,9.376936960869452,9.415304096697486,9.355834716003397,9.396120071411133,2955000,0.0,0.0
2019-01-14 00:00:00-05:00,9.342406281676022,9.350080074753851,9.265672009876418,9.288692474365234,3679500,0.0,0.0
2019-01-15 00:00:00-05:00,9.522732869294693,9.616732034315666,9.51505907603505,9.561100006103516,4929000,0.0,0.0
2019-01-16 00:00:00-05:00,9.511220745090366,9.576444773218485,9.492036723129116,9.516975402832031,4404000,0.0,0.0
2019-01-17 00:00:00-05:00,9.405711347063946,9.545751427600578,9.373099787274985,9.497793197631836,3543500,0.0,0.0
2019-01-18 00:00:00-05:00,9.612896200633694,9.660854438607386,9.551508594923455,9.626324653625488,4447000,0.0,0.0
2019-01-22 00:00:00-05:00,9.407630365357395,9.4287326103619,9.242651588739953,9.298284530639648,4509000,0.0,0.0
2019-01-23 00:00:00-05:00,9.403792381722601,9.422976403984096,9.225385182515533,9.296364784240723,4016000,0.0,0.0
2019-01-24 00:00:00-05:00,9.234978623648532,9.286774211132583,9.204284366226155,9.27910041809082,4434500,0.0,0.0
2019-01-25 00:00:00-05:00,9.386528644157515,9.401875315001309,9.334733058344309,9.35391616821289,3911000,0.0,0.0
2019-01-28 00:00:00-05:00,9.307876390896624,9.386528881360222,9.246488791225508,9.367344856262207,3719000,0.0,0.0
2019-01-29 00:00:00-05:00,9.407630167315974,9.421058618923972,9.328977677219891,9.357752799987793,3371000,0.0,0.0
2019-01-30 00:00:00-05:00,9.357753299589401,9.449835160954304,9.267590572623522,9.438324928283691,4610500,0.0,0.0
2019-01-31 00:00:00-05:00,9.599466180715822,9.695383555751313,9.532323011971915,9.614812850952148,7918000,0.0,0.0
2019-02-01 00:00:00-05:00,9.59179430886816,9.59946810289521,8.655635345317709,8.853225708007812,34814000,0.0,0.0
2019-02-04 00:00:00-05:00,8.803350697532707,8.905023682717095,8.788003106952281,8.880084991455078,9886000,0.0,0.0
2019-02-05 00:00:00-05:00,8.862816199505703,8.866653553232487,8.778409053430538,8.797592163085938,8047500,0.0,0.0
2019-02-06 00:00:00-05:00,8.534778228902576,8.56930892942052,8.43694170147412,8.482982635498047,14112500,0.0,0.0
2019-02-07 00:00:00-05:00,8.23551453847739,8.277718116306666,8.139596235076166,8.260453224182129,15245500,0.0,0.0
2019-02-08 00:00:00-05:00,8.517510703220058,8.536693809970604,8.377470639386452,8.496408462524414,10392500,0.0,0.0
2019-02-11 00:00:00-05:00,8.538614129690341,8.576981263264045,8.47914475249048,8.553960800170898,10224500,0.0,0.0
2019-02-12 00:00:00-05:00,8.446533378914634,8.534777889117468,8.446533378914634,8.494492530822754,5770500,0.0,0.0
2019-02-13 00:00:00-05:00,8.542450132871394,8.697836878706884,8.532858121281105,8.644123077392578,7351000,0.0,0.0
2019-02-14 00:00:00-05:00,8.632613462829001,8.711265951047354,8.6211032310477,8.655633926391602,3650500,0.0,0.0
2019-02-15 00:00:00-05:00,8.738123498189529,8.834041798527561,8.732368839246707,8.784164428710938,7227000,0.0,0.0
2019-02-19 00:00:00-05:00,8.866654396057129,8.918449986218185,8.847470369833552,8.866654396057129,8314500,0.0,0.0
2019-02-20 00:00:00-05:00,9.10261194576874,9.112203958948472,8.949143393871921,8.993266105651855,11134000,0.0,0.0
2019-02-21 00:00:00-05:00,9.179346332267471,9.217713470703746,9.100693835684819,9.139060974121094,11075000,0.0,0.0
2019-02-22 00:00:00-05:00,9.188937567692252,9.236896715363896,9.16591710363029,9.187019348144531,5948000,0.0,0.0
2019-02-25 00:00:00-05:00,9.313629672480445,9.350078582981661,9.282936334555489,9.296364784240723,4984000,0.0,0.0
2019-02-26 00:00:00-05:00,9.240732385991668,9.277181298601207,9.204283473382128,9.244568824768066,6528500,0.0,0.0
2019-02-27 00:00:00-05:00,9.27718281443374,9.300203280342698,9.234979236763808,9.290611267089844,4332000,0.0,0.0
2019-02-28 00:00:00-05:00,9.24840891236316,9.25416357222899,9.19277595993589,9.206204414367676,4004500,0.0,0.0
2019-03-01 00:00:00-05:00,9.17359089656583,9.219631824689754,9.148652212956147,9.187019348144531,4845000,0.0,0.0
2019-03-04 00:00:00-05:00,9.165918643429583,9.183184451748899,9.060409232622973,9.135225296020508,6154500,0.0,0.0
2019-03-05 00:00:00-05:00,9.160162457664375,9.188937580409322,9.117957968577482,9.14289665222168,3191500,0.0,0.0
2019-03-06 00:00:00-05:00,9.146733149969625,9.171671831279662,9.116038895802502,9.11795711517334,3427000,0.0,0.0
2019-03-07 00:00:00-05:00,9.01628549387602,9.01628549387602,8.851306712090713,8.90118408203125,6801000,0.0,0.0
2019-03-08 00:00:00-05:00,8.686326683528065,8.82444854086564,8.669061794390084,8.81485652923584,5370500,0.0,0.0
2019-03-11 00:00:00-04:00,8.690165105761011,8.858980323381699,8.663307286945622,8.843633651733398,7778000,0.0,0.0
2019-03-12 00:00:00-04:00,8.866654823244096,8.949143761643452,8.855144589904342,8.883919715881348,6451000,0.0,0.0
2019-03-13 00:00:00-04:00,8.93379635755515,8.98559194597228,8.912694112368655,8.951061248779297,4603000,0.0,0.0
2019-03-14 00:00:00-04:00,8.868571573250456,8.870489792698388,8.81485685498531,8.847469329833984,3890500,0.0,0.0
2019-03-15 00:00:00-04:00,8.86473507360672,8.926122675577455,8.834041729993702,8.872408866882324,4240000,0.0,0.0
2019-03-18 00:00:00-04:00,8.872407585891745,8.878162243959071,8.820612004307542,8.839795112609863,3164000,0.0,0.0
2019-03-19 00:00:00-04:00,8.862815193371608,8.887753873413754,8.726611562776473,8.734285354614258,11158000,0.0,0.0
2019-03-20 00:00:00-04:00,8.44845189315982,8.461880346392865,8.250861534232232,8.302657127380371,18645000,0.0,0.0
2019-03-21 00:00:00-04:00,8.26620755863995,8.463798816808279,8.258533765361149,8.442696571350098,6962000,0.0,0.0
2019-03-22 00:00:00-04:00,8.197145961045335,8.197145961045335,8.060943222979738,8.062861442565918,7895500,0.0,0.0
2019-03-25 00:00:00-04:00,8.076288268796143,8.149186086865994,8.039839359761217,8.085880279541016,4774500,0.0,0.0
2019-03-26 00:00:00-04:00,8.200983769840331,8.300738511812163,8.149188179161836,8.19714641571045,6589000,0.0,0.0
2019-03-27 00:00:00-04:00,8.224003897434068,8.26045281432828,8.166452735299869,8.208656311035156,8481500,0.0,0.0
2019-03-28 00:00:00-04:00,8.22464840780274,8.230427783901536,8.122538747334598,8.168776512145996,4891500,0.0366,0.0
2019-03-29 00:00:00-04:00,8.14951056746535,8.161070237713904,8.08785929903094,8.137950897216797,4543500,0.0,0.0
2019-04-01 00:00:00-04:00,8.222721102070436,8.288225284477505,8.213087890891094,8.280518531799316,5003000,0.0,0.0
2019-04-02 00:00:00-04:00,8.151437247128735,8.19382209340716,8.103272106232458,8.124464988708496,6629000,0.0,0.0
2019-04-03 00:00:00-04:00,8.199602644087765,8.216941691135494,8.159144255193945,8.166850090026855,5052500,0.0,0.0
2019-04-04 00:00:00-04:00,8.101345499405829,8.215014825625556,8.097492582180168,8.191895484924316,11892000,0.0,0.0
2019-04-05 00:00:00-04:00,8.332536327512242,8.340243079951332,8.28822502733974,8.297858238220215,6061000,0.0,0.0
2019-04-08 00:00:00-04:00,8.284371670958048,9.039597541654478,8.276664918927812,8.977946281433105,41655500,0.0,0.0
2019-04-09 00:00:00-04:00,8.983727862286704,9.01647949609238,8.825746313083016,8.898957252502441,21366500,0.0,0.0
2019-04-10 00:00:00-04:00,8.835377956463056,8.906662424613563,8.835377956463056,8.877762794494629,5160500,0.0,0.0
2019-04-11 00:00:00-04:00,8.875836778550415,8.943268333514917,8.860424192922977,8.910515785217285,5788000,0.0,0.0
2019-04-12 00:00:00-04:00,9.02803952680388,9.083911422242947,9.006847562517182,9.053085327148438,4924000,0.0,0.0
2019-04-15 00:00:00-04:00,9.060791091149971,9.182166243560705,9.041524668985591,9.11473560333252,8523000,0.0,0.0
2019-04-16 00:00:00-04:00,9.226478393572807,9.272717071478848,9.193725843610432,9.238038063049316,5331500,0.0,0.0
2019-04-17 00:00:00-04:00,9.270789396618866,9.301615487124142,9.16482683493953,9.197579383850098,11747500,0.0,0.0
2019-04-18 00:00:00-04:00,9.205284817707563,9.253449950442304,9.16482643693284,9.220697402954102,5381500,0.0,0.0
2019-04-22 00:00:00-04:00,9.172533988952637,9.18216628140095,9.107029806936229,9.172533988952637,6718000,0.0,0.0
2019-04-23 00:00:00-04:00,9.193725701831136,9.326661439424178,9.174460198783095,9.305468559265137,10406500,0.0,0.0
2019-04-24 00:00:00-04:00,8.970240886096127,9.004918975241768,8.937488336710187,8.950974464416504,10594500,0.0,0.0
2019-04-25 00:00:00-04:00,9.022259272093573,9.03189248328958,8.945195419872682,8.989506721496582,8844500,0.0,0.0
2019-04-26 00:00:00-04:00,9.31510150673877,9.810237139431552,9.286202793647053,9.679228782653809,19266500,0.0,0.0
2019-04-29 00:00:00-04:00,9.631064561048937,9.72932129728006,9.577120046519541,9.681156158447266,5990500,0.0,0.0
2019-04-30 00:00:00-04:00,9.658034554448143,9.738951307275164,9.638768135961673,9.704273223876953,7436000,0.0,0.0
2019-05-01 00:00:00-04:00,9.708126901668077,9.993262935717782,9.708126901668077,9.895007133483887,10925000,0.0,0.0
2019-05-02 00:00:00-04:00,9.877668746804156,9.972072566234592,9.835283902193243,9.914274215698242,6749000,0.0,0.0
2019-05-03 00:00:00-04:00,9.947025279204375,10.108859717819366,9.921979484164835,10.066473960876465,13525000,0.0,0.0
2019-05-06 00:00:00-04:00,9.854549223039648,9.921980783855018,9.748586654149209,9.868036270141602,11141500,0.0,0.0
2019-05-07 00:00:00-04:00,9.442258249518838,9.488496931784056,9.365194391525911,9.41913890838623,16553500,0.0,0.0
2019-05-08 00:00:00-04:00,9.372898763193053,9.455742902875592,9.324734548470214,9.392165184020996,6102000,0.0,0.0
2019-05-09 00:00:00-04:00,9.27078912135608,9.46152227791987,9.266936204659896,9.392165184020996,9516500,0.0,0.0
2019-05-10 00:00:00-04:00,9.438404709699487,9.60601854384524,9.324735388856073,9.57519245147705,10740000,0.0,0.0
2019-05-13 00:00:00-04:00,9.34400036984514,9.374826460488263,9.222625221707176,9.253450393676758,7378500,0.0,0.0
2019-05-14 00:00:00-04:00,9.276570357491341,9.351707752741296,9.2573039347061,9.332441329956055,5730500,0.0,0.0
2019-05-15 00:00:00-04:00,9.532808770857448,9.64840456432376,9.44611169608929,9.621432304382324,10889500,0.0,0.0
2019-05-16 00:00:00-04:00,9.81023738387804,10.081887314790775,9.681155482266876,10.018309593200684,26507500,0.0,0.0
2019-05-17 00:00:00-04:00,10.253355984134554,10.328493382367531,10.091521517273247,10.135833740234375,16591500,0.0,0.0
2019-05-20 00:00:00-04:00,10.122346951140724,10.187851133327108,10.020237301535037,10.056841850280762,10099500,0.0,0.0
2019-05-21 00:00:00-04:00,9.86996236049195,9.86996236049195,9.740880456632821,9.831430435180664,7256500,0.0,0.0
2019-05-22 00:00:00-04:00,9.75436728045233,9.77170632654366,9.704275682106676,9.727394104003906,5639000,0.0,0.0
2019-05-23 00:00:00-04:00,9.340147456568038,9.357486500973328,9.27271681868798,9.313175201416016,9472500,0.0,0.0
2019-05-24 00:00:00-04:00,9.376754717823896,9.47501146517191,9.376754717823896,9.436478614807129,4071000,0.0,0.0
2019-05-28 00:00:00-04:00,9.577119567820626,9.580972484759112,9.457669955991928,9.473082542419434,4397500,0.0,0.0
2019-05-29 00:00:00-04:00,9.336294870557833,9.338221329040733,9.249597808112311,9.291982650756836,4348000,0.0,0.0
2019-05-30 00:00:00-04:00,9.353633953358315,9.399872631828979,9.30546881639697,9.349781036376953,3065500,0.0,0.0
2019-05-31 00:00:00-04:00,9.243818245049493,9.266937586019866,9.191800187202979,9.247672080993652,5426000,0.0,0.0
2019-06-03 00:00:00-04:00,9.249597289643821,9.317027926133498,9.189872486653808,9.20528507232666,4248000,0.0,0.0
2019-06-04 00:00:00-04:00,9.17638719894345,9.280423310095818,9.110883014835427,9.272717475891113,5070500,0.0,0.0
2019-06-05 00:00:00-04:00,9.344001073822964,9.344001073822964,9.195652740693113,9.268863677978516,3821000,0.0,0.0
2019-06-06 00:00:00-04:00,9.178313843257476,9.201433183686722,9.11858903359419,9.141708374023438,5799500,0.0,0.0
2019-06-07 00:00:00-04:00,9.274643572670923,9.459596447799969,9.274643572670923,9.413358688354492,5731500,0.0,0.0
2019-06-10 00:00:00-04:00,9.56748687381661,9.594459131190687,9.473083054333726,9.55978012084961,8556000,0.0,0.0
2019-06-11 00:00:00-04:00,9.609872048440323,9.656110730482862,9.569413660989925,9.598312377929688,5320500,0.0,0.0
2019-06-12 00:00:00-04:00,9.4730828713398,9.542440890682148,9.440331238878358,9.513542175292969,7899500,0.0,0.0
2019-06-13 00:00:00-04:00,9.519321588289062,9.606018653470706,9.515468671201665,9.569413185119629,5993500,0.0,0.0
2019-06-14 00:00:00-04:00,9.737024746301445,9.933538170624571,9.715832788598272,9.889225959777832,18680500,0.0,0.0
2019-06-17 00:00:00-04:00,9.968217708209533,10.147392117161681,9.968217708209533,10.037575721740723,12775500,0.0,0.0
2019-06-18 00:00:00-04:00,10.074180857567395,10.128125364990366,10.037575393623667,10.058768272399902,8478500,0.0,0.0
2019-06-19 00:00:00-04:00,10.197484787796418,10.243722549699156,10.130053225510295,10.207117080688477,11402000,0.0,0.0
2019-06-20 00:00:00-04:00,10.41326174050249,10.426747866601747,10.266839892940904,10.392068862915039,8393500,0.0,0.0
2019-06-21 00:00:00-04:00,10.20904178592638,10.336197216999574,10.155097280301016,10.257206916809082,12391500,0.0,0.0
2019-06-24 00:00:00-04:00,10.315007471231205,10.351612941810751,10.234089776754542,10.239870071411133,7651500,0.0,0.0
2019-06-25 00:00:00-04:00,10.126200712500513,10.220603617325736,10.116567500550364,10.124274253845215,9343000,0.0,0.0
2019-06-26 00:00:00-04:00,10.145464562917747,10.182070027418733,10.020236502686169,10.106932640075684,5403000,0.0,0.0
2019-06-27 00:00:00-04:00,10.122348269379154,10.168586035293334,10.058770537407673,10.153173446655273,5138000,0.0,0.0
2019-06-28 00:00:00-04:00,10.18014571323934,10.18014571323934,10.054916707958284,10.093448638916016,4431000,0.0,0.0
2019-07-01 00:00:00-04:00,10.318859578159444,10.368951174105536,10.207116716535573,10.347758293151855,9217000,0.0,0.0
2019-07-02 00:00:00-04:00,10.262988715022093,10.34583194385447,10.23601645825464,10.341979026794434,6934500,0.0,0.0
2019-07-03 00:00:00-04:00,10.444088315985718,10.55968409183937,10.440235399059333,10.54234504699707,3920500,0.0,0.0
2019-07-05 00:00:00-04:00,10.478767291739238,10.617482406066724,10.47684083328204,10.602068901062012,7343500,0.0,0.0
2019-07-08 00:00:00-04:00,10.577023320549014,10.580877156215958,10.53078556060791,10.53078556060791,8455000,0.0,0.0
2019-07-09 00:00:00-04:00,10.428677734714297,10.501888682433181,10.38436550684675,10.476842880249023,6536000,0.0,0.0
2019-07-10 00:00:00-04:00,10.617482254936625,10.63482129947817,10.532711653311582,10.55390453338623,4169500,0.0,0.0
2019-07-11 00:00:00-04:00,10.59436405670582,10.636748902743458,10.575097632987301,10.600143432617188,13985000,0.0,0.0
2019-07-12 00:00:00-04:00,10.727298478575843,10.787023287407571,10.702252679905145,10.744638442993164,3850500,0.0,0.0
2019-07-15 00:00:00-04:00,10.788949745970916,10.798582957461248,10.72151910288581,10.744638442993164,4588500,0.0,0.0
2019-07-16 00:00:00-04:00,10.436380968567263,10.501886064623303,10.343904536890374,10.401702880859375,7307000,0.0,0.0
2019-07-17 00:00:00-04:00,10.55390386476399,10.557756781379451,10.43638072125754,10.474912643432617,5128500,0.0,0.0
2019-07-18 00:00:00-04:00,10.336198842499348,10.41326361523517,10.28996108126618,10.393997192382812,3950000,0.0,0.0
2019-07-19 00:00:00-04:00,10.463355174625438,10.467208091712616,10.336198805338961,10.338126182556152,2003500,0.0,0.0
2019-07-22 00:00:00-04:00,10.40748379932758,10.41326409391844,10.34197961223092,10.36509895324707,4826000,0.0,0.0
2019-07-23 00:00:00-04:00,10.457574441893986,10.494179908708315,10.409409305629152,10.482620239257812,3651000,0.0,0.0
2019-07-24 00:00:00-04:00,10.571245444191241,10.636749635735622,10.548126101605293,10.615557670593262,5578500,0.0,0.0
2019-07-25 00:00:00-04:00,10.499958845688953,10.55005043832512,10.465280757458935,10.509592056274414,6907000,0.0,0.0
2019-07-26 00:00:00-04:00,10.557756423950195,10.582802218449753,10.517298044837093,10.557756423950195,8159000,0.0,0.0
2019-07-29 00:00:00-04:00,10.40362996944304,10.565464423686326,10.40362996944304,10.538491249084473,15010000,0.0,0.0
2019-07-30 00:00:00-04:00,10.800509089710518,11.060600280049732,10.792803255689956,11.000875473022461,15987000,0.0,0.0
2019-07-31 00:00:00-04:00,10.981608829667941,11.037480718560758,10.842893714679432,10.954636573791504,7215500,0.0,0.0
2019-08-01 00:00:00-04:00,10.875645588807911,11.037480032683586,10.723444355339083,10.760049819946289,11218000,0.0,0.0
2019-08-02 00:00:00-04:00,10.654088055521969,10.682986770222769,10.532711983900892,10.592436790466309,6330500,0.0,0.0
2019-08-05 00:00:00-04:00,10.37087590282489,10.37087590282489,10.272619185830926,10.336196899414062,9366500,0.0,0.0
2019-08-06 00:00:00-04:00,10.553902892470186,10.596287727355957,10.467205845894982,10.596287727355957,5974000,0.0,0.0
2019-08-07 00:00:00-04:00,10.688766332469084,10.758124351371256,10.582803764265513,10.698399543762207,11949500,0.0,0.0
2019-08-08 00:00:00-04:00,10.675280819684284,10.85445433416931,10.654088856025757,10.837115287780762,7499500,0.0,0.0
2019-08-09 00:00:00-04:00,10.881426076573478,10.902618957901003,10.73307866330161,10.810142517089844,2131000,0.0,0.0
2019-08-12 00:00:00-04:00,10.788948343151498,10.798581553389285,10.677205492944255,10.711884498596191,2524000,0.0,0.0
2019-08-13 00:00:00-04:00,10.731152677314817,10.91225264982472,10.694547207352407,10.839041709899902,5704000,0.0,0.0
2019-08-14 00:00:00-04:00,10.640599214976245,10.646379508146122,10.430600576163597,10.465279579162598,6363500,0.0,0.0
2019-08-15 00:00:00-04:00,10.538492162861031,10.63867536138058,10.515373740541913,10.600143432617188,4364000,0.0,0.0
2019-08-16 00:00:00-04:00,10.56546410573431,10.78124306534062,10.56546410573431,10.736930847167969,6273500,0.0,0.0
2019-08-19 00:00:00-04:00,10.735004425048828,10.785096018627154,10.713811545096908,10.735004425048828,4674000,0.0,0.0
2019-08-20 00:00:00-04:00,10.788949119377119,10.792802954953597,10.709958810825887,10.723444938659668,1890500,0.0,0.0
2019-08-21 00:00:00-04:00,10.852527580256144,10.995095620776416,10.827481781335447,10.914178848266602,5264000,0.0,0.0
2019-08-22 00:00:00-04:00,10.62904196076466,10.669500343949853,10.478767178642332,10.55197811126709,7918000,0.0,0.0
2019-08-23 00:00:00-04:00,10.557758448574491,10.607850047179497,10.338126549361425,10.372804641723633,6518000,0.0,0.0
2019-08-26 00:00:00-04:00,10.698400534019603,10.787024065037533,10.682987945728154,10.696474075317383,5873000,0.0,0.0
2019-08-27 00:00:00-04:00,10.733077669174795,10.78509571973012,10.656013822524423,10.69454574584961,3631500,0.0,0.0
2019-08-28 00:00:00-04:00,10.638675428698857,10.733079251904396,10.623262840830703,10.713812828063965,2505000,0.0,0.0
2019-08-29 00:00:00-04:00,10.852527361527178,11.09720597005502,10.852527361527178,10.927664756774902,4580000,0.0,0.0
2019-08-30 00:00:00-04:00,11.002801562894124,11.01436123221126,10.898765457713456,10.964269638061523,1777000,0.0,0.0
2019-09-03 00:00:00-04:00,11.023994740634794,11.12995730711608,10.981608979103418,11.064453125,4289500,0.0,0.0
2019-09-04 00:00:00-04:00,11.180048399481372,11.28793833827345,11.158855519669428,11.2725248336792,4628500,0.0,0.0
2019-09-05 00:00:00-04:00,11.472890890115439,11.567294698787963,11.459404762972722,11.470964431762695,6479000,0.0,0.0
2019-09-06 00:00:00-04:00,11.43243356812527,11.447846155049007,11.366929384694194,11.405461311340332,3398500,0.0,0.0
2019-09-09 00:00:00-04:00,11.655918776642757,11.680964573785014,11.49793724133254,11.55573558807373,5722500,0.0,0.0
2019-09-10 00:00:00-04:00,11.390047627320552,11.44206567734875,11.351515704385829,11.413166046142578,3799500,0.0,0.0
2019-09-11 00:00:00-04:00,11.48445184254607,11.58848795461064,11.455553126677826,11.569222450256348,3655000,0.0,0.0
2019-09-12 00:00:00-04:00,11.586561825138507,11.64436017719027,11.55958956707223,11.607754707336426,3116000,0.0,0.0
2019-09-13 00:00:00-04:00,11.578855625686785,11.661698855897214,11.57692824845111,11.628946304321289,3306500,0.0,0.0
2019-09-16 00:00:00-04:00,11.544176907901017,11.607754635427277,11.49793822654605,11.553810119628906,2004000,0.0,0.0
2019-09-17 00:00:00-04:00,11.588487329691363,11.588487329691363,11.417020583622845,11.548028945922852,9273500,0.0,0.0
2019-09-18 00:00:00-04:00,11.390047074496472,11.436284828569852,11.286010060816077,11.3881196975708,4083000,0.0,0.0
2019-09-19 00:00:00-04:00,11.442066302953796,11.517203694585733,11.413166670167511,11.434359550476074,3097500,0.0,0.0
2019-09-20 00:00:00-04:00,11.426653492912205,11.478671544765906,11.320690012117947,11.390048027038574,3136000,0.0,0.0
2019-09-23 00:00:00-04:00,11.363074853231526,11.4189467405854,11.341882892011506,11.390048027038574,2131500,0.0,0.0
2019-09-24 00:00:00-04:00,11.496011219360595,11.515277641897008,11.312984798632636,11.349589347839355,4939000,0.0,0.0
2019-09-25 00:00:00-04:00,11.63665239746789,11.702156578232172,11.53454275007901,11.671331405639648,7612500,0.0,0.0
2019-09-26 00:00:00-04:00,11.542251230666778,11.575002866615707,11.411241930849975,11.445920944213867,4127500,0.0,0.0
2019-09-27 00:00:00-04:00,11.369389390954433,11.477614524841531,11.334602642041329,11.357793807983398,7508500,0.0368,0.0
2019-09-30 00:00:00-04:00,11.303680664062979,11.437029395223881,11.228309842434559,11.427366256713867,3333500,0.0,0.0
2019-10-01 00:00:00-04:00,11.305614170105406,11.394513025392655,11.141344486105424,11.201254844665527,4942000,0.0,0.0
2019-10-02 00:00:00-04:00,11.064041121723141,11.064041121723141,10.921030161328188,10.98287296295166,5026000,0.0,0.0
2019-10-03 00:00:00-04:00,11.083368381897108,11.20898643983031,11.015727322069832,11.19545841217041,4119000,0.0,0.0
2019-10-04 00:00:00-04:00,11.187725504244767,11.375186332222817,11.187725504244767,11.353927612304688,3159500,0.0,0.0
2019-10-07 00:00:00-04:00,11.22831052939667,11.286288442476312,11.222513198852539,11.222513198852539,3307000,0.0,0.0
2019-10-08 00:00:00-04:00,11.122019297652878,11.133614880825322,11.02152485784351,11.05631160736084,3152500,0.0,0.0
2019-10-09 00:00:00-04:00,11.166466945342009,11.228309741109378,11.149074033403023,11.183860778808594,1617500,0.0,0.0
2019-10-10 00:00:00-04:00,11.042782882761811,11.123951038312,11.029253935309129,11.079501152038574,3606500,0.0,0.0
2019-10-11 00:00:00-04:00,11.20898596852291,11.384850320707006,11.20898596852291,11.236042022705078,6890000,0.0,0.0
2019-10-14 00:00:00-04:00,11.236042264758353,11.282423677986504,11.174199458926402,11.178064346313477,2307000,0.0,0.0
2019-10-15 00:00:00-04:00,11.24570316265801,11.340400264743195,11.237973388791557,11.30561351776123,4715000,0.0,0.0
2019-10-16 00:00:00-04:00,11.30561356951637,11.40997288941236,11.30368112604091,11.3867826461792,3738000,0.0,0.0
2019-10-17 00:00:00-04:00,11.601299972173296,11.643817419712757,11.54912030612737,11.603233337402344,3798000,0.0,0.0
2019-10-18 00:00:00-04:00,11.55684968384779,11.570377709741075,11.32493987865349,11.442827224731445,5395000,0.0,0.0
2019-10-21 00:00:00-04:00,11.48727709126516,11.514334066703684,11.423501843753204,11.437030792236328,2821500,0.0,0.0
2019-10-22 00:00:00-04:00,11.495005343531098,11.514331618803109,11.390646037339307,11.396443367004395,3248500,0.0,0.0
2019-10-23 00:00:00-04:00,11.357791764310075,11.365522458742301,11.255364901102602,11.321072578430176,2945500,0.0,0.0
2019-10-24 00:00:00-04:00,11.431230584199222,11.431230584199222,11.27662406171401,11.33073616027832,3637500,0.0,0.0
2019-10-25 00:00:00-04:00,11.253434509293356,11.328805338018867,11.214782873141377,11.307546615600586,3418500,0.0,0.0
2019-10-28 00:00:00-04:00,11.373254310075136,11.456354906418897,11.342332450728353,11.413838386535645,4374500,0.0,0.0
2019-10-29 00:00:00-04:00,11.375186203077625,11.467949933574099,11.369387951562333,11.448623657226562,7482000,0.0,0.0
2019-10-30 00:00:00-04:00,11.634151604854052,11.937567312864404,11.568443926478269,11.802286148071289,6325500,0.0,0.0
2019-10-31 00:00:00-04:00,11.80422091423098,11.806154279395983,11.674737975256015,11.75590705871582,3309000,0.0,0.0
2019-11-01 00:00:00-04:00,11.840938346785023,11.908579393195698,11.811949853481927,11.87379264831543,3068500,0.0,0.0
2019-11-04 00:00:00-05:00,11.943365206097518,11.953028344365956,11.854466361388567,11.898916244506836,3031000,0.0,0.0
2019-11-05 00:00:00-05:00,11.896983811568942,11.898916254918804,11.794556941805586,11.87379264831543,3318000,0.0,0.0
2019-11-06 00:00:00-05:00,11.796490250899994,11.827411189822241,11.726916756033459,11.736579895019531,2283000,0.0,0.0
2019-11-07 00:00:00-05:00,11.674736322147831,11.734646674058986,11.638017133655678,11.67280387878418,3247500,0.0,0.0
2019-11-08 00:00:00-05:00,11.64381508686805,11.705657880557958,11.624488810671641,11.674736022949219,4709000,0.0,0.0
2019-11-11 00:00:00-05:00,11.866062286134945,11.958826941750289,11.788759020807234,11.927905082702637,6993500,0.0,0.0
2019-11-12 00:00:00-05:00,11.982018456978794,12.078648009667216,11.96462554296707,12.007142066955566,5340500,0.0,0.0
2019-11-13 00:00:00-05:00,12.09410759600115,12.09410759600115,12.026467466980312,12.038063049316406,5446500,0.0,0.0
2019-11-14 00:00:00-05:00,11.983950537912937,12.001343450060833,11.854466693158212,11.953028678894043,2120500,0.0,0.0
2019-11-15 00:00:00-05:00,11.982019566194499,12.020671206542438,11.927907454012944,11.99361515045166,1626000,0.0,0.0
2019-11-18 00:00:00-05:00,12.177209462073527,12.177209462073527,12.045793165703618,12.067051887512207,4135500,0.0,0.0
2019-11-19 00:00:00-05:00,12.028401864317003,12.043862336100613,11.93370566830558,11.96269416809082,7562500,0.0,0.0
2019-11-20 00:00:00-05:00,11.927906419002484,11.958828281514355,11.837075118142849,11.881524085998535,4262500,0.0,0.0
2019-11-21 00:00:00-05:00,11.808086410225465,11.91244573609577,11.781030356964846,11.889254570007324,5748500,0.0,0.0
2019-11-22 00:00:00-05:00,11.912443698197407,11.924039279257938,11.821612414496201,11.827409744262695,3036000,0.0,0.0
2019-11-25 00:00:00-05:00,11.925972185543587,11.972354511586522,11.900848579191594,11.943365097045898,4397000,0.0,0.0
2019-11-26 00:00:00-05:00,12.175276146982569,12.213927779259151,12.101837769198779,12.204264640808105,11108500,0.0,0.0
2019-11-27 00:00:00-05:00,12.229389592129657,12.320220891887505,12.213929121825116,12.314423561096191,7827000,0.0,0.0
2019-11-29 00:00:00-05:00,12.225523184935806,12.291230866706446,12.21779248998084,12.26803970336914,4764000,0.0,0.0
2019-12-02 00:00:00-05:00,12.264174982475813,12.283500337833134,12.11536578365575,12.229388236999512,7577000,0.0,0.0
2019-12-03 00:00:00-05:00,12.445836204549527,12.490285162093194,12.351139116890517,12.482555389404297,8240500,0.0,0.0
2019-12-04 00:00:00-05:00,12.613973018841229,12.670018488596689,12.577253827353905,12.617837905883789,5619000,0.0,0.0
2019-12-05 00:00:00-05:00,12.592716004388878,12.617839616627146,12.523143420551715,12.600446701049805,5782000,0.0,0.0
2019-12-06 00:00:00-05:00,12.627501045017857,12.652624653849832,12.590781853530533,12.617837905883789,4999000,0.0,0.0
2019-12-09 00:00:00-05:00,12.679680941210277,12.813029683454452,12.679680941210277,12.741523742675781,6616000,0.0,0.0
2019-12-10 00:00:00-05:00,12.865208649286291,12.890332257224113,12.762781774082494,12.814961433410645,4364500,0.0,0.0
2019-12-11 00:00:00-05:00,12.847814703807545,12.86134365091309,12.793702601495877,12.859410285949707,6875500,0.0,0.0
2019-12-12 00:00:00-05:00,12.93284764890535,13.023678933938186,12.915454737823335,13.010150909423828,5761500,0.0,0.0
2019-12-13 00:00:00-05:00,13.025612607804284,13.100983432159522,12.986960973893469,13.058466911315918,5096000,0.0,0.0
2019-12-16 00:00:00-05:00,13.180221014088946,13.232400677549647,13.141569377394807,13.1898832321167,5547000,0.0,0.0
2019-12-17 00:00:00-05:00,13.149298938527359,13.158962077926079,13.08165880579171,13.09132194519043,3738000,0.0,0.0
2019-12-18 00:00:00-05:00,13.108713160097237,13.124173628215013,13.025611646481876,13.083589553833008,2788500,0.0,0.0
2019-12-19 00:00:00-05:00,13.15316156502666,13.182150054681866,13.106779244356348,13.118374824523926,3338000,0.0,0.0
2019-12-20 00:00:00-05:00,12.994692435967394,13.124175371131678,12.932849633755865,13.12224292755127,7972000,0.0,0.0
2019-12-23 00:00:00-05:00,13.104850441107612,13.174423019909314,13.064266360012642,13.15703010559082,3007000,0.0,0.0
2019-12-24 00:00:00-05:00,13.137702754791903,13.14156856329123,13.095186233520508,13.095186233520508,1322500,0.0,0.0
2019-12-26 00:00:00-05:00,13.14157044572666,13.147367777014601,13.112581024703607,13.145435333251953,2590000,0.0,0.0
2019-12-27 00:00:00-05:00,13.147366250090972,13.16089427638615,13.089388336306152,13.099051475524902,1755500,0.0,0.0
2019-12-30 00:00:00-05:00,13.099052286661037,13.100984730318913,12.996625400571647,13.087456703186035,4969500,0.0,0.0
2019-12-31 00:00:00-05:00,13.08745421047205,13.147364560094049,13.0468701368033,13.14156723022461,2748500,0.0,0.0
2020-01-02 00:00:00-05:00,13.199544490340257,13.346421241760254,13.195679603680018,13.346421241760254,4282500,0.0,0.0
2020-01-03 00:00:00-05:00,13.238198267780762,13.267186765487493,13.133838938814344,13.15703010559082,2593000,0.0,0.0
2020-01-06 00:00:00-05:00,13.18988175856435,13.373477703496244,13.184084428395368,13.356083869934082,3777500,0.0,0.0
2020-01-07 00:00:00-05:00,13.626646575602809,13.640174601212964,13.49136539797363,13.566736221313477,6581000,0.0,0.0
2020-01-08 00:00:00-05:00,13.682692056471062,13.744534858426695,13.59959145369121,13.616984367370605,8201000,0.0,0.0
2020-01-09 00:00:00-05:00,13.798645438545552,13.848892651982085,13.64210646815986,13.727140426635742,11886500,0.0,0.0
2020-01-10 00:00:00-05:00,13.810242205330605,13.810242205330605,13.67109613476018,13.694287300109863,5602500,0.0,0.0
2020-01-13 00:00:00-05:00,13.796713152953666,13.856623505396364,13.736802800510967,13.845027923583984,6361500,0.0,0.0
2020-01-14 00:00:00-05:00,14.09626533448546,14.098197778050071,13.916535181588918,14.005434036254883,9704000,0.0,0.0
2020-01-15 00:00:00-05:00,13.837297439575195,13.937791869130132,13.808308945365923,13.837297439575195,5429500,0.0,0.0
2020-01-16 00:00:00-05:00,13.959052992982448,14.053749187082493,13.953254740225757,14.034423828125,5794500,0.0,0.0
2020-01-17 00:00:00-05:00,14.053747589562295,14.053747589562295,13.945523380035755,14.007366180419922,3902500,0.0,0.0
2020-01-21 00:00:00-05:00,14.011229902086747,14.011229902086747,13.935859081780707,13.93972396850586,4836000,0.0,0.0
2020-01-22 00:00:00-05:00,14.02475916210299,14.046017884018456,13.947455891627433,13.98803997039795,3804000,0.0,0.0
2020-01-23 00:00:00-05:00,14.05954544100736,14.05954544100736,13.918466931021886,14.028623580932617,2898500,0.0,0.0
2020-01-24 00:00:00-05:00,14.038287631237138,14.04601832713965,13.814107586869024,13.891411781311035,3391500,0.0,0.0
2020-01-27 00:00:00-05:00,13.806377423763424,13.856624641895738,13.750331953485555,13.781253814697266,6336500,0.0,0.0
2020-01-28 00:00:00-05:00,13.856623770984337,13.955185757514894,13.788983643722004,13.918466567993164,4063000,0.0,0.0
2020-01-29 00:00:00-05:00,13.895275182870964,13.918466346571291,13.84696041208322,13.875948905944824,3065000,0.0,0.0
2020-01-30 00:00:00-05:00,13.649839608527135,13.781254995737976,13.568670522226991,13.748400688171387,4354500,0.0,0.0
2020-01-31 00:00:00-05:00,13.71940995221112,13.71940995221112,13.51069132167507,13.562870979309082,4787000,0.0,0.0
2020-02-03 00:00:00-05:00,13.584129464856074,13.702017732867372,13.576399690906253,13.620848655700684,9055500,0.0,0.0
2020-02-04 00:00:00-05:00,13.947456716298605,14.274063652362113,13.752266085035938,14.107861518859863,7893500,0.0,0.0
2020-02-05 00:00:00-05:00,13.655636446801568,13.73293972137423,13.595726086473052,13.62664794921875,8995000,0.0,0.0
2020-02-06 00:00:00-05:00,13.715545749133462,13.827635765075684,13.715545749133462,13.827635765075684,3313000,0.0,0.0
2020-02-07 00:00:00-05:00,13.721344092403426,13.769658869232593,13.472041355270385,13.545478820800781,7312000,0.0,0.0
2020-02-10 00:00:00-05:00,13.553209093017463,13.568669563091566,13.456579542380856,13.56093978881836,4646500,0.0,0.0
2020-02-11 00:00:00-05:00,13.649838028897426,13.69235455006829,13.564804065028051,13.589927673339844,4260000,0.0,0.0
2020-02-12 00:00:00-05:00,13.58606289290188,13.680759074920086,13.58606289290188,13.676894187927246,2939500,0.0,0.0
2020-02-13 00:00:00-05:00,13.512624622238018,13.512624622238018,13.433388909065801,13.45078182220459,4551500,0.0,0.0
2020-02-14 00:00:00-05:00,13.427590430683141,13.437253569609672,13.230467372831223,13.301972389221191,7426000,0.0,0.0
2020-02-18 00:00:00-05:00,12.836220926550604,12.965703860933212,12.774378124712413,12.878737449645996,11728500,0.0,0.0
2020-02-19 00:00:00-05:00,12.940579968236136,13.019815681986355,12.923186133442801,12.961837768554688,6174500,0.0,0.0
2020-02-20 00:00:00-05:00,12.930917010988404,12.981164229493501,12.760849998409132,12.898062705993652,6630500,0.0,0.0
2020-02-21 00:00:00-05:00,12.938647425964712,12.94830964352319,12.70673669553561,12.74345588684082,4534500,0.0,0.0
2020-02-24 00:00:00-05:00,12.36853424310559,12.480624252574543,12.273837145534667,12.355006217956543,7069000,0.0,0.0
2020-02-25 00:00:00-05:00,12.610107936157005,12.65842270955009,12.200400427116746,12.287365913391113,11132000,0.0,0.0
2020-02-26 00:00:00-05:00,12.438108430927763,12.52893973204294,12.32601840687135,12.356940269470215,7767000,0.0,0.0
2020-02-27 00:00:00-05:00,11.964623921737624,12.121162891214935,11.7655675125053,11.767500877380371,10030000,0.0,0.0
2020-02-28 00:00:00-05:00,11.496939943191508,12.070917156432674,11.46988388995791,12.020669937133789,13613000,0.0,0.0
2020-03-02 00:00:00-05:00,12.291229924909825,12.418780391964061,12.041926320427674,12.399454116821289,10589500,0.0,0.0
2020-03-03 00:00:00-05:00,12.324085443525803,12.46709732415012,12.090243187144441,12.210062980651855,8572500,0.0,0.0
2020-03-04 00:00:00-05:00,12.326017231074504,12.55212970124411,12.285433154217104,12.521208763122559,6119000,0.0,0.0
2020-03-05 00:00:00-05:00,12.33954776872295,12.366603823448598,12.159816682569296,12.260311126708984,6299500,0.0,0.0
2020-03-06 00:00:00-05:00,12.136625375830384,12.221658419955615,12.012939775158468,12.198467254638672,5828000,0.0,0.0
2020-03-09 00:00:00-04:00,11.245704198197938,11.686333602627773,11.208985925895869,11.311412811279297,6874000,0.0,0.0
2020-03-10 00:00:00-04:00,11.806155661590294,11.817750324771405,11.413840989933252,11.659278869628906,15586500,0.0,0.0
2020-03-11 00:00:00-04:00,11.39257789309458,11.469881147141377,11.100757786533304,11.168397903442383,6749000,0.0,0.0
2020-03-12 00:00:00-04:00,10.53837923193945,10.72004183749646,9.952806412268723,10.159592628479004,10360500,0.0,0.0
2020-03-13 00:00:00-04:00,10.89010897443343,10.951950853127439,10.298737946054876,10.884310722351074,10061500,0.0,0.0
2020-03-16 00:00:00-04:00,10.049433617955954,10.408894812193717,9.844579874517796,9.987591743469238,7294500,0.0,0.0
2020-03-17 00:00:00-04:00,10.321928726683302,10.700715287970835,10.17505196643921,10.667860984802246,8512000,0.0,0.0
2020-03-18 00:00:00-04:00,10.586693464336106,11.228310803252143,10.064895920003483,10.58862590789795,18132500,0.0,0.0
2020-03-19 00:00:00-04:00,10.602154078862817,10.830199009766776,10.35864867772571,10.706513404846191,11914500,0.0,0.0
2020-03-20 00:00:00-04:00,10.915231334748821,10.996400410776829,10.207906344242017,10.254288673400879,8065000,0.0,0.0
2020-03-23 00:00:00-04:00,10.424355600188091,10.513254449395859,9.968265771945834,10.223366737365723,7963000,0.0,0.0
2020-03-24 00:00:00-04:00,10.880444886052985,11.015725135803223,10.737433941376624,11.015725135803223,11409500,0.0,0.0
2020-03-25 00:00:00-04:00,11.28242170679383,11.466017648519438,10.884309808120413,11.147141456604004,6125000,0.0,0.0
2020-03-26 00:00:00-04:00,11.336537483159368,11.694065393654597,11.208986975398608,11.692132949829102,7327000,0.0,0.0
2020-03-27 00:00:00-04:00,11.561770724980263,11.755759980430186,11.391060365187078,11.507453918457031,9717000,0.0456,0.0
2020-03-30 00:00:00-04:00,11.627727123374232,11.726661968634088,11.472535717091807,11.672345161437988,6076000,0.0,0.0
2020-03-31 00:00:00-04:00,11.49775484512691,11.736362150968867,11.36972183711684,11.48029613494873,5289500,0.0,0.0
2020-04-01 00:00:00-04:00,11.237809434659958,11.334803606092676,10.98950243176351,11.028300285339355,5554500,0.0,0.0
2020-04-02 00:00:00-04:00,11.323163375549584,11.503573428468977,11.23392822598627,11.42791748046875,5539500,0.0,0.0
2020-04-03 00:00:00-04:00,11.251388249814006,11.354202604501141,11.012780949779401,11.150513648986816,3339000,0.0,0.0
2020-04-06 00:00:00-04:00,11.606387745920525,11.877973626421747,11.542371245876359,11.808136940002441,5984000,0.0,0.0
2020-04-07 00:00:00-04:00,12.172837945443412,12.201936103396786,11.728601935627077,11.767399787902832,6735500,0.0,0.0
2020-04-08 00:00:00-04:00,11.84887467763953,12.099121419265126,11.779038915449679,12.048684120178223,5563000,0.0,0.0
2020-04-09 00:00:00-04:00,12.071960762633609,12.114638113505192,11.833353513412264,11.945867538452148,5696500,0.0,0.0
2020-04-13 00:00:00-04:00,11.833355610755094,11.848874566094105,11.54431194564466,11.656825065612793,7758500,0.0,0.0
2020-04-14 00:00:00-04:00,11.988547406404281,12.03704495281241,11.81395753435428,11.91677188873291,8812500,0.0,0.0
2020-04-15 00:00:00-04:00,12.066142721583585,12.066142721583585,11.879913407399975,12.040924072265625,11036500,0.0,0.0
2020-04-16 00:00:00-04:00,12.108819515446617,12.118519208224992,11.94780794537461,12.073901176452637,13701000,0.0,0.0
2020-04-17 00:00:00-04:00,12.442481753100964,12.500678062438965,12.31638851618375,12.500678062438965,15911500,0.0,0.0
2020-04-20 00:00:00-04:00,12.335787664654795,12.498738067668459,12.260131723964033,12.328027725219727,12184500,0.0,0.0
2020-04-21 00:00:00-04:00,12.068083360750958,12.153438077382374,11.912891032756043,12.037044525146484,11018500,0.0,0.0
2020-04-22 00:00:00-04:00,12.161196688692879,12.217453242371647,12.11851933504049,12.159256935119629,4186500,0.0,0.0
2020-04-23 00:00:00-04:00,12.304749993004043,12.318329194536515,12.019585835808408,12.038984298706055,4927500,0.0,0.0
2020-04-24 00:00:00-04:00,12.258192476331786,12.258192476331786,12.07584266595027,12.21357536315918,5790500,0.0,0.0
2020-04-27 00:00:00-04:00,12.320268483254416,12.390105167082671,12.264011925459732,12.308629035949707,6166500,0.0,0.0
2020-04-28 00:00:00-04:00,12.392044588439164,12.423082497076813,12.199995100582832,12.205814361572266,4860500,0.0,0.0
2020-04-29 00:00:00-04:00,12.494858214203488,12.580213845569322,12.382344183087984,12.527836799621582,5968000,0.0,0.0
2020-04-30 00:00:00-04:00,12.446360825256564,12.50067762541007,12.298929378409388,12.463820457458496,5544500,0.0,0.0
2020-05-01 00:00:00-04:00,12.265950882485537,12.34160682254535,12.058382448225165,12.16895580291748,3126000,0.0,0.0
2020-05-04 00:00:00-04:00,12.085540834177769,12.130157941716925,11.90125129323323,12.015704154968262,3840500,0.0,0.0
2020-05-05 00:00:00-04:00,12.199994363511424,12.364885440094383,12.178655224478716,12.296989440917969,4786000,0.0,0.0
2020-05-06 00:00:00-04:00,12.403683682366191,12.46576042288817,12.267890754661009,12.405623435974121,4568000,0.0,0.0
2020-05-07 00:00:00-04:00,12.467700232667315,12.529776973468971,12.395923798768667,12.487098693847656,4502000,0.0,0.0
2020-05-08 00:00:00-04:00,12.609311404501952,12.781962412646923,12.529775962553627,12.708246231079102,4788500,0.0,0.0
2020-05-11 00:00:00-04:00,12.758684642884235,12.813001444598946,12.663629314869837,12.79748249053955,4584000,0.0,0.0
2020-05-12 00:00:00-04:00,12.787783780381577,12.880898436909417,12.716007340445575,12.723767280578613,5701000,0.0,0.0
2020-05-13 00:00:00-04:00,12.353246399449029,12.425022833087887,12.085540976031012,12.178655624389648,12719000,0.0,0.0
2020-05-14 00:00:00-04:00,12.209693760968882,12.349366188049316,12.099119486401243,12.349366188049316,6649500,0.0,0.0
2020-05-15 00:00:00-04:00,12.322209574359922,12.523957842694665,12.314449634225857,12.417263984680176,6206000,0.0,0.0
2020-05-18 00:00:00-04:00,12.221335122562586,12.504559528114447,12.161198129598429,12.428903579711914,9884500,0.0,0.0
2020-05-19 00:00:00-04:00,12.47158036089919,12.481280054479162,12.221334556629033,12.231033325195312,10592000,0.0,0.0
2020-05-20 00:00:00-04:00,12.26595005367239,12.38622401821093,12.232972394857374,12.254310607910156,10732500,0.0,0.0
2020-05-21 00:00:00-04:00,12.221333823726107,12.295049085477649,12.062262003600528,12.170896530151367,6073000,0.0,0.0
2020-05-22 00:00:00-04:00,12.260132868704204,12.283410839155612,12.14179863759205,12.267891883850098,4243500,0.0,0.0
2020-05-26 00:00:00-04:00,12.180596797874838,12.252373239880578,12.058383981098006,12.062263488769531,7175500,0.0,0.0
2020-05-27 00:00:00-04:00,12.124340231380746,12.227154584742085,12.031225572207813,12.21551513671875,7623000,0.0,0.0
2020-05-28 00:00:00-04:00,12.333846644243451,12.673328491141566,12.333846644243451,12.527836799621582,8034500,0.0,0.0
2020-05-29 00:00:00-04:00,12.454121028433864,12.56275463104248,12.347426254427662,12.56275463104248,5884000,0.0,0.0
2020-06-01 00:00:00-04:00,12.591853575325489,12.735405516525113,12.523956649409389,12.704366683959961,7118000,0.0,0.0
2020-06-02 00:00:00-04:00,12.799424120649785,12.962375474697309,12.787784672145404,12.948796272277832,7103000,0.0,0.0
2020-06-03 00:00:00-04:00,12.803302763734296,13.001172449930678,12.79748350238204,12.956554412841797,13616000,0.0,0.0
2020-06-04 00:00:00-04:00,12.997291500446991,13.076827877527437,12.814941701802795,12.838220596313477,5837000,0.0,0.0
2020-06-05 00:00:00-04:00,12.915816165642727,13.1039861485416,12.909996904580037,13.057428359985352,6372500,0.0,0.0
2020-06-08 00:00:00-04:00,13.094285681100263,13.344532392277744,13.055487834601253,13.299914360046387,6963000,0.0,0.0
2020-06-09 00:00:00-04:00,13.27663805061507,13.346474742910829,13.171883937185237,13.27857780456543,4933500,0.0,0.0
2020-06-10 00:00:00-04:00,13.579259213773918,13.69565275317606,13.414368135034145,13.678194046020508,9316500,0.0,0.0
2020-06-11 00:00:00-04:00,13.61223678264878,13.61611628950162,13.016689005100911,13.069066047668457,13922000,0.0,0.0
2020-06-12 00:00:00-04:00,13.524942730409762,13.546280945207602,12.97207224903706,13.247537612915039,11803500,0.0,0.0
2020-06-15 00:00:00-04:00,13.261118376862486,13.577321379016496,13.169943471029537,13.526884078979492,8200500,0.0,0.0
2020-06-16 00:00:00-04:00,13.674315579496097,13.676256258360013,13.346474053475504,13.453167915344238,5146000,0.0,0.0
2020-06-17 00:00:00-04:00,13.765489170400002,13.9245600603912,13.720871139052377,13.885762214660645,6876500,0.0,0.0
2020-06-18 00:00:00-04:00,13.89934326427077,13.938141115164909,13.854726151998689,13.879944801330566,4600000,0.0,0.0
2020-06-19 00:00:00-04:00,13.91292106673744,13.938139713533307,13.724751092567228,13.769369125366211,7569500,0.0,0.0
2020-06-22 00:00:00-04:00,13.821746986121187,13.930381519102996,13.765490428425368,13.910982131958008,3029500,0.0,0.0
2020-06-23 00:00:00-04:00,13.930381351109997,14.033195696702947,13.887703069911177,13.8974027633667,5948500,0.0,0.0
2020-06-24 00:00:00-04:00,13.848906653488994,13.866365363503734,13.63745867936802,13.705354690551758,3232500,0.0,0.0
2020-06-25 00:00:00-04:00,13.610297344638667,13.796527565751113,13.52494263601573,13.773248672485352,3411500,0.0,0.0
2020-06-26 00:00:00-04:00,13.62969734299632,13.66073525206925,13.424068651600537,13.517183303833008,4766500,0.0,0.0
2020-06-29 00:00:00-04:00,13.334835013190059,13.356174156221941,13.22038120740651,13.330955505371094,4860500,0.0,0.0
2020-06-30 00:00:00-04:00,13.313494000374263,13.427947790083605,13.280516338516959,13.410489082336426,3683500,0.0,0.0
2020-07-01 00:00:00-04:00,13.418247350147213,13.763548453695986,13.418247350147213,13.654914855957031,7748500,0.0,0.0
2020-07-02 00:00:00-04:00,13.676254544113016,13.676254544113016,13.573440202831836,13.623876571655273,5435000,0.0,0.0
2020-07-06 00:00:00-04:00,13.680135746640877,13.736392308270624,13.637458386956716,13.682075500488281,6987500,0.0,0.0
2020-07-07 00:00:00-04:00,13.544340430992598,13.590898215234551,13.394969235741254,13.41630744934082,4540000,0.0,0.0
2020-07-08 00:00:00-04:00,13.491963980370386,13.550161213235649,13.381389700433205,13.538521766662598,2667500,0.0,0.0
2020-07-09 00:00:00-04:00,13.835324794301526,13.901281038929959,13.672373473740127,13.876062393188477,4748000,0.0,0.0
2020-07-10 00:00:00-04:00,14.161229485163664,14.376556956878067,14.085573536988544,14.343579292297363,8334500,0.0,0.0
2020-07-13 00:00:00-04:00,14.646202165750129,14.86734980999,14.386255747945489,14.425053596496582,9073000,0.0,0.0
2020-07-14 00:00:00-04:00,14.236883998567146,14.473550588227855,14.186446704866725,14.45609188079834,3788000,0.0,0.0
2020-07-15 00:00:00-04:00,14.764535740892702,15.107897123240317,14.721858384193352,14.904208183288574,9926000,0.0,0.0
2020-07-16 00:00:00-04:00,14.801393748826959,14.950764958897194,14.772294668282065,14.898387908935547,4677000,0.0,0.0
2020-07-17 00:00:00-04:00,14.735437659905038,14.82661255991495,14.634563066273554,14.758715629577637,5458500,0.0,0.0
2020-07-20 00:00:00-04:00,14.972104574905046,15.228170571741135,14.915848015757065,15.166093826293945,4375000,0.0,0.0
2020-07-21 00:00:00-04:00,15.179672837716529,15.183553270205358,14.966285126365449,14.997323036193848,3491000,0.0,0.0
2020-07-22 00:00:00-04:00,14.989562223704636,15.053578714435885,14.90032708738188,15.005081176757812,2085000,0.0,0.0
2020-07-23 00:00:00-04:00,15.03030139219353,15.129235306374209,14.780054663646292,14.82467269897461,3040500,0.0,0.0
2020-07-24 00:00:00-04:00,14.714099437361746,14.849892381498568,14.615164591276542,14.832432746887207,2677500,0.0,0.0
2020-07-27 00:00:00-04:00,15.067158878296606,15.249508669622577,15.059398938766577,15.233989715576172,4556000,0.0,0.0
2020-07-28 00:00:00-04:00,15.228169218614184,15.228169218614184,15.051638691781429,15.057458877563477,2396000,0.0,0.0
2020-07-29 00:00:00-04:00,15.05939944303337,15.274727828305208,15.045820242161358,15.199071884155273,2652000,0.0,0.0
2020-07-30 00:00:00-04:00,15.026420332369604,15.278606804094897,15.001201685197074,15.232049942016602,3121500,0.0,0.0
2020-07-31 00:00:00-04:00,14.93330620965116,15.125355700655387,14.919727008772904,15.12341594696045,5564500,0.0,0.0
2020-08-03 00:00:00-04:00,15.268906168861054,15.792677541274298,15.261147154833559,15.765519142150879,10748500,0.0,0.0
2020-08-04 00:00:00-04:00,16.20975734305413,16.324211141126646,16.006069321074623,16.17289924621582,8477500,0.0,0.0
2020-08-05 00:00:00-04:00,15.848934977714087,15.866393684245121,15.656885505818353,15.761639595031738,5895500,0.0,0.0
2020-08-06 00:00:00-04:00,15.685985540603987,15.736422834786607,15.588990459479362,15.610328674316406,5649000,0.0,0.0
2020-08-07 00:00:00-04:00,15.61614876401224,15.660765872045491,15.346502662149792,15.52497386932373,5508000,0.0,0.0
2020-08-10 00:00:00-04:00,15.606449111058591,15.606449111058591,15.466776675747566,15.528853416442871,3223000,0.0,0.0
2020-08-11 00:00:00-04:00,15.503635887322131,15.58123066251913,15.367842949446533,15.389182090759277,5198000,0.0,0.0
2020-08-12 00:00:00-04:00,15.424100987000507,15.709264224246299,15.414401292872574,15.662708282470703,6168000,0.0,0.0
2020-08-13 00:00:00-04:00,15.821777188062818,16.137980146397602,15.765519709271803,16.037105560302734,8971000,0.0,0.0
2020-08-14 00:00:00-04:00,16.176779623602595,16.21945790908584,16.0778457004682,16.08754539489746,7097000,0.0,0.0
2020-08-17 00:00:00-04:00,16.20393737247803,16.238856641016255,16.04680713915217,16.188419342041016,6187000,0.0,0.0
2020-08-18 00:00:00-04:00,16.266014867037097,16.275714560968257,16.029346405177193,16.097244262695312,3991000,0.0,0.0
2020-08-19 00:00:00-04:00,15.81013965237834,15.920713951203366,15.717025913915885,15.7325439453125,6771500,0.0,0.0
2020-08-20 00:00:00-04:00,15.338744979431294,15.435739143365955,15.299947128854685,15.404701232910156,6123500,0.0,0.0
2020-08-21 00:00:00-04:00,15.228170052462772,15.311585936473074,15.169973741537447,15.276667594909668,6685000,0.0,0.0
2020-08-24 00:00:00-04:00,15.501696252206496,15.573471766693174,15.396941223607985,15.47453784942627,4242500,0.0,0.0
2020-08-25 00:00:00-04:00,15.360084013469477,15.445438729132226,15.356203580929376,15.396941184997559,3180000,0.0,0.0
2020-08-26 00:00:00-04:00,15.596749180558811,15.753881246025323,15.546311887325002,15.736422538757324,4503000,0.0,0.0
2020-08-27 00:00:00-04:00,15.751941697071244,15.751941697071244,15.513335338904648,15.600629806518555,5164000,0.0,0.0
2020-08-28 00:00:00-04:00,15.338744940025174,15.451258983912403,15.286367888131998,15.400821685791016,5050000,0.0,0.0
2020-08-31 00:00:00-04:00,15.257267932066377,15.321284427934996,15.216530330152468,15.255328178405762,3886000,0.0,0.0
2020-09-01 00:00:00-04:00,15.36978404632628,15.540494416705048,15.276669382939115,15.422161102294922,5309500,0.0,0.0
2020-09-02 00:00:00-04:00,15.439618808217276,15.519154259192463,15.286367167307858,15.420219421386719,4444500,0.0,0.0
2020-09-03 00:00:00-04:00,15.296068454493826,15.317406672214355,14.880930598198768,15.010903358459473,5346500,0.0,0.0
2020-09-04 00:00:00-04:00,15.08849686502611,15.222350038559327,14.665600054829142,15.065217971801758,6207500,0.0,0.0
2020-09-08 00:00:00-04:00,14.880930157561474,14.910028314963885,14.717978811083228,14.745137214660645,6311500,0.0,0.0
2020-09-09 00:00:00-04:00,14.910027116436154,15.12147599159714,14.849891052640315,15.030301094055176,4441500,0.0,0.0
2020-09-10 00:00:00-04:00,15.086558140356301,15.119536728842274,14.820792453777575,14.840191841125488,4898500,0.0,0.0
2020-09-11 00:00:00-04:00,14.972103696665146,15.012841298315154,14.789753903557303,14.941065788269043,4130500,0.0,0.0
2020-09-14 00:00:00-04:00,15.001203523393917,15.181614507975338,14.989565000208435,15.076859474182129,3381000,0.0,0.0
2020-09-15 00:00:00-04:00,14.911968204518397,14.995384094848644,14.787815633464986,14.832432746887207,6918000,0.0,0.0
2020-09-16 00:00:00-04:00,15.10789653776177,15.1311754314279,14.915847052536678,14.935245513916016,8946000,0.0,0.0
2020-09-17 00:00:00-04:00,14.968222769353364,15.187430636019155,14.882867141841166,15.05551815032959,7307500,0.0,0.0
2020-09-18 00:00:00-04:00,15.53467477198331,15.552133480831628,15.195192888717933,15.317405700683594,6060000,0.0,0.0
2020-09-21 00:00:00-04:00,15.082678151050736,15.199071696378725,14.937185525630493,15.183552742004395,3812500,0.0,0.0
2020-09-22 00:00:00-04:00,15.33874420965831,15.340683963337735,15.096257424470242,15.2669677734375,3654000,0.0,0.0
2020-09-23 00:00:00-04:00,15.228169453350839,15.235929392841975,14.93524538151179,15.001201629638672,4365500,0.0,0.0
2020-09-24 00:00:00-04:00,14.93136601703003,15.22429009166969,14.900328108796035,15.088497161865234,4173500,0.0,0.0
2020-09-25 00:00:00-04:00,14.925545520856062,15.012840907843403,14.81885167287911,14.987622261047363,3088500,0.0,0.0
2020-09-28 00:00:00-04:00,15.197587504857516,15.197587504857516,14.975753623768504,15.038022994995117,3951000,0.0478,0.0
2020-09-29 00:00:00-04:00,15.067209791662792,15.143100492534606,14.999103109297304,15.076939582824707,2245500,0.0,0.0
2020-09-30 00:00:00-04:00,14.93488883972168,15.069156439595872,14.843430096524928,14.93488883972168,3533500,0.0,0.0
2020-10-01 00:00:00-04:00,14.96602266027181,14.967968432988476,14.818132799197222,14.876510620117188,3598500,0.0,0.0
2020-10-02 00:00:00-04:00,14.399762153625488,14.584623554405804,14.325817222159763,14.399762153625488,6960000,0.0,0.0
2020-10-05 00:00:00-04:00,14.565165221200674,14.637163453633452,14.506787398256785,14.607975006103516,4231000,0.0,0.0
2020-10-06 00:00:00-04:00,14.465922273983338,14.47954361030902,14.288843973865518,14.310249328613281,4254000,0.0,0.0
2020-10-07 00:00:00-04:00,14.395868754455087,14.395868754455087,14.224628701758975,14.277168273925781,6192000,0.0,0.0
2020-10-08 00:00:00-04:00,14.351114385725941,14.458139311513449,14.308304600987741,14.42505931854248,3724500,0.0,0.0
2020-10-09 00:00:00-04:00,14.467870963270252,14.563221264656134,14.386142928840183,14.506789207458496,3778500,0.0,0.0
2020-10-12 00:00:00-04:00,14.413382636593102,14.57100135388992,14.411436863967307,14.514570236206055,3854500,0.0,0.0
2020-10-13 00:00:00-04:00,14.553489544091175,14.629380249389472,14.450356164257695,14.534029960632324,4535000,0.0,0.0
2020-10-14 00:00:00-04:00,14.51846479117164,14.57489592055382,14.452303868759525,14.479546546936035,4714000,0.0,0.0
2020-10-15 00:00:00-04:00,14.321925596364279,14.321925596364279,14.12344193174132,14.257710456848145,5645500,0.0,0.0
2020-10-16 00:00:00-04:00,14.158467852814594,14.212953197826021,14.098144262046834,14.140954971313477,5313000,0.0,0.0
2020-10-19 00:00:00-04:00,14.341384005525386,14.372519152326236,14.168198173017817,14.191549301147461,4111000,0.0,0.0
2020-10-20 00:00:00-04:00,14.522354210989945,14.763647661076204,14.512625347268562,14.705270767211914,6079000,0.0,0.0
2020-10-21 00:00:00-04:00,14.658568170341969,14.678027753102075,14.477598318939275,14.524300575256348,4366000,0.0,0.0
2020-10-22 00:00:00-04:00,14.57100203308362,14.588515843300037,14.440625982238656,14.51651668548584,3309500,0.0,0.0
2020-10-23 00:00:00-04:00,14.631325849247343,14.705270780902685,14.499004023673361,14.678028106689453,3756000,0.0,0.0
2020-10-26 00:00:00-04:00,14.740296471245712,14.872619224031729,14.701378232869589,14.827862739562988,4212500,0.0,0.0
2020-10-27 00:00:00-04:00,15.041913167814347,15.234558582517726,14.973806484197183,15.074994087219238,7336500,0.0,0.0
2020-10-28 00:00:00-04:00,15.937035196355275,15.946764989262906,15.394125556910357,15.878658294677734,13637000,0.0,0.0
2020-10-29 00:00:00-04:00,16.29897734243904,16.322326619255698,16.065466016589387,16.23476219177246,9225500,0.0,0.0
2020-10-30 00:00:00-04:00,16.199731138639592,16.355404085767763,16.069356019697903,16.27951431274414,7396500,0.0,0.0
2020-11-02 00:00:00-05:00,16.36902476877087,16.7192898137101,16.353458588140228,16.637561798095703,10388500,0.0,0.0
2020-11-03 00:00:00-05:00,16.734858725839434,16.978097940716356,16.734858725839434,16.814640045166016,5297000,0.0,0.0
2020-11-04 00:00:00-05:00,16.614211540799314,16.981989486077662,16.573347530853713,16.814640045166016,5196000,0.0,0.0
2020-11-05 00:00:00-05:00,17.26998611954871,17.68446636541754,17.264147872992886,17.589115142822266,9116500,0.0,0.0
2020-11-06 00:00:00-05:00,17.338091571390052,17.546305029835626,17.252472003017143,17.39452362060547,6972500,0.0,0.0
2020-11-09 00:00:00-05:00,17.51322772995459,17.51322772995459,16.85161660767781,16.85356330871582,9424500,0.0,0.0
2020-11-10 00:00:00-05:00,16.7445888682939,16.820480508029625,16.594754145411827,16.71734619140625,6500500,0.0,0.0
2020-11-11 00:00:00-05:00,16.828261281958984,17.25830951777019,16.78545242747072,17.14155387878418,6737000,0.0,0.0
2020-11-12 00:00:00-05:00,17.020910613577485,17.151287619150914,16.90221010247517,16.95085906982422,6045000,0.0,0.0
2020-11-13 00:00:00-05:00,17.312797058965685,17.52295538001655,17.22912232839805,17.458740234375,5474500,0.0,0.0
2020-11-16 00:00:00-05:00,17.64749419284599,17.727275522118486,17.522955446918985,17.600791931152344,5755500,0.0,0.0
2020-11-17 00:00:00-05:00,17.559925224149104,17.6494363321996,17.419818460546743,17.456790924072266,8757500,0.0,0.0
2020-11-18 00:00:00-05:00,17.291389930903875,17.4529011375398,17.17074459292924,17.17268943786621,3732000,0.0,0.0
2020-11-19 00:00:00-05:00,17.29333742289527,17.31668855358388,17.2096626925751,17.289445877075195,4499500,0.0,0.0
2020-11-20 00:00:00-05:00,17.301119197309376,17.565764706375365,17.29138940561589,17.50933265686035,3119500,0.0,0.0
2020-11-23 00:00:00-05:00,17.532682293517784,17.670842354577296,17.41008841322856,17.47235870361328,3714000,0.0,0.0
2020-11-24 00:00:00-05:00,17.717546645380008,17.81484271964266,17.519064806575383,17.668899536132812,6044500,0.0,0.0
2020-11-25 00:00:00-05:00,18.174835070775327,18.19429465403315,17.884893589844953,18.141754150390625,8248500,0.0,0.0
2020-11-27 00:00:00-05:00,18.28769532545553,18.38888292047574,18.256561109088032,18.305208206176758,3334500,0.0,0.0
2020-11-30 00:00:00-05:00,18.2234862997802,18.291593000837043,18.02305774298885,18.15343475341797,4848500,0.0,0.0
2020-12-01 00:00:00-05:00,18.318832940330886,18.45115663203507,18.28380717239045,18.423913955688477,6201000,0.0,0.0
2020-12-02 00:00:00-05:00,17.978300467513225,18.16510766634108,17.933543048984767,18.023056030273438,5942000,0.0,0.0
2020-12-03 00:00:00-05:00,18.25267234321432,18.34996840797413,18.209861629335663,18.25851058959961,3773000,0.0,0.0
2020-12-04 00:00:00-05:00,18.272130617926727,18.371371520524576,18.252671035215634,18.36942481994629,2850500,0.0,0.0
2020-12-07 00:00:00-05:00,18.096999831596268,18.217647029127107,18.085323338535538,18.16705322265625,4507000,0.0,0.0
2020-12-08 00:00:00-05:00,18.1748331490781,18.252669618111437,18.126184196077386,18.168994903564453,3589500,0.0,0.0
2020-12-09 00:00:00-05:00,18.40639993332635,18.41418488099175,18.145647797088568,18.3168888092041,9943500,0.0,0.0
2020-12-10 00:00:00-05:00,18.233209482669245,18.328558829577343,18.161211261338114,18.309101104736328,3627000,0.0,0.0
2020-12-11 00:00:00-05:00,18.351913863256932,18.482290854178583,18.32272634189595,18.423913955688477,4538000,0.0,0.0
2020-12-14 00:00:00-05:00,18.47839593503845,18.495908815811585,18.163156658050806,18.168994903564453,4278500,0.0,0.0
2020-12-15 00:00:00-05:00,18.252673108956362,18.41612916845719,18.20402414665148,18.32077980041504,4121500,0.0,0.0
2020-12-16 00:00:00-05:00,18.344131369455127,18.556236396328558,18.301320652757607,18.507587432861328,4284000,0.0,0.0
2020-12-17 00:00:00-05:00,18.888983178294563,19.025198394334172,18.830606289002073,18.879253387451172,5998500,0.0,0.0
2020-12-18 00:00:00-05:00,19.28400439695938,19.33265335273567,19.097197231774985,19.208114624023438,6448000,0.0,0.0
2020-12-21 00:00:00-05:00,19.243141524611325,19.36768026068233,19.03298321939001,19.342382431030273,4695000,0.0,0.0
2020-12-22 00:00:00-05:00,19.062172295988997,19.130280843663964,18.929850458031776,18.96487808227539,3715000,0.0,0.0
2020-12-23 00:00:00-05:00,19.095253219420346,19.095253219420346,18.922067366319048,18.96487808227539,3348000,0.0,0.0
2020-12-24 00:00:00-05:00,18.964875931210727,18.984333658285582,18.785851851746354,18.844228744506836,1509000,0.0,0.0
2020-12-28 00:00:00-05:00,19.106928699766385,19.126388283784685,19.03687531076134,19.060226440429688,4818000,0.0,0.0
2020-12-29 00:00:00-05:00,19.45913762508607,19.620648823681734,19.33265404706092,19.54281234741211,4944000,0.0,0.0
2020-12-30 00:00:00-05:00,19.420219370334447,19.64400087390724,19.392976695150153,19.610919952392578,3081000,0.0,0.0
2020-12-31 00:00:00-05:00,19.64011009616808,19.73156791725805,19.57783979633499,19.673189163208008,3353500,0.0,0.0
2021-01-04 00:00:00-05:00,19.75102230140731,19.774373427919272,19.354056862239638,19.47275733947754,5320000,0.0,0.0
2021-01-05 00:00:00-05:00,19.852214577312086,20.144102799632225,19.84832303127074,20.064319610595703,5593500,0.0,0.0
2021-01-06 00:00:00-05:00,19.54865097048045,19.84637742837924,19.51362520167739,19.66929817199707,4907500,0.0,0.0
2021-01-07 00:00:00-05:00,19.669295926319258,19.865832889726274,19.62648707061823,19.84832000732422,3803500,0.0,0.0
2021-01-08 00:00:00-05:00,20.0993460810431,20.237504308525715,20.03123753404601,20.235559463500977,7002000,0.0,0.0
2021-01-11 00:00:00-05:00,20.301718764506937,20.432095751694945,20.10712848985641,20.206369400024414,5183000,0.0,0.0
2021-01-12 00:00:00-05:00,20.29588195100236,20.330907717209996,20.09739827903363,20.24334144592285,5961500,0.0,0.0
2021-01-13 00:00:00-05:00,20.08961330679548,20.303663141139904,20.08182836054755,20.216096878051758,3972000,0.0,0.0
2021-01-14 00:00:00-05:00,20.16939697759253,20.233612120967152,20.08961565144109,20.12464141845703,4155500,0.0,0.0
2021-01-15 00:00:00-05:00,19.807453688879853,19.984532904414714,19.756859892408148,19.858047485351562,5138000,0.0,0.0
2021-01-19 00:00:00-05:00,19.854158631998445,19.93394181040124,19.78994349145435,19.893075942993164,3505000,0.0,0.0
2021-01-20 00:00:00-05:00,19.931996144212565,20.159667343132885,19.931996144212565,20.021507263183594,4370000,0.0,0.0
2021-01-21 00:00:00-05:00,20.025398536712327,20.081828727375303,19.828859724473975,19.955345153808594,3246000,0.0,0.0
2021-01-22 00:00:00-05:00,19.774375565390685,19.834699160753154,19.659566620866766,19.675134658813477,3798000,0.0,0.0
2021-01-25 00:00:00-05:00,19.400758775194113,19.447461027399406,19.034925703431192,19.31903076171875,7289000,0.0,0.0
2021-01-26 00:00:00-05:00,19.429948820945924,19.494163962147624,19.34043770570381,19.402706146240234,3875000,0.0,0.0
2021-01-27 00:00:00-05:00,19.027147642841797,19.24119752363429,18.853961779588733,18.8753662109375,5576000,0.0,0.0
2021-01-28 00:00:00-05:00,18.754717486235414,19.151684847030236,18.719691718540393,19.001850128173828,7198500,0.0,0.0
2021-01-29 00:00:00-05:00,18.875364291441873,18.89287717492522,18.503694769530476,18.62434196472168,4296000,0.0,0.0
2021-02-01 00:00:00-05:00,18.99406587872063,19.194496267250877,18.863690739690558,19.1730899810791,7497500,0.0,0.0
2021-02-02 00:00:00-05:00,19.36184258432198,19.42605772701661,19.29762744162735,19.311248779296875,6338500,0.0,0.0
2021-02-03 00:00:00-05:00,21.07424801883621,21.850668014772904,20.813495889898856,21.65996742248535,15131000,0.0,0.0
2021-02-04 00:00:00-05:00,21.59575167396762,21.628832596333485,21.212407510824182,21.5762939453125,6912000,0.0,0.0
2021-02-05 00:00:00-05:00,22.967620617823265,23.059078429465053,22.424710138160084,22.710758209228516,10132500,0.0,0.0
2021-02-08 00:00:00-05:00,22.25346939978921,22.50254686463839,22.25346939978921,22.498655319213867,5339000,0.0,0.0
2021-02-09 00:00:00-05:00,21.905150407292705,22.072499846154773,21.79228817012539,21.918771743774414,5071500,0.0,0.0
2021-02-10 00:00:00-05:00,22.280713205470047,22.280713205470047,21.84872009334567,22.049150466918945,3032000,0.0,0.0
2021-02-11 00:00:00-05:00,22.187309671317983,22.32741458705268,22.074445573868378,22.177579879760742,2351500,0.0,0.0
2021-02-12 00:00:00-05:00,21.95185408045373,22.109473738328322,21.947962534888735,22.09195899963379,2788500,0.0,0.0
2021-02-16 00:00:00-05:00,22.543414324582315,22.553144117516347,22.2651492985883,22.372173309326172,4247000,0.0,0.0
2021-02-17 00:00:00-05:00,22.43833365408987,22.43833365408987,22.156175245231275,22.362442016601562,2961000,0.0,0.0
2021-02-18 00:00:00-05:00,22.037473001028467,22.158120188829624,21.877908502955695,22.09001350402832,2836000,0.0,0.0
2021-02-19 00:00:00-05:00,22.185362969949693,22.924810426363127,22.16590338683587,22.48308753967285,9943000,0.0,0.0
2021-02-22 00:00:00-05:00,22.091957264799632,22.36049430114515,21.994663066010915,22.043310165405273,5482000,0.0,0.0
2021-02-23 00:00:00-05:00,21.593807355275498,21.96158534445841,21.315542343160203,21.877910614013672,5336500,0.0,0.0
2021-02-24 00:00:00-05:00,21.07813772502264,21.399213425872006,21.037273713620717,21.32721519470215,7374000,0.0,0.0
2021-02-25 00:00:00-05:00,21.157919165077228,21.227972545627,20.792087937374834,20.836843490600586,6690000,0.0,0.0
2021-02-26 00:00:00-05:00,20.807659295460606,20.81933578967484,20.504096426646893,20.589717864990234,5014500,0.0,0.0
2021-03-01 00:00:00-05:00,20.88549185299875,21.12483952586993,20.792089195714166,21.031435012817383,4678000,0.0,0.0
2021-03-02 00:00:00-05:00,20.85630353581666,20.871869716884014,20.57803670790699,20.581928253173828,5412500,0.0,0.0
2021-03-03 00:00:00-05:00,20.706465812329757,20.737600028475814,20.33479635168123,20.338687896728516,5263500,0.0,0.0
2021-03-04 00:00:00-05:00,20.103236295577616,20.2413963696791,19.601189802986756,19.81718635559082,8212500,0.0,0.0
2021-03-05 00:00:00-05:00,20.161613259401783,20.286151996585044,19.70821572418086,20.264745712280273,5269500,0.0,0.0
2021-03-08 00:00:00-05:00,19.914482938949593,20.04291322462909,19.498057860848704,19.50778579711914,6213000,0.0,0.0
2021-03-09 00:00:00-05:00,19.50778264230469,19.84637304087649,19.476648426277333,19.754915237426758,6442500,0.0,0.0
2021-03-10 00:00:00-05:00,19.93977776533823,19.982588476688697,19.558378475925657,19.651782989501953,5367000,0.0,0.0
2021-03-11 00:00:00-05:00,19.90280310294958,20.169393421565598,19.80356221005599,20.08182716369629,4577500,0.0,0.0
2021-03-12 00:00:00-05:00,20.075993698175957,20.35231199167463,19.947563415363884,20.34647560119629,4350500,0.0,0.0
2021-03-15 00:00:00-04:00,20.408743257841493,20.517713952824423,20.27058318851615,20.507984161376953,4377500,0.0,0.0
2021-03-16 00:00:00-04:00,20.673386445553266,20.86992525920079,20.655873563643745,20.73565673828125,4119500,0.0,0.0
2021-03-17 00:00:00-04:00,20.58192964383024,20.68506395132542,20.387339376965244,20.613065719604492,3595500,0.0,0.0
2021-03-18 00:00:00-04:00,20.615010471790022,20.65198293780869,20.4204202058,20.49825668334961,4303000,0.0,0.0
2021-03-19 00:00:00-04:00,20.589716675016735,20.589716675016735,20.33674763229221,20.482690811157227,3113500,0.0,0.0
2021-03-22 00:00:00-04:00,20.626687509681446,20.90300580604212,20.531336291152478,20.79987335205078,10410500,0.0,0.0
2021-03-23 00:00:00-04:00,20.690903598754907,20.807657395627224,20.43404301871404,20.453500747680664,3806000,0.0,0.0
2021-03-24 00:00:00-04:00,20.39512298417423,20.39512298417423,19.908644521048164,19.916427612304688,6353500,0.0,0.0
2021-03-25 00:00:00-04:00,19.918373782382545,20.031236025667802,19.743241243399755,19.97480583190918,4856000,0.0,0.0
2021-03-26 00:00:00-04:00,20.268636605508036,20.529388684327838,20.256960114465226,20.51382064819336,4119500,0.0,0.0
2021-03-29 00:00:00-04:00,20.66073139910714,20.883142160766592,20.492947450363424,20.797298431396484,4085500,0.0546,0.0
2021-03-30 00:00:00-04:00,20.354426877889306,20.465632248965758,20.235418208676787,20.389545440673828,3475500,0.0,0.0
2021-03-31 00:00:00-04:00,20.59439822307279,20.836319097605244,20.535869759480168,20.682191848754883,2987500,0.0,0.0
2021-04-01 00:00:00-04:00,20.789497805782947,20.898751445662747,20.58464537042181,20.848026275634766,2250500,0.0,0.0
2021-04-05 00:00:00-04:00,21.616704492419498,21.81960514781301,21.42551064592207,21.7318115234375,4162000,0.0,0.0
2021-04-06 00:00:00-04:00,21.48404010732684,21.51525516485696,21.329912853605677,21.441118240356445,2195500,0.0,0.0
2021-04-07 00:00:00-04:00,21.56793202632746,21.72205741903465,21.390393014804676,21.6284122467041,2446500,0.0,0.0
2021-04-08 00:00:00-04:00,21.324060079931083,21.452823812831404,21.26552975727729,21.42551040649414,2812500,0.0,0.0
2021-04-09 00:00:00-04:00,21.755223877964188,21.862527613055164,21.560126516087198,21.809850692749023,4116000,0.0,0.0
2021-04-12 00:00:00-04:00,21.75132163120679,21.90934866661368,21.68108635958912,21.7318115234375,2223500,0.0,0.0
2021-04-13 00:00:00-04:00,21.846919853191803,21.921056778653295,21.747421274591584,21.827409744262695,2674000,0.0,0.0
2021-04-14 00:00:00-04:00,21.94641831759758,22.00885029372859,21.79424281779787,21.80790138244629,2054000,0.0,0.0
2021-04-15 00:00:00-04:00,21.997141717129733,22.143465660995822,21.874231390445,22.00104522705078,2541000,0.0,0.0
2021-04-16 00:00:00-04:00,21.782535660681354,21.786437309934072,21.59914512170027,21.67523193359375,3212000,0.0,0.0
2021-04-19 00:00:00-04:00,21.66547827709532,21.702546738265497,21.345520690708227,21.45672607421875,2068500,0.0,0.0
2021-04-20 00:00:00-04:00,21.392342321952462,21.48013594011916,21.070433008869966,21.189441680908203,2445500,0.0,0.0
2021-04-21 00:00:00-04:00,20.920209232664,21.185541864997546,20.81680900890707,21.15627670288086,2796000,0.0,0.0
2021-04-22 00:00:00-04:00,21.271384495019667,21.470383511226693,21.175787566846914,21.253826141357422,4532500,0.0,0.0
2021-04-23 00:00:00-04:00,21.419657948342206,21.525009928952272,21.341619375275993,21.448923110961914,2142500,0.0,0.0
2021-04-26 00:00:00-04:00,21.265530304027944,21.402099199811808,21.23626700253493,21.249923706054688,2684500,0.0,0.0
2021-04-27 00:00:00-04:00,20.777788236879754,21.011905806377236,20.555379336736543,20.810955047607422,7796000,0.0,0.0
2021-04-28 00:00:00-04:00,20.758283282135764,20.762184932148475,20.120316060100663,20.385648727416992,8676000,0.0,0.0
2021-04-29 00:00:00-04:00,20.567086511176438,20.580743215826523,20.31151077264109,20.455881118774414,4544000,0.0,0.0
2021-04-30 00:00:00-04:00,19.769144416632386,19.95838654606763,19.509665140908336,19.54088020324707,5402500,0.0,0.0
2021-05-03 00:00:00-04:00,19.69890739939772,19.74182926920731,19.246282523218447,19.38675308227539,5133000,0.0,0.0
2021-05-04 00:00:00-04:00,19.298958256549287,19.359438477360502,18.824873405027105,18.88340187072754,6892500,0.0,0.0
2021-05-05 00:00:00-04:00,19.0589880741031,19.133124994829494,18.967292800696516,19.04728126525879,4860500,0.0,0.0
2021-05-06 00:00:00-04:00,19.154585948461918,19.17214430201435,18.93607868543368,19.070693969726562,4130500,0.0,0.0
2021-05-07 00:00:00-04:00,18.924371430336933,19.109713736995243,18.873646265387624,18.93217658996582,4392500,0.0,0.0
2021-05-10 00:00:00-04:00,19.363338521146975,19.410162034058686,18.965340521983656,19.002408981323242,5229000,0.0,0.0
2021-05-11 00:00:00-04:00,18.641484009297642,18.77219765285733,18.422974870838715,18.739030838012695,4881000,0.0,0.0
2021-05-12 00:00:00-04:00,18.561491124542446,18.596607829208192,18.112769820227097,18.15373992919922,5496000,0.0,0.0
2021-05-13 00:00:00-04:00,17.984002925511277,18.214216941479307,17.900110967359932,18.13812828063965,6209500,0.0,0.0
2021-05-14 00:00:00-04:00,18.27469823542483,18.397610421140197,18.1654446130878,18.368345260620117,3483500,0.0,0.0
2021-05-17 00:00:00-04:00,18.391758403140503,18.461993677330735,18.235681256442,18.323474884033203,3313000,0.0,0.0
2021-05-18 00:00:00-04:00,18.370295453234576,18.746831555756216,18.370295453234576,18.534175872802734,4562000,0.0,0.0
2021-05-19 00:00:00-04:00,18.442482410389072,18.608314600912838,18.30591538075288,18.59465789794922,2672000,0.0,0.0
2021-05-20 00:00:00-04:00,18.72732241252679,18.98289810768641,18.72732241252679,18.90485954284668,2593500,0.0,0.0
2021-05-21 00:00:00-04:00,18.986801974798055,19.010213730749246,18.799507927188515,18.803409576416016,2459500,0.0,0.0
2021-05-24 00:00:00-04:00,18.893153692630445,18.924368744957587,18.840476780102218,18.88144874572754,1902000,0.0,0.0
2021-05-25 00:00:00-04:00,19.218966825898992,19.273593638834615,19.10385979561714,19.18775177001953,4477500,0.0,0.0
2021-05-26 00:00:00-04:00,19.211163440008516,19.406258933810648,19.199456631240356,19.20140838623047,2889000,0.0,0.0
2021-05-27 00:00:00-04:00,19.353586538074204,19.468693583666614,19.2150677323116,19.425771713256836,2748500,0.0,0.0
2021-05-28 00:00:00-04:00,19.52721984602026,19.613063577134188,19.412112813442036,19.433574676513672,2128000,0.0,0.0
2021-06-01 00:00:00-04:00,19.482349154446272,19.482349154446272,19.275546835471765,19.34968376159668,2734500,0.0,0.0
2021-06-02 00:00:00-04:00,19.26188958208898,19.308713098368415,19.03947881005483,19.131174087524414,2725500,0.0,0.0
2021-06-03 00:00:00-04:00,19.074597088108725,19.37504456860096,18.94388159552771,19.265790939331055,3773500,0.0,0.0
2021-06-04 00:00:00-04:00,19.45308376206781,19.714512894989735,19.427722109000328,19.64427947998047,4457000,0.0,0.0
2021-06-07 00:00:00-04:00,19.45113345078013,19.57014213542532,19.435524991897832,19.53892707824707,6030500,0.0,0.0
2021-06-08 00:00:00-04:00,19.56428830704984,19.636473474071103,19.382849511977735,19.433574676513672,4799000,0.0,0.0
2021-06-09 00:00:00-04:00,19.24042947896251,19.28139959034733,19.04338036059594,19.064842224121094,2578000,0.0,0.0
2021-06-10 00:00:00-04:00,19.133126260751826,19.27554670720555,19.088254498581048,19.236526489257812,2847000,0.0,0.0
2021-06-11 00:00:00-04:00,19.31066491388703,19.455037126679645,19.236527982500544,19.431625366210938,3009500,0.0,0.0
2021-06-14 00:00:00-04:00,19.291150940524897,19.4842983908624,19.27749423803499,19.398454666137695,2432000,0.0,0.0
2021-06-15 00:00:00-04:00,19.507708470321685,19.507708470321685,19.2540845247095,19.324317932128906,2969500,0.0,0.0
2021-06-16 00:00:00-04:00,19.08434989902482,19.10191011245084,18.826822429145327,18.893156051635742,2957500,0.0,0.0
2021-06-17 00:00:00-04:00,18.48735400265006,18.764391569356096,18.456138947668617,18.748783111572266,3671000,0.0,0.0
2021-06-18 00:00:00-04:00,18.534177253403946,18.60831417080322,18.421021982976015,18.48930549621582,3315500,0.0,0.0
2021-06-21 00:00:00-04:00,18.73317717409792,18.93217618006535,18.729275524661112,18.90681266784668,5314000,0.0,0.0
2021-06-22 00:00:00-04:00,19.051186641369963,19.164341927959896,19.021921476978868,19.060941696166992,3586500,0.0,0.0
2021-06-23 00:00:00-04:00,18.826821389658853,18.85218490059407,18.73707787539467,18.756587982177734,2610000,0.0,0.0
2021-06-24 00:00:00-04:00,18.861941082504,18.953636357167134,18.846332624026452,18.879499435424805,1895000,0.0,0.0
2021-06-25 00:00:00-04:00,19.070690926398196,19.22091650634326,19.03362247010901,19.16823959350586,2617500,0.0,0.0
2021-06-28 00:00:00-04:00,19.205309163020544,19.26578937734472,19.125320702612907,19.211162567138672,4108000,0.0,0.0
2021-06-29 00:00:00-04:00,19.412114901022836,19.54868381135933,19.363341486279698,19.486251831054688,2988500,0.0,0.0
2021-06-30 00:00:00-04:00,19.103859818144628,19.14482992789466,18.90486081322572,18.96729278564453,3910500,0.0,0.0
2021-07-01 00:00:00-04:00,19.101907839494622,19.2365231023054,19.03362247010901,19.16823959350586,2499500,0.0,0.0
2021-07-02 00:00:00-04:00,19.74768149902892,19.849131841672943,19.626722906327633,19.831573486328125,3677000,0.0,0.0
2021-07-06 00:00:00-04:00,19.853030910364858,19.93106948220691,19.50770981133184,19.720365524291992,3165000,0.0,0.0
2021-07-07 00:00:00-04:00,19.679395312828948,19.79645410028566,19.513563115940617,19.654033660888672,2649000,0.0,0.0
2021-07-08 00:00:00-04:00,19.28335074132141,19.431624598234308,19.12922533996251,19.38089942932129,3448000,0.0,0.0
2021-07-09 00:00:00-04:00,19.61696524663387,19.970089643707723,19.566240082046196,19.90765953063965,4373500,0.0,0.0
2021-07-12 00:00:00-04:00,20.30760548542912,20.428564050413037,20.18274341074168,20.348575592041016,5077500,0.0,0.0
2021-07-13 00:00:00-04:00,20.32906660617103,20.38954682228902,20.21395957822678,20.344675064086914,3046500,0.0,0.0
2021-07-14 00:00:00-04:00,20.481244988603304,20.541725213269963,20.3544311341509,20.401254653930664,3210500,0.0,0.0
2021-07-15 00:00:00-04:00,20.27248836071094,20.27248836071094,19.9778924347026,20.06958770751953,2193000,0.0,0.0
2021-07-16 00:00:00-04:00,19.942775763507463,20.01301103448239,19.77499181516508,19.802305221557617,2919000,0.0,0.0
2021-07-19 00:00:00-04:00,19.2618869398063,19.339925502704833,19.072643006145483,19.207260131835938,3562000,0.0,0.0
2021-07-20 00:00:00-04:00,19.18190153412772,19.41016573798404,19.096059651133043,19.330175399780273,2770000,0.0,0.0
2021-07-21 00:00:00-04:00,19.453083197557927,19.67159231731913,19.402358032308573,19.59940528869629,2097500,0.0,0.0
2021-07-22 00:00:00-04:00,19.626720912038174,19.648180915213874,19.412113437935677,19.417966842651367,1744500,0.0,0.0
2021-07-23 00:00:00-04:00,19.52526864968226,19.67744413314346,19.458935031025,19.638423919677734,2428500,0.0,0.0
2021-07-26 00:00:00-04:00,19.558437472623947,19.581849233223622,19.27749820601438,19.371145248413086,2619500,0.0,0.0
2021-07-27 00:00:00-04:00,19.49600175151373,19.499903400395233,19.256032669734083,19.43747329711914,3763000,0.0,0.0
2021-07-28 00:00:00-04:00,19.78279582614777,20.16518535403157,19.76913912374428,20.120311737060547,4304500,0.0,0.0
2021-07-29 00:00:00-04:00,20.38759854703983,20.703656384530408,20.30565831531507,20.652931213378906,4086500,0.0,0.0
2021-07-30 00:00:00-04:00,20.290045273521628,20.432465699530436,20.215910219118772,20.348575592041016,3141000,0.0,0.0
2021-08-02 00:00:00-04:00,20.442222783560577,20.55342816709236,20.344675964175874,20.368085861206055,2037000,0.0,0.0
2021-08-03 00:00:00-04:00,20.40515441085362,20.465634629909598,20.028618253484083,20.227617263793945,3666000,0.0,0.0
2021-08-04 00:00:00-04:00,20.005207413910842,20.258833250340835,19.851082017495543,19.950580596923828,3098500,0.0,0.0
2021-08-05 00:00:00-04:00,20.284196893761763,20.28809854348768,19.921317421041294,20.063737869262695,2101500,0.0,0.0
2021-08-06 00:00:00-04:00,20.188596988098674,20.321264234973093,20.00325654253954,20.020814895629883,2066000,0.0,0.0
2021-08-09 00:00:00-04:00,20.024715960924077,20.04617596289882,19.913510580481198,20.022764205932617,1934500,0.0,0.0
2021-08-10 00:00:00-04:00,19.74377891907506,19.802307387663255,19.564290002896318,19.68134880065918,2556000,0.0,0.0
2021-08-11 00:00:00-04:00,19.72231563099572,19.874491112457232,19.665737066448372,19.853029251098633,2260500,0.0,0.0
2021-08-12 00:00:00-04:00,19.548681259155273,19.6052579663301,19.267742035929043,19.548681259155273,2952000,0.0,0.0
2021-08-13 00:00:00-04:00,19.71841541607282,19.942776075113226,19.632571685566738,19.88814926147461,2462000,0.0,0.0
2021-08-16 00:00:00-04:00,19.505760379628242,19.68915093477852,19.39455499348315,19.558435440063477,3944000,0.0,0.0
2021-08-17 00:00:00-04:00,19.25408193302066,19.36528543332827,19.12726811669811,19.213109970092773,3877500,0.0,0.0
2021-08-18 00:00:00-04:00,19.347732821950384,19.38675304180246,19.177998958884128,19.179950714111328,1808500,0.0,0.0
2021-08-19 00:00:00-04:00,18.822920256070148,18.922420687037846,18.655138170663545,18.848283767700195,2707000,0.0,0.0
2021-08-20 00:00:00-04:00,18.885350157463098,19.088250785919836,18.885350157463098,19.049230575561523,2095000,0.0,0.0
2021-08-23 00:00:00-04:00,19.4901514448255,19.79450243297547,19.435524630632376,19.767189025878906,2713500,0.0,0.0
2021-08-24 00:00:00-04:00,20.09495271359332,20.395402066325662,20.003257433958513,20.31151008605957,3168000,0.0,0.0
2021-08-25 00:00:00-04:00,20.329066096581016,20.563181795933332,20.313457639056388,20.55342674255371,2041500,0.0,0.0
2021-08-26 00:00:00-04:00,20.118366158915368,20.118366158915368,19.796456775638486,19.831573486328125,2922500,0.0,0.0
2021-08-27 00:00:00-04:00,20.018860463609425,20.19639944699295,19.93887200787493,20.143722534179688,2015500,0.0,0.0
2021-08-30 00:00:00-04:00,20.046175934957322,20.055930988728495,19.968137365374186,19.989599227905273,1961000,0.0,0.0
2021-08-31 00:00:00-04:00,20.087145615120562,20.268586262331198,20.048127261456067,20.184694290161133,1906500,0.0,0.0
2021-09-01 00:00:00-04:00,20.290048995552844,20.545626595780362,20.25883393630139,20.442224502563477,2750000,0.0,0.0
2021-09-02 00:00:00-04:00,20.498797944964195,20.672433412882537,20.498797944964195,20.567081451416016,1757000,0.0,0.0
2021-09-03 00:00:00-04:00,20.96703378804952,21.12701444952092,20.809006742303662,21.11920928955078,3479500,0.0,0.0
2021-09-07 00:00:00-04:00,21.119207007153104,21.22846062906374,20.99239503323343,21.140668869018555,2549500,0.0,0.0
2021-09-08 00:00:00-04:00,21.12506076974742,21.17968758162951,20.879238255691796,21.03921890258789,1996000,0.0,0.0
2021-09-09 00:00:00-04:00,21.347470300391816,21.640114450252675,21.343566790693508,21.450870513916016,3275500,0.0,0.0
2021-09-10 00:00:00-04:00,21.62060661803065,21.819605628370336,21.511352989054476,21.52305793762207,2536000,0.0,0.0
2021-09-13 00:00:00-04:00,21.798147413995917,21.798147413995917,21.480139694491612,21.677186965942383,2584500,0.0,0.0
2021-09-14 00:00:00-04:00,21.778633548557877,21.827406954059533,21.624506312541005,21.710350036621094,2696500,0.0,0.0
2021-09-15 00:00:00-04:00,21.644018333549585,21.80790063728062,21.536714599250743,21.790340423583984,2193000,0.0,0.0
2021-09-16 00:00:00-04:00,21.790337543620318,21.921053018318748,21.66742722750647,21.90739631652832,2037500,0.0,0.0
2021-09-17 00:00:00-04:00,21.714251541529126,21.796191755308882,21.52110595451135,21.597192764282227,1938500,0.0,0.0
2021-09-20 00:00:00-04:00,21.246021120221865,21.339666285693276,20.961180253313813,21.1796875,3588500,0.0,0.0
2021-09-21 00:00:00-04:00,21.948367372546276,22.028357692546862,21.782535189085813,21.930809020996094,4812000,0.0,0.0
2021-09-22 00:00:00-04:00,22.108347574831065,22.47513052904428,22.06542757063192,22.360023498535156,4162000,0.0,0.0
2021-09-23 00:00:00-04:00,22.453668656210716,22.613647445849494,22.436110303538428,22.533658981323242,2771000,0.0,0.0
2021-09-24 00:00:00-04:00,22.800940269079483,22.996035753508398,22.67607819154017,22.945310592651367,4318500,0.0,0.0
2021-09-27 00:00:00-04:00,22.84191256883263,22.929706196456614,22.623403447021325,22.683883666992188,3155500,0.0,0.0
2021-09-28 00:00:00-04:00,22.489513213294995,22.569685093788998,22.094513177867196,22.192285537719727,4516500,0.0532,0.0
2021-09-29 00:00:00-04:00,22.055405643135682,22.125800102085712,21.74840054104903,21.79924201965332,3365000,0.0,0.0
2021-09-30 00:00:00-04:00,21.803153347842745,21.90092571226524,21.537214157683977,21.623252868652344,2451000,0.0,0.0
2021-10-01 00:00:00-04:00,21.503969839419955,21.566544968956606,21.21065463082804,21.414020538330078,3053000,0.0,0.0
2021-10-04 00:00:00-04:00,21.140260095824065,21.185234750169474,20.78632595818157,20.917339324951172,4436500,0.0,0.0
2021-10-05 00:00:00-04:00,20.897785538427968,21.03270949626559,20.796102580002323,20.866497039794922,2565500,0.0,0.0
2021-10-06 00:00:00-04:00,20.532114594867288,20.69832702570555,20.354170377490377,20.641618728637695,3549000,0.0,0.0
2021-10-07 00:00:00-04:00,20.749172032994142,20.886052223533234,20.62989045768826,20.743305206298828,2581000,0.0,0.0
2021-10-08 00:00:00-04:00,21.020978218446878,21.21652294781539,20.90169664217613,21.01902198791504,3259500,0.0,0.0
2021-10-11 00:00:00-04:00,21.29473886874258,21.705381277721727,21.29473886874258,21.343624114990234,3838000,0.0,0.0
2021-10-12 00:00:00-04:00,21.314293304006753,21.376868437518183,21.1774131132829,21.30451774597168,2775000,0.0,0.0
2021-10-13 00:00:00-04:00,21.402288083167633,21.502016676956877,21.36318025676511,21.412065505981445,1873500,0.0,0.0
2021-10-14 00:00:00-04:00,21.634986634949247,21.85204057645524,21.634986634949247,21.828575134277344,2746500,0.0,0.0
2021-10-15 00:00:00-04:00,21.99869728088379,22.0886465847987,21.926346591660693,21.99869728088379,2882000,0.0,0.0
2021-10-18 00:00:00-04:00,21.652584955955607,21.936124623919103,21.607610302748146,21.93025779724121,3295500,0.0,0.0
2021-10-19 00:00:00-04:00,21.93807767248771,22.028028838355,21.85790579373161,21.996740341186523,2759000,0.0,0.0
2021-10-20 00:00:00-04:00,22.035851805620144,22.17468822911354,21.97132230539661,21.990877151489258,1845500,0.0,0.0
2021-10-21 00:00:00-04:00,21.742534900163818,21.97132061430982,21.711246402882683,21.95372200012207,3331500,0.0,0.0
2021-10-22 00:00:00-04:00,21.96154388019803,22.104290893425546,21.832484885640195,22.09060287475586,2328000,0.0,0.0
2021-10-25 00:00:00-04:00,22.395652568525215,22.679190374927437,22.325256242131513,22.546220779418945,3595500,0.0,0.0
2021-10-26 00:00:00-04:00,22.878644884077143,22.921665170591133,22.688966988116714,22.786739349365234,3166000,0.0,0.0
2021-10-27 00:00:00-04:00,22.464090722917057,22.56577367508016,22.123844638699207,22.141443252563477,2934500,0.0,0.0
2021-10-28 00:00:00-04:00,22.59901730303194,23.2560440536268,22.579462458141233,23.130897521972656,4322500,0.0,0.0
2021-10-29 00:00:00-04:00,22.65963696038549,22.720255862660483,22.438672427325088,22.642038345336914,3827500,0.0,0.0
2021-11-01 00:00:00-04:00,23.465278474246897,23.739040727793448,23.465278474246897,23.707752227783203,5650500,0.0,0.0
2021-11-02 00:00:00-04:00,23.85636677587184,24.130129037451482,23.73317459734478,24.114484786987305,4015500,0.0,0.0
2021-11-03 00:00:00-04:00,24.051908631577813,24.10275010842564,23.856363916054594,24.07928466796875,2262500,0.0,0.0
2021-11-04 00:00:00-04:00,24.034310487241026,24.098839983545666,23.854410016790137,23.983469009399414,2955000,0.0,0.0
2021-11-05 00:00:00-04:00,24.245498817017154,24.25723060564203,24.003023203575612,24.094928741455078,3005000,0.0,0.0
2021-11-08 00:00:00-05:00,24.370648611532136,24.370648611532136,24.118395560739614,24.120351791381836,2113500,0.0,0.0
2021-11-09 00:00:00-05:00,24.2024801238961,24.2024801238961,23.80161508091276,23.948272705078125,2623500,0.0,0.0
2021-11-10 00:00:00-05:00,23.825080644800117,24.0245359843951,23.70384282947826,23.74881935119629,3997500,0.0,0.0
2021-11-11 00:00:00-05:00,23.87200902151267,23.87396338712354,23.62562282029776,23.66082191467285,2122000,0.0,0.0
2021-11-12 00:00:00-05:00,23.909164085759947,24.089064571222764,23.834857160802173,24.03235626220703,2293500,0.0,0.0
2021-11-15 00:00:00-05:00,24.149683120814313,24.23767806408102,24.00693609993326,24.042133331298828,1546000,0.0,0.0
2021-11-16 00:00:00-05:00,24.32566770109972,24.527079232233053,24.288514244424324,24.45863914489746,2567000,0.0,0.0
2021-11-17 00:00:00-05:00,24.30024825455546,24.36477774711603,24.167278673650728,24.29242706298828,1579500,0.0,0.0
2021-11-18 00:00:00-05:00,24.511436677625593,24.519257869617768,24.24940809736125,24.47428321838379,2974000,0.0,0.0
2021-11-19 00:00:00-05:00,24.509480227691565,24.59160833118292,24.417574702615173,24.489925384521484,1759000,0.0,0.0
2021-11-22 00:00:00-05:00,24.48601876888306,24.48601876888306,23.922851875042955,23.93458366394043,2337500,0.0,0.0
2021-11-23 00:00:00-05:00,23.85049845872518,23.995201705706414,23.510252349849353,23.81334686279297,3755500,0.0,0.0
2021-11-24 00:00:00-05:00,23.74490478324596,23.922850893955914,23.53567390342575,23.899385452270508,2220000,0.0,0.0
2021-11-26 00:00:00-05:00,23.719486059080175,23.852455658134474,23.600204479563043,23.713619232177734,1701500,0.0,0.0
2021-11-29 00:00:00-05:00,23.82116933706779,23.883742608676844,23.660823696823368,23.746862411499023,2046500,0.0,0.0
2021-11-30 00:00:00-05:00,23.922852040909124,24.05386540967683,23.580649686847533,23.827035903930664,3232000,0.0,0.0
2021-12-01 00:00:00-05:00,24.102752799236377,24.179014090595555,23.322531945286254,23.342086791992188,4380500,0.0,0.0
2021-12-02 00:00:00-05:00,23.254091114096983,23.668644153968422,23.074190632746014,23.496564865112305,3183500,0.0,0.0
2021-12-03 00:00:00-05:00,23.75468079741871,23.811389100200163,23.17000475015469,23.469186782836914,3268500,0.0,0.0
2021-12-06 00:00:00-05:00,23.48092144128103,23.71752835503088,23.379238483935534,23.66082191467285,2058000,0.0,0.0
2021-12-07 00:00:00-05:00,24.110570748273155,24.482105326290323,23.954135725377263,24.39606475830078,3117000,0.0,0.0
2021-12-08 00:00:00-05:00,24.493840472642287,24.638543727847672,24.313939985157162,24.62681007385254,1756500,0.0,0.0
2021-12-09 00:00:00-05:00,24.257231760458577,24.3706483801622,23.96196028686896,24.022579193115234,2863000,0.0,0.0
2021-12-10 00:00:00-05:00,24.012801510035573,24.120351301558074,23.899386756411214,24.102752685546875,2009000,0.0,0.0
2021-12-13 00:00:00-05:00,23.958047987852492,24.01671065930615,23.570870999523486,23.58064842224121,2444500,0.0,0.0
2021-12-14 00:00:00-05:00,23.58260412135059,23.666686598093587,23.363593960084305,23.584558486938477,1742500,0.0,0.0
2021-12-15 00:00:00-05:00,23.932630334072435,24.247454795588,23.707753321036204,24.218124389648438,4096500,0.0,0.0
2021-12-16 00:00:00-05:00,24.17705564433693,24.249406327114453,23.774234448504167,23.89742660522461,3902000,0.0,0.0
2021-12-17 00:00:00-05:00,23.739038857764335,23.981512592199913,23.64322086441674,23.686241149902344,3053500,0.0,0.0
2021-12-20 00:00:00-05:00,23.199339362394458,23.367506192509623,23.023349474821927,23.259958267211914,2563000,0.0,0.0
2021-12-21 00:00:00-05:00,23.42616691483901,23.69797478100765,23.2716881170797,23.572826385498047,4182500,0.0,0.0
2021-12-22 00:00:00-05:00,23.760550720149215,24.165326354477784,23.760550720149215,24.07146644592285,3333000,0.0,0.0
2021-12-23 00:00:00-05:00,24.19856830274764,24.300251265128683,24.07341989790537,24.220077514648438,2572000,0.0,0.0
2021-12-27 00:00:00-05:00,24.458641385017494,24.912302233271568,24.39215565702932,24.87514877319336,2741000,0.0,0.0
2021-12-28 00:00:00-05:00,25.02962904669819,25.088291716743495,24.88883640076627,24.927946090698242,2078500,0.0,0.0
2021-12-29 00:00:00-05:00,24.83408501238608,24.859506684514262,24.69720482355037,24.773466110229492,1295500,0.0,0.0
2021-12-30 00:00:00-05:00,24.68742760061616,24.773466310744617,24.591611467655632,24.62289810180664,1161000,0.0,0.0
2021-12-31 00:00:00-05:00,24.599433422606438,24.79302192503659,24.540770748648058,24.716760635375977,1375000,0.0,0.0
2022-01-03 00:00:00-05:00,24.71675925715375,24.86732746236383,24.570099783156454,24.69133758544922,1868500,0.0,0.0
2022-01-04 00:00:00-05:00,25.133268533751963,25.285792980893305,24.99638833690184,25.139135360717773,3543500,0.0,0.0
2022-01-05 00:00:00-05:00,26.116855499311413,26.15400896226901,25.090250285985913,25.145002365112305,12972000,0.0,0.0
2022-01-06 00:00:00-05:00,24.521215472458692,24.699159721782166,23.928718186705648,24.07341957092285,9182500,0.0,0.0
2022-01-07 00:00:00-05:00,24.54076931787883,24.58770020025049,24.110572049275472,24.30807113647461,2874000,0.0,0.0
2022-01-10 00:00:00-05:00,24.149683080342506,24.188790907921735,23.69406411480295,24.085153579711914,5156000,0.0,0.0
2022-01-11 00:00:00-05:00,24.298293427920196,24.712846442569514,24.21812154759384,24.701114654541016,3996000,0.0,0.0
2022-01-12 00:00:00-05:00,24.703071045207487,24.961189032035204,24.689383026659126,24.86341667175293,1728000,0.0,0.0
2022-01-13 00:00:00-05:00,24.798886826658755,24.834084055330734,24.345224125639767,24.403886795043945,2752500,0.0,0.0
2022-01-14 00:00:00-05:00,24.268965972658457,24.442999637758138,24.108620327680633,24.401935577392578,2223500,0.0,0.0
2022-01-18 00:00:00-05:00,23.645175647090312,23.797700070088553,22.53448626810358,22.651811599731445,15215500,0.0,0.0
2022-01-19 00:00:00-05:00,21.99869892438638,22.219663469475393,21.51374954464006,21.51766014099121,19807500,0.0,0.0
2022-01-20 00:00:00-05:00,22.424985781070404,22.632262307908103,22.194243811114024,22.219663619995117,8734500,0.0,0.0
2022-01-21 00:00:00-05:00,21.883327211074857,22.047583441467392,21.58805575059345,21.828575134277344,8768000,0.0,0.0
2022-01-24 00:00:00-05:00,21.53134648989917,21.652584291641382,20.850854291429055,21.61543083190918,9229500,0.0,0.0
2022-01-25 00:00:00-05:00,21.218475532728217,21.738622082183504,21.020976454255777,21.494192123413086,3712000,0.0,0.0
2022-01-26 00:00:00-05:00,21.93221251235466,22.033895473745527,21.35535760924353,21.515705108642578,5123000,0.0,0.0
2022-01-27 00:00:00-05:00,20.555582185239015,20.686597405327937,20.1234305657485,20.135162353515625,8099500,0.0,0.0
2022-01-28 00:00:00-05:00,20.453903460709213,20.893878227862256,20.1820974069556,20.891921997070312,4824500,0.0,0.0
2022-01-31 00:00:00-05:00,21.35731396364321,22.155133409624256,21.34166971377975,21.834442138671875,9391000,0.0,0.0
2022-02-01 00:00:00-05:00,21.863771771334893,22.029984227750184,21.695604949288622,22.01042938232422,5095500,0.0,0.0
2022-02-02 00:00:00-05:00,23.035077726710103,23.26973025249183,21.824661641355416,21.949810028076172,7856000,0.0,0.0
2022-02-03 00:00:00-05:00,21.423798667722252,21.556768258204155,21.09528435515641,21.124616622924805,5100000,0.0,0.0
2022-02-04 00:00:00-05:00,21.26540452371299,21.451171798032842,21.02684141238798,21.33775520324707,4076000,0.0,0.0
2022-02-07 00:00:00-05:00,21.392510798649926,21.666273044648275,21.28300664619168,21.460952758789062,3316500,0.0,0.0
2022-02-08 00:00:00-05:00,21.318205213667834,21.488328264839613,21.216522256087842,21.464862823486328,3000000,0.0,0.0
2022-02-09 00:00:00-05:00,21.3866457505497,21.887237491806086,21.316249425030723,21.795331954956055,4847000,0.0,0.0
2022-02-10 00:00:00-05:00,21.429663866119803,21.897014600854423,21.384689213593585,21.492238998413086,2654500,0.0,0.0
2022-02-11 00:00:00-05:00,21.490283111060478,21.62520893564614,20.98969136898491,21.077686309814453,3803500,0.0,0.0
2022-02-14 00:00:00-05:00,20.929071251249812,21.0952837004065,20.753081379807128,20.94471549987793,3987500,0.0,0.0
2022-02-15 00:00:00-05:00,20.946671581817018,21.2517204686667,20.944717216111247,21.20870018005371,3165500,0.0,0.0
2022-02-16 00:00:00-05:00,20.729619007308052,20.889964653854033,20.655312078819037,20.829347610473633,2588000,0.0,0.0
2022-02-17 00:00:00-05:00,20.657266462330064,20.72570655748873,20.463677965372945,20.494964599609375,4354000,0.0,0.0
2022-02-18 00:00:00-05:00,20.45194429596868,20.577092697669023,20.279866875376847,20.381549835205078,3058000,0.0,0.0
2022-02-22 00:00:00-05:00,19.965040224952922,20.40305869084096,19.965040224952922,20.078454971313477,4950000,0.0,0.0
2022-02-23 00:00:00-05:00,20.232936322186205,20.3111538414202,19.75580814946191,19.81056022644043,4126500,0.0,0.0
2022-02-24 00:00:00-05:00,19.02251758626449,19.966996477866314,19.020563220637786,19.943531036376953,5434000,0.0,0.0
2022-02-25 00:00:00-05:00,20.117564877489865,20.40110267885421,19.976772227204055,20.35417366027832,3182000,0.0,0.0
2022-02-28 00:00:00-05:00,20.047167533639335,20.160584140303918,19.822292415561538,20.049123764038086,3546500,0.0,0.0
2022-03-01 00:00:00-05:00,19.98459712626144,20.017839993824985,19.618929312768234,19.72256851196289,3199000,0.0,0.0
2022-03-02 00:00:00-05:00,19.667816198532964,19.978731957066206,19.667816198532964,19.8946475982666,2443000,0.0,0.0
2022-03-03 00:00:00-05:00,19.94744203212459,19.94744203212459,19.509423556968787,19.59937286376953,2697000,0.0,0.0
2022-03-04 00:00:00-05:00,19.30801244549211,19.358853926762748,19.09878155842459,19.255216598510742,2766000,0.0,0.0
2022-03-07 00:00:00-05:00,19.055759273523226,19.159398455771324,18.729201208173176,18.737022399902344,3801000,0.0,0.0
2022-03-08 00:00:00-05:00,18.758533453006333,19.39405096916349,18.674449115029798,19.04989242553711,4706500,0.0,0.0
2022-03-09 00:00:00-05:00,18.932567739642955,19.372540559063143,18.932567739642955,19.229793548583984,4368500,0.0,0.0
2022-03-10 00:00:00-05:00,19.568086582848384,19.703012410339042,19.396007293655263,19.589595794677734,4085000,0.0,0.0
2022-03-11 00:00:00-05:00,19.62088431980541,19.6287055123257,19.01665337357308,19.028385162353516,2561000,0.0,0.0
2022-03-14 00:00:00-04:00,18.96776565678643,19.098780884037442,18.44566284312953,18.535614013671875,3738000,0.0,0.0
2022-03-15 00:00:00-04:00,18.967767458575352,19.225885476607697,18.89150616454438,19.1828670501709,4131000,0.0,0.0
2022-03-16 00:00:00-04:00,19.72452185224627,20.15471914782075,19.624795119593642,20.092144012451172,4304500,0.0,0.0
2022-03-17 00:00:00-04:00,20.06085693460911,20.483233028263705,19.998283665472815,20.45781135559082,2314000,0.0,0.0
2022-03-18 00:00:00-04:00,20.420656706630815,20.764815261422772,20.420656706630815,20.751127243041992,2328000,0.0,0.0
2022-03-21 00:00:00-04:00,20.678777505911594,20.721797797331373,20.31310969097571,20.424570083618164,3049500,0.0,0.0
2022-03-22 00:00:00-04:00,20.555582247477272,20.794145383137966,20.555582247477272,20.674863815307617,2869000,0.0,0.0
2022-03-23 00:00:00-04:00,20.547762471586417,20.663133451432937,20.363949531190528,20.36590576171875,2099000,0.0,0.0
2022-03-24 00:00:00-04:00,20.727662371614198,21.02488818816856,20.715928718478292,20.99555778503418,2753000,0.0,0.0
2022-03-25 00:00:00-04:00,20.74330445933164,20.88409710583281,20.510608143794588,20.78436851501465,3896500,0.0,0.0
2022-03-28 00:00:00-04:00,20.401100898477132,20.55167095840824,20.342438231737148,20.537982940673828,3549500,0.0,0.0
2022-03-29 00:00:00-04:00,20.87458808031152,20.943202600768846,20.535436040678793,20.74127960205078,2905000,0.0534,0.0
2022-03-30 00:00:00-04:00,20.68834974048797,20.843222252180514,20.55700060533146,20.621694564819336,1775000,0.0,0.0
2022-03-31 00:00:00-04:00,20.50602978492888,20.50602978492888,20.125707149161865,20.135509490966797,2456500,0.0,0.0
2022-04-01 00:00:00-04:00,20.198241693747757,20.24921274328621,20.006119182592677,20.17667579650879,2887500,0.0,0.0
2022-04-04 00:00:00-04:00,20.25509812173988,20.594252094794623,20.237454651674625,20.5922908782959,3732500,0.0,0.0
2022-04-05 00:00:00-04:00,20.260977486285647,20.290384512625955,19.74538513483134,19.819881439208984,3390500,0.0,0.0
2022-04-06 00:00:00-04:00,19.488571182885142,19.568949269260024,19.319973884012935,19.480730056762695,3345000,0.0,0.0
2022-04-07 00:00:00-04:00,19.261158465688386,19.368982344998077,19.090601848718176,19.25135612487793,4687500,0.0,0.0
2022-04-08 00:00:00-04:00,19.245476685797,19.5336576603156,19.206267321598194,19.265079498291016,2995500,0.0,0.0
2022-04-11 00:00:00-04:00,18.478952099138755,18.498556783789482,18.17900752848404,18.198612213134766,5780500,0.0,0.0
2022-04-12 00:00:00-04:00,18.228019468678355,18.231940031736535,17.74183412695655,17.806528091430664,5862500,0.0,0.0
2022-04-13 00:00:00-04:00,17.800644309442426,18.03001311418972,17.732029789629365,17.994726181030273,4094000,0.0,0.0
2022-04-14 00:00:00-04:00,18.02021336135735,18.02021336135735,17.45364997445948,17.4752140045166,6653500,0.0,0.0
2022-04-18 00:00:00-04:00,17.326224287643413,17.51050383604938,17.238005076443972,17.345827102661133,4209500,0.0,0.0
2022-04-19 00:00:00-04:00,17.247803595165898,17.518341078492455,17.16154374978798,17.510499954223633,5374000,0.0,0.0
2022-04-20 00:00:00-04:00,17.65557057667385,17.692818722361647,17.424240578067085,17.461488723754883,3923500,0.0,0.0
2022-04-21 00:00:00-04:00,17.796724064654413,17.855536244172292,17.271331272469684,17.281131744384766,3315000,0.0,0.0
2022-04-22 00:00:00-04:00,17.157627342337477,17.19879605912554,16.771424769304154,16.781227111816406,4398500,0.0,0.0
2022-04-25 00:00:00-04:00,16.94198025500421,17.18311262938716,16.836117580573617,17.169389724731445,5501000,0.0,0.0
2022-04-26 00:00:00-04:00,16.916493127472165,16.957661839821363,16.506765350507983,16.514606475830078,5406000,0.0,0.0
2022-04-27 00:00:00-04:00,16.516569005770698,16.902771567883537,16.469518510884573,16.751819610595703,5455000,0.0,0.0
2022-04-28 00:00:00-04:00,16.940020921329012,17.23408560040927,16.789068953340937,17.114498138427734,3680000,0.0,0.0
2022-04-29 00:00:00-04:00,17.07136877717038,17.349749312509676,16.851800425340386,16.869443893432617,3220500,0.0,0.0
2022-05-02 00:00:00-04:00,16.80474945523662,16.95570327710058,16.54205304874818,16.87924575805664,3114500,0.0,0.0
2022-05-03 00:00:00-04:00,16.86552333395792,17.002754254982072,16.80474993415668,16.92433738708496,2706500,0.0,0.0
2022-05-04 00:00:00-04:00,16.910610999677818,17.39091445034333,16.714567935501794,17.353666305541992,2233000,0.0,0.0
2022-05-05 00:00:00-04:00,17.06744835466285,17.13998344390806,16.50676671641728,16.649877548217773,3367000,0.0,0.0
2022-05-06 00:00:00-04:00,16.551853731561145,16.655757049691736,16.289157351404405,16.400901794433594,4126500,0.0,0.0
2022-05-09 00:00:00-04:00,16.167611748282702,16.19309821047265,15.787290988448024,15.848062515258789,5499000,0.0,0.0
2022-05-10 00:00:00-04:00,16.265633191561427,16.428348696490772,15.82453716851266,16.075471878051758,5797500,0.0,0.0
2022-05-11 00:00:00-04:00,16.01862019223881,16.204860956379285,15.67162606261414,15.695150375366211,5605000,0.0,0.0
2022-05-12 00:00:00-04:00,16.342089606035888,16.65967759945166,16.161730646267916,16.447952270507812,8492500,0.0,0.0
2022-05-13 00:00:00-04:00,16.75377692673868,17.108614942062253,16.75377692673868,17.05764389038086,4422000,0.0,0.0
2022-05-16 00:00:00-04:00,16.91649483741639,17.087051482847603,16.851800872956083,16.930217742919922,2730500,0.0,0.0
2022-05-17 00:00:00-04:00,17.147822374495796,17.239962136477594,17.01843446451239,17.19095230102539,2811500,0.0,0.0
2022-05-18 00:00:00-04:00,17.40856236888117,17.49286102022144,17.043923821471612,17.069408416748047,5333000,0.0,0.0
2022-05-19 00:00:00-04:00,17.271331249319054,17.59087860835467,17.226240104463827,17.39091682434082,3892500,0.0,0.0
2022-05-20 00:00:00-04:00,17.632049560546875,17.741832796365088,17.294854988352917,17.632049560546875,4030500,0.0,0.0
2022-05-23 00:00:00-04:00,17.543830838463133,17.69478279187531,17.43796816249016,17.598722457885742,3436000,0.0,0.0
2022-05-24 00:00:00-04:00,17.43600605404894,17.52226404164127,17.261528862725722,17.453649520874023,3237500,0.0,0.0
2022-05-25 00:00:00-04:00,17.238002757823143,17.437966400952536,17.065484921632553,17.308578491210938,4139500,0.0,0.0
2022-05-26 00:00:00-04:00,17.43404329876526,17.820247666710255,17.40855870884679,17.749671936035156,2820500,0.0,0.0
2022-05-27 00:00:00-04:00,17.792805486145312,18.106472971360162,17.773200800917962,18.086868286132812,3247000,0.0,0.0
2022-05-31 00:00:00-04:00,18.329959312125823,18.596576263055255,18.320156970893876,18.441701889038086,4387000,0.0,0.0
2022-06-01 00:00:00-04:00,18.67107499771316,18.761253557448647,18.314277582643285,18.43974494934082,4071500,0.0,0.0
2022-06-02 00:00:00-04:00,18.141756910346167,18.402493945875513,17.988843756138827,18.3966121673584,3221500,0.0,0.0
2022-06-03 00:00:00-04:00,18.25546075548544,18.25546075548544,18.112349956497553,18.161359786987305,2309000,0.0,0.0
2022-06-06 00:00:00-04:00,18.204492592853867,18.28879123468644,18.02217240490938,18.094707489013672,2339500,0.0,0.0
2022-06-07 00:00:00-04:00,17.898663431136065,18.177043904938724,17.86337650275186,18.161359786987305,2208500,0.0,0.0
2022-06-08 00:00:00-04:00,18.067263600905463,18.220176780388556,18.02609488369144,18.086868286132812,2491500,0.0,0.0
2022-06-09 00:00:00-04:00,17.951597439265466,18.006490928348697,17.551671981811523,17.551671981811523,2144500,0.0,0.0
2022-06-10 00:00:00-04:00,17.40071776261441,17.486975743476,17.179188227701218,17.263486862182617,2639500,0.0,0.0
2022-06-13 00:00:00-04:00,16.663598614564435,16.747897253068924,16.379336329023033,16.453832626342773,3863000,0.0,0.0
2022-06-14 00:00:00-04:00,16.330327072168075,16.363654659457723,16.055867118072513,16.271514892578125,4655000,0.0,0.0
2022-06-15 00:00:00-04:00,16.314641882274568,16.673400454347135,16.193096968370718,16.534210205078125,3168000,0.0,0.0
2022-06-16 00:00:00-04:00,16.14604670791598,16.216622441557053,15.922557819521943,16.008817672729492,5893000,0.0,0.0
2022-06-17 00:00:00-04:00,16.296999371408692,16.557736419464337,16.236225976093177,16.46755599975586,4143500,0.0,0.0
2022-06-21 00:00:00-04:00,16.665559752547885,16.755738299656308,16.614588700389305,16.634191513061523,3546000,0.0,0.0
2022-06-22 00:00:00-04:00,16.36953873903866,16.596946363976752,16.32837002057888,16.418548583984375,2900500,0.0,0.0
2022-06-23 00:00:00-04:00,16.43031027371328,16.504806584146902,16.23426902432467,16.418548583984375,2750500,0.0,0.0
2022-06-24 00:00:00-04:00,16.47147830602563,16.798868656086604,16.391100228396336,16.789066314697266,4549500,0.0,0.0
2022-06-27 00:00:00-04:00,16.747899139642335,16.74985848633675,16.518528443213633,16.555776596069336,2337500,0.0,0.0
2022-06-28 00:00:00-04:00,16.78318525607492,16.84787921633607,16.298961162218383,16.30876350402832,3340500,0.0,0.0
2022-06-29 00:00:00-04:00,16.395022403748,16.400904183081263,16.17349470145339,16.351892471313477,2679000,0.0,0.0
2022-06-30 00:00:00-04:00,15.961769536015334,16.091157465289932,15.675546931581154,16.030384063720703,3408000,0.0,0.0
2022-07-01 00:00:00-04:00,15.785329717195115,16.051946678343704,15.755922692372133,16.012739181518555,2798500,0.0,0.0
2022-07-05 00:00:00-04:00,15.612813343055716,15.883351811052558,15.497148325546862,15.86962890625,3948000,0.0,0.0
2022-07-06 00:00:00-04:00,15.897073804940366,15.897073804940366,15.675545189759118,15.74808120727539,3336500,0.0,0.0
2022-07-07 00:00:00-04:00,16.01273759991388,16.414624218105484,16.01273759991388,16.37149429321289,3253000,0.0,0.0
2022-07-08 00:00:00-04:00,16.159773344267496,16.26367481787934,16.026464840777635,16.189180374145508,2607000,0.0,0.0
2022-07-11 00:00:00-04:00,16.140166338369923,16.220544420056157,16.042144789134543,16.07351303100586,2425500,0.0,0.0
2022-07-12 00:00:00-04:00,16.03038212714276,16.265632709258032,16.020579785853947,16.08527374267578,2078500,0.0,0.0
2022-07-13 00:00:00-04:00,15.881390070472502,16.028421455589083,15.728476906461722,15.981372833251953,2503000,0.0,0.0
2022-07-14 00:00:00-04:00,15.791211527758183,15.940202259519216,15.557920284081062,15.899033546447754,2505000,0.0,0.0
2022-07-15 00:00:00-04:00,15.979412020790809,16.116641067752518,15.871588129832013,16.10487937927246,2307500,0.0,0.0
2022-07-18 00:00:00-04:00,16.12644243221776,16.369536008794086,16.085273720624432,16.116640090942383,3118000,0.0,0.0
2022-07-19 00:00:00-04:00,16.408746555369962,16.698888806570206,16.408746555369962,16.667522430419922,2724500,0.0,0.0
2022-07-20 00:00:00-04:00,16.891008384399566,16.977266370988026,16.77730272021817,16.867483139038086,2306000,0.0,0.0
2022-07-21 00:00:00-04:00,16.84591805396164,17.11057377588126,16.802788128567883,17.106653213500977,1833000,0.0,0.0
2022-07-22 00:00:00-04:00,17.23996075190935,17.300734139536715,16.981184952725222,17.047840118408203,2117000,0.0,0.0
2022-07-25 00:00:00-04:00,16.873362554382947,16.873362554382947,16.669478369544475,16.75965690612793,2998500,0.0,0.0
2022-07-26 00:00:00-04:00,16.749857471777087,16.81063086852399,16.673401824002283,16.71653175354004,1599000,0.0,0.0
2022-07-27 00:00:00-04:00,16.71652833654865,17.073323779373258,16.69300309521003,16.98902702331543,2547000,0.0,0.0
2022-07-28 00:00:00-04:00,16.9086516976678,17.202714457611155,16.85964186087905,17.16546630859375,2696000,0.0,0.0
2022-07-29 00:00:00-04:00,16.45187221700878,16.820431247638794,16.45187221700878,16.740053176879883,8536000,0.0,0.0
2022-08-01 00:00:00-04:00,16.71065129022537,16.994911743343703,16.56949980222837,16.87532615661621,8417500,0.0,0.0
2022-08-02 00:00:00-04:00,16.796908914429718,16.987070240943574,16.718492046036893,16.7204532623291,7336500,0.0,0.0
2022-08-03 00:00:00-04:00,16.930218605500002,17.14194584783478,16.906693356351695,17.083131790161133,7620000,0.0,0.0
2022-08-04 00:00:00-04:00,16.861599943725835,16.981185506996937,16.71652979072398,16.849838256835938,5156000,0.0,0.0
2022-08-05 00:00:00-04:00,16.87336488819449,17.102733693059943,16.849839642874258,16.922374725341797,4082000,0.0,0.0
2022-08-08 00:00:00-04:00,17.05372251719003,17.05960242585443,16.577339608661077,16.63027000427246,3854500,0.0,0.0
2022-08-09 00:00:00-04:00,16.49500187648616,16.54009302133031,16.273474193368216,16.373456954956055,3020500,0.0,0.0
2022-08-10 00:00:00-04:00,16.56754007294529,16.779265430446287,16.55381716772959,16.728294372558594,3055500,0.0,0.0
2022-08-11 00:00:00-04:00,16.857681760385432,16.989030898687716,16.747898522165947,16.82435417175293,3417500,0.0,0.0
2022-08-12 00:00:00-04:00,16.89296956587393,17.020398147890734,16.8341573808846,17.016477584838867,1933000,0.0,0.0
2022-08-15 00:00:00-04:00,17.010593891538537,17.10665421912102,16.95374105966902,17.040000915527344,1715000,0.0,0.0
2022-08-16 00:00:00-04:00,16.885127075186197,16.955702813233152,16.71653165994711,16.881206512451172,2448500,0.0,0.0
2022-08-17 00:00:00-04:00,17.08509204488618,17.228202878546107,16.947862990583687,17.087051391601562,3210500,0.0,0.0
2022-08-18 00:00:00-04:00,16.96550649432903,17.13410192287901,16.96550649432903,17.03215980529785,1764500,0.0,0.0
2022-08-19 00:00:00-04:00,17.085091642065983,17.130180920330055,16.92041491117998,17.00275421142578,2999500,0.0,0.0
2022-08-22 00:00:00-04:00,16.902772543716356,16.904733760118845,16.66556257851307,16.708690643310547,3478000,0.0,0.0
2022-08-23 00:00:00-04:00,16.510688826376043,16.669483794602368,16.383262104183764,16.471481323242188,2101500,0.0,0.0
2022-08-24 00:00:00-04:00,16.36953633929248,16.579300464083282,16.36953633929248,16.498924255371094,2127000,0.0,0.0
2022-08-25 00:00:00-04:00,16.436188594466753,16.714569091796875,16.398940447088627,16.714569091796875,2837000,0.0,0.0
2022-08-26 00:00:00-04:00,16.632229464957398,16.665557045494747,15.997051697416838,16.01861572265625,4539000,0.0,0.0
2022-08-29 00:00:00-04:00,15.887270892265164,16.06566863806106,15.855904522728194,15.946083068847656,2819000,0.0,0.0
2022-08-30 00:00:00-04:00,16.095075732667684,16.118600977326285,15.771605955618677,15.828458786010742,2296500,0.0,0.0
2022-08-31 00:00:00-04:00,15.836300496953752,15.863746305136685,15.552039138884162,15.555959701538086,3234000,0.0,0.0
2022-09-01 00:00:00-04:00,15.497148045549856,15.522633573265967,15.299144668000336,15.463820457458496,2606000,0.0,0.0
2022-09-02 00:00:00-04:00,15.352074717672394,15.459898598478762,15.079575996017345,15.140349388122559,2533000,0.0,0.0
2022-09-06 00:00:00-04:00,14.942349047051692,14.9658733598822,14.711019003328717,14.775712966918945,3210500,0.0,0.0
2022-09-07 00:00:00-04:00,14.399309541936276,14.650244247067453,14.320892680283466,14.605154037475586,4219000,0.0,0.0
2022-09-08 00:00:00-04:00,14.618876503639468,14.685531675370262,14.426755852706659,14.544381141662598,4615000,0.0,0.0
2022-09-09 00:00:00-04:00,14.726701711026212,14.836484950006234,14.71493908759224,14.77767276763916,2553000,0.0,0.0
2022-09-12 00:00:00-04:00,14.77571340030972,14.897259270243227,14.734543748342439,14.824723243713379,2528500,0.0,0.0
2022-09-13 00:00:00-04:00,14.513014027133408,14.513014027133408,14.105246540372915,14.117009162902832,2941500,0.0,0.0
2022-09-14 00:00:00-04:00,14.14053393938735,14.220912018459043,14.018988082307676,14.12289047241211,2581000,0.0,0.0
2022-09-15 00:00:00-04:00,14.166019478338008,14.393428941866185,14.04251333980328,14.087602615356445,3894000,0.0,0.0
2022-09-16 00:00:00-04:00,14.075840956307307,14.22875413003329,14.048395145864614,14.091525077819824,3228500,0.0,0.0
2022-09-19 00:00:00-04:00,13.981739897875697,14.22287226489329,13.962136149596084,14.209149360656738,2943500,0.0,0.0
2022-09-20 00:00:00-04:00,13.983700776499907,14.075840547395892,13.873917537918402,13.9523344039917,3150000,0.0,0.0
2022-09-21 00:00:00-04:00,13.89548169983468,14.015068216309393,13.705321311950684,13.705321311950684,3292500,0.0,0.0
2022-09-22 00:00:00-04:00,13.771975128474462,13.850391992859004,13.534763319128878,13.601418495178223,3847000,0.0,0.0
2022-09-23 00:00:00-04:00,13.432822701792146,13.475951698556068,13.287750655326334,13.415178298950195,3672000,0.0,0.0
2022-09-26 00:00:00-04:00,13.211293775656898,13.332840572168424,13.04661891814236,13.076025009155273,4557500,0.0,0.0
2022-09-27 00:00:00-04:00,13.054459649866299,13.128955950666635,12.82705111953205,12.917230606079102,5165000,0.0,0.0
2022-09-28 00:00:00-04:00,12.856457094901364,13.191689510707858,12.856457094901364,13.1328763961792,7732500,0.0,0.0
2022-09-29 00:00:00-04:00,12.978977650388794,12.99865812821825,12.693617290779544,12.805793762207031,4283500,0.0516,0.0
2022-09-30 00:00:00-04:00,12.662129411840692,12.876642111706362,12.581441518789596,12.605057716369629,4619500,0.0,0.0
2022-10-03 00:00:00-04:00,12.882546999966591,13.087219481886569,12.851059358940555,13.020307540893555,8731500,0.0,0.0
2022-10-04 00:00:00-04:00,13.331251680598564,13.474915799038758,13.268275461564238,13.429651260375977,5722500,0.0,0.0
2022-10-05 00:00:00-04:00,13.228914748574423,13.392258399041664,13.1305142355378,13.30566692352295,3175000,0.0,0.0
2022-10-06 00:00:00-04:00,13.370610970288098,13.459171244145065,13.226946859690562,13.26630687713623,4298000,0.0,0.0
2022-10-07 00:00:00-04:00,13.280082673781317,13.368642946554361,13.026209954393048,13.06950569152832,4022500,0.0,0.0
2022-10-10 00:00:00-04:00,13.049826562536262,13.06950610242853,12.799890493878273,12.914033889770508,3716000,0.0,0.0
2022-10-11 00:00:00-04:00,12.786114565066475,12.845154123301603,12.577505435840694,12.628673553466797,4424500,0.0,0.0
2022-10-12 00:00:00-04:00,12.494850496283549,12.55979457764056,12.416130454542742,12.43187427520752,3933500,0.0,0.0
2022-10-13 00:00:00-04:00,12.160289201859442,12.927810037152494,12.146513242209537,12.825474739074707,4742000,0.0,0.0
2022-10-14 00:00:00-04:00,12.967170162295165,13.024241857408892,12.624737176362382,12.640480995178223,3704500,0.0,0.0
2022-10-17 00:00:00-04:00,12.80579495191744,13.055731037703852,12.80579495191744,13.006531715393066,4487500,0.0,0.0
2022-10-18 00:00:00-04:00,12.953394583361298,12.978978643446997,12.73297828225764,12.845154762268066,4762000,0.0,0.0
2022-10-19 00:00:00-04:00,12.764465622980625,12.904194009769116,12.650321293795423,12.71920108795166,3626000,0.0,0.0
2022-10-20 00:00:00-04:00,12.734946344546621,12.977010032821834,12.683778227333939,12.738882064819336,2562000,0.0,0.0
2022-10-21 00:00:00-04:00,12.583409948461247,12.805794098642313,12.46532989363281,12.799890518188477,5046500,0.0,0.0
2022-10-24 00:00:00-04:00,12.774305990638473,12.862865324697497,12.614897124815219,12.81956958770752,4633500,0.0,0.0
2022-10-25 00:00:00-04:00,13.00653115267027,13.254499367446027,12.994723053069817,13.232851028442383,4188000,0.0,0.0
2022-10-26 00:00:00-04:00,13.156099236824563,13.417843419089083,13.14035541636697,13.248595237731934,3591500,0.0,0.0
2022-10-27 00:00:00-04:00,13.232852026886938,13.374548294366756,13.128547921227053,13.15806770324707,2855000,0.0,0.0
2022-10-28 00:00:00-04:00,13.150194926436635,13.356835256425942,13.128546587998011,13.352898597717285,3658500,0.0,0.0
2022-10-31 00:00:00-04:00,13.221043585556378,13.31747624734726,13.120675203175477,13.278116226196289,5029500,0.0,0.0
2022-11-01 00:00:00-04:00,13.894100221762283,14.639973681226115,13.888196641039722,14.565189361572266,17435500,0.0,0.0
2022-11-02 00:00:00-04:00,14.342804645505785,14.478596381031974,14.045636177062988,14.045636177062988,10002500,0.0,0.0
2022-11-03 00:00:00-04:00,13.974787491019276,14.232595939266176,13.876387914502132,14.19520378112793,6281000,0.0,0.0
2022-11-04 00:00:00-04:00,14.474660266933764,14.858421141097264,14.464820027961583,14.679332733154297,6988000,0.0,0.0
2022-11-07 00:00:00-05:00,14.68130171795732,14.85842227935791,14.643909557731998,14.85842227935791,9284500,0.0,0.0
2022-11-08 00:00:00-05:00,15.094581672319377,15.515733777323533,14.988309715985011,15.116230010986328,7983000,0.0,0.0
2022-11-09 00:00:00-05:00,15.006021048431506,15.074900844753868,14.813156680312051,14.854484558105469,3855000,0.0,0.0
2022-11-10 00:00:00-05:00,15.415365874328607,15.8542296459949,15.393717536315483,15.842422485351562,7009500,0.0,0.0
2022-11-11 00:00:00-05:00,16.216343927334727,16.371817091963287,16.056936918901854,16.352136611938477,5682000,0.0,0.0
2022-11-14 00:00:00-05:00,16.29506401644107,16.387560020617226,16.200601090357225,16.220279693603516,3102000,0.0,0.0
2022-11-15 00:00:00-05:00,16.50170369346349,16.546967291764194,16.24389430933703,16.271446228027344,4566000,0.0,0.0
2022-11-16 00:00:00-05:00,16.068742642200192,16.068742642200192,15.915238290050732,15.968375205993652,4257000,0.0,0.0
2022-11-17 00:00:00-05:00,15.63774927042277,15.917206037431761,15.54722114090931,15.907365798950195,3043000,0.0,0.0
2022-11-18 00:00:00-05:00,15.925078155573862,15.958534592469045,15.763702366638688,15.820773124694824,1859000,0.0,0.0
2022-11-21 00:00:00-05:00,15.572806155808317,15.688918349465936,15.535413998011778,15.564933776855469,3604500,0.0,0.0
2022-11-22 00:00:00-05:00,15.909334236990329,16.007734754351727,15.842423236504887,15.988054275512695,3126000,0.0,0.0
2022-11-23 00:00:00-05:00,16.041193994201112,16.180922415424266,15.986090145296336,16.176986694335938,3298000,0.0,0.0
2022-11-25 00:00:00-05:00,16.291127257594802,16.487928292187085,16.291127257594802,16.312774658203125,2084500,0.0,0.0
2022-11-28 00:00:00-05:00,16.399366380136524,16.564677881400737,16.13959009138786,16.171077728271484,5601500,0.0,0.0
2022-11-29 00:00:00-05:00,16.102197267446865,16.29309375607528,16.100228469108703,16.182884216308594,3752500,0.0,0.0
2022-11-30 00:00:00-05:00,15.960504157517944,16.352137472554308,15.803064062701129,16.348201751708984,4689000,0.0,0.0
2022-12-01 00:00:00-05:00,16.314744322828563,16.568616131924788,16.308839803500597,16.51941680908203,4139000,0.0,0.0
2022-12-02 00:00:00-05:00,16.287192023167673,16.352136103764177,16.119911701823114,16.2930965423584,3531000,0.0,0.0
2022-12-05 00:00:00-05:00,16.102200914576873,16.255705284216734,16.011671830353094,16.06087303161621,5243000,0.0,0.0
2022-12-06 00:00:00-05:00,15.919173900850685,15.919173900850685,15.533446101403863,15.639718055725098,3592500,0.0,0.0
2022-12-07 00:00:00-05:00,15.574774243720306,15.625942361620016,15.482278247151646,15.555093765258789,2404000,0.0,0.0
2022-12-08 00:00:00-05:00,15.43504611775092,15.623974772913169,15.32877415977954,15.584614753723145,5175000,0.0,0.0
2022-12-09 00:00:00-05:00,15.641687039722497,15.929015284427216,15.641687039722497,15.818807601928711,5080000,0.0,0.0
2022-12-12 00:00:00-05:00,15.753862527869043,15.781414446756942,15.645621774047315,15.77944564819336,4470000,0.0,0.0
2022-12-13 00:00:00-05:00,16.196661721786622,16.344263429413953,15.84832702199376,15.938854217529297,3884500,0.0,0.0
2022-12-14 00:00:00-05:00,16.182887927858435,16.265545570849376,15.86210510351106,15.986088752746582,3289000,0.0,0.0
2022-12-15 00:00:00-05:00,15.818807323061593,15.87194236468645,15.440950943644163,15.482278823852539,3126500,0.0,0.0
2022-12-16 00:00:00-05:00,15.350423231424859,15.527542857025097,15.322870372101606,15.423238754272461,3093000,0.0,0.0
2022-12-19 00:00:00-05:00,15.411431147188466,15.468503789534939,15.226439136089045,15.28941535949707,4972000,0.0,0.0
2022-12-20 00:00:00-05:00,15.246118209034208,15.407494004156286,15.206758190339784,15.252021789550781,3929000,0.0,0.0
2022-12-21 00:00:00-05:00,15.252022354312917,15.29138237446479,15.1575584936318,15.236278533935547,3138000,0.0,0.0
2022-12-22 00:00:00-05:00,15.163462224252635,15.163462224252635,14.99618190234944,15.108358383178711,3421500,0.0,0.0
2022-12-23 00:00:00-05:00,15.139845418012529,15.194950195296851,14.992245581498471,15.141813278198242,3089500,0.0,0.0
2022-12-27 00:00:00-05:00,14.998148968400175,15.013893726516327,14.836773174252933,14.866292953491211,3520500,0.0,0.0
2022-12-28 00:00:00-05:00,14.958788905937046,15.006021303312831,14.722628795891842,14.730501174926758,3195500,0.0,0.0
2022-12-29 00:00:00-05:00,14.903685517108968,15.120166093716438,14.901717656895146,15.09261417388916,2872500,0.0,0.0
2022-12-30 00:00:00-05:00,14.872197289817464,15.01979712261378,14.844645371077718,15.011924743652344,2067500,0.0,0.0
2023-01-03 00:00:00-05:00,15.183142109114359,15.28744620638382,15.033573473866218,15.084741592407227,3303000,0.0,0.0
2023-01-04 00:00:00-05:00,15.348454034195099,15.427175012705236,15.250054453287001,15.311062812805176,2982000,0.0,0.0
2023-01-05 00:00:00-05:00,15.307125628039602,15.372069705806245,15.214629631028549,15.252021789550781,2705000,0.0,0.0
2023-01-06 00:00:00-05:00,15.592485557370324,16.06677362846722,15.56690149902138,16.017574310302734,4483500,0.0,0.0
2023-01-09 00:00:00-05:00,16.074647742034266,16.401335059569824,16.06480750254719,16.259639739990234,4590000,0.0,0.0
2023-01-10 00:00:00-05:00,16.027417449147677,16.169112787345284,15.962473361466687,16.153369903564453,3980500,0.0,0.0
2023-01-11 00:00:00-05:00,16.517446388433108,16.629622860480016,16.489894470053205,16.588294982910156,3608000,0.0,0.0
2023-01-12 00:00:00-05:00,16.659143756306147,16.95434342121377,16.598135400142937,16.938600540161133,5565500,0.0,0.0
2023-01-13 00:00:00-05:00,16.56861499469506,16.911048939705363,16.5627123526061,16.87562370300293,4972000,0.0,0.0
2023-01-17 00:00:00-05:00,16.97992939646623,17.26332191691191,16.97992939646623,17.074392318725586,4455000,0.0,0.0
2023-01-18 00:00:00-05:00,17.318423441698016,17.375496073254794,17.044871197472176,17.05864715576172,3551500,0.0,0.0
2023-01-19 00:00:00-05:00,17.373527425535876,17.473894854396814,17.231830244614297,17.312519073486328,4243000,0.0,0.0
2023-01-20 00:00:00-05:00,17.397144395474974,17.58213638142666,17.345976279562787,17.572296142578125,2705000,0.0,0.0
2023-01-23 00:00:00-05:00,17.34400846097345,17.55261665658098,17.318425339988767,17.497512817382812,3049000,0.0,0.0
2023-01-24 00:00:00-05:00,17.51719144943866,17.710054866299583,17.318423514190773,17.576231002807617,3465500,0.0,0.0
2023-01-25 00:00:00-05:00,17.50735049657599,17.651014592571943,17.462086903401506,17.623462677001953,2878500,0.0,0.0
2023-01-26 00:00:00-05:00,17.495544128776395,17.5486791639942,17.338104067871416,17.540807723999023,3019500,0.0,0.0
2023-01-27 00:00:00-05:00,17.609687175670533,17.908824411708242,17.580166461008854,17.83207130432129,4269000,0.0,0.0
2023-01-30 00:00:00-05:00,17.57229632995644,17.686441600349685,17.52112821349863,17.580167770385742,3523000,0.0,0.0
2023-01-31 00:00:00-05:00,17.495547165896767,17.65692297481319,17.48964264645861,17.605754852294922,3970500,0.0,0.0
2023-02-01 00:00:00-05:00,17.493574538790998,17.733670339281918,17.373526638545535,17.623462677001953,4827000,0.0,0.0
2023-02-02 00:00:00-05:00,18.1056263538669,18.741291202207407,18.07020299224542,18.459867477416992,8071000,0.0,0.0
2023-02-03 00:00:00-05:00,18.414602001959082,18.646826381215316,18.306361252593796,18.3280086517334,5276500,0.0,0.0
2023-02-06 00:00:00-05:00,17.881274393044574,17.883241314797303,17.617560485147855,17.735641479492188,4900500,0.0,0.0
2023-02-07 00:00:00-05:00,17.808458826216764,18.05839492333625,17.737610222336258,17.981643676757812,4621000,0.0,0.0
2023-02-08 00:00:00-05:00,17.86159251273973,18.00328781799897,17.755320564586906,17.794679641723633,3313000,0.0,0.0
2023-02-09 00:00:00-05:00,18.026905429763225,18.115465706313042,17.71005648203686,17.735641479492188,2364500,0.0,0.0
2023-02-10 00:00:00-05:00,17.672664323563964,17.85175367525006,17.65101692328156,17.735641479492188,2546500,0.0,0.0
2023-02-13 00:00:00-05:00,17.46405378707785,17.662823590616853,17.41091875437942,17.64117431640625,2523500,0.0,0.0
2023-02-14 00:00:00-05:00,17.530969940721775,17.64905094135401,17.43650514021599,17.582138061523438,2536500,0.0,0.0
2023-02-15 00:00:00-05:00,17.259385766925202,17.405016805597054,17.210184569941127,17.401081085205078,2934500,0.0,0.0
2023-02-16 00:00:00-05:00,17.20428144294656,17.39321105171783,17.18460283939448,17.22789764404297,3399500,0.0,0.0
2023-02-17 00:00:00-05:00,16.848072685255154,16.848072685255154,16.607976840335013,16.739831924438477,4223500,0.0,0.0
2023-02-21 00:00:00-05:00,16.49186432732324,16.56861556864205,16.34623140879893,16.381656646728516,3922000,0.0,0.0
2023-02-22 00:00:00-05:00,16.291127650055728,16.328519809992383,16.190760208559347,16.232088088989258,2147500,0.0,0.0
2023-02-23 00:00:00-05:00,16.36197530146245,16.381655779622303,16.14549567220516,16.271446228027344,2865000,0.0,0.0
2023-02-24 00:00:00-05:00,16.27735137939453,16.35804021688535,16.163207979932324,16.27735137939453,4341500,0.0,0.0
2023-02-27 00:00:00-05:00,16.511543899189146,16.627656092530547,16.401334347816817,16.403303146362305,3581000,0.0,0.0
2023-02-28 00:00:00-05:00,16.468246914519394,16.598135064747513,16.422983317157147,16.448566436767578,2566500,0.0,0.0
2023-03-01 00:00:00-05:00,16.51154336219364,16.56861411931867,16.417078571756353,16.458406448364258,2728500,0.0,0.0
2023-03-02 00:00:00-05:00,16.34032828179212,16.407239281525325,16.224216085514477,16.401334762573242,3421500,0.0,0.0
2023-03-03 00:00:00-05:00,16.584358315906822,16.907109877598387,16.584358315906822,16.873655319213867,3686000,0.0,0.0
2023-03-06 00:00:00-05:00,17.08423286985139,17.279065113907915,17.001577107554773,17.029129028320312,3594000,0.0,0.0
2023-03-07 00:00:00-05:00,17.373529189630485,17.446344709067013,17.14917623547415,17.172792434692383,5957000,0.0,0.0
2023-03-08 00:00:00-05:00,17.29284046097878,17.369593578127667,17.23576969960787,17.330232620239258,3103500,0.0,0.0
2023-03-09 00:00:00-05:00,17.28496833921628,17.424696731281674,16.99370439428436,17.035032272338867,3034000,0.0,0.0
2023-03-10 00:00:00-05:00,16.962219388577505,16.962219388577505,16.5981379932663,16.68079376220703,4480000,0.0,0.0
2023-03-13 00:00:00-04:00,16.7319619761466,16.991738323816463,16.619785484773885,16.838233947753906,3992500,0.0,0.0
2023-03-14 00:00:00-04:00,16.700471853171585,16.81461524963379,16.64536801509785,16.81461524963379,3577000,0.0,0.0
2023-03-15 00:00:00-04:00,16.413145754994186,16.48399436035476,16.208473257397397,16.480056762695312,3472500,0.0,0.0
2023-03-16 00:00:00-04:00,16.631593362977934,17.017322136649682,16.572551923114535,17.001577377319336,4366500,0.0,0.0
2023-03-17 00:00:00-04:00,17.170824755283597,17.214119554578595,16.960247770226353,17.02716064453125,4076000,0.0,0.0
2023-03-20 00:00:00-04:00,17.223960529729915,17.546714000710686,17.18656837075552,17.401081085205078,5405500,0.0,0.0
2023-03-21 00:00:00-04:00,17.530972471957007,17.652989210755578,17.458156939206624,17.588045120239258,3523000,0.0,0.0
2023-03-22 00:00:00-04:00,17.497512775955038,17.529000415874616,17.206248822239868,17.20821762084961,3929500,0.0,0.0
2023-03-23 00:00:00-04:00,17.381401290198973,17.597882811777822,17.259386445912643,17.37156105041504,4676500,0.0,0.0
2023-03-24 00:00:00-04:00,17.37746289320415,17.40304788806858,17.113750888846276,17.225927352905273,5536500,0.0,0.0
2023-03-27 00:00:00-04:00,17.145240323773013,17.202312960983082,16.98976904722427,17.0507755279541,4234000,0.0,0.0
2023-03-28 00:00:00-04:00,16.946473121921258,17.056680804046273,16.873657600064917,16.889400482177734,3280500,0.0,0.0
2023-03-29 00:00:00-04:00,17.107848954654038,17.32236167690576,17.070456794319632,17.2928409576416,4786000,0.0,0.0
2023-03-30 00:00:00-04:00,17.513187011146037,17.677064998456046,17.485545122487718,17.63362693786621,5894500,0.0572,0.0
2023-03-31 00:00:00-04:00,17.72445061494936,17.95150951104075,17.720502042933507,17.8981990814209,6107000,0.0,0.0
2023-04-03 00:00:00-04:00,17.850815567713518,18.04233356297096,17.850815567713518,18.03246307373047,4395500,0.0,0.0
2023-04-04 00:00:00-04:00,17.923868837220247,17.996922131864284,17.84094317038716,17.969280242919922,4048500,0.0,0.0
2023-04-05 00:00:00-04:00,17.750119869553274,17.773813188074623,17.675091341396094,17.700759887695312,3222000,0.0,0.0
2023-04-06 00:00:00-04:00,17.424338830539327,17.442108348421428,17.22097322284402,17.408544540405273,3979500,0.0,0.0
2023-04-10 00:00:00-04:00,17.327591852319383,17.47764890324403,17.32166805216116,17.47567367553711,2248000,0.0,0.0
2023-04-11 00:00:00-04:00,17.619805500608077,17.669167359661596,17.53885506450013,17.554649353027344,2217000,0.0,0.0
2023-04-12 00:00:00-04:00,17.76986359386782,17.848840690077623,17.62967891857699,17.6592960357666,2099000,0.0,0.0
2023-04-13 00:00:00-04:00,17.78960770755051,17.93374095009414,17.758017246779804,17.866609573364258,3423500,0.0,0.0
2023-04-14 00:00:00-04:00,17.93768961309401,18.05812953992849,17.850815374794333,17.939664840698242,3642000,0.0,0.0
2023-04-17 00:00:00-04:00,17.87845684286344,18.01271771088152,17.838967355407437,17.99692153930664,3864000,0.0,0.0
2023-04-18 00:00:00-04:00,18.07985007412691,18.13710908684473,17.965333931653962,18.028514862060547,4334500,0.0,0.0
2023-04-19 00:00:00-04:00,17.967305711746178,17.99099902684277,17.913995282038265,17.961381912231445,2111500,0.0,0.0
2023-04-20 00:00:00-04:00,17.961381264610868,18.22003061089274,17.951508893429722,18.04233169555664,3041000,0.0,0.0
2023-04-21 00:00:00-04:00,18.139080643891322,18.23977581977487,18.087745442213716,18.174619674682617,3029000,0.0,0.0
2023-04-24 00:00:00-04:00,18.137107489739773,18.170673179858746,18.046284674907582,18.0778751373291,2564500,0.0,0.0
2023-04-25 00:00:00-04:00,18.058129410080333,18.12526078666722,17.878457134922677,17.919919967651367,4112500,0.0,0.0
2023-04-26 00:00:00-04:00,18.269393954533747,18.764974600633046,18.269393954533747,18.522119522094727,8926500,0.0,0.0
2023-04-27 00:00:00-04:00,18.5714795527246,18.786692721691097,18.496451039398217,18.774845123291016,6336000,0.0,0.0
2023-04-28 00:00:00-04:00,18.071951704515744,18.10156882280432,17.483571091994857,17.704708099365234,11675000,0.0,0.0
2023-05-01 00:00:00-04:00,18.184493361736724,18.265445683572064,18.016666801147263,18.20226287841797,5334000,0.0,0.0
2023-05-02 00:00:00-04:00,17.99494921213278,18.046284418950595,17.795530301944815,18.03838539123535,3864500,0.0,0.0
2023-05-03 00:00:00-04:00,18.0916938225995,18.397729801952472,18.068000508002115,18.324676513671875,3734500,0.0,0.0
2023-05-04 00:00:00-04:00,18.310858069788594,18.441170376380363,18.26149620640532,18.29703712463379,2730500,0.0,0.0
2023-05-05 00:00:00-04:00,18.364165400212094,18.57543001891133,18.326651139723094,18.531991958618164,3333000,0.0,0.0
2023-05-08 00:00:00-04:00,18.218059371732824,18.263470778044073,18.125261331460926,18.251625061035156,5141500,0.0,0.0
2023-05-09 00:00:00-04:00,18.326652336442734,18.577406459593934,18.326652336442734,18.539892196655273,4330000,0.0,0.0
2023-05-10 00:00:00-04:00,18.36219306595396,18.46486348105087,18.24372647816424,18.447093963623047,3778000,0.0,0.0
2023-05-11 00:00:00-04:00,18.482631188314798,18.482631188314798,18.29308654937753,18.403654098510742,2310000,0.0,0.0
2023-05-12 00:00:00-04:00,18.72548579852104,18.82420762909811,18.636636339297905,18.69389533996582,2854000,0.0,0.0
2023-05-15 00:00:00-04:00,18.682048862184523,18.780770698685462,18.672176490238186,18.69192123413086,2693500,0.0,0.0
2023-05-16 00:00:00-04:00,18.539890921445334,18.610968986998074,18.46881097293017,18.522119522094727,2520000,0.0,0.0
2023-05-17 00:00:00-04:00,18.86567238369194,18.932801879600074,18.75905339833932,18.82025909423828,4610500,0.0,0.0
2023-05-18 00:00:00-04:00,19.560670260052813,19.57646643257282,19.4185122392228,19.525131225585938,9050500,0.0,0.0
2023-05-19 00:00:00-04:00,19.36125367456015,19.446154573240396,19.274379431121385,19.351381301879883,3557000,0.0,0.0
2023-05-22 00:00:00-04:00,19.373101938390324,19.446155239170928,19.242789627288374,19.270431518554688,4430000,0.0,0.0
2023-05-23 00:00:00-04:00,18.869622448009252,18.869622448009252,18.670205406249767,18.751155853271484,4903000,0.0,0.0
2023-05-24 00:00:00-04:00,18.64651005885921,18.745231896574214,18.561609165446562,18.60504722595215,3286500,0.0,0.0
2023-05-25 00:00:00-04:00,18.847902174984757,18.865673576135553,18.6781022553434,18.764976501464844,3072500,0.0,0.0
2023-05-26 00:00:00-04:00,18.873569193278644,19.078910015633976,18.83013113225349,18.950571060180664,3112500,0.0,0.0
2023-05-30 00:00:00-04:00,18.972291840377448,18.99795850278401,18.70771865659902,18.709692001342773,3825500,0.0,0.0
2023-05-31 00:00:00-04:00,18.601095719875147,18.656381376923605,18.336522565479108,18.50040054321289,3200500,0.0,0.0
2023-06-01 00:00:00-04:00,18.992035109409496,19.16183500933876,18.986111309713596,19.0848331451416,4843500,0.0,0.0
2023-06-02 00:00:00-04:00,19.359280329801628,19.5192078715193,19.3355870119615,19.351381301879883,3382000,0.0,0.0
2023-06-05 00:00:00-04:00,19.544876269318276,19.56659435927314,19.42640968101326,19.448129653930664,3362000,0.0,0.0
2023-06-06 00:00:00-04:00,19.546847703535544,19.791678001115127,19.505384872422038,19.75416374206543,3770500,0.0,0.0
2023-06-07 00:00:00-04:00,19.408639521942618,19.507361361773057,19.27635199295508,19.286224365234375,3680500,0.0,0.0
2023-06-08 00:00:00-04:00,18.9959864755461,19.23291778564453,18.938727463642778,19.23291778564453,3430500,0.0,0.0
2023-06-09 00:00:00-04:00,19.456024039285765,19.556719212841024,19.34940506641482,19.436279296875,2584000,0.0,0.0
2023-06-12 00:00:00-04:00,19.509334358413383,19.65544282939292,19.448128664113625,19.596210479736328,5969500,0.0,0.0
2023-06-13 00:00:00-04:00,19.78970409045389,19.929888764340195,19.752189828907905,19.78180694580078,3103500,0.0,0.0
2023-06-14 00:00:00-04:00,19.88447735782639,19.92001639172729,19.64754607157458,19.718626022338867,2575500,0.0,0.0
2023-06-15 00:00:00-04:00,19.505387805918712,19.694934357186984,19.458001168101642,19.67913818359375,2950500,0.0,0.0
2023-06-16 00:00:00-04:00,19.444177657835844,19.479718572992493,19.242787298118536,19.26450538635254,3890000,0.0,0.0
2023-06-20 00:00:00-04:00,19.151964102478594,19.15393933018245,18.99598513460031,19.015727996826172,2546000,0.0,0.0
2023-06-21 00:00:00-04:00,18.774845772328426,18.841977144350277,18.612943024640916,18.69389533996582,2798000,0.0,0.0
2023-06-22 00:00:00-04:00,18.47868412859098,18.57345551433467,18.421425121834115,18.52409553527832,3509500,0.0,0.0
2023-06-23 00:00:00-04:00,18.014690293402097,18.064052150633945,17.927816060821293,17.99494743347168,5750500,0.0,0.0
2023-06-26 00:00:00-04:00,17.894251694177104,17.998897332856263,17.807377455189425,17.84291648864746,3473500,0.0,0.0
2023-06-27 00:00:00-04:00,17.730373344790248,17.844891353314637,17.615857219228282,17.78368377685547,6568500,0.0,0.0
2023-06-28 00:00:00-04:00,17.90807148766929,18.07589803792367,17.88042960054238,18.02456283569336,4039500,0.0,0.0
2023-06-29 00:00:00-04:00,17.791581939976528,17.82909620243945,17.686938180396417,17.761966705322266,3323500,0.0,0.0
2023-06-30 00:00:00-04:00,17.779736687094974,17.925845168339798,17.76986431429819,17.777761459350586,4697000,0.0,0.0
2023-07-03 00:00:00-04:00,18.07392577949634,18.18449333464823,18.034436290963548,18.075899124145508,3798500,0.0,0.0
2023-07-05 00:00:00-04:00,18.052204132080078,18.119335503169957,17.99297178774107,18.052204132080078,4176500,0.0,0.0
2023-07-06 00:00:00-04:00,17.9001752617292,17.935714294725937,17.7382725026872,17.866609573364258,3798500,0.0,0.0
2023-07-07 00:00:00-04:00,17.896225472388025,18.13710530845586,17.896225472388025,17.975202560424805,3630000,0.0,0.0
2023-07-10 00:00:00-04:00,17.848841495758244,17.941639540919518,17.848841495758244,17.913997650146484,3361000,0.0,0.0
2023-07-11 00:00:00-04:00,17.75406574098097,17.848839000647246,17.62967724989073,17.698781967163086,6809500,0.0,0.0
2023-07-12 00:00:00-04:00,17.70076101858683,18.269396933503877,17.69878579068277,18.014694213867188,11568500,0.0,0.0
2023-07-13 00:00:00-04:00,18.492504289101895,18.58530232620679,18.437220512355353,18.522119522094727,7519500,0.0,0.0
2023-07-14 00:00:00-04:00,18.405628732185342,18.405628732185342,18.231880252224457,18.24175262451172,4578500,0.0,0.0
2023-07-17 00:00:00-04:00,18.2693925502646,18.616891355802117,18.23780209211797,18.474733352661133,3848500,0.0,0.0
2023-07-18 00:00:00-04:00,18.729434506815668,18.840002054044987,18.674150733201007,18.77682113647461,4835500,0.0,0.0
2023-07-19 00:00:00-04:00,18.70969062103561,18.757077252865283,18.585302124704516,18.672176361083984,2695500,0.0,0.0
2023-07-20 00:00:00-04:00,18.41945145676235,18.531992357690402,18.397731484666828,18.41155242919922,3253500,0.0,0.0
2023-07-21 00:00:00-04:00,18.524096533813545,18.551738424849127,18.41747754225307,18.43919563293457,2128500,0.0,0.0
2023-07-24 00:00:00-04:00,18.43919559008403,18.543841236591692,18.41352892688032,18.49250602722168,1931000,0.0,0.0
2023-07-25 00:00:00-04:00,18.368116045461036,18.518171206007363,18.322702757109074,18.498428344726562,2186500,0.0,0.0
2023-07-26 00:00:00-04:00,18.43919415186304,18.573455023675002,18.401679890904738,18.508298873901367,1873500,0.0,0.0
2023-07-27 00:00:00-04:00,18.697846993198077,18.794593612262652,18.47868520872622,18.512250900268555,3430500,0.0,0.0
2023-07-28 00:00:00-04:00,18.514222737060706,18.593199831511946,18.441169442507984,18.45499038696289,3399000,0.0,0.0
2023-07-31 00:00:00-04:00,18.522118500438886,18.630712703322487,18.43721949538243,18.480655670166016,3224000,0.0,0.0
2023-08-01 00:00:00-04:00,18.460915733767283,18.543841407445356,18.41747766914241,18.458940505981445,2179500,0.0,0.0
2023-08-02 00:00:00-04:00,18.143031461662492,18.200290469880418,17.949536346943756,17.981128692626953,3337500,0.0,0.0
2023-08-03 00:00:00-04:00,17.773814032992494,17.809354953945345,17.675092181621,17.775789260864258,2859500,0.0,0.0
2023-08-04 00:00:00-04:00,17.98112721671804,18.03838433727369,17.781708318181888,17.807376861572266,2792500,0.0,0.0
2023-08-07 00:00:00-04:00,17.90017710908364,17.91399805478234,17.79355811612757,17.856739044189453,3268500,0.0,0.0
2023-08-08 00:00:00-04:00,17.787632049792848,17.884378657359548,17.655346410088857,17.734323501586914,4535000,0.0,0.0
2023-08-09 00:00:00-04:00,17.831070787768503,17.831070787768503,16.328530764575298,16.55558967590332,12284000,0.0,0.0
2023-08-10 00:00:00-04:00,17.167662884125143,17.17753525699651,16.843857338979717,16.869524002075195,8048000,0.0,0.0
2023-08-11 00:00:00-04:00,16.814239628814995,16.9386300162479,16.7095958693927,16.897165298461914,3878500,0.0,0.0
2023-08-14 00:00:00-04:00,16.502280910342556,16.585206585507187,16.368020024414676,16.57928466796875,5731500,0.0,0.0
2023-08-15 00:00:00-04:00,16.470688756100525,16.529921106146404,16.371966917382423,16.492406845092773,2851500,0.0,0.0
2023-08-16 00:00:00-04:00,16.334451836959392,16.42527652657208,16.219935714886727,16.23770523071289,4472500,0.0,0.0
2023-08-17 00:00:00-04:00,16.4864850697558,16.4864850697558,16.235730957050986,16.269296646118164,3496500,0.0,0.0
2023-08-18 00:00:00-04:00,16.19426919749991,16.38973766196133,16.142933988157644,16.320632934570312,3073000,0.0,0.0
2023-08-21 00:00:00-04:00,16.269295359301726,16.324579133175018,16.225859184379754,16.30483627319336,2875000,0.0,0.0
2023-08-22 00:00:00-04:00,16.31865788340029,16.350248343623974,16.148856099884092,16.170574188232422,3727000,0.0,0.0
2023-08-23 00:00:00-04:00,16.21006341194811,16.344324277935744,16.21006341194811,16.310758590698242,4388500,0.0,0.0
2023-08-24 00:00:00-04:00,16.235731205821953,16.263374978330972,15.9691846827609,16.002748489379883,4405000,0.0,0.0
2023-08-25 00:00:00-04:00,16.073828505276417,16.12911228459082,15.862565760462438,16.01262092590332,3599500,0.0,0.0
2023-08-28 00:00:00-04:00,16.137010217557574,16.23968062445112,16.137010217557574,16.204139709472656,2294000,0.0,0.0
2023-08-29 00:00:00-04:00,16.127137749099486,16.35617187717833,16.08172634558177,16.310758590698242,2694000,0.0,0.0
2023-08-30 00:00:00-04:00,16.289041326236188,16.358146048770468,16.227833748287978,16.259424209594727,2784500,0.0,0.0
2023-08-31 00:00:00-04:00,16.415407243779054,16.476614829890632,16.389738696007164,16.42527961730957,3285000,0.0,0.0
2023-09-01 00:00:00-04:00,16.940601442690383,16.974167128878776,16.731312064582344,16.833982467651367,5788000,0.0,0.0
2023-09-05 00:00:00-04:00,16.713543955843114,16.82016293985515,16.668132549922937,16.69182586669922,2591500,0.0,0.0
2023-09-06 00:00:00-04:00,16.944551467294495,16.997861900865395,16.851753427676154,16.881370544433594,4150000,0.0,0.0
2023-09-07 00:00:00-04:00,16.776724944091235,16.85372869465535,16.733288765633894,16.828060150146484,2974500,0.0,0.0
2023-09-08 00:00:00-04:00,16.634564927786315,16.713542013541744,16.593102098986886,16.62864112854004,2444500,0.0,0.0
2023-09-11 00:00:00-04:00,16.80239499367055,16.90703875983211,16.747111210345555,16.822139739990234,3137500,0.0,0.0
2023-09-12 00:00:00-04:00,16.822136946612986,16.910984524372804,16.77869888851526,16.86359977722168,1845500,0.0,0.0
2023-09-13 00:00:00-04:00,16.66023260877312,16.76882681446266,16.634565948734384,16.67010498046875,2816000,0.0,0.0
2023-09-14 00:00:00-04:00,16.96627074892727,17.155815392758203,16.938628860930308,17.078811645507812,3263500,0.0,0.0
2023-09-15 00:00:00-04:00,17.248612600167338,17.276254486836688,17.130146026611328,17.130146026611328,2451000,0.0,0.0
2023-09-18 00:00:00-04:00,17.053144166021653,17.15581456878276,16.989961365804344,17.130146026611328,2197000,0.0,0.0
2023-09-19 00:00:00-04:00,17.1025061732553,17.17161089814452,17.03735002079367,17.086711883544922,1815000,0.0,0.0
2023-09-20 00:00:00-04:00,16.91888398664158,16.974167762208793,16.737236488508266,16.75303077697754,2528000,0.0,0.0
2023-09-21 00:00:00-04:00,16.358147560252096,16.46871512652331,16.29496663180073,16.31668472290039,3546500,0.0,0.0
2023-09-22 00:00:00-04:00,16.38381502114657,16.413430255599266,16.255476061976506,16.265348434448242,2525000,0.0,0.0
2023-09-25 00:00:00-04:00,16.39763438151722,16.464763871690813,16.33445158039594,16.441070556640625,3040000,0.0,0.0
2023-09-26 00:00:00-04:00,16.26732580851579,16.308788648590376,16.00867451133114,16.052112579345703,2960500,0.0,0.0
2023-09-27 00:00:00-04:00,16.4272510305687,16.44699577530797,16.251527321499243,16.298913955688477,3669500,0.0,0.0
2023-09-28 00:00:00-04:00,16.186394354175928,16.477595574466775,16.184414485880897,16.398357391357422,4394500,0.0544,0.0
2023-09-29 00:00:00-04:00,16.404299977354015,16.45778475653009,16.257708495591892,16.325061798095703,3113500,0.0,0.0
2023-10-02 00:00:00-04:00,16.17648889830944,16.253745312779998,16.085363961839846,16.17450714111328,2367000,0.0,0.0
2023-10-03 00:00:00-04:00,16.142813566409842,16.25374663795023,16.00216546962663,16.08734703063965,2470000,0.0,0.0
2023-10-04 00:00:00-04:00,16.128948915402717,16.229976990949485,15.996224053358505,16.208187103271484,2569000,0.0,0.0
2023-10-05 00:00:00-04:00,16.374585515560348,16.473633715340853,16.2953473335734,16.41420555114746,2506000,0.0,0.0
2023-10-06 00:00:00-04:00,16.303270252444083,16.51127165665883,16.20422394387131,16.43599510192871,1901000,0.0,0.0
2023-10-09 00:00:00-04:00,16.325060472490353,16.56673661622586,16.30128883172441,16.540985107421875,1613000,0.0,0.0
2023-10-10 00:00:00-04:00,16.697480213470346,16.873784822861754,16.66380356390902,16.76087188720703,2145500,0.0,0.0
2023-10-11 00:00:00-04:00,16.905482870415796,17.032262449009757,16.903501112980837,16.92925262451172,3100500,0.0,0.0
2023-10-12 00:00:00-04:00,17.184795881446963,17.2878056973369,17.065937674963536,17.151119232177734,3946000,0.0,0.0
2023-10-13 00:00:00-04:00,16.986699948360613,17.00650996482815,16.81633871862638,16.867843627929688,2801000,0.0,0.0
2023-10-16 00:00:00-04:00,16.796529849176217,16.93123456981745,16.74106331062908,16.917367935180664,2426500,0.0,0.0
2023-10-17 00:00:00-04:00,16.818318818860693,17.111499887715098,16.81435719334994,16.978776931762695,2124500,0.0,0.0
2023-10-18 00:00:00-04:00,16.86190340175594,16.895580058217703,16.636073705799106,16.65984535217285,1929000,0.0,0.0
2023-10-19 00:00:00-04:00,16.669749234571288,16.822282223395597,16.580606038997054,16.608339309692383,2174500,0.0,0.0
2023-10-20 00:00:00-04:00,16.582587849438884,16.632111007499226,16.477596260623613,16.479578018188477,1717000,0.0,0.0
2023-10-23 00:00:00-04:00,16.364679755813864,16.566737771825235,16.25374668395946,16.463727951049805,1675500,0.0,0.0
2023-10-24 00:00:00-04:00,16.584564636580364,16.70540270671457,16.576641386167736,16.683612823486328,2458500,0.0,0.0
2023-10-25 00:00:00-04:00,16.596452115408944,16.669746907846655,16.303269167283872,16.382509231567383,3692500,0.0,0.0
2023-10-26 00:00:00-04:00,16.158660786496206,16.208185830768116,15.956604651266082,16.039804458618164,3165000,0.0,0.0
2023-10-27 00:00:00-04:00,15.958584432347255,16.035842745314486,15.772374800951535,15.855574607849121,3442500,0.0,0.0
2023-10-30 00:00:00-04:00,16.031880808568555,16.25374695599063,16.031880808568555,16.192337036132812,7206500,0.0,0.0
2023-10-31 00:00:00-04:00,16.406279844527976,16.49542303233641,16.352795065355245,16.45184326171875,3304000,0.0,0.0
2023-11-01 00:00:00-04:00,16.70738587026678,16.87972886096421,16.64399608325582,16.844072341918945,4083500,0.0,0.0
2023-11-02 00:00:00-04:00,16.966889546012098,17.192719194556783,16.966889546012098,17.147157669067383,4826500,0.0,0.0
2023-11-03 00:00:00-04:00,17.311578647718427,17.424491590932174,17.311578647718427,17.317520141601562,4672500,0.0,0.0
2023-11-06 00:00:00-05:00,17.09961589161697,17.29573053340055,17.09961589161697,17.172910690307617,5646500,0.0,0.0
2023-11-07 00:00:00-05:00,17.234321226221862,17.44232264175172,17.208569713564508,17.38487434387207,3626500,0.0,0.0
2023-11-08 00:00:00-05:00,17.55919783662492,17.60277760707768,17.279881508315558,17.341291427612305,6880000,0.0,0.0
2023-11-09 00:00:00-05:00,16.96094912152082,16.96094912152082,16.000184065202507,16.190357208251953,17590500,0.0,0.0
2023-11-10 00:00:00-05:00,16.90944497112962,17.09169298196235,16.61428212382651,17.02433967590332,9445500,0.0,0.0
2023-11-13 00:00:00-05:00,16.554854155777985,16.560795649946037,16.344872872698595,16.50731086730957,5548500,0.0,0.0
2023-11-14 00:00:00-05:00,16.715310889378348,16.905484048900828,16.70342601150189,16.85199737548828,3248000,0.0,0.0
2023-11-15 00:00:00-05:00,17.35714108345287,17.474017547612196,17.228377852531665,17.258092880249023,5551000,0.0,0.0
2023-11-16 00:00:00-05:00,17.172909893729194,17.359119517994845,17.14715838318433,17.353178024291992,2913500,0.0,0.0
2023-11-17 00:00:00-05:00,17.349216251907592,17.371006136737048,17.234319666546227,17.363082885742188,2147000,0.0,0.0
2023-11-20 00:00:00-05:00,17.230358354914802,17.357139819077894,17.18875845265324,17.341291427612305,2465000,0.0,0.0
2023-11-21 00:00:00-05:00,17.307618922996156,17.329408811064447,17.17687392702405,17.19272232055664,2705000,0.0,0.0
2023-11-22 00:00:00-05:00,17.30959828992925,17.43043638340339,17.24818836440246,17.351198196411133,2349500,0.0,0.0
2023-11-24 00:00:00-05:00,17.079806020571628,17.19074098747331,17.04216774217749,17.163005828857422,1949000,0.0,0.0
2023-11-27 00:00:00-05:00,17.097633362354884,17.25809147627534,17.067920226242084,17.224414825439453,2824000,0.0,0.0
2023-11-28 00:00:00-05:00,17.174890839914607,17.355157072776205,17.115462681382564,17.27988052368164,5846500,0.0,0.0
2023-11-29 00:00:00-05:00,17.214510450525847,17.250168860035554,17.044149211089703,17.056034088134766,3034500,0.0,0.0
2023-11-30 00:00:00-05:00,17.157062586103734,17.166967594059713,16.99066109730524,17.02631950378418,4065000,0.0,0.0
2023-12-01 00:00:00-05:00,16.91142614449706,17.107540805336534,16.91142614449706,17.063961029052734,3241500,0.0,0.0
2023-12-04 00:00:00-05:00,16.891616655531617,16.943121569060054,16.762853427116877,16.901519775390625,5139000,0.0,0.0
2023-12-05 00:00:00-05:00,17.012455333553113,17.17291157378442,17.008493707634575,17.11546516418457,4086500,0.0,0.0
2023-12-06 00:00:00-05:00,17.630512139857164,17.737485483845283,17.511655807495117,17.511655807495117,10883000,0.0,0.0
2023-12-07 00:00:00-05:00,17.428455663008144,17.555237133835423,17.30761757544127,17.533445358276367,4265500,0.0,0.0
2023-12-08 00:00:00-05:00,17.505711643361973,17.725597926530856,17.505711643361973,17.68994140625,3239500,0.0,0.0
2023-12-11 00:00:00-05:00,17.68796145242779,17.759276389448615,17.6523049285111,17.695884704589844,3585500,0.0,0.0
2023-12-12 00:00:00-05:00,17.711729940554005,17.935577832318987,17.668148283057302,17.90586280822754,3447000,0.0,0.0
2023-12-13 00:00:00-05:00,17.94350262577377,18.197065563430453,17.78700801948649,18.183198928833008,7517000,0.0,0.0
2023-12-14 00:00:00-05:00,18.086132503461208,18.33573192644723,18.054437608521482,18.307998657226562,6704000,0.0,0.0
2023-12-15 00:00:00-05:00,18.472419518510502,18.561562714721703,18.34959966787509,18.361486434936523,3513000,0.0,0.0
2023-12-18 00:00:00-05:00,18.139616016114758,18.306017508991143,18.10990288070576,18.26639747619629,4349500,0.0,0.0
2023-12-19 00:00:00-05:00,18.15744792221056,18.355542437800967,18.11584801726096,18.14952278137207,5179000,0.0,0.0
2023-12-20 00:00:00-05:00,18.206969963864417,18.224798223581445,17.84445571899414,17.84445571899414,3922000,0.0,0.0
2023-12-21 00:00:00-05:00,18.24064813253356,18.401104372522322,18.09405663864504,18.37535285949707,3759000,0.0,0.0
2023-12-22 00:00:00-05:00,18.17527463166282,18.2842259447224,18.127731347439248,18.252531051635742,2659500,0.0,0.0
2023-12-26 00:00:00-05:00,18.270359170132203,18.551655358631358,18.266397544675293,18.51599884033203,3302000,0.0,0.0
2023-12-27 00:00:00-05:00,18.54571416044651,18.63089383209471,18.514017377912058,18.622970581054688,2927000,0.0,0.0
2023-12-28 00:00:00-05:00,18.617027199220445,18.787390320900716,18.60316056530604,18.749752044677734,2228500,0.0,0.0
2023-12-29 00:00:00-05:00,18.739846911582436,18.801256829705352,18.68239861895339,18.757675170898438,1512500,0.0,0.0
2024-01-02 00:00:00-05:00,18.52194272689211,18.620989033570247,18.414969390710247,18.482322692871094,3337500,0.0,0.0
2024-01-03 00:00:00-05:00,18.34365528069725,18.38327342321692,18.266396974543895,18.300073623657227,2849000,0.0,0.0
2024-01-04 00:00:00-05:00,18.02076123918444,18.191122482903413,17.971236193950148,18.03660774230957,4555000,0.0,0.0
2024-01-05 00:00:00-05:00,18.016801011141535,18.28422871940446,17.993029365422338,18.07028579711914,3612000,0.0,0.0
2024-01-08 00:00:00-05:00,18.0683024221498,18.323845202553617,18.0683024221498,18.304035186767578,2077000,0.0,0.0
2024-01-09 00:00:00-05:00,18.250551286154252,18.30007443880655,18.195084750643783,18.24658966064453,2647000,0.0,0.0
2024-01-10 00:00:00-05:00,18.840876326861334,19.08651601699326,18.832953075304598,19.04689598083496,5481000,0.0,0.0
2024-01-11 00:00:00-05:00,19.472800343744677,19.522323495737364,19.09047609393465,19.27668571472168,6116500,0.0,0.0
2024-01-12 00:00:00-05:00,19.764001908733896,19.983888183782792,19.700610232679995,19.760040283203125,7613500,0.0,0.0
2024-01-16 00:00:00-05:00,19.530248008771,19.617409433586968,19.43714320136685,19.445066452026367,4267000,0.0,0.0
2024-01-17 00:00:00-05:00,19.22716417070771,19.34998212689331,19.219239029943857,19.296497344970703,4046500,0.0,0.0
2024-01-18 00:00:00-05:00,19.231124482487893,19.40148571486705,19.21527609123038,19.383657455444336,3300000,0.0,0.0
2024-01-19 00:00:00-05:00,19.44902933300661,19.631277334251283,19.401486047605875,19.61543083190918,2180000,0.0,0.0
2024-01-22 00:00:00-05:00,19.773907381264294,19.87493544682533,19.67882080954528,19.728343963623047,2871500,0.0,0.0
2024-01-23 00:00:00-05:00,19.587696473497886,19.611468117167995,19.458935135373142,19.56194496154785,2709500,0.0,0.0
2024-01-24 00:00:00-05:00,19.579773715602897,19.76400348639379,19.37177418972996,19.40346908569336,2930000,0.0,0.0
2024-01-25 00:00:00-05:00,19.264803610878854,19.348003425010248,19.16773527187147,19.219240188598633,2746500,0.0,0.0
2024-01-26 00:00:00-05:00,18.878514970260426,18.979544930903558,18.7933352914116,18.896343231201172,4490500,0.0,0.0
2024-01-29 00:00:00-05:00,19.19546605128443,19.274704229101985,19.114248005304063,19.25885772705078,3055000,0.0,0.0
2024-01-30 00:00:00-05:00,19.41535369776573,19.454973734068755,19.276687349079776,19.29451560974121,2373000,0.0,0.0
2024-01-31 00:00:00-05:00,19.66495394669616,19.704572091660435,19.340076089890495,19.363847732543945,4626500,0.0,0.0
2024-02-01 00:00:00-05:00,19.41931657207343,19.619392836915868,19.375734911415393,19.589677810668945,3121000,0.0,0.0
2024-02-02 00:00:00-05:00,19.395545909107174,19.563927287974742,19.373754133083235,19.524307250976562,2028500,0.0,0.0
2024-02-05 00:00:00-05:00,19.294515042605877,19.365829972342727,19.193486975702445,19.3321533203125,2576500,0.0,0.0
2024-02-06 00:00:00-05:00,19.098398488049714,19.21131330984954,19.042931955766377,19.207351684570312,3756500,0.0,0.0
2024-02-07 00:00:00-05:00,19.266782760620117,19.34800270330205,19.20735459405551,19.266782760620117,2948500,0.0,0.0
2024-02-08 00:00:00-05:00,19.05085687042715,19.11028692236803,18.912190527606224,19.096420288085938,3142500,0.0,0.0
2024-02-09 00:00:00-05:00,18.999353153617232,19.074629712792674,18.937945118783176,19.017183303833008,4098000,0.0,0.0
2024-02-12 00:00:00-05:00,19.06274244212911,19.31828522622748,18.995389143157638,19.04887580871582,4909000,0.0,0.0
2024-02-13 00:00:00-05:00,19.205371309523954,19.25489635204624,18.90228522819894,18.98944854736328,5579000,0.0,0.0
2024-02-14 00:00:00-05:00,18.854742791755317,18.902286079041883,17.699846708121235,18.175275802612305,16785500,0.0,0.0
2024-02-15 00:00:00-05:00,18.076226892785304,18.260456651492703,18.002932096454664,18.22281837463379,7377000,0.0,0.0
2024-02-16 00:00:00-05:00,17.86426372204534,17.878130356082465,17.571082649894503,17.59881591796875,7168500,0.0,0.0
2024-02-20 00:00:00-05:00,17.485900224306096,17.54731014034681,17.353177273419366,17.402700424194336,4595500,0.0,0.0
2024-02-21 00:00:00-05:00,17.404683145593868,17.412606396751865,17.186776736064097,17.2125301361084,5795500,0.0,0.0
2024-02-22 00:00:00-05:00,17.481939106601814,17.6384355925645,17.404682686879486,17.495805740356445,8606500,0.0,0.0
2024-02-23 00:00:00-05:00,17.49382711088642,17.545332024077236,17.367045640786937,17.414588928222656,6012000,0.0,0.0
2024-02-26 00:00:00-05:00,17.147159139086348,17.15310252223839,17.020377670570603,17.050092697143555,8274000,0.0,0.0
2024-02-27 00:00:00-05:00,17.07188151092818,17.083766387298574,16.89161527292737,16.994625091552734,4384000,0.0,0.0
2024-02-28 00:00:00-05:00,16.90151834857069,16.933215130517976,16.816338678500397,16.869823455810547,2902500,0.0,0.0
2024-02-29 00:00:00-05:00,17.077824831069883,17.135271233763486,16.960948379180824,16.998586654663086,5734000,0.0,0.0
2024-03-01 00:00:00-05:00,17.357140297864635,17.521560043255118,17.287807125516178,17.436378479003906,5830000,0.0,0.0
2024-03-04 00:00:00-05:00,17.161024533703277,17.220452693368006,17.067919724193253,17.131309509277344,2808500,0.0,0.0
2024-03-05 00:00:00-05:00,17.059997014597425,17.137253435693886,16.949062053400056,16.9688720703125,2682000,0.0,0.0
2024-03-06 00:00:00-05:00,17.18677709267343,17.254130396475542,17.11348229497315,17.188758850097656,3677500,0.0,0.0
2024-03-07 00:00:00-05:00,17.27591988328793,17.299691525893458,17.192720078762193,17.214509963989258,5442500,0.0,0.0
2024-03-08 00:00:00-05:00,17.36308419217041,17.432417366560134,17.234320963286088,17.275920867919922,3317000,0.0,0.0
2024-03-11 00:00:00-04:00,17.133290433179035,17.22045185572672,17.1015955421787,17.18677520751953,2774500,0.0,0.0
2024-03-12 00:00:00-04:00,17.3254461998766,17.475997428532533,17.24818788343077,17.382892608642578,2401500,0.0,0.0
2024-03-13 00:00:00-04:00,17.394777213666874,17.464110380586874,17.349215688146177,17.400720596313477,2212500,0.0,0.0
2024-03-14 00:00:00-04:00,17.428454153224646,17.475995547627594,17.196681118019757,17.25412940979004,3240000,0.0,0.0
2024-03-15 00:00:00-04:00,17.303653632267533,17.36704531070609,17.258092103168956,17.30959701538086,2803000,0.0,0.0
2024-03-18 00:00:00-04:00,17.608722265705136,17.73352198153105,17.608722265705136,17.636455535888672,4409500,0.0,0.0
2024-03-19 00:00:00-04:00,17.630510330200195,17.6701303630457,17.541367145484955,17.630510330200195,3201000,0.0,0.0
2024-03-20 00:00:00-04:00,17.580987243408718,17.77710187267076,17.501749066611545,17.75333023071289,2915000,0.0,0.0
2024-03-21 00:00:00-04:00,17.610703041053366,17.74540775860178,17.559198129415392,17.575044631958008,3003000,0.0,0.0
2024-03-22 00:00:00-04:00,17.57900466071229,17.60079643350967,17.50373000209836,17.555234909057617,1495500,0.0,0.0
2024-03-25 00:00:00-04:00,17.087729379260615,17.12932927906526,16.982737806524774,17.02829933166504,3617500,0.0,0.0
2024-03-26 00:00:00-04:00,17.1550823452892,17.258092170112576,17.125369207981823,17.17885398864746,2844000,0.0,0.0
2024-03-27 00:00:00-04:00,17.271670759540495,17.271670759540495,17.12459441665497,17.20012092590332,3276000,0.0574,0.0
2024-03-28 00:00:00-04:00,17.13055781077475,17.162357947955066,17.039130283988527,17.041118621826172,3305000,0.0,0.0
2024-04-01 00:00:00-04:00,17.092794612346644,17.16036966714685,17.05105657675997,17.1265811920166,1990000,0.0,0.0
2024-04-02 00:00:00-04:00,16.993417533986403,16.993417533986403,16.82845183393449,16.95962905883789,2704500,0.0,0.0
2024-04-03 00:00:00-04:00,16.979504034733264,17.130557048947505,16.975529254695026,17.04707908630371,4699500,0.0,0.0
2024-04-04 00:00:00-04:00,17.110682500081094,17.11266894251486,16.79863855108956,16.804601669311523,3038500,0.0,0.0
2024-04-05 00:00:00-04:00,16.794662755314413,16.933791431139607,16.75292472120492,16.858264923095703,2056500,0.0,0.0
2024-04-08 00:00:00-04:00,16.812550620299636,16.846339095051725,16.721124989693088,16.758888244628906,2755500,0.0,0.0
2024-04-09 00:00:00-04:00,16.86820349627725,16.919877534943982,16.739012713229517,16.82248878479004,2567500,0.0,0.0
2024-04-10 00:00:00-04:00,16.71913631126636,16.778763699188346,16.661499156586096,16.72112464904785,2193500,0.0,0.0
2024-04-11 00:00:00-04:00,16.744975703365142,16.756900044013964,16.580010003897936,16.707212448120117,1914000,0.0,0.0
2024-04-12 00:00:00-04:00,16.76087530372278,16.808576458603262,16.63367475132195,16.693300247192383,3887000,0.0,0.0
2024-04-15 00:00:00-04:00,16.605846470992972,16.629697046958018,16.32162979264485,16.357404708862305,3957000,0.0,0.0
2024-04-16 00:00:00-04:00,16.595910268892943,16.621747286859172,16.47665739050213,16.490570068359375,4266000,0.0,0.0
2024-04-17 00:00:00-04:00,16.35343075763431,16.35343075763431,16.17057759627474,16.214303970336914,2900000,0.0,0.0
2024-04-18 00:00:00-04:00,16.31169285215349,16.41106994193095,16.267968373201263,16.273929595947266,2239500,0.0,0.0
2024-04-19 00:00:00-04:00,16.200391295476532,16.329580184360637,16.13679101997119,16.158653259277344,2989000,0.0,0.0
2024-04-22 00:00:00-04:00,16.146726885362465,16.244117531124303,16.07716349228994,16.210329055786133,3056000,0.0,0.0
2024-04-23 00:00:00-04:00,16.128838271425472,16.27790294525706,16.1049876961572,16.2600154876709,4045000,0.0,0.0
2024-04-24 00:00:00-04:00,16.405105798074267,16.518395559610052,16.341505526050778,16.438894271850586,3223500,0.0,0.0
2024-04-25 00:00:00-04:00,16.15467672730351,16.395167019975226,16.12685137285455,16.385231018066406,2764500,0.0,0.0
2024-04-26 00:00:00-04:00,16.25604044146907,16.383242875663218,16.240139426397253,16.363367080688477,2203000,0.0,0.0
2024-04-29 00:00:00-04:00,16.470694407037488,16.522370338851566,16.39516789935075,16.494544982910156,3542500,0.0,0.0
2024-04-30 00:00:00-04:00,16.474668230975656,16.524357717601667,16.395166947834138,16.411067962646484,2321500,0.0,0.0
2024-05-01 00:00:00-04:00,16.45877128870096,16.667461473754308,16.40312057268673,16.47467041015625,1969500,0.0,0.0
2024-05-02 00:00:00-04:00,16.703235895733147,16.820500429243033,16.583983024595938,16.711185455322266,3285500,0.0,0.0
2024-05-03 00:00:00-04:00,16.943727434723886,17.007329602509287,16.735037264162933,16.802614212036133,3156000,0.0,0.0
2024-05-06 00:00:00-04:00,16.896028311850337,16.919876992565744,16.794662889238783,16.862239837646484,3732500,0.0,0.0
2024-05-07 00:00:00-04:00,16.345480715808534,16.363368174297214,16.216291830758948,16.22821617126465,4730000,0.0,0.0
2024-05-08 00:00:00-04:00,15.554442063305936,15.671706603815341,15.435189185050529,15.5723295211792,8584000,0.0,0.0
2024-05-09 00:00:00-04:00,15.274198949130753,15.403388775166208,15.230473526368785,15.39742660522461,8243500,0.0,0.0
2024-05-10 00:00:00-04:00,15.081408848059198,15.091346746313327,14.928369384958206,14.980045318603516,10575500,0.0,0.0
2024-05-13 00:00:00-04:00,15.214573990566175,15.282149990916581,15.099296838095425,15.135071754455566,7600000,0.0,0.0
2024-05-14 00:00:00-04:00,15.721393812874114,16.267966806274178,15.701518965471063,16.144739151000977,17271000,0.0,0.0
2024-05-15 00:00:00-04:00,16.436908299677707,16.59988565992709,16.419018945665478,16.591934204101562,10085000,0.0,0.0
2024-05-16 00:00:00-04:00,16.675410595935677,16.772799335329367,16.558146062044475,16.574045181274414,5177500,0.0,0.0
2024-05-17 00:00:00-04:00,16.709197727841268,16.746960980458656,16.59590986544925,16.645597457885742,3842500,0.0,0.0
2024-05-20 00:00:00-04:00,16.645598278024064,16.695285872908695,16.595910683139437,16.613798141479492,3897000,0.0,0.0
2024-05-21 00:00:00-04:00,16.45876999583293,16.45876999583293,16.291815965444457,16.297779083251953,4444000,0.0,0.0
2024-05-22 00:00:00-04:00,16.244115481087,16.260014600091193,16.134800508362893,16.15070152282715,2983500,0.0,0.0
2024-05-23 00:00:00-04:00,16.28187940790328,16.28187940790328,16.041387216109516,16.059274673461914,3181500,0.0,0.0
2024-05-24 00:00:00-04:00,15.936047358199724,16.0553002355227,15.930086135928711,15.957911491394043,3700000,0.0,0.0
2024-05-28 00:00:00-04:00,16.007599078404436,16.053311891585494,15.854559623404286,15.874434471130371,2697000,0.0,0.0
2024-05-29 00:00:00-04:00,15.699532642707956,15.775058205249625,15.570342808750949,15.592205047607422,3792500,0.0,0.0
2024-05-30 00:00:00-04:00,15.9956752927618,16.15070309086437,15.93008668185149,16.057289123535156,5094000,0.0,0.0
2024-05-31 00:00:00-04:00,16.248091901247257,16.373306005617184,16.192441188193957,16.3653564453125,4841000,0.0,0.0
2024-06-03 00:00:00-04:00,16.52237162575283,16.675412990810937,16.496534605563493,16.615785598754883,4084500,0.0,0.0
2024-06-04 00:00:00-04:00,16.963602885277755,17.114655898300192,16.882115156486314,17.0987548828125,5656000,0.0,0.0
2024-06-05 00:00:00-04:00,17.170305999796188,17.233906268568877,17.066954141445486,17.219993591308594,3102500,0.0,0.0
2024-06-06 00:00:00-04:00,17.221983086903823,17.388935225252357,17.221983086903823,17.33725929260254,3188000,0.0,0.0
2024-06-07 00:00:00-04:00,17.074906089572856,17.096770225083116,16.971554216765547,16.98348045349121,2238000,0.0,0.0
2024-06-10 00:00:00-04:00,16.8940397026505,17.05701705768224,16.860251228989476,17.021242141723633,2429000,0.0,0.0
2024-06-11 00:00:00-04:00,16.85826423925584,16.911926611451182,16.740999701859167,16.894039154052734,3901000,0.0,0.0
2024-06-12 00:00:00-04:00,16.82646467044026,16.94174278246769,16.66547563484327,16.68733787536621,3970500,0.0,0.0
2024-06-13 00:00:00-04:00,16.729074955932404,16.7847256707753,16.64559888366806,16.71516227722168,2319500,0.0,0.0
2024-06-14 00:00:00-04:00,16.39715767476992,16.426971371089785,16.273930004533604,16.341506958007812,3336500,0.0,0.0
2024-06-17 00:00:00-04:00,16.045362277139706,16.166601596274678,16.01356214179384,16.12287712097168,3513500,0.0,0.0
2024-06-18 00:00:00-04:00,15.987723554636796,16.0175372483277,15.761144979420544,15.826733589172363,11213000,0.0,0.0
2024-06-20 00:00:00-04:00,15.999650340628884,16.12685278444109,15.997662002797012,16.06523895263672,4077500,0.0,0.0
2024-06-21 00:00:00-04:00,16.03145034586652,16.047351362009874,15.940024715557966,16.005613327026367,10343500,0.0,0.0
2024-06-24 00:00:00-04:00,16.053311837111128,16.19641528935777,16.023500039488205,16.12287712097168,2711000,0.0,0.0
2024-06-25 00:00:00-04:00,16.34547887468196,16.34547887468196,16.176538416055347,16.313678741455078,5581500,0.0,0.0
2024-06-26 00:00:00-04:00,16.409080650651838,16.488581938762604,16.34150559826081,16.468708038330078,4289000,0.0,0.0
2024-06-27 00:00:00-04:00,16.735037399587263,16.824476586397214,16.695285807467176,16.750938415527344,4038500,0.0,0.0
2024-06-28 00:00:00-04:00,16.780750004010134,16.94770403517937,16.780750004010134,16.88410186767578,3588000,0.0,0.0
2024-07-01 00:00:00-04:00,16.917890889207392,17.037141877014722,16.90596465315049,16.95565414428711,2806000,0.0,0.0
2024-07-02 00:00:00-04:00,17.07490573732332,17.22595876299635,17.01726857920625,17.22397232055664,4093000,0.0,0.0
2024-07-03 00:00:00-04:00,16.89801549021803,17.07291909130441,16.89801549021803,17.023229598999023,2657000,0.0,0.0
2024-07-05 00:00:00-04:00,17.106706956288825,17.269684315219667,17.106706956288825,17.25577163696289,3044000,0.0,0.0
2024-07-08 00:00:00-04:00,17.221983567895904,17.32732377393422,17.172295971654997,17.212045669555664,2170500,0.0,0.0
2024-07-09 00:00:00-04:00,17.90768282061336,17.995133669584018,17.83016797420689,17.975257873535156,5745500,0.0,0.0
2024-07-10 00:00:00-04:00,18.255502952850357,18.46816792004915,18.227675699149763,18.430404663085938,7300000,0.0,0.0
2024-07-11 00:00:00-04:00,19.076351644747568,19.118091574785844,18.94517442308511,19.00678825378418,6310000,0.0,0.0
2024-07-12 00:00:00-04:00,18.925301610129317,19.173743389540398,18.885550015602576,19.094242095947266,2768500,0.0,0.0
2024-07-15 00:00:00-04:00,19.07833998254377,19.128027577386117,18.976976455062868,19.00678825378418,2464000,0.0,0.0
2024-07-16 00:00:00-04:00,19.002813069173737,19.13200384575039,18.94318757754001,19.106164932250977,3258000,0.0,0.0
2024-07-17 00:00:00-04:00,18.91337367828664,19.141939639946834,18.89548622053709,19.072376251220703,3091500,0.0,0.0
2024-07-18 00:00:00-04:00,18.73648390696469,18.83188621022982,18.48207902856449,18.52381706237793,3312500,0.0,0.0
2024-07-19 00:00:00-04:00,18.440341337776513,18.529780524886256,18.368789608996668,18.450279235839844,7873500,0.0,0.0
2024-07-22 00:00:00-04:00,18.394628389012443,18.482079237688172,18.35289035472674,18.446304321289062,3446000,0.0,0.0
2024-07-23 00:00:00-04:00,18.319101738830952,18.34692709480601,18.209786757237385,18.219724655151367,2719000,0.0,0.0
2024-07-24 00:00:00-04:00,18.08656126357697,18.1064351642419,17.697004378640646,17.726816177368164,5220500,0.0,0.0
2024-07-25 00:00:00-04:00,17.261734131315755,17.35713453786136,17.092793660532276,17.0987548828125,6394500,0.0,0.0
2024-07-26 00:00:00-04:00,17.25577312858518,17.418750501604098,17.22198465119505,17.35515022277832,4810000,0.0,0.0
2024-07-29 00:00:00-04:00,17.261735716526776,17.27962317593049,17.168319848215596,17.17229652404785,2764000,0.0,0.0
2024-07-30 00:00:00-04:00,17.5002378079373,17.629426686381205,17.440610422076883,17.565826416015625,4232500,0.0,0.0
2024-07-31 00:00:00-04:00,17.681103096149915,17.681103096149915,17.54197631629116,17.60756492614746,3904500,0.0,0.0
2024-08-01 00:00:00-04:00,17.237883693034405,17.27763338887978,16.86422593751073,16.880126953125,5616000,0.0,0.0
2024-08-02 00:00:00-04:00,16.21629156206038,16.347468782750816,16.11691447765182,16.220266342163086,6846500,0.0,0.0
2024-08-05 00:00:00-04:00,15.99766205967716,16.41703264772818,15.856547884651096,16.373306274414062,8159500,0.0,0.0
2024-08-06 00:00:00-04:00,16.415044108188717,16.589947703835776,16.311692241960035,16.506471633911133,6560000,0.0,0.0
2024-08-07 00:00:00-04:00,17.291546419461966,17.585700998374723,16.806589126586914,16.806589126586914,5973000,0.0,0.0
2024-08-08 00:00:00-04:00,16.774787156726642,16.8244766470559,16.587959222193234,16.780750274658203,4911500,0.0,0.0
2024-08-09 00:00:00-04:00,16.721125525441945,16.782739358914522,16.623736773709314,16.77478790283203,2711000,0.0,0.0
2024-08-12 00:00:00-04:00,16.792675630653612,16.85627590039037,16.703236448207445,16.838388442993164,2481000,0.0,0.0
2024-08-13 00:00:00-04:00,17.365084745738283,17.722839561636675,17.365084745738283,17.700977325439453,5555500,0.0,0.0
2024-08-14 00:00:00-04:00,17.677129133488013,17.716878831517064,17.57178892710946,17.68706703186035,2468000,0.0,0.0
2024-08-15 00:00:00-04:00,17.43266139592377,17.605576650201172,17.422723497976072,17.58172607421875,3353000,0.0,0.0
2024-08-16 00:00:00-04:00,17.812279169046086,17.971281734493303,17.70892731195939,17.93550682067871,2949000,0.0,0.0
2024-08-19 00:00:00-04:00,17.98122120334692,18.195874495915607,17.973271643017785,18.176000595092773,3243500,0.0,0.0
2024-08-20 00:00:00-04:00,18.04084601739601,18.098485066262445,17.98519530626712,18.044822692871094,3695500,0.0,0.0
2024-08-21 00:00:00-04:00,18.201837205307953,18.47810432287659,18.189912865081922,18.44232940673828,4133000,0.0,0.0
2024-08-22 00:00:00-04:00,18.37077697878958,18.39462755379278,18.110410886906525,18.144197463989258,3159000,0.0,0.0
2024-08-23 00:00:00-04:00,18.20183639465263,18.38468953819621,18.132273007781727,18.36282730102539,2222000,0.0,0.0
2024-08-26 00:00:00-04:00,18.484067575470448,18.50592981377432,18.394628389012443,18.446304321289062,2116000,0.0,0.0
2024-08-27 00:00:00-04:00,18.931262832940046,19.112129555300157,18.845800316536188,19.094242095947266,4354000,0.0,0.0
2024-08-28 00:00:00-04:00,19.294981616219527,19.34466921107491,19.153866496459536,19.229393005371094,5290500,0.0,0.0
2024-08-29 00:00:00-04:00,19.195604933343223,19.31883259735625,19.14392899960811,19.241317749023438,3146000,0.0,0.0
2024-08-30 00:00:00-04:00,19.32479415336899,19.42218479992492,19.275106556614993,19.390382766723633,2005000,0.0,0.0
2024-09-03 00:00:00-04:00,19.161815990701886,19.263181413320353,18.957100598595552,18.97697639465332,4532000,0.0,0.0
2024-09-04 00:00:00-04:00,18.782197683695166,18.91337490967933,18.67487103474997,18.774248123168945,2766000,0.0,0.0
2024-09-05 00:00:00-04:00,18.742447302711547,18.81399713576118,18.678845134438248,18.754371643066406,2429500,0.0,0.0
2024-09-06 00:00:00-04:00,18.317113819417195,18.388665548755924,17.840106081412845,17.89774513244629,4865000,0.0,0.0
2024-09-09 00:00:00-04:00,18.066684784430784,18.166061865839414,18.003082618326783,18.09649658203125,2552500,0.0,0.0
2024-09-10 00:00:00-04:00,18.285313611344538,18.561580734021028,18.233637678489217,18.480093002319336,3474000,0.0,0.0
2024-09-11 00:00:00-04:00,18.476116927367944,18.651020527824432,18.3409649206126,18.637107849121094,2442000,0.0,0.0
2024-09-12 00:00:00-04:00,18.50791700435252,18.62518153973241,18.45624107527901,18.6072940826416,1897000,0.0,0.0
2024-09-13 00:00:00-04:00,18.57350628206684,18.637106553013258,18.52580513112694,18.571517944335938,1741000,0.0,0.0
2024-09-16 00:00:00-04:00,18.55363109941486,18.64108194871968,18.42046553993093,18.505929946899414,2483000,0.0,0.0
2024-09-17 00:00:00-04:00,18.174013770807996,18.185938112294753,17.91762242196875,17.99712371826172,3567500,0.0,0.0
2024-09-18 00:00:00-04:00,18.015008852971487,18.185935764982133,17.887806416229054,17.98519515991211,3752500,0.0,0.0
2024-09-19 00:00:00-04:00,18.43239258988419,18.597358293177628,18.408542012573072,18.529781341552734,2949000,0.0,0.0
2024-09-20 00:00:00-04:00,18.6708974320262,18.674872212539995,18.468168462139392,18.501956939697266,2927000,0.0,0.0
2024-09-23 00:00:00-04:00,18.523817265437863,18.742447230240387,18.476116113282394,18.724557876586914,2087500,0.0,0.0
2024-09-24 00:00:00-04:00,19.122066835429333,19.122066835429333,18.93722533868731,18.992876052856445,2139000,0.0,0.0
2024-09-25 00:00:00-04:00,19.04057550569919,19.118090347410714,19.018713268645744,19.082313537597656,2203000,0.0,0.0
2024-09-26 00:00:00-04:00,19.404294292954898,19.624910697086364,19.36255625925005,19.607023239135742,3544500,0.0,0.0
2024-09-27 00:00:00-04:00,19.404293528500876,19.543422197496113,19.10020106893978,19.11212730407715,4186000,0.0,0.0
2024-09-30 00:00:00-04:00,19.325928606018863,19.345873262136852,19.16039328591541,19.260112762451172,2265000,0.0664,0.0
2024-10-01 00:00:00-04:00,19.321940608148232,19.42764576697693,19.15241483034809,19.305986404418945,4922000,0.0,0.0
2024-10-02 00:00:00-04:00,19.000839960368914,19.000839960368914,18.72760425632298,18.9370174407959,3716000,0.0,0.0
2024-10-03 00:00:00-04:00,18.745553825235348,18.867213185978663,18.69968263715714,18.747547149658203,2312000,0.0,0.0
2024-10-04 00:00:00-04:00,18.807382389979686,18.937018861230488,18.793421509967644,18.91707420349121,2291500,0.0,0.0
2024-10-07 00:00:00-04:00,19.068650489160085,19.228203946434874,19.016795520444415,19.078622817993164,3341500,0.0,0.0
2024-10-08 00:00:00-04:00,19.028762838052835,19.04072849128665,18.956963212568287,18.974912643432617,2017000,0.0,0.0
2024-10-09 00:00:00-04:00,18.77746543795289,19.1763490833368,18.657799393324094,18.996850967407227,1987700,0.0,5.0
2024-10-10 00:00:00-04:00,18.857242326452457,18.88715931336939,18.66777188003306,18.807382583618164,2079400,0.0,0.0
2024-10-11 00:00:00-04:00,18.68771564433459,18.996850219584438,18.68771564433459,18.927045822143555,1725600,0.0,0.0
2024-10-14 00:00:00-04:00,18.84726891383961,19.106543746130683,18.817353830669937,19.036739349365234,2081300,0.0,0.0
2024-10-15 00:00:00-04:00,18.75751988863549,18.797409202291572,18.548106698022526,18.607938766479492,2120200,0.0,0.0
2024-10-16 00:00:00-04:00,18.647828568483163,18.647828568483163,18.558079512433796,18.627883911132812,1885200,0.0,0.0
2024-10-17 00:00:00-04:00,18.548105907172133,18.56805056314978,18.3785801354163,18.458356857299805,1662900,0.0,0.0
2024-10-18 00:00:00-04:00,18.059474751982727,18.189111222580163,18.029557765524594,18.169166564941406,2534500,0.0,0.0
2024-10-21 00:00:00-04:00,18.089388830098713,18.119305814892563,17.969724694977586,18.049501419067383,2361300,0.0,0.0
2024-10-22 00:00:00-04:00,17.850058311347414,17.8899476236316,17.77028158880614,17.840085983276367,2630700,0.0,0.0
2024-10-23 00:00:00-04:00,17.451175467471764,17.590784262562842,17.371398741415838,17.48109245300293,2842200,0.0,0.0
2024-10-24 00:00:00-04:00,17.55089692588341,17.69050572157374,17.540924597330218,17.64064598083496,2544500,0.0,0.0
2024-10-25 00:00:00-04:00,17.501034538668318,17.630672902318157,17.491064112566427,17.57084083557129,2607400,0.0,0.0
2024-10-28 00:00:00-04:00,17.660588286899056,17.740366913296256,17.630673204027246,17.700477600097656,2573700,0.0,0.0
2024-10-29 00:00:00-04:00,17.710450453337113,17.83011459242549,17.650618383792924,17.800199508666992,2698400,0.0,0.0
2024-10-30 00:00:00-04:00,18.019585330009107,18.05947464505043,17.91986394443303,17.92983627319336,3015300,0.0,0.0
2024-10-31 00:00:00-04:00,17.770283128760052,17.770283128760052,17.51100828252565,17.5508975982666,2136300,0.0,0.0
2024-11-01 00:00:00-04:00,17.630672717349558,17.790226161685357,17.570840651230405,17.680532455444336,1581100,0.0,0.0
2024-11-04 00:00:00-05:00,17.700478310144998,17.80019969511464,17.67056132404594,17.690505981445312,1727600,0.0,0.0
2024-11-05 00:00:00-05:00,17.949779772551043,18.04950115169286,17.850058393409228,17.9996395111084,2271700,0.0,0.0
2024-11-06 00:00:00-05:00,17.949780220211302,17.969724876942497,17.780254442050442,17.939807891845703,2960300,0.0,0.0
2024-11-07 00:00:00-05:00,18.14922407218102,18.28883287361976,18.06944734249785,18.21902847290039,3689100,0.0,0.0
2024-11-08 00:00:00-05:00,19.44559616093156,20.61233200666854,19.44559616093156,19.85445213317871,10593700,0.0,0.0
2024-11-11 00:00:00-05:00,19.286041628813063,19.345873696483263,18.837296366218705,19.0666561126709,4156700,0.0,0.0
2024-11-12 00:00:00-05:00,18.94698960214056,18.956961930174415,18.568050646989672,18.617910385131836,2713200,0.0,0.0
2024-11-13 00:00:00-05:00,18.63785567366604,18.657798428383398,18.388553170441075,18.44838523864746,2966800,0.0,0.0
2024-11-14 00:00:00-05:00,18.548107334285053,18.617911733550567,18.4084966337268,18.438413619995117,2083500,0.0,0.0
2024-11-15 00:00:00-05:00,18.52816290118488,18.597967301295864,18.358637114332254,18.408496856689453,2958400,0.0,0.0
2024-11-18 00:00:00-05:00,18.667771687831998,19.00682326129071,18.667771687831998,18.91707420349121,2877100,0.0,0.0
2024-11-19 00:00:00-05:00,18.757520488843777,18.946990930718584,18.757520488843777,18.86721420288086,2557400,0.0,0.0
2024-11-20 00:00:00-05:00,19.196292126250167,19.286041176664934,19.04671100956792,19.126487731933594,6542900,0.0,0.0
2024-11-21 00:00:00-05:00,19.026766532855028,19.096570927829724,18.917072825307876,19.016794204711914,1707800,0.0,0.0
2024-11-22 00:00:00-05:00,18.966935174025295,19.0865993121553,18.917073531448473,19.00682258605957,2068700,0.0,0.0
2024-11-25 00:00:00-05:00,19.256124316462625,19.445594746560804,19.256124316462625,19.36581802368164,3326400,0.0,0.0
2024-11-26 00:00:00-05:00,19.365819673206143,19.395736660094236,19.266098285606432,19.315959930419922,1783100,0.0,0.0
2024-11-27 00:00:00-05:00,19.704870223999023,19.91428341523189,19.69489789555548,19.704870223999023,2494200,0.0,0.0
2024-11-29 00:00:00-05:00,19.92425611796847,20.004032844988302,19.854451719579515,19.994060516357422,1247900,0.0,0.0
2024-12-02 00:00:00-05:00,19.94419980625303,20.02397652939696,19.874395411255485,19.954172134399414,3337900,0.0,0.0
2024-12-03 00:00:00-05:00,20.39294672469987,20.43283413850904,20.2633083502587,20.41288948059082,3364500,0.0,0.0
2024-12-04 00:00:00-05:00,20.95138310326922,21.031159830139206,20.831717061950638,20.931438446044922,4284800,0.0,0.0
2024-12-05 00:00:00-05:00,20.9912711934339,21.011215851302147,20.841690063476562,20.841690063476562,3637600,0.0,0.0
2024-12-06 00:00:00-05:00,20.921465857360126,20.981299828289227,20.841689131481836,20.88157844543457,1973000,0.0,0.0
2024-12-09 00:00:00-05:00,21.240572837669827,21.350266549409273,20.98129990414835,21.0411319732666,4085300,0.0,0.0
2024-12-10 00:00:00-05:00,21.83889931513722,21.9785100129621,21.69929051933953,21.70926284790039,5038500,0.0,0.0
2024-12-11 00:00:00-05:00,21.99845295440894,22.187923394615975,21.988480625763604,22.10814666748047,4175100,0.0,0.0
2024-12-12 00:00:00-05:00,22.536947625339106,22.64663943802,22.31756019592285,22.31756019592285,4658700,0.0,0.0
2024-12-13 00:00:00-05:00,21.80898419371467,21.84887160586186,21.55968168620641,21.629486083984375,3452700,0.0,0.0
2024-12-16 00:00:00-05:00,21.410099516309526,21.56965297533348,21.360239773624766,21.430044174194336,3888500,0.0,0.0
2024-12-17 00:00:00-05:00,21.739176953351585,21.918675055315795,21.639457476284452,21.66937255859375,4757800,0.0,0.0
2024-12-18 00:00:00-05:00,21.48987549595492,21.609541537060895,20.771884955400655,20.851661682128906,3633600,0.0,0.0
2024-12-19 00:00:00-05:00,20.84168995886442,20.8815792744007,20.522583042683216,20.602359771728516,4412000,0.0,0.0
2024-12-20 00:00:00-05:00,20.79182942879819,21.100964004384142,20.72202503128141,20.961355209350586,5678400,0.0,0.0
2024-12-23 00:00:00-05:00,20.89155040406635,21.150823332060337,20.86163341913144,21.100963592529297,2500400,0.0,0.0
2024-12-24 00:00:00-05:00,20.96135431496087,21.110935432118303,20.931437330718545,21.081018447875977,979900,0.0,0.0
2024-12-26 00:00:00-05:00,21.120908737182617,21.220630120576054,21.071047094472306,21.120908737182617,1306500,0.0,0.0
2024-12-27 00:00:00-05:00,21.440014816171047,21.469931800644304,21.270489041543495,21.40012550354004,1936600,0.0,0.0
2024-12-30 00:00:00-05:00,21.06107644128139,21.27048963232927,20.991270142238264,21.15082359313965,1934500,0.0,0.0
