Date,Open,High,Low,Close,Volume,Dividends,Stock Splits
2015-01-02 00:00:00-05:00,27.938945175465047,27.994447042059267,27.647551774392607,27.73774528503418,907700,0.0,0.0
2015-01-05 00:00:00-05:00,27.293713146304174,27.383906635071025,27.08557656550393,27.217395782470703,1347000,0.0,0.0
2015-01-06 00:00:00-05:00,27.238209548901942,27.425533271807776,26.974571106234745,27.078638076782227,1416000,0.0,0.0
2015-01-07 00:00:00-05:00,27.12721258499872,27.40472989574805,27.057834580612,27.370040893554688,1067100,0.0,0.0
2015-01-08 00:00:00-05:00,27.65449591503093,27.98057836959614,27.647556526388392,27.876508712768555,1127900,0.0,0.0
2015-01-09 00:00:00-05:00,27.827941435981213,27.848754307103658,27.487982876908358,27.647554397583008,1042000,0.0,0.0
2015-01-12 00:00:00-05:00,28.05688841326926,28.181770921878837,27.82793891188561,28.070764541625977,1124700,0.0,0.0
2015-01-13 00:00:00-05:00,28.473163263244828,28.507852259543654,27.980572634639465,28.188709259033203,1112300,0.0,0.0
2015-01-14 00:00:00-05:00,28.334411226773646,28.480106633102316,28.209528693748677,28.396852493286133,1303300,0.0,0.0
2015-01-15 00:00:00-05:00,28.674358984328137,28.80617820976764,28.500911381412823,28.65354347229004,1153000,0.0,0.0
2015-01-16 00:00:00-05:00,28.958822651276012,29.028200657050387,28.674368593039052,28.986572265625,1142600,0.0,0.0
2015-01-20 00:00:00-05:00,28.618863784506207,28.77843531347009,28.480105127745926,28.702117919921875,1847100,0.0,0.0
2015-01-21 00:00:00-05:00,28.77842724252075,29.173887583089343,28.674360264087202,29.146135330200195,2523700,0.0,0.0
2015-01-22 00:00:00-05:00,28.681297004009238,29.236328828789674,28.674360264087202,29.146135330200195,3358600,0.0,0.0
2015-01-23 00:00:00-05:00,29.60404265662156,29.770553559642003,29.472223399739427,29.4930362701416,1476400,0.0,0.0
2015-01-26 00:00:00-05:00,29.79831093553482,30.270088820748988,29.735869667003488,30.2492733001709,4242600,0.0,0.0
2015-01-27 00:00:00-05:00,30.25620169864744,30.561468541355875,30.25620169864744,30.464338302612305,1628200,0.0,0.0
2015-01-28 00:00:00-05:00,30.540651149303876,30.55452727372538,30.159066990812867,30.172943115234375,1282000,0.0,0.0
2015-01-29 00:00:00-05:00,30.9153138946008,31.005504778150936,30.72105070299731,30.991628646850586,1850100,0.0,0.0
2015-01-30 00:00:00-05:00,30.693288001968362,30.721037606137543,30.44352303824362,30.505964279174805,2073500,0.0,0.0
2015-02-02 00:00:00-05:00,30.221523945411686,30.485162506736508,30.103578149786163,30.44353675842285,998100,0.0,0.0
2015-02-03 00:00:00-05:00,30.318642944496954,30.49209055556776,30.25620169864744,30.464338302612305,1741200,0.0,0.0
2015-02-04 00:00:00-05:00,30.251157806329246,30.44686951834413,30.167282881943308,30.300085067749023,2164000,0.325,0.0
2015-02-05 00:00:00-05:00,30.209207240185453,30.425884246826172,30.18124805664004,30.425884246826172,1648800,0.0,0.0
2015-02-06 00:00:00-05:00,29.97157924637801,30.041474584927006,29.712960627806964,29.82479476928711,1021100,0.0,0.0
2015-02-09 00:00:00-05:00,29.48229940016232,29.957595095855666,29.48229940016232,29.873720169067383,954800,0.0,0.0
2015-02-10 00:00:00-05:00,29.901673729632254,30.097385427808256,29.76188308765229,30.013507843017578,781000,0.0,0.0
2015-02-11 00:00:00-05:00,30.020498974917924,30.11136502527337,29.87371720103761,30.013507843017578,617400,0.0,0.0
2015-02-12 00:00:00-05:00,29.922653985973557,30.223208761327186,29.915662851847326,30.195249557495117,1170300,0.0,0.0
2015-02-13 00:00:00-05:00,30.139315228453267,30.153294822984446,29.915647048624432,30.07640838623047,986600,0.0,0.0
2015-02-17 00:00:00-05:00,30.07641541231298,30.251156385271035,29.824787984639677,30.18126106262207,1143600,0.0,0.0
2015-02-18 00:00:00-05:00,29.810804089143115,30.153294822984446,29.782844900080757,30.07640838623047,1092500,0.0,0.0
2015-02-19 00:00:00-05:00,30.237165451049805,30.404917895383996,30.16727015460577,30.237165451049805,1309900,0.0,0.0
2015-02-20 00:00:00-05:00,29.922646516238274,30.376971466580056,29.859739656488085,30.2930965423584,1916700,0.0,0.0
2015-02-23 00:00:00-05:00,30.46085063504863,30.6984958215977,30.383964172889385,30.649568557739258,2700000,0.0,0.0
2015-02-24 00:00:00-05:00,30.803337147323614,30.936139321060242,30.607628119430572,30.852264404296875,1490800,0.0,0.0
2015-02-25 00:00:00-05:00,30.852274516436772,30.852274516436772,30.523760540797845,30.740440368652344,1406900,0.0,0.0
2015-02-26 00:00:00-05:00,30.55869766082356,30.87322923231662,30.55869766082356,30.78935432434082,1921200,0.0,0.0
2015-02-27 00:00:00-05:00,30.7613970305233,31.013024436308427,30.74042896881968,30.831295013427734,1732700,0.0,0.0
2015-03-02 00:00:00-05:00,30.9431361741008,30.9990519068365,30.77538364322165,30.894208908081055,1288000,0.0,0.0
2015-03-03 00:00:00-05:00,31.006034058474825,31.027002118884962,30.72644747677516,30.78935432434082,1500300,0.0,0.0
2015-03-04 00:00:00-05:00,30.64257739004459,30.71946384542593,30.467836415572698,30.55870246887207,1971400,0.0,0.0
2015-03-05 00:00:00-05:00,30.943134366944143,31.013029695365713,30.873236372186707,30.950122833251953,982200,0.0,0.0
2015-03-06 00:00:00-05:00,30.558704695014196,30.57967276025089,30.027490600773753,30.069429397583008,886700,0.0,0.0
2015-03-09 00:00:00-04:00,29.964578523469967,29.992537716476576,29.74790144350723,29.866724014282227,929000,0.0,0.0
2015-03-10 00:00:00-04:00,29.7129577569295,29.754896555808507,29.44735336303711,29.44735336303711,1148600,0.0,0.0
2015-03-11 00:00:00-04:00,29.524237227514533,29.552193757968983,29.349496247079358,29.412403106689453,1186100,0.0,0.0
2015-03-12 00:00:00-04:00,29.49627050221121,29.60111346391115,29.29357037672222,29.426372528076172,1105900,0.0,0.0
2015-03-13 00:00:00-04:00,29.153783279344275,29.419390304731984,29.139803681551694,29.398422241210938,1181100,0.0,0.0
2015-03-16 00:00:00-04:00,29.71295998767033,29.950607866487783,29.698983053330654,29.838773727416992,787200,0.0,0.0
2015-03-17 00:00:00-04:00,29.657046662000536,29.77586927789976,29.503273708402567,29.719953536987305,714500,0.0,0.0
2015-03-18 00:00:00-04:00,29.852745593984476,30.593648239839016,29.782850275049455,30.474822998046875,1515500,0.0,0.0
2015-03-19 00:00:00-04:00,29.92263654263859,29.98554338142112,29.691977244991023,29.726924896240234,1350300,0.0,0.0
2015-03-20 00:00:00-04:00,30.132341398339975,30.342030085474423,30.041475322925063,30.223207473754883,1416000,0.0,0.0
2015-03-23 00:00:00-04:00,30.21620558962165,30.404926140800658,30.16028987056974,30.25814437866211,805200,0.0,0.0
2015-03-24 00:00:00-04:00,30.34901599054304,30.411922858005664,30.090400053790518,30.104379653930664,955000,0.0,0.0
2015-03-25 00:00:00-04:00,30.272120385350796,30.293088444216952,29.859731674194336,29.859731674194336,851900,0.0,0.0
2015-03-26 00:00:00-04:00,29.650050433301786,29.698980364405358,29.4054141094637,29.615102767944336,917300,0.0,0.0
2015-03-27 00:00:00-04:00,29.4473492110618,29.747903894810843,29.433369613406537,29.712953567504883,633300,0.0,0.0
2015-03-30 00:00:00-04:00,29.733930681529486,30.013514695659214,29.719951080872573,29.922651290893555,763400,0.0,0.0
2015-03-31 00:00:00-04:00,29.06290900202823,29.39841122431555,29.055917872584004,29.153772354125977,1443000,0.0,0.0
2015-04-01 00:00:00-04:00,29.167765274335398,29.272610933228822,28.979044688128752,29.23766326904297,1589400,0.0,0.0
2015-04-02 00:00:00-04:00,29.47529994252314,29.72692731815385,29.454331883332276,29.698970794677734,1195700,0.0,0.0
2015-04-06 00:00:00-04:00,29.719954311749593,30.090404437253063,29.719954311749593,29.901683807373047,635600,0.0,0.0
2015-04-07 00:00:00-04:00,30.202222070676065,30.369974538715205,30.062428791699286,30.07640838623047,882100,0.0,0.0
2015-04-08 00:00:00-04:00,30.28610599408391,30.314062522678555,29.915653327097367,30.013507843017578,670600,0.0,0.0
2015-04-09 00:00:00-04:00,30.181257145418613,30.195236741401132,29.999525063981146,30.04146385192871,851200,0.0,0.0
2015-04-10 00:00:00-04:00,29.838759227884054,30.055438933564734,29.824779634001278,29.96457290649414,607800,0.0,0.0
2015-04-13 00:00:00-04:00,29.80382401266431,29.88769894462478,29.712957947677793,29.733928680419922,527500,0.0,0.0
2015-04-14 00:00:00-04:00,29.915653327097367,30.076414698442797,29.824787276741922,30.013507843017578,788300,0.0,0.0
2015-04-15 00:00:00-04:00,30.369982986978794,30.481817108003014,30.174271275434588,30.33503532409668,1107700,0.0,0.0
2015-04-16 00:00:00-04:00,31.551231279496456,31.565210878015062,31.243688111094475,31.495315551757812,2046900,0.0,0.0
2015-04-17 00:00:00-04:00,31.369496621223163,31.37648508615385,31.110878091086935,31.25067138671875,1993100,0.0,0.0
2015-04-20 00:00:00-04:00,31.37648880834164,31.411436469811594,31.152820575331145,31.194759368896484,1350900,0.0,0.0
2015-04-21 00:00:00-04:00,31.509291982758818,31.558219239487563,31.376487143350353,31.439393997192383,852500,0.0,0.0
2015-04-22 00:00:00-04:00,31.410531710017047,31.487967338485877,31.220463172515476,31.319019317626953,1262100,0.319,0.0
2015-04-23 00:00:00-04:00,31.22750544006332,31.670998711278997,31.2063876079894,31.593563079833984,934200,0.0,0.0
2015-04-24 00:00:00-04:00,31.614686843962257,31.80475542443269,31.523171745502943,31.656925201416016,686000,0.0,0.0
2015-04-27 00:00:00-04:00,31.889218759097133,31.896259825668515,31.670994032225735,31.734350204467773,785600,0.0,0.0
2015-04-28 00:00:00-04:00,31.431658061812424,31.59356773076855,31.31198406322171,31.523170471191406,764900,0.0,0.0
2015-04-29 00:00:00-04:00,31.262700521333297,31.340136147327453,30.861445627891108,30.959999084472656,1042800,0.0,0.0
2015-04-30 00:00:00-04:00,30.847368240356445,31.04447516669084,30.79105312656682,30.847368240356445,789500,0.0,0.0
2015-05-01 00:00:00-04:00,30.629139760480918,30.854408264160153,30.55170681731224,30.854408264160156,895800,0.0,0.0
2015-05-04 00:00:00-04:00,30.812169916211477,30.924802825360906,30.755852118946574,30.854408264160156,624400,0.0,0.0
2015-05-05 00:00:00-04:00,30.755863062193384,30.81921926396899,30.25605451784213,30.27013397216797,1269400,0.0,0.0
2015-05-06 00:00:00-04:00,30.5587406330928,30.565779014009024,30.234921403346867,30.340513229370117,929500,0.0,0.0
2015-05-07 00:00:00-04:00,30.2560507269592,30.47427821359523,30.185656149531315,30.44611930847168,884400,0.0,0.0
2015-05-08 00:00:00-04:00,31.093753250430044,31.516128706431942,31.072635417513155,31.40349578857422,1242200,0.0,0.0
2015-05-11 00:00:00-04:00,31.086725354619,31.361268016674295,31.023369149115354,31.220476150512695,1033400,0.0,0.0
2015-05-12 00:00:00-04:00,31.037443959085664,31.192315257222933,30.960008310017027,31.114879608154297,899800,0.0,0.0
2015-05-13 00:00:00-04:00,31.26270403680135,31.382378022807828,31.04447658313105,31.18526840209961,1632700,0.0,0.0
2015-05-14 00:00:00-04:00,31.600602275950568,31.69915574200778,31.53020771030414,31.67099952697754,825200,0.0,0.0
2015-05-15 00:00:00-04:00,31.58653595210645,31.656933232388297,31.424626235530695,31.607656478881836,602700,0.0,0.0
2015-05-18 00:00:00-04:00,31.340136727142013,31.4879669147493,31.283818930693332,31.438690185546875,522700,0.0,0.0
2015-05-19 00:00:00-04:00,31.41758065462213,31.649884912893405,31.354224459569778,31.558372497558594,666800,0.0,0.0
2015-05-20 00:00:00-04:00,31.438693120689383,31.678038407181084,31.438693120689383,31.579484939575195,545600,0.0,0.0
2015-05-21 00:00:00-04:00,31.593577022825464,31.67805107378202,31.516141357206266,31.607656478881836,450400,0.0,0.0
2015-05-22 00:00:00-04:00,31.607643908022812,31.607643908022812,31.333098652187086,31.361257553100586,458200,0.0,0.0
2015-05-26 00:00:00-04:00,31.255671562179906,31.29790723608739,30.82625764157981,30.896652221679688,665800,0.0,0.0
2015-05-27 00:00:00-04:00,30.9881630734067,31.382379649881383,30.938886337019955,31.34014129638672,801400,0.0,0.0
2015-05-28 00:00:00-04:00,31.410531777447734,31.417572844803857,31.18526595889866,31.34717559814453,467000,0.0,0.0
2015-05-29 00:00:00-04:00,31.269741536492237,31.304941504276023,30.917763341698507,31.079675674438477,618000,0.0,0.0
2015-06-01 00:00:00-04:00,31.009287599502457,31.044484892320156,30.629150392156177,30.805139541625977,770800,0.0,0.0
2015-06-02 00:00:00-04:00,30.69250443171548,30.81921682523992,30.509476910725244,30.713624954223633,1015800,0.0,0.0
2015-06-03 00:00:00-04:00,31.255672175375917,31.283828396739597,31.030406292179574,31.086721420288086,915500,0.0,0.0
2015-06-04 00:00:00-04:00,30.89664807704081,31.26270575229367,30.812174055176527,30.875530242919922,798800,0.0,0.0
2015-06-05 00:00:00-04:00,30.38978878012442,30.417947673463498,30.129325730187617,30.241958618164062,921700,0.0,0.0
2015-06-08 00:00:00-04:00,30.19268885178712,30.312362833352758,30.051897038043045,30.199729919433594,790900,0.0,0.0
2015-06-09 00:00:00-04:00,30.129333380833312,30.234927914978208,29.925185380356147,30.171571731567383,684100,0.0,0.0
2015-06-10 00:00:00-04:00,30.523547767110138,30.981117783403647,30.481309419371204,30.8192081451416,719800,0.0,0.0
2015-06-11 00:00:00-04:00,31.100785270518653,31.283812701773606,30.959993492810334,31.065587997436523,626100,0.0,0.0
2015-06-12 00:00:00-04:00,30.46723158738422,30.671379584221768,30.32644245820847,30.579864501953125,685300,0.0,0.0
2015-06-15 00:00:00-04:00,30.333473900814855,30.551701297719962,30.284197179800785,30.523542404174805,533200,0.0,0.0
2015-06-16 00:00:00-04:00,30.509470369085793,30.769933484203193,30.446114185907987,30.70657730102539,553200,0.0,0.0
2015-06-17 00:00:00-04:00,30.54466727343814,30.7980920030095,30.424995976351948,30.7558536529541,824000,0.0,0.0
2015-06-18 00:00:00-04:00,30.840329584189874,31.17822832006742,30.762893953709103,31.002239227294922,1213400,0.0,0.0
2015-06-19 00:00:00-04:00,30.995203673111234,31.10783660510525,30.92480909763282,30.938888549804688,608800,0.0,0.0
2015-06-22 00:00:00-04:00,31.55133865465636,31.76956619545759,31.480944059756172,31.607656478881836,1058200,0.0,0.0
2015-06-23 00:00:00-04:00,31.85402052668016,31.85402052668016,31.487962951973262,31.551319122314453,1024200,0.0,0.0
2015-06-24 00:00:00-04:00,31.60764718268398,31.70620066071111,31.4386964450797,31.523170471191406,1160500,0.0,0.0
2015-06-25 00:00:00-04:00,31.438697730925753,31.50205392444602,31.25567021930107,31.33310317993164,699100,0.0,0.0
2015-06-26 00:00:00-04:00,31.487967338485877,31.593561865557984,31.276780969722036,31.319019317626953,887900,0.0,0.0
2015-06-29 00:00:00-04:00,30.72066050735152,30.88257017629539,30.340523361806337,30.354602813720703,1008200,0.0,0.0
2015-06-30 00:00:00-04:00,30.572818901448564,30.572818901448564,30.065969562864627,30.241958618164062,1104800,0.0,0.0
2015-07-01 00:00:00-04:00,30.63618016899248,30.69953634686282,30.389793839327677,30.51650619506836,767400,0.0,0.0
2015-07-02 00:00:00-04:00,30.3757276140978,30.46020165210515,30.164538491007548,30.234935760498047,799500,0.0,0.0
2015-07-06 00:00:00-04:00,29.742164747288435,30.080063574834373,29.706967456261367,29.87591552734375,1138100,0.0,0.0
2015-07-07 00:00:00-04:00,29.657681900906564,30.150451885034624,29.460572296027117,30.065975189208984,1276700,0.0,0.0
2015-07-08 00:00:00-04:00,29.967427611858014,30.08006054302089,29.83367684528363,29.95334815979004,830500,0.0,0.0
2015-07-09 00:00:00-04:00,30.50243298430217,30.54466865088172,30.270126076592135,30.277164459228516,769000,0.0,0.0
2015-07-10 00:00:00-04:00,31.459817827459652,31.565412386041068,31.31198759375061,31.43166160583496,1262100,0.0,0.0
2015-07-13 00:00:00-04:00,31.459806217416027,31.537241840414442,31.304937656799375,31.39645004272461,738800,0.0,0.0
2015-07-14 00:00:00-04:00,31.896271265139717,31.91035071795194,31.692123227434035,31.80475616455078,802900,0.0,0.0
2015-07-15 00:00:00-04:00,31.741398841433785,31.8117934176119,31.628765908320236,31.706201553344727,887800,0.0,0.0
2015-07-16 00:00:00-04:00,32.05817391483667,32.12856847808095,31.88218482134554,31.99481773376465,990600,0.0,0.0
2015-07-17 00:00:00-04:00,31.69916087348879,31.80475542443269,31.593569007925872,31.656925201416016,979200,0.0,0.0
2015-07-20 00:00:00-04:00,31.741397857666016,31.804754048415084,31.593567641045144,31.741397857666016,969600,0.0,0.0
2015-07-21 00:00:00-04:00,31.621727640632145,31.656927617220283,31.35422607915438,31.389423370361328,808200,0.0,0.0
2015-07-22 00:00:00-04:00,31.396462746693842,31.558375125048972,31.382385978071135,31.530216217041016,688100,0.0,0.0
2015-07-23 00:00:00-04:00,31.93850619496478,31.93850619496478,31.5654101029567,31.656925201416016,863100,0.0,0.0
2015-07-24 00:00:00-04:00,31.81882714237092,31.832906591433062,31.45980790473713,31.480928421020508,641300,0.0,0.0
2015-07-27 00:00:00-04:00,31.53021879314451,31.53725717803092,31.17824047043126,31.220476150512695,757200,0.0,0.0
2015-07-28 00:00:00-04:00,31.31198243331197,31.516130447387695,31.19934950923239,31.516130447387695,755400,0.0,0.0
2015-07-29 00:00:00-04:00,31.572440612839664,31.734352933343526,31.544284400273188,31.663955688476562,1114600,0.0,0.0
2015-07-30 00:00:00-04:00,31.692118120601624,31.85402777378069,31.509087948917035,31.818830490112305,709400,0.0,0.0
2015-07-31 00:00:00-04:00,31.917383459986144,32.04409582751757,31.846988893748932,31.91034507751465,644900,0.0,0.0
2015-08-03 00:00:00-04:00,32.325684379953955,32.367922740857914,32.08634172430844,32.22713088989258,735500,0.0,0.0
2015-08-04 00:00:00-04:00,32.283438105806304,32.33271483465949,32.135607919246766,32.234161376953125,785900,0.0,0.0
2015-08-05 00:00:00-04:00,32.4242005542329,32.57309739436643,32.39583847856278,32.4951057434082,586000,0.328,0.0
2015-08-06 00:00:00-04:00,32.65107628899725,32.75034080208209,32.55181177591241,32.573081970214844,780800,0.0,0.0
2015-08-07 00:00:00-04:00,32.31783199598912,32.50926915701521,32.2469268393543,32.487998962402344,660600,0.0,0.0
2015-08-10 00:00:00-04:00,32.43836541752926,32.714888755540834,32.43836541752926,32.66525650024414,807000,0.0,0.0
2015-08-11 00:00:00-04:00,32.26819498857999,32.33200827312881,32.15474944991043,32.22565460205078,1169800,0.0,0.0
2015-08-12 00:00:00-04:00,30.757956840869742,31.16210680815959,30.694143545784215,31.12665557861328,1575900,0.0,0.0
2015-08-13 00:00:00-04:00,31.14082423401862,31.33226405981233,31.05574076858406,31.2542724609375,739200,0.0,0.0
2015-08-14 00:00:00-04:00,31.140832075824616,31.261369494902056,31.034478393438345,31.233007431030273,829500,0.0,0.0
2015-08-17 00:00:00-04:00,30.793404191593915,31.11247062683105,30.743771935529814,31.112470626831055,610800,0.0,0.0
2015-08-18 00:00:00-04:00,30.828863900321778,31.013214649080542,30.793412665485352,30.878496170043945,645500,0.0,0.0
2015-08-19 00:00:00-04:00,30.474339355315276,30.55942284092439,30.254537420673547,30.382164001464844,795900,0.0,0.0
2015-08-20 00:00:00-04:00,29.885832299544795,29.942553704398986,29.72984370287554,29.751113891601562,987100,0.0,0.0
2015-08-21 00:00:00-04:00,29.580960641452663,29.651863106472568,28.999551773071293,28.99955177307129,1356800,0.0,0.0
2015-08-24 00:00:00-04:00,27.95017155212842,28.758474104423822,27.4680300136569,28.184154510498047,2983900,0.0,0.0
2015-08-25 00:00:00-04:00,28.999540698702468,28.999540698702468,28.070703615015038,28.084884643554688,1895200,0.0,0.0
2015-08-26 00:00:00-04:00,28.460674070429597,28.467765937484703,27.86508436127578,28.43231201171875,1874800,0.0,0.0
2015-08-27 00:00:00-04:00,28.45358582310648,28.81519261665613,28.43940479329504,28.793922424316406,1703200,0.0,0.0
2015-08-28 00:00:00-04:00,28.36850881840663,28.61667286322896,28.2905171863541,28.609580993652344,1247800,0.0,0.0
2015-08-31 00:00:00-04:00,28.559949629532323,28.630854803763814,28.411052820779947,28.581222534179688,701900,0.0,0.0
2015-09-01 00:00:00-04:00,27.921813148393266,28.035258697454704,27.616927728149044,27.7161922454834,1297400,0.0,0.0
2015-09-02 00:00:00-04:00,28.177060404310396,28.240873681329965,27.97143954449682,28.233781814575195,968300,0.0,0.0
2015-09-03 00:00:00-04:00,28.418139541036002,28.581217355083954,28.276331923025285,28.354326248168945,796400,0.0,0.0
2015-09-04 00:00:00-04:00,27.829634954401232,27.935991329122587,27.687827356357747,27.7941837310791,953700,0.0,0.0
2015-09-08 00:00:00-04:00,28.46776480645584,28.545756407679864,28.283414136914413,28.481943130493164,713400,0.0,0.0
2015-09-09 00:00:00-04:00,29.034994502283503,29.034994502283503,28.368499625363643,28.403953552246094,1361800,0.0,0.0
2015-09-10 00:00:00-04:00,28.18414867967594,28.26214298299678,28.063613996183427,28.169967651367188,2887500,0.0,0.0
2015-09-11 00:00:00-04:00,27.985614788569624,28.113241316228105,27.92180152474038,28.077787399291992,1744100,0.0,0.0
2015-09-14 00:00:00-04:00,27.893452141787467,28.021078727411606,27.815457816711014,27.900541305541992,1395600,0.0,0.0
2015-09-15 00:00:00-04:00,27.943070591950743,28.21959382255105,27.872168170426463,28.177053451538086,1550600,0.0,0.0
2015-09-16 00:00:00-04:00,29.013727019896223,29.16971567207482,28.893192301216672,29.141353607177734,1002300,0.0,0.0
2015-09-17 00:00:00-04:00,29.098812449470177,29.368243944641993,28.94282380139311,29.091720581054688,1336900,0.0,0.0
2015-09-18 00:00:00-04:00,28.850649152654036,29.020818836979082,28.7088442379311,28.73720359802246,897200,0.0,0.0
2015-09-21 00:00:00-04:00,28.999542506871034,29.013720831540095,28.72301649023793,28.836462020874023,586600,0.0,0.0
2015-09-22 00:00:00-04:00,28.120341273945535,28.134522305214155,27.780004637764133,28.042346954345703,1352300,0.0,0.0
2015-09-23 00:00:00-04:00,28.056526655091183,28.077796848607843,27.82254641214288,27.97144317626953,637700,0.0,0.0
2015-09-24 00:00:00-04:00,27.616927278268342,27.815456309703006,27.36876328421982,27.709102630615234,1241700,0.0,0.0
2015-09-25 00:00:00-04:00,28.41105013886204,28.65212229898095,28.269242508541108,28.375598907470703,1052400,0.0,0.0
2015-09-28 00:00:00-04:00,28.26215086639549,28.26215086639549,27.843819881239785,27.900541305541992,905000,0.0,0.0
2015-09-29 00:00:00-04:00,27.857989589108886,28.23377732471206,27.744544081865232,28.198326110839844,1002400,0.0,0.0
2015-09-30 00:00:00-04:00,28.90736815858953,28.935730218409162,28.68047708954225,28.914457321166992,1957500,0.0,0.0
2015-10-01 00:00:00-04:00,29.120082357243746,29.148444421114622,28.737202609252783,28.95700454711914,1257000,0.0,0.0
2015-10-02 00:00:00-04:00,28.88609693991249,29.510046005249023,28.808102630556725,29.510046005249023,1145000,0.0,0.0
2015-10-05 00:00:00-04:00,29.914203677646185,30.077281501210447,29.885844316193424,30.070192337036133,875400,0.0,0.0
2015-10-06 00:00:00-04:00,30.056005025730617,30.219082815230628,30.02055380275321,30.04891586303711,768200,0.0,0.0
2015-10-07 00:00:00-04:00,29.900013377293718,30.112726103171738,29.80784074781822,30.09854507446289,1068100,0.0,0.0
2015-10-08 00:00:00-04:00,29.8716621232883,30.424708869099263,29.772397600168937,30.417619705200195,798200,0.0,0.0
2015-10-09 00:00:00-04:00,30.155271163439675,30.40343514721764,30.11273077546723,30.254535675048828,877100,0.0,0.0
2015-10-12 00:00:00-04:00,30.53106270990595,30.807586059707027,30.50978981047536,30.630327224731445,821600,0.0,0.0
2015-10-13 00:00:00-04:00,30.38215221275728,30.715399567158194,30.38215221275728,30.531051635742188,913700,0.0,0.0
2015-10-14 00:00:00-04:00,30.538150999597466,30.687047767576175,30.53106183649352,30.566513061523438,760000,0.0,0.0
2015-10-15 00:00:00-04:00,31.722250793308074,31.906598840963266,31.601713346769145,31.878236770629883,1329300,0.0,0.0
2015-10-16 00:00:00-04:00,31.84277472594514,32.07675766963534,31.807323502440408,32.055484771728516,819400,0.0,0.0
2015-10-19 00:00:00-04:00,32.12639416699165,32.190207459631104,31.96331635352534,32.112213134765625,690100,0.0,0.0
2015-10-20 00:00:00-04:00,32.17603004274141,32.18311920727331,32.00586034166395,32.08385467529297,652600,0.0,0.0
2015-10-21 00:00:00-04:00,32.21856256365427,32.26819481751189,32.04839560892956,32.055484771728516,983400,0.0,0.0
2015-10-22 00:00:00-04:00,32.29656157586877,32.5518147498383,32.26819951103763,32.41709899902344,1320300,0.0,0.0
2015-10-23 00:00:00-04:00,32.466719369692896,32.523440773826515,32.11929096463983,32.21855545043945,866800,0.0,0.0
2015-10-26 00:00:00-04:00,32.20438050222616,32.2965558441913,32.08384580521818,32.11929702758789,633700,0.0,0.0
2015-10-27 00:00:00-04:00,31.963317001819487,32.048400492146015,31.849868741710257,31.899503707885742,916800,0.0,0.0
2015-10-28 00:00:00-04:00,32.238177875958854,32.31677316245989,31.79518948229378,32.030975341796875,1382800,0.344,0.0
2015-10-29 00:00:00-04:00,32.073835079489605,32.1881547228047,32.023820405888955,32.145286560058594,735300,0.0,0.0
2015-10-30 00:00:00-04:00,31.82376733765039,32.03097257953961,31.759462356567383,31.759462356567383,799300,0.0,0.0
2015-11-02 00:00:00-05:00,31.873773249653496,31.96665880245836,31.70229243875183,31.866626739501953,1072100,0.0,0.0
2015-11-03 00:00:00-05:00,31.58083399784894,31.86663176025393,31.516529024328612,31.845197677612305,944200,0.0,0.0
2015-11-04 00:00:00-05:00,31.76661027407473,31.802334662523002,31.602275906735784,31.68801498413086,736400,0.0,0.0
2015-11-05 00:00:00-05:00,31.573686662744034,31.645138145677546,31.416498851481077,31.545108795166016,1071500,0.0,0.0
2015-11-06 00:00:00-05:00,31.0520982559073,31.166417885162563,30.73057344687845,30.99493980407715,1017800,0.0,0.0
2015-11-09 00:00:00-05:00,30.53052325256988,30.694857594895012,30.43763767626586,30.637699127197266,1066700,0.0,0.0
2015-11-10 00:00:00-05:00,30.25901013916555,30.64483998017689,30.244722567805532,30.609115600585938,1269000,0.0,0.0
2015-11-11 00:00:00-05:00,30.866331456261726,31.109261021530635,30.8306070813447,30.987794876098633,1639600,0.0,0.0
2015-11-12 00:00:00-05:00,30.644838723367517,30.737724286970913,30.4376335144043,30.437633514404297,1369700,0.0,0.0
2015-11-13 00:00:00-05:00,30.03036428425583,30.11610604727355,29.908900875039674,30.008930206298828,1193400,0.0,0.0
2015-11-16 00:00:00-05:00,30.03037286222748,30.366188049316406,30.016082564309265,30.366188049316406,1238100,0.0,0.0
2015-11-17 00:00:00-05:00,30.659129574194147,30.780595732732998,30.52337584462286,30.58768081665039,2441100,0.0,0.0
2015-11-18 00:00:00-05:00,30.42334253981196,30.880621070090093,30.409052245041387,30.85918426513672,2572400,0.0,0.0
2015-11-19 00:00:00-05:00,30.923494998614597,31.116409925619458,30.909204701177696,31.052104949951172,1699400,0.0,0.0
2015-11-20 00:00:00-05:00,31.02352036809897,31.25216237211,31.02352036809897,31.102115631103516,2667300,0.0,0.0
2015-11-23 00:00:00-05:00,31.08783179999486,31.180717377914682,30.844902175463158,30.902063369750977,1230200,0.0,0.0
2015-11-24 00:00:00-05:00,30.423348425178887,30.837756151312078,30.416201913613598,30.780597686767578,1684200,0.0,0.0
2015-11-25 00:00:00-05:00,31.230726682219576,31.273597570553118,31.152131416405734,31.2164363861084,1802100,0.0,0.0
2015-11-27 00:00:00-05:00,31.25216340418323,31.33075594418802,31.08068257691076,31.13069725036621,824500,0.0,0.0
2015-11-30 00:00:00-05:00,31.052105062383653,31.087829443307488,30.58768265918272,30.616260528564453,1244900,0.0,0.0
2015-12-01 00:00:00-05:00,30.609109536962094,30.709138870239254,30.487643399700605,30.709138870239258,1181200,0.0,0.0
2015-12-02 00:00:00-05:00,30.859194180118816,31.03067504686701,30.73773072393561,30.759164810180664,1389500,0.0,0.0
2015-12-03 00:00:00-05:00,30.6019718317554,30.609115617439343,29.987502690309114,30.08753204345703,1842300,0.0,0.0
2015-12-04 00:00:00-05:00,30.00179185085818,30.630548539856168,29.980355043427434,30.601970672607422,1471000,0.0,0.0
2015-12-07 00:00:00-05:00,30.852039757194134,30.99493997595438,30.752010421740454,30.94492530822754,1079900,0.0,0.0
2015-12-08 00:00:00-05:00,30.516230913315315,30.68056524464974,30.416201557337452,30.580535888671875,1454800,0.0,0.0
2015-12-09 00:00:00-05:00,30.752011570976723,30.987794623986876,30.423342963461927,30.623401641845703,1841900,0.0,0.0
2015-12-10 00:00:00-05:00,30.58768339355121,30.637698073164472,30.359044079434696,30.416202545166016,1624300,0.0,0.0
2015-12-11 00:00:00-05:00,30.108965313299993,30.216141174834046,29.858891937181042,29.90176010131836,1698900,0.0,0.0
2015-12-14 00:00:00-05:00,29.937481306954975,30.058944715539187,29.630246805060413,29.95176887512207,2433800,0.0,0.0
2015-12-15 00:00:00-05:00,30.287588706728368,30.501937695528802,30.280444921526303,30.330459594726562,1535000,0.0,0.0
2015-12-16 00:00:00-05:00,30.687714596552375,31.009239503095163,30.53767054869767,30.937788009643555,1257700,0.0,0.0
2015-12-17 00:00:00-05:00,30.694845531240173,30.823455440008622,30.587672424329558,30.594816207885742,1257300,0.0,0.0
2015-12-18 00:00:00-05:00,30.366179361357254,30.40905024284626,30.116106033325195,30.116106033325195,1676400,0.0,0.0
2015-12-21 00:00:00-05:00,30.559097932088534,30.566241717069115,29.937485066160846,30.16612434387207,1124600,0.0,0.0
2015-12-22 00:00:00-05:00,30.21614400956862,30.401912431314123,29.994648480229763,30.366188049316406,1434600,0.0,0.0
2015-12-23 00:00:00-05:00,30.666268485072678,30.99493980407715,30.651980916311356,30.99493980407715,1260100,0.0,0.0
2015-12-24 00:00:00-05:00,30.973502999745254,31.10925943333241,30.930634842271377,30.99493980407715,465200,0.0,0.0
2015-12-28 00:00:00-05:00,30.95921379421206,31.0735334174234,30.894908835806007,31.030662536621094,648700,0.0,0.0
2015-12-29 00:00:00-05:00,31.295027904574468,31.466508711779777,31.216432648171825,31.409347534179688,1278700,0.0,0.0
2015-12-30 00:00:00-05:00,31.44508010043796,31.473660696684714,31.25931167602539,31.25931167602539,866800,0.0,0.0
2015-12-31 00:00:00-05:00,31.144994524986327,31.152138311825524,30.809179306030273,30.809179306030273,701300,0.0,0.0
2016-01-04 00:00:00-05:00,30.17326856876447,30.20184916029386,29.680265630060997,30.15183448791504,1551800,0.0,0.0
2016-01-05 00:00:00-05:00,29.973202567687785,30.194695284022316,29.851736446115524,30.08037567138672,1277500,0.0,0.0
2016-01-06 00:00:00-05:00,29.537356571617316,29.758852001389698,29.46590783973947,29.651676177978516,1457700,0.0,0.0
2016-01-07 00:00:00-05:00,29.222971498457756,29.46590094583835,29.087215123819504,29.187244415283203,1311100,0.0,0.0
2016-01-08 00:00:00-05:00,29.33730510500091,29.33730510500091,28.85858976263212,28.901460647583008,1557500,0.0,0.0
2016-01-11 00:00:00-05:00,29.158691023279403,29.201559198097236,28.751427008933632,29.065805435180664,1361800,0.0,0.0
2016-01-12 00:00:00-05:00,29.387315789235615,29.694550275729814,29.094371595787038,29.608808517456055,2066000,0.0,0.0
2016-01-13 00:00:00-05:00,29.83030923168845,29.873180118385385,29.180115774225154,29.208696365356445,1557900,0.0,0.0
2016-01-14 00:00:00-05:00,29.237283896282126,29.530230963828785,29.07294953134362,29.380184173583984,1842000,0.0,0.0
2016-01-15 00:00:00-05:00,28.651385117837748,28.837156230557543,28.47990702596807,28.644241333007812,1700700,0.0,0.0
2016-01-19 00:00:00-05:00,29.7660037981345,29.958918696855765,29.6088132749701,29.773147583007812,1929000,0.0,0.0
2016-01-20 00:00:00-05:00,29.25871368698568,29.351599253777376,28.558505494422718,29.122957229614258,1821800,0.0,0.0
2016-01-21 00:00:00-05:00,29.30872793111847,29.608815983966267,28.944332180551406,29.43733787536621,1752400,0.0,0.0
2016-01-22 00:00:00-05:00,30.00178428731608,30.266147890488707,29.901752237580133,30.1946964263916,1439800,0.0,0.0
2016-01-25 00:00:00-05:00,30.30902483240014,30.344751937606215,30.058951449530355,30.08753204345703,1381100,0.0,0.0
2016-01-26 00:00:00-05:00,30.037510361128735,30.551947303847708,30.01607355788578,30.459064483642578,1269400,0.0,0.0
2016-01-27 00:00:00-05:00,30.67341545226198,30.923488793237006,30.3804712275791,30.5448055267334,1512600,0.0,0.0
2016-01-28 00:00:00-05:00,30.644852051637805,30.86634765330481,30.38763205630748,30.73773765563965,1240100,0.0,0.0
2016-01-29 00:00:00-05:00,31.07353811681937,31.63798980864294,30.98779634224763,31.63084602355957,1258300,0.0,0.0
2016-02-01 00:00:00-05:00,31.437933790868016,31.84519771511117,31.409353196915227,31.738021850585938,1621500,0.0,0.0
2016-02-02 00:00:00-05:00,31.759442817269026,31.795167179093006,31.47364247148898,31.55938148498535,1445800,0.0,0.0
2016-02-03 00:00:00-05:00,31.84734422034988,31.92652834515616,31.408219024250588,31.854541778564453,2004300,0.33,0.0
2016-02-04 00:00:00-05:00,31.170664828287055,31.32903860272541,30.990695628647856,31.22105598449707,1795800,0.0,0.0
2016-02-05 00:00:00-05:00,31.35063523147761,31.365033097534926,30.94750596632138,31.2066593170166,2290800,0.0,0.0
2016-02-08 00:00:00-05:00,30.67394855630214,31.084278081430064,30.50837723441823,30.976295471191406,2651200,0.0,0.0
2016-02-09 00:00:00-05:00,30.357202035586017,30.92590534225636,30.342806916782163,30.760334014892578,1513200,0.0,0.0
2016-02-10 00:00:00-05:00,31.06268209376876,31.069879652801774,30.601958678413588,30.637954711914062,1577600,0.0,0.0
2016-02-11 00:00:00-05:00,30.479592141693768,30.58037448182585,30.234833853038943,30.48678970336914,2048400,0.0,0.0
2016-02-12 00:00:00-05:00,30.50838892979461,30.961909475985397,30.486790751800115,30.9547119140625,1724500,0.0,0.0
2016-02-16 00:00:00-05:00,31.35062821848365,31.35062821848365,30.94029873903153,31.22825050354004,1720500,0.0,0.0
2016-02-17 00:00:00-05:00,31.357838307784466,31.62419198809471,31.249855675871242,31.530607223510742,1236300,0.0,0.0
2016-02-18 00:00:00-05:00,31.451414153913372,31.509005611928075,31.213856254882398,31.29304313659668,1404600,0.0,0.0
2016-02-19 00:00:00-05:00,31.14187409944251,31.451421392231946,31.098683242103284,31.42262840270996,1591900,0.0,0.0
2016-02-22 00:00:00-05:00,31.314645767136902,31.559404027805,31.314645767136902,31.42262840270996,985500,0.0,0.0
2016-02-23 00:00:00-05:00,31.249853966241574,31.39382988554505,30.990697860717773,30.990697860717773,1029400,0.0,0.0
2016-02-24 00:00:00-05:00,30.63075698569273,30.947504532049617,30.479583518265326,30.91870880126953,1298500,0.0,0.0
2016-02-25 00:00:00-05:00,31.257054295867942,31.42262840270996,31.206663131563847,31.42262840270996,840200,0.0,0.0
2016-02-26 00:00:00-05:00,31.37943824803817,31.437026979523967,30.94031284274367,30.96910858154297,909600,0.0,0.0
2016-02-29 00:00:00-05:00,30.87551207660652,31.170661421916016,30.825120925903317,30.82512092590332,1100700,0.0,0.0
2016-03-01 00:00:00-05:00,31.401037052593686,31.840162505064818,31.393839490177005,31.775373458862305,1338900,0.0,0.0
2016-03-02 00:00:00-05:00,31.249851715506235,31.2786474465154,30.918709047236998,31.22105598449707,1486400,0.0,0.0
2016-03-03 00:00:00-05:00,31.062681091120464,31.516201440580186,31.062681091120464,31.494606018066406,1103100,0.0,0.0
2016-03-04 00:00:00-05:00,31.962533733937,32.005724588094715,31.840153239561452,31.919340133666992,1336500,0.0,0.0
2016-03-07 00:00:00-05:00,31.501807272221704,31.746565491832495,31.415422825921436,31.660181045532227,920100,0.0,0.0
2016-03-08 00:00:00-05:00,31.667377566675324,31.940928738285688,31.59538824826862,31.768159866333008,1060100,0.0,0.0
2016-03-09 00:00:00-05:00,31.991321698322473,32.149695461666994,31.86174366397002,31.933732986450195,1097700,0.0,0.0
2016-03-10 00:00:00-05:00,32.35847487468492,32.5024508380364,31.501819403105795,31.775373458862305,1643400,0.0,0.0
2016-03-11 00:00:00-05:00,32.07050608068375,32.149692956184836,31.96252622454634,32.12809753417969,1199100,0.0,0.0
2016-03-14 00:00:00-04:00,32.113707716593005,32.192894611933625,31.948136365477318,31.99852752685547,1208500,0.0,0.0
2016-03-15 00:00:00-04:00,31.9337359023699,32.22888528620952,31.89774261089914,32.09210968017578,909500,0.0,0.0
2016-03-16 00:00:00-04:00,31.732173430621163,32.06331612844496,31.595395069176156,32.02012252807617,1168000,0.0,0.0
2016-03-17 00:00:00-04:00,32.03452055411481,32.516836736458586,31.9265379257122,32.437652587890625,1396900,0.0,0.0
2016-03-18 00:00:00-04:00,32.272083414052254,32.58162796104488,32.21449194272456,32.365665435791016,1375300,0.0,0.0
2016-03-21 00:00:00-04:00,32.04171577678218,32.22888528620952,32.04171577678218,32.09210968017578,1015600,0.0,0.0
2016-03-22 00:00:00-04:00,31.652979702993985,31.840146438628008,31.638581839312643,31.768159866333008,1069600,0.0,0.0
2016-03-23 00:00:00-04:00,32.1496884876829,32.21447749080495,32.03450834281163,32.10649490356445,1046800,0.0,0.0
2016-03-24 00:00:00-04:00,32.106499366062884,32.12809753417969,31.897737212419237,32.12809753417969,1209300,0.0,0.0
2016-03-28 00:00:00-04:00,32.23606753409459,32.37284582127146,32.15688068280499,32.250465393066406,604700,0.0,0.0
2016-03-29 00:00:00-04:00,32.56002984903565,32.73999906293444,32.42325423507299,32.72560119628906,1549600,0.0,0.0
2016-03-30 00:00:00-04:00,33.12873018371066,33.26550578512106,32.869574100101886,32.948760986328125,1410400,0.0,0.0
2016-03-31 00:00:00-04:00,32.81918580707708,32.81918580707708,32.49524067431099,32.5240364074707,1166900,0.0,0.0
2016-04-01 00:00:00-04:00,32.02011926757361,32.480839973477806,32.01292170796787,32.4664421081543,949700,0.0,0.0
2016-04-04 00:00:00-04:00,32.91276750939294,32.91276750939294,32.57442454147701,32.63921356201172,1615100,0.0,0.0
2016-04-05 00:00:00-04:00,32.495240456815516,32.58162490960421,32.35846484439074,32.48084259033203,1199600,0.0,0.0
2016-04-06 00:00:00-04:00,32.60323198469725,32.991966247558594,32.58883411428243,32.991966247558594,1044400,0.0,0.0
2016-04-07 00:00:00-04:00,32.80478264305747,32.9919521322585,32.6392113232946,32.76158905029297,935000,0.0,0.0
2016-04-08 00:00:00-04:00,32.84077877480598,32.93436352751138,32.73279890271088,32.819183349609375,700100,0.0,0.0
2016-04-11 00:00:00-04:00,33.02074799174991,33.2007171914483,32.92716598510742,32.92716598510742,1149700,0.0,0.0
2016-04-12 00:00:00-04:00,33.19352319664772,33.28710795945302,32.98475824350987,33.2583122253418,900900,0.0,0.0
2016-04-13 00:00:00-04:00,33.41668086223947,33.47427232631104,33.15032720618883,33.287105560302734,1603600,0.0,0.0
2016-04-14 00:00:00-04:00,33.48866427162866,33.510259693781414,33.22950822134894,33.2367057800293,1360700,0.0,0.0
2016-04-15 00:00:00-04:00,33.402291455855995,33.56786282421482,33.373495718894645,33.5462646484375,1138500,0.0,0.0
2016-04-18 00:00:00-04:00,33.467079292132105,33.726232677163196,33.45268142416718,33.668643951416016,1262000,0.0,0.0
2016-04-19 00:00:00-04:00,34.33812508815342,34.482101002318956,34.302131796140074,34.395713806152344,1516200,0.0,0.0
2016-04-20 00:00:00-04:00,34.23014252838957,34.47490075908344,34.12936021212365,34.237342834472656,1169700,0.0,0.0
2016-04-21 00:00:00-04:00,33.654241263257305,33.73342815266644,33.474272058640956,33.5102653503418,1268800,0.0,0.0
2016-04-22 00:00:00-04:00,33.186319915244354,33.22951351253932,32.82638150945597,33.10713577270508,1522500,0.0,0.0
2016-04-25 00:00:00-04:00,32.94875437970841,33.29429483986444,32.927158959108496,33.265499114990234,1239400,0.0,0.0
2016-04-26 00:00:00-04:00,33.12872996104419,33.279903426762566,32.862376319619635,32.90556716918945,1173100,0.0,0.0
2016-04-27 00:00:00-04:00,32.75680018161865,32.938217996331396,32.539099357606595,32.79308319091797,2254500,0.365,0.0
2016-04-28 00:00:00-04:00,32.45928398988193,32.93822704151777,32.444770228533336,32.74955368041992,1124500,0.0,0.0
2016-04-29 00:00:00-04:00,32.40122146174884,32.68423279796619,32.29962516445128,32.553611755371094,1611700,0.0,0.0
2016-05-02 00:00:00-04:00,32.589903114475,32.93822506124908,32.481051295013266,32.887428283691406,925100,0.0,0.0
2016-05-03 00:00:00-04:00,32.66246317665711,32.80034249186112,32.52458662966936,32.58989715576172,1075800,0.0,0.0
2016-05-04 00:00:00-04:00,32.314156648992785,32.59716814047233,32.29238738602284,32.5318603515625,1039700,0.0,0.0
2016-05-05 00:00:00-04:00,32.50282873384822,32.706015877923896,32.459287445167476,32.5826530456543,803100,0.0,0.0
2016-05-06 00:00:00-04:00,32.488310417030064,32.785835594100945,32.45202739899056,32.74229431152344,809800,0.0,0.0
2016-05-09 00:00:00-04:00,32.95998842717176,33.15592000625549,32.93096367962386,33.01078796386719,763500,0.0,0.0
2016-05-10 00:00:00-04:00,33.06885784234449,33.26478952579738,33.039830311117896,33.25753402709961,803500,0.0,0.0
2016-05-11 00:00:00-04:00,33.141412470575396,33.228495034217396,33.01804965774108,33.04707717895508,880400,0.0,0.0
2016-05-12 00:00:00-04:00,33.30831762356408,33.344600639110595,32.94548193166563,33.1341552734375,913300,0.0,0.0
2016-05-13 00:00:00-04:00,32.97450750792858,33.14141159819046,32.72777912053782,32.7785758972168,682000,0.0,0.0
2016-05-16 00:00:00-04:00,32.851147715823146,33.170442165450154,32.800350934478324,33.141414642333984,1015000,0.0,0.0
2016-05-17 00:00:00-04:00,32.82937941470875,32.930972980360266,32.40123312502231,32.50282669067383,991800,0.0,0.0
2016-05-18 00:00:00-04:00,32.58990329553709,32.851145449123244,32.36494415923418,32.61893081665039,1099800,0.0,0.0
2016-05-19 00:00:00-04:00,32.41572829364587,32.45201406499299,32.18351375174596,32.393959045410156,920400,0.0,0.0
2016-05-20 00:00:00-04:00,32.59715369523285,32.61166745352031,32.357683604030534,32.38671112060547,1124000,0.0,0.0
2016-05-23 00:00:00-04:00,32.25610738558976,32.37947024495388,32.18353855518337,32.263362884521484,717600,0.0,0.0
2016-05-24 00:00:00-04:00,32.698754697891616,33.1704394529817,32.676982673226384,33.1486701965332,1338300,0.0,0.0
2016-05-25 00:00:00-04:00,33.322830325837714,33.3736298720706,33.03981891454319,33.04707717895508,1005600,0.0,0.0
2016-05-26 00:00:00-04:00,33.26476934152349,33.43167339247637,33.2139725768081,33.2502555847168,1038300,0.0,0.0
2016-05-27 00:00:00-04:00,33.40264776030974,33.48973030605494,33.30831248807677,33.38813400268555,930600,0.0,0.0
2016-05-31 00:00:00-04:00,33.76548762691691,33.76548762691691,32.996277753969636,33.061588287353516,2035900,0.0,0.0
2016-06-01 00:00:00-04:00,33.17769691505279,33.402653274825866,33.17769691505279,33.30105972290039,1486900,0.0,0.0
2016-06-02 00:00:00-04:00,33.155924890913994,33.34460100296131,33.105128114951256,33.30105972290039,928900,0.0,0.0
2016-06-03 00:00:00-04:00,33.4534487630153,33.816284444905776,33.39539649338544,33.76548767089844,1028900,0.0,0.0
2016-06-06 00:00:00-04:00,33.99770175336863,34.1283228182607,33.75097338281878,33.86708068847656,892200,0.0,0.0
2016-06-07 00:00:00-04:00,34.26621281810847,34.331523370893606,33.983201345445345,34.01222610473633,1193200,0.0,0.0
2016-06-08 00:00:00-04:00,34.06300729498294,34.15734533207536,33.96867202610663,34.05575180053711,868400,0.0,0.0
2016-06-09 00:00:00-04:00,33.78726705205466,33.91788814743793,33.70744274174076,33.81629180908203,788900,0.0,0.0
2016-06-10 00:00:00-04:00,32.99628031492335,33.141412384181436,32.65521386208993,32.829376220703125,1460300,0.0,0.0
2016-06-13 00:00:00-04:00,32.32140020973562,32.55361480315295,32.16175163868009,32.21980667114258,1437900,0.0,0.0
2016-06-14 00:00:00-04:00,31.66829183286549,31.8134266315856,31.472360269825746,31.653778076171875,2374600,0.0,0.0
2016-06-15 00:00:00-04:00,31.95856017086256,32.103694963863106,31.740859365469706,31.76988410949707,1523600,0.0,0.0
2016-06-16 00:00:00-04:00,31.552186555842592,32.24883031218154,31.450593020736854,32.212547302246094,1657100,0.0,0.0
2016-06-17 00:00:00-04:00,32.06742294850882,32.17627478201789,31.76989774089676,32.139991760253906,1615700,0.0,0.0
2016-06-20 00:00:00-04:00,33.235750230465484,33.235750230465484,32.87291452321539,32.887428283691406,1991300,0.0,0.0
2016-06-21 00:00:00-04:00,33.27927985933414,33.81627496783697,33.22848309956267,33.634857177734375,1485200,0.0,0.0
2016-06-22 00:00:00-04:00,33.71469402655027,34.03399122791213,33.60584497280885,33.642127990722656,2179000,0.0,0.0
2016-06-23 00:00:00-04:00,34.22265284502989,34.41132613440459,33.830789742233364,34.389556884765625,1449500,0.0,0.0
2016-06-24 00:00:00-04:00,32.5971604020833,33.32283185646503,32.08193433384432,32.10370635986328,3888200,0.0,0.0
2016-06-27 00:00:00-04:00,32.052896609794615,32.176262157248644,31.7045747547381,32.125465393066406,2306200,0.0,0.0
2016-06-28 00:00:00-04:00,32.974498688643656,32.974498688643656,32.51732782080676,32.96724319458008,1760400,0.0,0.0
2016-06-29 00:00:00-04:00,33.44618827489615,33.89610367818105,33.35185023658578,33.74371337890625,1788600,0.0,0.0
2016-06-30 00:00:00-04:00,34.09204352942781,34.78143194319321,34.033991254363976,34.76691818237305,2385900,0.0,0.0
2016-07-01 00:00:00-04:00,35.020904198775355,35.04267622543361,34.73063726942962,34.854000091552734,1566100,0.0,0.0
2016-07-05 00:00:00-04:00,34.6943473815918,34.90478996404012,34.614523092152304,34.6943473815918,1432500,0.0,0.0
2016-07-06 00:00:00-04:00,34.02673551333352,34.382315759256066,33.823548383216085,34.32426071166992,1707700,0.0,0.0
2016-07-07 00:00:00-04:00,34.60001163327618,34.65080840843855,34.17186540818147,34.30974197387695,1431600,0.0,0.0
2016-07-08 00:00:00-04:00,34.46212657886666,34.563720104166876,34.24442300383369,34.45486831665039,1070800,0.0,0.0
2016-07-11 00:00:00-04:00,34.25893676005028,34.563720104166876,34.18637074718326,34.45486831665039,911700,0.0,0.0
2016-07-12 00:00:00-04:00,34.3170051574707,34.50567852537624,34.12107352452051,34.3170051574707,1424000,0.0,0.0
2016-07-13 00:00:00-04:00,34.3823158251879,34.70886854794358,34.3460328044855,34.541961669921875,1002900,0.0,0.0
2016-07-14 00:00:00-04:00,34.752406388152025,34.75966465308126,34.36054312848289,34.41859817504883,2095100,0.0,0.0
2016-07-15 00:00:00-04:00,34.47664923162792,34.527448779681386,34.309745130991,34.396827697753906,1232600,0.0,0.0
2016-07-18 00:00:00-04:00,34.433103463409054,34.614521286958926,34.34602368320568,34.563724517822266,780300,0.0,0.0
2016-07-19 00:00:00-04:00,34.128320212134525,34.222658255845246,33.99044366226219,34.092037200927734,962500,0.0,0.0
2016-07-20 00:00:00-04:00,34.14283545849776,34.273456519108855,34.04124191540389,34.063011169433594,1002700,0.0,0.0
2016-07-21 00:00:00-04:00,33.92514071037035,34.11381407170669,33.772750368342884,33.88159942626953,1709300,0.0,0.0
2016-07-22 00:00:00-04:00,33.71469823894331,33.97594042970984,33.70744274174076,33.81629180908203,1256600,0.0,0.0
2016-07-25 00:00:00-04:00,33.7872569833948,33.81628173177275,33.605839157005,33.772743225097656,1805500,0.0,0.0
2016-07-26 00:00:00-04:00,33.990449699570945,34.06301573487355,33.772748825446314,33.90336990356445,1306800,0.0,0.0
2016-07-27 00:00:00-04:00,33.70017847098692,33.73646425518509,33.344601038864894,33.511505126953125,1455100,0.0,0.0
2016-07-28 00:00:00-04:00,33.816284444905776,33.816284444905776,33.61309734887641,33.76548767089844,1059500,0.0,0.0
2016-07-29 00:00:00-04:00,33.64937279148491,34.113801916882075,33.61308978510374,33.96866989135742,1026200,0.0,0.0
2016-08-01 00:00:00-04:00,33.78000014791964,33.93964872771977,33.714689616930166,33.7364616394043,1985200,0.0,0.0
2016-08-02 00:00:00-04:00,34.27346769594333,34.27346769594333,34.0194837553826,34.106563568115234,1604700,0.0,0.0
2016-08-03 00:00:00-04:00,33.677368716622134,33.75779430356197,33.4726411803998,33.53113555908203,1136800,0.353,0.0
2016-08-04 00:00:00-04:00,33.55305627532781,33.76509413037255,33.53843268644565,33.71391296386719,895200,0.0,0.0
2016-08-05 00:00:00-04:00,33.71392162306711,33.93326993430891,33.69929803042898,33.757789611816406,1066600,0.0,0.0
2016-08-08 00:00:00-04:00,33.487248316582445,33.618857814767864,33.42875675581344,33.596923828125,1228700,0.0,0.0
2016-08-09 00:00:00-04:00,33.706599800569535,33.97713201134939,33.691979000840604,33.882080078125,1130500,0.0,0.0
2016-08-10 00:00:00-04:00,33.91133179334813,34.006380950125994,33.69198350892764,33.79434585571289,897700,0.0,0.0
2016-08-11 00:00:00-04:00,34.2476610972214,34.51088011639196,34.167232753678796,34.39389419555664,1063100,0.0,0.0
2016-08-12 00:00:00-04:00,34.284228150869104,34.386590511248,34.1526186049062,34.21111297607422,781600,0.0,0.0
2016-08-15 00:00:00-04:00,34.15261459350586,34.32809489723371,34.06487583622433,34.15261459350586,1153000,0.0,0.0
2016-08-16 00:00:00-04:00,34.22573759733125,34.38659154454661,34.152619631174076,34.254981994628906,1191700,0.0,0.0
2016-08-17 00:00:00-04:00,34.393916912927,34.59864171231957,34.24037331338257,34.5328369140625,935800,0.0,0.0
2016-08-18 00:00:00-04:00,34.620549687455444,34.620549687455444,34.46700620334574,34.61323928833008,665500,0.0,0.0
2016-08-19 00:00:00-04:00,34.320774116213066,34.496254381129056,34.196477803319226,34.48894119262695,766200,0.0,0.0
2016-08-22 00:00:00-04:00,34.14529217382467,34.3427064000943,34.10142141604348,34.269588470458984,1061800,0.0,0.0
2016-08-23 00:00:00-04:00,34.4889366810373,34.554741423127176,34.233030900223234,34.269588470458984,897000,0.0,0.0
2016-08-24 00:00:00-04:00,34.25497445629144,34.262287645880384,34.00637900439475,34.11605453491211,1016400,0.0,0.0
2016-08-25 00:00:00-04:00,34.20379071772531,34.33540022879875,34.16723314001922,34.218414306640625,962400,0.0,0.0
2016-08-26 00:00:00-04:00,34.24035365544275,34.54744067822799,33.99175820354606,34.11605453491211,1341200,0.0,0.0
2016-08-29 00:00:00-04:00,34.07948743173479,34.284212056386046,34.06486384580773,34.269588470458984,471000,0.0,0.0
2016-08-30 00:00:00-04:00,34.26229230613844,34.342720667568855,34.01369682042851,34.05756759643555,846500,0.0,0.0
2016-08-31 00:00:00-04:00,33.852839798807544,34.00638332972965,33.75778784621364,33.969825744628906,1133800,0.0,0.0
2016-09-01 00:00:00-04:00,34.15261469535347,34.3865865749118,34.05756553683371,34.35002899169922,1140600,0.0,0.0
2016-09-02 00:00:00-04:00,35.46140174393553,35.80504921006942,35.344415787893276,35.556453704833984,2517600,0.0,0.0
2016-09-06 00:00:00-04:00,35.30785154198989,35.51257622916987,35.19086560800637,35.40290069580078,1297200,0.0,0.0
2016-09-07 00:00:00-04:00,35.43213780648581,35.46869537749732,35.18354241877809,35.227413177490234,1175200,0.0,0.0
2016-09-08 00:00:00-04:00,34.95690138508737,35.095821340460525,34.70830587235917,34.73023986816406,1151800,0.0,0.0
2016-09-09 00:00:00-04:00,34.45969846249778,34.47432205104071,33.94057083129883,33.94057083129883,1182100,0.0,0.0
2016-09-12 00:00:00-04:00,33.89671309568453,34.41583809455683,33.87477910082562,34.37196731567383,1305800,0.0,0.0
2016-09-13 00:00:00-04:00,33.96981674771087,34.13798382596716,33.7504685060359,33.83820724487305,1419900,0.0,0.0
2016-09-14 00:00:00-04:00,33.882091425863315,34.094129352085304,33.77241586701323,33.85284423828125,1460400,0.0,0.0
2016-09-15 00:00:00-04:00,33.95520816642253,34.29154526074556,33.8455353916966,34.24036407470703,1336800,0.0,0.0
2016-09-16 00:00:00-04:00,33.69928678390803,33.74315754718137,33.53111970843983,33.64810562133789,1046600,0.0,0.0
2016-09-19 00:00:00-04:00,34.094126844729615,34.196489204573574,33.93327011402333,33.98445129394531,1141400,0.0,0.0
2016-09-20 00:00:00-04:00,33.99907169110835,34.064876457560956,33.852838566862005,33.867462158203125,931200,0.0,0.0
2016-09-21 00:00:00-04:00,33.633484645267316,33.93326124466943,33.54574590107178,33.882080078125,1404000,0.0,0.0
2016-09-22 00:00:00-04:00,34.72293081258524,34.854537581683914,34.61325525097672,34.69368362426758,1235200,0.0,0.0
2016-09-23 00:00:00-04:00,34.45238761946616,34.51819237780776,34.35002528186023,34.3792724609375,768200,0.0,0.0
2016-09-26 00:00:00-04:00,34.079506016542005,34.18917878705785,33.96252005449257,34.1087532043457,712500,0.0,0.0
2016-09-27 00:00:00-04:00,34.3866005161951,34.686377282739855,34.31348532012699,34.584014892578125,1289800,0.0,0.0
2016-09-28 00:00:00-04:00,34.832595927243055,34.91302428285212,34.635181633247576,34.86184310913086,1240400,0.0,0.0
2016-09-29 00:00:00-04:00,34.70098940946989,34.75217058763295,34.306160787213365,34.415836334228516,1143800,0.0,0.0
2016-09-30 00:00:00-04:00,34.481647032810656,34.810670941258046,34.481647032810656,34.657127380371094,963500,0.0,0.0
2016-10-03 00:00:00-04:00,34.75948766518724,34.83260284526319,34.64250170356651,34.78142166137695,1020100,0.0,0.0
2016-10-04 00:00:00-04:00,35.31516389835977,35.32247708854387,34.847220136510956,34.91302490234375,2029400,0.0,0.0
2016-10-05 00:00:00-04:00,34.50357396245604,34.54744473765084,34.29153885526014,34.34272003173828,1144200,0.0,0.0
2016-10-06 00:00:00-04:00,34.00638772848406,34.29154362315092,33.999077326184285,34.189178466796875,1152900,0.0,0.0
2016-10-07 00:00:00-04:00,33.96251049125494,34.06487283057912,33.65542068411784,33.92595291137695,1189800,0.0,0.0
2016-10-10 00:00:00-04:00,33.889405228988146,34.02832798936124,33.81629004186117,33.86016082763672,666500,0.0,0.0
2016-10-11 00:00:00-04:00,33.88208565203227,33.89670924333131,33.414141887122604,33.50188064575195,1426000,0.0,0.0
2016-10-12 00:00:00-04:00,33.39220032010884,33.421447498515455,33.00468496829679,33.02661895751953,3647400,0.0,0.0
2016-10-13 00:00:00-04:00,31.820207746381413,32.13460799678996,31.739779386160865,31.864078521728516,6139400,0.0,0.0
2016-10-14 00:00:00-04:00,31.622795071712762,31.827519788892758,31.440004348754886,31.440004348754883,2717700,0.0,0.0
2016-10-17 00:00:00-04:00,31.206037380004034,31.301089351935545,31.103675005231107,31.162166595458984,1339800,0.0,0.0
2016-10-18 00:00:00-04:00,31.53505315072441,31.53505315072441,31.323015263907052,31.33763885498047,1479500,0.0,0.0
2016-10-19 00:00:00-04:00,31.15484918713775,31.2206539545757,31.023239652261847,31.04517364501953,959300,0.0,0.0
2016-10-20 00:00:00-04:00,31.074426709516377,31.29377504610341,31.030555926532802,31.271841049194336,1363900,0.0,0.0
2016-10-21 00:00:00-04:00,30.99399267006143,31.15484938910027,30.95743508550667,31.103668212890625,1342000,0.0,0.0
2016-10-24 00:00:00-04:00,31.118291084717754,31.147535478186132,30.935500377007354,31.023239135742188,740900,0.0,0.0
2016-10-25 00:00:00-04:00,31.001305866510165,31.02323985941431,30.85507273909773,30.935501098632812,1148800,0.0,0.0
2016-10-26 00:00:00-04:00,30.791714361499473,30.924437498585842,30.732727863219512,30.799089431762695,971700,0.355,0.0
2016-10-27 00:00:00-04:00,30.968681107024235,30.983428435559418,30.71798214745676,30.784343719482422,813000,0.0,0.0
2016-10-28 00:00:00-04:00,30.83595640806899,30.931812632331468,30.732727926293325,30.77696990966797,1029200,0.0,0.0
2016-10-31 00:00:00-04:00,30.6368682821622,30.813833383141716,30.607373629871475,30.72534942626953,782200,0.0,0.0
2016-11-01 00:00:00-04:00,31.14564815142276,31.182515068644527,30.97605526922475,31.079286575317383,3371200,0.0,0.0
2016-11-02 00:00:00-04:00,31.138278996610516,31.14565406911543,30.946569302973078,30.990808486938477,1480400,0.0,0.0
2016-11-03 00:00:00-04:00,30.87282923484543,30.894951637152875,30.651624901130933,30.688491821289062,1141400,0.0,0.0
2016-11-04 00:00:00-04:00,30.66636737887703,30.71798162148374,30.415668423602185,30.437788009643555,1555600,0.0,0.0
2016-11-07 00:00:00-05:00,30.607378589825547,30.82858570508797,30.555764346335067,30.784343719482422,1172100,0.0,0.0
2016-11-08 00:00:00-05:00,30.78433980218601,31.08665296677472,30.78433980218601,30.976049423217773,1372400,0.0,0.0
2016-11-09 00:00:00-05:00,30.03961792149556,30.563135357515776,30.03961792149556,30.452531814575195,1688100,0.0,0.0
2016-11-10 00:00:00-05:00,29.35389396713623,29.670954578252775,29.073700280221747,29.589845657348633,4090000,0.0,0.0
2016-11-11 00:00:00-05:00,29.30964705385702,29.604588023530354,29.28752746559946,29.383380889892578,1726700,0.0,0.0
2016-11-14 00:00:00-05:00,29.044191183514616,29.09580541430327,28.80086735447733,28.985204696655273,1971200,0.0,0.0
2016-11-15 00:00:00-05:00,29.05895216165293,29.280156513645515,29.022085238448486,29.250661849975586,1579700,0.0,0.0
2016-11-16 00:00:00-05:00,28.764003533092826,28.97046331134093,28.72713661965162,28.87460708618164,4709400,0.0,0.0
2016-11-17 00:00:00-05:00,28.712392862547635,28.874610677181444,28.69764553278406,28.837743759155273,1965800,0.0,0.0
2016-11-18 00:00:00-05:00,28.5059326016574,28.668150397684254,28.446946102134596,28.59441375732422,4143600,0.0,0.0
2016-11-21 00:00:00-05:00,28.71976969885578,28.889359782411177,28.712394627137964,28.88198471069336,5317400,0.0,0.0
2016-11-22 00:00:00-05:00,28.896717071533203,28.98520100971391,28.77136904492359,28.896717071533203,2038000,0.0,0.0
2016-11-23 00:00:00-05:00,28.601797144371147,28.89673535327566,28.601797144371147,28.830373764038086,1602300,0.0,0.0
2016-11-25 00:00:00-05:00,29.33913474214712,29.47185786568741,29.302267832889232,29.390748977661133,1004200,0.0,0.0
2016-11-28 00:00:00-05:00,29.13267493837074,29.21378382626072,28.999954627818354,29.095808029174805,1347300,0.0,0.0
2016-11-29 00:00:00-05:00,29.081067357614927,29.184298664856964,29.02208085195642,29.117937088012695,1256000,0.0,0.0
2016-11-30 00:00:00-05:00,30.061743460509476,30.06911571887573,29.47186434441695,29.479236602783203,3377400,0.0,0.0
2016-12-01 00:00:00-05:00,29.04420253529666,29.07369719663648,28.749264360195603,28.88198471069336,1990600,0.0,0.0
2016-12-02 00:00:00-05:00,29.051579902118416,29.339145840985378,28.977843242943592,29.250661849975586,1285900,0.0,0.0
2016-12-05 00:00:00-05:00,29.597209930419922,29.648824172928155,29.41287254638615,29.597209930419922,2444900,0.0,0.0
2016-12-06 00:00:00-05:00,29.45711813289171,29.66357512816829,29.176924487326637,29.265405654907227,2843300,0.0,0.0
2016-12-07 00:00:00-05:00,29.176916966094566,29.434988143664647,29.117930473834924,29.390748977661133,2313000,0.0,0.0
2016-12-08 00:00:00-05:00,28.94834636005941,29.02945527255084,28.81562600925111,28.859865188598633,2029200,0.0,0.0
2016-12-09 00:00:00-05:00,29.154797383092813,29.41286856066289,29.132674987326176,29.390748977661133,2481200,0.0,0.0
2016-12-12 00:00:00-05:00,29.258025733039126,29.486605069915868,29.250650663559142,29.434988021850586,2425800,0.0,0.0
2016-12-13 00:00:00-05:00,29.914268798478037,30.201834651594723,29.899521471040632,30.076486587524414,1895300,0.0,0.0
2016-12-14 00:00:00-05:00,29.99538010909649,30.076489010152915,29.656199989010844,29.685691833496094,4019800,0.0,0.0
2016-12-15 00:00:00-05:00,29.2285367360257,29.258031394122767,29.11056091640284,29.184297561645508,2299400,0.0,0.0
2016-12-16 00:00:00-05:00,29.339142952411077,29.434996380752224,29.191672461346524,29.272781372070312,2084600,0.0,0.0
2016-12-19 00:00:00-05:00,29.611956967009572,29.744680107227843,29.486608897228557,29.582462310791016,1554000,0.0,0.0
2016-12-20 00:00:00-05:00,29.663577144149855,29.82579497304351,29.5898433016159,29.76680564880371,1475900,0.0,0.0
2016-12-21 00:00:00-05:00,29.722561982306345,29.870029645116677,29.626705751267334,29.656200408935547,1131500,0.0,0.0
2016-12-22 00:00:00-05:00,29.85528344555624,29.921645015185014,29.72256030629869,29.84053611755371,1625300,0.0,0.0
2016-12-23 00:00:00-05:00,29.906897687182486,29.936389530422332,29.788921875927464,29.84053611755371,802100,0.0,0.0
2016-12-27 00:00:00-05:00,29.862652118347874,29.943761006242557,29.796290556685396,29.877399444580078,693800,0.0,0.0
2016-12-28 00:00:00-05:00,29.67832594091681,29.818421373756458,29.656206349617374,29.693073272705078,842900,0.0,0.0
2016-12-29 00:00:00-05:00,29.833157465883467,29.95850833247476,29.825785209149803,29.877399444580078,982600,0.0,0.0
2016-12-30 00:00:00-05:00,30.069112613025364,30.128101924924337,29.95113680199263,30.0101261138916,1126900,0.0,0.0
2017-01-03 00:00:00-05:00,29.752050768419693,29.921643626193507,29.634074962641222,29.892148971557617,2536900,0.0,0.0
2017-01-04 00:00:00-05:00,30.03224760612256,30.164970753556208,29.973261103243928,30.1575984954834,1566700,0.0,0.0
2017-01-05 00:00:00-05:00,30.201827033149417,30.504140137444683,30.179707453955547,30.393539428710938,1649800,0.0,0.0
2017-01-06 00:00:00-05:00,30.157590453457285,30.23132426558456,30.12072073462901,30.187082290649414,1350600,0.0,0.0
2017-01-09 00:00:00-05:00,30.201839370479256,30.415671432584183,30.201839370479256,30.371429443359375,1102900,0.0,0.0
2017-01-10 00:00:00-05:00,30.275575937755022,30.275575937755022,30.12073038226745,30.142852783203125,1132100,0.0,0.0
2017-01-11 00:00:00-05:00,30.2608176969744,30.42303263967514,30.076480361314612,30.34192657470703,1581600,0.0,0.0
2017-01-12 00:00:00-05:00,30.570510061239926,30.68111361303305,30.504148492717082,30.65161895751953,1866300,0.0,0.0
2017-01-13 00:00:00-05:00,30.55575591039959,30.6811067619587,30.393540966828052,30.57050323486328,1272300,0.0,0.0
2017-01-17 00:00:00-05:00,30.57788761421238,30.769597265085434,30.541017885444326,30.681116104125977,1963200,0.0,0.0
2017-01-18 00:00:00-05:00,30.67374449067267,30.791720322838113,30.629505311589195,30.688491821289062,1720400,0.0,0.0
2017-01-19 00:00:00-05:00,30.5705180264522,30.688493866479973,30.504156440638706,30.644254684448242,2388400,0.0,0.0
2017-01-20 00:00:00-05:00,30.725348723134182,30.95392805400911,30.725348723134182,30.931808471679688,1524600,0.0,0.0
2017-01-23 00:00:00-05:00,31.00554555268149,31.248872234985363,30.976050897960096,31.19725799560547,1405300,0.0,0.0
2017-01-24 00:00:00-05:00,31.10140010362809,31.307857050058484,31.086652777059502,31.23412322998047,1874100,0.0,0.0
2017-01-25 00:00:00-05:00,31.28574348175125,31.42583889194094,31.219381905816032,31.396347045898438,1699000,0.0,0.0
2017-01-26 00:00:00-05:00,29.85528302708361,29.921644595782215,29.7225598896864,29.870027542114258,3252300,0.0,0.0
2017-01-27 00:00:00-05:00,30.142850231772794,30.312440289841877,30.105983317021305,30.28294563293457,3478000,0.0,0.0
2017-01-30 00:00:00-05:00,29.92901911651092,30.172343011629017,29.870029800866902,30.1575984954834,3793600,0.0,0.0
2017-01-31 00:00:00-05:00,30.157600037207644,30.341937438870854,30.150224965992418,30.312442779541016,3173300,0.0,0.0
2017-02-01 00:00:00-05:00,30.23133387276672,30.437790862544546,30.098610718547963,30.312442779541016,3433200,0.0,0.0
2017-02-02 00:00:00-05:00,30.415665764306016,30.526269310373138,30.341931942104615,30.34930419921875,4913300,0.0,0.0
2017-02-03 00:00:00-05:00,30.592632449789548,30.614752035035263,30.430414657280544,30.504148483276367,2762100,0.0,0.0
2017-02-06 00:00:00-05:00,30.319818784845644,30.386180370155834,30.27557960314943,30.334566116333008,1249300,0.0,0.0
2017-02-07 00:00:00-05:00,30.651620058935762,30.791715458511348,30.5926335585543,30.732728958129883,2444900,0.0,0.0
2017-02-08 00:00:00-05:00,31.166917582627875,31.241267850514692,31.025656327902006,31.23383140563965,1937100,0.344,0.0
2017-02-09 00:00:00-05:00,31.23383252765503,31.4122703408207,31.204095255604766,31.285879135131836,1384600,0.0,0.0
2017-02-10 00:00:00-05:00,30.936443239037235,31.15948840204954,30.89926951789737,31.055400848388672,1033300,0.0,0.0
2017-02-13 00:00:00-05:00,31.122313582875282,31.166920912200066,31.010789587217275,31.10000991821289,1074800,0.0,0.0
2017-02-14 00:00:00-05:00,31.03309137254587,31.070265086725616,30.82491346802861,30.98104476928711,1039400,0.0,0.0
2017-02-15 00:00:00-05:00,30.884393122496643,31.44200733365123,30.884393122496643,31.352787017822266,1838500,0.0,0.0
2017-02-16 00:00:00-05:00,31.382529337321188,31.68735834747961,31.33792201243194,31.650184631347656,1787100,0.0,0.0
2017-02-17 00:00:00-05:00,35.144576567002225,36.296979070453496,34.252392977300985,36.08136749267578,37033800,0.0,0.0
2017-02-21 00:00:00-05:00,33.07767269866806,33.456849073586255,32.95871512651998,33.36019515991211,10931400,0.0,0.0
2017-02-22 00:00:00-05:00,34.37878430666125,35.657577941667306,34.200346468474734,34.891788482666016,11407700,0.0,0.0
2017-02-23 00:00:00-05:00,34.98100511219059,35.24122683488914,34.83974383610153,34.869483947753906,2347900,0.0,0.0
2017-02-24 00:00:00-05:00,35.107389351357554,35.15199667018918,34.88434141250999,35.03303909301758,1473800,0.0,0.0
2017-02-27 00:00:00-05:00,35.29327211823733,35.560927462183855,35.2263582822507,35.44196701049805,2569000,0.0,0.0
2017-02-28 00:00:00-05:00,35.33043743250333,35.51630883976429,35.27839366536407,35.300697326660156,2446100,0.0,0.0
2017-03-01 00:00:00-05:00,35.33044741627037,35.51631887605535,35.315577359146765,35.36018753051758,1549800,0.0,0.0
2017-03-02 00:00:00-05:00,34.98100666132639,35.29327217515872,34.958702994685964,35.152008056640625,1980200,0.0,0.0
2017-03-03 00:00:00-05:00,35.15944993307553,35.449408988876094,34.98844851135144,35.412235260009766,1730500,0.0,0.0
2017-03-06 00:00:00-05:00,35.30813700079935,35.41965815365307,35.24122317461797,35.382484436035156,1346900,0.0,0.0
2017-03-07 00:00:00-05:00,35.46427659428859,35.58323422013575,35.367622636983555,35.471710205078125,1101500,0.0,0.0
2017-03-08 00:00:00-05:00,35.28583724489955,35.47170870468453,35.24122990970213,35.36018753051758,2154500,0.0,0.0
2017-03-09 00:00:00-05:00,35.850880893603254,36.24492740188433,35.79140067701669,36.14827346801758,2866000,0.0,0.0
2017-03-10 00:00:00-05:00,36.41593161489888,36.63154316260817,36.349017784098514,36.534889221191406,1746700,0.0,0.0
2017-03-13 00:00:00-04:00,36.34158508064087,36.460542689899384,36.20032096977736,36.267234802246094,1012300,0.0,0.0
2017-03-14 00:00:00-04:00,36.41592825095605,36.68358354943269,36.371318089152346,36.401058197021484,1293400,0.0,0.0
2017-03-15 00:00:00-04:00,36.386201805801754,37.040470243731114,36.28211422534855,36.921512603759766,1938800,0.0,0.0
2017-03-16 00:00:00-04:00,37.151983459434774,37.25607100959466,37.040459463593166,37.18172073364258,1465900,0.0,0.0
2017-03-17 00:00:00-04:00,37.30069006706035,37.33786663481195,37.09995134930611,37.11481857299805,1471400,0.0,0.0
2017-03-20 00:00:00-04:00,37.41964054799976,37.47911793539776,37.27837643510483,37.3229866027832,1152800,0.0,0.0
2017-03-21 00:00:00-04:00,37.55346162045874,37.598071783672665,37.18915521415005,37.20402526855469,2054400,0.0,0.0
2017-03-22 00:00:00-04:00,37.345289764524985,37.3898999316013,37.17428837832546,37.28581237792969,1494200,0.0,0.0
2017-03-23 00:00:00-04:00,37.151983459434774,37.43450599953361,37.129676958562634,37.18172073364258,1751500,0.0,0.0
2017-03-24 00:00:00-04:00,37.464246023719056,37.48654968836686,37.20402714891803,37.30067825317383,1034700,0.0,0.0
2017-03-27 00:00:00-04:00,37.59064294812555,37.627816670771345,37.345291273551474,37.397335052490234,1932900,0.0,0.0
2017-03-28 00:00:00-04:00,37.18915169563772,37.35271944244057,37.18171525105253,37.308109283447266,1404000,0.0,0.0
2017-03-29 00:00:00-04:00,37.07762706090313,37.27836851856605,37.06275700816819,37.21889114379883,1329300,0.0,0.0
2017-03-30 00:00:00-04:00,37.003291821406414,37.09250933102965,36.89176780724725,36.89920425415039,1293000,0.0,0.0
2017-03-31 00:00:00-04:00,36.65385363386106,36.85459516353852,36.497722278392004,36.68359375,2954600,0.0,0.0
2017-04-03 00:00:00-04:00,36.60180540569989,36.67615568702204,36.37132378786111,36.5943717956543,3082500,0.0,0.0
2017-04-04 00:00:00-04:00,36.363890177815506,36.5943717956543,36.363890177815506,36.5943717956543,2238300,0.0,0.0
2017-04-05 00:00:00-04:00,36.57206971174426,36.74307112518542,36.51259231567383,36.51259231567383,1233100,0.0,0.0
2017-04-06 00:00:00-04:00,37.003281803798735,37.003281803798735,36.81741038796863,36.83971405029297,1811600,0.0,0.0
2017-04-07 00:00:00-04:00,36.988409727850694,37.38989264477411,36.98097611953992,37.27093505859375,1476100,0.0,0.0
2017-04-10 00:00:00-04:00,37.174290609355026,37.50142334569497,37.15942055277049,37.36759567260742,1000400,0.0,0.0
2017-04-11 00:00:00-04:00,37.50885427681017,37.59807176702565,37.36759017811504,37.49398422241211,1913800,0.0,0.0
2017-04-12 00:00:00-04:00,37.51628823157784,37.806247204579336,37.50141817704277,37.769073486328125,1325900,0.0,0.0
2017-04-13 00:00:00-04:00,37.59808237537746,37.65756260975213,37.45682107299813,37.4716911315918,762100,0.0,0.0
2017-04-17 00:00:00-04:00,37.568330488158,37.694724528518506,37.568330488158,37.65755081176758,749500,0.0,0.0
2017-04-18 00:00:00-04:00,37.6575562276175,37.731903671811885,37.486552000858644,37.65011978149414,1437800,0.0,0.0
2017-04-19 00:00:00-04:00,37.56089922920854,37.65755316774617,37.28581030463386,37.33041763305664,1523800,0.0,0.0
2017-04-20 00:00:00-04:00,37.99211566938629,38.00698572276178,37.493981644084144,37.50141525268555,1425300,0.0,0.0
2017-04-21 00:00:00-04:00,37.3304182233445,37.42707216341047,37.233767119451535,37.248634338378906,1294100,0.0,0.0
2017-04-24 00:00:00-04:00,38.24491451227052,38.30439474693606,38.05904303320125,38.207740783691406,2324600,0.0,0.0
2017-04-25 00:00:00-04:00,38.31926296018731,38.349003076087826,38.17799882774663,38.28208923339844,906200,0.0,0.0
2017-04-26 00:00:00-04:00,38.28208611621462,38.29695333678074,38.05160449101331,38.08134460449219,1457800,0.0,0.0
2017-04-27 00:00:00-04:00,38.12594921786744,38.14825571947147,37.96981788750487,38.0367317199707,730700,0.0,0.0
2017-04-28 00:00:00-04:00,38.08134523839221,38.22260652550832,38.04416867783811,38.170562744140625,977800,0.0,0.0
2017-05-01 00:00:00-04:00,38.13338616832443,38.20773361152653,38.05160227909822,38.07390594482422,761600,0.0,0.0
2017-05-02 00:00:00-04:00,38.616664650729646,38.67614489645484,38.460533259962325,38.512577056884766,1590600,0.0,0.0
2017-05-03 00:00:00-04:00,38.41742999218308,38.63464757204411,38.33503692000828,38.514801025390625,989300,0.383,0.0
2017-05-04 00:00:00-04:00,38.60469022036759,38.821907824339014,38.574728580378576,38.784454345703125,1324000,0.0,0.0
2017-05-05 00:00:00-04:00,38.739513170129804,38.77696378994588,38.63465029172514,38.73202133178711,850000,0.0,0.0
2017-05-08 00:00:00-04:00,39.15897493326422,39.27881866242318,39.06909285071997,39.136505126953125,2436200,0.0,0.0
2017-05-09 00:00:00-04:00,39.39865697262561,39.40614881189879,39.01665603137868,39.084068298339844,2427400,0.0,0.0
2017-05-10 00:00:00-04:00,39.35371712630045,39.488541659400944,39.32375548398935,39.458580017089844,1616300,0.0,0.0
2017-05-11 00:00:00-04:00,39.51101532632781,39.5859165821308,39.33874015214111,39.55595779418945,1166500,0.0,0.0
2017-05-12 00:00:00-04:00,39.36870660578479,39.555962625463046,39.36870660578479,39.5260009765625,892100,0.0,0.0
2017-05-15 00:00:00-04:00,39.713255631052064,39.84058834855202,39.64584335199326,39.833099365234375,881500,0.0,0.0
2017-05-16 00:00:00-04:00,40.21509412846068,40.24505577167734,40.03532998375981,40.07278060913086,1044200,0.0,0.0
2017-05-17 00:00:00-04:00,40.334939928020596,40.462275489620716,40.10274432434345,40.110233306884766,1548300,0.0,0.0
2017-05-18 00:00:00-04:00,39.89301423771165,39.94544854281941,39.70575825059691,39.87054443359375,947100,0.0,0.0
2017-05-19 00:00:00-04:00,40.275024730525736,40.484750556538266,40.230082257537305,40.34992599487305,929800,0.0,0.0
2017-05-22 00:00:00-04:00,40.731926287410396,40.941652094966,40.672002995366036,40.806827545166016,1030400,0.0,0.0
2017-05-23 00:00:00-04:00,40.91916830149794,40.9416380996837,40.52967560825129,40.59708786010742,1747500,0.0,0.0
2017-05-24 00:00:00-04:00,40.97910276539994,40.99408358842622,40.67200303661073,40.90420150756836,1686100,0.0,0.0
2017-05-25 00:00:00-04:00,41.398552498596594,41.5333770330975,41.30117858872382,41.4809455871582,1321000,0.0,0.0
2017-05-26 00:00:00-04:00,41.12889595122811,41.33113271620726,41.12889595122811,41.29368209838867,750200,0.0,0.0
2017-05-30 00:00:00-04:00,41.158863289471036,41.510902574486806,41.158863289471036,41.4210205078125,1245000,0.0,0.0
2017-05-31 00:00:00-04:00,41.915377626671834,41.9977707145468,41.600788953657755,41.660709381103516,1878000,0.0,0.0
2017-06-01 00:00:00-04:00,42.02024987884468,42.02024987884468,41.623268029516986,42.005271911621094,1552600,0.0,0.0
2017-06-02 00:00:00-04:00,42.09514706063667,42.2674222283036,41.99777314593808,42.25244140625,1288700,0.0,0.0
2017-06-05 00:00:00-04:00,42.05769520297508,42.28240181260184,42.027733559744966,42.27490997314453,799900,0.0,0.0
2017-06-06 00:00:00-04:00,42.08015857512546,42.24494473040527,42.05019693647475,42.155059814453125,963700,0.0,0.0
2017-06-07 00:00:00-04:00,42.25993231625351,42.3048747844643,42.05020651253606,42.1251106262207,1532000,0.0,0.0
2017-06-08 00:00:00-04:00,41.615763981186824,41.67568440029059,41.248741056467054,41.435997009277344,1717300,0.0,0.0
2017-06-09 00:00:00-04:00,41.23375840749656,41.301170661808605,40.86673835636347,41.12140655517578,2062500,0.0,0.0
2017-06-12 00:00:00-04:00,40.904193252266154,40.93415489227184,40.679486666821965,40.72442626953125,1821000,0.0,0.0
2017-06-13 00:00:00-04:00,40.63454106054212,40.76936557282922,40.514697367097924,40.61956024169922,2063600,0.0,0.0
2017-06-14 00:00:00-04:00,40.806822453426996,40.866745737994336,40.394859872574735,40.47725296020508,2019100,0.0,0.0
2017-06-15 00:00:00-04:00,40.27502662323269,40.67950032723642,40.20012249806521,40.57463455200195,2362800,0.0,0.0
2017-06-16 00:00:00-04:00,41.04651204951059,41.05400388912775,40.716942538845984,40.96411895751953,2707000,0.0,0.0
2017-06-19 00:00:00-04:00,41.09894943237305,41.19632336035973,40.99408652098741,41.09894943237305,1679900,0.0,0.0
2017-06-20 00:00:00-04:00,41.1663550545534,41.24125916292933,40.66451038628273,40.716941833496094,1019800,0.0,0.0
2017-06-21 00:00:00-04:00,40.80681486908197,40.89669692192804,40.76187241400946,40.82928466796875,1001000,0.0,0.0
2017-06-22 00:00:00-04:00,40.799328287415214,40.8592487070694,40.64952295233109,40.686973571777344,969100,0.0,0.0
2017-06-23 00:00:00-04:00,40.80681985594317,40.919174578705444,40.62705572828267,40.70944595336914,1778100,0.0,0.0
2017-06-26 00:00:00-04:00,41.51089095454775,41.51089095454775,41.05398891009373,41.0689697265625,1821200,0.0,0.0
2017-06-27 00:00:00-04:00,41.11392206532511,41.196315152798626,40.979097532604726,41.01654815673828,1477000,0.0,0.0
2017-06-28 00:00:00-04:00,41.25623148057009,41.435995589018894,41.158857588402576,41.29368209838867,1847200,0.0,0.0
2017-06-29 00:00:00-04:00,40.934157217002635,40.94913518055685,40.02034714602673,40.1327018737793,2230900,0.0,0.0
2017-06-30 00:00:00-04:00,40.60459795585759,40.62707062302858,40.33494880820846,40.53718566894531,1749300,0.0,0.0
2017-07-03 00:00:00-04:00,40.32744289950418,40.43979761630537,40.28999227967016,40.31995391845703,753100,0.0,0.0
2017-07-05 00:00:00-04:00,40.18513975647843,40.417335373663036,40.132708303739975,40.2525520324707,1463200,0.0,0.0
2017-07-06 00:00:00-04:00,40.042816388567324,40.200110719381264,39.91548369904158,40.05030822753906,1242300,0.0,0.0
2017-07-07 00:00:00-04:00,40.252541091398676,40.35740396837273,40.12520555700225,40.2375602722168,1054000,0.0,0.0
2017-07-10 00:00:00-04:00,40.61208565767264,40.71694856944721,40.39486799339669,40.4622802734375,1422000,0.0,0.0
2017-07-11 00:00:00-04:00,40.55965252678509,40.799339988742865,40.52969087971538,40.69447708129883,1662700,0.0,0.0
2017-07-12 00:00:00-04:00,41.12890951921792,41.19632179644956,41.039027435342376,41.04651641845703,1606700,0.0,0.0
2017-07-13 00:00:00-04:00,41.443486264019256,41.47344504305406,41.27870012148275,41.41352462768555,1367200,0.0,0.0
2017-07-14 00:00:00-04:00,41.69068435920743,41.915391034280766,41.63076391259473,41.88542938232422,778200,0.0,0.0
2017-07-17 00:00:00-04:00,41.87792812048624,41.92287058524512,41.72812276192284,41.825496673583984,907200,0.0,0.0
2017-07-18 00:00:00-04:00,41.780554208825095,41.93035956738849,41.75059542295207,41.825496673583984,1012300,0.0,0.0
2017-07-19 00:00:00-04:00,42.125108966973634,42.20001022040825,41.847968043206286,41.8779296875,1518700,0.0,0.0
2017-07-20 00:00:00-04:00,42.39474881125832,42.74679093546092,42.312358587803814,42.58949661254883,1472300,0.0,0.0
2017-07-21 00:00:00-04:00,42.67939430362501,42.76178741455078,42.35731370126079,42.76178741455078,1561200,0.0,0.0
2017-07-24 00:00:00-04:00,42.37977420594399,42.42471381187938,42.12510596221211,42.31985092163086,1095100,0.0,0.0
2017-07-25 00:00:00-04:00,42.679381602111896,42.70185140484083,42.32733945376161,42.43220520019531,1114400,0.0,0.0
2017-07-26 00:00:00-04:00,42.62695216456852,42.7917383451379,42.514597431034936,42.75428771972656,1326700,0.0,0.0
2017-07-27 00:00:00-04:00,42.95652166840771,43.03142577652996,42.55953989590829,42.75428771972656,712900,0.0,0.0
2017-07-28 00:00:00-04:00,42.432207601457606,42.61946358759413,42.155066684719834,42.544559478759766,1041500,0.0,0.0
2017-07-31 00:00:00-04:00,42.81422238864598,42.836692199906174,42.559554050928504,42.6868896484375,999400,0.0,0.0
2017-08-01 00:00:00-04:00,42.58201723207801,42.784254073832635,42.51460495149313,42.559547424316406,945600,0.0,0.0
2017-08-02 00:00:00-04:00,42.58518887388432,42.78136605936263,42.45692161114692,42.71345901489258,1119400,0.414,0.0
2017-08-03 00:00:00-04:00,42.81909392131501,43.04544978929771,42.758730821441745,42.79645919799805,815400,0.0,0.0
2017-08-04 00:00:00-04:00,42.909632281646296,43.00017692425813,42.75872742223071,42.917179107666016,763900,0.0,0.0
2017-08-07 00:00:00-04:00,42.93981817860724,43.23408110122493,42.93981817860724,43.218990325927734,840500,0.0,0.0
2017-08-08 00:00:00-04:00,43.18126144670183,43.279350039319965,43.10581045439303,43.1737174987793,748400,0.0,0.0
2017-08-09 00:00:00-04:00,43.10580982940497,43.49816131591797,42.99263046431188,43.49816131591797,1178400,0.0,0.0
2017-08-10 00:00:00-04:00,42.90964071144937,43.00018537184913,42.751191873156834,42.773826599121094,938900,0.0,0.0
2017-08-11 00:00:00-04:00,43.060540732654204,43.09072228270886,42.751187040271546,42.81155014038086,1044600,0.0,0.0
2017-08-14 00:00:00-04:00,43.17373214743622,43.286908674299724,43.08318747201921,43.20391082763672,702400,0.0,0.0
2017-08-15 00:00:00-04:00,43.15108483545086,43.45289459575831,43.08317778329524,43.445350646972656,818100,0.0,0.0
2017-08-16 00:00:00-04:00,43.45290571642435,43.55853829608457,43.309547626638604,43.41518020629883,1252700,0.0,0.0
2017-08-17 00:00:00-04:00,43.384987377397266,43.46043837804948,43.02281739337849,43.04545211791992,713300,0.0,0.0
2017-08-18 00:00:00-04:00,43.11336321073757,43.24917732725807,43.022821425814385,43.15108871459961,584000,0.0,0.0
2017-08-21 00:00:00-04:00,43.28690045635206,43.505712396327645,43.226540229138514,43.45289611816406,941800,0.0,0.0
2017-08-22 00:00:00-04:00,43.59625267070947,43.73961360214941,43.54343639436987,43.70188522338867,1157000,0.0,0.0
2017-08-23 00:00:00-04:00,43.58871280196857,43.72452691906054,43.49817101666441,43.64152908325195,557400,0.0,0.0
2017-08-24 00:00:00-04:00,43.762255707375274,43.83770672107932,43.47553667441088,43.50571823120117,798800,0.0,0.0
2017-08-25 00:00:00-04:00,43.649063689080464,43.89051031705431,43.596247419103115,43.78487777709961,553400,0.0,0.0
2017-08-28 00:00:00-04:00,44.03386960655948,44.07159510111269,43.84523925552266,43.852783203125,686200,0.0,0.0
2017-08-29 00:00:00-04:00,43.807513760969435,43.95841573918231,43.754697492940785,43.852783203125,871400,0.0,0.0
2017-08-30 00:00:00-04:00,43.67924620691103,43.72451853001282,43.35480175369208,43.49061584472656,2083500,0.0,0.0
2017-08-31 00:00:00-04:00,43.6415278971501,44.00369790679503,43.618893171007095,43.92070007324219,987200,0.0,0.0
2017-09-01 00:00:00-04:00,44.162147411186375,44.162147411186375,43.87543128148732,43.98106384277344,1037700,0.0,0.0
2017-09-05 00:00:00-04:00,43.822610470321116,43.958421693454504,43.64152404235806,43.83015441894531,808600,0.0,0.0
2017-09-06 00:00:00-04:00,44.18477628443785,44.37340664325044,44.04141536964694,44.35076904296875,1079900,0.0,0.0
2017-09-07 00:00:00-04:00,44.66012589963152,44.80348682464109,44.57713095358568,44.67521667480469,1195400,0.0,0.0
2017-09-08 00:00:00-04:00,44.780859215980044,44.84876628027782,44.652591915790744,44.75822448730469,769700,0.0,0.0
2017-09-11 00:00:00-04:00,44.86385248476316,45.029848153516376,44.826126981393266,44.992122650146484,711600,0.0,0.0
2017-09-12 00:00:00-04:00,44.53940170333775,44.60730875115019,44.26777351208801,44.34322738647461,1119300,0.0,0.0
2017-09-13 00:00:00-04:00,44.53941265796009,44.53941265796009,44.16215182805151,44.20742416381836,1476500,0.0,0.0
2017-09-14 00:00:00-04:00,44.177234483089364,44.25268836215924,44.094236655248096,44.16214370727539,935900,0.0,0.0
2017-09-15 00:00:00-04:00,44.5243093744901,44.59221641993247,44.403586057955984,44.50167465209961,1141100,0.0,0.0
2017-09-18 00:00:00-04:00,44.7054098403733,44.818589244442464,44.554504927705025,44.6903190612793,911300,0.0,0.0
2017-09-19 00:00:00-04:00,44.73557774599352,44.80348479205653,44.53940055591328,44.622398376464844,779900,0.0,0.0
2017-09-20 00:00:00-04:00,44.50922596227504,44.58467696335821,43.89051566465399,44.1772346496582,1054800,0.0,0.0
2017-09-21 00:00:00-04:00,43.54344373805319,43.709439422128106,43.44535799589227,43.50571823120117,906600,0.0,0.0
2017-09-22 00:00:00-04:00,43.60379830302626,43.679249301938,43.264263051381235,43.33971405029297,1341200,0.0,0.0
2017-09-25 00:00:00-04:00,43.37743911473764,43.573613423886506,43.309532069595555,43.38498306274414,1106400,0.0,0.0
2017-09-26 00:00:00-04:00,43.32461369869368,43.33970447079469,43.08316710161843,43.2114372253418,925000,0.0,0.0
2017-09-27 00:00:00-04:00,42.97000536561268,43.12845420961052,42.90209830700339,43.000186920166016,1061600,0.0,0.0
2017-09-28 00:00:00-04:00,43.03791318944643,43.354810883076624,43.00018768471971,43.241634368896484,732400,0.0,0.0
2017-09-29 00:00:00-04:00,43.633981381788686,43.822611763944224,43.58870905389372,43.7320671081543,1202300,0.0,0.0
2017-10-02 00:00:00-04:00,43.7622483267889,43.94333475871838,43.67170654995975,43.70188522338867,1169800,0.0,0.0
2017-10-03 00:00:00-04:00,43.63398065315449,43.68679692901438,43.513254447450564,43.58116149902344,859100,0.0,0.0
2017-10-04 00:00:00-04:00,43.59625227473643,43.63398065315449,43.53589205015563,43.58116149902344,1579600,0.0,0.0
2017-10-05 00:00:00-04:00,43.64152520621567,43.72452303465087,43.460438773423284,43.55098342895508,1535900,0.0,0.0
2017-10-06 00:00:00-04:00,43.158635764163854,43.22654282277314,42.97754931511528,43.000186920166016,2372000,0.0,0.0
2017-10-09 00:00:00-04:00,43.188811856166865,43.2340813039997,43.03790698075819,43.06808853149414,1225800,0.0,0.0
2017-10-10 00:00:00-04:00,43.588714321560126,43.67171216026219,43.46044414949197,43.64907455444336,2673600,0.0,0.0
2017-10-11 00:00:00-04:00,43.86033323064541,44.0565075436046,43.822607733338366,44.01123809814453,846500,0.0,0.0
2017-10-12 00:00:00-04:00,44.418675701705915,44.84120873795592,44.358315484110676,44.780845642089844,1011300,0.0,0.0
2017-10-13 00:00:00-04:00,45.301482173587125,45.369389239641585,45.067579417561376,45.2109375,1406100,0.0,0.0
2017-10-16 00:00:00-04:00,45.165660692247144,45.180751468722804,44.95439557813054,45.150569915771484,1568800,0.0,0.0
2017-10-17 00:00:00-04:00,44.91667236101039,44.924219189251396,44.69031644439835,44.88649368286133,961400,0.0,0.0
2017-10-18 00:00:00-04:00,45.15056245477781,45.29392049020012,45.02983914119301,45.165653228759766,1000300,0.0,0.0
2017-10-19 00:00:00-04:00,43.15108424245389,43.18881262067723,42.07211824984838,42.28338623046875,3736500,0.0,0.0
2017-10-20 00:00:00-04:00,41.81557931226059,41.81557931226059,41.302507350529694,41.340232849121094,2439500,0.0,0.0
2017-10-23 00:00:00-04:00,41.21951334831477,41.234604124804676,40.85734334737104,40.95542907714844,2937700,0.0,0.0
2017-10-24 00:00:00-04:00,41.03088870471797,41.07615816225496,40.6988973319975,40.82716751098633,2232800,0.0,0.0
2017-10-25 00:00:00-04:00,40.849796519990434,41.03088295959795,40.72152923723323,40.95542907714844,1936700,0.0,0.0
2017-10-26 00:00:00-04:00,41.626956016253075,42.049489155798256,41.498688723586866,41.845767974853516,1309100,0.0,0.0
2017-10-27 00:00:00-04:00,41.664678817152904,41.92121624638509,41.38550378533446,41.89857864379883,939700,0.0,0.0
2017-10-30 00:00:00-04:00,41.84576084735144,41.96648416976301,41.67222125127676,41.89103317260742,1029500,0.0,0.0
2017-10-31 00:00:00-04:00,42.464465893377486,42.84927344116079,42.426740396879545,42.7436408996582,934000,0.0,0.0
2017-11-01 00:00:00-04:00,42.668195007363586,42.74364889274027,42.366388100671145,42.38902282714844,1141100,0.0,0.0
2017-11-02 00:00:00-04:00,42.37533273562966,42.39053482350226,42.040828801334264,42.35252380371094,1669400,0.422,0.0
2017-11-03 00:00:00-04:00,42.51216821225562,42.66421517854796,42.375329132652645,42.451351165771484,909900,0.0,0.0
2017-11-06 00:00:00-05:00,42.40574645996094,42.48937245664599,42.26890444721366,42.40574645996094,757800,0.0,0.0
2017-11-07 00:00:00-05:00,42.19288233473464,42.360134327863015,42.07124531247456,42.27650833129883,721100,0.0,0.0
2017-11-08 00:00:00-05:00,42.23089762681645,42.755459694602045,42.21569263499093,42.73265075683594,649000,0.0,0.0
2017-11-09 00:00:00-05:00,42.534987211580436,42.88469328680079,42.26890423256511,42.67182922363281,1086100,0.0,0.0
2017-11-10 00:00:00-05:00,42.31451261019094,42.65661758701807,42.299307622325856,42.61860656738281,868400,0.0,0.0
2017-11-13 00:00:00-05:00,42.26130117018621,42.57299620497039,42.253700125459616,42.4665641784668,827400,0.0,0.0
2017-11-14 00:00:00-05:00,42.16247155994231,42.48177054989501,42.15487051496846,42.42855453491211,818800,0.0,0.0
2017-11-15 00:00:00-05:00,42.48177321209242,42.48937425754261,42.124463174768366,42.20048522949219,659400,0.0,0.0
2017-11-16 00:00:00-05:00,42.42855118399583,42.51977821675369,42.261299207227175,42.39053726196289,734200,0.0,0.0
2017-11-17 00:00:00-05:00,42.02562726245643,42.078843274542706,41.660716222412624,41.81276321411133,998200,0.0,0.0
2017-11-20 00:00:00-05:00,42.26890452864065,42.58820352568452,42.04843941883899,42.06364440917969,1973400,0.0,0.0
2017-11-21 00:00:00-05:00,42.47417250846359,42.70224159009812,42.45136647031685,42.580604553222656,1353100,0.0,0.0
2017-11-22 00:00:00-05:00,42.7706471849362,42.778251128280885,42.24608819628502,42.451351165771484,745800,0.0,0.0
2017-11-24 00:00:00-05:00,43.03673843006454,43.24200143927652,43.03673843006454,43.21919250488281,587000,0.0,0.0
2017-11-27 00:00:00-05:00,43.46246441071177,43.470068355155895,42.89989432415968,43.06714630126953,885200,0.0,0.0
2017-11-28 00:00:00-05:00,43.71335298492432,43.789375047484484,43.432067873384774,43.7437629699707,1222600,0.0,0.0
2017-11-29 00:00:00-05:00,43.11276041052354,43.515685383556765,42.945511325544025,43.0899543762207,1494300,0.0,0.0
2017-11-30 00:00:00-05:00,43.15837617511818,43.18118220984161,42.74024910487538,42.93790817260742,931400,0.0,0.0
2017-12-01 00:00:00-05:00,42.60340618398719,42.65662219723898,42.12445916466581,42.4665641784668,1126600,0.0,0.0
2017-12-04 00:00:00-05:00,42.512170467714895,42.61860537980465,42.29170539995175,42.57299041748047,1259300,0.0,0.0
2017-12-05 00:00:00-05:00,42.53498518122699,42.687032176255784,42.32211822816459,42.4665641784668,1588100,0.0,0.0
2017-12-06 00:00:00-05:00,42.55018340893009,42.77825241520239,42.49696740413504,42.62620544433594,3364500,0.0,0.0
2017-12-07 00:00:00-05:00,42.70222766596025,42.816263619621076,42.51216967656205,42.542579650878906,2058000,0.0,0.0
2017-12-08 00:00:00-05:00,42.595791699462104,42.831464628445474,42.45134868495556,42.808658599853516,956200,0.0,0.0
2017-12-11 00:00:00-05:00,42.61860979169451,42.70223288119662,42.45895885706018,42.68703079223633,799100,0.0,0.0
2017-12-12 00:00:00-05:00,42.59579803064084,42.77065104262874,42.5273770346408,42.633811950683594,1054300,0.0,0.0
2017-12-13 00:00:00-05:00,42.550174492679965,42.97590244183043,42.52736556679394,42.84666442871094,1074500,0.0,0.0
2017-12-14 00:00:00-05:00,42.48937565207896,42.64902371227207,42.15487454023784,42.1624755859375,904400,0.0,0.0
2017-12-15 00:00:00-05:00,42.36772664863914,42.66421664809156,42.215679677109634,42.542579650878906,967800,0.0,0.0
2017-12-18 00:00:00-05:00,42.709851089693885,42.9987401773579,42.64903111331995,42.74026107788086,915400,0.0,0.0
2017-12-19 00:00:00-05:00,42.74024838999524,42.83907647218061,42.367733395430044,42.382938385009766,811600,0.0,0.0
2017-12-20 00:00:00-05:00,42.337324016793616,42.34492796171895,42.025628976126164,42.13206100463867,845000,0.0,0.0
2017-12-21 00:00:00-05:00,41.9039870274356,42.147261035428016,41.858374963471356,41.926795959472656,821000,0.0,0.0
2017-12-22 00:00:00-05:00,41.97241493417084,42.07124592245739,41.91159787218671,42.025630950927734,537900,0.0,0.0
2017-12-26 00:00:00-05:00,42.07884616813238,42.26890419581149,42.025630152386654,42.177677154541016,323600,0.0,0.0
2017-12-27 00:00:00-05:00,42.05603895571696,42.284108002537366,42.040833965921564,42.13206100463867,461800,0.0,0.0
2017-12-28 00:00:00-05:00,42.27650424335917,42.28410528774122,42.01802523354328,42.04843521118164,587900,0.0,0.0
2017-12-29 00:00:00-05:00,42.322110688797345,42.33731567559709,42.05603066993853,42.07123565673828,525900,0.0,0.0
2018-01-02 00:00:00-05:00,41.9571979895718,41.97240297574961,41.66070800924097,41.6987190246582,1020000,0.0,0.0
2018-01-03 00:00:00-05:00,41.69873145935877,41.77475641291871,41.569493388390036,41.64551544189453,951200,0.0,0.0
2018-01-04 00:00:00-05:00,41.81275540335837,42.12445037309031,41.782345430688274,41.89638137817383,1623300,0.0,0.0
2018-01-05 00:00:00-05:00,42.0408287203252,42.27650168266511,41.98001166878726,42.22328567504883,901600,0.0,0.0
2018-01-08 00:00:00-05:00,42.0560407130064,42.29931475978728,42.0560407130064,42.29171371459961,842100,0.0,0.0
2018-01-09 00:00:00-05:00,41.99522302236188,42.063644028247694,41.75955002429842,41.86598205566406,996700,0.0,0.0
2018-01-10 00:00:00-05:00,41.36422279828969,41.37942778622067,40.94609578038006,41.120948791503906,1125700,0.0,0.0
2018-01-11 00:00:00-05:00,41.23500105676079,41.37184020214085,41.04494298255017,41.0677490234375,1230500,0.0,0.0
2018-01-12 00:00:00-05:00,41.242597671677295,41.48587174851959,41.166575610184985,41.44786071777344,1352300,0.0,0.0
2018-01-16 00:00:00-05:00,41.622711025619125,41.91920110590232,41.622711025619125,41.835575103759766,802900,0.0,0.0
2018-01-17 00:00:00-05:00,42.47415355488226,42.64900653611121,42.170062548418414,42.36772155761719,4235000,0.0,0.0
2018-01-18 00:00:00-05:00,42.25370176383495,42.557792865628365,42.18528075842174,42.47416687011719,4376100,0.0,0.0
2018-01-19 00:00:00-05:00,43.0823450717601,43.44725897553977,43.02152802116674,43.39404296875,3663900,0.0,0.0
2018-01-22 00:00:00-05:00,43.188784244528854,43.37123831435683,43.135568232491096,43.35603332519531,3591000,0.0,0.0
2018-01-23 00:00:00-05:00,43.53848714702519,43.78176115590932,43.432055130645246,43.59930419921875,1111800,0.0,0.0
2018-01-24 00:00:00-05:00,43.97182966558942,43.97182966558942,43.660134585960066,43.83498764038086,2340900,0.0,0.0
2018-01-25 00:00:00-05:00,43.70574033459569,43.71334137881127,43.067145318450855,43.120361328125,4880300,0.0,0.0
2018-01-26 00:00:00-05:00,43.416848207967156,43.416848207967156,43.135563191488984,43.36363220214844,903600,0.0,0.0
2018-01-29 00:00:00-05:00,42.49697356540923,42.67182659223694,42.42855256360228,42.53498458862305,980300,0.0,0.0
2018-01-30 00:00:00-05:00,43.11276385345348,43.14317383498925,42.801068792850494,42.892295837402344,952100,0.0,0.0
2018-01-31 00:00:00-05:00,43.21919157655671,43.32562650131231,42.793463477755004,42.93030548095703,1194500,0.0,0.0
2018-02-01 00:00:00-05:00,43.72854838081753,43.9870273968746,43.57650138900952,43.667728424072266,1083600,0.0,0.0
2018-02-02 00:00:00-05:00,43.58410924356759,43.66013129626396,43.13557217252596,43.14317321777344,1594100,0.0,0.0
2018-02-05 00:00:00-05:00,42.32211280920349,42.443752709695815,40.9536958292681,40.99170684814453,2248000,0.0,0.0
2018-02-06 00:00:00-05:00,40.71803571481864,41.4630628869274,40.57358974774029,41.3946418762207,2752600,0.0,0.0
2018-02-07 00:00:00-05:00,40.83206617843415,41.28060324204247,40.76364517211914,40.76364517211914,1409900,0.0,0.0
2018-02-08 00:00:00-05:00,40.930898478293024,41.06013654989176,40.10224533081055,40.10224533081055,1422800,0.0,0.0
2018-02-09 00:00:00-05:00,40.01860640474734,40.14784733465427,39.06071549508302,39.828548431396484,1566200,0.0,0.0
2018-02-12 00:00:00-05:00,40.231484274982506,40.7560463182863,40.20867823833643,40.57358932495117,1072400,0.0,0.0
2018-02-13 00:00:00-05:00,40.25429552796653,40.42914858577722,40.132658492095814,40.353126525878906,1781000,0.0,0.0
2018-02-14 00:00:00-05:00,40.109848228082775,40.68002235863775,40.05663220790209,40.5203742980957,1213100,0.0,0.0
2018-02-15 00:00:00-05:00,40.562527819098264,41.24483031589861,40.508863774932244,41.221832275390625,874800,0.445,0.0
2018-02-16 00:00:00-05:00,41.05318069458008,41.29850292578447,40.953517624255895,41.05318069458008,980700,0.0,0.0
2018-02-20 00:00:00-05:00,40.324871530434734,40.478198627497115,40.11021534923009,40.16387939453125,1080500,0.0,0.0
2018-02-21 00:00:00-05:00,40.08722926148672,40.232888438669654,39.581251737437775,39.58891677856445,1375600,0.0,0.0
2018-02-22 00:00:00-05:00,39.864886630844595,40.15620777507562,39.696226559268105,39.93388366699219,1607000,0.0,0.0
2018-02-23 00:00:00-05:00,40.50119962362152,40.508864662468426,40.2175434702765,40.447532653808594,884800,0.0,0.0
2018-02-26 00:00:00-05:00,41.175834037923096,41.31382813248707,40.961177857255194,41.24483108520508,912800,0.0,0.0
2018-02-27 00:00:00-05:00,40.48587537748644,40.508873423472174,39.79590475319652,39.80356979370117,970000,0.0,0.0
2018-02-28 00:00:00-05:00,39.9645639369384,39.97222897726045,39.54291653190472,39.55824661254883,1693800,0.0,0.0
2018-03-01 00:00:00-05:00,39.029266567087404,39.4279158804226,38.898940425434105,39.251590728759766,1662800,0.0,0.0
2018-03-02 00:00:00-05:00,39.3742471620777,39.74989546362899,39.259251112925504,39.70389938354492,993300,0.0,0.0
2018-03-05 00:00:00-05:00,39.55823862755385,40.20221009007082,39.55823862755385,40.13321304321289,833500,0.0,0.0
2018-03-06 00:00:00-05:00,40.271219903340956,40.29422087589923,39.85724041542851,39.99523162841797,666300,0.0,0.0
2018-03-07 00:00:00-05:00,40.401541693663,40.49353679384423,40.24054953722798,40.43987274169922,907700,0.0,0.0
2018-03-08 00:00:00-05:00,40.98418237888999,41.33683270988533,40.93051832523729,41.1911735534668,856600,0.0,0.0
2018-03-09 00:00:00-05:00,41.32916993507862,41.50549511024056,41.22184182189063,41.4288330078125,771600,0.0,0.0
2018-03-12 00:00:00-04:00,41.43648783332806,41.46715383652819,41.252497663069335,41.290828704833984,781700,0.0,0.0
2018-03-13 00:00:00-04:00,41.01483246839045,41.053163502625694,40.61618327850889,40.65451431274414,851000,0.0,0.0
2018-03-14 00:00:00-04:00,41.06084149769743,41.1145055436341,40.72352129527131,40.892181396484375,2128900,0.0,0.0
2018-03-15 00:00:00-04:00,40.16387464661139,40.301868725207626,40.04888153076172,40.04888153076172,1003400,0.0,0.0
2018-03-16 00:00:00-04:00,40.179225617836785,40.44754593263458,40.08723049911641,40.27888870239258,1207900,0.0,0.0
2018-03-19 00:00:00-04:00,40.485867588339296,40.89218191976529,40.332540487499095,40.409202575683594,1355500,0.0,0.0
2018-03-20 00:00:00-04:00,40.34020456312503,40.5318627034803,40.30954148326625,40.447532653808594,761300,0.0,0.0
2018-03-21 00:00:00-04:00,40.378535924336,40.51653002043637,40.07188465203497,40.19454574584961,901100,0.0,0.0
2018-03-22 00:00:00-04:00,40.3478788965697,40.600866161055315,40.24821582899823,40.3018798828125,1348100,0.0,0.0
2018-03-23 00:00:00-04:00,40.524203637320795,40.80019186802448,40.30187945986821,40.309547424316406,1601900,0.0,0.0
2018-03-26 00:00:00-04:00,40.42452855769332,40.715849706248875,40.26353644578263,40.66218566894531,1048800,0.0,0.0
2018-03-27 00:00:00-04:00,40.66219044745744,40.94584366717769,40.50119831662739,40.62385940551758,1681600,0.0,0.0
2018-03-28 00:00:00-04:00,41.79680214189191,42.548101603045225,41.773804103883066,42.24144744873047,1959400,0.0,0.0
2018-03-29 00:00:00-04:00,42.73210268438426,42.992757887032106,42.54044453315706,42.59410858154297,897500,0.0,0.0
2018-04-02 00:00:00-04:00,42.463777111593274,42.56344016343555,41.865804649481866,41.942466735839844,905300,0.0,0.0
2018-04-03 00:00:00-04:00,42.42545284394594,42.47911689786114,42.15713257436995,42.3947868347168,854500,0.0,0.0
2018-04-04 00:00:00-04:00,42.678430943749575,43.353068379554855,42.5711028589678,43.238075256347656,1151000,0.0,0.0
2018-04-05 00:00:00-04:00,43.04641486445715,43.42206314145318,42.94675182333805,43.2840690612793,856700,0.0,0.0
2018-04-06 00:00:00-04:00,43.33007840915486,43.65206272346323,43.130752279321705,43.23041534423828,975300,0.0,0.0
2018-04-09 00:00:00-04:00,43.28407272312721,43.39906877449109,43.061748583541615,43.19207763671875,1180500,0.0,0.0
2018-04-10 00:00:00-04:00,43.00808604305735,43.10008405715327,42.78576482017014,42.95442199707031,1262900,0.0,0.0
2018-04-11 00:00:00-04:00,42.90076085176811,43.11541997470135,42.82409875930927,42.83943176269531,579400,0.0,0.0
2018-04-12 00:00:00-04:00,42.9467465483034,42.9927455442017,42.69375645756845,42.724422454833984,591500,0.0,0.0
2018-04-13 00:00:00-04:00,42.755104260606515,43.046425493402865,42.74743629621971,42.9774284362793,558100,0.0,0.0
2018-04-16 00:00:00-04:00,42.97743301412398,43.115427143069894,42.83177091997448,43.000431060791016,580600,0.0,0.0
2018-04-17 00:00:00-04:00,42.91609904871191,43.14608827839231,42.839436946975674,43.077091217041016,592800,0.0,0.0
2018-04-18 00:00:00-04:00,43.18441383474146,43.29940696492739,43.02341877332732,43.05408477783203,972400,0.0,0.0
2018-04-19 00:00:00-04:00,42.141790674797136,42.21845275721716,41.74314141237685,41.9654655456543,1275900,0.0,0.0
2018-04-20 00:00:00-04:00,41.79681056220625,41.87347265399377,41.405826290464375,41.505489349365234,836500,0.0,0.0
2018-04-23 00:00:00-04:00,41.52082589588692,41.551491905007424,41.19117360902055,41.321502685546875,836500,0.0,0.0
2018-04-24 00:00:00-04:00,41.97314211369388,42.01914113046394,41.735484913756274,41.92714309692383,988800,0.0,0.0
2018-04-25 00:00:00-04:00,41.919468694826676,42.026796785516304,41.76614159763959,41.942466735839844,860900,0.0,0.0
2018-04-26 00:00:00-04:00,42.35645946873808,42.41012352731991,42.157136240358696,42.30279541015625,835200,0.0,0.0
2018-04-27 00:00:00-04:00,42.48678273675355,42.9007650957157,42.40245559649532,42.83176803588867,615300,0.0,0.0
2018-04-30 00:00:00-04:00,43.17675227486849,43.19208527939486,42.78577089509655,42.90843200683594,908400,0.0,0.0
2018-05-01 00:00:00-04:00,42.54811332605517,42.563446330442595,42.241459087249936,42.463783264160156,495400,0.0,0.0
2018-05-02 00:00:00-04:00,41.96546677950704,42.003797821844046,41.16050026807456,41.221832275390625,1115500,0.0,0.0
2018-05-03 00:00:00-04:00,41.48406219482422,41.6542353421612,41.36029856459837,41.48406219482422,926400,0.479,0.0
2018-05-04 00:00:00-04:00,41.42992137011418,41.816683135497314,41.40671365767569,41.801212310791016,832200,0.0,0.0
2018-05-07 00:00:00-04:00,41.8476262969893,41.95592208148257,41.66198228223193,41.7702751159668,328000,0.0,0.0
2018-05-08 00:00:00-04:00,42.389076815583955,42.46643091707067,42.22663762859773,42.334930419921875,785400,0.0,0.0
2018-05-09 00:00:00-04:00,42.68301794315146,42.98469157225836,42.652076301510405,42.96148681640625,971700,0.0,0.0
2018-05-10 00:00:00-04:00,43.147133196225695,43.278633705232004,42.992430880817125,43.2244873046875,696900,0.0,0.0
2018-05-11 00:00:00-04:00,43.317303963983576,43.48748003094152,43.23221593050461,43.25542068481445,630300,0.0,0.0
2018-05-14 00:00:00-04:00,43.80462323585343,43.81235717015489,43.28636111494271,43.34050750732422,810300,0.0,0.0
2018-05-15 00:00:00-04:00,43.804629308964735,43.804629308964735,42.65981507441933,42.8686637878418,774600,0.0,0.0
2018-05-16 00:00:00-04:00,42.4896314635468,42.84545144287002,42.42001425448296,42.64433670043945,1498700,0.0,0.0
2018-05-17 00:00:00-04:00,42.7835814154846,42.82225699632674,42.6211392547353,42.75263977050781,1496000,0.0,0.0
2018-05-18 00:00:00-04:00,43.147138233245286,43.22449235073745,42.961494252779815,43.139404296875,823500,0.0,0.0
2018-05-21 00:00:00-04:00,43.38693074009688,43.433343209702976,43.28637186466258,43.3482551574707,461800,0.0,0.0
2018-05-22 00:00:00-04:00,43.47975758768083,43.680875361025585,43.37146476392203,43.44108200073242,501100,0.0,0.0
2018-05-23 00:00:00-04:00,43.24769533120209,43.3559881404776,43.015638889789166,43.301841735839844,619100,0.0,0.0
2018-05-24 00:00:00-04:00,43.28637656333187,43.35599379991895,43.00790761698353,43.16261291503906,486500,0.0,0.0
2018-05-25 00:00:00-04:00,42.89187978880336,43.201287426454215,42.89187978880336,43.04658508300781,592000,0.0,0.0
2018-05-29 00:00:00-04:00,42.82226205509755,42.938288811330715,42.536059182146126,42.66755676269531,730100,0.0,0.0
2018-05-30 00:00:00-04:00,43.05431699571781,43.448812674172174,42.845465300974475,43.36372756958008,818400,0.0,0.0
2018-05-31 00:00:00-04:00,43.154874594066676,43.17807935365239,42.58246593463707,42.7603759765625,869200,0.0,0.0
2018-06-01 00:00:00-04:00,42.891881316546616,42.99244020397497,42.597941542164264,42.82999801635742,631000,0.0,0.0
2018-06-04 00:00:00-04:00,43.123938486619174,43.263172963533485,42.930557596544645,43.0311164855957,496400,0.0,0.0
2018-06-05 00:00:00-04:00,43.10845947265625,43.193547520247456,42.96922502219021,43.10845947265625,828000,0.0,0.0
2018-06-06 00:00:00-04:00,42.75263722303375,42.80678362313791,42.32719995760504,42.69075393676758,816800,0.0,0.0
2018-06-07 00:00:00-04:00,42.466426849365234,42.783571258189525,42.35813111765709,42.466426849365234,875200,0.0,0.0
2018-06-08 00:00:00-04:00,42.613413348385635,42.93055789226211,42.574737760255964,42.89961624145508,721900,0.0,0.0
2018-06-11 00:00:00-04:00,42.791323119630334,43.13940931191612,42.77585229433338,43.0311164855957,662200,0.0,0.0
2018-06-12 00:00:00-04:00,43.108462649878135,43.24769711060617,43.023374596015685,43.139404296875,578300,0.0,0.0
2018-06-13 00:00:00-04:00,43.01563465017894,43.02336858546876,42.54378492704866,42.72169494628906,1139800,0.0,0.0
2018-06-14 00:00:00-04:00,41.60782582505007,41.7238525685856,41.398974145776876,41.48406219482422,1427000,0.0,0.0
2018-06-15 00:00:00-04:00,42.15703066713069,42.15703066713069,41.793473678602794,41.986854553222656,898100,0.0,0.0
2018-06-18 00:00:00-04:00,41.60008802645684,41.631029671024464,41.29841436881657,41.460853576660156,712000,0.0,0.0
2018-06-19 00:00:00-04:00,41.29841337086026,41.46858946111234,41.244266969554154,41.3912353515625,899400,0.0,0.0
2018-06-20 00:00:00-04:00,41.92495973630332,41.93269367028505,41.56140287326605,41.77798843383789,875600,0.0,0.0
2018-06-21 00:00:00-04:00,41.917232513427734,42.04873302748343,41.79346888589406,41.917232513427734,1274900,0.0,0.0
2018-06-22 00:00:00-04:00,42.350407418532576,42.65208108144747,42.2730562565187,42.574729919433594,1119700,0.0,0.0
2018-06-25 00:00:00-04:00,42.6288688843341,42.667544458592225,42.226636420383855,42.42001724243164,1459100,0.0,0.0
2018-06-26 00:00:00-04:00,42.46644463151176,42.481912506047166,42.273063741478936,42.31947326660156,1278700,0.0,0.0
2018-06-27 00:00:00-04:00,42.50510893952402,42.62113567229806,42.14155201849902,42.164756774902344,1700700,0.0,0.0
2018-06-28 00:00:00-04:00,42.2343727289288,42.32719765327459,42.126079934616044,42.22663879394531,639200,0.0,0.0
2018-06-29 00:00:00-04:00,42.95375684179769,42.96922766510745,42.7603759765625,42.7603759765625,902000,0.0,0.0
2018-07-02 00:00:00-04:00,42.38908017133872,42.54378543580223,42.01005537169849,42.187965393066406,602600,0.0,0.0
2018-07-03 00:00:00-04:00,43.10845252661832,43.10845252661832,42.82224973600165,42.85319137573242,690200,0.0,0.0
2018-07-05 00:00:00-04:00,43.06978484481381,43.15487289428711,42.860933164495094,43.15487289428711,589700,0.0,0.0
2018-07-06 00:00:00-04:00,43.278635522326965,43.31731110280294,43.02337137982178,43.08525466918945,603900,0.0,0.0
2018-07-09 00:00:00-04:00,43.31730465116519,43.31730465116519,42.915072182456356,43.000160217285156,785600,0.0,0.0
2018-07-10 00:00:00-04:00,42.99243092685082,43.278633751572144,42.89187206112156,43.2476921081543,652700,0.0,0.0
2018-07-11 00:00:00-04:00,42.9382884133586,43.015642534221776,42.52832190043674,42.543792724609375,625800,0.0,0.0
2018-07-12 00:00:00-04:00,42.729434967041016,42.86093253191702,42.63661003220866,42.729434967041016,661400,0.0,0.0
2018-07-13 00:00:00-04:00,42.868661891483086,42.97695763722678,42.783576803106214,42.96148681640625,476000,0.0,0.0
2018-07-16 00:00:00-04:00,43.01563671224155,43.069783114138296,42.8145189759757,42.88413619995117,432100,0.0,0.0
2018-07-17 00:00:00-04:00,42.43548521173434,42.621129136005784,42.43548521173434,42.466426849365234,525500,0.0,0.0
2018-07-18 00:00:00-04:00,42.737169313743564,42.737169313743564,42.35040760049702,42.396820068359375,819700,0.0,0.0
2018-07-19 00:00:00-04:00,43.255430975121534,43.680871243727054,43.22449227893393,43.57257843017578,704200,0.0,0.0
2018-07-20 00:00:00-04:00,44.191399259881116,44.29969207991306,44.05989872787231,44.160457611083984,1008100,0.0,0.0
2018-07-23 00:00:00-04:00,44.03670038254831,44.075375973800526,43.38694041693235,43.53390884399414,588500,0.0,0.0
2018-07-24 00:00:00-04:00,43.54163301685337,43.704072223129195,43.49522055044987,43.59577941894531,614900,0.0,0.0
2018-07-25 00:00:00-04:00,43.66540570036434,43.843315765677225,43.433349221728314,43.812374114990234,462000,0.0,0.0
2018-07-26 00:00:00-04:00,43.47201883647392,43.6344580541235,43.36372602470753,43.3714599609375,483400,0.0,0.0
2018-07-27 00:00:00-04:00,43.603510591842884,43.79689143013477,43.58030583549023,43.6885986328125,568000,0.0,0.0
2018-07-30 00:00:00-04:00,43.9670772247792,44.02895757230865,43.78143028067472,43.85104751586914,423200,0.0,0.0
2018-07-31 00:00:00-04:00,44.23006847571728,44.29968570010591,44.005745980380844,44.098567962646484,667300,0.0,0.0
2018-08-01 00:00:00-04:00,44.175922073499194,44.175922073499194,43.91292399811521,44.098567962646484,541100,0.0,0.0
2018-08-02 00:00:00-04:00,43.96055192571787,44.20226287841797,43.86698351719701,44.20226287841797,606000,0.453,0.0
2018-08-03 00:00:00-04:00,44.108707842292326,44.412797805691234,44.030737124535975,44.264652252197266,577400,0.0,0.0
2018-08-06 00:00:00-04:00,44.28024478996712,44.42839033609849,44.20227110169371,44.25685119628906,479300,0.0,0.0
2018-08-07 00:00:00-04:00,44.280247736555204,44.49077224731445,44.280247736555204,44.49077224731445,569600,0.0,0.0
2018-08-08 00:00:00-04:00,44.521951369427605,44.584330313856064,44.35821110189059,44.47517013549805,488200,0.0,0.0
2018-08-09 00:00:00-04:00,44.61551909046926,44.61551909046926,44.2958344412371,44.33481979370117,535600,0.0,0.0
2018-08-10 00:00:00-04:00,43.64088420095146,43.78123389369734,43.28221111149384,43.383575439453125,1059900,0.0,0.0
2018-08-13 00:00:00-04:00,43.54730173939028,43.63307129894928,43.3523720038077,43.5784912109375,712200,0.0,0.0
2018-08-14 00:00:00-04:00,43.59410101626103,43.75004545351209,43.47714194472454,43.67987060546875,894400,0.0,0.0
2018-08-15 00:00:00-04:00,43.149653356021744,43.56290351038961,43.03269430602712,43.52391815185547,1058100,0.0,0.0
2018-08-16 00:00:00-04:00,43.50831758315193,43.86698759262933,43.50052170224668,43.687652587890625,513000,0.0,0.0
2018-08-17 00:00:00-04:00,43.6330781619021,43.99954707424379,43.609687541758476,43.93716812133789,475400,0.0,0.0
2018-08-20 00:00:00-04:00,44.09311767365385,44.37381704569585,44.0775229336079,44.217872619628906,506000,0.0,0.0
2018-08-21 00:00:00-04:00,44.4205850268592,44.43617976120413,44.178871106099926,44.366004943847656,621700,0.0,0.0
2018-08-22 00:00:00-04:00,44.60773079251302,44.67010975073195,44.451786371358125,44.5219612121582,608500,0.0,0.0
2018-08-23 00:00:00-04:00,44.50637051833832,44.54535588096738,44.09311734617128,44.14769744873047,625600,0.0,0.0
2018-08-24 00:00:00-04:00,44.319234705475544,44.61552880260643,44.25685574844067,44.482975006103516,543100,0.0,0.0
2018-08-27 00:00:00-04:00,44.68569558610721,44.91181182861328,44.58433128639575,44.91181182861328,528700,0.0,0.0
2018-08-28 00:00:00-04:00,45.184718835917636,45.27828428762495,44.888424768720384,44.92741012573242,550200,0.0,0.0
2018-08-29 00:00:00-04:00,44.974181376606026,45.11453100091235,44.9429919102288,45.020965576171875,591300,0.0,0.0
2018-08-30 00:00:00-04:00,44.958589643572225,45.005373846260056,44.65449976207989,44.79484939575195,646100,0.0,0.0
2018-08-31 00:00:00-04:00,44.56094420279355,44.71688563084957,44.194475303199326,44.342620849609375,750600,0.0,0.0
2018-09-04 00:00:00-04:00,43.50053108725388,43.65647550852922,43.445950985966384,43.53951644897461,767800,0.0,0.0
2018-09-05 00:00:00-04:00,43.134065918949084,43.30560509480605,43.071689929614635,43.14186477661133,916500,0.0,0.0
2018-09-06 00:00:00-04:00,42.72080544033449,42.82216677047224,42.50248209408642,42.5804557800293,1060900,0.0,0.0
2018-09-07 00:00:00-04:00,42.56485462328658,42.868944516621546,42.502475683940155,42.68960952758789,893500,0.0,0.0
2018-09-10 00:00:00-04:00,43.266614953830015,43.4303552539508,43.20423599698836,43.3289909362793,447300,0.0,0.0
2018-09-11 00:00:00-04:00,43.30560188756102,43.617487759920174,43.2432229284537,43.59409713745117,527300,0.0,0.0
2018-09-12 00:00:00-04:00,43.516127207526864,44.04633647205033,43.500532467465284,43.90598678588867,597000,0.0,0.0
2018-09-13 00:00:00-04:00,43.75003543671341,43.89818098226722,43.633076391955306,43.7734260559082,434300,0.0,0.0
2018-09-14 00:00:00-04:00,43.69545235854991,43.69545235854991,43.37576769568537,43.50052261352539,458800,0.0,0.0
2018-09-17 00:00:00-04:00,43.562907400818645,43.67986646125842,43.50832729911808,43.60969161987305,531400,0.0,0.0
2018-09-18 00:00:00-04:00,43.625281613302036,43.78122601879145,43.44594658802646,43.48493194580078,673500,0.0,0.0
2018-09-19 00:00:00-04:00,42.502473873703885,42.580447544565914,42.346532480762654,42.5258674621582,910700,0.0,0.0
2018-09-20 00:00:00-04:00,43.110656514508435,43.62527084350586,43.07946704623188,43.62527084350586,526100,0.0,0.0
2018-09-21 00:00:00-04:00,43.30559077087859,43.718840858508294,43.29779191579592,43.5784912109375,544400,0.0,0.0
2018-09-24 00:00:00-04:00,43.227624356016214,43.243219094410385,42.87675315252027,42.92353439331055,764500,0.0,0.0
2018-09-25 00:00:00-04:00,42.92352878333364,43.04048781880756,42.744193776827615,42.759788513183594,603300,0.0,0.0
2018-09-26 00:00:00-04:00,42.83777165965029,43.212036517696,42.81438103552016,42.9703254699707,769100,0.0,0.0
2018-09-27 00:00:00-04:00,43.258806333722035,43.4147507162379,43.07167545421636,43.09506607055664,515300,0.0,0.0
2018-09-28 00:00:00-04:00,42.962525444421196,43.048295029757035,42.790989248142125,42.86116409301758,738800,0.0,0.0
2018-10-01 00:00:00-04:00,43.11067276986001,43.17304875554125,42.96252422688107,43.06388854980469,559100,0.0,0.0
2018-10-02 00:00:00-04:00,42.377726917508895,42.69741159198269,42.29975620642435,42.59605026245117,622800,0.0,0.0
2018-10-03 00:00:00-04:00,42.7441958032686,42.946924411115575,42.5570649069089,42.59605026245117,807100,0.0,0.0
2018-10-04 00:00:00-04:00,41.81632584861985,41.839716464043214,41.379682189570325,41.559017181396484,945300,0.0,0.0
2018-10-05 00:00:00-04:00,41.293914223701826,41.57461351715585,41.286118343057744,41.512237548828125,1199200,0.0,0.0
2018-10-08 00:00:00-04:00,41.17696682895034,41.574622262059535,41.15357323331404,41.53563690185547,687700,0.0,0.0
2018-10-09 00:00:00-04:00,41.26273023165435,41.70717282156894,41.25493434997505,41.590213775634766,765400,0.0,0.0
2018-10-10 00:00:00-04:00,41.63699602445047,41.76175094617799,41.25493240356445,41.25493240356445,762500,0.0,0.0
2018-10-11 00:00:00-04:00,41.21595539697251,41.23934602003696,40.2023210808145,40.412845611572266,1293700,0.0,0.0
2018-10-12 00:00:00-04:00,40.65455594588913,40.724730788262626,40.26469637145691,40.584381103515625,1206300,0.0,0.0
2018-10-15 00:00:00-04:00,40.701338409914015,41.30172248556864,40.69353955310198,41.0911979675293,848500,0.0,0.0
2018-10-16 00:00:00-04:00,41.77734773734015,41.87870907133313,41.58241797665691,41.67598342895508,657800,0.0,0.0
2018-10-17 00:00:00-04:00,41.254943973416786,41.527844511732575,40.974244577210385,41.426483154296875,992200,0.0,0.0
2018-10-18 00:00:00-04:00,40.83389541501409,41.161379039683744,40.53760424792348,40.63896560668945,1564800,0.0,0.0
2018-10-19 00:00:00-04:00,42.19060865812477,42.36994372684744,41.89431451335162,42.12043380737305,1408600,0.0,0.0
2018-10-22 00:00:00-04:00,42.51028110459067,42.549266460508,41.74615682592141,41.89430236816406,1205400,0.0,0.0
2018-10-23 00:00:00-04:00,42.33874350229739,42.502483787714134,41.80853431432614,42.34654235839844,2400100,0.0,0.0
2018-10-24 00:00:00-04:00,42.29975336705535,42.416712400223275,41.90989388901798,41.94887924194336,1157300,0.0,0.0
2018-10-25 00:00:00-04:00,42.369935106717826,42.47909530248021,42.13601997659954,42.30755615234375,965400,0.0,0.0
2018-10-26 00:00:00-04:00,41.95668600745105,41.98007662873787,41.223748146945894,41.62140655517578,1053400,0.0,0.0
2018-10-29 00:00:00-04:00,41.55123020187225,41.78514532938836,41.176965402968044,41.44207000732422,1230600,0.0,0.0
2018-10-30 00:00:00-04:00,41.2159550939525,41.8319339415233,41.18476561383416,41.80854034423828,1034800,0.0,0.0
2018-10-31 00:00:00-04:00,41.70717915851789,41.71497504138169,41.27833124119526,41.30952072143555,1116100,0.0,0.0
2018-11-01 00:00:00-04:00,41.79628866986453,42.10297778750981,41.74124205899565,42.087249755859375,766200,0.449,0.0
2018-11-02 00:00:00-04:00,41.64687186004417,42.02433560199989,41.53677864361732,41.82773971557617,823400,0.0,0.0
2018-11-05 00:00:00-05:00,41.96928386475658,42.2051982996711,41.89850923430074,42.06365203857422,852000,0.0,0.0
2018-11-06 00:00:00-05:00,42.00860631407998,42.07938095106732,41.88278507052637,42.03219985961914,1006100,0.0,0.0
2018-11-07 00:00:00-05:00,42.59052710022433,42.59838961472611,42.323156609942345,42.53548049926758,998200,0.0,0.0
2018-11-08 00:00:00-05:00,42.18948152568614,42.27598120222209,41.86706436825916,41.97715759277344,727100,0.0,0.0
2018-11-09 00:00:00-05:00,42.45684439458852,42.574800113892074,42.26811104396207,42.42538833618164,869600,0.0,0.0
2018-11-12 00:00:00-05:00,42.13442732046504,42.27597358375036,41.89064736738926,41.94569396972656,1382700,0.0,0.0
2018-11-13 00:00:00-05:00,42.338896562402596,42.68490429440546,42.165891196493355,42.480445861816406,1518000,0.0,0.0
2018-11-14 00:00:00-05:00,42.3703380480046,42.55120586838789,42.11083008844514,42.36247253417969,1034200,0.0,0.0
2018-11-15 00:00:00-05:00,42.70848807332594,42.72421610297538,42.22879366836992,42.70062255859375,2027600,0.0,0.0
2018-11-16 00:00:00-05:00,42.889364090281916,43.266827874377334,42.850045508570716,43.078094482421875,1480400,0.0,0.0
2018-11-19 00:00:00-05:00,43.27469099923234,43.3376031307072,42.88936469330322,42.99159240722656,1062000,0.0,0.0
2018-11-20 00:00:00-05:00,42.952279760798,43.07810104132018,42.73209326983817,42.787139892578125,2020500,0.0,0.0
2018-11-21 00:00:00-05:00,43.030907999929134,43.23536639913323,42.75567196275943,42.79499053955078,1044100,0.0,0.0
2018-11-23 00:00:00-05:00,42.574808857122335,42.85004492498321,42.44112508116183,42.732086181640625,873200,0.0,0.0
2018-11-26 00:00:00-05:00,42.46470599743742,42.55907117081692,42.29170067972935,42.47256851196289,1649000,0.0,0.0
2018-11-27 00:00:00-05:00,42.70062463037876,42.95226711734953,42.55121284118207,42.94440460205078,1729300,0.0,0.0
2018-11-28 00:00:00-05:00,42.897215053391186,43.164585536759404,42.67702865525784,43.15672302246094,1303200,0.0,0.0
2018-11-29 00:00:00-05:00,42.74780547505472,43.09381311840756,42.70062138740053,42.873626708984375,1158000,0.0,0.0
2018-11-30 00:00:00-05:00,42.716354829135355,42.74781089155722,42.488302876299635,42.69276428222656,776500,0.0,0.0
2018-12-03 00:00:00-05:00,42.606264957504514,42.71635818481445,42.33889440554518,42.71635818481445,965500,0.0,0.0
2018-12-04 00:00:00-05:00,43.10168906053665,43.1174170935598,42.5433543875692,42.56694793701172,1340900,0.0,0.0
2018-12-06 00:00:00-05:00,42.063649004754026,42.38606607583983,41.66259179449207,42.36247253417969,1411900,0.0,0.0
2018-12-07 00:00:00-05:00,42.55122429469316,42.69277360669192,42.386084430633225,42.496177673339844,809400,0.0,0.0
2018-12-10 00:00:00-05:00,42.488311221955435,42.51976729055598,41.796295711638315,42.142303466796875,1712900,0.0,0.0
2018-12-11 00:00:00-05:00,42.40180125563891,42.79499304621338,42.338892129050954,42.582672119140625,986800,0.0,0.0
2018-12-12 00:00:00-05:00,42.91294899896244,43.20391006516064,42.89722096838212,42.920814514160156,1005500,0.0,0.0
2018-12-13 00:00:00-05:00,43.16459043419054,43.29827719095002,42.95226652626551,43.030906677246094,1213200,0.0,0.0
2018-12-14 00:00:00-05:00,42.61412202500974,42.82644593616553,42.42539165941465,42.4647102355957,1133500,0.0,0.0
2018-12-17 00:00:00-05:00,42.35462474925003,42.362487265994595,41.45814784958854,41.58396911621094,1814300,0.0,0.0
2018-12-18 00:00:00-05:00,41.72551841613808,41.88279274955435,41.450282333028355,41.58396911621094,1755600,0.0,0.0
2018-12-19 00:00:00-05:00,41.65474104534616,42.02433930451151,41.3008678186428,41.45814514160156,1121700,0.0,0.0
2018-12-20 00:00:00-05:00,41.86707170968209,41.86707170968209,41.340193043069675,41.521060943603516,1704300,0.0,0.0
2018-12-21 00:00:00-05:00,41.39523163297846,41.96142877683508,41.05708644982135,41.096405029296875,1763600,0.0,0.0
2018-12-24 00:00:00-05:00,41.292990733357115,41.37949338673938,40.05836904373568,40.08196258544922,909900,0.0,0.0
2018-12-26 00:00:00-05:00,40.081966437114154,40.994171142578125,39.94827968727282,40.994171142578125,1549000,0.0,0.0
2018-12-27 00:00:00-05:00,40.42797739420994,41.02562756059344,40.24710954122789,41.017765045166016,3609000,0.0,0.0
2018-12-28 00:00:00-05:00,41.23009001956655,41.35591126834627,40.789714148929946,40.90767288208008,3141100,0.0,0.0
2018-12-31 00:00:00-05:00,41.23795091314185,41.26154445873297,40.931261818793054,41.088539123535156,1007500,0.0,0.0
2019-01-02 00:00:00-05:00,40.92341178106976,41.143598274954776,40.781862463624826,40.978458404541016,1199800,0.0,0.0
2019-01-03 00:00:00-05:00,40.742529908771296,41.088537566237804,40.703208334214786,40.789710998535156,1340800,0.0,0.0
2019-01-04 00:00:00-05:00,40.96272262421686,41.56037285168164,40.93126655966202,41.45814514160156,1092000,0.0,0.0
2019-01-07 00:00:00-05:00,41.00989803544037,41.26940301351789,40.986304492113476,41.15144729614258,927200,0.0,0.0
2019-01-08 00:00:00-05:00,40.79758884929234,41.19078071522665,40.78972333207677,41.159324645996094,834200,0.0,0.0
2019-01-09 00:00:00-05:00,40.899816034733355,41.04923086169843,40.75040420758411,40.813316345214844,1206300,0.0,0.0
2019-01-10 00:00:00-05:00,40.91552715726672,41.143579062192245,40.78184341978151,41.00989532470703,851600,0.0,0.0
2019-01-11 00:00:00-05:00,41.26155907736191,41.31660570355195,41.09641619897566,41.206512451171875,822500,0.0,0.0
2019-01-14 00:00:00-05:00,40.86049431054414,40.89195037694369,40.66389839527037,40.69535446166992,988200,0.0,0.0
2019-01-15 00:00:00-05:00,40.79757848097427,41.151451670344805,40.789712965757644,41.0806770324707,770000,0.0,0.0
2019-01-16 00:00:00-05:00,40.671753122896334,40.76611829724739,40.35719854197308,40.57738494873047,814700,0.0,0.0
2019-01-17 00:00:00-05:00,40.56166890955011,41.02563236953119,40.56166890955011,40.93913269042969,1230800,0.0,0.0
2019-01-18 00:00:00-05:00,41.17503783965468,41.316587100356884,41.049216607898806,41.15144729614258,872600,0.0,0.0
2019-01-22 00:00:00-05:00,40.836900531953205,41.049224463639725,40.758263371987255,41.041358947753906,1035600,0.0,0.0
2019-01-23 00:00:00-05:00,41.53677364946613,41.63900433806305,41.31658724308641,41.5525016784668,678300,0.0,0.0
2019-01-24 00:00:00-05:00,41.45814033970682,41.45814033970682,40.876215212105585,41.088539123535156,696000,0.0,0.0
2019-01-25 00:00:00-05:00,41.11213359164942,41.2222268155279,40.8998096599629,41.041358947753906,718900,0.0,0.0
2019-01-28 00:00:00-05:00,40.67176213732972,40.97845127180591,40.63244055613803,40.93913269042969,1003300,0.0,0.0
2019-01-29 00:00:00-05:00,41.59183070951109,41.73338000629548,41.42669086320116,41.63114929199219,1675100,0.0,0.0
2019-01-30 00:00:00-05:00,41.69404986697493,41.827733610319044,41.473863466260056,41.678321838378906,1114200,0.0,0.0
2019-01-31 00:00:00-05:00,40.98630582371896,41.39522559016464,40.8840781319687,41.36376953125,1151600,0.0,0.0
2019-02-01 00:00:00-05:00,41.8591957773596,41.91424238557303,41.73337453004103,41.82773971557617,838400,0.0,0.0
2019-02-04 00:00:00-05:00,42.291706578229004,42.307434609288336,42.071520143028785,42.25238800048828,659900,0.0,0.0
2019-02-05 00:00:00-05:00,42.716362550553654,43.09382636840085,42.64558789721882,43.06237030029297,1315700,0.0,0.0
2019-02-06 00:00:00-05:00,42.74780484654964,42.802851448096106,42.386069179297195,42.51189041137695,1084200,0.0,0.0
2019-02-07 00:00:00-05:00,42.51189220243019,42.70062255859375,42.40966150961622,42.70062255859375,1086300,0.0,0.0
2019-02-08 00:00:00-05:00,42.51189972720429,42.739948697949586,42.44112508116183,42.732086181640625,826300,0.0,0.0
2019-02-11 00:00:00-05:00,42.44111968985008,42.60625950969956,42.41752614428939,42.4647102355957,677200,0.0,0.0
2019-02-12 00:00:00-05:00,42.81071239703461,43.164585536759404,42.73993776908965,43.15672302246094,812800,0.0,0.0
2019-02-13 00:00:00-05:00,43.101680821996624,43.298276697484965,42.99945012679449,43.07022476196289,799400,0.0,0.0
2019-02-14 00:00:00-05:00,43.10352841621052,43.349291764844274,43.00046900078271,43.19073486328125,704100,0.442,0.0
2019-02-15 00:00:00-05:00,43.42855725713706,43.452342751846295,43.198652985898505,43.23036193847656,589500,0.0,0.0
2019-02-19 00:00:00-05:00,43.293791336596534,43.62675806219339,43.19865841845757,43.579193115234375,872100,0.0,0.0
2019-02-20 00:00:00-05:00,43.64261907189786,43.89630889892578,43.58712461124934,43.89630889892578,3025800,0.0,0.0
2019-02-21 00:00:00-05:00,44.126208294551844,44.14999076647899,43.85666252390143,44.00728988647461,757300,0.0,0.0
2019-02-22 00:00:00-05:00,43.12731006125075,43.61883369035063,43.08766857123826,43.56333923339844,809100,0.0,0.0
2019-02-25 00:00:00-05:00,43.26208310021946,43.30172156752307,42.937042829575994,43.12731170654297,1324400,0.0,0.0
2019-02-26 00:00:00-05:00,42.90532022089026,43.5078356618933,42.90532022089026,43.396846771240234,1059800,0.0,0.0
2019-02-27 00:00:00-05:00,41.74786259096319,42.26317163891114,41.74786259096319,42.15217971801758,2085700,0.0,0.0
2019-02-28 00:00:00-05:00,42.0729117100758,42.43759045473427,42.04912923410019,42.19975662231445,1109200,0.0,0.0
2019-03-01 00:00:00-05:00,41.90642280960706,42.04912369510567,41.747865934139604,41.77164840698242,1259600,0.0,0.0
2019-03-04 00:00:00-05:00,42.104623997542824,42.11255048151805,41.84300466304125,42.088768005371094,1197500,0.0,0.0
2019-03-05 00:00:00-05:00,42.19975491712654,42.63578409631421,42.17597244211193,42.59614562988281,905400,0.0,0.0
2019-03-06 00:00:00-05:00,42.53272574701193,42.588220206241296,42.20768547543087,42.38209533691406,1010600,0.0,0.0
2019-03-07 00:00:00-05:00,42.92118266597744,42.968750636650995,42.65956638782515,42.78641128540039,939100,0.0,0.0
2019-03-08 00:00:00-05:00,43.214511178013744,43.36514157391961,43.05595732328052,43.35721206665039,1316500,0.0,0.0
2019-03-11 00:00:00-04:00,42.699205568695994,43.09559625830629,42.57236066898954,43.05595779418945,1572000,0.0,0.0
2019-03-12 00:00:00-04:00,42.82604718791291,43.26207630824006,42.82604718791291,43.103519439697266,1464500,0.0,0.0
2019-03-13 00:00:00-04:00,43.595049966659914,43.61883244060914,43.36514263774739,43.5554084777832,1289800,0.0,0.0
2019-03-14 00:00:00-04:00,44.07864236010413,44.38782963052555,43.951797463605935,44.324405670166016,1514900,0.0,0.0
2019-03-15 00:00:00-04:00,44.91106175996488,45.077545106800784,44.59394803094545,45.037906646728516,1476700,0.0,0.0
2019-03-18 00:00:00-04:00,44.92691717052152,44.98241464670886,44.80007227685221,44.95070266723633,1047600,0.0,0.0
2019-03-19 00:00:00-04:00,44.92691295992215,45.0616873479388,44.855565549126936,44.9824104309082,886000,0.0,0.0
2019-03-20 00:00:00-04:00,45.077547946741134,45.47393862087819,44.990341514555645,45.29159927368164,1226900,0.0,0.0
2019-03-21 00:00:00-04:00,45.52943782443954,45.83862209865532,45.473943366207024,45.719703674316406,1394100,0.0,0.0
2019-03-22 00:00:00-04:00,45.244037171109305,45.63250141279509,45.228181179181185,45.23611068725586,1128000,0.0,0.0
2019-03-25 00:00:00-04:00,45.15682504108235,45.44222681140576,45.13304256829568,45.41051483154297,1086300,0.0,0.0
2019-03-26 00:00:00-04:00,45.94168673198536,46.05267565376654,45.77520334931357,45.846553802490234,909300,0.0,0.0
2019-03-27 00:00:00-04:00,45.521502419905026,45.79104819249908,45.37880456309242,45.73555374145508,711100,0.0,0.0
2019-03-28 00:00:00-04:00,45.69592374278789,45.89411911157113,45.68799725869395,45.775203704833984,931100,0.0,0.0
2019-03-29 00:00:00-04:00,45.687995557227126,45.775202000119506,45.46601469598619,45.75934600830078,919500,0.0,0.0
2019-04-01 00:00:00-04:00,45.54529792446407,45.695925321222646,45.33917304024557,45.60871887207031,943600,0.0,0.0
2019-04-02 00:00:00-04:00,45.632486540959796,45.72761943730302,45.43429124278293,45.61663055419922,1047200,0.0,0.0
2019-04-03 00:00:00-04:00,45.632501502397375,45.909973801131166,45.52150955868261,45.72763442993164,794700,0.0,0.0
2019-04-04 00:00:00-04:00,45.79898658827953,45.83862505754412,45.65628567954994,45.743492126464844,595100,0.0,0.0
2019-04-05 00:00:00-04:00,45.61663647587945,45.72762537339118,45.505647578367736,45.60078048706055,564300,0.0,0.0
2019-04-08 00:00:00-04:00,45.83861325061799,45.870325227549955,45.624561942658076,45.8148307800293,643200,0.0,0.0
2019-04-09 00:00:00-04:00,45.58493428545881,45.838624112588,45.49772784034165,45.62457275390625,673600,0.0,0.0
2019-04-10 00:00:00-04:00,45.632492464698366,45.73555185569031,45.45807961191101,45.60078048706055,575000,0.0,0.0
2019-04-11 00:00:00-04:00,45.7434754240636,45.751401905333765,45.489785684334834,45.61663055419922,504500,0.0,0.0
2019-04-12 00:00:00-04:00,45.156827138132975,45.42637293104251,45.037911744456444,45.39466094970703,517700,0.0,0.0
2019-04-15 00:00:00-04:00,45.25196308213939,45.39466094970703,45.1489006549096,45.39466094970703,505600,0.0,0.0
2019-04-16 00:00:00-04:00,45.30745713545451,45.42637252807617,45.27574515440035,45.42637252807617,430100,0.0,0.0
2019-04-17 00:00:00-04:00,45.0934092875038,45.60871541049691,45.0934092875038,45.5373649597168,761500,0.0,0.0
2019-04-18 00:00:00-04:00,46.82166946641076,46.87716392116185,46.40942278524486,46.62347412109375,935200,0.0,0.0
2019-04-22 00:00:00-04:00,46.6631171643347,46.885095005121585,46.44113932354781,46.520416259765625,593000,0.0,0.0
2019-04-23 00:00:00-04:00,46.13194196370981,46.6155390322557,46.10023301066366,46.56797409057617,856700,0.0,0.0
2019-04-24 00:00:00-04:00,46.53626507822126,46.72653090550276,46.43320265764831,46.52833557128906,640400,0.0,0.0
2019-04-25 00:00:00-04:00,46.49662456954206,46.69481989503163,46.40148863586818,46.58382797241211,821400,0.0,0.0
2019-04-26 00:00:00-04:00,46.75824818382344,47.154638897173136,46.66311525940143,47.10707092285156,836200,0.0,0.0
2019-04-29 00:00:00-04:00,47.202202013888474,47.416253339975704,47.1308515718594,47.32111740112305,958300,0.0,0.0
2019-04-30 00:00:00-04:00,47.7968012023994,48.28832492512278,47.701665237313584,48.20111846923828,903000,0.0,0.0
2019-05-01 00:00:00-04:00,48.21695695418326,48.423081779463175,47.63030050363086,47.765071868896484,1128000,0.0,0.0
2019-05-02 00:00:00-04:00,48.06387715047657,48.103823247447835,47.760281327649686,47.77626037597656,807800,0.464,0.0
2019-05-03 00:00:00-04:00,48.31953573885465,48.44736507754109,48.151760303270905,48.35149383544922,595600,0.0,0.0
2019-05-06 00:00:00-04:00,48.007952851344456,48.295569630913874,48.007952851344456,48.28757858276367,468800,0.0,0.0
2019-05-07 00:00:00-04:00,48.03991563673323,48.119807839880494,47.56055327477303,47.720340728759766,580700,0.0,0.0
2019-05-08 00:00:00-04:00,48.231653958037,48.29557015316221,48.007953370482625,48.103824615478516,812300,0.0,0.0
2019-05-09 00:00:00-04:00,48.07187443114755,48.191715792888736,47.776269599263024,48.00796127319336,845600,0.0,0.0
2019-05-10 00:00:00-04:00,48.11980430099894,48.43937918546987,47.880124661491735,48.415409088134766,859100,0.0,0.0
2019-05-13 00:00:00-04:00,48.055894762156406,48.27959536947283,48.02393666177058,48.21567916870117,629000,0.0,0.0
2019-05-14 00:00:00-04:00,47.79224182902026,48.00795442074908,47.69637058192701,47.7363166809082,748500,0.0,0.0
2019-05-15 00:00:00-04:00,47.88012825772653,48.30356242091611,47.832191107147786,48.21567916870117,589100,0.0,0.0
2019-05-16 00:00:00-04:00,48.41540239965293,48.88677361289806,48.30355211984757,48.6311149597168,955500,0.0,0.0
2019-05-17 00:00:00-04:00,48.71101711660321,48.82286741230508,48.56720872278881,48.615142822265625,649300,0.0,0.0
2019-05-20 00:00:00-04:00,48.4074194282629,48.72699430178001,48.39144037981785,48.46334457397461,474800,0.0,0.0
2019-05-21 00:00:00-04:00,48.67905670631398,48.73498185150856,48.27958964195735,48.35149383544922,930000,0.0,0.0
2019-05-22 00:00:00-04:00,48.75895327849956,49.14244132899485,48.69504012726307,48.95868682861328,1857200,0.0,0.0
2019-05-23 00:00:00-04:00,48.79890720395888,48.95869162153864,48.70303289618014,48.88678741455078,1081500,0.0,0.0
2019-05-24 00:00:00-04:00,49.462006312206995,49.60581468327382,49.302218894611464,49.4859733581543,713900,0.0,0.0
2019-05-28 00:00:00-04:00,49.334174642757496,49.65374946275878,48.926719642562645,48.93470764160156,839900,0.0,0.0
2019-05-29 00:00:00-04:00,48.59117881812326,48.8947746738371,48.399436312814025,48.8787956237793,913700,0.0,0.0
2019-05-30 00:00:00-04:00,49.062546663787764,49.3341844002067,49.03058856592861,49.28624725341797,611600,0.0,0.0
2019-05-31 00:00:00-04:00,48.64710307303939,48.830857573779696,48.55123182215143,48.663082122802734,632300,0.0,0.0
2019-06-03 00:00:00-04:00,48.94270798696093,49.222336786924245,48.798902634144405,49.15043258666992,806600,0.0,0.0
2019-06-04 00:00:00-04:00,49.04656603380858,49.09450317905203,48.70302411212682,49.038578033447266,656800,0.0,0.0
2019-06-05 00:00:00-04:00,49.27026132090346,49.49396492697181,49.16640208890937,49.29423141479492,629600,0.0,0.0
2019-06-06 00:00:00-04:00,49.42206904525981,49.70169479021743,49.35016484688613,49.597835540771484,640300,0.0,0.0
2019-06-07 00:00:00-04:00,49.797559686898644,50.11713147114439,49.789568639869906,49.95734405517578,621700,0.0,0.0
2019-06-10 00:00:00-04:00,49.60581397595441,49.76560139127157,49.477984653238984,49.7496223449707,619700,0.0,0.0
2019-06-11 00:00:00-04:00,50.08518152118301,50.09317256951092,49.89343902900067,50.053226470947266,605000,0.0,0.0
2019-06-12 00:00:00-04:00,50.42072819307755,50.69236589096131,50.41273714590041,50.46067428588867,842800,0.0,0.0
2019-06-13 00:00:00-04:00,50.053223327015544,50.213007711233836,49.90142389523968,50.08517837524414,659900,0.0,0.0
2019-06-14 00:00:00-04:00,49.75762100304867,50.07719590214035,49.74963300203283,50.021270751953125,490400,0.0,0.0
2019-06-17 00:00:00-04:00,49.92540287892984,50.02926213762278,49.80556152173974,49.909423828125,499300,0.0,0.0
2019-06-18 00:00:00-04:00,50.34882502837103,50.34882502837103,49.77359152760819,49.80554962158203,1332000,0.0,0.0
2019-06-19 00:00:00-04:00,49.68570948800213,50.053221482157085,49.61380529867743,49.925392150878906,779500,0.0,0.0
2019-06-20 00:00:00-04:00,49.85349465240922,50.021270100786836,49.717674255371094,49.717674255371094,718800,0.0,0.0
2019-06-21 00:00:00-04:00,49.334193542543325,49.93339427382928,49.294247436662765,49.797576904296875,849900,0.0,0.0
2019-06-24 00:00:00-04:00,50.20501613175495,50.380782599094005,50.077186804878785,50.276920318603516,504100,0.0,0.0
2019-06-25 00:00:00-04:00,50.15709147076473,50.2449747263003,49.909423802647034,49.91741180419922,437000,0.0,0.0
2019-06-26 00:00:00-04:00,49.701691684736694,49.76560787827168,49.334182714986085,49.34217071533203,672600,0.0,0.0
2019-06-27 00:00:00-04:00,49.11846729254643,49.3581469090569,49.11047929266247,49.270263671875,568400,0.0,0.0
2019-06-28 00:00:00-04:00,49.41407444107456,49.67772416537084,49.30222415113983,49.50994873046875,483500,0.0,0.0
2019-07-01 00:00:00-04:00,49.741632516069814,49.749623563261665,49.27825235276322,49.58184814453125,761700,0.0,0.0
2019-07-02 00:00:00-04:00,49.7895697989583,50.46067452349641,49.7895697989583,50.3727912902832,832100,0.0,0.0
2019-07-03 00:00:00-04:00,51.06787901415045,51.21168743202511,50.964019749446244,50.972007751464844,395000,0.0,0.0
2019-07-05 00:00:00-04:00,50.42872356723823,50.64443615719384,50.069202583978885,50.54856491088867,440900,0.0,0.0
2019-07-08 00:00:00-04:00,50.63644382537171,50.75628211107985,50.48464439670632,50.73231506347656,476700,0.0,0.0
2019-07-09 00:00:00-04:00,50.077205117555,50.2929177569844,50.04524701222635,50.25297164916992,718800,0.0,0.0
2019-07-10 00:00:00-04:00,50.08518984522525,50.348839625408914,50.05323478967865,50.07720184326172,486400,0.0,0.0
2019-07-11 00:00:00-04:00,50.29290131158489,50.3328474063373,49.93338036342986,50.125125885009766,422900,0.0,0.0
2019-07-12 00:00:00-04:00,50.0292646884031,50.17307310528647,49.8694772199002,50.07720184326172,540100,0.0,0.0
2019-07-15 00:00:00-04:00,50.28491309854931,50.46866758292186,50.1091496621927,50.205020904541016,403800,0.0,0.0
2019-07-16 00:00:00-04:00,50.57252458830343,50.62844972780326,50.37279107646361,50.45268630981445,491600,0.0,0.0
2019-07-17 00:00:00-04:00,50.66840129370132,50.7562845360344,50.316871372060845,50.412742614746094,440300,0.0,0.0
2019-07-18 00:00:00-04:00,50.40476174972954,50.644441414217816,50.26894134298107,50.580528259277344,819600,0.0,0.0
2019-07-19 00:00:00-04:00,50.35681761129418,50.4127427569927,49.797566154309024,49.821533203125,526900,0.0,0.0
2019-07-22 00:00:00-04:00,50.117140037552424,50.18904423464414,49.94936459356907,50.173065185546875,379700,0.0,0.0
2019-07-23 00:00:00-04:00,50.42871501868595,50.42871501868595,49.997292959600315,50.04522705078125,404200,0.0,0.0
2019-07-24 00:00:00-04:00,49.9014287532645,50.04523715121447,49.63778205548425,49.717674255371094,589100,0.0,0.0
2019-07-25 00:00:00-04:00,48.894773052099936,48.9746652520469,48.35149755892277,48.64710235595703,778100,0.0,0.0
2019-07-26 00:00:00-04:00,48.41541664172969,48.695045471191406,48.37547053686158,48.695045471191406,514500,0.0,0.0
2019-07-29 00:00:00-04:00,49.15042279659013,49.30221916791703,48.91074319271393,49.10248565673828,459000,0.0,0.0
2019-07-30 00:00:00-04:00,49.04657133505497,49.13445458698765,48.67906232487485,48.79091262817383,536700,0.0,0.0
2019-07-31 00:00:00-04:00,48.183724656104154,48.647104926123994,47.63245808519205,48.031925201416016,745900,0.0,0.0
2019-08-01 00:00:00-04:00,48.0718653069901,48.591173712379344,48.06387730664663,48.26361083984375,782300,0.0,0.0
2019-08-02 00:00:00-04:00,48.35947636660257,48.37545541309272,47.63244651360363,47.83218002319336,678400,0.0,0.0
2019-08-05 00:00:00-04:00,47.61647624557743,47.6803924433215,46.705691761568794,46.88944625854492,642600,0.0,0.0
2019-08-06 00:00:00-04:00,47.097162737147116,47.264938155774054,46.79356694556632,47.05721664428711,635900,0.0,0.0
2019-08-07 00:00:00-04:00,46.82553227274977,47.5365831976554,46.75362807541706,47.448699951171875,621100,0.0,0.0
2019-08-08 00:00:00-04:00,47.11777822769166,47.62502789239539,47.061417495105644,47.576717376708984,535000,0.459,0.0
2019-08-09 00:00:00-04:00,47.59282211136461,47.71359379655606,47.17414017888903,47.39153289794922,794300,0.0,0.0
2019-08-12 00:00:00-04:00,47.753862554499705,47.995409039094724,47.70555202900862,47.90684127807617,609800,0.0,0.0
2019-08-13 00:00:00-04:00,47.5767244426,47.91488888833884,47.560620934979575,47.89878845214844,807200,0.0,0.0
2019-08-14 00:00:00-04:00,47.88268326360775,48.41408671070675,47.818269235387305,47.874629974365234,1050600,0.0,0.0
2019-08-15 00:00:00-04:00,48.47849323712207,48.65562872711024,48.18058606240259,48.33356475830078,1030600,0.0,0.0
2019-08-16 00:00:00-04:00,48.76029772247306,49.25144079861863,48.59926574551623,49.16287612915039,890400,0.0,0.0
2019-08-19 00:00:00-04:00,49.54129171821123,49.88750935156507,49.484930993844706,49.77478790283203,624900,0.0,0.0
2019-08-20 00:00:00-04:00,49.871424079316824,49.911684386949425,49.42858833823046,49.573516845703125,634900,0.0,0.0
2019-08-21 00:00:00-04:00,49.774796472548054,50.000239408828605,49.718435738477915,49.7989501953125,647400,0.0,0.0
2019-08-22 00:00:00-04:00,49.468833184352974,49.73453640531429,49.34806150599467,49.68622589111328,603100,0.0,0.0
2019-08-23 00:00:00-04:00,49.629870282813656,49.95998448535295,49.074313133592824,49.187034606933594,659300,0.0,0.0
2019-08-26 00:00:00-04:00,49.388325893785805,49.613768849889105,49.356118879648214,49.51715087890625,367400,0.0,0.0
2019-08-27 00:00:00-04:00,49.75064410883143,50.39476899539272,49.72648731397744,50.2095832824707,892000,0.0,0.0
2019-08-28 00:00:00-04:00,50.4591868247831,50.59606510951003,50.25789757833716,50.42698287963867,1211400,0.0,0.0
2019-08-29 00:00:00-04:00,50.97448713159875,50.97448713159875,50.443083672445475,50.69268035888672,893800,0.0,0.0
2019-08-30 00:00:00-04:00,51.13550835081089,51.15966514401321,50.65241548677769,50.869808197021484,659200,0.0,0.0
2019-09-03 00:00:00-04:00,51.22407924805213,51.81184339502408,51.18382201880769,51.77963638305664,651700,0.0,0.0
2019-09-04 00:00:00-04:00,51.7796448444023,52.20637707269939,51.723284099964204,52.19832992553711,474500,0.0,0.0
2019-09-05 00:00:00-04:00,51.83600229965626,51.85210887867966,51.30460190622499,51.32070541381836,651800,0.0,0.0
2019-09-06 00:00:00-04:00,51.41731523119344,51.60249786056515,51.36095449927261,51.42536544799805,435200,0.0,0.0
2019-09-09 00:00:00-04:00,50.8134576002922,50.8376113268826,50.33036156847329,50.499446868896484,803300,0.0,0.0
2019-09-10 00:00:00-04:00,49.37222332171269,49.565462338767816,49.219244608806946,49.54130554199219,788500,0.0,0.0
2019-09-11 00:00:00-04:00,48.953529579904185,49.549346923828125,48.953529579904185,49.549346923828125,670100,0.0,0.0
2019-09-12 00:00:00-04:00,49.3158540202469,49.79894687187346,49.29170029909441,49.65401840209961,631900,0.0,0.0
2019-09-13 00:00:00-04:00,49.14677664782257,49.42053010963177,49.1145696355086,49.227291107177734,531000,0.0,0.0
2019-09-16 00:00:00-04:00,48.92133052249596,48.93743402861655,48.446287841942656,48.67173385620117,878500,0.0,0.0
2019-09-17 00:00:00-04:00,49.0421055733167,49.63792301759045,49.02600206710067,49.46883773803711,975700,0.0,0.0
2019-09-18 00:00:00-04:00,49.364172168897575,49.57351161793208,49.25950090866536,49.51715087890625,856900,0.0,0.0
2019-09-19 00:00:00-04:00,49.42857503070256,49.68622495874748,49.39636802183959,49.48493576049805,623300,0.0,0.0
2019-09-20 00:00:00-04:00,48.69588790564593,48.993795092296736,48.236948728141,48.28525924682617,1070000,0.0,0.0
2019-09-23 00:00:00-04:00,48.78445987574572,48.89718135766903,48.55901691189911,48.59122085571289,587300,0.0,0.0
2019-09-24 00:00:00-04:00,48.86497419825011,49.28365618089424,48.84082047260353,49.082366943359375,640800,0.0,0.0
2019-09-25 00:00:00-04:00,48.550946720143834,48.62341094350015,48.22083260739376,48.47043228149414,960900,0.0,0.0
2019-09-26 00:00:00-04:00,48.703942238014065,48.93743540475417,48.67978544243901,48.86497116088867,647500,0.0,0.0
2019-09-27 00:00:00-04:00,48.8408126992722,48.84886291606315,48.50264830832108,48.66367721557617,695800,0.0,0.0
2019-09-30 00:00:00-04:00,48.34161946366386,48.76030140681556,48.325515957608445,48.38992691040039,875100,0.0,0.0
2019-10-01 00:00:00-04:00,48.269140257857615,48.575100635198076,48.019540598523456,48.49458312988281,2030100,0.0,0.0
2019-10-02 00:00:00-04:00,47.99540192991176,48.11617361860521,47.391534272155305,47.58477020263672,1179800,0.0,0.0
2019-10-03 00:00:00-04:00,47.59281562115632,48.00344420909747,47.57671211770756,47.8343620300293,1312100,0.0,0.0
2019-10-04 00:00:00-04:00,47.44789398249029,48.051761627197266,47.44789398249029,48.051761627197266,1017000,0.0,0.0
2019-10-07 00:00:00-04:00,47.995395878833925,48.31745674617531,47.95513865434492,48.05980682373047,641400,0.0,0.0
2019-10-08 00:00:00-04:00,48.02760847506392,48.116173150672594,47.59282302856445,47.59282302856445,778000,0.0,0.0
2019-10-09 00:00:00-04:00,47.842425575557336,48.01151087316408,47.65723984144527,47.922943115234375,617600,0.0,0.0
2019-10-10 00:00:00-04:00,47.399575953100516,47.842411541417114,47.31906150847175,47.73774337768555,624900,0.0,0.0
2019-10-11 00:00:00-04:00,47.544509178747916,47.79410889641581,47.43178771639129,47.62502670288086,821100,0.0,0.0
2019-10-14 00:00:00-04:00,47.335176962900505,47.44789844241245,47.10973093244665,47.27881622314453,721400,0.0,0.0
2019-10-15 00:00:00-04:00,46.93259070096651,47.12582661334409,46.844022961364516,46.99700164794922,1081400,0.0,0.0
2019-10-16 00:00:00-04:00,47.794114098111706,47.939042585894875,47.51230734012006,47.818267822265625,677000,0.0,0.0
2019-10-17 00:00:00-04:00,48.59926488702974,48.61536839158391,48.24499392969686,48.293304443359375,739100,0.0,0.0
2019-10-18 00:00:00-04:00,48.06787219105884,48.43019344537079,47.979304432068126,48.37383270263672,566600,0.0,0.0
2019-10-21 00:00:00-04:00,47.72969127482708,48.02760148449068,47.62502310849807,47.68943405151367,773300,0.0,0.0
2019-10-22 00:00:00-04:00,47.858525086563546,48.059814311800245,47.47205014268066,47.64113235473633,1543400,0.0,0.0
2019-10-23 00:00:00-04:00,47.55256626184297,47.7135951801009,47.359327259931824,47.58477020263672,860600,0.0,0.0
2019-10-24 00:00:00-04:00,47.76995936258225,48.20474174529681,47.74580256750995,48.108123779296875,1264700,0.0,0.0
2019-10-25 00:00:00-04:00,47.89073829752674,48.075924040138744,47.73775957226383,47.76191329956055,610000,0.0,0.0
2019-10-28 00:00:00-04:00,47.59281970740454,47.72164467462613,47.3432199896623,47.44789123535156,699000,0.0,0.0
2019-10-29 00:00:00-04:00,47.46400346649005,47.898788962584746,47.38348592752988,47.713600158691406,636400,0.0,0.0
2019-10-30 00:00:00-04:00,48.325518574208,48.47849728287296,48.10812583783365,48.43824005126953,760400,0.0,0.0
2019-10-31 00:00:00-04:00,48.65078373494554,48.76435852050781,48.383069087822356,48.76435852050781,566100,0.452,0.0
2019-11-01 00:00:00-04:00,49.023968460388524,49.0401938750112,48.35874193426608,48.47231674194336,663400,0.0,0.0
2019-11-04 00:00:00-05:00,48.310062071325675,48.40741145708751,47.7665246482508,47.84764862060547,699500,0.0,0.0
2019-11-05 00:00:00-05:00,48.07479956523982,48.261390277307,47.969339017161644,48.2208251953125,789800,0.0,0.0
2019-11-06 00:00:00-05:00,49.13753791961222,49.17809990441316,48.91038832898211,48.991512298583984,604500,0.0,0.0
2019-11-07 00:00:00-05:00,48.73190789448699,48.748133306015845,48.342507301836875,48.407405853271484,607300,0.0,0.0
2019-11-08 00:00:00-05:00,48.76435871685868,48.926609737464155,48.4641963402811,48.642669677734375,684900,0.0,0.0
2019-11-11 00:00:00-05:00,48.19648871908836,48.334403189849105,48.05857734300887,48.30195236206055,576300,0.0,0.0
2019-11-12 00:00:00-05:00,48.19648362216295,48.23704560526847,47.86387040920824,47.961219787597656,820500,0.0,0.0
2019-11-13 00:00:00-05:00,48.24515983857116,48.46419826086669,48.123470794624446,48.43174743652344,653500,0.0,0.0
2019-11-14 00:00:00-05:00,48.026118622770014,48.22893162109702,47.98555664204077,48.107242584228516,1088800,0.0,0.0
2019-11-15 00:00:00-05:00,47.652949540453534,47.993673935753826,47.59615904655566,47.88821029663086,645500,0.0,0.0
2019-11-18 00:00:00-05:00,48.082899285820716,48.29382341290373,47.93687369988619,47.98554992675781,678800,0.0,0.0
2019-11-19 00:00:00-05:00,48.06669169509646,48.11536794001227,47.82331665988037,47.880104064941406,621900,0.0,0.0
2019-11-20 00:00:00-05:00,47.53125712134606,47.76652095554059,47.506920550457295,47.69350814819336,805500,0.0,0.0
2019-11-21 00:00:00-05:00,47.33655679852933,47.49069667161733,47.07695638506442,47.206756591796875,664900,0.0,0.0
2019-11-22 00:00:00-05:00,47.304107560065134,47.37712036744246,47.16619310404976,47.22298049926758,483500,0.0,0.0
2019-11-25 00:00:00-05:00,47.32844572521612,47.56370956743244,47.27165832808542,47.52314758300781,1197000,0.0,0.0
2019-11-26 00:00:00-05:00,47.75029042313815,48.018001958250764,47.693503034033036,47.82330322265625,734000,0.0,0.0
2019-11-27 00:00:00-05:00,47.78274555456149,47.953107737245624,47.636719942351974,47.89632034301758,795500,0.0,0.0
2019-11-29 00:00:00-05:00,48.05857005573719,48.28571962645118,48.00989382143528,48.261383056640625,320000,0.0,0.0
2019-12-02 00:00:00-05:00,48.07478945161238,48.1153545250731,47.69350313746267,48.09101486206055,872700,0.0,0.0
2019-12-03 00:00:00-05:00,47.86387240568839,48.04234885241432,47.81519616712284,48.018009185791016,814600,0.0,0.0
2019-12-04 00:00:00-05:00,48.1721460370187,48.33439706070566,48.09913323109361,48.28572082519531,634700,0.0,0.0
2019-12-05 00:00:00-05:00,48.13970033716866,48.18026232373746,47.92877615020218,48.15592575073242,678500,0.0,0.0
2019-12-06 00:00:00-05:00,48.48853382598808,48.667010261492884,48.32628280231833,48.5209846496582,764000,0.0,0.0
2019-12-09 00:00:00-05:00,48.79680834202683,48.91038312525832,48.63455732540438,48.85359573364258,521900,0.0,0.0
2019-12-10 00:00:00-05:00,48.76435871685868,48.9022700728308,48.58588228472458,48.642669677734375,457700,0.0,0.0
2019-12-11 00:00:00-05:00,48.480426217084805,48.6021152751851,48.30195285180069,48.37496566772461,850600,0.0,0.0
2019-12-12 00:00:00-05:00,48.4966437857312,48.57777084290105,48.1072431953583,48.261383056640625,950500,0.0,0.0
2019-12-13 00:00:00-05:00,49.24301480574199,49.45393904026926,49.12132572391502,49.437713623046875,1060400,0.0,0.0
2019-12-16 00:00:00-05:00,50.13537877892573,50.35441721561793,50.00557856770233,50.22461700439453,920400,0.0,0.0
2019-12-17 00:00:00-05:00,46.2089202157714,46.33060927217927,45.60859537735178,45.65726852416992,4307500,0.0,0.0
2019-12-18 00:00:00-05:00,45.76273628200371,45.811412527880364,45.23542111639197,45.3489990234375,2920900,0.0,0.0
2019-12-19 00:00:00-05:00,45.67349351284866,45.96554476976396,45.58425528493774,45.9006462097168,1406300,0.0,0.0
2019-12-20 00:00:00-05:00,46.176462686109865,46.290040566457236,46.006100507610014,46.038551330566406,1199700,0.0,0.0
2019-12-23 00:00:00-05:00,46.525312224902315,46.549651895177355,46.087238390811486,46.119686126708984,968700,0.0,0.0
2019-12-24 00:00:00-05:00,46.01421545838378,46.16024106922087,45.98987579345703,45.98987579345703,373600,0.0,0.0
2019-12-26 00:00:00-05:00,46.233260522188615,46.233260522188615,45.973656991955494,46.07912063598633,402200,0.0,0.0
2019-12-27 00:00:00-05:00,46.939046667402046,46.939046667402046,46.72000823059771,46.80113220214844,705500,0.0,0.0
2019-12-30 00:00:00-05:00,47.0363928449747,47.0363928449747,46.32249018421816,46.4847412109375,704100,0.0,0.0
2019-12-31 00:00:00-05:00,46.47663256844284,46.51719455364846,46.111568512230065,46.37928009033203,647100,0.0,0.0
2020-01-02 00:00:00-05:00,46.34683328830626,46.500970073050745,46.14402026353032,46.25759506225586,738000,0.0,0.0
2020-01-03 00:00:00-05:00,45.91686597508517,46.40361907443399,45.90875481603583,46.192691802978516,623200,0.0,0.0
2020-01-06 00:00:00-05:00,46.02232511627708,46.314376328428466,46.02232511627708,46.241363525390625,655800,0.0,0.0
2020-01-07 00:00:00-05:00,45.616707785124625,45.76273341893722,45.430120162959945,45.49502182006836,1262700,0.0,0.0
2020-01-08 00:00:00-05:00,44.951473432825665,45.39766141623813,44.951473432825665,45.30031204223633,1383100,0.0,0.0
2020-01-09 00:00:00-05:00,45.389559850357614,45.60048405438445,45.316547030755736,45.59237289428711,828600,0.0,0.0
2020-01-10 00:00:00-05:00,45.50313165303925,45.86008147268319,45.48690623923526,45.624820709228516,1342100,0.0,0.0
2020-01-13 00:00:00-05:00,45.62481876931836,45.90875576211236,45.543691703747854,45.83574295043945,1091200,0.0,0.0
2020-01-14 00:00:00-05:00,45.714052518138125,45.827630406504994,45.57614115285703,45.69783020019531,1008500,0.0,0.0
2020-01-15 00:00:00-05:00,46.10346030441271,46.152133451902856,45.98988240601265,46.07912063598633,646800,0.0,0.0
2020-01-16 00:00:00-05:00,45.96554561804945,46.24948262602308,45.90875821645472,46.200809478759766,897100,0.0,0.0
2020-01-17 00:00:00-05:00,46.557762460335226,46.60643870558155,46.354949413831115,46.5172004699707,851400,0.0,0.0
2020-01-21 00:00:00-05:00,46.752461148431784,46.939048767089844,46.57398468941917,46.939048767089844,993000,0.0,0.0
2020-01-22 00:00:00-05:00,46.77678650236385,46.9795994863482,46.736224524503086,46.81734848022461,1651600,0.0,0.0
2020-01-23 00:00:00-05:00,46.573973518379496,46.898475530626676,46.411722512255906,46.81734848022461,2065000,0.0,0.0
2020-01-24 00:00:00-05:00,47.19864783500076,48.05857618254546,47.17431126208763,48.04235076904297,2387600,0.0,0.0
2020-01-27 00:00:00-05:00,46.88226119801161,47.498811453344736,46.849810370183214,47.32844924926758,3592800,0.0,0.0
2020-01-28 00:00:00-05:00,47.64483329528316,47.91254796155745,47.55559507319173,47.8314208984375,1846500,0.0,0.0
2020-01-29 00:00:00-05:00,46.85791920788188,47.222983266158366,46.736233251577126,46.80924606323242,1318300,0.0,0.0
2020-01-30 00:00:00-05:00,47.98556606293378,48.58589092282084,47.896327831001045,48.55344009399414,1138100,0.0,0.0
2020-01-31 00:00:00-05:00,48.626440550756854,48.813028127058075,48.3506147652071,48.488529205322266,952100,0.0,0.0
2020-02-03 00:00:00-05:00,48.650792186287816,48.813040139743975,48.4074140667409,48.561553955078125,1148500,0.0,0.0
2020-02-04 00:00:00-05:00,48.65889167500747,48.77246645305783,48.399291298126464,48.447967529296875,727900,0.0,0.0
2020-02-05 00:00:00-05:00,48.723801646711664,48.99151322721718,48.6183380084853,48.86982727050781,774900,0.0,0.0
2020-02-06 00:00:00-05:00,49.44581492728015,49.4620403402525,49.26733847926546,49.45392608642578,701000,0.0,0.0
2020-02-07 00:00:00-05:00,49.259222324017685,49.30789546331697,49.096971305431595,49.19432067871094,506700,0.0,0.0
2020-02-10 00:00:00-05:00,49.08885555229065,49.21054458618164,49.03206816172304,49.21054458618164,397100,0.0,0.0
2020-02-11 00:00:00-05:00,49.29167566849759,49.462040959499575,49.267339096074934,49.372802734375,767800,0.0,0.0
2020-02-12 00:00:00-05:00,49.12941942844438,49.29166734343424,48.967168418773916,49.18620681762695,994900,0.0,0.0
2020-02-13 00:00:00-05:00,48.78057693748694,49.18620288186559,48.740014961985146,49.10507583618164,817900,0.0,0.0
2020-02-14 00:00:00-05:00,48.95905877221719,49.04829699066539,48.84548398316709,48.9833984375,944100,0.0,0.0
2020-02-18 00:00:00-05:00,49.09697422424555,49.22677442789488,49.05641224085781,49.129425048828125,629300,0.0,0.0
2020-02-19 00:00:00-05:00,48.748142067175365,48.91850427682513,48.63456726074219,48.63456726074219,766500,0.0,0.0
2020-02-20 00:00:00-05:00,48.562633643166414,48.75881464998451,48.44819602176891,48.74246597290039,585000,0.452,0.0
2020-02-21 00:00:00-05:00,48.709762648643775,48.963162435102795,48.709762648643775,48.799678802490234,516600,0.0,0.0
2020-02-24 00:00:00-05:00,46.98501598055622,47.61442593360393,46.97684320218535,47.23023986816406,807400,0.0,0.0
2020-02-25 00:00:00-05:00,47.01770733125563,47.15666637316644,46.33107866264864,46.412818908691406,883700,0.0,0.0
2020-02-26 00:00:00-05:00,46.24117209449973,46.55179070651323,45.84881321952059,45.86516189575195,1239000,0.0,0.0
2020-02-27 00:00:00-05:00,45.84064263899781,45.93055568529574,44.72895754747875,44.75347900390625,1934400,0.0,0.0
2020-02-28 00:00:00-05:00,44.025975927535264,44.107716186810336,43.04507722527936,44.083194732666016,2772600,0.0,0.0
2020-03-02 00:00:00-05:00,44.69625158080711,45.644452837651684,44.46737638307622,45.63628005981445,3151900,0.0,0.0
2020-03-03 00:00:00-05:00,45.9060324256744,46.64170727151501,45.260273740791106,45.726200103759766,2262700,0.0,0.0
2020-03-04 00:00:00-05:00,46.68256299398116,47.720680236816406,46.24933411748251,47.720680236816406,1461700,0.0,0.0
2020-03-05 00:00:00-05:00,47.21389019342921,47.6225977035178,46.89509883447065,47.2384147644043,1358700,0.0,0.0
2020-03-06 00:00:00-05:00,46.568137571190356,46.8297101443343,46.14308136028368,46.74796676635742,1611500,0.0,0.0
2020-03-09 00:00:00-04:00,44.83520847516019,45.70166943919981,43.07776821474839,44.09953689575195,2093100,0.0,0.0
2020-03-10 00:00:00-04:00,44.39380682175619,45.09678105575026,43.25759742799815,44.97417068481445,1974000,0.0,0.0
2020-03-11 00:00:00-04:00,43.82979208634384,43.96057836358395,42.464710512537195,42.889766693115234,2028800,0.0,0.0
2020-03-12 00:00:00-04:00,39.938900966120826,41.50016363084001,38.41850843141388,39.77541732788086,1863300,0.0,0.0
2020-03-13 00:00:00-04:00,41.23859994271834,41.23859994271834,38.7700055161345,40.84624099731445,1863700,0.0,0.0
2020-03-16 00:00:00-04:00,36.587500024885586,38.01797650934843,36.325927431467676,36.865421295166016,4273100,0.0,0.0
2020-03-17 00:00:00-04:00,37.960752591348246,41.467463792612804,37.682831358465464,41.18136978149414,3696900,0.0,0.0
2020-03-18 00:00:00-04:00,39.36670993385933,41.84347661621923,38.925305044471116,39.95524978637695,3161600,0.0,0.0
2020-03-19 00:00:00-04:00,39.93890496243022,42.84072813833134,39.530197385030306,41.41025161743164,3330900,0.0,0.0
2020-03-20 00:00:00-04:00,40.233167867905905,40.73179152388169,38.50024579825387,38.557464599609375,2802100,0.0,0.0
2020-03-23 00:00:00-04:00,38.091538135284736,38.67190516093846,36.0153063842577,36.47305679321289,2517600,0.0,0.0
2020-03-24 00:00:00-04:00,37.83813814813957,38.89260416428902,37.27411984647379,38.82720947265625,2754200,0.0,0.0
2020-03-25 00:00:00-04:00,38.443027309299474,39.75906598755222,37.85449061654726,38.91712951660156,3605200,0.0,0.0
2020-03-26 00:00:00-04:00,39.35035741444702,40.903447154356876,39.31766006623632,40.73996353149414,3534700,0.0,0.0
2020-03-27 00:00:00-04:00,39.46479684878424,41.03423533572574,39.113308134663676,40.2576904296875,1476600,0.0,0.0
2020-03-30 00:00:00-04:00,40.45386996737786,41.51650885018517,40.372126595967586,41.344852447509766,1889500,0.0,0.0
2020-03-31 00:00:00-04:00,41.50016117985421,41.95791471625315,41.001537515856825,41.33667755126953,1713400,0.0,0.0
2020-04-01 00:00:00-04:00,40.35577769823654,41.107801120093214,40.15959984431967,40.200469970703125,1272000,0.0,0.0
2020-04-02 00:00:00-04:00,40.748140536085884,41.6472989960015,40.560135441659526,41.50016403198242,1558200,0.0,0.0
2020-04-03 00:00:00-04:00,40.80535286758484,41.1486687685514,40.363951163757214,40.7072639465332,1326000,0.0,0.0
2020-04-06 00:00:00-04:00,41.74538805749256,42.129574144490626,41.573731638353834,41.90069580078125,1945500,0.0,0.0
2020-04-07 00:00:00-04:00,42.644544760080365,42.644544760080365,41.287635803222656,41.287635803222656,1877000,0.0,0.0
2020-04-08 00:00:00-04:00,41.892523021951774,42.1622714961907,41.39389932219456,41.90069580078125,1429500,0.0,0.0
2020-04-09 00:00:00-04:00,42.57098258039052,42.59550403711057,41.94157253964809,42.28488540649414,1232900,0.0,0.0
2020-04-13 00:00:00-04:00,42.096876542219654,42.366625014852964,41.67999622419397,42.21949005126953,774500,0.0,0.0
2020-04-14 00:00:00-04:00,43.314823267378046,43.7807495791676,43.05324759232958,43.5600471496582,1676500,0.0,0.0
2020-04-15 00:00:00-04:00,42.40749028072539,42.90611392031932,42.27670400789671,42.51375198364258,1262900,0.0,0.0
2020-04-16 00:00:00-04:00,42.350268399450066,42.897934902632244,42.178608895324025,42.73445129394531,2139000,0.0,0.0
2020-04-17 00:00:00-04:00,42.99602690921444,43.37204017166268,42.252179398535105,43.23307800292969,1905800,0.0,0.0
2020-04-20 00:00:00-04:00,43.34752893836951,44.42651679971508,43.167699706939686,43.80528259277344,2591400,0.0,0.0
2020-04-21 00:00:00-04:00,42.963331483512555,43.40473319273868,42.56279678051796,43.12681198120117,2880300,0.0,0.0
2020-04-22 00:00:00-04:00,43.46195374391251,43.51917566224072,43.0042033428128,43.273948669433594,1526300,0.0,0.0
2020-04-23 00:00:00-04:00,42.53827851874072,43.0205535067374,42.08052498359766,42.121395111083984,1384000,0.0,0.0
2020-04-24 00:00:00-04:00,41.90069769971838,42.333929833900605,41.70451981700938,42.16227340698242,1090500,0.0,0.0
2020-04-27 00:00:00-04:00,42.39931905915582,42.45653786493974,41.94156861288447,42.10504913330078,804500,0.0,0.0
2020-04-28 00:00:00-04:00,42.11322050249203,42.121393280357736,41.62276963940008,41.66364288330078,1406300,0.0,0.0
2020-04-29 00:00:00-04:00,42.36662772327369,42.43201931227387,42.03966042369896,42.20314407348633,1323500,0.0,0.0
2020-04-30 00:00:00-04:00,43.09412337363552,43.09412337363552,42.22766227919063,42.39931869506836,1235500,0.0,0.0
2020-05-01 00:00:00-04:00,42.43201043109524,42.57097259569615,41.98243282692172,42.09687042236328,1130800,0.0,0.0
2020-05-04 00:00:00-04:00,41.467474302170324,41.71269824787767,41.12416140181837,41.655479431152344,1173700,0.0,0.0
2020-05-05 00:00:00-04:00,41.36119361146771,41.655463480914705,41.23040734929021,41.36936950683594,1609700,0.0,0.0
2020-05-06 00:00:00-04:00,41.44293362473969,41.467455072481606,40.66638889161355,40.69091033935547,1087100,0.0,0.0
2020-05-07 00:00:00-04:00,41.44294125645833,41.62277043666494,41.00153640667789,41.32032775878906,1218800,0.0,0.0
2020-05-08 00:00:00-04:00,42.07236111523572,42.49741739112952,41.7290451116251,42.407501220703125,2432100,0.0,0.0
2020-05-11 00:00:00-04:00,42.15409124569193,42.86524142167313,42.03965364475136,42.669063568115234,1627300,0.0,0.0
2020-05-12 00:00:00-04:00,42.88160041269021,43.05325685539977,42.407501220703125,42.407501220703125,1021200,0.0,0.0
2020-05-13 00:00:00-04:00,42.644555173993325,42.8325634390731,42.11323709405606,42.32576370239258,1065000,0.0,0.0
2020-05-14 00:00:00-04:00,41.90938171082208,42.1319941831277,41.5713333268128,42.04130172729492,1302100,0.445,0.0
2020-05-15 00:00:00-04:00,41.80219272799482,42.222686767578125,41.76921193992761,42.222686767578125,1532800,0.0,0.0
2020-05-18 00:00:00-04:00,42.700900960846745,43.401725444698684,42.56898094699622,43.24507141113281,1327700,0.0,0.0
2020-05-19 00:00:00-04:00,42.45355568434959,42.54424814768587,41.76921837993795,41.777462005615234,1624500,0.0,0.0
2020-05-20 00:00:00-04:00,42.313372419900226,42.64317393263775,42.22267684663639,42.40406799316406,1124800,0.0,0.0
2020-05-21 00:00:00-04:00,42.37109643231869,42.445301631569826,41.87639720079175,41.91762161254883,1287600,0.0,0.0
2020-05-22 00:00:00-04:00,41.52186004678957,41.95060083252919,41.41467406404944,41.85990524291992,991300,0.0,0.0
2020-05-26 00:00:00-04:00,42.46179406819077,42.48652808739079,42.04954364034426,42.11550521850586,1110400,0.0,0.0
2020-05-27 00:00:00-04:00,41.868152476379116,43.11315053071406,41.8516620818266,43.07192611694336,1685100,0.0,0.0
2020-05-28 00:00:00-04:00,43.921165677415054,44.498316967431606,43.89643165555855,44.20149612426758,2425100,0.0,0.0
2020-05-29 00:00:00-04:00,44.92705240408004,44.96003004749447,44.16850999156803,44.56427001953125,1530600,0.0,0.0
2020-06-01 00:00:00-04:00,44.71267686397293,44.96827323772089,44.54777607914266,44.84459686279297,824400,0.0,0.0
2020-06-02 00:00:00-04:00,44.99300982923435,45.18264464181325,44.77039422875798,45.0589714050293,859700,0.0,0.0
2020-06-03 00:00:00-04:00,45.50420008180658,46.25449571799843,45.42999488063503,45.91645050048828,991500,0.0,0.0
2020-06-04 00:00:00-04:00,46.031884409867345,46.336948846652305,45.83400282005854,45.94118881225586,923600,0.0,0.0
2020-06-05 00:00:00-04:00,46.51833363976226,46.790420413547096,46.23800638709321,46.378170013427734,932900,0.0,0.0
2020-06-08 00:00:00-04:00,46.22976582773987,46.60903549194336,46.18029464080062,46.60903549194336,825900,0.0,0.0
2020-06-09 00:00:00-04:00,45.69383279905089,46.08134918129055,45.66085515743847,45.84224319458008,760000,0.0,0.0
2020-06-10 00:00:00-04:00,46.543073457678766,46.74095189970077,46.2709866683721,46.468868255615234,1061000,0.0,0.0
2020-06-11 00:00:00-04:00,45.57840562841118,45.916450848483336,44.83635675629288,45.10844039916992,4120200,0.0,0.0
2020-06-12 00:00:00-04:00,45.17441069608667,45.40526997038859,44.65497418368564,45.14142990112305,4006100,0.0,0.0
2020-06-15 00:00:00-04:00,44.57251650910782,45.479466174336274,44.41585933668431,45.364036560058594,1420900,0.0,0.0
2020-06-16 00:00:00-04:00,46.21327030540277,46.60078669705084,45.89171548902289,46.41115188598633,1441400,0.0,0.0
2020-06-17 00:00:00-04:00,46.872871792288834,47.56545262807687,46.83164737907239,47.02128219604492,2247400,0.0,0.0
2020-06-18 00:00:00-04:00,47.09549083550629,47.18618643833516,46.65850636211771,46.87287521362305,1512300,0.0,0.0
2020-06-19 00:00:00-04:00,47.944721788786765,47.99418982282462,47.19442620207736,47.30160903930664,986800,0.0,0.0
2020-06-22 00:00:00-04:00,47.738600658660815,47.77157830242094,47.08724422977575,47.16144943237305,825000,0.0,0.0
2020-06-23 00:00:00-04:00,47.23565075100564,47.71385957102872,47.15319878533209,47.1696891784668,1026800,0.0,0.0
2020-06-24 00:00:00-04:00,47.169691065710914,47.20267185329988,46.419395446777344,46.419395446777344,1430600,0.0,0.0
2020-06-25 00:00:00-04:00,46.419396924163614,46.63376890509373,46.08135170367024,46.60078811645508,1021100,0.0,0.0
2020-06-26 00:00:00-04:00,47.06251224915954,47.06251224915954,46.24625498523311,46.287479400634766,884300,0.0,0.0
2020-06-29 00:00:00-04:00,45.62787853642391,45.809269735347456,45.37228213296084,45.57016372680664,803200,0.0,0.0
2020-06-30 00:00:00-04:00,44.84458949223479,45.331044997659845,44.83634586969757,45.24859619140625,991800,0.0,0.0
2020-07-01 00:00:00-04:00,45.100197556643955,45.58665318861887,45.05897314279276,45.4052619934082,666000,0.0,0.0
2020-07-02 00:00:00-04:00,45.79277672117682,46.24625154732667,45.79277672117682,45.899959564208984,653800,0.0,0.0
2020-07-06 00:00:00-04:00,45.751553507534524,45.89171714219706,45.28158512987137,45.38052749633789,780500,0.0,0.0
2020-07-07 00:00:00-04:00,44.902316417622586,45.24036164694989,44.81986758909249,45.00950241088867,664000,0.0,0.0
2020-07-08 00:00:00-04:00,44.69619120107615,45.00950241088867,44.580761583045536,45.00950241088867,720300,0.0,0.0
2020-07-09 00:00:00-04:00,45.05072151364081,45.15790749426959,44.16026231866102,44.283935546875,2065500,0.0,0.0
2020-07-10 00:00:00-04:00,44.5147980347041,44.770391260913534,44.407612053753226,44.69618606567383,1085500,0.0,0.0
2020-07-13 00:00:00-04:00,45.05073041605021,45.52069569561831,44.80338076552302,45.1496696472168,1864800,0.0,0.0
2020-07-14 00:00:00-04:00,45.00126057065261,45.41351102009331,45.00126057065261,45.34754943847656,802500,0.0,0.0
2020-07-15 00:00:00-04:00,45.88347391330008,46.048371568390756,45.4877107344632,45.52893829345703,691700,0.0,0.0
2020-07-16 00:00:00-04:00,45.405260284391545,45.594895097146285,45.32281145979246,45.47946548461914,635100,0.0,0.0
2020-07-17 00:00:00-04:00,45.81751188504353,46.02363709710337,45.652611086351435,45.92469787597656,554200,0.0,0.0
2020-07-20 00:00:00-04:00,45.99890455912151,46.147314968200554,45.48771175219538,45.57016372680664,1190600,0.0,0.0
2020-07-21 00:00:00-04:00,46.1555578031936,46.435888221632155,45.792778556775964,45.809268951416016,851600,0.0,0.0
2020-07-22 00:00:00-04:00,46.056617130999186,46.13082233193332,45.59489553127334,46.048370361328125,886700,0.0,0.0
2020-07-23 00:00:00-04:00,49.88229705515847,50.26156665808022,49.14849186617742,49.197959899902344,1733200,0.0,0.0
2020-07-24 00:00:00-04:00,50.22034250756382,50.32752848988941,49.49478093871665,49.59372329711914,899600,0.0,0.0
2020-07-27 00:00:00-04:00,50.63259816232703,50.63259816232703,50.121408504987926,50.32753372192383,781200,0.0,0.0
2020-07-28 00:00:00-04:00,49.766873200936615,50.838723706866055,49.766873200936615,50.484188079833984,806900,0.0,0.0
2020-07-29 00:00:00-04:00,51.64672715488299,51.64672715488299,51.119047171189905,51.33341598510742,794900,0.0,0.0
2020-07-30 00:00:00-04:00,50.26981252478291,50.72328731537253,49.791600572554024,50.657325744628906,755700,0.0,0.0
2020-07-31 00:00:00-04:00,50.335771770523415,50.45120137598488,49.40408501252315,49.865806579589844,1023600,0.0,0.0
2020-08-03 00:00:00-04:00,50.88819159310577,51.053089240851946,50.32753078414992,50.500675201416016,794300,0.0,0.0
2020-08-04 00:00:00-04:00,50.113151407457494,50.91291809082031,50.03894621884424,50.91291809082031,773100,0.0,0.0
2020-08-05 00:00:00-04:00,51.18501854615165,51.3251821926341,50.40998566957821,50.44296646118164,698400,0.0,0.0
2020-08-06 00:00:00-04:00,50.10146834658348,50.39227479461553,50.084850563594394,50.201171875,930100,0.469,0.0
2020-08-07 00:00:00-04:00,49.65280712057809,49.76082114571016,49.370311095284016,49.59464645385742,726300,0.0,0.0
2020-08-10 00:00:00-04:00,49.80235898535215,49.80235898535215,49.3703060980744,49.494937896728516,870300,0.0,0.0
2020-08-11 00:00:00-04:00,49.553099464685424,49.578024557065206,48.76377212096924,48.83855056762695,647900,0.0,0.0
2020-08-12 00:00:00-04:00,49.68603465832133,50.267644400996815,49.619566694039676,50.001766204833984,791200,0.0,0.0
2020-08-13 00:00:00-04:00,50.05993130743257,50.21779550994806,49.69434954762483,49.777435302734375,786400,0.0,0.0
2020-08-14 00:00:00-04:00,49.54479211396928,49.760816976615665,49.27060341995673,49.386924743652344,1242100,0.0,0.0
2020-08-17 00:00:00-04:00,49.486640318037956,49.83560435164444,49.486640318037956,49.64450454711914,740300,0.0,0.0
2020-08-18 00:00:00-04:00,49.98515309922398,50.00177088422909,49.6528037381586,49.89375686645508,763900,0.0,0.0
2020-08-19 00:00:00-04:00,50.35904533804292,50.35904533804292,49.81067111094794,49.89375686645508,776400,0.0,0.0
2020-08-20 00:00:00-04:00,49.59463832721472,49.96022322328925,49.50324527271418,49.910369873046875,655800,0.0,0.0
2020-08-21 00:00:00-04:00,48.8967167828387,49.586340665839565,48.86348437906416,49.486637115478516,469200,0.0,0.0
2020-08-24 00:00:00-04:00,50.350732333677065,50.37566059469278,49.90206483913137,50.08485412597656,516800,0.0,0.0
2020-08-25 00:00:00-04:00,50.3008799678967,50.325805058312554,49.76912357557104,50.001766204833984,507000,0.0,0.0
2020-08-26 00:00:00-04:00,49.86052922474708,50.20118594772349,49.8023685527403,50.10148239135742,523800,0.0,0.0
2020-08-27 00:00:00-04:00,50.82433382828028,50.89080497247039,50.16794871175521,50.184566497802734,644700,0.0,0.0
2020-08-28 00:00:00-04:00,49.91867650549144,50.00176224664588,49.42015255001119,49.976837158203125,660900,0.0,0.0
2020-08-31 00:00:00-04:00,49.710971511521684,49.943614181000314,49.42016500515474,49.50325393676758,640600,0.0,0.0
2020-09-01 00:00:00-04:00,49.39524018397413,49.61957554629314,49.079508581134185,49.553104400634766,801600,0.0,0.0
2020-09-02 00:00:00-04:00,50.12638976814304,50.69137846511255,50.11807929302311,50.616600036621094,596800,0.0,0.0
2020-09-03 00:00:00-04:00,50.72462562912861,50.85756473579727,49.4533952235147,49.677730560302734,827900,0.0,0.0
2020-09-04 00:00:00-04:00,49.51986721154114,49.69435237844007,48.572675603455096,49.1542854309082,958600,0.0,0.0
2020-09-08 00:00:00-04:00,49.52817182098217,49.90206403501057,49.17920469804961,49.57802200317383,1260900,0.0,0.0
2020-09-09 00:00:00-04:00,51.065279802281665,51.83798931265338,51.04866201856723,51.6053466796875,1032900,0.0,0.0
2020-09-10 00:00:00-04:00,51.54718943745903,51.60535009955479,50.74955478341579,50.75786209106445,1006200,0.0,0.0
2020-09-11 00:00:00-04:00,51.55549800482546,51.904465155445095,51.21484133157592,51.497337341308594,2066400,0.0,0.0
2020-09-14 00:00:00-04:00,51.9460001123992,51.96261789508686,51.306229741755,51.314537048339844,687400,0.0,0.0
2020-09-15 00:00:00-04:00,52.15372515888581,52.29497157781253,51.84630405864887,51.90446472167969,978600,0.0,0.0
2020-09-16 00:00:00-04:00,52.08725367976476,52.17864991236684,51.62196837854457,51.696746826171875,730300,0.0,0.0
2020-09-17 00:00:00-04:00,51.60535092922496,52.03740383282418,51.46410134077982,51.90446472167969,986100,0.0,0.0
2020-09-18 00:00:00-04:00,50.998819650513646,51.231462319122905,50.300888475167234,50.60000228881836,1644900,0.0,0.0
2020-09-21 00:00:00-04:00,49.81898089476165,49.83559868059269,49.28722442624277,49.76913070678711,1216700,0.0,0.0
2020-09-22 00:00:00-04:00,50.05993033937694,50.583379461096136,50.026694770168476,50.27595520019531,928600,0.0,0.0
2020-09-23 00:00:00-04:00,51.048668344961015,51.07359660838108,50.20949076525152,50.22610855102539,908600,0.0,0.0
2020-09-24 00:00:00-04:00,50.42551205348802,50.50029049939062,49.83559496332211,50.34242630004883,744500,0.0,0.0
2020-09-25 00:00:00-04:00,50.11809225730088,50.53352737426758,49.98515314665227,50.53352737426758,639800,0.0,0.0
2020-09-28 00:00:00-04:00,51.422562381773915,51.721676197024266,51.23146259303478,51.28962326049805,866000,0.0,0.0
2020-09-29 00:00:00-04:00,51.32286094178855,51.5471963124431,51.16499671926222,51.43918228149414,907500,0.0,0.0
2020-09-30 00:00:00-04:00,51.5305657335647,51.66350482730181,51.0237344482176,51.248069763183594,647100,0.0,0.0
2020-10-01 00:00:00-04:00,51.40594018519424,51.75490732955387,51.032047948208344,51.44748306274414,1062200,0.0,0.0
2020-10-02 00:00:00-04:00,51.60534670596776,52.27004220729317,51.53056826397377,52.087249755859375,1002800,0.0,0.0
2020-10-05 00:00:00-04:00,52.21188951898261,52.361446425799926,52.07895039842484,52.29497528076172,580200,0.0,0.0
2020-10-06 00:00:00-04:00,51.94601155846203,51.97924713116066,51.14006635287287,51.28962326049805,686600,0.0,0.0
2020-10-07 00:00:00-04:00,51.314545792121855,51.63027737795086,51.289620698602214,51.54719161987305,422300,0.0,0.0
2020-10-08 00:00:00-04:00,51.58042550086682,51.85461102915467,51.53057214594249,51.696746826171875,662400,0.0,0.0
2020-10-09 00:00:00-04:00,52.0872484404416,52.61069752118031,52.01247000033607,52.444522857666016,1342900,0.0,0.0
2020-10-12 00:00:00-04:00,52.3780509406716,52.76025041924484,52.35312268283919,52.419593811035156,1137800,0.0,0.0
2020-10-13 00:00:00-04:00,52.27835021787427,52.677170693554366,52.27835021787427,52.502685546875,1667600,0.0,0.0
2020-10-14 00:00:00-04:00,52.677174856079226,53.08429950162608,52.51100017300118,52.71040725708008,831300,0.0,0.0
2020-10-15 00:00:00-04:00,51.779820448317174,52.01246304441373,51.68011693134975,51.76320266723633,939200,0.0,0.0
2020-10-16 00:00:00-04:00,52.186969943962524,52.278363023778375,51.99587013604377,52.145423889160156,821000,0.0,0.0
2020-10-19 00:00:00-04:00,52.17864852992765,52.286662544642745,51.31454275124349,51.3477783203125,1633400,0.0,0.0
2020-10-20 00:00:00-04:00,52.19527778876952,52.22851336514484,51.83800326653238,51.89616394042969,1022200,0.0,0.0
2020-10-21 00:00:00-04:00,51.34777493553192,51.821370670232255,51.16498565673828,51.16498565673828,1144500,0.0,0.0
2020-10-22 00:00:00-04:00,51.49734157675545,51.5555022450558,51.1400670888998,51.15668487548828,1075100,0.0,0.0
2020-10-23 00:00:00-04:00,51.34778434706321,51.505651733910895,50.77448497616653,50.94896697998047,938800,0.0,0.0
2020-10-26 00:00:00-04:00,50.40058353321799,50.50028706446706,50.12639802990351,50.48366928100586,1541500,0.0,0.0
2020-10-27 00:00:00-04:00,50.29257526046432,51.14837377395515,50.25934285927047,50.67477798461914,1284600,0.0,0.0
2020-10-28 00:00:00-04:00,49.09612074834368,49.42847009955979,48.389882338907334,48.489585876464844,1868900,0.0,0.0
2020-10-29 00:00:00-04:00,48.208914825897565,48.63620827832972,47.84026623563978,48.34296798706055,1428300,0.485,0.0
2020-10-30 00:00:00-04:00,47.731347929679124,47.91566901980886,47.2537833663914,47.614051818847656,1493300,0.0,0.0
2020-11-02 00:00:00-05:00,48.35134584809828,48.57756116120836,48.07486259612788,48.43513107299805,1390300,0.0,0.0
2020-11-03 00:00:00-05:00,49.28972367521418,49.86782737380713,49.097019246270165,49.39863967895508,1687700,0.0,0.0
2020-11-04 00:00:00-05:00,49.9097091940756,50.86483825753472,49.78403297158715,50.4207878112793,1701900,0.0,0.0
2020-11-05 00:00:00-05:00,51.7780824020919,51.786462522485614,50.864844240025,50.99052047729492,987000,0.0,0.0
2020-11-06 00:00:00-05:00,51.50159651567717,51.81159383669142,51.34240619714823,51.468082427978516,1160100,0.0,0.0
2020-11-09 00:00:00-05:00,52.96780329794471,52.98456034147903,51.28375717765709,51.300514221191406,1472400,0.0,0.0
2020-11-10 00:00:00-05:00,51.694295251645784,52.07969765349631,51.53510494073597,51.87861633300781,1134800,0.0,0.0
2020-11-11 00:00:00-05:00,52.51537709474765,53.16050894231799,52.481863004881255,52.74159240722656,1072900,0.0,0.0
2020-11-12 00:00:00-05:00,52.77510369077432,52.8253716268214,52.33105001385591,52.54050827026367,896300,0.0,0.0
2020-11-13 00:00:00-05:00,52.314290089539604,52.60753355001294,52.29753304642006,52.5572624206543,752900,0.0,0.0
2020-11-16 00:00:00-05:00,51.987542557585364,52.12997584474347,51.07430436230442,51.09944152832031,1074600,0.0,0.0
2020-11-17 00:00:00-05:00,50.82295126704002,50.923490335332424,50.48781677795952,50.504573822021484,1526600,0.0,0.0
2020-11-18 00:00:00-05:00,50.45431405011285,50.66377234066154,49.81755905704012,49.8259391784668,1111200,0.0,0.0
2020-11-19 00:00:00-05:00,49.6248530510065,49.683501111045565,49.2645845701496,49.58296203613281,1625400,0.0,0.0
2020-11-20 00:00:00-05:00,49.73377501189953,49.750532057996665,49.373506511010554,49.633235931396484,1535600,0.0,0.0
2020-11-23 00:00:00-05:00,49.16404810200981,49.18918207305076,48.510539286307264,48.80377960205078,1649600,0.0,0.0
2020-11-24 00:00:00-05:00,48.78701290679424,48.8456609583434,48.33458234106146,48.68647384643555,1605000,0.0,0.0
2020-11-25 00:00:00-05:00,50.596740098047576,51.43457319308683,50.44592988525414,51.342411041259766,4405000,0.0,0.0
2020-11-27 00:00:00-05:00,51.25862302448082,51.4178101433606,50.370518896858584,50.69727325439453,4431800,0.0,0.0
2020-11-30 00:00:00-05:00,51.01564779129014,51.61050841846488,50.81456967318444,51.1580810546875,2462500,0.0,0.0
2020-12-01 00:00:00-05:00,50.579976652186865,50.77267785613177,49.68349560962266,50.07727813720703,2320500,0.0,0.0
2020-12-02 00:00:00-05:00,49.19755669435025,49.549445033905066,48.921070259489134,49.52431106567383,3014800,0.0,0.0
2020-12-03 00:00:00-05:00,48.83728215375077,49.03836026672242,48.2759324298737,48.577552795410156,3729400,0.0,0.0
2020-12-04 00:00:00-05:00,48.56080529209186,49.12215512623461,48.51053735201433,48.988101959228516,2760700,0.0,0.0
2020-12-07 00:00:00-05:00,48.5189056676817,48.652958810901985,48.09161227244176,48.59431076049805,2347300,0.0,0.0
2020-12-08 00:00:00-05:00,48.38485751125423,49.1389085171341,48.27593832238728,49.07188034057617,2012200,0.0,0.0
2020-12-09 00:00:00-05:00,48.77864296712519,49.289721657578504,48.627832756956025,49.205936431884766,3017900,0.0,0.0
2020-12-10 00:00:00-05:00,49.28972056712072,49.51593268129031,48.93782901915121,49.10539627075195,2327000,0.0,0.0
2020-12-11 00:00:00-05:00,48.879174394319065,49.44890105557967,48.87079747110011,49.42376708984375,1631400,0.0,0.0
2020-12-14 00:00:00-05:00,49.147287196716654,49.381879430890365,48.66972260796048,48.728370666503906,2060500,0.0,0.0
2020-12-15 00:00:00-05:00,48.904313956161694,49.055124159992495,48.51053459822964,48.862422943115234,2086900,0.0,0.0
2020-12-16 00:00:00-05:00,48.988098495518145,49.8678225415496,48.954584407116336,49.750526428222656,2088900,0.0,0.0
2020-12-17 00:00:00-05:00,49.43215487336602,49.70864134152177,49.3399927173141,49.64999008178711,2523300,0.0,0.0
2020-12-18 00:00:00-05:00,49.39025967461076,49.45728465765081,49.08863926073182,49.25620651245117,2778600,0.0,0.0
2020-12-21 00:00:00-05:00,48.30107340741379,48.69485274146277,47.85701974703116,48.65296173095703,1804600,0.0,0.0
2020-12-22 00:00:00-05:00,48.845664764761025,48.85404488482343,48.36810019574297,48.6110725402832,1587600,0.0,0.0
2020-12-23 00:00:00-05:00,48.84566499835143,49.19755653283034,48.65296378502606,48.92107009887695,1309500,0.0,0.0
2020-12-24 00:00:00-05:00,49.046747311371114,49.23106840827538,48.87080313865728,49.16404342651367,367800,0.0,0.0
2020-12-28 00:00:00-05:00,49.264569370679,49.800781866216845,49.2561924487206,49.50754165649414,1126500,0.0,0.0
2020-12-29 00:00:00-05:00,50.370522314957675,50.62187159195865,50.10241599334604,50.378902435302734,2242800,0.0,0.0
2020-12-30 00:00:00-05:00,50.69727502772863,51.300515829559835,50.67214105967878,51.02403259277344,1738900,0.0,0.0
2020-12-31 00:00:00-05:00,50.906733159811495,50.965384411916574,50.068900135353196,50.57160186767578,1331400,0.0,0.0
2021-01-04 00:00:00-05:00,51.36753541480113,51.468074466265165,50.47105448205639,50.71402359008789,1795100,0.0,0.0
2021-01-05 00:00:00-05:00,50.613493839977934,50.789438011393344,50.28673946561235,50.73917007446289,1386400,0.0,0.0
2021-01-06 00:00:00-05:00,50.789438030758284,51.283759652599144,50.74754701794046,50.8145751953125,2048900,0.0,0.0
2021-01-07 00:00:00-05:00,50.47943959788423,50.63024979759745,49.892955843008295,50.119171142578125,2421000,0.0,0.0
2021-01-08 00:00:00-05:00,50.20294501802095,50.76429471385932,49.81754265734315,50.71402359008789,3342300,0.0,0.0
2021-01-11 00:00:00-05:00,50.0688988707329,50.194575099659104,49.566200347186616,49.867820739746094,1591700,0.0,0.0
2021-01-12 00:00:00-05:00,49.29808345066976,49.59970377842944,49.15565020874832,49.50754165649414,1463100,0.0,0.0
2021-01-13 00:00:00-05:00,49.41539021131056,49.82592978970262,49.365119080462776,49.57457733154297,2110600,0.0,0.0
2021-01-14 00:00:00-05:00,49.733765848970506,50.32862649346296,49.566198614951446,50.13592529296875,1717900,0.0,0.0
2021-01-15 00:00:00-05:00,49.92646411059418,50.23646139783032,49.73376292144313,50.001869201660156,1843900,0.0,0.0
2021-01-19 00:00:00-05:00,50.14430578066605,50.19457691326876,49.750526428222656,49.750526428222656,1642100,0.0,0.0
2021-01-20 00:00:00-05:00,49.817554489199836,50.0353928812013,49.65836735356768,49.89295959472656,1138400,0.0,0.0
2021-01-21 00:00:00-05:00,50.035396894366976,50.32026029408477,49.96836870804287,50.20296096801758,1342900,0.0,0.0
2021-01-22 00:00:00-05:00,50.10241497978909,50.28673927069806,49.88457979641617,49.9851188659668,985600,0.0,0.0
2021-01-25 00:00:00-05:00,50.32862500115035,51.2334861203754,50.2616000271776,51.08267593383789,1379600,0.0,0.0
2021-01-26 00:00:00-05:00,50.93187044848485,51.04916656082328,50.663764135688616,51.02403259277344,1266300,0.0,0.0
2021-01-27 00:00:00-05:00,50.269987866125604,50.4459320565979,49.65837006395064,49.717018127441406,1852700,0.0,0.0
2021-01-28 00:00:00-05:00,49.60809583917764,49.9767444394185,49.448908704760626,49.49917984008789,1335200,0.0,0.0
2021-01-29 00:00:00-05:00,48.82053284961754,49.088639173460066,48.75350467061717,48.879180908203125,2016800,0.0,0.0
2021-02-01 00:00:00-05:00,49.05511545257925,49.23943971256095,48.90430527551765,48.91268539428711,1186000,0.0,0.0
2021-02-02 00:00:00-05:00,49.18079376220703,49.33998086874582,48.96295541001816,49.18079376220703,1042000,0.0,0.0
2021-02-03 00:00:00-05:00,49.691878502730624,49.742146439386644,49.30647287725125,49.68349838256836,1358400,0.0,0.0
2021-02-04 00:00:00-05:00,47.1281108908278,47.30405507109446,46.39919700395194,46.79297637939453,4885100,0.0,0.0
2021-02-05 00:00:00-05:00,46.281896610537636,46.44946065470341,45.913248042782676,46.097572326660156,4233300,0.0,0.0
2021-02-08 00:00:00-05:00,46.064058239395294,46.18135434874304,45.50271166006555,46.097572326660156,4557900,0.0,0.0
2021-02-09 00:00:00-05:00,45.410556973745585,45.93839274855113,45.26812367752449,45.64514923095703,4815100,0.0,0.0
2021-02-10 00:00:00-05:00,45.963516974551304,46.12270408732417,45.41892426883081,45.45243835449219,3582600,0.0,0.0
2021-02-11 00:00:00-05:00,45.2094662042594,45.54460067002477,45.05865601427289,45.53622055053711,3839900,0.0,0.0
2021-02-12 00:00:00-05:00,45.402170454384525,46.13108748699415,45.385413410362304,46.12270736694336,1900200,0.0,0.0
2021-02-16 00:00:00-05:00,46.79297606189754,46.868381166654416,46.457844748817756,46.7008171081543,2017600,0.0,0.0
2021-02-17 00:00:00-05:00,46.064056270473934,46.307028598639896,45.98865117539068,46.13108444213867,1901700,0.0,0.0
2021-02-18 00:00:00-05:00,46.332174398740655,46.66730895050325,46.147853271743195,46.60028076171875,1603400,0.0,0.0
2021-02-19 00:00:00-05:00,46.28189629642555,46.315407187383705,45.56135940551758,45.56135940551758,1526300,0.0,0.0
2021-02-22 00:00:00-05:00,45.34352193122437,45.73730447149155,45.15082072107301,45.50271224975586,2578300,0.0,0.0
2021-02-23 00:00:00-05:00,45.511093611199826,46.65892406014205,45.511093611199826,46.432708740234375,4020300,0.0,0.0
2021-02-24 00:00:00-05:00,45.142441203078526,45.67027367165194,45.142441203078526,45.4608154296875,4091600,0.0,0.0
2021-02-25 00:00:00-05:00,45.59107984754407,45.97170779221325,45.201988413175776,45.51495361328125,5231100,0.514,0.0
2021-02-26 00:00:00-05:00,44.73678701924664,44.77062162804174,43.96706741571059,44.03473663330078,3712700,0.0,0.0
2021-03-01 00:00:00-05:00,44.56760596806545,44.84673658029762,44.30539588261168,44.52531433105469,2307300,0.0,0.0
2021-03-02 00:00:00-05:00,44.93977841621343,45.2358230907251,44.90594381722782,45.04973602294922,1924200,0.0,0.0
2021-03-03 00:00:00-05:00,44.736773780214605,45.396532323246035,44.559146976574596,45.201988220214844,4564700,0.0,0.0
2021-03-04 00:00:00-05:00,45.447282163108945,45.997083075164575,44.94823314692831,45.23582077026367,4208600,0.0,0.0
2021-03-05 00:00:00-05:00,45.21891023900043,45.72641959376868,45.10895262144912,45.69258499145508,2619900,0.0,0.0
2021-03-08 00:00:00-05:00,45.286577695560986,45.980170882990755,45.261200131482724,45.658748626708984,3109400,0.0,0.0
2021-03-09 00:00:00-05:00,46.30159092248918,46.39463123083783,45.76024701222121,45.768707275390625,2382800,0.0,0.0
2021-03-10 00:00:00-05:00,46.538429395704554,46.538429395704554,46.15779819687082,46.37771987915039,2437500,0.0,0.0
2021-03-11 00:00:00-05:00,46.242379107404005,46.3777175059708,46.12396123530308,46.174713134765625,1981200,0.0,0.0
2021-03-12 00:00:00-05:00,46.28467315297145,46.69067866156743,46.200086655360856,46.6314697265625,1811200,0.0,0.0
2021-03-15 00:00:00-04:00,47.037479971888324,47.04593700917854,46.40309569582792,46.64839172363281,3451100,0.0,0.0
2021-03-16 00:00:00-04:00,46.775263494069584,47.55344316484087,46.758346193982696,47.46039962768555,3477300,0.0,0.0
2021-03-17 00:00:00-04:00,47.29968744561373,47.52806615950085,47.1558952331543,47.1558952331543,2447600,0.0,0.0
2021-03-18 00:00:00-04:00,47.147437185868135,47.468856204469404,47.020559049768394,47.299686431884766,1781100,0.0,0.0
2021-03-19 00:00:00-04:00,46.70759802271017,46.893681872377094,46.453841745322826,46.682220458984375,2567700,0.0,0.0
2021-03-22 00:00:00-04:00,46.707598352877966,47.20664742107828,46.67376375210114,47.088226318359375,1521300,0.0,0.0
2021-03-23 00:00:00-04:00,47.24894215840938,47.70569961892597,47.1812729524164,47.38427734375,1789900,0.0,0.0
2021-03-24 00:00:00-04:00,46.81755581928727,47.308147849084484,46.749889844589966,47.079769134521484,1671200,0.0,0.0
2021-03-25 00:00:00-04:00,47.3335236781351,47.49423642306618,47.062853317524585,47.350440979003906,1553800,0.0,0.0
2021-03-26 00:00:00-04:00,47.147436776082316,47.5280647277832,46.98672404153349,47.5280647277832,1358900,0.0,0.0
2021-03-29 00:00:00-04:00,47.40965096987588,48.06941281180663,47.38427663133268,47.93407440185547,1975300,0.0,0.0
2021-03-30 00:00:00-04:00,47.3758126682156,47.57881704064618,47.18126855906903,47.299686431884766,2014300,0.0,0.0
2021-03-31 00:00:00-04:00,47.570356892375834,47.60418826336378,47.206643034435565,47.22356033325195,1700700,0.0,0.0
2021-04-01 00:00:00-04:00,47.435022763860076,47.451936836400826,47.02901403669442,47.24893569946289,2079900,0.0,0.0
2021-04-05 00:00:00-04:00,47.30814702464713,47.77336148251109,47.30814702464713,47.62110900878906,1050100,0.0,0.0
2021-04-06 00:00:00-04:00,47.638018425375066,48.001732249449596,47.51960057133118,47.773353576660156,1390400,0.0,0.0
2021-04-07 00:00:00-04:00,48.17936364951831,48.17936364951831,47.8579446510543,47.950984954833984,1558600,0.0,0.0
2021-04-08 00:00:00-04:00,48.22166516275884,48.48387850889024,48.103247273101275,48.230125427246094,2363300,0.0,0.0
2021-04-09 00:00:00-04:00,47.90023512318387,48.018652985708655,47.790274296563105,48.00173568725586,2297800,0.0,0.0
2021-04-12 00:00:00-04:00,47.81565317194618,48.19628435667043,47.71415259823474,48.094783782958984,1726900,0.0,0.0
2021-04-13 00:00:00-04:00,47.95098366116105,48.14552775287059,47.90869202846675,48.07786178588867,1949600,0.0,0.0
2021-04-14 00:00:00-04:00,48.044038923840354,48.111708133995236,47.77336853651189,47.925621032714844,1343200,0.0,0.0
2021-04-15 00:00:00-04:00,48.48386766165853,48.80528988070734,48.46695036311441,48.568450927734375,1350900,0.0,0.0
2021-04-16 00:00:00-04:00,48.55999260067911,48.85603725071817,48.50924070639612,48.69532775878906,1368300,0.0,0.0
2021-04-19 00:00:00-04:00,48.84759242869896,48.93217571367487,48.619213687289395,48.78838348388672,1417600,0.0,0.0
2021-04-20 00:00:00-04:00,48.65304230432525,48.92371265491201,48.50924686558816,48.898338317871094,2582700,0.0,0.0
2021-04-21 00:00:00-04:00,48.61075007356399,48.898337720881976,48.55154113676133,48.813751220703125,2060300,0.0,0.0
2021-04-22 00:00:00-04:00,47.976362733633074,48.55153799100219,47.84102756876063,48.348533630371094,2118900,0.0,0.0
2021-04-23 00:00:00-04:00,48.086328214140096,48.21320636364996,47.79874053834374,48.1117057800293,2001500,0.0,0.0
2021-04-26 00:00:00-04:00,48.07786443499137,48.1878252673712,47.87486006957052,48.12861633300781,1452900,0.0,0.0
2021-04-27 00:00:00-04:00,47.67186136659156,47.96790605353492,47.63802676618514,47.781822204589844,1950500,0.0,0.0
2021-04-28 00:00:00-04:00,47.91716560099875,48.12862704985286,47.91716560099875,48.03558349609375,1554000,0.0,0.0
2021-04-29 00:00:00-04:00,49.8795217337989,50.014856916115214,49.600391105283556,49.83722686767578,3032400,0.0,0.0
2021-04-30 00:00:00-04:00,50.01485690903616,50.01485690903616,49.47351617984755,49.668060302734375,1973700,0.0,0.0
2021-05-03 00:00:00-04:00,49.938727321350896,50.18402333115589,49.82030944810574,50.08251953125,939700,0.0,0.0
2021-05-04 00:00:00-04:00,49.321258544921875,49.625760253301905,49.17746311376234,49.321258544921875,3186000,0.0,0.0
2021-05-05 00:00:00-04:00,49.76110092463292,50.01485397321438,49.69343172413382,49.85414123535156,1180900,0.0,0.0
2021-05-06 00:00:00-04:00,49.93026739396684,50.581568927842206,49.9133500938687,50.488525390625,1596600,0.0,0.0
2021-05-07 00:00:00-04:00,50.42931894829615,50.69998930996597,50.370110008346195,50.53082275390625,1591100,0.0,0.0
2021-05-10 00:00:00-04:00,50.78458153222919,51.24133902896308,50.73382962371023,51.131378173828125,1657300,0.0,0.0
2021-05-11 00:00:00-04:00,50.38701960600089,50.78456805058264,50.19247551495836,50.77610778808594,3249800,0.0,0.0
2021-05-12 00:00:00-04:00,50.72536967293875,51.055248992756205,50.61540882411779,50.674617767333984,3629800,0.0,0.0
2021-05-13 00:00:00-04:00,50.37010756734381,51.199035913117335,50.3108986302632,50.96220016479492,2458600,0.0,0.0
2021-05-14 00:00:00-04:00,51.31745616860601,51.4781689138354,51.07216337216601,51.24979019165039,1304300,0.0,0.0
2021-05-17 00:00:00-04:00,51.48661778195792,51.75728810012557,51.41895181573836,51.63887023925781,1324500,0.0,0.0
2021-05-18 00:00:00-04:00,51.605045461162035,51.75729794742937,51.33437509149685,51.4443359375,1498600,0.0,0.0
2021-05-19 00:00:00-04:00,51.444333279437515,51.62196009535654,51.08907964759945,51.22441482543945,1636300,0.0,0.0
2021-05-20 00:00:00-04:00,51.56224726049561,52.014400229078795,51.53665486289859,51.8523063659668,1639800,0.516,0.0
2021-05-21 00:00:00-04:00,51.85230871933235,52.03999498855969,51.57931228466033,51.61343765258789,1073500,0.0,0.0
2021-05-24 00:00:00-04:00,51.63902282714844,51.8011166749406,51.57930506881672,51.63902282714844,973500,0.0,0.0
2021-05-25 00:00:00-04:00,51.86937173904646,52.02293264134024,51.61343798668156,51.96321487426758,1201600,0.0,0.0
2021-05-26 00:00:00-04:00,52.03999175879655,52.21061533347069,51.78405802397236,51.80965042114258,1158100,0.0,0.0
2021-05-27 00:00:00-04:00,51.39162977969947,51.64756353294701,50.73473108526044,50.79444885253906,2445400,0.0,0.0
2021-05-28 00:00:00-04:00,51.03332451445759,51.34044634774412,51.03332451445759,51.161293029785156,1443800,0.0,0.0
2021-06-01 00:00:00-04:00,51.604897652505706,51.61342736560045,51.09302699873512,51.16980743408203,1227800,0.0,0.0
2021-06-02 00:00:00-04:00,51.36603610327866,51.604910435961116,51.169820109757815,51.5537223815918,1398100,0.0,0.0
2021-06-03 00:00:00-04:00,51.45986909430304,51.63902236770423,51.280715820901854,51.6219596862793,1039300,0.0,0.0
2021-06-04 00:00:00-04:00,51.6475576301715,51.818181197627446,51.51105942708151,51.707275390625,923000,0.0,0.0
2021-06-07 00:00:00-04:00,51.69021352310149,51.784056649399965,51.519589952956444,51.758460998535156,830900,0.0,0.0
2021-06-08 00:00:00-04:00,51.95467154581039,51.95467154581039,51.49398895964103,51.528114318847656,979200,0.0,0.0
2021-06-09 00:00:00-04:00,51.69021458248109,51.80112039350445,51.127159067524474,51.13568878173828,1716600,0.0,0.0
2021-06-10 00:00:00-04:00,51.53664953352837,51.75845788330502,51.45133938077743,51.6219596862793,1506000,0.0,0.0
2021-06-11 00:00:00-04:00,51.44281519099384,51.57078369633029,51.331909369993866,51.502532958984375,1105000,0.0,0.0
2021-06-14 00:00:00-04:00,51.50253842940807,51.90350341796875,51.4172282530386,51.90350341796875,909200,0.0,0.0
2021-06-15 00:00:00-04:00,52.20209228963652,52.278872750118886,51.852315359522294,51.90350341796875,1027800,0.0,0.0
2021-06-16 00:00:00-04:00,52.62011109808139,52.73101691217424,51.690216013089184,51.69874572753906,1333900,0.0,0.0
2021-06-17 00:00:00-04:00,51.52811939364369,52.03145710120635,51.502523744531224,51.92055130004883,1223000,0.0,0.0
2021-06-18 00:00:00-04:00,51.02478545397044,51.075970247227694,50.54704010586779,50.760318756103516,1977200,0.0,0.0
2021-06-21 00:00:00-04:00,50.990654169730426,51.19539982773981,50.879748373257435,51.16980743408203,1150100,0.0,0.0
2021-06-22 00:00:00-04:00,51.28924294364977,51.383086059559716,51.127152359861206,51.16980743408203,964000,0.0,0.0
2021-06-23 00:00:00-04:00,51.459869015938004,51.4939943787359,50.76031535044977,50.78590774536133,1285700,0.0,0.0
2021-06-24 00:00:00-04:00,50.675010886796485,50.82003881340834,50.40201446251316,50.52997970581055,1491200,0.0,0.0
2021-06-25 00:00:00-04:00,50.63235209043685,50.88828908345009,50.47026148198597,50.82857131958008,1370300,0.0,0.0
2021-06-28 00:00:00-04:00,50.67500473920783,50.99065620629733,50.63234640890967,50.76884460449219,1117600,0.0,0.0
2021-06-29 00:00:00-04:00,50.709125753886916,50.709125753886916,50.44466233623359,50.555564880371094,956000,0.0,0.0
2021-06-30 00:00:00-04:00,50.02664302042427,50.42760795105197,49.71099150821424,49.90720748901367,1679900,0.0,0.0
2021-07-01 00:00:00-04:00,49.98397799182097,50.19725661386247,49.96691531153283,50.14606857299805,1362100,0.0,0.0
2021-07-02 00:00:00-04:00,50.03516585368037,50.44466041601022,49.96691513277198,50.291099548339844,1041600,0.0,0.0
2021-07-06 00:00:00-04:00,50.512912291091254,50.5896927316275,50.248448860423764,50.495849609375,1117500,0.0,0.0
2021-07-07 00:00:00-04:00,50.726193703071,51.28924921298214,50.59822846476671,51.11862564086914,1065500,0.0,0.0
2021-07-08 00:00:00-04:00,50.59822569967252,50.77737897613252,50.274041255811255,50.495849609375,1310200,0.0,0.0
2021-07-09 00:00:00-04:00,50.504388873547214,50.85416575640089,50.504388873547214,50.751792907714844,1280100,0.0,0.0
2021-07-12 00:00:00-04:00,50.751782564728494,51.11008908929549,50.751782564728494,50.96506118774414,1021700,0.0,0.0
2021-07-13 00:00:00-04:00,50.89681509130937,51.28924701226909,50.8797524093928,51.01625061035156,872500,0.0,0.0
2021-07-14 00:00:00-04:00,50.80296776053461,51.04184203320962,50.62381449680851,50.99065399169922,1141000,0.0,0.0
2021-07-15 00:00:00-04:00,50.94800384140281,50.98212595133387,50.59822699321204,50.87975311279297,1130400,0.0,0.0
2021-07-16 00:00:00-04:00,51.203944032702644,51.408689735646625,50.990665360417665,51.314849853515625,1816100,0.0,0.0
2021-07-19 00:00:00-04:00,50.80297134539213,51.075967743964235,50.49584958340507,50.82003402709961,1734500,0.0,0.0
2021-07-20 00:00:00-04:00,50.274045614519466,50.5982300864872,50.0351745585296,50.18020248413086,1885400,0.0,0.0
2021-07-21 00:00:00-04:00,50.32523141639414,50.4873220179514,49.99251399050199,50.08635711669922,1660400,0.0,0.0
2021-07-22 00:00:00-04:00,47.7232242854832,47.85972247624371,47.34785507448519,47.36491775512695,4620900,0.0,0.0
2021-07-23 00:00:00-04:00,48.20950914843936,48.71284693995595,48.0815438990279,48.62753677368164,2560200,0.0,0.0
2021-07-26 00:00:00-04:00,47.94504811114136,48.07301336704056,47.5270204647054,47.552616119384766,2227700,0.0,0.0
2021-07-27 00:00:00-04:00,47.87678435698999,48.24362384872497,47.85119196364171,48.16684341430664,2228800,0.0,0.0
2021-07-28 00:00:00-04:00,48.055939727607246,48.32893609805735,47.96209661507,48.286277770996094,2937000,0.0,0.0
2021-07-29 00:00:00-04:00,48.70430841222618,49.258834155792655,48.695778698891864,49.07114791870117,2401900,0.0,0.0
2021-07-30 00:00:00-04:00,49.44652093109624,49.51477166050026,49.06261871413337,49.079681396484375,1896000,0.0,0.0
2021-08-02 00:00:00-04:00,48.917593588425476,49.13940196290383,48.62753448064666,48.85787582397461,1387500,0.0,0.0
2021-08-03 00:00:00-04:00,49.122338423274535,49.352676492953144,49.08821305948,49.33561706542969,1605000,0.0,0.0
2021-08-04 00:00:00-04:00,49.480643618335115,49.61714181538316,48.857870390905056,48.960243225097656,2013400,0.0,0.0
2021-08-05 00:00:00-04:00,49.410374533962674,49.47922874832117,49.09193200042875,49.229637145996094,1633200,0.503,0.0
2021-08-06 00:00:00-04:00,48.87676239013672,48.99725396950453,48.77348107940777,48.87676239013672,1289500,0.0,0.0
2021-08-09 00:00:00-04:00,49.22963551227799,49.29848644120197,49.091930371280476,49.281272888183594,1319900,0.0,0.0
2021-08-10 00:00:00-04:00,49.20381110006869,49.281270443233716,48.95422280155862,49.13496017456055,995400,0.0,0.0
2021-08-11 00:00:00-04:00,49.29848751364958,49.47922818269968,49.25545527174227,49.350128173828125,1291800,0.0,0.0
2021-08-12 00:00:00-04:00,49.22102958032598,49.29848893124636,49.07471929700398,49.08332443237305,857900,0.0,0.0
2021-08-13 00:00:00-04:00,49.410369845441814,49.7890581390311,49.375942741529336,49.72020721435547,1273500,0.0,0.0
2021-08-16 00:00:00-04:00,49.0575048932495,49.289882941984956,48.919799747682156,49.229637145996094,1845800,0.0,0.0
2021-08-17 00:00:00-04:00,48.97144097470181,49.298488647237335,48.93701386712448,49.14356994628906,1423700,0.0,0.0
2021-08-18 00:00:00-04:00,48.88536260571603,48.902576155772195,48.446428570305166,48.46364212036133,1391700,0.0,0.0
2021-08-19 00:00:00-04:00,48.09356280536354,48.44643240154819,48.06774083666275,48.15380859375,2062800,0.0,0.0
2021-08-20 00:00:00-04:00,48.265700988183156,48.739062219512384,48.18824163882749,48.515289306640625,1286500,0.0,0.0
2021-08-23 00:00:00-04:00,48.42061775424787,48.65299580879614,48.300126159256116,48.52389907836914,1077500,0.0,0.0
2021-08-24 00:00:00-04:00,47.95586012774973,48.30872974196626,47.8784007839876,48.14520263671875,1219600,0.0,0.0
2021-08-25 00:00:00-04:00,47.64602196696429,47.90421868086365,47.52553038602121,47.826759338378906,1516400,0.0,0.0
2021-08-26 00:00:00-04:00,47.88700810129081,48.07635390203976,47.783730065950266,47.97307586669922,1289500,0.0,0.0
2021-08-27 00:00:00-04:00,47.973070162122305,48.09356173621663,47.732083730784495,47.775115966796875,1453500,0.0,0.0
2021-08-30 00:00:00-04:00,47.732087782752934,48.0505335792055,47.732087782752934,48.02471160888672,1152200,0.0,0.0
2021-08-31 00:00:00-04:00,47.766513809299944,47.93864604722459,47.71487315297774,47.92143249511719,1534200,0.0,0.0
2021-09-01 00:00:00-04:00,47.9644625382577,48.24848121030493,47.84397096217071,48.214054107666016,1807800,0.0,0.0
2021-09-02 00:00:00-04:00,47.00913128229779,47.336182187603,46.99191773116076,47.21569061279297,2779800,0.0,0.0
2021-09-03 00:00:00-04:00,47.18126756146,47.65462876734856,47.12962690361509,47.46528625488281,2240600,0.0,0.0
2021-09-07 00:00:00-04:00,47.35339954562365,47.60299113245224,47.336185993102774,47.37061309814453,2025500,0.0,0.0
2021-09-08 00:00:00-04:00,47.258724460875854,47.7320856422666,47.258724460875854,47.69765853881836,1763200,0.0,0.0
2021-09-09 00:00:00-04:00,47.594381368655206,47.594381368655206,47.11241504429829,47.20708465576172,1611600,0.0,0.0
2021-09-10 00:00:00-04:00,47.30175646110167,47.35339711601473,47.05216488707913,47.10380554199219,1406800,0.0,0.0
2021-09-13 00:00:00-04:00,47.60298729262265,47.75790596966482,47.456673749572076,47.52552795410156,1585600,0.0,0.0
2021-09-14 00:00:00-04:00,48.03332034478376,48.04192547951405,47.63741520105208,47.65462875366211,1789600,0.0,0.0
2021-09-15 00:00:00-04:00,47.48249518513541,47.57716808027283,47.15544754412353,47.3017578125,2382000,0.0,0.0
2021-09-16 00:00:00-04:00,47.06077249053722,47.14683696408786,46.71650803003624,46.94028091430664,1898900,0.0,0.0
2021-09-17 00:00:00-04:00,46.7939660207633,46.991916930743656,46.36363709911492,46.432491302490234,2595400,0.0,0.0
2021-09-20 00:00:00-04:00,46.68208559035061,47.05216546407667,46.35503467152251,46.67347717285156,2758500,0.0,0.0
2021-09-21 00:00:00-04:00,47.01774052876661,47.33618302254558,46.880035400390625,46.880035400390625,2313000,0.0,0.0
2021-09-22 00:00:00-04:00,47.26733457619874,47.516926177776504,46.966105597156364,46.99192428588867,2454900,0.0,0.0
2021-09-23 00:00:00-04:00,47.379214423870984,47.50831441582412,47.17265837652498,47.21569061279297,1526700,0.0,0.0
2021-09-24 00:00:00-04:00,46.991925103976705,47.224303156061886,46.90586061793762,46.96610641479492,1204800,0.0,0.0
2021-09-27 00:00:00-04:00,46.76814460491602,47.060768385874304,46.6906852722168,46.6906852722168,1582200,0.0,0.0
2021-09-28 00:00:00-04:00,46.99192431402024,47.009137867568626,46.501349528914886,46.837005615234375,2662300,0.0,0.0
2021-09-29 00:00:00-04:00,46.750936203092266,47.34478896374621,46.60462593807652,47.19847869873047,2650800,0.0,0.0
2021-09-30 00:00:00-04:00,46.92307559430938,46.966107838633505,46.48413816601386,46.664878845214844,3539900,0.0,0.0
2021-10-01 00:00:00-04:00,46.78535761010664,46.88003049154232,46.320601619321735,46.65625762939453,2782000,0.0,0.0
2021-10-04 00:00:00-04:00,46.200117639912605,46.50995501797012,46.139871847862466,46.31200408935547,2465000,0.0,0.0
2021-10-05 00:00:00-04:00,46.200116316824364,46.23454342076692,45.976343424347085,45.99355697631836,2306900,0.0,0.0
2021-10-06 00:00:00-04:00,45.21896389354079,45.6923250509207,45.19314192568976,45.65789794921875,2013800,0.0,0.0
2021-10-07 00:00:00-04:00,45.60625948676447,45.94191551244099,45.48576463369555,45.55461883544922,1831800,0.0,0.0
2021-10-08 00:00:00-04:00,45.477166886644746,45.59765847613538,45.270607530982545,45.30503463745117,1992600,0.0,0.0
2021-10-11 00:00:00-04:00,45.33085771625462,45.48577642721855,45.184547424316406,45.184547424316406,1453200,0.0,0.0
2021-10-12 00:00:00-04:00,45.09847479221117,45.167325716239105,44.909129005623065,44.99519348144531,1531000,0.0,0.0
2021-10-13 00:00:00-04:00,45.34806384695048,45.640687666069596,45.34806384695048,45.58905029296875,1899400,0.0,0.0
2021-10-14 00:00:00-04:00,45.7267540576851,45.778391429240216,45.554621825153106,45.73535919189453,1636400,0.0,0.0
2021-10-15 00:00:00-04:00,45.348058704492686,45.830028258724646,45.3308451543613,45.58043670654297,1517400,0.0,0.0
2021-10-18 00:00:00-04:00,45.39109202830362,45.48576162472878,45.21035140223108,45.373878479003906,2023300,0.0,0.0
2021-10-19 00:00:00-04:00,45.072657973470754,45.27060891700154,44.977985069358276,45.19314956665039,1815800,0.0,0.0
2021-10-20 00:00:00-04:00,45.45995494788861,45.597660095504054,45.339463354118806,45.44274139404297,1441400,0.0,0.0
2021-10-21 00:00:00-04:00,45.812813623383505,46.08822385266388,45.74396270763786,45.94191360473633,2629500,0.0,0.0
2021-10-22 00:00:00-04:00,46.105449108835614,46.44971362442135,46.079630419269094,46.2259407043457,1742800,0.0,0.0
2021-10-25 00:00:00-04:00,46.18290248766945,46.19150762202878,45.8644599859854,46.053802490234375,1554100,0.0,0.0
2021-10-26 00:00:00-04:00,46.475528717041016,46.62183899079402,46.34642871290055,46.475528717041016,1647600,0.0,0.0
2021-10-27 00:00:00-04:00,46.38946154144331,46.46692088279779,45.976342865453226,46.07962417602539,1535900,0.0,0.0
2021-10-28 00:00:00-04:00,46.26035934900649,46.49273736203986,46.20011356227367,46.37224578857422,1338800,0.0,0.0
2021-10-29 00:00:00-04:00,45.933311164807265,46.200116295515016,45.90749247843693,46.114051818847656,1785500,0.0,0.0
2021-11-01 00:00:00-04:00,46.045194620148884,46.40666933845156,45.96773528291986,46.27757263183594,1633600,0.0,0.0
2021-11-02 00:00:00-04:00,46.08822821315799,46.53577069886867,46.02798242499975,46.32060623168945,1790000,0.0,0.0
2021-11-03 00:00:00-04:00,46.3206051310589,46.58741024595525,46.16568645571897,46.527164459228516,1705900,0.0,0.0
2021-11-04 00:00:00-04:00,45.85655720947505,46.343004635833545,45.79575128118024,45.926048278808594,2989400,0.498,0.0
2021-11-05 00:00:00-04:00,45.83049804360438,46.03029275049059,45.7175746346206,45.91736602783203,2377400,0.0,0.0
2021-11-08 00:00:00-05:00,45.9086719458263,45.9086719458263,45.561209992526315,45.87392807006836,2497500,0.0,0.0
2021-11-09 00:00:00-05:00,45.856558975898295,46.13452989128921,45.856558975898295,45.99554443359375,2376100,0.0,0.0
2021-11-10 00:00:00-05:00,45.98685832683858,46.07372631338079,45.795755383795445,46.01292037963867,1863100,0.0,0.0
2021-11-11 00:00:00-05:00,45.69150472663562,45.734940368118814,45.46565463382437,45.56989288330078,3189400,0.0,0.0
2021-11-12 00:00:00-05:00,45.67413444645139,45.70019318040194,45.44828103996594,45.56989288330078,1899000,0.0,0.0
2021-11-15 00:00:00-05:00,45.526471312562705,45.63939804248795,45.4396066364202,45.44829177856445,2258400,0.0,0.0
2021-11-16 00:00:00-05:00,45.4830261331077,45.56120564503325,45.178993225097656,45.178993225097656,2438400,0.0,0.0
2021-11-17 00:00:00-05:00,45.17031521542502,45.21374754808956,44.927091501563986,44.970523834228516,2007800,0.0,0.0
2021-11-18 00:00:00-05:00,45.14425827890261,45.14425827890261,44.56225439422908,44.579627990722656,3047000,0.0,0.0
2021-11-19 00:00:00-05:00,45.19637259241555,45.21374618769354,44.68386312957553,44.701236724853516,2919000,0.0,0.0
2021-11-22 00:00:00-05:00,44.718611632918595,45.126882849750615,44.53619384765625,44.53619384765625,3098100,0.0,0.0
2021-11-23 00:00:00-05:00,45.16163535965868,45.49172377747926,45.07476737048882,45.38748550415039,3243200,0.0,0.0
2021-11-24 00:00:00-05:00,45.022647799274566,45.283245127328975,44.93577981413989,45.25718307495117,2277600,0.0,0.0
2021-11-26 00:00:00-05:00,45.72626335513881,46.030296353219676,45.500413205819484,45.59596633911133,4234100,0.0,0.0
2021-11-29 00:00:00-05:00,45.83918619690213,45.88261853189247,45.37879748139008,45.83049774169922,4980500,0.0,0.0
2021-11-30 00:00:00-05:00,45.17899378595224,45.23111456577432,44.10185751235533,44.171348571777344,4535400,0.0,0.0
2021-12-01 00:00:00-05:00,44.48406222885287,44.63173610025658,43.95417928420066,43.962867736816406,4973700,0.0,0.0
2021-12-02 00:00:00-05:00,44.93578059898133,45.16163405060141,44.63175092988685,44.683868408203125,3354600,0.0,0.0
2021-12-03 00:00:00-05:00,44.77942375754481,44.87497689076348,44.458020475179765,44.55357360839844,3045500,0.0,0.0
2021-12-06 00:00:00-05:00,44.81417773360406,45.78707618381686,44.81417773360406,45.70889663696289,4839200,0.0,0.0
2021-12-07 00:00:00-05:00,44.97921026424006,45.543840546083054,44.97921026424006,45.47434616088867,3667100,0.0,0.0
2021-12-08 00:00:00-05:00,45.57858374696386,46.09109319502612,45.465657037750304,46.02159881591797,5029300,0.0,0.0
2021-12-09 00:00:00-05:00,45.648081125093164,45.96948438872941,45.456978183466795,45.95211410522461,4333300,0.0,0.0
2021-12-10 00:00:00-05:00,46.091097467428646,46.39512712002279,46.06503541601009,46.256141662597656,3272800,0.0,0.0
2021-12-13 00:00:00-05:00,46.06504000276697,46.36907299930877,45.91736938928168,46.11716079711914,2711600,0.0,0.0
2021-12-14 00:00:00-05:00,46.204022235203084,46.30826381660026,45.978172102858785,46.06503677368164,2762000,0.0,0.0
2021-12-15 00:00:00-05:00,45.69150955448817,45.847868602061084,45.561212557293786,45.778377532958984,2521300,0.0,0.0
2021-12-16 00:00:00-05:00,45.891307872468616,46.360381738558594,45.87393427540235,46.29957580566406,2823600,0.0,0.0
2021-12-17 00:00:00-05:00,46.0910956281048,46.160586697206895,45.76968907827463,45.778377532958984,3023500,0.0,0.0
2021-12-20 00:00:00-05:00,45.7957504723039,45.92604746763086,45.56121190430597,45.63070297241211,2986500,0.0,0.0
2021-12-21 00:00:00-05:00,45.344054046609976,45.578592651408954,45.23112731533454,45.42223358154297,2658400,0.0,0.0
2021-12-22 00:00:00-05:00,45.196368899529936,45.59595493092554,45.109504243911964,45.56989288330078,1997600,0.0,0.0
2021-12-23 00:00:00-05:00,45.80444223117509,46.065039573155524,45.76969503526437,45.88262176513672,1633200,0.0,0.0
2021-12-27 00:00:00-05:00,46.15190339794748,46.33432118950397,46.00422948549126,46.256141662597656,1882800,0.0,0.0
2021-12-28 00:00:00-05:00,46.37775870033915,46.60361216491153,46.35169995968659,46.49937057495117,1542400,0.0,0.0
2021-12-29 00:00:00-05:00,46.64703573155631,46.707841657427295,46.42987076382436,46.57754135131836,1922400,0.0,0.0
2021-12-30 00:00:00-05:00,46.516742664535265,46.62966939315875,46.48199546900882,46.54280471801758,1664100,0.0,0.0
2021-12-31 00:00:00-05:00,46.47330375045937,46.75996310247456,46.45593015515471,46.725215911865234,1372000,0.0,0.0
2022-01-03 00:00:00-05:00,46.49936294789286,47.020560871179974,46.28219797494186,46.959754943847656,2817900,0.0,0.0
2022-01-04 00:00:00-05:00,46.716528381890576,47.10742599979507,46.66441090861968,46.73390197753906,2551300,0.0,0.0
2022-01-05 00:00:00-05:00,46.71653239569071,46.933697389443346,46.59492052937721,46.64704132080078,2690300,0.0,0.0
2022-01-06 00:00:00-05:00,46.20402291966666,46.3690704358198,45.99554638113353,46.186649322509766,2888300,0.0,0.0
2022-01-07 00:00:00-05:00,46.169275030498845,46.812081501119955,46.15190143485036,46.73390197753906,2856700,0.0,0.0
2022-01-10 00:00:00-05:00,46.57754262376757,47.15085802169529,46.534110291769544,47.107425689697266,3702500,0.0,0.0
2022-01-11 00:00:00-05:00,46.46461784761054,46.88157418706074,46.34300268247244,46.864200592041016,2943000,0.0,0.0
2022-01-12 00:00:00-05:00,46.43856497387271,46.594924046270265,46.35170029528521,46.560176849365234,2691100,0.0,0.0
2022-01-13 00:00:00-05:00,46.56016718067974,46.82076778967606,46.386437859581385,46.629661560058594,2379700,0.0,0.0
2022-01-14 00:00:00-05:00,46.551483316892345,47.22035182522457,46.52542458074774,47.1595458984375,2688200,0.0,0.0
2022-01-18 00:00:00-05:00,42.59907994298076,42.703318197405686,40.01915912182467,40.34925079345703,38010400,0.0,0.0
2022-01-19 00:00:00-05:00,42.99866199724555,44.45801079073086,42.65119673644455,43.46773910522461,21826800,0.0,0.0
2022-01-20 00:00:00-05:00,43.65884899612508,43.78046417642014,42.903115743788824,42.91180419921875,7987500,0.0,0.0
2022-01-21 00:00:00-05:00,43.29401838878558,43.485124666183566,42.7380764694553,42.8336296081543,5638600,0.0,0.0
2022-01-24 00:00:00-05:00,45.83049959540662,46.69915958504695,45.474349132201084,46.508056640625,20793300,0.0,0.0
2022-01-25 00:00:00-05:00,46.03028439393262,46.2735080782645,45.70019274114352,45.795745849609375,8830700,0.0,0.0
2022-01-26 00:00:00-05:00,45.309305413395194,45.47434962027531,44.37115433762545,44.570945739746094,4500200,0.0,0.0
2022-01-27 00:00:00-05:00,44.735992554783934,45.179007722066686,44.249541734080715,44.47539520263672,3572800,0.0,0.0
2022-01-28 00:00:00-05:00,43.98025526924079,44.562255859375,43.73702822400837,44.562255859375,3088500,0.0,0.0
2022-01-31 00:00:00-05:00,44.032367875144935,44.649118904847995,43.954188353840294,44.64043045043945,2716300,0.0,0.0
2022-02-01 00:00:00-05:00,44.13661418872258,44.53619697891727,43.858643263919774,44.41458511352539,3683900,0.0,0.0
2022-02-02 00:00:00-05:00,44.28428893134704,44.80548694931659,44.23216813544755,44.47539520263672,4288600,0.0,0.0
2022-02-03 00:00:00-05:00,44.77941471684593,45.205059502428014,44.69255005709825,44.97920608520508,2356400,0.0,0.0
2022-02-04 00:00:00-05:00,44.88365175380509,44.918398942231384,44.5535634047781,44.64911651611328,2355300,0.0,0.0
2022-02-07 00:00:00-05:00,45.1008261104023,45.60465050656259,45.07476737048882,45.38748550415039,2688300,0.0,0.0
2022-02-08 00:00:00-05:00,45.509091541215334,45.682824183608204,45.28324142567678,45.430912017822266,2501900,0.0,0.0
2022-02-09 00:00:00-05:00,45.300615792435025,45.38748045827289,44.89234457291297,45.291927337646484,2962200,0.0,0.0
2022-02-10 00:00:00-05:00,44.50145247617698,44.96184122691016,44.18873433844311,44.492767333984375,3709600,0.0,0.0
2022-02-11 00:00:00-05:00,45.84786806186686,46.48198938569688,45.717571066207675,45.80443572998047,4164400,0.0,0.0
2022-02-14 00:00:00-05:00,45.29192641244302,45.35273234002233,44.4145813761741,44.82284927368164,2834400,0.0,0.0
2022-02-15 00:00:00-05:00,44.88366212265729,45.083456845427165,44.65781197305988,44.7273063659668,3089700,0.0,0.0
2022-02-16 00:00:00-05:00,44.8489132031024,45.09213692361119,44.79679241427565,45.066078186035156,1991500,0.0,0.0
2022-02-17 00:00:00-05:00,44.961837425372714,45.01395821514653,44.64912262775399,44.901031494140625,2483500,0.0,0.0
2022-02-18 00:00:00-05:00,45.30930016224962,45.55252387339492,45.23112063885656,45.430912017822266,2019200,0.0,0.0
2022-02-22 00:00:00-05:00,44.51882532727281,44.866290655297114,44.40589859861367,44.605690002441406,2101800,0.0,0.0
2022-02-23 00:00:00-05:00,45.37879439018098,45.42222672221269,44.657805086491315,44.82284927368164,4546100,0.0,0.0
2022-02-24 00:00:00-05:00,43.03127460712542,43.171584315988426,42.39987924461822,43.02250671386719,4809300,0.487,0.0
2022-02-25 00:00:00-05:00,43.11896268396027,44.39052117729347,43.08388776912637,44.32913589477539,3234300,0.0,0.0
2022-02-28 00:00:00-05:00,43.85559751789062,44.13622030511123,43.72405903616757,44.08360290527344,2774600,0.0,0.0
2022-03-01 00:00:00-05:00,43.557430112259354,43.79420334565706,42.6191084161538,42.74188232421875,3780300,0.0,0.0
2022-03-02 00:00:00-05:00,42.31219206919157,42.952355402694685,42.25080677318769,42.680503845214844,3133200,0.0,0.0
2022-03-03 00:00:00-05:00,41.90880037283029,42.11926328075953,41.56679563850957,41.82987594604492,4590800,0.0,0.0
2022-03-04 00:00:00-05:00,39.9444537482414,40.102302573382836,39.46213938041901,40.05845642089844,8935700,0.0,0.0
2022-03-07 00:00:00-05:00,38.52381517430528,38.87459106197545,37.927498172414055,38.4799690246582,9993300,0.0,0.0
2022-03-08 00:00:00-05:00,38.30457600886751,39.02366347265401,37.80472260953412,38.33088302612305,7344200,0.0,0.0
2022-03-09 00:00:00-05:00,39.4621402619392,40.47061851784314,39.28675230283672,39.83045196533203,6072400,0.0,0.0
2022-03-10 00:00:00-05:00,38.935985124903965,39.16398716165652,38.6202874238254,38.89213562011719,4130700,0.0,0.0
2022-03-11 00:00:00-05:00,38.87459189899363,39.20782531968376,38.48873774519916,38.54135513305664,4135800,0.0,0.0
2022-03-14 00:00:00-04:00,39.014909550173606,39.348143038869836,38.795675407229886,38.89213562011719,3172500,0.0,0.0
2022-03-15 00:00:00-04:00,39.44459284819756,39.470899865702016,38.51503920183228,38.92720031738281,5208900,0.0,0.0
2022-03-16 00:00:00-04:00,39.111366577759775,39.53229904174805,38.9798281098548,39.53229904174805,4146200,0.0,0.0
2022-03-17 00:00:00-04:00,39.26921321803696,39.78660585810465,39.199060041462694,39.742759704589844,3251400,0.0,0.0
2022-03-18 00:00:00-04:00,39.146438055754494,39.804140317027915,39.06751365059181,39.725215911865234,4446200,0.0,0.0
2022-03-21 00:00:00-04:00,39.52352780340602,39.716454903963374,39.39198599025377,39.53229904174805,2982600,0.0,0.0
2022-03-22 00:00:00-04:00,39.77783453976232,40.12860708291868,39.7690633026665,39.91814422607422,3016700,0.0,0.0
2022-03-23 00:00:00-04:00,39.58491106380152,39.681374609140626,39.216599358230866,39.23413848876953,3882400,0.0,0.0
2022-03-24 00:00:00-04:00,39.199056854297424,39.29552039133506,39.006129780222146,39.12013244628906,3155900,0.0,0.0
2022-03-25 00:00:00-04:00,39.12890239482734,39.4446000434541,38.95351444056281,39.374446868896484,3401500,0.0,0.0
2022-03-28 00:00:00-04:00,39.37445478355974,39.637535095214844,39.25168084922288,39.637535095214844,2570600,0.0,0.0
2022-03-29 00:00:00-04:00,40.952937392088444,41.19847855463819,40.43554469582474,40.55831527709961,4164300,0.0,0.0
2022-03-30 00:00:00-04:00,40.724930290721886,40.97047478811286,40.567081451416016,40.567081451416016,4690700,0.0,0.0
2022-03-31 00:00:00-04:00,40.21630270815201,40.225070599996776,39.733988370766525,39.96199035644531,4635800,0.0,0.0
2022-04-01 00:00:00-04:00,40.43554496705024,40.88278113687251,40.260156987517945,40.86524200439453,3677100,0.0,0.0
2022-04-04 00:00:00-04:00,40.365384692939365,40.86523821383032,40.26015325308,40.82139205932617,4120400,0.0,0.0
2022-04-05 00:00:00-04:00,40.549538074614844,40.856464457341154,40.40922839319043,40.4793815612793,2802200,0.0,0.0
2022-04-06 00:00:00-04:00,40.15491567096382,40.47061328749871,39.93568158673088,40.26014709472656,4325600,0.0,0.0
2022-04-07 00:00:00-04:00,40.06723006239969,40.52323747321171,40.023383903623966,40.444313049316406,2442800,0.0,0.0
2022-04-08 00:00:00-04:00,40.16368444655687,40.56707436756619,40.13737742634874,40.18999481201172,3891600,0.0,0.0
2022-04-11 00:00:00-04:00,39.74275377557247,40.06721927747318,39.7252146477337,39.77783203125,4153900,0.0,0.0
2022-04-12 00:00:00-04:00,39.4095287169961,39.505992276075084,38.988599559854,39.023677825927734,4460800,0.0,0.0
2022-04-13 00:00:00-04:00,38.99736596633005,39.55860477296918,38.97982683546669,39.470909118652344,3234300,0.0,0.0
2022-04-14 00:00:00-04:00,39.365669708182836,39.46213323577639,39.15520687093006,39.16397476196289,2802400,0.0,0.0
2022-04-18 00:00:00-04:00,39.26044393977088,39.26044393977088,38.734280080422465,38.77812957763672,2942900,0.0,0.0
2022-04-19 00:00:00-04:00,38.60275064565041,39.28676014287881,38.550133243845245,39.277992248535156,5096600,0.0,0.0
2022-04-20 00:00:00-04:00,39.470908154533134,39.92691551010075,39.40952287063433,39.83045196533203,4607400,0.0,0.0
2022-04-21 00:00:00-04:00,40.12861176922852,40.33031010302553,39.900609756812635,39.93568801879883,3133600,0.0,0.0
2022-04-22 00:00:00-04:00,40.21630402721222,40.31276756690259,39.804142846806755,39.82168197631836,3977600,0.0,0.0
2022-04-25 00:00:00-04:00,40.45308545454059,40.82139721317263,40.11108072288296,40.681087493896484,4313500,0.0,0.0
2022-04-26 00:00:00-04:00,40.69862650666239,40.8477074646544,40.01461704536897,40.040924072265625,5111700,0.0,0.0
2022-04-27 00:00:00-04:00,39.34813777266492,39.751531084080874,39.12013576642729,39.32183074951172,7362800,0.0,0.0
2022-04-28 00:00:00-04:00,39.5322920479762,40.549538074614844,39.29551883333875,40.4793815612793,5218200,0.0,0.0
2022-04-29 00:00:00-04:00,40.99678181291474,41.075706232567676,40.52323529499712,40.567081451416016,3717300,0.0,0.0
2022-05-02 00:00:00-04:00,39.97953793525373,40.128615544850696,39.611222840239044,40.02338409423828,4525300,0.0,0.0
2022-05-03 00:00:00-04:00,40.33030879527487,40.4267689947383,39.88306933257106,40.03215026855469,4320800,0.0,0.0
2022-05-04 00:00:00-04:00,39.786606137890274,40.33030915008791,39.49721884645988,40.25138473510742,3383400,0.0,0.0
2022-05-05 00:00:00-04:00,39.65506668378313,39.716451966648364,39.0762887701631,39.304290771484375,3642300,0.0,0.0
2022-05-06 00:00:00-04:00,38.99736995419568,39.24291112089752,38.63782609784764,39.00613784790039,3647300,0.0,0.0
2022-05-09 00:00:00-04:00,39.20782598300272,39.57614101374253,39.04997716200665,39.31306076049805,3644900,0.0,0.0
2022-05-10 00:00:00-04:00,40.29522801250318,40.31276714182985,39.69891099638401,39.89183807373047,4744700,0.0,0.0
2022-05-11 00:00:00-04:00,39.733987277061495,40.06722068193904,39.1815164391378,39.21659469604492,4197900,0.0,0.0
2022-05-12 00:00:00-04:00,39.70768571441806,39.909380718477024,39.29552781275298,39.628761291503906,3639800,0.0,0.0
2022-05-13 00:00:00-04:00,39.96199858425295,40.50569831223498,39.87430626676302,40.4881591796875,3320600,0.0,0.0
2022-05-16 00:00:00-04:00,39.72521713367496,40.3303053736148,39.70767800473862,39.96199035644531,3806100,0.0,0.0
2022-05-17 00:00:00-04:00,40.040920623965654,40.312772144393755,39.821686498047036,40.21630859375,2792100,0.0,0.0
2022-05-18 00:00:00-04:00,39.82168184213423,39.85676010103924,38.725511340704365,38.760589599609375,3794100,0.0,0.0
2022-05-19 00:00:00-04:00,38.0836237801517,38.376031079232696,37.69375076149562,38.14564895629883,5517300,0.456,0.0
2022-05-20 00:00:00-04:00,38.63299580405624,38.99628761458548,38.50008614466398,38.97856903076172,4203500,0.0,0.0
2022-05-23 00:00:00-04:00,39.17349895816432,39.51906876138659,39.04944860625055,39.377296447753906,2114000,0.0,0.0
2022-05-24 00:00:00-04:00,39.35071788212217,39.669706454606064,39.279833410525086,39.60768127441406,2376300,0.0,0.0
2022-05-25 00:00:00-04:00,39.07602574604488,39.111469665752246,38.57096172062865,38.86336898803711,5426400,0.0,0.0
2022-05-26 00:00:00-04:00,38.916540705274286,39.04945374559967,38.79249033703408,38.82793426513672,3811500,0.0,0.0
2022-05-27 00:00:00-04:00,38.94311860819754,39.09375020641121,38.721599166035,38.96969985961914,3479800,0.0,0.0
2022-05-31 00:00:00-04:00,41.46844479346101,42.97477789038488,41.42414157475244,42.82414627075195,22739100,0.0,0.0
2022-06-01 00:00:00-04:00,41.8760407611783,41.97350987261367,40.80388729562732,40.97224426269531,7651800,0.0,0.0
2022-06-02 00:00:00-04:00,41.55705644019943,41.55705644019943,40.759584947867445,41.33553695678711,3512100,0.0,0.0
2022-06-03 00:00:00-04:00,41.36211687304279,41.47730794711839,41.122875433094514,41.22034454345703,2858800,0.0,0.0
2022-06-06 00:00:00-04:00,41.557055544923465,41.68110591214286,41.12287587953658,41.38869857788086,3045800,0.0,0.0
2022-06-07 00:00:00-04:00,40.92793986905412,41.450726002108624,40.901358611818544,41.42414474487305,2871100,0.0,0.0
2022-06-08 00:00:00-04:00,40.989959699612406,41.05198825858841,40.77730290927856,40.79502487182617,2040000,0.0,0.0
2022-06-09 00:00:00-04:00,40.65325845403893,40.83047472512644,40.04186248779297,40.04186248779297,2364800,0.0,0.0
2022-06-10 00:00:00-04:00,39.58996710218505,40.05072808865264,39.35958491889152,39.92667770385742,3579900,0.0,0.0
2022-06-13 00:00:00-04:00,39.15577876771932,39.6431242867387,38.93425930639005,39.244388580322266,5071400,0.0,0.0
2022-06-14 00:00:00-04:00,38.65957843369507,38.978567007872186,38.243120752950624,38.59755325317383,5174900,0.0,0.0
2022-06-15 00:00:00-04:00,38.8811093038324,39.616552394315974,38.60642386659743,39.04060363769531,5674300,0.0,0.0
2022-06-16 00:00:00-04:00,38.55324756097239,38.9874272149365,38.50008505077358,38.71274185180664,3925600,0.0,0.0
2022-06-17 00:00:00-04:00,39.084896313729715,39.146921495691636,38.5709695144808,38.73932647705078,3195200,0.0,0.0
2022-06-21 00:00:00-04:00,39.27096625800701,39.43046052604994,39.049446816849425,39.315269470214844,3221500,0.0,0.0
2022-06-22 00:00:00-04:00,39.093750029057254,39.545651581885046,39.005143604641596,39.315269470214844,2529900,0.0,0.0
2022-06-23 00:00:00-04:00,39.093760711416735,39.510218456227854,39.02287622853872,39.492496490478516,3657700,0.0,0.0
2022-06-24 00:00:00-04:00,40.449460378487444,41.0076870617054,40.449460378487444,40.98110580444336,3051900,0.0,0.0
2022-06-27 00:00:00-04:00,40.564651897010066,40.91908446774418,40.44946418462306,40.75959014892578,2325800,0.0,0.0
2022-06-28 00:00:00-04:00,40.484901676267796,40.62667401781719,40.130472512453935,40.165916442871094,2530100,0.0,0.0
2022-06-29 00:00:00-04:00,40.29882116276381,40.520340630487965,40.183630093113976,40.36970901489258,1821300,0.0,0.0
2022-06-30 00:00:00-04:00,39.90008280008063,40.679832221217644,39.83805762363868,40.60894775390625,3381800,0.0,0.0
2022-07-01 00:00:00-04:00,40.31654203179887,41.05198826714362,40.307682740582585,41.016544342041016,3510000,0.0,0.0
2022-07-05 00:00:00-04:00,40.25452506889592,40.63553889121719,40.1304746858368,40.61781692504883,2344300,0.0,0.0
2022-07-06 00:00:00-04:00,40.883627275907074,41.07856546460348,40.79502085201875,40.919071197509766,2264600,0.0,0.0
2022-07-07 00:00:00-04:00,40.777305821946754,40.91021548036928,40.69755867484565,40.87477493286133,1881800,0.0,0.0
2022-07-08 00:00:00-04:00,40.768443149980534,41.13173495785914,40.7064179666929,40.87477493286133,2189300,0.0,0.0
2022-07-11 00:00:00-04:00,40.63552789064921,40.76843753075243,40.47603361843054,40.564640045166016,1766300,0.0,0.0
2022-07-12 00:00:00-04:00,40.706421556219794,41.184904481019466,40.61781510945805,40.77730941772461,2465700,0.0,0.0
2022-07-13 00:00:00-04:00,40.45831701032994,41.32667295168509,40.43173575481588,40.99882507324219,2235800,0.0,0.0
2022-07-14 00:00:00-04:00,40.644393464358316,40.74186257690588,40.334267542724284,40.69755935668945,1977100,0.0,0.0
2022-07-15 00:00:00-04:00,41.03426563406247,41.18489724310901,40.848186720373825,40.945655822753906,1932000,0.0,0.0
2022-07-18 00:00:00-04:00,41.14945988532562,41.30009489852957,40.66211767577253,40.7064208984375,1868600,0.0,0.0
2022-07-19 00:00:00-04:00,42.3368046021157,42.40769246263698,41.83174042631888,41.9114875793457,3129000,0.0,0.0
2022-07-20 00:00:00-04:00,41.6633764741513,41.73426093693812,41.14059046313974,41.26464080810547,2026800,0.0,0.0
2022-07-21 00:00:00-04:00,40.90135573378385,41.37097593920307,40.777305368587754,41.34439468383789,1771600,0.0,0.0
2022-07-22 00:00:00-04:00,41.50389299072794,41.77857838317318,41.43300512940558,41.663387298583984,1639200,0.0,0.0
2022-07-25 00:00:00-04:00,41.94693062290661,41.94693062290661,41.61908272522402,41.76971435546875,1815200,0.0,0.0
2022-07-26 00:00:00-04:00,42.77098105069093,43.51528662906669,42.50515835415365,43.28490447998047,8309400,0.0,0.0
2022-07-27 00:00:00-04:00,43.107686880492096,43.196293309592534,42.496291027295804,42.921607971191406,3887800,0.0,0.0
2022-07-28 00:00:00-04:00,42.646936054203366,42.90389611114377,42.41655387610857,42.833011627197266,2320000,0.0,0.0
2022-07-29 00:00:00-04:00,42.868453508132745,43.24060463631449,42.700096529091184,43.116554260253906,5037200,0.0,0.0
2022-08-01 00:00:00-04:00,43.31149785075606,43.57732060090432,43.24060998131937,43.329219818115234,2415100,0.0,0.0
2022-08-02 00:00:00-04:00,43.5684532340361,43.62161913038666,42.930479378425794,42.96592330932617,2231300,0.0,0.0
2022-08-03 00:00:00-04:00,42.912752711327244,43.32921040348009,42.86844949261541,43.2406005859375,2146400,0.0,0.0
2022-08-04 00:00:00-04:00,43.30675656621177,43.440862258820445,43.05642957782164,43.288875579833984,1599700,0.434,0.0
2022-08-05 00:00:00-04:00,42.967024805241486,43.047487532628516,42.64517389569336,42.9759635925293,1830600,0.0,0.0
2022-08-08 00:00:00-04:00,43.414042484478486,43.548144766637726,43.217355044772276,43.288875579833984,1742300,0.0,0.0
2022-08-09 00:00:00-04:00,43.11007476562691,43.20841849056412,42.73458085318028,42.77928161621094,2886200,0.0,0.0
2022-08-10 00:00:00-04:00,43.18160027961108,43.342525773422366,43.119018522067805,43.25312423706055,1960800,0.0,0.0
2022-08-11 00:00:00-04:00,42.65411103914006,42.86867944071931,42.573648314853976,42.60047149658203,1839400,0.0,0.0
2022-08-12 00:00:00-04:00,42.27862546282606,42.73457867926367,42.072999234985616,42.716697692871094,4610500,0.0,0.0
2022-08-15 00:00:00-04:00,42.52895800446241,42.77034623660625,42.475315038280485,42.743526458740234,3251900,0.0,0.0
2022-08-16 00:00:00-04:00,42.216038859487284,42.71669277909046,42.17133469342353,42.60047149658203,2558700,0.0,0.0
2022-08-17 00:00:00-04:00,42.44848483495318,42.680934220868124,42.37696430805946,42.60047149658203,2522800,0.0,0.0
2022-08-18 00:00:00-04:00,42.30544036056336,42.368022100498735,42.09087536948465,42.33226013183594,2618100,0.0,0.0
2022-08-19 00:00:00-04:00,42.40378338882967,42.58258981882583,42.242857942878025,42.385902404785156,1750200,0.0,0.0
2022-08-22 00:00:00-04:00,42.27862344913829,42.44848769610312,41.974653515841176,42.037235260009766,1654300,0.0,0.0
2022-08-23 00:00:00-04:00,41.5365806199564,41.85843155989968,41.482941070265525,41.65280532836914,1611300,0.0,0.0
2022-08-24 00:00:00-04:00,41.82266901965704,42.19816291465169,41.724325299290605,41.96571350097656,1687200,0.0,0.0
2022-08-25 00:00:00-04:00,41.80479019753001,42.028297424316406,41.56340539379637,42.028297424316406,1220200,0.0,0.0
2022-08-26 00:00:00-04:00,41.9210155712995,42.01042050969337,41.098510600774006,41.143211364746094,1671800,0.0,0.0
2022-08-29 00:00:00-04:00,41.089566229548254,41.304134659900896,41.03592667979722,41.08062744140625,1516300,0.0,0.0
2022-08-30 00:00:00-04:00,41.304134813349506,41.35777436329982,40.85712037469951,40.90182113647461,1727400,0.0,0.0
2022-08-31 00:00:00-04:00,41.00016598873319,41.116390700911545,40.553151537762176,40.57997131347656,1608500,0.0,0.0
2022-09-01 00:00:00-04:00,40.15977954834668,40.186602736454375,39.82005099651443,40.150840759277344,2046000,0.0,0.0
2022-09-02 00:00:00-04:00,40.31176340758771,40.53527063353122,39.7485242432842,39.873687744140625,1827800,0.0,0.0
2022-09-06 00:00:00-04:00,40.36539852142966,40.57996350676629,39.98990468141714,40.052486419677734,2350000,0.0,0.0
2022-09-07 00:00:00-04:00,40.05248968790463,40.49950408935547,40.04355090047328,40.49950408935547,1698500,0.0,0.0
2022-09-08 00:00:00-04:00,39.8736913552137,40.32070584758359,39.784289820919696,40.18660354614258,2643800,0.0,0.0
2022-09-09 00:00:00-04:00,41.09849971482734,41.2504829541659,40.910751099154886,41.13425827026367,2782300,0.0,0.0
2022-09-12 00:00:00-04:00,41.99254174479025,42.10876305517966,41.858436035325724,41.86737823486328,2410700,0.0,0.0
2022-09-13 00:00:00-04:00,41.76902689961236,41.876309401385896,41.026981353759766,41.026981353759766,2322200,0.0,0.0
2022-09-14 00:00:00-04:00,41.09850284151889,41.259428289796006,40.874995653406124,41.05379867553711,2290300,0.0,0.0
2022-09-15 00:00:00-04:00,40.64255306377654,40.866060289262045,40.490569787462206,40.57997131347656,1977000,0.0,0.0
2022-09-16 00:00:00-04:00,40.50845243865176,40.53527221546778,40.195540263849324,40.38328552246094,2029100,0.0,0.0
2022-09-19 00:00:00-04:00,40.22235436783389,40.553144045512695,40.19553118662551,40.53526306152344,1411500,0.0,0.0
2022-09-20 00:00:00-04:00,40.52633751325586,40.62467784164757,40.267068276391136,40.42799377441406,1769400,0.0,0.0
2022-09-21 00:00:00-04:00,40.571033054686815,41.28625550348733,40.54420986817266,40.705135345458984,3362500,0.0,0.0
2022-09-22 00:00:00-04:00,41.080626915694566,41.12532767673156,40.696194231967425,40.82135772705078,2880200,0.0,0.0
2022-09-23 00:00:00-04:00,39.784283255331395,39.811103029103556,38.943897376126614,39.203163146972656,3215300,0.0,0.0
2022-09-26 00:00:00-04:00,39.50713171382953,39.67699936967618,38.88131427791841,39.17634201049805,4909500,0.0,0.0
2022-09-27 00:00:00-04:00,39.569722786903135,39.74852927237092,38.58629223250541,38.72039794921875,5349800,0.0,0.0
2022-09-28 00:00:00-04:00,38.72039455028291,39.71276380713981,38.5594690685332,39.551841735839844,4552200,0.0,0.0
2022-09-29 00:00:00-04:00,39.98990781020304,40.267057965933276,39.67699909441828,39.97202682495117,7808000,0.0,0.0
2022-09-30 00:00:00-04:00,39.52502272793701,39.76641097608584,39.17635195076094,39.19423294067383,3608100,0.0,0.0
2022-10-03 00:00:00-04:00,39.158464405431545,39.47137656084813,38.86343664738398,39.44455337524414,3037800,0.0,0.0
2022-10-04 00:00:00-04:00,40.12401984083716,40.526333546515794,40.052495888516624,40.47269058227539,6207400,0.0,0.0
2022-10-05 00:00:00-04:00,40.0167268997045,40.14189379433082,39.578654705084446,39.891563415527344,2141600,0.0,0.0
2022-10-06 00:00:00-04:00,39.516080935365636,39.516080935365636,38.97966151009198,39.09588623046875,2623500,0.0,0.0
2022-10-07 00:00:00-04:00,39.301507436286116,39.33726940880198,38.6756865590562,38.75614929199219,2890700,0.0,0.0
2022-10-10 00:00:00-04:00,38.559466488863926,38.74721173486165,38.35384025604029,38.65781021118164,2166800,0.0,0.0
2022-10-11 00:00:00-04:00,39.04224072341883,39.45349661249359,38.70251219435439,38.729331970214844,2877200,0.0,0.0
2022-10-12 00:00:00-04:00,38.68462725657057,39.042236736506844,38.58628354119208,38.90813446044922,2752200,0.0,0.0
2022-10-13 00:00:00-04:00,38.10350995163239,39.16740650266369,37.942584480223445,39.05118179321289,3521700,0.0,0.0
2022-10-14 00:00:00-04:00,39.34621624073425,39.426678990120216,38.639935896624245,38.66675567626953,2440600,0.0,0.0
2022-10-17 00:00:00-04:00,39.3015045436226,39.668056208807755,39.22998401430433,39.31938552856445,2818000,0.0,0.0
2022-10-18 00:00:00-04:00,39.301511053367264,39.623362014732464,39.25681028883315,39.507137298583984,2512800,0.0,0.0
2022-10-19 00:00:00-04:00,39.40879291881236,39.489252240410764,38.934955314331276,39.15846252441406,1842900,0.0,0.0
2022-10-20 00:00:00-04:00,39.274686138392234,39.46243137114247,38.81872953262819,38.90813446044922,3410600,0.0,0.0
2022-10-21 00:00:00-04:00,39.28362464016534,39.91838768650432,39.2121041088781,39.83792495727539,3348100,0.0,0.0
2022-10-24 00:00:00-04:00,39.49819766063088,39.87368816718394,38.979659253924666,39.739585876464844,5578200,0.0,0.0
2022-10-25 00:00:00-04:00,39.91839307331214,40.37434632683873,39.91839307331214,40.34752655029297,2600200,0.0,0.0
2022-10-26 00:00:00-04:00,39.58759617940904,40.37434251821614,39.569715193248726,40.213417053222656,2765000,0.0,0.0
2022-10-27 00:00:00-04:00,39.74852057157465,40.124014449907854,39.712758600219246,39.96308898925781,3526200,0.0,0.0
2022-10-28 00:00:00-04:00,40.374344902853636,40.95546505081395,40.19553844113895,40.89288330078125,2930500,0.0,0.0
2022-10-31 00:00:00-04:00,40.96440606058433,41.08063077856886,40.597854328894456,40.687255859375,4309100,0.0,0.0
2022-11-01 00:00:00-04:00,40.973349219990205,41.05380855303815,40.41011001550558,40.67831802368164,1965100,0.0,0.0
2022-11-02 00:00:00-04:00,40.588911634547735,41.03592606483813,40.150835992265385,40.15977478027344,2159900,0.0,0.0
2022-11-03 00:00:00-04:00,39.7842809162968,40.04355008234901,39.77534212904808,39.891563415527344,2031400,0.0,0.0
2022-11-04 00:00:00-04:00,40.51738920809483,41.384598326722525,40.427987682863964,41.37565612792969,2979900,0.0,0.0
2022-11-07 00:00:00-05:00,41.384593012121066,41.5633994500701,41.1968477869767,41.393531799316406,2291900,0.0,0.0
2022-11-08 00:00:00-05:00,41.41141793144217,41.9210141261459,41.384598156073416,41.688568115234375,2382000,0.0,0.0
2022-11-09 00:00:00-05:00,41.42929704787676,41.66174304829281,41.259432794128465,41.26837158203125,1792000,0.0,0.0
2022-11-10 00:00:00-05:00,42.29650618919515,42.53789438833678,41.99253624328896,42.502132415771484,2877600,0.0,0.0
2022-11-11 00:00:00-05:00,41.295193975782084,42.23392705624659,41.11639092278849,42.16240310668945,3872100,0.0,0.0
2022-11-14 00:00:00-05:00,42.38591084583398,42.895507056016015,42.242866355439894,42.42167282104492,3414000,0.0,0.0
2022-11-15 00:00:00-05:00,43.056426320005166,43.17265101744204,42.359084956282246,42.84185791015625,3441200,0.0,0.0
2022-11-16 00:00:00-05:00,43.270998269608036,43.36933857961556,43.07431082869408,43.333580017089844,2780100,0.0,0.0
2022-11-17 00:00:00-05:00,42.946676016979346,43.45172007593017,42.946676016979346,43.4066276550293,3122700,0.421,0.0
2022-11-18 00:00:00-05:00,43.614059554586774,43.65915197963476,43.343501563967386,43.47877883911133,2002900,0.0,0.0
2022-11-21 00:00:00-05:00,43.496814885217056,43.9477459996485,43.433684804423166,43.91167068481445,2264300,0.0,0.0
2022-11-22 00:00:00-05:00,43.98382415439754,44.35358755449268,43.956769386690844,44.281436920166016,2416600,0.0,0.0
2022-11-23 00:00:00-05:00,44.69629343586508,44.8676460213469,44.54297506752333,44.66923522949219,2183700,0.0,0.0
2022-11-25 00:00:00-05:00,44.714328949159096,44.94881160438125,44.588065352913546,44.786476135253906,995000,0.0,0.0
2022-11-28 00:00:00-05:00,44.88568218170233,45.192315467827,44.714329601935795,44.72334671020508,2082600,0.0,0.0
2022-11-29 00:00:00-05:00,44.741382691036534,44.885680500258474,44.551992461494834,44.606101989746094,1706900,0.0,0.0
2022-11-30 00:00:00-05:00,44.975866078836646,45.535023109035734,44.669232799167574,45.43581771850586,2701600,0.0,0.0
2022-12-01 00:00:00-05:00,45.89577433050822,46.256520645772106,45.85068190118319,46.1302604675293,2732900,0.0,0.0
2022-12-02 00:00:00-05:00,45.67029797664428,46.481975274466805,45.66128086903782,46.445899963378906,2143200,0.0,0.0
2022-12-05 00:00:00-05:00,45.92282076667123,46.14828631271419,45.85067358090971,45.98595428466797,2579300,0.0,0.0
2022-12-06 00:00:00-05:00,46.148292541503906,46.25651849525062,45.87773453780048,46.148292541503906,2273900,0.0,0.0
2022-12-07 00:00:00-05:00,45.958897947327074,46.0761409993265,45.67932286068481,45.832637786865234,2151000,0.0,0.0
2022-12-08 00:00:00-05:00,45.6342309440706,45.90479238598139,45.453861236572266,45.453861236572266,4668100,0.0,0.0
2022-12-09 00:00:00-05:00,45.78754782759626,45.93184565307855,45.390729667602855,45.40876388549805,4394600,0.0,0.0
2022-12-12 00:00:00-05:00,45.85067293188199,45.89576535238604,45.50796434345507,45.70637512207031,1900900,0.0,0.0
2022-12-13 00:00:00-05:00,45.99497636145198,46.29259256573818,45.6071753051387,45.6883430480957,2255500,0.0,0.0
2022-12-14 00:00:00-05:00,46.28357342463463,46.59922385666547,46.049090738030536,46.31964874267578,2637900,0.0,0.0
2022-12-15 00:00:00-05:00,45.841668644597576,45.922832960005664,45.47190174818943,45.58012771606445,2320100,0.0,0.0
2022-12-16 00:00:00-05:00,45.13820191872194,45.471889965709146,45.129184810568226,45.336612701416016,2434600,0.0,0.0
2022-12-19 00:00:00-05:00,45.58913403476315,45.787544821901065,45.31857605978591,45.51698684692383,2609500,0.0,0.0
2022-12-20 00:00:00-05:00,45.59815736228695,45.760492845232584,45.34563358863179,45.679325103759766,2576700,0.0,0.0
2022-12-21 00:00:00-05:00,45.58011984333719,46.20240356964142,45.58011984333719,46.094181060791016,2254500,0.0,0.0
2022-12-22 00:00:00-05:00,45.841654800576734,45.91380198370643,45.562076295162846,45.868709564208984,2216300,0.0,0.0
2022-12-23 00:00:00-05:00,45.77852692886718,46.20240329313079,45.75147216189938,46.05810546875,1660900,0.0,0.0
2022-12-27 00:00:00-05:00,45.7334347775143,46.1753488025117,45.71539711931731,46.094181060791016,1478500,0.0,0.0
2022-12-28 00:00:00-05:00,45.967915884577856,46.08515548958528,45.49894714355469,45.49894714355469,1830500,0.0,0.0
2022-12-29 00:00:00-05:00,45.607172986519174,45.841659094399084,45.57109767140974,45.63422775268555,1809300,0.0,0.0
2022-12-30 00:00:00-05:00,45.372692009376124,45.52600694380601,45.1291887838126,45.40876388549805,1427000,0.0,0.0
2023-01-03 00:00:00-05:00,45.174278243775966,45.5260039552795,45.14722347837763,45.51698684692383,2211200,0.0,0.0
2023-01-04 00:00:00-05:00,45.75146921482072,45.95889710898594,45.63422616495994,45.8236198425293,1802500,0.0,0.0
2023-01-05 00:00:00-05:00,45.39073353086238,45.53503136862603,45.0931173052882,45.16526794433594,1594800,0.0,0.0
2023-01-06 00:00:00-05:00,45.11115043970411,45.85067721409832,45.10212989056213,45.81460189819336,1648900,0.0,0.0
2023-01-09 00:00:00-05:00,45.85067330251741,46.193381893714616,45.74245080436662,45.94987869262695,1894000,0.0,0.0
2023-01-10 00:00:00-05:00,46.085165553334974,46.139278533846,45.88675817212499,46.003997802734375,1341200,0.0,0.0
2023-01-11 00:00:00-05:00,46.26552729985129,46.26552729985129,45.751466152989806,45.96791458129883,1287600,0.0,0.0
2023-01-12 00:00:00-05:00,45.7695059349002,46.29258765408662,45.65226288743925,46.193382263183594,2417200,0.0,0.0
2023-01-13 00:00:00-05:00,46.21142640184309,46.59020692169779,46.193388742755005,46.39179611206055,1910000,0.0,0.0
2023-01-17 00:00:00-05:00,46.07613754272461,46.31964073691842,46.00398691911263,46.07613754272461,2581000,0.0,0.0
2023-01-18 00:00:00-05:00,46.058107325421304,46.175350387560535,45.30054285680071,45.453861236572266,2872000,0.0,0.0
2023-01-19 00:00:00-05:00,45.29152166982009,45.69735691548436,45.1652615098062,45.417781829833984,2988800,0.0,0.0
2023-01-20 00:00:00-05:00,45.48091941912201,46.0130183529855,45.426806438610974,46.003997802734375,2412400,0.0,0.0
2023-01-23 00:00:00-05:00,45.877734577018884,46.01301529915208,45.74245729521736,45.90479278564453,1374500,0.0,0.0
2023-01-24 00:00:00-05:00,45.81459528446647,45.81459528446647,45.17427400108098,45.652259826660156,1220700,0.0,0.0
2023-01-25 00:00:00-05:00,45.15624639900203,45.55306458402285,45.10213342090893,45.535030364990234,1558900,0.0,0.0
2023-01-26 00:00:00-05:00,45.165260219262855,45.201332092285156,44.876661152765756,45.201332092285156,1574500,0.0,0.0
2023-01-27 00:00:00-05:00,45.02998390464683,45.03900101369874,44.705312933472946,44.93077850341797,1069500,0.0,0.0
2023-01-30 00:00:00-05:00,45.30054473876953,45.48091789409295,45.273489969587146,45.30054473876953,1427900,0.0,0.0
2023-01-31 00:00:00-05:00,45.589143302799826,46.09418748167316,45.53503376100297,46.085166931152344,2025700,0.0,0.0
2023-02-01 00:00:00-05:00,45.832643311453474,46.274557366668816,45.59816061952183,46.15731430053711,2355800,0.0,0.0
2023-02-02 00:00:00-05:00,45.37268801469334,45.51698582747142,45.12016426208328,45.336612701416016,2377000,0.0,0.0
2023-02-03 00:00:00-05:00,45.489925944709725,45.652261408139644,45.26446040553829,45.562076568603516,1399700,0.0,0.0
2023-02-06 00:00:00-05:00,45.39072567133201,45.43581809276305,45.0931094972909,45.336612701416016,1414600,0.0,0.0
2023-02-07 00:00:00-05:00,44.49788291982274,44.7323655877424,44.308492675695554,44.7053108215332,1910400,0.0,0.0
2023-02-08 00:00:00-05:00,44.822554429965344,44.87666396305289,44.61512652568969,44.777462005615234,1798200,0.0,0.0
2023-02-09 00:00:00-05:00,45.45385933225983,45.48993120804926,44.93979811869682,44.95783233642578,1382000,0.0,0.0
2023-02-10 00:00:00-05:00,45.020963806227684,45.14722741654017,44.885686527104575,45.03900146484375,1674300,0.0,0.0
2023-02-13 00:00:00-05:00,45.922826594191754,46.82468889280823,45.87773416732726,46.79763412475586,2039700,0.0,0.0
2023-02-14 00:00:00-05:00,47.059173059294494,47.20347088345684,46.6443172448692,46.74352264404297,2811700,0.0,0.0
2023-02-15 00:00:00-05:00,46.256517885910384,46.51805877685547,45.958901677524956,46.51805877685547,1860600,0.0,0.0
2023-02-16 00:00:00-05:00,45.65227049008349,46.022033910271176,45.58012329216803,45.85068130493164,1937600,0.0,0.0
2023-02-17 00:00:00-05:00,45.74245670047557,46.32866512799031,45.73343615094041,46.175350189208984,1962900,0.0,0.0
2023-02-21 00:00:00-05:00,46.11221665013987,46.490997134287866,46.03104891206082,46.41884994506836,1491300,0.0,0.0
2023-02-22 00:00:00-05:00,46.49100079198864,46.59020619526044,46.22945989978691,46.24749755859375,1714000,0.0,0.0
2023-02-23 00:00:00-05:00,46.099174633044335,46.20837028510507,45.87168166634529,46.13557434082031,1627500,0.457,0.0
2023-02-24 00:00:00-05:00,45.55318839136434,45.78977952594947,45.462189130934014,45.753379821777344,1482700,0.0,0.0
2023-02-27 00:00:00-05:00,46.02637454327242,46.08097062875185,45.871677534791324,45.953575134277344,1235500,0.0,0.0
2023-02-28 00:00:00-05:00,45.571387901056816,45.68058354148593,45.416690895120986,45.43489074707031,1243800,0.0,0.0
2023-03-01 00:00:00-05:00,45.45309428072953,45.50769036973297,45.17100175956571,45.398494720458984,1556000,0.0,0.0
2023-03-02 00:00:00-05:00,45.24379825429357,45.898975578934895,45.22559840204424,45.862579345703125,1769900,0.0,0.0
2023-03-03 00:00:00-05:00,45.434894430950706,45.49859218230456,45.19829980769315,45.352996826171875,2410700,0.0,0.0
2023-03-06 00:00:00-05:00,44.97080639148051,45.234699056570236,44.89801044978473,45.04360580444336,2265700,0.0,0.0
2023-03-07 00:00:00-05:00,44.998106843611176,45.06180459281487,44.224628719861016,44.297428131103516,1908500,0.0,0.0
2023-03-08 00:00:00-05:00,44.43392916618604,44.543124821304666,44.27923213943964,44.452125549316406,1111900,0.0,0.0
2023-03-09 00:00:00-05:00,44.716018176616274,44.7433162225458,44.28833027696156,44.34292984008789,1512500,0.0,0.0
2023-03-10 00:00:00-05:00,44.843406179179496,44.907103923196885,44.25192663169418,44.35202407836914,1751000,0.0,0.0
2023-03-13 00:00:00-04:00,45.09820483308063,45.271098229930764,44.670516965128094,44.71601486206055,2825200,0.0,0.0
2023-03-14 00:00:00-04:00,44.852512609743926,45.22560092348854,44.68871740163487,45.198299407958984,1893400,0.0,0.0
2023-03-15 00:00:00-04:00,44.22462148318329,44.71600701486156,44.19732344406775,44.615909576416016,2674300,0.0,0.0
2023-03-16 00:00:00-04:00,45.11640181044843,45.33479309031105,44.99810450895053,45.243797302246094,1898600,0.0,0.0
2023-03-17 00:00:00-04:00,44.89800629793728,44.92530433964048,44.56131772228633,44.72511291503906,3940000,0.0,0.0
2023-03-20 00:00:00-04:00,45.33479350239643,45.64418404440313,45.22559786147255,45.4894905090332,2706800,0.0,0.0
2023-03-21 00:00:00-04:00,46.07187264376161,46.09917068662308,45.689682687366485,46.008174896240234,2609200,0.0,0.0
2023-03-22 00:00:00-04:00,46.4176635791957,46.863551323024765,46.35396582597258,46.37216567993164,2529400,0.0,0.0
2023-03-23 00:00:00-04:00,46.59965871451527,46.85445319904129,46.27206828531555,46.39036560058594,1798300,0.0,0.0
2023-03-24 00:00:00-04:00,46.763450622558594,46.87264626748175,46.50865962731559,46.763450622558594,1818700,0.0,0.0
2023-03-27 00:00:00-04:00,47.15473153306786,47.24572731131306,47.00913620511568,47.05463409423828,2087200,0.0,0.0
2023-03-28 00:00:00-04:00,47.30943277497732,47.34582900678775,47.09103802778096,47.20933532714844,2257900,0.0,0.0
2023-03-29 00:00:00-04:00,47.31853452408016,47.37313408280252,46.89084665892245,47.00004577636719,2872700,0.0,0.0
2023-03-30 00:00:00-04:00,47.1365321216472,47.318527151097015,47.10923408217299,47.30032730102539,1518500,0.0,0.0
2023-03-31 00:00:00-04:00,47.44592645569498,47.50962420044813,47.081939838715115,47.25483322143555,1602800,0.0,0.0
2023-04-03 00:00:00-04:00,47.28212860181632,47.991908886820255,47.13653326896591,47.955509185791016,2744700,0.0,0.0
2023-04-04 00:00:00-04:00,48.00101103170991,48.283103531030996,47.93731328529335,48.17390441894531,2438500,0.0,0.0
2023-04-05 00:00:00-04:00,48.40139417262142,48.674388463578744,48.36499794225817,48.519691467285156,2666400,0.0,0.0
2023-04-06 00:00:00-04:00,48.79268285187838,48.92917999893735,48.68348721699119,48.75628662109375,1963800,0.0,0.0
2023-04-10 00:00:00-04:00,48.574291582104,48.79268285187838,48.05560797730655,48.75628662109375,1786500,0.0,0.0
2023-04-11 00:00:00-04:00,48.628887100908116,48.66528680253798,48.483291765655295,48.519691467285156,1437500,0.0,0.0
2023-04-12 00:00:00-04:00,48.665287015137935,48.86548190371012,48.59249108282681,48.619789123535156,1490900,0.0,0.0
2023-04-13 00:00:00-04:00,48.92007518676086,49.284065241295096,48.87457729776069,49.23856735229492,2196500,0.0,0.0
2023-04-14 00:00:00-04:00,48.81088270290402,48.96557970098863,48.610687812888635,48.75628662109375,1519900,0.0,0.0
2023-04-17 00:00:00-04:00,49.111178875560164,49.16577496163667,48.80178832648128,48.93828201293945,1475300,0.0,0.0
2023-04-18 00:00:00-04:00,48.756290430995215,48.965583527244625,48.72898891669005,48.93828201293945,2735400,0.0,0.0
2023-04-19 00:00:00-04:00,49.28407254125955,49.35687195145603,48.992881843007524,49.01108169555664,1719600,0.0,0.0
2023-04-20 00:00:00-04:00,49.26587308759672,49.46606799599098,49.23857504418548,49.39326858520508,1505600,0.0,0.0
2023-04-21 00:00:00-04:00,49.62986346550841,49.82095671294714,49.365970806892825,49.602561950683594,2535000,0.0,0.0
2023-04-24 00:00:00-04:00,49.59346008431495,49.76635346614553,49.53886052997895,49.63895797729492,2006300,0.0,0.0
2023-04-25 00:00:00-04:00,49.593464231146385,49.911952979903816,49.53886467224496,49.77545928955078,2100800,0.0,0.0
2023-04-26 00:00:00-04:00,49.93015229415275,49.9756501904462,49.36597074332663,49.49336624145508,1979000,0.0,0.0
2023-04-27 00:00:00-04:00,50.330539977837816,50.56713111128907,50.130345077117404,50.49433517456055,1878100,0.0,0.0
2023-04-28 00:00:00-04:00,50.88561195255711,50.94931316030868,50.46702583529207,50.530723571777344,1848600,0.0,0.0
2023-05-01 00:00:00-04:00,50.46702949401494,50.685424228701976,50.30323431081629,50.35783386230469,1197500,0.0,0.0
2023-05-02 00:00:00-04:00,50.039341515225566,50.47612748154644,49.94834226936729,50.439727783203125,1913000,0.0,0.0
2023-05-03 00:00:00-04:00,50.7309263080118,50.74912616001065,50.41243757619918,50.49433517456055,1924800,0.0,0.0
2023-05-04 00:00:00-04:00,50.46702956791978,50.548927159639035,50.2395366432848,50.421531677246094,2020200,0.0,0.0
2023-05-05 00:00:00-04:00,50.230438805632176,50.68542465809031,50.103043322346544,50.55802917480469,1459200,0.0,0.0
2023-05-08 00:00:00-04:00,50.558036338527145,50.630832280176506,50.27594382037658,50.33964157104492,1541600,0.0,0.0
2023-05-09 00:00:00-04:00,49.94834892904258,50.12124578359272,49.82095343912148,49.88465118408203,2542400,0.0,0.0
2023-05-10 00:00:00-04:00,49.24766942636863,49.32046883152465,48.99287845085597,49.256771087646484,2774500,0.0,0.0
2023-05-11 00:00:00-04:00,49.293171131007945,49.48426784868746,49.1748772953813,49.39326858520508,1551300,0.0,0.0
2023-05-12 00:00:00-04:00,49.220367512992034,49.41146072959358,49.16576796342027,49.32956314086914,1284300,0.0,0.0
2023-05-15 00:00:00-04:00,49.429664610249404,49.429664610249404,49.21127333668622,49.3841667175293,1323000,0.0,0.0
2023-05-16 00:00:00-04:00,49.36596623405848,49.411464126195995,49.07477555885846,49.0838737487793,1631500,0.0,0.0
2023-05-17 00:00:00-04:00,49.21128049954529,49.21128049954529,48.76539275494779,49.0292854309082,1550700,0.0,0.0
2023-05-18 00:00:00-04:00,48.698805959406755,48.77224599150779,48.29489628829149,48.49685287475586,1771400,0.47,0.0
2023-05-19 00:00:00-04:00,48.8365021544385,49.001738717698856,48.73552386557791,48.891578674316406,1386800,0.0,0.0
2023-05-22 00:00:00-04:00,48.349970394729425,48.441770430268896,48.04703903198242,48.04703903198242,1753800,0.0,0.0
2023-05-23 00:00:00-04:00,48.14802002562529,48.15719827878832,47.826725135903416,47.84508514404297,1840100,0.0,0.0
2023-05-24 00:00:00-04:00,47.174962198183096,47.53297361446043,46.98218735892816,47.37691879272461,2719600,0.0,0.0
2023-05-25 00:00:00-04:00,46.87202941151329,47.23004081712277,46.75269110903896,47.11070251464844,1864600,0.0,0.0
2023-05-26 00:00:00-04:00,47.09234254454741,47.29429913323455,47.04644427488583,47.138240814208984,2172200,0.0,0.0
2023-05-30 00:00:00-04:00,46.256986784717185,46.293706805422424,45.79799703134343,45.871437072753906,2740700,0.0,0.0
2023-05-31 00:00:00-04:00,46.06420774621212,46.15600428782639,45.697014576127835,45.84389114379883,2537400,0.0,0.0
2023-06-01 00:00:00-04:00,46.137637481211875,46.30287403322246,45.94486267113723,46.00912094116211,3674000,0.0,0.0
2023-06-02 00:00:00-04:00,46.35795662727726,46.49565492887567,46.256978339680195,46.477294921875,3641000,0.0,0.0
2023-06-05 00:00:00-04:00,46.43139922123479,46.68843232982218,46.20190437376364,46.256980895996094,1541200,0.0,0.0
2023-06-06 00:00:00-04:00,46.13764225826729,46.19272228191145,45.94486742823288,46.165184020996094,1571100,0.0,0.0
2023-06-07 00:00:00-04:00,46.192720553236015,46.25697882750941,45.816349160286165,45.83470916748047,2579900,0.0,0.0
2023-06-08 00:00:00-04:00,45.90814663461037,46.09174320849997,45.871430121283154,46.055023193359375,2721300,0.0,0.0
2023-06-09 00:00:00-04:00,45.697014243143464,45.825530801192414,45.64193771930167,45.75209426879883,1478400,0.0,0.0
2023-06-12 00:00:00-04:00,46.027479984410135,46.03666173811483,45.697006887301306,45.7888069152832,2279000,0.0,0.0
2023-06-13 00:00:00-04:00,45.660298354919256,45.972411500958856,45.62357833731139,45.90814971923828,2086200,0.0,0.0
2023-06-14 00:00:00-04:00,46.04584161212985,46.27533643744984,45.99076159340032,46.100921630859375,2663100,0.0,0.0
2023-06-15 00:00:00-04:00,46.92710252615528,47.193317373181465,46.78940772728237,47.16577911376953,2948600,0.0,0.0
2023-06-16 00:00:00-04:00,47.652309547818675,47.75328784006159,47.514611239884985,47.67066955566406,2911400,0.0,0.0
2023-06-20 00:00:00-04:00,47.51460934638655,47.689027663060294,47.285114510184926,47.29429626464844,2698000,0.0,0.0
2023-06-21 00:00:00-04:00,47.25757400943258,47.60640712442485,47.138235719759116,47.5788688659668,1783000,0.0,0.0
2023-06-22 00:00:00-04:00,47.367733523876076,47.48707182105432,47.2300387211135,47.4411735534668,1914900,0.0,0.0
2023-06-23 00:00:00-04:00,47.42282136960278,47.68903626806766,47.331024819283684,47.514617919921875,3644000,0.0,0.0
2023-06-26 00:00:00-04:00,47.4595373398457,47.487075602228295,47.20250071762491,47.413639068603516,1767300,0.0,0.0
2023-06-27 00:00:00-04:00,47.53296740324371,47.734923971395204,47.46870913188881,47.64312744140625,1648900,0.0,0.0
2023-06-28 00:00:00-04:00,47.4228170637167,47.45953708123581,47.18414395346968,47.37691879272461,1588000,0.0,0.0
2023-06-29 00:00:00-04:00,47.230037990657046,47.37691454575355,47.11988144978799,47.29429626464844,1405600,0.0,0.0
2023-06-30 00:00:00-04:00,47.652306733107345,47.96441984441626,47.6247684738726,47.85426330566406,2316100,0.0,0.0
2023-07-03 00:00:00-04:00,47.918529709866526,48.028686267311535,47.69821309316268,47.991966247558594,995600,0.0,0.0
2023-07-05 00:00:00-04:00,47.68902853178847,47.73492679950225,47.395275416244296,47.45953369140625,1781100,0.0,0.0
2023-07-06 00:00:00-04:00,47.10152053833008,47.18413881784893,46.853665699773515,47.10152053833008,1760700,0.0,0.0
2023-07-07 00:00:00-04:00,46.85367215623611,47.064807010364746,46.771053865332405,46.872032165527344,1952000,0.0,0.0
2023-07-10 00:00:00-04:00,46.79858874741472,47.00054533321431,46.780228739449896,46.954647064208984,1981700,0.0,0.0
2023-07-11 00:00:00-04:00,46.97299922727713,47.01890099385188,46.72514789720179,46.881202697753906,1974800,0.0,0.0
2023-07-12 00:00:00-04:00,47.2942969960987,47.57887185804272,47.14742043873061,47.4411735534668,2389000,0.0,0.0
2023-07-13 00:00:00-04:00,47.64312459306055,47.927695920101115,47.60640458253501,47.86343765258789,1597300,0.0,0.0
2023-07-14 00:00:00-04:00,48.056217324419876,48.19391562693644,47.97359904327259,48.07457733154297,1487600,0.0,0.0
2023-07-17 00:00:00-04:00,48.09293773081573,48.20309427263921,47.991959441721974,48.12965774536133,1333700,0.0,0.0
2023-07-18 00:00:00-04:00,48.065398777127,48.221453583973634,47.890980461459264,48.010318756103516,1458600,0.0,0.0
2023-07-19 00:00:00-04:00,48.49685265331494,48.63454746015544,48.29489606777272,48.4876708984375,2116400,0.0,0.0
2023-07-20 00:00:00-04:00,47.679852665455634,47.95524930937553,47.597234372642426,47.90934753417969,2424800,0.0,0.0
2023-07-21 00:00:00-04:00,47.90017033786006,48.14802522177231,47.79919203310168,48.08376693725586,1532200,0.0,0.0
2023-07-24 00:00:00-04:00,47.15660553411173,47.404460417225,46.98219069124559,47.26676559448242,2584200,0.0,0.0
2023-07-25 00:00:00-04:00,49.51581197686989,49.809565130836894,49.25877884260221,49.479095458984375,3258000,0.0,0.0
2023-07-26 00:00:00-04:00,49.534160920242215,49.80037575086631,49.43318263953562,49.598419189453125,2069800,0.0,0.0
2023-07-27 00:00:00-04:00,49.61678044171561,49.70858047276108,48.983375985660956,49.06599426269531,1813200,0.0,0.0
2023-07-28 00:00:00-04:00,49.75448586299209,49.91972244072525,49.66268581879943,49.745304107666016,1529900,0.0,0.0
2023-07-31 00:00:00-04:00,49.56171281556794,49.690229380272505,49.27713792099799,49.323036193847656,1731500,0.0,0.0
2023-08-01 00:00:00-04:00,49.17615505156044,49.40564989630426,49.03845674398878,49.148616790771484,1293500,0.0,0.0
2023-08-02 00:00:00-04:00,48.83650486779514,48.92830140723409,48.58865000913379,48.625370025634766,2164500,0.0,0.0
2023-08-03 00:00:00-04:00,48.10201492542278,48.54663162115091,48.02791037605173,48.3984260559082,1728400,0.475,0.0
2023-08-04 00:00:00-04:00,48.259487273070924,48.47253610995743,48.05570680615744,48.06496810913086,1824700,0.0,0.0
2023-08-07 00:00:00-04:00,48.185380896422814,48.40768747808946,48.120541182311754,48.36137390136719,1323600,0.0,0.0
2023-08-08 00:00:00-04:00,48.10201490422068,48.26874660673266,47.87970478970491,48.24095916748047,1408200,0.0,0.0
2023-08-09 00:00:00-04:00,48.32432108352602,48.52810505901318,48.27800750732422,48.27800750732422,1687700,0.0,0.0
2023-08-10 00:00:00-04:00,48.63925956115047,48.90788325671668,48.38916553672615,48.40768814086914,1439900,0.0,0.0
2023-08-11 00:00:00-04:00,47.95381087903773,48.22243457876692,47.87044502510452,48.10201644897461,1600200,0.0,0.0
2023-08-14 00:00:00-04:00,47.8148652938201,48.09275028810743,47.75929041506228,48.0093879699707,1609500,0.0,0.0
2023-08-15 00:00:00-04:00,47.78707525008373,47.805601386493144,47.49992543598659,47.555503845214844,1291600,0.0,0.0
2023-08-16 00:00:00-04:00,47.51845812577453,47.685189842954415,47.35172640859464,47.38877868652344,1371800,0.0,0.0
2023-08-17 00:00:00-04:00,47.611085089138676,47.611085089138676,47.12941611431361,47.19425582885742,1548300,0.0,0.0
2023-08-18 00:00:00-04:00,46.823740607082776,47.01825975263132,46.70332247881486,46.888580322265625,3528300,0.0,0.0
2023-08-21 00:00:00-04:00,46.86079615989212,46.97194946033679,46.657012164493786,46.80521774291992,2524700,0.0,0.0
2023-08-22 00:00:00-04:00,46.72185360129309,46.86079788208008,46.60143899367753,46.86079788208008,2208700,0.0,0.0
2023-08-23 00:00:00-04:00,46.97194713416609,47.101626567179444,46.87005514151288,47.09236526489258,2132700,0.0,0.0
2023-08-24 00:00:00-04:00,46.990474690626556,47.30541198037931,46.82374297643394,46.8330078125,1472600,0.0,0.0
2023-08-25 00:00:00-04:00,47.166464976346575,47.25909566414543,46.805214127679655,47.157203674316406,1930800,0.0,0.0
2023-08-28 00:00:00-04:00,47.20351911283071,47.37951565983884,47.129418093169065,47.33319854736328,1444500,0.0,0.0
2023-08-29 00:00:00-04:00,47.360985891996485,47.583292467444345,47.19425419366093,47.52771759033203,2147400,0.0,0.0
2023-08-30 00:00:00-04:00,47.75002867157769,47.96307396544336,47.703715091780744,47.731502532958984,1549000,0.0,0.0
2023-08-31 00:00:00-04:00,47.79634193537047,47.83339421236291,47.259098052978516,47.259098052978516,1630700,0.0,0.0
2023-09-01 00:00:00-04:00,47.40730518405425,47.41656648685665,46.91637486503348,46.96268844604492,1310800,0.0,0.0
2023-09-05 00:00:00-04:00,46.69406227626256,46.731114552525106,46.31428527832031,46.31428527832031,1446700,0.0,0.0
2023-09-06 00:00:00-04:00,46.1660817850583,46.18460792402358,45.97156262617246,46.10124206542969,1730700,0.0,0.0
2023-09-07 00:00:00-04:00,46.36986370724344,46.51806927884052,46.27723301655804,46.47175216674805,1560500,0.0,0.0
2023-09-08 00:00:00-04:00,46.647747580992615,46.75890087361983,46.54585559045955,46.73111343383789,1323800,0.0,0.0
2023-09-11 00:00:00-04:00,46.81448090451426,47.07383977410727,46.740376351202215,46.9812126159668,1519000,0.0,0.0
2023-09-12 00:00:00-04:00,46.944157101214756,47.00899681414052,46.582906262485686,46.63848114013672,1408500,0.0,0.0
2023-09-13 00:00:00-04:00,46.55511689255371,46.795953148995395,46.53659428836539,46.73111343383789,1384900,0.0,0.0
2023-09-14 00:00:00-04:00,46.50880699430298,46.94416243065726,46.49954569147618,46.925636291503906,1660100,0.0,0.0
2023-09-15 00:00:00-04:00,47.27762178217153,47.30540922174998,46.97194581281077,46.99973678588867,1601500,0.0,0.0
2023-09-18 00:00:00-04:00,47.0738422823107,47.21278656042428,46.8515356775287,47.04605484008789,1093900,0.0,0.0
2023-09-19 00:00:00-04:00,46.83300530336888,46.925632458068996,46.59216904754945,46.768165588378906,1421900,0.0,0.0
2023-09-20 00:00:00-04:00,47.157200850978235,47.92601961293145,46.92562944559463,46.93489074707031,1807600,0.0,0.0
2023-09-21 00:00:00-04:00,47.129421607068345,47.175735189497395,46.86079788208008,46.86079788208008,1561400,0.0,0.0
2023-09-22 00:00:00-04:00,46.777432927492136,46.879324930912006,46.647753480775904,46.675540924072266,1305100,0.0,0.0
2023-09-25 00:00:00-04:00,46.1382886761824,46.212389689441956,45.980818281069524,46.08271026611328,1549600,0.0,0.0
2023-09-26 00:00:00-04:00,45.91598073156222,45.99008528181059,45.675148010253906,45.675148010253906,2068800,0.0,0.0
2023-09-27 00:00:00-04:00,45.76777839859555,45.786304537466734,45.07306409167486,45.20274353027344,2073700,0.0,0.0
2023-09-28 00:00:00-04:00,45.39726470065792,45.665888425948765,45.35095111817671,45.57326126098633,1846900,0.0,0.0
2023-09-29 00:00:00-04:00,46.17534398657726,46.18460882299009,45.638100080125795,45.75851821899414,2213900,0.0,0.0
2023-10-02 00:00:00-04:00,45.35094382797272,45.40652223811581,45.02674526921956,45.14716339111328,1734400,0.0,0.0
2023-10-03 00:00:00-04:00,45.50841873367181,45.6195720314752,45.110115588585046,45.1934814453125,2478700,0.0,0.0
2023-10-04 00:00:00-04:00,45.341684401640734,45.4528376930248,44.88780286711506,45.323158264160156,1724000,0.0,0.0
2023-10-05 00:00:00-04:00,45.5084130619694,45.67514475464457,45.19347581286064,45.33241653442383,1886100,0.0,0.0
2023-10-06 00:00:00-04:00,44.53581739573413,44.78591142100723,43.7669985817111,44.665496826171875,3045900,0.0,0.0
2023-10-09 00:00:00-04:00,44.46171373008991,44.60065799889626,44.13751514754115,44.48023986816406,1681300,0.0,0.0
2023-10-10 00:00:00-04:00,44.78591001688049,45.10084728099803,44.73959644081896,44.92485427856445,2009300,0.0,0.0
2023-10-11 00:00:00-04:00,44.99896342450231,45.08232574983039,44.582134130363286,44.77665328979492,2212800,0.0,0.0
2023-10-12 00:00:00-04:00,44.77665124124169,44.841490958085785,44.072675658291686,44.2486686706543,2227300,0.0,0.0
2023-10-13 00:00:00-04:00,44.30424589879723,44.58213089690217,44.03562220277935,44.27645492553711,1653400,0.0,0.0
2023-10-16 00:00:00-04:00,44.05414823905755,44.59139209635731,43.924465275640884,44.47097396850586,1945600,0.0,0.0
2023-10-17 00:00:00-04:00,44.739597080081886,44.98969463458693,44.55433923968933,44.81370162963867,2059000,0.0,0.0
2023-10-18 00:00:00-04:00,44.952640506085096,45.1193722022129,44.71180779695563,44.79517364501953,2269100,0.0,0.0
2023-10-19 00:00:00-04:00,44.98969542051562,45.128639686612125,44.711810421822086,44.82296371459961,1881000,0.0,0.0
2023-10-20 00:00:00-04:00,44.87854025304056,45.017480979833664,44.6377040063336,44.646968841552734,2196400,0.0,0.0
2023-10-23 00:00:00-04:00,44.822964012867416,45.15642742691842,44.739598159354664,44.98043441772461,2323400,0.0,0.0
2023-10-24 00:00:00-04:00,44.74886495361203,45.017485130244,44.68402523509745,44.961910247802734,1951000,0.0,0.0
2023-10-25 00:00:00-04:00,44.82296491418361,45.23053288777458,44.71181161843133,44.95264434814453,2313400,0.0,0.0
2023-10-26 00:00:00-04:00,44.13751861121975,44.47097852222398,43.62805860794978,43.77626419067383,3724100,0.0,0.0
2023-10-27 00:00:00-04:00,43.35017071966624,43.405749134580404,42.75734842791347,42.8499755859375,4430400,0.0,0.0
2023-10-30 00:00:00-04:00,43.44280767892669,43.637326858941265,43.39649055973266,43.498382568359375,3043900,0.0,0.0
2023-10-31 00:00:00-04:00,43.82257802723554,43.88741774398196,43.628055343496726,43.85962677001953,2194200,0.0,0.0
2023-11-01 00:00:00-04:00,43.98004369427593,44.007831133976254,43.553953129206775,43.72994613647461,2463100,0.0,0.0
2023-11-02 00:00:00-04:00,43.86889007949534,44.17456251445031,43.776259392009415,44.156036376953125,2167600,0.0,0.0
2023-11-03 00:00:00-04:00,44.193089838301354,44.28572052827392,44.06341040583927,44.12825012207031,1932500,0.0,0.0
2023-11-06 00:00:00-05:00,44.239403956694574,44.32276981193801,44.13751549672998,44.21161651611328,2306200,0.0,0.0
2023-11-07 00:00:00-05:00,44.28571976112364,44.387608218079194,44.1560367974085,44.27645492553711,1744900,0.0,0.0
2023-11-08 00:00:00-05:00,44.30424314702096,44.46171000721689,44.248664737452216,44.28571701049805,2095400,0.0,0.0
2023-11-09 00:00:00-05:00,45.23979526050801,45.323161117669564,44.850753415920906,44.961910247802734,2624400,0.0,0.0
2023-11-10 00:00:00-05:00,44.77665079767032,44.9155950658167,44.32276925075838,44.86927795410156,2012400,0.0,0.0
2023-11-13 00:00:00-05:00,44.68401863163104,44.94337746736094,44.665492495721885,44.739593505859375,1918300,0.0,0.0
2023-11-14 00:00:00-05:00,44.971172094633204,45.29537422462934,44.92485851420509,45.20274353027344,2268000,0.0,0.0
2023-11-15 00:00:00-05:00,44.85075509569885,44.93412095598267,44.71181435089235,44.78591537475586,2265400,0.0,0.0
2023-11-16 00:00:00-05:00,44.56524311283781,44.79900960074968,44.51849052865415,44.611995697021484,2389800,0.454,0.0
2023-11-17 00:00:00-05:00,44.303421404261854,44.43433005382092,44.16316009859533,44.26601791381836,4257400,0.0,0.0
2023-11-20 00:00:00-05:00,44.28471979462532,44.36887586488426,43.873288532473524,43.92939376831055,6026800,0.0,0.0
2023-11-21 00:00:00-05:00,44.26601816140152,44.63069327778234,44.25666907223494,44.56523895263672,4032900,0.0,0.0
2023-11-22 00:00:00-05:00,44.59328839017216,44.75225143696976,44.481081488722324,44.67744445800781,2545900,0.0,0.0
2023-11-24 00:00:00-05:00,44.453031946219035,44.89251047590906,44.4156284556517,44.81770706176758,2210500,0.0,0.0
2023-11-27 00:00:00-05:00,44.789655526364434,44.8831606843262,44.714848546400525,44.72420120239258,2033100,0.0,0.0
2023-11-28 00:00:00-05:00,44.70549771239822,44.99536583096105,44.70549771239822,44.78965377807617,1790900,0.0,0.0
2023-11-29 00:00:00-05:00,44.63068603610161,44.714842092918595,44.415621350234325,44.44367218017578,1972600,0.0,0.0
2023-11-30 00:00:00-05:00,44.424973464249625,44.62133998819477,44.25666490614256,44.602638244628906,3804200,0.0,0.0
2023-12-01 00:00:00-05:00,44.58394268542113,44.901865236155,44.565240939261095,44.799007415771484,2466100,0.0,0.0
2023-12-04 00:00:00-05:00,44.855109505808166,45.14497763345905,44.84575684988795,44.97666549682617,2329400,0.0,0.0
2023-12-05 00:00:00-05:00,44.901866299164936,44.920568045767716,44.59329283070922,44.64004898071289,2286500,0.0,0.0
2023-12-06 00:00:00-05:00,44.901864924595394,44.9486175061744,44.621345868128024,44.66809844970703,2622700,0.0,0.0
2023-12-07 00:00:00-05:00,44.686799143331775,44.929914702013065,44.50913434372502,44.827056884765625,2175300,0.0,0.0
2023-12-08 00:00:00-05:00,44.57458948213929,44.668098211792575,44.23796875636738,44.36887741088867,2265000,0.0,0.0
2023-12-11 00:00:00-05:00,44.13510717212561,44.350171881491256,44.13510717212561,44.28471755981445,2605600,0.0,0.0
2023-12-12 00:00:00-05:00,44.39692439963747,44.462378721227005,44.28471750076869,44.45302963256836,2212200,0.0,0.0
2023-12-13 00:00:00-05:00,44.63069310865375,44.986019134521484,44.350174063807934,44.986019134521484,3409900,0.0,0.0
2023-12-14 00:00:00-05:00,44.827056569917275,45.04212129219991,44.59329010217617,44.69614791870117,3501300,0.0,0.0
2023-12-15 00:00:00-05:00,44.58393523466308,44.73354561194748,44.27536182508059,44.294063568115234,3684400,0.0,0.0
2023-12-18 00:00:00-05:00,44.434327231173874,44.63069019303872,44.27536419038357,44.5745849609375,2483300,0.0,0.0
2023-12-19 00:00:00-05:00,44.74290008063291,44.9299139664764,44.61199143064042,44.81770706176758,3446100,0.0,0.0
2023-12-20 00:00:00-05:00,44.855108572979425,44.976664561469484,44.490433473523176,44.49978256225586,2197100,0.0,0.0
2023-12-21 00:00:00-05:00,44.81770709573431,44.87381233162784,44.49978455965739,44.733551025390625,2182500,0.0,0.0
2023-12-22 00:00:00-05:00,45.1075777107575,45.20108286800105,44.84575684988795,44.97666549682617,1488100,0.0,0.0
2023-12-26 00:00:00-05:00,44.799006956556525,45.03277343067068,44.799006956556525,45.004722595214844,1528500,0.0,0.0
2023-12-27 00:00:00-05:00,45.04212523031157,45.34134961681566,45.0047253031179,45.247840881347656,2093100,0.0,0.0
2023-12-28 00:00:00-05:00,45.388094520116304,45.51900316062458,45.313287544401334,45.33198928833008,1528200,0.0,0.0
2023-12-29 00:00:00-05:00,45.23848413567929,45.388094520116304,45.201080647821804,45.33198928833008,1719100,0.0,0.0
2024-01-02 00:00:00-05:00,44.9205663752914,45.369397576086975,44.873813794019775,45.341346740722656,2806400,0.0,0.0
2024-01-03 00:00:00-05:00,45.67796468466785,45.7621207526297,45.44419822555083,45.48160171508789,2855500,0.0,0.0
2024-01-04 00:00:00-05:00,45.42549581147731,45.752767396923154,45.40679406845287,45.687313079833984,3001400,0.0,0.0
2024-01-05 00:00:00-05:00,45.44420063606524,45.79017758214524,45.36004456363947,45.59381103515625,2945100,0.0,0.0
2024-01-08 00:00:00-05:00,45.519006335187115,46.04264450073242,45.519006335187115,46.04264450073242,3230600,0.0,0.0
2024-01-09 00:00:00-05:00,45.911732667097766,46.033292228629925,45.80887841794786,46.00524139404297,1935600,0.0,0.0
2024-01-10 00:00:00-05:00,45.818227259960295,45.9584885661248,45.66861686464832,45.70602035522461,2607300,0.0,0.0
2024-01-11 00:00:00-05:00,45.64056224788869,45.706016567476276,45.23848367499757,45.62186050415039,2486300,0.0,0.0
2024-01-12 00:00:00-05:00,46.164203374465494,46.22030861366502,45.874335222751455,45.94913864135742,2450000,0.0,0.0
2024-01-16 00:00:00-05:00,45.350697066878475,45.37874790300773,44.939269346678024,45.06082534790039,2911600,0.0,0.0
2024-01-17 00:00:00-05:00,44.56523647246562,44.69614511547147,44.4249751738205,44.621341705322266,3368100,0.0,0.0
2024-01-18 00:00:00-05:00,44.18186362918232,44.24731795660683,43.95744624444592,44.11640930175781,2513100,0.0,0.0
2024-01-19 00:00:00-05:00,44.01354289002804,44.20055674630053,43.74237297678256,44.10704803466797,2215400,0.0,0.0
2024-01-22 00:00:00-05:00,44.022903478144784,44.12575772898724,43.87328951257046,43.93874740600586,2629700,0.0,0.0
2024-01-23 00:00:00-05:00,44.219264918464845,44.49043487114062,44.17251233934668,44.387577056884766,2828300,0.0,0.0
2024-01-24 00:00:00-05:00,44.50913318189141,44.53718758304046,44.05095291137695,44.05095291137695,2504100,0.0,0.0
2024-01-25 00:00:00-05:00,44.17251716691908,44.546541407734324,44.02290675719428,44.52783966064453,5683200,0.0,0.0
2024-01-26 00:00:00-05:00,45.34134789896458,45.47225655666651,45.182384838188376,45.2291374206543,6184900,0.0,0.0
2024-01-29 00:00:00-05:00,45.25719031244644,45.61251278091679,45.1917359857812,45.59381103515625,2897900,0.0,0.0
2024-01-30 00:00:00-05:00,45.864981871544074,45.93043619945568,45.640568052130966,45.85563278198242,4020600,0.0,0.0
2024-01-31 00:00:00-05:00,46.09874151765175,46.16419583586583,45.40679484881931,45.528350830078125,2205200,0.0,0.0
2024-02-01 00:00:00-05:00,45.51900599230394,46.295108795166016,45.38809734365201,46.295108795166016,2103500,0.0,0.0
2024-02-02 00:00:00-05:00,45.9304327305324,46.061341376468654,45.61251020454733,45.902381896972656,2672100,0.0,0.0
2024-02-05 00:00:00-05:00,45.91173301574415,46.11744864959256,45.72472269442004,46.05199432373047,2672500,0.0,0.0
2024-02-06 00:00:00-05:00,46.31381419768426,46.687841995078216,46.267061614758376,46.631736755371094,3399200,0.0,0.0
2024-02-07 00:00:00-05:00,46.192256764681986,46.276412838139244,45.677967667446914,45.72472381591797,4365300,0.0,0.0
2024-02-08 00:00:00-05:00,47.68835805284244,47.922124513885784,47.19277429686834,47.389137268066406,4881900,0.0,0.0
2024-02-09 00:00:00-05:00,47.28627357779147,47.407833121184765,47.061859800595954,47.32367706298828,2783000,0.0,0.0
2024-02-12 00:00:00-05:00,47.0338074877858,47.323679160419466,46.940302337642215,47.30497741699219,2076600,0.0,0.0
2024-02-13 00:00:00-05:00,47.23017480126713,47.28628003672588,46.734591039190896,46.846797943115234,3113200,0.0,0.0
2024-02-14 00:00:00-05:00,47.02446164893464,47.02446164893464,46.556928731924735,46.79069519042969,2177100,0.0,0.0
2024-02-15 00:00:00-05:00,46.82810284511963,47.05251666772934,46.74394676989264,46.83745193481445,2180500,0.0,0.0
2024-02-16 00:00:00-05:00,47.26757561684915,47.54809464428289,47.10861614253412,47.4078369140625,3484100,0.0,0.0
2024-02-20 00:00:00-05:00,47.744463158446266,48.09043652109637,47.67900883489065,47.72576141357422,2280500,0.0,0.0
2024-02-21 00:00:00-05:00,47.76316864366268,47.91277904736197,47.716412494324516,47.89407730102539,2322100,0.0,0.0
2024-02-22 00:00:00-05:00,47.56196314122728,47.89218759224933,47.37326191242472,47.85445022583008,2450100,0.458,0.0
2024-02-23 00:00:00-05:00,47.85444774917482,47.95823359960373,47.74122485824706,47.79783630371094,1945300,0.0,0.0
2024-02-26 00:00:00-05:00,47.873314506413564,47.88274794700209,47.58082745970385,47.618568420410156,1692200,0.0,0.0
2024-02-27 00:00:00-05:00,46.75998501884183,46.94868263878699,46.55241331789049,46.807159423828125,2327100,0.0,0.0
2024-02-28 00:00:00-05:00,46.20331964452136,46.45806575730985,46.16557867984681,46.29766845703125,1697300,0.0,0.0
2024-02-29 00:00:00-05:00,46.36371325033301,46.3825837326315,46.09009665576959,46.20331954956055,1891600,0.0,0.0
2024-03-01 00:00:00-05:00,46.1655743699736,46.40144997840421,45.9108282809674,46.373146057128906,2345800,0.0,0.0
2024-03-04 00:00:00-05:00,46.231626340384025,46.39202005110299,46.22219289823803,46.36371612548828,1470800,0.0,0.0
2024-03-05 00:00:00-05:00,46.373149254052876,46.51467246936203,46.23162243956731,46.26936340332031,1429000,0.0,0.0
2024-03-06 00:00:00-05:00,46.354277944827416,46.467497234889244,46.222188173225895,46.250492095947266,2378900,0.0,0.0
2024-03-07 00:00:00-05:00,46.20331604035665,46.28823140466219,46.10896363603038,46.21274948120117,2672400,0.0,0.0
2024-03-08 00:00:00-05:00,46.392014070733666,46.533540878916476,46.288231823799336,46.401451110839844,3754100,0.0,0.0
2024-03-11 00:00:00-04:00,46.514677610613255,46.63733395677948,46.344846854129806,46.5712890625,2488100,0.0,0.0
2024-03-12 00:00:00-04:00,46.69394558019573,46.939254674252524,46.61846364406945,46.844905853271484,3501800,0.0,0.0
2024-03-13 00:00:00-04:00,46.967547542576945,47.127944819492626,46.88263218401593,46.94867706298828,2218200,0.0,0.0
2024-03-14 00:00:00-04:00,46.97698828784121,47.00529220986904,46.40145121210027,46.49580001831055,2770000,0.0,0.0
2024-03-15 00:00:00-04:00,46.39201582249754,46.46749774949224,46.1184028350827,46.175010681152344,2246100,0.0,0.0
2024-03-18 00:00:00-04:00,45.88252195263486,45.995741230972605,45.68438371657386,45.77873611450195,1934200,0.0,0.0
2024-03-19 00:00:00-04:00,47.09963762513643,47.21286050344877,46.910940026301176,47.04302978515625,4792100,0.0,0.0
2024-03-20 00:00:00-04:00,46.65619988854915,46.69394085279131,46.335408890843716,46.64676284790039,2073800,0.0,0.0
2024-03-21 00:00:00-04:00,46.64675985966396,46.78828666691748,46.56184449514709,46.66563034057617,2515400,0.0,0.0
2024-03-22 00:00:00-04:00,47.13738766581003,47.439308201124014,47.09964669910161,47.16569519042969,2356700,0.0,0.0
2024-03-25 00:00:00-04:00,47.26946707247781,47.37325290855227,46.78828244970411,46.83545684814453,3977600,0.0,0.0
2024-03-26 00:00:00-04:00,47.27891150557135,47.36382687571429,46.82603073120117,46.82603073120117,3464200,0.0,0.0
2024-03-27 00:00:00-04:00,46.750546233504316,47.307212829589844,46.73167575237881,47.307212829589844,2290500,0.0,0.0
2024-03-28 00:00:00-04:00,47.16569156996962,47.40156719502629,47.12795060615821,47.35438919067383,1290300,0.0,0.0
2024-04-01 00:00:00-04:00,47.15625619063539,47.28834596945212,46.788290778452634,47.033599853515625,1201000,0.0,0.0
2024-04-02 00:00:00-04:00,46.6750667560285,46.74111163874936,46.51466947000915,46.56184387207031,2660500,0.0,0.0
2024-04-03 00:00:00-04:00,46.53354503542659,46.55241551814829,46.10896817212996,46.13727569580078,2055000,0.0,0.0
2024-04-04 00:00:00-04:00,46.36371086922552,46.42975575429013,45.901396673773284,45.96744155883789,2085200,0.0,0.0
2024-04-05 00:00:00-04:00,45.740995659294086,45.75986613908761,45.52399054043253,45.70325469970703,2242500,0.0,0.0
2024-04-08 00:00:00-04:00,45.52399547889494,45.65608525260278,45.43908011020041,45.457950592041016,2446600,0.0,0.0
2024-04-09 00:00:00-04:00,45.740998038279194,45.82591340217851,45.505122427356234,45.66551971435547,2997600,0.0,0.0
2024-04-10 00:00:00-04:00,45.410777758093346,45.467385606397215,44.967330417438255,45.04281234741211,2926900,0.0,0.0
2024-04-11 00:00:00-04:00,45.325858752764105,45.37303315562761,44.891848487737875,44.95789337158203,2637800,0.0,0.0
2024-04-12 00:00:00-04:00,44.71257922583119,44.769190666883866,44.108738251307145,44.11817169189453,3179300,0.0,0.0
2024-04-15 00:00:00-04:00,44.37291964547735,44.467272051203004,44.00495426108799,44.07099914550781,2546800,0.0,0.0
2024-04-16 00:00:00-04:00,44.00494857135374,44.07099344723411,43.84455490112305,43.84455490112305,2911900,0.0,0.0
2024-04-17 00:00:00-04:00,44.27857000845298,44.39178929402399,43.83512270780025,44.052127838134766,4907100,0.0,0.0
2024-04-18 00:00:00-04:00,44.325747000445155,44.476707256417974,43.976652083353585,44.20309066772461,5673100,0.0,0.0
2024-04-19 00:00:00-04:00,44.56161829947945,44.71257854079762,44.36348365759485,44.63710021972656,4972900,0.0,0.0
2024-04-22 00:00:00-04:00,44.93902780438982,45.36360467493854,44.86354587221377,45.34473419189453,3092600,0.0,0.0
2024-04-23 00:00:00-04:00,45.10885526697591,45.46738362116783,45.09941822655296,45.269248962402344,2724400,0.0,0.0
2024-04-24 00:00:00-04:00,45.467383413859736,45.495690935823134,45.165462906876634,45.354164123535156,2963800,0.0,0.0
2024-04-25 00:00:00-04:00,47.71292358847567,48.231849270301915,47.43930698561537,48.043148040771484,6764400,0.0,0.0
2024-04-26 00:00:00-04:00,48.32620321648232,48.61868671230777,48.26015832392969,48.34507369995117,4278500,0.0,0.0
2024-04-29 00:00:00-04:00,48.665859733757934,48.69416365647254,48.43941755451203,48.59037780761719,3343800,0.0,0.0
2024-04-30 00:00:00-04:00,48.81682245089311,49.0243905599045,48.69416611431149,48.92060470581055,3005600,0.0,0.0
2024-05-01 00:00:00-04:00,48.69417073063823,49.1753554825736,48.543210455601944,48.93947982788086,2909700,0.0,0.0
2024-05-02 00:00:00-04:00,49.09043853868485,49.26026929258624,48.98665267805881,49.08100509643555,2850900,0.0,0.0
2024-05-03 00:00:00-04:00,49.60936075968866,49.66596860345675,49.12817249260256,49.184783935546875,4413100,0.0,0.0
2024-05-06 00:00:00-04:00,49.250829646577714,49.31687453153388,48.96777962545468,49.20365524291992,2388300,0.0,0.0
2024-05-07 00:00:00-04:00,49.69427459730178,49.920716779344126,49.5244474597405,49.68484115600586,3589300,0.0,0.0
2024-05-08 00:00:00-04:00,49.854669201051905,49.94901800562269,49.59048966891274,49.71314239501953,3191900,0.0,0.0
2024-05-09 00:00:00-04:00,50.05280633188494,50.411338285547885,50.0433728906306,50.40190124511719,4055200,0.0,0.0
2024-05-10 00:00:00-04:00,50.46795333709035,50.61891360218203,50.37360092192266,50.486820220947266,3061000,0.0,0.0
2024-05-13 00:00:00-04:00,51.10009611966679,51.21331541381089,50.817046084718285,50.88309097290039,2908500,0.0,0.0
2024-05-14 00:00:00-04:00,50.91139170256418,51.06235195167754,50.76986849355705,50.986873626708984,1807700,0.0,0.0
2024-05-15 00:00:00-04:00,51.1189694500136,51.45863095054685,51.062358000199175,51.40201950073242,1893700,0.0,0.0
2024-05-16 00:00:00-04:00,51.36966248332647,51.569469517143816,51.24597085924906,51.445777893066406,3097700,0.456,0.0
2024-05-17 00:00:00-04:00,51.97860612466742,52.197442942917704,51.84540142047646,52.09278106689453,2610500,0.0,0.0
2024-05-20 00:00:00-04:00,51.78830779879213,51.854910145311564,51.50286865234375,51.50286865234375,1393900,0.0,0.0
2024-05-21 00:00:00-04:00,51.683651260505364,51.8454024255558,51.5789893824532,51.645591735839844,2336600,0.0,0.0
2024-05-22 00:00:00-04:00,51.55996117337326,51.76928493578349,51.46481598839924,51.5789909362793,1528100,0.0,0.0
2024-05-23 00:00:00-04:00,52.31161911010086,52.31161911010086,51.664621706403516,51.731224060058594,2296900,0.0,0.0
2024-05-24 00:00:00-04:00,51.92151944485525,52.25453122204739,51.8454040227354,51.91200637817383,3153100,0.0,0.0
2024-05-28 00:00:00-04:00,51.77879110382897,51.77879110382897,51.40771985049051,51.50286865234375,2190000,0.0,0.0
2024-05-29 00:00:00-04:00,51.20791768444954,51.26500697099473,50.903448748653844,50.93199157714844,2422300,0.0,0.0
2024-05-30 00:00:00-04:00,51.45530045557169,51.64559081639948,51.398211169589764,51.426753997802734,3210400,0.0,0.0
2024-05-31 00:00:00-04:00,51.578988382538576,52.12132389506232,51.52190272620301,52.09278106689453,2394200,0.0,0.0
2024-06-03 00:00:00-04:00,52.19744147794355,52.578025817871094,52.14035219365428,52.578025817871094,3352900,0.0,0.0
2024-06-04 00:00:00-04:00,53.18696680605439,53.205992937753386,52.872981189683394,53.07278823852539,3589300,0.0,0.0
2024-06-05 00:00:00-04:00,53.37726132709031,53.38677802323869,53.09182214509291,53.36774826049805,2574600,0.0,0.0
2024-06-06 00:00:00-04:00,53.13939043956363,53.46288912087963,53.129877373740726,53.32017135620117,1670400,0.0,0.0
2024-06-07 00:00:00-04:00,53.30114613845941,53.348718730740714,52.882502245005334,52.91104507446289,1903200,0.0,0.0
2024-06-10 00:00:00-04:00,52.95860826368965,52.98715108807929,52.65413937168184,52.892005920410156,1839500,0.0,0.0
2024-06-11 00:00:00-04:00,52.53044775006758,52.901518985354876,52.38772999856389,52.892005920410156,1848000,0.0,0.0
2024-06-12 00:00:00-04:00,53.6531887143298,53.719791070722785,53.263087642789685,53.33920669555664,3514700,0.0,0.0
2024-06-13 00:00:00-04:00,53.39628565215394,53.596096325804666,53.29162378251684,53.55803680419922,2723000,0.0,0.0
2024-06-14 00:00:00-04:00,53.43435053120387,53.64367429146534,53.30114582178516,53.49143981933594,3479700,0.0,0.0
2024-06-17 00:00:00-04:00,53.26308116994691,53.72930123759617,53.215508582526965,53.64366912841797,1775600,0.0,0.0
2024-06-18 00:00:00-04:00,53.529491210555676,53.69124236520669,53.396286512346485,53.4438591003418,1859500,0.0,0.0
2024-06-20 00:00:00-04:00,53.26308404365643,53.51998038505138,53.21551145366979,53.424835205078125,2472200,0.0,0.0
2024-06-21 00:00:00-04:00,53.34871263446337,53.5104637852035,53.10133300513553,53.38677215576172,3175400,0.0,0.0
2024-06-24 00:00:00-04:00,53.38677717504716,53.62464376119186,53.38677717504716,53.56755447387695,1466600,0.0,0.0
2024-06-25 00:00:00-04:00,53.57706790236369,53.63415355664105,53.24405252433711,53.40580368041992,1621400,0.0,0.0
2024-06-26 00:00:00-04:00,52.91104352087398,53.167939867117326,52.796868576840055,52.97764587402344,1423100,0.0,0.0
2024-06-27 00:00:00-04:00,52.99668120175946,53.0823133261666,52.57803364707723,52.663665771484375,1362300,0.0,0.0
2024-06-28 00:00:00-04:00,52.245013614851466,52.406764770827415,52.03568987049053,52.32113265991211,2487600,0.0,0.0
2024-07-01 00:00:00-04:00,52.64463276995763,52.9966742890204,52.03569128162634,52.04520797729492,2379700,0.0,0.0
2024-07-02 00:00:00-04:00,51.85490915077824,52.18792087698852,51.76927704553051,52.15937805175781,1673800,0.0,0.0
2024-07-03 00:00:00-04:00,52.2259838535863,52.387735009562256,52.18792433105598,52.32113265991211,921700,0.0,0.0
2024-07-05 00:00:00-04:00,52.73025757953688,52.87297896817364,52.41627560591398,52.7968635559082,1382800,0.0,0.0
2024-07-08 00:00:00-04:00,53.13939509083068,53.25357366803444,52.987160617448474,53.12036895751953,1590100,0.0,0.0
2024-07-09 00:00:00-04:00,53.28211104731537,53.291624112997845,52.83492073956755,52.85395050048828,3067400,0.0,0.0
2024-07-10 00:00:00-04:00,53.491433344791055,53.87201766427098,53.47240358438371,53.795902252197266,2721600,0.0,0.0
2024-07-11 00:00:00-04:00,54.19552038744005,54.27163943476529,53.82444910561935,53.88153839111328,2946500,0.0,0.0
2024-07-12 00:00:00-04:00,54.43338072457181,55.023292385034324,54.39532120527316,54.813968658447266,3254800,0.0,0.0
2024-07-15 00:00:00-04:00,54.79494326694675,54.823486093918355,54.13843283970913,54.195518493652344,2168400,0.0,0.0
2024-07-16 00:00:00-04:00,54.37629821770546,54.58561832683405,54.214547066116005,54.55707550048828,2036100,0.0,0.0
2024-07-17 00:00:00-04:00,54.899602575082326,55.38484875872043,54.89008588016562,55.375335693359375,2124600,0.0,0.0
2024-07-18 00:00:00-04:00,55.7083526131122,55.77495496551,55.175533793929766,55.223106384277344,2182700,0.0,0.0
2024-07-19 00:00:00-04:00,55.44194222561858,55.71786832614604,55.04232448872436,55.21358871459961,3057800,0.0,0.0
2024-07-22 00:00:00-04:00,55.499027607159164,55.54660019332155,54.96620520529566,55.337276458740234,2709200,0.0,0.0
2024-07-23 00:00:00-04:00,54.92814832192575,55.01378043295195,54.47144493963793,54.490474700927734,2278900,0.0,0.0
2024-07-24 00:00:00-04:00,53.681723689753184,54.22406278747339,53.662697558901506,53.795902252197266,4375300,0.0,0.0
2024-07-25 00:00:00-04:00,57.15458471668766,57.33536202085716,56.193605277282806,56.2126350402832,5804800,0.0,0.0
2024-07-26 00:00:00-04:00,57.52565066482006,57.934781457342034,57.28778409379826,57.78254699707031,8462600,0.0,0.0
2024-07-29 00:00:00-04:00,58.02993148096316,58.10604689791802,57.687403030776515,57.96332550048828,3136400,0.0,0.0
2024-07-30 00:00:00-04:00,57.763523132541785,58.191683730000314,57.53517323360137,58.09653854370117,3581600,0.0,0.0
2024-07-31 00:00:00-04:00,58.258281342216485,58.6388693155333,58.058474289525314,58.4200325012207,2185900,0.0,0.0
2024-08-01 00:00:00-04:00,58.37245720191694,58.800617771254096,57.95381332831837,58.63887023925781,3085300,0.0,0.0
2024-08-02 00:00:00-04:00,59.23829048851732,59.60936539589478,58.857706144660625,59.504703521728516,4790500,0.0,0.0
2024-08-05 00:00:00-04:00,57.715943859184314,57.896721144051476,57.3543856598942,57.773033142089844,3949900,0.0,0.0
2024-08-06 00:00:00-04:00,57.23070392969605,58.534211847662824,57.20215747033706,58.34391784667969,5239800,0.0,0.0
2024-08-07 00:00:00-04:00,58.315374897487196,58.73401879514805,58.12508089689365,58.13459396362305,2452900,0.0,0.0
2024-08-08 00:00:00-04:00,58.17264700309318,58.61983731019048,58.087014893852334,58.439056396484375,1717600,0.0,0.0
2024-08-09 00:00:00-04:00,58.1964505999268,58.22522048819108,57.812887450056806,57.956722259521484,4222500,0.477,0.0
2024-08-12 00:00:00-04:00,57.78411888346946,57.91836982985702,57.59233913313004,57.71699523925781,2822600,0.0,0.0
2024-08-13 00:00:00-04:00,57.918373917557666,58.34988204424015,57.86083779361656,58.301937103271484,1751200,0.0,0.0
2024-08-14 00:00:00-04:00,58.01426095663029,58.48413013421309,57.93754612846806,58.35947036743164,2563600,0.0,0.0
2024-08-15 00:00:00-04:00,58.5800183903341,58.91563660934525,58.397826165437216,58.8293342590332,2315900,0.0,0.0
2024-08-16 00:00:00-04:00,58.60878696973776,58.695089323508185,58.378649798326215,58.484130859375,3448700,0.0,0.0
2024-08-19 00:00:00-04:00,58.551252484788364,59.05947540724665,58.52248259588171,58.925228118896484,1632800,0.0,0.0
2024-08-20 00:00:00-04:00,58.68549461178892,58.98275539328776,58.666315906859325,58.83892059326172,1016500,0.0,0.0
2024-08-21 00:00:00-04:00,59.04029554948477,59.36632623967732,58.83892462088577,59.26084518432617,1545600,0.0,0.0
2024-08-22 00:00:00-04:00,60.31565152707208,60.59373362012786,59.893727309534476,59.951263427734375,4462800,0.0,0.0
2024-08-23 00:00:00-04:00,60.315648679974004,61.00606377596211,60.210167630568655,60.98688507080078,2898700,0.0,0.0
2024-08-26 00:00:00-04:00,60.76634360437593,61.14031926030655,60.76634360437593,61.015663146972656,1850000,0.0,0.0
2024-08-27 00:00:00-04:00,61.370457897024956,61.61018624818521,61.22661942314306,61.456756591796875,2353200,0.0,0.0
2024-08-28 00:00:00-04:00,61.39922494117587,61.74443435668945,61.33210129459984,61.74443435668945,3579400,0.0,0.0
2024-08-29 00:00:00-04:00,61.638950593288726,62.49238291202526,61.638950593288726,62.38690185546875,4439400,0.0,0.0
2024-08-30 00:00:00-04:00,62.12800216674805,62.252658279232946,61.69648673258542,62.12800216674805,3097400,0.0,0.0
2024-09-03 00:00:00-04:00,62.137589304032275,62.35813528221826,62.03210824805518,62.19512176513672,2599700,0.0,0.0
2024-09-04 00:00:00-04:00,62.22389151000476,62.59786716016209,62.22389151000476,62.425262451171875,1782400,0.0,0.0
2024-09-05 00:00:00-04:00,62.6362261826676,63.01979302537149,62.588277583856225,62.77047348022461,2375600,0.0,0.0
2024-09-06 00:00:00-04:00,62.760879180131845,62.952666249922814,62.559508243797815,62.56909942626953,2462800,0.0,0.0
2024-09-09 00:00:00-04:00,62.77047023460998,63.15403705748115,62.67458035787435,62.89512634277344,2533100,0.0,0.0
2024-09-10 00:00:00-04:00,62.827999169628384,62.904713993080755,62.406082272496825,62.66498565673828,3344700,0.0,0.0
2024-09-11 00:00:00-04:00,62.47320792349227,62.52114920274586,61.84032158354572,62.2238883972168,2245000,0.0,0.0
2024-09-12 00:00:00-04:00,62.03211348214221,62.2622506619067,61.70607910454089,62.21430206298828,1769500,0.0,0.0
2024-09-13 00:00:00-04:00,62.30060316333804,62.55950655565864,62.24307070191757,62.38690185546875,2074900,0.0,0.0
2024-09-16 00:00:00-04:00,62.84718847537363,62.923903307299696,62.66499257853148,62.866363525390625,1353000,0.0,0.0
2024-09-17 00:00:00-04:00,62.20471739713079,62.47321198939627,62.03211268554171,62.156768798828125,2039500,0.0,0.0
2024-09-18 00:00:00-04:00,62.24307198477722,62.29101326497288,61.667718095000296,61.725257873535156,1533000,0.0,0.0
2024-09-19 00:00:00-04:00,61.897864249433326,61.95539671359379,61.552654832612895,61.677310943603516,1782900,0.0,0.0
2024-09-20 00:00:00-04:00,61.76361846923828,61.80196856899912,61.53347397509929,61.76361846923828,1216900,0.0,0.0
2024-09-23 00:00:00-04:00,62.05128266659001,62.43484947389252,61.94580161168361,62.23347854614258,1439600,0.0,0.0
2024-09-24 00:00:00-04:00,61.96498309025634,62.33895871015143,61.77319603138177,62.10881423950195,1592400,0.0,0.0
2024-09-25 00:00:00-04:00,62.70334504836385,62.80882610495944,62.58827280955182,62.61704635620117,1240100,0.0,0.0
2024-09-26 00:00:00-04:00,62.06087751950665,62.626632923897375,61.87868162917733,62.55950927734375,1333900,0.0,0.0
2024-09-27 00:00:00-04:00,62.86636192610318,63.16363006327208,62.69375721662502,62.75129699707031,1392400,0.0,0.0
2024-09-30 00:00:00-04:00,62.77046465257527,62.79923088144498,61.96498098051144,62.29100799560547,1876500,0.0,0.0
2024-10-01 00:00:00-04:00,62.032109973159216,62.09923361829057,61.73484184535296,61.984161376953125,4307900,0.0,0.0
2024-10-02 00:00:00-04:00,61.677308222523756,61.782789279450206,61.427988695613195,61.504703521728516,2381300,0.0,0.0
2024-10-03 00:00:00-04:00,60.83346401392581,60.87182142735476,60.219760030919716,60.32524108886719,1648700,0.0,0.0
2024-10-04 00:00:00-04:00,59.692358628406296,60.30606261376944,59.61564380125375,60.25811767578125,1320200,0.0,0.0
2024-10-07 00:00:00-04:00,60.08550883440328,60.123866245337766,59.64440958254873,59.67317581176758,1266600,0.0,0.0
2024-10-08 00:00:00-04:00,60.104693664732515,60.33483083786311,59.86496530890891,60.30606460571289,1106300,0.0,0.0
2024-10-09 00:00:00-04:00,60.06633522039521,60.39236592504596,60.02797780620939,60.31565475463867,1089800,0.0,0.0
2024-10-10 00:00:00-04:00,60.08551277089406,60.162227597789006,59.740303365795384,59.83619689941406,985600,0.0,0.0
2024-10-11 00:00:00-04:00,60.22935326791561,60.382779268901096,60.152638438440675,60.210174560546875,997100,0.0,0.0
2024-10-14 00:00:00-04:00,60.15263529736279,60.55538081514668,60.06633294769226,60.49784469604492,730700,0.0,0.0
2024-10-15 00:00:00-04:00,60.91976616605172,61.28415427650725,60.65127158885516,60.7183952331543,1422300,0.0,0.0
2024-10-16 00:00:00-04:00,60.66085575668344,60.75674928463638,60.382773670530085,60.584144592285156,1296300,0.0,0.0
2024-10-17 00:00:00-04:00,60.58414773966257,60.72798621008242,60.28688327451152,60.29647445678711,1939300,0.0,0.0
2024-10-18 00:00:00-04:00,60.02797978631995,60.42113414978248,59.84578754987397,60.36360168457031,1184700,0.0,0.0
2024-10-21 00:00:00-04:00,60.06633757166111,60.21017605150623,59.634825790090225,59.74030685424805,941200,0.0,0.0
2024-10-22 00:00:00-04:00,59.23208150114792,59.47180985254096,59.1361879658121,59.337562561035156,1828500,0.0,0.0
2024-10-23 00:00:00-04:00,57.75535182921651,58.15809734670959,57.69781571015629,58.14850616455078,2642100,0.0,0.0
2024-10-24 00:00:00-04:00,59.76907674499577,59.85537544334545,59.41427613683499,59.74030685424805,2631000,0.0,0.0
2024-10-25 00:00:00-04:00,59.43345074785174,59.519753098216974,59.10742005291241,59.155364990234375,1512200,0.0,0.0
2024-10-28 00:00:00-04:00,59.72112419806623,60.03756736961873,59.682770442879104,59.97044372558594,1681500,0.0,0.0
2024-10-29 00:00:00-04:00,59.69235929132002,59.903321410368044,59.46221846527086,59.730716705322266,2270300,0.0,0.0
2024-10-30 00:00:00-04:00,59.06906509399414,59.35674204580646,59.040298861998664,59.06906509399414,1543700,0.0,0.0
2024-10-31 00:00:00-04:00,58.41700100690482,58.60878441335888,58.25398748909561,58.407413482666016,2896000,0.0,0.0
2024-11-01 00:00:00-04:00,59.232083218260065,59.29920686595886,58.77180520919789,58.80057144165039,1789200,0.0,0.0
2024-11-04 00:00:00-05:00,59.18413563653981,59.337561632712465,58.781390110358906,58.79098129272461,1411000,0.0,0.0
2024-11-05 00:00:00-05:00,58.84850880566837,59.19371818251443,58.70467400395849,59.12659454345703,1169000,0.0,0.0
2024-11-06 00:00:00-05:00,57.57316065271107,57.60192688378215,56.63342597209143,56.83479690551758,2201100,0.0,0.0
2024-11-07 00:00:00-05:00,57.09370399220439,57.34301986354855,56.978631751924674,57.16082763671875,1642500,0.0,0.0
2024-11-08 00:00:00-05:00,56.73164228269494,57.04096429056899,56.58664966567165,57.03129959106445,3283700,0.476,0.0
2024-11-11 00:00:00-05:00,56.54798224917776,56.70264324971333,56.21932716211352,56.286991119384766,3118900,0.0,0.0
2024-11-12 00:00:00-05:00,55.68768350826536,55.803678343698984,55.49435632426976,55.649017333984375,2919300,0.0,0.0
2024-11-13 00:00:00-05:00,55.42669255971263,55.62001974439442,55.069039664867404,55.46535873413086,1733800,0.0,0.0
2024-11-14 00:00:00-05:00,55.53301867599554,55.72634584668367,55.455686332756656,55.48468780517578,2050100,0.0,0.0
2024-11-15 00:00:00-05:00,55.185030506238725,55.64901350344479,54.97237024974088,55.48468780517578,2057800,0.0,0.0
2024-11-18 00:00:00-05:00,55.368691512110246,56.09366566572513,55.368691512110246,55.9680061340332,3623900,0.0,0.0
2024-11-19 00:00:00-05:00,55.591013084364796,56.03566667387857,55.562015299960706,55.92933654785156,2002900,0.0,0.0
2024-11-20 00:00:00-05:00,55.581353573920644,55.7166814969847,55.07870436867607,55.62968444824219,2853900,0.0,0.0
2024-11-21 00:00:00-05:00,55.310696927652614,55.7360137779025,55.26236236662095,55.70701599121094,2930200,0.0,0.0
2024-11-22 00:00:00-05:00,56.325660840712004,56.90563870741523,56.29666305359965,56.65431594848633,3004000,0.0,0.0
2024-11-25 00:00:00-05:00,56.98296723447082,57.176294406208754,56.721976105735976,56.81863784790039,2773100,0.0,0.0
2024-11-26 00:00:00-05:00,57.301954291989766,57.301954291989766,56.88630216074631,57.127960205078125,2118700,0.0,0.0
2024-11-27 00:00:00-05:00,57.74660873413086,58.0172645677399,57.698274174635664,57.74660873413086,1781200,0.0,0.0
2024-11-29 00:00:00-05:00,57.70794143398409,57.901268605960055,57.54361204721133,57.84326934814453,1233400,0.0,0.0
2024-12-02 00:00:00-05:00,57.95926532033783,57.98826679352256,57.5339484835233,57.91093444824219,2203400,0.0,0.0
2024-12-03 00:00:00-05:00,57.88193285475175,57.91093063861971,57.340617535626635,57.398616790771484,1757000,0.0,0.0
2024-12-04 00:00:00-05:00,56.94429665381857,57.417948003534335,56.88629740056496,57.388946533203125,1643800,0.0,0.0
2024-12-05 00:00:00-05:00,57.50495074797831,57.69827423652977,57.40828531629341,57.56294631958008,1231000,0.0,0.0
2024-12-06 00:00:00-05:00,57.649947054846024,57.72727940514437,56.93464125163341,57.069969177246094,1757800,0.0,0.0
2024-12-09 00:00:00-05:00,56.6349784648583,57.09896145968503,56.4996505522933,56.87663650512695,3356700,0.0,0.0
2024-12-10 00:00:00-05:00,56.605980137476614,56.8766359600126,56.42231766869089,56.750972747802734,3382100,0.0,0.0
2024-12-11 00:00:00-05:00,56.97329884780892,57.263291449120366,56.76064227756538,56.81863784790039,2400200,0.0,0.0
2024-12-12 00:00:00-05:00,56.605980137476614,57.23428882370787,56.57697866548417,56.750972747802734,2295200,0.0,0.0
2024-12-13 00:00:00-05:00,57.002297443738215,57.002297443738215,56.65430928965314,56.90563201904297,1291300,0.0,0.0
2024-12-16 00:00:00-05:00,56.99263755695839,57.90127424755548,56.973304469136174,57.34062576293945,3580700,0.0,0.0
2024-12-17 00:00:00-05:00,57.00229855859193,57.53394549888259,56.973297086911685,57.321285247802734,2216800,0.0,0.0
2024-12-18 00:00:00-05:00,56.74131387457852,56.93464106227198,55.90034484863281,55.90034484863281,3107300,0.0,0.0
2024-12-19 00:00:00-05:00,55.77468075861616,55.900343981779635,55.40735947643562,55.62968444824219,2268900,0.0,0.0
2024-12-20 00:00:00-05:00,55.05936601008316,55.745673947006225,54.972368969669745,55.25269317626953,7528300,0.0,0.0
2024-12-23 00:00:00-05:00,55.35902484848121,55.417024106180016,55.0303697630062,55.28169250488281,2092700,0.0,0.0
2024-12-24 00:00:00-05:00,55.17536606354866,55.349356461826865,55.127031505095104,55.28169250488281,947400,0.0,0.0
2024-12-26 00:00:00-05:00,55.09803592832004,55.687682165959465,55.09803592832004,55.600685119628906,1868900,0.0,0.0
2024-12-27 00:00:00-05:00,55.349355479549125,55.7263451167873,55.349355479549125,55.54268264770508,1809300,0.0,0.0
2024-12-30 00:00:00-05:00,55.26235831059319,55.30102448161687,54.75004445046103,54.86603927612305,2063700,0.0,0.0
