Date,Open,High,Low,Close,Volume,Dividends,Stock Splits
2015-01-02 00:00:00-05:00,26.595839315460037,26.725988908395074,26.544911026170794,26.573204040527344,11421200,0.0,0.0
2015-01-05 00:00:00-05:00,26.641108612238753,26.686377001356274,26.346856527810033,26.352514266967773,18964500,0.0,0.0
2015-01-06 00:00:00-05:00,26.47700393353613,26.81086664042213,26.295926074745584,26.618471145629883,22950100,0.0,0.0
2015-01-07 00:00:00-05:00,26.864670106769772,26.933379278224223,26.366540626581607,26.446699142456055,20793600,0.55,0.0
2015-01-08 00:00:00-05:00,26.578387125591064,27.04789103726906,26.412345429873866,27.01353645324707,17617500,0.0,0.0
2015-01-09 00:00:00-05:00,27.042165303926616,27.08797141785772,26.692901329747,26.773059844970703,13037600,0.0,0.0
2015-01-12 00:00:00-05:00,26.910479357043656,27.065071734597733,26.721532389758895,26.95628547668457,12730300,0.0,0.0
2015-01-13 00:00:00-05:00,27.185305005045752,27.368525084851765,26.870395629388895,27.01353645324707,13072800,0.0,0.0
2015-01-14 00:00:00-05:00,26.841764510640438,27.105143069070614,26.66426912518252,26.893295288085938,14795900,0.0,0.0
2015-01-15 00:00:00-05:00,27.059343433415332,27.219662659446335,26.79596481200453,26.96773338317871,12475800,0.0,0.0
2015-01-16 00:00:00-05:00,26.98490732993755,27.50021295868753,26.979180474152198,27.477312088012695,18050200,0.0,0.0
2015-01-20 00:00:00-05:00,27.56319085142688,27.626173150042064,27.316988511833987,27.58609390258789,16460300,0.0,0.0
2015-01-21 00:00:00-05:00,27.420059393833203,27.712067935170626,27.25974234943206,27.626182556152344,24880200,0.0,0.0
2015-01-22 00:00:00-05:00,27.551744627626334,27.75786775942931,26.858943577854024,27.3685245513916,38451100,0.0,0.0
2015-01-23 00:00:00-05:00,27.397151410423103,27.44295752010776,26.899021980457825,26.99635887145996,24317800,0.0,0.0
2015-01-26 00:00:00-05:00,26.89903431160148,26.967741323469834,26.61847940571438,26.887582778930664,15064400,0.0,0.0
2015-01-27 00:00:00-05:00,26.71580835359204,26.824594614097876,26.52686356596021,26.538312911987305,17008900,0.0,0.0
2015-01-28 00:00:00-05:00,26.81313597245804,26.92764686627864,26.355083660554456,26.366535186767578,19575800,0.0,0.0
2015-01-29 00:00:00-05:00,26.33790424125499,26.498221220315628,25.977188854213523,26.40088653564453,19161600,0.0,0.0
2015-01-30 00:00:00-05:00,26.240582274826377,26.629923386370994,26.085989891166736,26.171873092651367,22768000,0.0,0.0
2015-02-02 00:00:00-05:00,26.45241688679964,26.9963522939222,26.200487713226455,26.899015426635742,23172300,0.0,0.0
2015-02-03 00:00:00-05:00,27.053612505411397,27.4658587282331,27.030709452108997,27.385700225830078,21481800,0.0,0.0
2015-02-04 00:00:00-05:00,27.294090712872617,27.66053304949768,27.288366041058357,27.3685245513916,19937400,0.0,0.0
2015-02-05 00:00:00-05:00,27.51167361466732,27.557479739526833,27.219667213234796,27.40288734436035,18762300,0.0,0.0
2015-02-06 00:00:00-05:00,27.626170053753743,28.490739388708334,27.483029276273154,28.244539260864258,47425400,0.0,0.0
2015-02-09 00:00:00-05:00,28.084221279061627,28.324698931043947,28.044142034423743,28.10712432861328,21052900,0.0,0.0
2015-02-10 00:00:00-05:00,28.19874496378657,28.376240388433413,28.061328798873557,28.347610473632812,15100800,0.0,0.0
2015-02-11 00:00:00-05:00,28.278906614965063,28.55946364832763,28.147217292090744,28.519384384155273,19402900,0.0,0.0
2015-02-12 00:00:00-05:00,28.548002192259425,28.622436021624026,28.198738282343214,28.353330612182617,20447300,0.0,0.0
2015-02-13 00:00:00-05:00,28.301809796743267,28.399144528962175,28.07278355693063,28.233102798461914,14619600,0.0,0.0
2015-02-17 00:00:00-05:00,28.02696780604424,28.23881556887525,27.99261322930603,28.15865707397461,15363700,0.0,0.0
2015-02-18 00:00:00-05:00,28.18155556770793,28.233086332404273,27.872370979529865,28.021236419677734,13513400,0.0,0.0
2015-02-19 00:00:00-05:00,27.90673557157954,28.135759575903993,27.90673557157954,28.004070281982422,11609800,0.0,0.0
2015-02-20 00:00:00-05:00,27.963989702852224,28.04414820977899,27.72351199791642,28.038423538208008,13481500,0.0,0.0
2015-02-23 00:00:00-05:00,28.02124293171434,28.055597510880727,27.79221895640443,27.923908233642578,12255700,0.0,0.0
2015-02-24 00:00:00-05:00,27.86665656308087,28.29035439348464,27.660535596454064,28.181568145751953,16307000,0.0,0.0
2015-02-25 00:00:00-05:00,28.238823412967,28.28462952800849,28.07277952217527,28.170116424560547,11398900,0.0,0.0
2015-02-26 00:00:00-05:00,28.089951416215474,28.31897538603148,28.009790733416832,28.267444610595703,13581400,0.0,0.0
2015-02-27 00:00:00-05:00,28.181564116130115,28.433491162088675,28.084227226998195,28.31325340270996,17571200,0.0,0.0
2015-03-02 00:00:00-05:00,28.124308566596273,28.34760790319575,28.067053110498435,28.32470703125,10914400,0.0,0.0
2015-03-03 00:00:00-05:00,28.336151987243433,28.450662872880386,28.21591206267641,28.37050437927246,11381400,0.0,0.0
2015-03-04 00:00:00-05:00,28.376235281265643,28.376235281265643,28.009792968835345,28.095678329467773,13870600,0.0,0.0
2015-03-05 00:00:00-05:00,28.158659991683102,28.181563045215047,27.946812206901114,28.00979232788086,9653500,0.0,0.0
2015-03-06 00:00:00-05:00,27.76359528026579,27.843753792518626,27.614727599662825,27.64908218383789,15644900,0.0,0.0
2015-03-09 00:00:00-04:00,27.631893677238033,27.838016738467747,27.58608976593968,27.614717483520508,13119000,0.0,0.0
2015-03-10 00:00:00-04:00,27.54601572981731,27.671980331962075,27.173848778474284,27.202476501464844,18764700,0.0,0.0
2015-03-11 00:00:00-04:00,27.236826212379697,27.500204711476023,27.116588486812443,27.299808502197266,14392800,0.0,0.0
2015-03-12 00:00:00-04:00,27.448683086771712,27.918184805571084,27.36852457636532,27.90100860595703,15806000,0.0,0.0
2015-03-13 00:00:00-04:00,27.769315771094107,28.01551812688984,27.752139573670554,27.963987350463867,20717400,0.0,0.0
2015-03-16 00:00:00-04:00,28.03269064598265,28.28461982396604,27.843745946650145,28.210186004638672,16111200,0.0,0.0
2015-03-17 00:00:00-04:00,28.061329943575203,28.227373845906374,27.98117142083765,28.0269775390625,15679200,0.0,0.0
2015-03-18 00:00:00-04:00,27.912456867124874,28.450665505548898,27.757864536223696,28.364782333374023,17978300,0.0,0.0
2015-03-19 00:00:00-04:00,28.187295767466807,28.34188814672951,28.055606448277697,28.227375030517578,13625000,0.0,0.0
2015-03-20 00:00:00-04:00,28.250275143503316,28.570911398616527,28.164389769264982,28.376239776611328,26280800,0.0,0.0
2015-03-23 00:00:00-04:00,28.50219562380661,28.542274873393023,28.31325090206429,28.42203712463379,13131700,0.0,0.0
2015-03-24 00:00:00-04:00,28.364781881668993,28.570904986254753,28.278896526706493,28.290348052978516,11419600,0.0,0.0
2015-03-25 00:00:00-04:00,28.273175614735955,28.29035181435001,27.89528393413754,27.90100860595703,14915500,0.0,0.0
2015-03-26 00:00:00-04:00,27.83802382581983,28.02697074143648,27.712061399564128,27.7235107421875,17919400,0.0,0.0
2015-03-27 00:00:00-04:00,27.75787048958282,27.895286652352375,27.6777119713655,27.80367660522461,11716500,0.0,0.0
2015-03-30 00:00:00-04:00,27.90101208767332,28.227373025999952,27.889560558449734,28.124311447143555,11157600,0.0,0.0
2015-03-31 00:00:00-04:00,28.107136258563383,28.141490847472518,27.81512989738156,27.84375762939453,12785700,0.0,0.0
2015-04-01 00:00:00-04:00,27.74068909342441,28.21019077005228,27.729237566658437,28.00979232788086,13573600,0.0,0.0
2015-04-02 00:00:00-04:00,27.992619270246728,28.399138687346063,27.975443070248506,28.32470703125,13344200,0.0,0.0
2015-04-06 00:00:00-04:00,28.364784298198764,28.525101311354604,28.284625791620844,28.41631507873535,14130000,0.0,0.0
2015-04-07 00:00:00-04:00,28.519370622624628,28.519370622624628,28.19873447980715,28.210186004638672,11498700,0.0,0.0
2015-04-08 00:00:00-04:00,28.227555266716283,28.534438750488484,28.192812865061903,28.447586059570312,15498600,0.55,0.0
2015-04-09 00:00:00-04:00,28.32020716857029,28.47654470533846,28.181239732949987,28.378108978271484,10810900,0.0,0.0
2015-04-10 00:00:00-04:00,28.39548504470763,28.51708018645359,28.337581018533783,28.499710083007812,9241900,0.0,0.0
2015-04-13 00:00:00-04:00,28.528655121849976,28.667620338449293,28.395479202270504,28.395479202270508,12235700,0.0,0.0
2015-04-14 00:00:00-04:00,28.48812232157202,28.580766532015662,28.331784802296088,28.47654151916504,11956500,0.0,0.0
2015-04-15 00:00:00-04:00,28.45918307776324,28.661841680870413,28.401279042008966,28.598148345947266,11055800,0.0,0.0
2015-04-16 00:00:00-04:00,28.522858778963485,28.702357879510537,28.424425284632854,28.528650283813477,11724100,0.0,0.0
2015-04-17 00:00:00-04:00,28.360739800230764,28.44180321997593,28.198612960740427,28.31441879272461,18105100,0.0,0.0
2015-04-20 00:00:00-04:00,28.459174079197535,28.650251814736585,28.401270061752054,28.592350006103516,17062500,0.0,0.0
2015-04-21 00:00:00-04:00,28.35494529944557,28.603927019438864,28.05964037163394,28.470748901367188,33469100,0.0,0.0
2015-04-22 00:00:00-04:00,28.63867636325455,28.77185231504851,28.557612932494127,28.702369689941406,18687000,0.0,0.0
2015-04-23 00:00:00-04:00,28.731309661848492,29.067146271505557,28.63287616448748,28.98029136657715,22580200,0.0,0.0
2015-04-24 00:00:00-04:00,28.916606965186062,29.10189542451058,28.847124345142536,28.968719482421875,17184200,0.0,0.0
2015-04-27 00:00:00-04:00,28.9513498147343,29.142429783741644,28.9513498147343,28.99767303466797,16562300,0.0,0.0
2015-04-28 00:00:00-04:00,29.148218401329594,29.32192605440006,28.991880850922374,29.269813537597656,16342000,0.0,0.0
2015-04-29 00:00:00-04:00,29.211916584106817,29.304560828415845,29.032417394402383,29.22349739074707,13683200,0.0,0.0
2015-04-30 00:00:00-04:00,29.223491848425695,29.327716879608392,29.08452440391123,29.206119537353516,15604900,0.0,0.0
2015-05-01 00:00:00-04:00,29.38561857045487,29.39719937485049,28.980299251858494,29.188749313354492,13872800,0.0,0.0
2015-05-04 00:00:00-04:00,29.19452977240799,29.449302974353063,29.119257879844145,29.25243377685547,12594800,0.0,0.0
2015-05-05 00:00:00-04:00,29.35088486687369,29.35088486687369,28.98609935982153,29.003469467163086,12646200,0.0,0.0
2015-05-06 00:00:00-04:00,28.991874947595445,29.049776750558085,28.580766403648994,28.74289321899414,15513300,0.0,0.0
2015-05-07 00:00:00-04:00,28.7197373943351,28.86449413968722,28.557610546360777,28.795011520385742,10832400,0.0,0.0
2015-05-08 00:00:00-04:00,29.061356753956886,29.165581763474037,28.922391547142112,29.032405853271484,13264100,0.0,0.0
2015-05-11 00:00:00-04:00,29.032413857455857,29.113477285248877,28.829755287973317,28.83554458618164,9900500,0.0,0.0
2015-05-12 00:00:00-04:00,28.6039368870185,28.841337886954086,28.354955081133262,28.731321334838867,20448900,0.0,0.0
2015-05-13 00:00:00-04:00,28.742899003706476,28.93976826573786,28.661835579719313,28.795011520385742,16200400,0.0,0.0
2015-05-14 00:00:00-04:00,28.893447322336918,29.038204068022345,28.84712410348751,28.933979034423828,12094600,0.0,0.0
2015-05-15 00:00:00-04:00,28.957147888271596,29.003471122243504,28.748699961838117,28.829763412475586,14083300,0.0,0.0
2015-05-18 00:00:00-04:00,28.82395155654939,28.8355323568673,28.69077566611113,28.7197265625,15040800,0.0,0.0
2015-05-19 00:00:00-04:00,28.679199837323,28.708152947542693,28.557604726124175,28.690780639648438,15675100,0.0,0.0
2015-05-20 00:00:00-04:00,28.702371770491077,28.928191975067815,28.69658247165118,28.771854400634766,13583600,0.0,0.0
2015-05-21 00:00:00-04:00,28.766057432633556,29.00924767770735,28.760265926524713,28.893444061279297,15667600,0.0,0.0
2015-05-22 00:00:00-04:00,28.812383351523813,28.887657482090308,28.70816052072537,28.72553062438965,12324400,0.0,0.0
2015-05-26 00:00:00-04:00,28.708157373438443,28.80659089516174,28.493915810606786,28.615510940551758,17460100,0.0,0.0
2015-05-27 00:00:00-04:00,28.632887064834303,28.76606301662826,28.528662022767236,28.702369689941406,14517400,0.0,0.0
2015-05-28 00:00:00-04:00,28.64446203677094,28.74868705761159,28.592349526350613,28.684993743896484,8432800,0.0,0.0
2015-05-29 00:00:00-04:00,28.66183668419468,28.742900111305595,28.586562555243372,28.627094268798828,14778400,0.0,0.0
2015-06-01 00:00:00-04:00,28.627094522964782,28.684998549138633,28.453386862068733,28.499710083007812,11968000,0.0,0.0
2015-06-02 00:00:00-04:00,28.499720989520934,28.55183352861389,28.36075348233519,28.453397750854492,11094100,0.0,0.0
2015-06-03 00:00:00-04:00,28.459173751406173,28.62708987803298,28.297044713238634,28.418642044067383,17697800,0.0,0.0
2015-06-04 00:00:00-04:00,27.72381185804115,28.105969568730387,27.72381185804115,27.8511962890625,38418900,0.0,0.0
2015-06-05 00:00:00-04:00,27.77013009923901,27.775921605279308,27.277958108807518,27.347440719604492,23574500,0.0,0.0
2015-06-08 00:00:00-04:00,27.35902938225624,27.665913026178846,27.243223525119006,27.469043731689453,16598600,0.0,0.0
2015-06-09 00:00:00-04:00,27.486412663744456,27.573265389300268,27.312702795007365,27.4111385345459,12295100,0.0,0.0
2015-06-10 00:00:00-04:00,27.538526476996505,27.60800910246959,27.42272062866613,27.486413955688477,13007300,0.0,0.0
2015-06-11 00:00:00-04:00,27.567476572853227,27.72381413216091,27.515364053084,27.654329299926758,10029700,0.0,0.0
2015-06-12 00:00:00-04:00,27.64853174724276,27.64853174724276,27.335856721975787,27.359018325805664,10619100,0.0,0.0
2015-06-15 00:00:00-04:00,27.295327327461873,27.341650539038188,27.1737322102925,27.214263916015625,10875800,0.0,0.0
2015-06-16 00:00:00-04:00,27.208473255148334,27.497986686551513,27.162150045893974,27.45745277404785,10862000,0.0,0.0
2015-06-17 00:00:00-04:00,27.50378332503601,27.50957262333208,27.156367998139615,27.370607376098633,18216400,0.0,0.0
2015-06-18 00:00:00-04:00,27.457453555294236,27.746966994934937,27.440083455735714,27.660114288330078,14527300,0.0,0.0
2015-06-19 00:00:00-04:00,27.59064171329343,27.625381925042078,27.42851262615186,27.48062515258789,26861700,0.0,0.0
2015-06-22 00:00:00-04:00,27.57904505323076,27.665897741490078,27.451658459876285,27.521141052246094,9191900,0.0,0.0
2015-06-23 00:00:00-04:00,27.712226795817894,27.856983515638245,27.625371880400785,27.660114288330078,14411400,0.0,0.0
2015-06-24 00:00:00-04:00,27.56168960247959,27.671706167219597,27.382192611694336,27.382192611694336,17742300,0.0,0.0
2015-06-25 00:00:00-04:00,27.579060289935676,27.746976463531006,27.463254432798447,27.469043731689453,14445400,0.0,0.0
2015-06-26 00:00:00-04:00,27.555891160238392,28.077016270800492,27.43429603737804,27.573261260986328,18492800,0.0,0.0
2015-06-29 00:00:00-04:00,27.376391773895506,27.631165029572546,27.069508216443488,27.08108901977539,15032400,0.0,0.0
2015-06-30 00:00:00-04:00,27.295324986819153,27.359018292868573,26.982649961928605,26.988441467285156,15044100,0.0,0.0
2015-07-01 00:00:00-04:00,27.005813881546814,27.277957227526905,26.96528217582369,27.214263916015625,12545900,0.0,0.0
2015-07-02 00:00:00-04:00,27.34744823026665,27.43430317422586,27.27796560038707,27.330078125,9872400,0.0,0.0
2015-07-06 00:00:00-04:00,27.2490151938705,27.295336211711355,27.098466916058424,27.23743438720703,12051700,0.0,0.0
2015-07-07 00:00:00-04:00,27.341648227339313,27.474824136142924,27.115828112028318,27.359018325805664,18025800,0.0,0.0
2015-07-08 00:00:00-04:00,27.288726806640625,27.435188408905137,27.12468829242222,27.288726806640625,17859600,0.55,0.0
2015-07-09 00:00:00-04:00,27.54063055690144,27.628508386186752,27.083671208200304,27.101245880126953,16304500,0.0,0.0
2015-07-10 00:00:00-04:00,27.44104136701471,27.728107043464565,27.370740435265766,27.53477668762207,14727100,0.0,0.0
2015-07-13 00:00:00-04:00,27.757405282769422,27.780837442179468,27.50549113178999,27.651952743530273,10184400,0.0,0.0
2015-07-14 00:00:00-04:00,27.64608411636898,27.79254568090016,27.564065997803695,27.77497100830078,9973600,0.0,0.0
2015-07-15 00:00:00-04:00,27.815983059668138,27.827700254270155,27.558211482902916,27.728107452392578,9624000,0.0,0.0
2015-07-16 00:00:00-04:00,27.815986660880355,28.03860891748781,27.798411984115198,28.021034240722656,11011400,0.0,0.0
2015-07-17 00:00:00-04:00,27.991734487954382,28.091329517467244,27.82769824502284,27.88042449951172,10160400,0.0,0.0
2015-07-20 00:00:00-04:00,27.903858711157095,28.272940255426892,27.780829294907644,28.1792049407959,17246700,0.0,0.0
2015-07-21 00:00:00-04:00,27.523059857198245,27.73982236993962,27.28286295528852,27.517202377319336,31961600,0.0,0.0
2015-07-22 00:00:00-04:00,27.411748481944702,27.441040349518445,27.01337282542835,27.212560653686523,21026600,0.0,0.0
2015-07-23 00:00:00-04:00,27.218423717907342,27.31215905427154,27.048527722363893,27.153980255126953,13698200,0.0,0.0
2015-07-24 00:00:00-04:00,27.20670353074486,27.230137920966502,26.92549755256453,26.972366333007812,19528700,0.0,0.0
2015-07-27 00:00:00-04:00,26.913783574764633,27.095396768452964,26.779039167122342,26.849342346191406,15747800,0.0,0.0
2015-07-28 00:00:00-04:00,26.943073124744537,26.97236499365383,26.749742767255793,26.88448715209961,16150900,0.0,0.0
2015-07-29 00:00:00-04:00,26.948938934940816,27.476201677598734,26.9313642551279,27.277013778686523,15968700,0.0,0.0
2015-07-30 00:00:00-04:00,27.335592257017755,27.41761039341244,27.189130660648214,27.341449737548828,9592300,0.0,0.0
2015-07-31 00:00:00-04:00,27.44689059460714,27.634361179456775,27.36487249308863,27.411741256713867,12562900,0.0,0.0
2015-08-03 00:00:00-04:00,27.640229568213655,27.65194676279783,27.300437629751602,27.517202377319336,10321300,0.0,0.0
2015-08-04 00:00:00-04:00,27.546497313362146,27.581648901028416,27.27700851240058,27.341449737548828,9371900,0.0,0.0
2015-08-05 00:00:00-04:00,27.476189069088484,27.62265062652536,27.300433412303423,27.323867797851562,11946100,0.0,0.0
2015-08-06 00:00:00-04:00,27.29458166177966,27.359025118149116,27.118828202934353,27.318016052246094,9917200,0.0,0.0
2015-08-07 00:00:00-04:00,27.282863006555182,27.38831552318457,27.048523584084023,27.159835815429688,10538000,0.0,0.0
2015-08-10 00:00:00-04:00,27.253578497056388,27.733972431504952,27.253578497056388,27.66952896118164,13529500,0.0,0.0
2015-08-11 00:00:00-04:00,27.851136430625207,28.243652418261004,27.81598484456356,27.88628578186035,18511000,0.0,0.0
2015-08-12 00:00:00-04:00,27.710524677819674,28.056174023526093,27.59335499142623,28.032739639282227,15939800,0.0,0.0
2015-08-13 00:00:00-04:00,27.985877852654564,28.085470650345343,27.82184160477504,27.92143440246582,11168500,0.0,0.0
2015-08-14 00:00:00-04:00,27.898013992675402,27.90387371007929,27.78670394510278,27.821855545043945,8769500,0.0,0.0
2015-08-17 00:00:00-04:00,27.69880671513456,27.89799450601437,27.65194018277651,27.83941078186035,7784300,0.0,0.0
2015-08-18 00:00:00-04:00,27.862853860563444,27.939012278765123,27.728109465099106,27.80426788330078,8581400,0.0,0.0
2015-08-19 00:00:00-04:00,27.763264885074676,27.944878102045838,27.581653902930526,27.792556762695312,12578000,0.0,0.0
2015-08-20 00:00:00-04:00,27.56407034593758,27.763258194514208,27.4644775390625,27.4644775390625,13785900,0.0,0.0
2015-08-21 00:00:00-04:00,27.212568275760432,27.44690551681303,27.00752067565918,27.00752067565918,21305300,0.0,0.0
2015-08-24 00:00:00-04:00,25.982282001501357,26.872768628216164,22.297310545239505,26.210763931274414,36096800,0.0,0.0
2015-08-25 00:00:00-04:00,26.80832561509598,26.80832561509598,25.48431396484375,25.48431396484375,27851500,0.0,0.0
2015-08-26 00:00:00-04:00,25.999860123084762,26.54469737560949,25.777237897311153,26.456819534301758,30856900,0.0,0.0
2015-08-27 00:00:00-04:00,26.820046679105,27.118829585720768,26.46268002816245,27.060243606567383,21488000,0.0,0.0
2015-08-28 00:00:00-04:00,26.98407172163942,27.042655436734634,26.74387491402827,26.98992919921875,12783900,0.0,0.0
2015-08-31 00:00:00-04:00,26.919640763947505,27.00751637729637,26.720452911599626,26.954790115356445,14785800,0.0,0.0
2015-09-01 00:00:00-04:00,26.415806744909577,26.685295475828724,26.175609878685812,26.30449676513672,21096300,0.0,0.0
2015-09-02 00:00:00-04:00,26.656008337658342,26.656008337658342,26.228340779760796,26.568130493164062,17197600,0.0,0.0
2015-09-03 00:00:00-04:00,26.732174394885917,27.036814819978353,26.66773092719736,26.784900665283203,12480800,0.0,0.0
2015-09-04 00:00:00-04:00,26.568123339747032,26.568123339747032,26.152173088764304,26.257625579833984,16045100,0.0,0.0
2015-09-08 00:00:00-04:00,26.702876236086375,26.890346878982548,26.491971204121594,26.878629684448242,14056500,0.0,0.0
2015-09-09 00:00:00-04:00,27.095392372588776,27.107109567199327,26.544697634850948,26.591564178466797,14423600,0.0,0.0
2015-09-10 00:00:00-04:00,26.57984591785258,26.72045001271383,26.38065808711447,26.632572174072266,16412900,0.0,0.0
2015-09-11 00:00:00-04:00,26.62085454352553,26.80246769748858,26.515402032814887,26.79075050354004,11227400,0.0,0.0
2015-09-14 00:00:00-04:00,26.820045364558545,26.884488821055363,26.714592842077657,26.743886947631836,9677800,0.0,0.0
2015-09-15 00:00:00-04:00,26.902060102787722,27.271143884910305,26.790750114133825,27.165691375732422,12023000,0.0,0.0
2015-09-16 00:00:00-04:00,27.206705202210948,27.22428211337026,27.007517342742638,27.060243606567383,11932500,0.0,0.0
2015-09-17 00:00:00-04:00,26.597416818145096,26.802462082220853,26.08772904488405,26.497821807861328,31675000,0.0,0.0
2015-09-18 00:00:00-04:00,26.45681729419193,26.51540102688588,26.023290073847765,26.111167907714844,26889300,0.0,0.0
2015-09-21 00:00:00-04:00,26.140463843450902,26.29864262814027,26.08773758188778,26.24591636657715,10584300,0.0,0.0
2015-09-22 00:00:00-04:00,26.029142379760742,26.087726095780965,25.841671806705417,26.029142379760742,12368600,0.0,0.0
2015-09-23 00:00:00-04:00,25.988144240182947,26.058445175881346,25.71865545765038,25.765522003173828,11670300,0.0,0.0
2015-09-24 00:00:00-04:00,25.654214028239156,25.894410959436893,25.636637116806504,25.829967498779297,14438300,0.0,0.0
2015-09-25 00:00:00-04:00,25.964713586076684,26.087740799957906,25.818251978648533,25.906129837036133,17514800,0.0,0.0
2015-09-28 00:00:00-04:00,25.783086840876937,25.882681843706855,25.595616260659483,25.624910354614258,15265200,0.0,0.0
2015-09-29 00:00:00-04:00,25.648349847569474,25.7772367464461,25.39057828464246,25.501888275146484,15652500,0.0,0.0
2015-09-30 00:00:00-04:00,25.677646225197186,25.777239030553087,25.355428949454122,25.49017333984375,20380600,0.0,0.0
2015-10-01 00:00:00-04:00,25.478461236148668,25.56633685634541,25.009782322459316,25.16796112060547,22323500,0.0,0.0
2015-10-02 00:00:00-04:00,24.927762176552665,25.132809743493958,24.72271684443788,25.097658157348633,22336700,0.0,0.0
2015-10-05 00:00:00-04:00,25.33199661272093,25.788956040752467,25.33199661272093,25.777238845825195,14484600,0.0,0.0
2015-10-06 00:00:00-04:00,25.777243504690233,26.029157654090398,25.765526307645246,25.812395095825195,15087900,0.0,0.0
2015-10-07 00:00:00-04:00,25.981519986197515,26.106147548419443,25.791614122824484,26.023061752319336,11897000,0.565,0.0
2015-10-08 00:00:00-04:00,25.922176540524596,26.296054718049863,25.845026572241732,26.248577117919922,10280900,0.0,0.0
2015-10-09 00:00:00-04:00,26.27824728772945,26.426611379939043,26.112080228888747,26.207033157348633,11981200,0.0,0.0
2015-10-12 00:00:00-04:00,26.21890503403214,26.296055003151466,26.11801626459047,26.290119171142578,9886700,0.0,0.0
2015-10-13 00:00:00-04:00,26.195166324400233,26.40881100032781,26.195166324400233,26.325727462768555,11566400,0.0,0.0
2015-10-14 00:00:00-04:00,26.266379000287035,26.432548330016434,26.070539567487735,26.10614776611328,19559200,0.0,0.0
2015-10-15 00:00:00-04:00,26.25450711788757,26.52749646642522,26.14768480518048,26.50969123840332,11774000,0.0,0.0
2015-10-16 00:00:00-04:00,26.65806476458046,26.687739400522627,26.379141750350442,26.52750587463379,15620900,0.0,0.0
2015-10-19 00:00:00-04:00,26.396944720830245,26.59872002040987,26.266383567026697,26.52750587463379,17547400,0.0,0.0
2015-10-20 00:00:00-04:00,26.6580684961561,27.180310920616495,26.580920770706634,26.847976684570312,19747400,0.0,0.0
2015-10-21 00:00:00-04:00,26.966670738390675,27.126904313737835,26.533447633425787,26.622467041015625,17081800,0.0,0.0
2015-10-22 00:00:00-04:00,26.693669799663482,27.239650889399382,26.693669799663482,27.233715057373047,15378600,0.0,0.0
2015-10-23 00:00:00-04:00,27.3820743884951,27.494832538763927,27.26338267109138,27.393943786621094,13285100,0.0,0.0
2015-10-26 00:00:00-04:00,27.488899293556006,27.62539398906018,27.38801279577935,27.512638092041016,10802500,0.0,0.0
2015-10-27 00:00:00-04:00,27.41175648730241,27.477037068251985,27.304934130086195,27.399887084960938,9540400,0.0,0.0
2015-10-28 00:00:00-04:00,27.560115874698052,27.773760552339038,27.334604060616236,27.58385467529297,11447300,0.0,0.0
2015-10-29 00:00:00-04:00,27.58979002895772,27.631331797350164,27.298995386354004,27.536378860473633,7902300,0.0,0.0
2015-10-30 00:00:00-04:00,27.554187389813755,27.880588034711693,27.465168003088387,27.821243286132812,14753200,0.0,0.0
2015-11-02 00:00:00-05:00,27.904328615826522,27.93993682555458,27.60760032633095,27.761898040771484,11689100,0.0,0.0
2015-11-03 00:00:00-05:00,27.714417507498258,27.74408987812597,27.405819872485168,27.56605339050293,11900900,0.0,0.0
2015-11-04 00:00:00-05:00,27.64320043790456,27.684742205155587,27.32273343580534,27.382078170776367,9702000,0.0,0.0
2015-11-05 00:00:00-05:00,27.417692184448242,27.554186914912798,27.358345173035172,27.417692184448242,11646900,0.0,0.0
2015-11-06 00:00:00-05:00,27.293065543809586,27.316802083376377,26.877645539322643,27.168437957763672,14144400,0.0,0.0
2015-11-09 00:00:00-05:00,27.020068227693848,27.02600405924702,26.72334003801531,26.883573532104492,10743200,0.0,0.0
2015-11-10 00:00:00-05:00,26.865771807744153,26.90138000714083,26.586846572111515,26.764883041381836,9996700,0.0,0.0
2015-11-11 00:00:00-05:00,26.91918176117393,27.026004090691004,26.782687065425765,26.895442962646484,7904000,0.0,0.0
2015-11-12 00:00:00-05:00,26.717408309637193,26.758950077943553,26.569044204584024,26.604652404785156,11053500,0.0,0.0
2015-11-13 00:00:00-05:00,26.54530532716232,26.699605263728053,26.242643549831968,26.248577117919922,12615600,0.0,0.0
2015-11-16 00:00:00-05:00,26.26637912814505,26.747079624575683,26.21890379360304,26.729276657104492,10112500,0.0,0.0
2015-11-17 00:00:00-05:00,26.71147148756544,26.895443786000467,26.66399615291361,26.753015518188477,10657500,0.0,0.0
2015-11-18 00:00:00-05:00,26.753024266106582,26.96073316785759,26.45629596997243,26.931060791015625,13585600,0.0,0.0
2015-11-19 00:00:00-05:00,26.966660733737037,27.221847192705436,26.91324956177024,27.156566619873047,9320900,0.0,0.0
2015-11-20 00:00:00-05:00,27.275260768903316,27.29306600369955,26.895448963152052,26.93699073791504,12229700,0.0,0.0
2015-11-23 00:00:00-05:00,26.889507977571782,27.00226386884903,26.66992749855185,26.699602127075195,10290100,0.0,0.0
2015-11-24 00:00:00-05:00,26.55717451805785,26.907313892760808,26.515632750199583,26.818294525146484,11127400,0.0,0.0
2015-11-25 00:00:00-05:00,26.77082398358445,26.782693385649132,26.640262824729895,26.658065795898438,7013900,0.0,0.0
2015-11-27 00:00:00-05:00,26.61058574653334,26.936986322102538,26.60465217847858,26.84203338623047,4108300,0.0,0.0
2015-11-30 00:00:00-05:00,26.853907273901555,27.085354952277186,26.68180434141718,26.972599029541016,19400000,0.0,0.0
2015-12-01 00:00:00-05:00,27.008203430658973,27.23371752712221,26.901383346920404,27.049747467041016,10580000,0.0,0.0
2015-12-02 00:00:00-05:00,26.972599290970138,27.03194403743659,26.628393422665212,26.658065795898438,12160400,0.0,0.0
2015-12-03 00:00:00-05:00,26.634331504239626,26.73521803452137,26.307930843403707,26.444425582885742,17077700,0.0,0.0
2015-12-04 00:00:00-05:00,26.551242775636993,27.168435767907,26.533437542575932,27.126893997192383,14158600,0.0,0.0
2015-12-07 00:00:00-05:00,26.9785252783065,27.37020638093916,26.972591710870148,27.3346004486084,13192100,0.0,0.0
2015-12-08 00:00:00-05:00,27.103153096565013,27.293061230082223,26.966658394237438,27.12095832824707,13776100,0.0,0.0
2015-12-09 00:00:00-05:00,27.049744868677884,27.376145448818253,26.776753193348007,26.9191837310791,13467900,0.0,0.0
2015-12-10 00:00:00-05:00,26.98446232519619,27.09721822241691,26.82422883092058,26.895442962646484,10402500,0.0,0.0
2015-12-11 00:00:00-05:00,26.89543916188523,26.913242126336748,26.54529985658327,26.598711013793945,16481900,0.0,0.0
2015-12-14 00:00:00-05:00,26.610590193576282,27.002271402486645,26.5156372418361,26.972599029541016,16723100,0.0,0.0
2015-12-15 00:00:00-05:00,27.01413749139246,27.21591277207652,26.830165179521018,27.031940460205078,16742600,0.0,0.0
2015-12-16 00:00:00-05:00,27.25745242787999,27.637264158803248,27.120957728570477,27.601655960083008,18808300,0.0,0.0
2015-12-17 00:00:00-05:00,27.589794979268387,27.708484473767523,27.316803255892182,27.35834503173828,15508600,0.0,0.0
2015-12-18 00:00:00-05:00,27.239653330198895,27.322736875159407,27.03787803649902,27.037878036499023,31635100,0.0,0.0
2015-12-21 00:00:00-05:00,27.138761957184133,27.25151786258677,27.014136651656493,27.23965072631836,10360600,0.0,0.0
2015-12-22 00:00:00-05:00,27.417683229166194,27.571980880728802,27.209972152849442,27.50076675415039,11181500,0.0,0.0
2015-12-23 00:00:00-05:00,27.601659230813727,27.98147327060053,27.530445088791033,27.862781524658203,12685500,0.0,0.0
2015-12-24 00:00:00-05:00,27.839045839430714,27.87465404635697,27.655073499430564,27.720354080200195,4279900,0.0,0.0
2015-12-28 00:00:00-05:00,27.66693915395931,27.79750029781269,27.631333215713266,27.744089126586914,6254900,0.0,0.0
2015-12-29 00:00:00-05:00,27.8805836881207,28.028947800294944,27.797500147520196,28.017078399658203,7667100,0.0,0.0
2015-12-30 00:00:00-05:00,28.011145012831207,28.011145012831207,27.666939183704674,27.755958557128906,8970700,0.0,0.0
2015-12-31 00:00:00-05:00,27.607592362512992,27.684742329406806,27.42362006110668,27.429555892944336,11490900,0.0,0.0
2016-01-04 00:00:00-05:00,27.103155787891616,27.245586336208653,26.91918573180903,27.221847534179688,17821600,0.0,0.0
2016-01-05 00:00:00-05:00,27.417689523934413,27.625398384082327,27.07941951520393,27.595726013183594,15632800,0.0,0.0
2016-01-06 00:00:00-05:00,27.32839452470467,27.604741765804516,27.20223400880906,27.346416473388672,19082700,0.565,0.0
2016-01-07 00:00:00-05:00,27.106106094512498,27.436521387610586,27.034016026784283,27.19622039794922,19277600,0.0,0.0
2016-01-08 00:00:00-05:00,27.43052062257118,27.47858220566191,26.853795375696937,26.931894302368164,16594800,0.0,0.0
2016-01-11 00:00:00-05:00,27.100102476447812,27.17219255197743,26.79371564496811,27.08808708190918,14226200,0.0,0.0
2016-01-12 00:00:00-05:00,27.178195664036874,27.1842022141885,26.75165726881709,26.991960525512695,15123000,0.0,0.0
2016-01-13 00:00:00-05:00,27.100105532212968,27.19622640765829,26.48132753976509,26.523380279541016,19291000,0.0,0.0
2016-01-14 00:00:00-05:00,26.565429267025852,27.148160989484126,26.463299562208103,26.95591926574707,18435000,0.0,0.0
2016-01-15 00:00:00-05:00,26.457287318907454,26.76367178404054,26.34915108610716,26.69158172607422,27993900,0.0,0.0
2016-01-19 00:00:00-05:00,26.877822641024096,27.040024733419266,26.751662147813683,26.95591926574707,20364300,0.0,0.0
2016-01-20 00:00:00-05:00,26.661554613891415,26.895849110877503,26.307108446432267,26.685583114624023,28290200,0.0,0.0
2016-01-21 00:00:00-05:00,27.034019790353813,27.833026364174685,26.69158905634551,27.556676864624023,31354100,0.0,0.0
2016-01-22 00:00:00-05:00,27.8810789883671,28.307615093106055,27.634769180814864,28.25955581665039,23075700,0.0,0.0
2016-01-25 00:00:00-05:00,28.28358920452032,28.70411650610255,27.9591804646981,28.253549575805664,24298800,0.0,0.0
2016-01-26 00:00:00-05:00,28.31363268530764,28.99849420129469,28.265571102296835,28.986478805541992,22620900,0.0,0.0
2016-01-27 00:00:00-05:00,29.01050475605661,29.731412339003718,28.98647396856123,29.455062866210938,33795700,0.0,0.0
2016-01-28 00:00:00-05:00,29.4730842898289,29.71338526674272,29.11863822905684,29.443044662475586,20085200,0.0,0.0
2016-01-29 00:00:00-05:00,29.671337726724133,30.031792692675566,29.569210309311,30.019777297973633,29082600,0.0,0.0
2016-02-01 00:00:00-05:00,30.001753588586812,30.65057116370777,29.851564589720173,30.494373321533203,28536600,0.0,0.0
2016-02-02 00:00:00-05:00,30.40426575503206,30.41628115170733,29.82754046483469,29.983736038208008,21607000,0.0,0.0
2016-02-03 00:00:00-05:00,30.187982126462416,30.410261154174805,29.689353659978636,30.410261154174805,20309800,0.0,0.0
2016-02-04 00:00:00-05:00,30.26007351155979,30.398247091136554,29.83954393058163,30.296119689941406,19594300,0.0,0.0
2016-02-05 00:00:00-05:00,30.230036920337994,30.758702757786253,30.224030369643973,30.620529174804688,25790300,0.0,0.0
2016-02-08 00:00:00-05:00,30.39824546539032,30.5183970952013,29.89961929547208,30.48235321044922,27058100,0.0,0.0
2016-02-09 00:00:00-05:00,30.0738520086188,30.40426741426114,29.64731342432865,30.127920150756836,22633900,0.0,0.0
2016-02-10 00:00:00-05:00,30.15194365969277,30.230042583557342,29.809512913435764,30.025785446166992,18633100,0.0,0.0
2016-02-11 00:00:00-05:00,29.79749724741393,30.09787525310037,29.599248955346084,29.67133903503418,30521000,0.0,0.0
2016-02-12 00:00:00-05:00,29.761449232853135,30.151939211159533,29.64730413980656,30.103879928588867,20990900,0.0,0.0
2016-02-16 00:00:00-05:00,30.181985855102543,30.2180297524815,29.785486942016316,30.18198585510254,16360000,0.0,0.0
2016-02-17 00:00:00-05:00,30.284107724398005,30.398250531304562,30.08585945011798,30.230039596557617,15228900,0.0,0.0
2016-02-18 00:00:00-05:00,30.109892581993456,30.698633235943607,30.013771705668994,30.60251235961914,19678500,0.0,0.0
2016-02-19 00:00:00-05:00,30.482353297962135,30.680601539772944,30.22402809522249,30.554443359375,15607000,0.0,0.0
2016-02-22 00:00:00-05:00,30.55445243885151,30.728672239763196,30.50038430379969,30.68061065673828,12456000,0.0,0.0
2016-02-23 00:00:00-05:00,30.62053598365574,30.63255137941746,30.25407443388173,30.416278839111328,11594600,0.0,0.0
2016-02-24 00:00:00-05:00,30.200004955552277,30.560457645561797,30.139927979415813,30.530420303344727,11244900,0.0,0.0
2016-02-25 00:00:00-05:00,30.57847932568864,30.818780335021064,30.506386960357005,30.70463752746582,12358700,0.0,0.0
2016-02-26 00:00:00-05:00,30.728668833678974,30.84281164315749,30.590492943649508,30.650569915771484,13011500,0.0,0.0
2016-02-29 00:00:00-05:00,30.55444779163886,30.86684115867973,30.45231808909566,30.476348876953125,15986300,0.0,0.0
2016-03-01 00:00:00-05:00,30.63254420538543,30.92090676102599,30.62653536306061,30.914897918701172,12003300,0.0,0.0
2016-03-02 00:00:00-05:00,30.914896858273604,31.35945721528405,30.75269249659554,31.3113956451416,14791100,0.0,0.0
2016-03-03 00:00:00-05:00,31.323416304576757,31.371477882800555,31.00501636980174,31.173227310180664,15404500,0.0,0.0
2016-03-04 00:00:00-05:00,31.089129283775694,31.2393183141321,30.93894025341929,31.12517547607422,13957600,0.0,0.0
2016-03-07 00:00:00-05:00,30.956949084059957,31.44956871151892,30.878852471398197,31.365463256835938,14907500,0.0,0.0
2016-03-08 00:00:00-05:00,31.26935135542957,31.689881040852455,31.19726127246355,31.515661239624023,14306500,0.0,0.0
2016-03-09 00:00:00-05:00,31.56972739354842,31.81603726228517,31.23931205134579,31.44356918334961,15466600,0.0,0.0
2016-03-10 00:00:00-05:00,31.569724572489953,31.635808093365736,31.23330270868898,31.431550979614258,15102100,0.0,0.0
2016-03-11 00:00:00-05:00,31.629803014640963,31.707899641400484,31.383493156448395,31.557710647583008,15223900,0.0,0.0
2016-03-14 00:00:00-04:00,31.569727254759467,31.68987891276919,31.377485518624823,31.563720703125,11729400,0.0,0.0
2016-03-15 00:00:00-04:00,31.38349223215484,31.683870210943184,31.38349223215484,31.641815185546875,11295700,0.0,0.0
2016-03-16 00:00:00-04:00,31.64181212004216,32.06835055029155,31.479610043908686,31.96622085571289,11866400,0.0,0.0
2016-03-17 00:00:00-04:00,32.00827803729995,32.32668026661169,31.954209907167936,32.218544006347656,16401500,0.0,0.0
2016-03-18 00:00:00-04:00,32.326675981840516,32.350704476279255,31.984245300292965,31.98424530029297,23209400,0.0,0.0
2016-03-21 00:00:00-04:00,31.954207834079018,32.19451112834278,31.852080423623256,32.10439682006836,10679000,0.0,0.0
2016-03-22 00:00:00-04:00,32.0923790445731,32.116409830556535,31.90013734010938,31.96622085571289,10852000,0.0,0.0
2016-03-23 00:00:00-04:00,31.918152942113288,31.978227599120785,31.731917838668018,31.785985946655273,9716100,0.0,0.0
2016-03-24 00:00:00-04:00,31.683871068481714,32.2125346754322,31.63580949055776,32.176490783691406,15096400,0.0,0.0
2016-03-28 00:00:00-04:00,32.17648507438524,32.27861247179919,31.960212595506572,32.08036422729492,8527100,0.0,0.0
2016-03-29 00:00:00-04:00,32.146443202532275,32.488876131308935,32.02028502923128,32.47085189819336,10770500,0.0,0.0
2016-03-30 00:00:00-04:00,32.542951825038216,32.66310348487417,32.26059805988136,32.4648551940918,14528300,0.0,0.0
2016-03-31 00:00:00-04:00,32.44682894588315,32.59701793845041,32.39276081689085,32.48888397216797,12428600,0.0,0.0
2016-04-01 00:00:00-04:00,32.03231369795982,32.49489615016964,31.900146628270573,32.446834564208984,13807100,0.0,0.0
2016-04-04 00:00:00-04:00,32.45883987833604,32.69313430786133,32.32066629917246,32.69313430786133,11402700,0.0,0.0
2016-04-05 00:00:00-04:00,32.669111910309255,32.73519543695863,32.410786647062956,32.49489212036133,12979100,0.0,0.0
2016-04-06 00:00:00-04:00,32.55255679599378,32.55255679599378,32.25508041389732,32.49184799194336,12993600,0.565,0.0
2016-04-07 00:00:00-04:00,31.884742537886268,31.994020209958762,31.42941967621482,31.56905174255371,23076300,0.0,0.0
2016-04-08 00:00:00-04:00,31.690492677555593,31.92119039576557,31.59942711839831,31.6783504486084,12197900,0.0,0.0
2016-04-11 00:00:00-04:00,31.787625214843242,31.81190967046226,31.26552099850014,31.33230209350586,14975900,0.0,0.0
2016-04-12 00:00:00-04:00,31.362652739591553,31.684413632285942,31.332298331658798,31.538711547851562,12335000,0.0,0.0
2016-04-13 00:00:00-04:00,31.611568246186636,31.623710474710865,30.864838561146,31.138032913208008,19752900,0.0,0.0
2016-04-14 00:00:00-04:00,31.131961632452008,31.295878248909432,31.107679490523527,31.180530548095703,10083300,0.0,0.0
2016-04-15 00:00:00-04:00,31.13196090779647,31.25945315044686,31.022683166035165,31.174457550048828,11862000,0.0,0.0
2016-04-18 00:00:00-04:00,31.174451790311277,31.508357226164193,31.071246339878837,31.405149459838867,14322900,0.0,0.0
2016-04-19 00:00:00-04:00,31.44763928086765,31.672264630589545,31.44156932693674,31.61762809753418,11393400,0.0,0.0
2016-04-20 00:00:00-04:00,31.660137303074563,31.702633945154396,31.362658492622423,31.41729736328125,15412500,0.0,0.0
2016-04-21 00:00:00-04:00,30.694848248877065,30.767699295241474,30.03311192834341,30.373085021972656,32172200,0.0,0.0
2016-04-22 00:00:00-04:00,30.44593842274909,30.73734492446841,30.385227287457766,30.68877601623535,17823300,0.0,0.0
2016-04-25 00:00:00-04:00,30.67663297258755,30.93161510223765,30.52485861223888,30.816265106201172,12439500,0.0,0.0
2016-04-26 00:00:00-04:00,30.949825263972365,30.96196748991476,30.524856619559678,30.621992111206055,10064300,0.0,0.0
2016-04-27 00:00:00-04:00,30.634133679467332,31.453716543787564,30.634133679467332,31.380863189697266,17012400,0.0,0.0
2016-04-28 00:00:00-04:00,31.144103851967653,31.30195051186868,30.91340613451643,30.974117279052734,13055600,0.0,0.0
2016-04-29 00:00:00-04:00,30.931615102734995,30.99232392051826,30.743414062178154,30.9255428314209,13684800,0.0,0.0
2016-05-02 00:00:00-04:00,31.09552593466365,31.23515804243642,30.986248230164527,31.156234741210938,11103800,0.0,0.0
2016-05-03 00:00:00-04:00,31.0287542181709,31.156244139914772,30.57343108403431,30.767702102661133,12900700,0.0,0.0
2016-05-04 00:00:00-04:00,30.64627838362633,30.955899373818415,30.476291842120364,30.86483383178711,9033800,0.0,0.0
2016-05-05 00:00:00-04:00,30.955899373818415,30.986253782531204,30.737343925657637,30.86483383178711,10788800,0.0,0.0
2016-05-06 00:00:00-04:00,30.90733254927128,31.046964691470937,30.725203768832298,31.034822463989258,9782300,0.0,0.0
2016-05-09 00:00:00-04:00,31.09553902188527,31.223028958826937,30.9680467690501,31.01054573059082,8719800,0.0,0.0
2016-05-10 00:00:00-04:00,31.192672757980652,31.295878229820506,31.125891656957986,31.28980827331543,7903500,0.0,0.0
2016-05-11 00:00:00-04:00,31.253380531190448,31.386942728725433,31.010542909000716,31.05303955078125,8508900,0.0,0.0
2016-05-12 00:00:00-04:00,31.095536255790556,31.326231649955893,31.016612928369103,31.247310638427734,9917100,0.0,0.0
2016-05-13 00:00:00-04:00,31.21087936996673,31.2594482769077,30.87090396905878,30.9255428314209,9561300,0.0,0.0
2016-05-16 00:00:00-04:00,30.822340169149214,31.162315600843876,30.74341684616965,31.101604461669922,7903400,0.0,0.0
2016-05-17 00:00:00-04:00,31.08338914334583,31.174452369084005,30.7616259279041,30.901260375976562,10466800,0.0,0.0
2016-05-18 00:00:00-04:00,30.91339752855568,30.98017861100779,30.391295726251236,30.591636657714844,10443100,0.0,0.0
2016-05-19 00:00:00-04:00,30.354876367455187,30.36701859590936,29.820629894937856,30.130250930786133,16022400,0.0,0.0
2016-05-20 00:00:00-04:00,30.233457489232247,30.233457489232247,30.033116502245882,30.14846420288086,15345800,0.0,0.0
2016-05-23 00:00:00-04:00,30.148458429634076,30.221309473142824,29.778128624967476,29.832767486572266,13263100,0.0,0.0
2016-05-24 00:00:00-04:00,29.966329487038085,30.124173799696113,29.86919399096555,30.099891662597656,11827300,0.0,0.0
2016-05-25 00:00:00-04:00,30.13024363319469,30.360938970269427,29.990611513630707,30.263803482055664,9490400,0.0,0.0
2016-05-26 00:00:00-04:00,30.263808150401616,30.524860249474592,30.22738378413576,30.452009201049805,11044000,0.0,0.0
2016-05-27 00:00:00-04:00,30.59163201584582,30.876968482702416,30.464142140996334,30.731264114379883,10649500,0.0,0.0
2016-05-31 00:00:00-04:00,30.88911814936622,31.05910469012515,30.71305933735566,30.901260375976562,15834500,0.0,0.0
2016-06-01 00:00:00-04:00,30.883048805623854,30.949829900364676,30.48843682489931,30.61592674255371,10670800,0.0,0.0
2016-06-02 00:00:00-04:00,30.64021691502652,30.822345733642578,30.427731363396475,30.822345733642578,8721100,0.0,0.0
2016-06-03 00:00:00-04:00,30.822335521485908,30.9619676466913,30.725200029347686,30.91339874267578,9500700,0.0,0.0
2016-06-06 00:00:00-04:00,30.998393219010776,31.016605399420573,30.749483384541733,30.785907745361328,10075600,0.0,0.0
2016-06-07 00:00:00-04:00,30.71913427329546,31.5630017903359,30.71913427329546,31.41729736328125,15210900,0.0,0.0
2016-06-08 00:00:00-04:00,31.271582377641252,31.386932352248117,31.107668136902323,31.27765464782715,10546200,0.0,0.0
2016-06-09 00:00:00-04:00,31.350510513239875,31.56906595578432,31.186593931331544,31.538711547851562,9790700,0.0,0.0
2016-06-10 00:00:00-04:00,31.48406747097588,32.072952614055694,31.399074216488586,31.975814819335938,15629000,0.0,0.0
2016-06-13 00:00:00-04:00,31.872605383098794,32.07294858570653,31.708688848935793,31.915102005004883,12394200,0.0,0.0
2016-06-14 00:00:00-04:00,31.79369146582447,32.23687230770767,31.76333705778453,32.17009353637695,10735900,0.0,0.0
2016-06-15 00:00:00-04:00,32.157956223626634,32.30365833083837,32.03046398494982,32.07903289794922,10289000,0.0,0.0
2016-06-16 00:00:00-04:00,32.07902930710919,32.46757130403912,31.915112717924444,32.45542907714844,11914500,0.0,0.0
2016-06-17 00:00:00-04:00,32.43720940361735,32.64969253540039,32.18222732958526,32.64969253540039,18836300,0.0,0.0
2016-06-20 00:00:00-04:00,32.783266222522165,32.89861391810206,32.43722081988923,32.6375617980957,14344300,0.0,0.0
2016-06-21 00:00:00-04:00,32.71648134323635,33.08074120425606,32.44328702644483,32.843971252441406,11893000,0.0,0.0
2016-06-22 00:00:00-04:00,32.922899310757856,33.026107096805035,32.77719719808262,32.80147933959961,12959200,0.0,0.0
2016-06-23 00:00:00-04:00,33.02610721651213,33.196093787213826,32.90468724491378,33.19002151489258,12329900,0.0,0.0
2016-06-24 00:00:00-04:00,33.06859979264677,33.52392289322821,32.862186561080804,33.044315338134766,43842700,0.0,0.0
2016-06-27 00:00:00-04:00,32.81968323405086,33.31143060027523,32.71040552691377,33.23250961303711,22570200,0.0,0.0
2016-06-28 00:00:00-04:00,33.24466309350103,33.38429757754054,32.98968321668494,33.281089782714844,17780600,0.0,0.0
2016-06-29 00:00:00-04:00,33.28108391480609,33.572490429457055,33.28108391480609,33.426788330078125,18184100,0.0,0.0
2016-06-30 00:00:00-04:00,33.55427659656855,33.94888855255708,33.26287009624235,33.90032196044922,22143300,0.0,0.0
2016-07-01 00:00:00-04:00,33.90639488888654,34.17351927452654,33.74855055583007,34.13709259033203,16092300,0.0,0.0
2016-07-05 00:00:00-04:00,34.19173157530618,34.57420365502694,34.19173157530618,34.31922149658203,20703200,0.0,0.0
2016-07-06 00:00:00-04:00,34.469465024288,34.54305389714871,34.00341385920547,34.500125885009766,15761500,0.565,0.0
2016-07-07 00:00:00-04:00,34.402001167264835,34.42653078544831,33.78877474831699,33.960479736328125,13574100,0.0,0.0
2016-07-08 00:00:00-04:00,33.96660734518938,34.35907183713541,33.733580675869085,34.279354095458984,15946200,0.0,0.0
2016-07-11 00:00:00-04:00,34.18737524480426,34.34068186025181,33.97887815422465,34.29775619506836,12434700,0.0,0.0
2016-07-12 00:00:00-04:00,34.18737342797615,34.31615041668287,33.95434672988314,34.01567077636719,14897600,0.0,0.0
2016-07-13 00:00:00-04:00,34.08312519778701,34.365208786675794,33.95434587305681,34.34067916870117,11405600,0.0,0.0
2016-07-14 00:00:00-04:00,34.10765458709364,34.40200300318422,34.10765458709364,34.2425651550293,11098500,0.0,0.0
2016-07-15 00:00:00-04:00,34.37134214845519,34.38974053271122,34.09538977734738,34.2425651550293,13949700,0.0,0.0
2016-07-18 00:00:00-04:00,34.260961765222554,34.34068186025181,34.193506480141906,34.29775619506836,9623300,0.0,0.0
2016-07-19 00:00:00-04:00,34.31614558352849,34.340675198667306,34.06472287653773,34.156707763671875,10270100,0.0,0.0
2016-07-20 00:00:00-04:00,34.0831311032792,34.13831924437471,33.91755966217207,34.10765838623047,12008700,0.0,0.0
2016-07-21 00:00:00-04:00,34.05246948670012,34.13832082919893,33.87463556549842,33.95435333251953,9802100,0.0,0.0
2016-07-22 00:00:00-04:00,33.99726355338058,34.46331682839115,33.96660270774707,34.40199279785156,10973200,0.0,0.0
2016-07-25 00:00:00-04:00,34.40200908273586,34.40200908273586,34.11992542654149,34.26096725463867,10848700,0.0,0.0
2016-07-26 00:00:00-04:00,34.24869657592635,34.49398809363485,33.53735398169966,33.61094284057617,18753900,0.0,0.0
2016-07-27 00:00:00-04:00,33.69679006081978,33.997269677133595,33.38404329691585,33.923683166503906,17074600,0.0,0.0
2016-07-28 00:00:00-04:00,33.85009479921172,33.856226033397476,33.50668720298725,33.641597747802734,10672300,0.0,0.0
2016-07-29 00:00:00-04:00,33.72132024536501,34.168975229750295,33.70905543684134,33.97887420654297,15508900,0.0,0.0
2016-08-01 00:00:00-04:00,34.0831230094981,34.23029602935042,33.34111731868118,33.42083740234375,17434600,0.0,0.0
2016-08-02 00:00:00-04:00,33.39017965690086,33.47603098301139,32.94252464270081,33.114227294921875,18428200,0.0,0.0
2016-08-03 00:00:00-04:00,33.21234004832449,33.23686966450768,32.88733082135261,33.05290222167969,10429400,0.0,0.0
2016-08-04 00:00:00-04:00,33.114229987835124,33.200081320927254,33.0099826088728,33.07130432128906,11309800,0.0,0.0
2016-08-05 00:00:00-04:00,33.0774305836283,33.1080937744996,32.70336445129251,32.893463134765625,13460100,0.0,0.0
2016-08-08 00:00:00-04:00,32.89347290293977,32.95479696362038,32.746299835853755,32.86281204223633,9830400,0.0,0.0
2016-08-09 00:00:00-04:00,32.86893296161545,32.97931389691995,32.703363897931695,32.90572738647461,7906200,0.0,0.0
2016-08-10 00:00:00-04:00,33.00384623134949,33.10196236644744,32.862804433350775,32.99771499633789,8875700,0.0,0.0
2016-08-11 00:00:00-04:00,32.997716677792226,33.108097627811205,32.9547910127041,33.028377532958984,7824800,0.0,0.0
2016-08-12 00:00:00-04:00,33.08969201735673,33.10195682459978,32.81987327582807,32.899593353271484,7655000,0.0,0.0
2016-08-15 00:00:00-04:00,32.90573333587104,33.02224552674778,32.82601323723253,32.87507247924805,8250900,0.0,0.0
2016-08-16 00:00:00-04:00,32.80762092811241,32.81375216442603,32.335436196658506,32.35383224487305,13933100,0.0,0.0
2016-08-17 00:00:00-04:00,32.43967842338413,32.605247497558594,32.12080040555243,32.605247497558594,12930100,0.0,0.0
2016-08-18 00:00:00-04:00,32.47033914327944,32.53779442321558,32.20665159767805,32.42127990722656,11204900,0.0,0.0
2016-08-19 00:00:00-04:00,32.43354559441774,32.44581040376304,31.985890580043506,32.163726806640625,11991000,0.0,0.0
2016-08-22 00:00:00-04:00,32.24345408233422,32.310907039853674,31.992028943641948,32.22505569458008,8183900,0.0,0.0
2016-08-23 00:00:00-04:00,32.292508748618815,32.39062489915631,32.169862975628554,32.274112701416016,7775100,0.0,0.0
2016-08-24 00:00:00-04:00,32.225052439012956,32.32930216150876,31.992025711616574,32.21278762817383,8900700,0.0,0.0
2016-08-25 00:00:00-04:00,32.212783832910745,32.37222401576086,32.09014041751614,32.347694396972656,8680100,0.0,0.0
2016-08-26 00:00:00-04:00,32.28023725491015,32.50713036744412,31.82645102984221,31.93069839477539,15105300,0.0,0.0
2016-08-29 00:00:00-04:00,32.10853040358052,32.31089387221728,31.98588467205409,32.19438171386719,11960400,0.0,0.0
2016-08-30 00:00:00-04:00,32.243438081129334,32.24956931448887,31.906161764541014,32.05333709716797,9161900,0.0,0.0
2016-08-31 00:00:00-04:00,32.02267839915121,32.16985140237451,31.936827090725508,32.09013366699219,10390500,0.0,0.0
2016-09-01 00:00:00-04:00,31.97362956481826,32.32316848518095,31.91230785008825,32.23118591308594,9988800,0.0,0.0
2016-09-02 00:00:00-04:00,32.37835851260833,32.58685561476558,32.20665584234004,32.42741775512695,13275300,0.0,0.0
2016-09-06 00:00:00-04:00,32.55619341125624,33.01611326411486,32.396755558212185,32.81374740600586,17235600,0.0,0.0
2016-09-07 00:00:00-04:00,32.80760913862557,32.98544533837258,32.67269859546953,32.93638610839844,10612300,0.0,0.0
2016-09-08 00:00:00-04:00,32.86893844604492,33.04064345143163,32.76469106712565,32.86893844604492,9005300,0.0,0.0
2016-09-09 00:00:00-04:00,32.58072080462214,32.648176086047926,31.746732487490867,31.777393341064453,18258500,0.0,0.0
2016-09-12 00:00:00-04:00,31.73447060099805,32.40288756326633,31.709940980170696,32.2373161315918,15678600,0.0,0.0
2016-09-13 00:00:00-04:00,31.918441587561958,31.961367259092096,31.366539093914334,31.550506591796875,17602400,0.0,0.0
2016-09-14 00:00:00-04:00,31.636349168364244,31.801920572360476,31.458512956004625,31.575027465820312,11941800,0.0,0.0
2016-09-15 00:00:00-04:00,31.575029624098498,31.949095778022212,31.348134162776127,31.87550926208496,13007400,0.0,0.0
2016-09-16 00:00:00-04:00,31.82032305402313,31.869382297403686,31.65475161652398,31.814191818237305,19932300,0.0,0.0
2016-09-19 00:00:00-04:00,31.820317373229994,31.86324303388784,31.28681106271601,31.397192001342773,14578500,0.0,0.0
2016-09-20 00:00:00-04:00,31.64247845231431,31.76512418911471,31.354263660997162,31.440114974975586,14006300,0.0,0.0
2016-09-21 00:00:00-04:00,31.501455869919088,31.89392059542002,31.427869318706236,31.808069229125977,14434700,0.0,0.0
2016-09-22 00:00:00-04:00,31.97975452228979,32.18825157117111,31.887769635708423,32.10239791870117,12751900,0.0,0.0
2016-09-23 00:00:00-04:00,32.071745711950356,32.39062377494805,31.979763139855343,32.23118591308594,13014800,0.0,0.0
2016-09-26 00:00:00-04:00,32.163722840559636,32.23117811400436,31.900035320333664,31.979755401611328,10559000,0.0,0.0
2016-09-27 00:00:00-04:00,32.07787056743279,32.292498849920044,31.88776956060634,32.18825149536133,8259000,0.0,0.0
2016-09-28 00:00:00-04:00,32.07786519829216,32.157582924574214,31.771252080760576,31.924558639526367,13279100,0.0,0.0
2016-09-29 00:00:00-04:00,31.789658279269545,32.13919715782692,31.74673261623781,31.961360931396484,10804700,0.0,0.0
2016-09-30 00:00:00-04:00,32.15146162094111,32.2373129460801,31.863244452883222,31.87550926208496,13077600,0.0,0.0
2016-10-03 00:00:00-04:00,31.789662196547024,31.973629680677146,31.642486805678843,31.814191818237305,9120300,0.0,0.0
2016-10-04 00:00:00-04:00,31.746735388304614,31.850982767834893,31.27455071445204,31.433988571166992,13753300,0.0,0.0
2016-10-05 00:00:00-04:00,31.43894850422477,31.51957776042316,31.029603430684908,31.178457260131836,17190900,0.578,0.0
2016-10-06 00:00:00-04:00,31.209464792963104,31.333509244620096,30.992388777026708,31.172250747680664,11724000,0.0,0.0
2016-10-07 00:00:00-04:00,31.29628200725778,31.34590071338564,30.96136283874512,30.961362838745117,13816800,0.0,0.0
2016-10-10 00:00:00-04:00,31.153652677203777,31.19706789121807,30.781521595380784,31.128843307495117,10687700,0.0,0.0
2016-10-11 00:00:00-04:00,31.073020529217647,31.141245106618506,30.79392342668904,30.948978424072266,11737900,0.0,0.0
2016-10-12 00:00:00-04:00,30.986186671015666,31.30870131370081,30.973781988687247,31.19706153869629,8880100,0.0,0.0
2016-10-13 00:00:00-04:00,31.15364860593992,31.265288389087697,30.89935851453696,31.19086265563965,11156900,0.0,0.0
2016-10-14 00:00:00-04:00,31.2218682796979,31.38932792813261,31.17845307817235,31.184654235839844,8853200,0.0,0.0
2016-10-17 00:00:00-04:00,31.141239848340607,31.37692406703365,31.0420047614095,31.27768898010254,10724600,0.0,0.0
2016-10-18 00:00:00-04:00,31.389332138376695,31.389332138376695,31.042008113634765,31.178457260131836,10873900,0.0,0.0
2016-10-19 00:00:00-04:00,31.290092599868743,31.401732364621573,31.228069193922156,31.24667739868164,10364900,0.0,0.0
2016-10-20 00:00:00-04:00,30.72569280574985,30.744298644671712,30.328752469076544,30.477603912353516,27098200,0.0,0.0
2016-10-21 00:00:00-04:00,30.2605239613005,30.34115083008799,29.73953924582794,29.894594192504883,24785000,0.0,0.0
2016-10-24 00:00:00-04:00,30.210908726724156,30.34735785263984,29.85118243924326,29.900798797607422,19414700,0.0,0.0
2016-10-25 00:00:00-04:00,29.900804505128935,29.95042323891541,29.640313250604297,29.671323776245117,16441200,0.0,0.0
2016-10-26 00:00:00-04:00,29.609305056205745,29.801571749887522,29.510069946771125,29.541080474853516,15049200,0.0,0.0
2016-10-27 00:00:00-04:00,29.609300901837923,30.210912633271615,29.54107633005802,30.10547637939453,22330700,0.0,0.0
2016-10-28 00:00:00-04:00,30.117877167559733,30.248122769960524,29.83257423464958,29.900798797607422,10660100,0.0,0.0
2016-10-31 00:00:00-04:00,29.919417178188016,29.95662886812957,29.801573850834956,29.832584381103516,12459400,0.0,0.0
2016-11-01 00:00:00-04:00,29.969024052620863,30.006238096716594,29.47904978547352,29.55967903137207,13229400,0.0,0.0
2016-11-02 00:00:00-04:00,29.615501939896333,29.615501939896333,29.06350657548503,29.113122940063477,16488200,0.0,0.0
2016-11-03 00:00:00-04:00,29.13793053048183,29.317794868769344,29.02008960157854,29.069705963134766,12605100,0.0,0.0
2016-11-04 00:00:00-04:00,29.131730416779607,29.323997077884833,29.082111687493594,29.199954986572266,14410200,0.0,0.0
2016-11-07 00:00:00-05:00,29.392219411190975,29.441838136701445,29.113119995072203,29.43563461303711,14705200,0.0,0.0
2016-11-08 00:00:00-05:00,29.49766026085106,29.67752223961293,29.44184037338669,29.55348014831543,9482400,0.0,0.0
2016-11-09 00:00:00-05:00,29.156531392037962,29.82016874640612,28.821614502352606,29.683719635009766,20871900,0.0,0.0
2016-11-10 00:00:00-05:00,29.683721559877885,29.696126240441107,28.753391811194465,28.95806312561035,24311700,0.0,0.0
2016-11-11 00:00:00-05:00,28.964266648867408,29.08831108854871,28.846423366492267,28.95806312561035,16425500,0.0,0.0
2016-11-14 00:00:00-05:00,28.97046414085306,29.05729452785899,28.53630983987281,28.641748428344727,21820200,0.0,0.0
2016-11-15 00:00:00-05:00,28.84642281630985,29.379812240600586,28.765795943113048,29.379812240600586,18672200,0.0,0.0
2016-11-16 00:00:00-05:00,29.454253967623064,29.75816049558608,29.34881531897634,29.727149963378906,17328400,0.0,0.0
2016-11-17 00:00:00-05:00,29.739548352225796,29.875995138235698,29.652717934050916,29.671323776245117,12436300,0.0,0.0
2016-11-18 00:00:00-05:00,29.677519531330475,29.89459790319364,29.503858726600757,29.813968658447266,12820600,0.0,0.0
2016-11-21 00:00:00-05:00,29.80777079210258,29.99383629856501,29.72093801419892,29.962825775146484,10773300,0.0,0.0
2016-11-22 00:00:00-05:00,30.06826340453954,30.769112622450496,30.000038830324574,30.694686889648438,22030000,0.0,0.0
2016-11-23 00:00:00-05:00,30.57684362310049,31.414141990541356,30.57064246450525,31.153648376464844,21456700,0.0,0.0
2016-11-25 00:00:00-05:00,31.14744899105091,31.507175358838335,31.11643609845502,31.426546096801758,8087100,0.0,0.0
2016-11-28 00:00:00-05:00,31.30249739219353,31.755257610431478,31.29009271096017,31.705638885498047,15982400,0.0,0.0
2016-11-29 00:00:00-05:00,31.649818551552155,31.724246637890854,31.488562429720293,31.606403350830078,11532800,0.0,0.0
2016-11-30 00:00:00-05:00,31.352119997697752,31.463759785089792,30.948978424072266,30.948978424072266,20698900,0.0,0.0
2016-12-01 00:00:00-05:00,30.886953215986168,31.004796521378644,30.58304676365595,30.930368423461914,12982800,0.0,0.0
2016-12-02 00:00:00-05:00,31.010995073825224,31.209465253021616,30.762906166854158,30.89315414428711,10650700,0.0,0.0
2016-12-05 00:00:00-05:00,30.84974252109357,31.06061740670922,30.84974252109357,30.85594367980957,13074700,0.0,0.0
2016-12-06 00:00:00-05:00,31.10403020138135,31.3955319574368,30.862142443105917,31.234275817871094,13581500,0.0,0.0
2016-12-07 00:00:00-05:00,31.457556329142324,31.897911921726998,31.283893135907203,31.866901397705078,16280600,0.0,0.0
2016-12-08 00:00:00-05:00,31.773858799694633,31.804869315264607,31.618803855894082,31.711837768554688,11502900,0.0,0.0
2016-12-09 00:00:00-05:00,31.687034539152872,32.0219538503759,31.58159592667845,31.935123443603516,10101500,0.0,0.0
2016-12-12 00:00:00-05:00,31.966130456358126,32.518125723921464,31.92891641499005,32.102577209472656,16186400,0.0,0.0
2016-12-13 00:00:00-05:00,32.30105536176704,32.48091734485704,32.288650679148546,32.47471618652344,12211500,0.0,0.0
2016-12-14 00:00:00-05:00,32.53673873718452,32.6607832031503,31.88550824830344,32.02195739746094,19920400,0.0,0.0
2016-12-15 00:00:00-05:00,31.860700019577287,32.33206853388822,31.786274283720843,32.13359832763672,13963600,0.0,0.0
2016-12-16 00:00:00-05:00,32.28864630581211,32.42509306423197,32.16460186237961,32.41889190673828,21262500,0.0,0.0
2016-12-19 00:00:00-05:00,32.54913552168818,32.952279346758324,32.30725017302642,32.81583023071289,13407000,0.0,0.0
2016-12-20 00:00:00-05:00,32.82823452802967,33.15695026817724,32.82823452802967,32.946075439453125,10366900,0.0,0.0
2016-12-21 00:00:00-05:00,32.927479783914166,33.138354677843125,32.85305404663086,32.85305404663086,9656700,0.0,0.0
2016-12-22 00:00:00-05:00,32.778621522747486,33.3306192338461,32.69799463737736,33.27479934692383,11101500,0.0,0.0
2016-12-23 00:00:00-05:00,33.27479778603737,33.336818828174465,33.14454981202771,33.29340362548828,7201200,0.0,0.0
2016-12-27 00:00:00-05:00,33.299614808969466,33.38644760643603,33.144559790992595,33.26860427856445,6255400,0.0,0.0
2016-12-28 00:00:00-05:00,33.26239361769681,33.386438069836245,33.101135120130195,33.14455032348633,6849500,0.0,0.0
2016-12-29 00:00:00-05:00,33.23758968092656,33.42985873143286,33.18797094558886,33.330623626708984,7150800,0.0,0.0
2016-12-30 00:00:00-05:00,33.212770369059676,33.268590246625855,32.97708617867458,33.10733413696289,12440800,0.0,0.0
2017-01-03 00:00:00-05:00,33.46706640673526,33.90742198330911,33.32441610865998,33.85160446166992,22891700,0.0,0.0
2017-01-04 00:00:00-05:00,33.83298266412694,33.994241103920736,33.69653594501329,33.81437683105469,18316100,0.0,0.0
2017-01-05 00:00:00-05:00,33.97563959680807,34.0066524793039,33.677934379264,33.88880920410156,13840600,0.0,0.0
2017-01-06 00:00:00-05:00,33.64308665420188,33.712040635799255,33.285781832512214,33.386077880859375,15615000,0.578,0.0
2017-01-09 00:00:00-05:00,33.361006785150295,33.39234885295507,33.01623686555834,33.02250671386719,14097200,0.0,0.0
2017-01-10 00:00:00-05:00,33.02877153974344,33.323392214380064,32.60878260387499,33.07265090942383,11787400,0.0,0.0
2017-01-11 00:00:00-05:00,32.984905306087605,33.06639662133872,32.74670360188784,32.88460922241211,16142800,0.0,0.0
2017-01-12 00:00:00-05:00,32.865793983596845,33.15414483339512,32.76549793187368,33.02250671386719,11052100,0.0,0.0
2017-01-13 00:00:00-05:00,33.047586883533604,33.16042025960763,32.85326220446234,32.94102096557617,9458700,0.0,0.0
2017-01-17 00:00:00-05:00,32.94102022085862,33.154149660708235,32.90967814849038,33.060123443603516,11383500,0.0,0.0
2017-01-18 00:00:00-05:00,32.92220640413237,33.12279848163501,32.72788178288148,32.75295639038086,12930900,0.0,0.0
2017-01-19 00:00:00-05:00,32.941019315774476,32.99743600098595,32.70908511712588,32.82191848754883,13286100,0.0,0.0
2017-01-20 00:00:00-05:00,32.972372112201995,33.34848426636537,32.947299881589146,33.0475959777832,15473700,0.0,0.0
2017-01-23 00:00:00-05:00,32.88460211129538,33.03504739989928,32.70908460062978,32.8532600402832,15695500,0.0,0.0
2017-01-24 00:00:00-05:00,31.50552148946307,31.837754053573594,31.210903227039346,31.417762756347656,43484700,0.0,0.0
2017-01-25 00:00:00-05:00,31.029121844740672,31.304935400289594,30.615400315793995,31.19837188720703,30398600,0.0,0.0
2017-01-26 00:00:00-05:00,30.558976593663203,31.01030993624527,30.408531349053835,30.790910720825195,37877100,0.0,0.0
2017-01-27 00:00:00-05:00,30.935093672991947,31.173297705442856,30.884946840039802,31.091806411743164,18369300,0.0,0.0
2017-01-30 00:00:00-05:00,31.022848026379336,31.242244856120152,30.82852341200454,30.94762420654297,12148700,0.0,0.0
2017-01-31 00:00:00-05:00,30.84733838045024,31.01032098612299,30.67182085856902,30.721967697143555,16844200,0.0,0.0
2017-02-01 00:00:00-05:00,30.9288256781342,30.94763044125865,30.24555805340229,30.333316802978516,26004100,0.0,0.0
2017-02-02 00:00:00-05:00,30.427344917180214,30.458686985638032,30.026160701928404,30.264362335205078,17787200,0.0,0.0
2017-02-03 00:00:00-05:00,30.370929892924973,30.477493409739466,30.295708446276706,30.452421188354492,15166400,0.0,0.0
2017-02-06 00:00:00-05:00,30.50883498748033,30.50883498748033,30.051234074948656,30.107650756835938,16151400,0.0,0.0
2017-02-07 00:00:00-05:00,30.170340714785535,30.189145480468657,29.963478727283547,30.113924026489258,12771900,0.0,0.0
2017-02-08 00:00:00-05:00,30.182876116052345,30.446152383975864,30.15153165356423,30.320781707763672,13962800,0.0,0.0
2017-02-09 00:00:00-05:00,30.3207854859215,30.690627711646382,30.3207854859215,30.596601486206055,13577300,0.0,0.0
2017-02-10 00:00:00-05:00,30.67808853188604,30.79092190852891,30.52137577446504,30.703163146972656,12317400,0.0,0.0
2017-02-13 00:00:00-05:00,30.25809911723221,30.47749601842144,30.13899828390761,30.433616638183594,18305300,0.0,0.0
2017-02-14 00:00:00-05:00,30.28316748985837,30.383463537049366,30.08257539547638,30.258092880249023,20847200,0.0,0.0
2017-02-15 00:00:00-05:00,30.08884880248025,30.15153294765334,29.96347812088721,30.13899803161621,19297100,0.0,0.0
2017-02-16 00:00:00-05:00,30.107645487431785,30.414803455336713,30.019886751243586,30.3771915435791,18706900,0.0,0.0
2017-02-17 00:00:00-05:00,30.28316792629175,30.9037489799652,30.170334572669955,30.834794998168945,23190700,0.0,0.0
2017-02-21 00:00:00-05:00,31.035389676493388,31.148223039498948,30.85987217459435,30.98524284362793,19206000,0.0,0.0
2017-02-22 00:00:00-05:00,31.02911955447529,31.154490212742655,31.01658224952391,31.135683059692383,13653400,0.0,0.0
2017-02-23 00:00:00-05:00,31.330010897824366,31.655973686096143,31.135686238110424,31.53687286376953,16212000,0.0,0.0
2017-02-24 00:00:00-05:00,31.518072011989567,31.938063485364815,31.518072011989567,31.718664169311523,14357900,0.0,0.0
2017-02-27 00:00:00-05:00,31.649711174487123,31.687320707811352,31.21718241128226,31.304941177368164,14029500,0.0,0.0
2017-02-28 00:00:00-05:00,31.317480116454036,31.361359501782058,30.97271249262792,31.110620498657227,17699200,0.0,0.0
2017-03-01 00:00:00-05:00,31.066738852115627,31.330015144921028,30.94763562239672,31.223451614379883,16095600,0.0,0.0
2017-03-02 00:00:00-05:00,31.14821832274354,31.35508025401096,31.091801649783903,31.330005645751953,10773400,0.0,0.0
2017-03-03 00:00:00-05:00,31.330021360638536,31.43031745273602,31.217187958122935,31.398975372314453,11071600,0.0,0.0
2017-03-06 00:00:00-05:00,31.361351013183594,31.436574845882596,31.242250198279933,31.361351013183594,10827300,0.0,0.0
2017-03-07 00:00:00-05:00,31.342553574160796,31.380165499298734,30.94136927101107,30.99151611328125,12896900,0.0,0.0
2017-03-08 00:00:00-05:00,30.903749192251965,30.922556345482402,30.653010264561683,30.815990447998047,14206500,0.0,0.0
2017-03-09 00:00:00-05:00,30.859876111979155,30.997784104636313,30.765849891642212,30.891218185424805,10590000,0.0,0.0
2017-03-10 00:00:00-05:00,31.029123436650433,31.041660743170404,30.778382088744472,30.935094833374023,11181600,0.0,0.0
2017-03-13 00:00:00-04:00,30.922565707326417,31.047934013503745,30.79719500990193,31.010324478149414,10488800,0.0,0.0
2017-03-14 00:00:00-04:00,30.991509212084917,31.11061241954292,30.872408395873446,30.941362380981445,8496600,0.0,0.0
2017-03-15 00:00:00-04:00,30.878687232150316,31.49927093556707,30.878687232150316,31.430316925048828,12660800,0.0,0.0
2017-03-16 00:00:00-04:00,31.355077443088188,31.499252840783043,31.248511563163966,31.36761474609375,10861200,0.0,0.0
2017-03-17 00:00:00-04:00,31.461652098066242,31.61209739628261,31.35508857156677,31.58702278137207,21071300,0.0,0.0
2017-03-20 00:00:00-04:00,31.605825285000375,31.72492850167816,31.4303077756816,31.49299430847168,9456000,0.0,0.0
2017-03-21 00:00:00-04:00,31.643436508893295,31.737465110387532,31.417769778304457,31.44284439086914,15196500,0.0,0.0
2017-03-22 00:00:00-04:00,31.424045298515193,31.51807152573272,30.972711755880344,31.1607666015625,14950400,0.0,0.0
2017-03-23 00:00:00-04:00,31.18582675687406,31.267318029003714,30.97896484867863,31.116872787475586,9644900,0.0,0.0
2017-03-24 00:00:00-04:00,31.15448027885902,31.235971539435553,31.029109660567194,31.141942977905273,9310700,0.0,0.0
2017-03-27 00:00:00-04:00,31.14195736856657,31.1921042043087,30.665549277159148,30.803457260131836,13270900,0.0,0.0
2017-03-28 00:00:00-04:00,30.72195454315004,30.9350838961433,30.508825190156777,30.90374183654785,12856300,0.0,0.0
2017-03-29 00:00:00-04:00,30.891219752327938,30.94763644389051,30.734506985903796,30.79719352722168,11160800,0.0,0.0
2017-03-30 00:00:00-04:00,30.715697331072715,30.866142615046908,30.653013190977354,30.75330924987793,11623000,0.0,0.0
2017-03-31 00:00:00-04:00,30.778375876121203,30.778375876121203,30.55897903442383,30.558979034423828,19299100,0.0,0.0
2017-04-03 00:00:00-04:00,30.5464402875448,30.872403002131048,30.458681555011218,30.828523635864258,14307400,0.0,0.0
2017-04-04 00:00:00-04:00,30.778384111456784,30.916292100992855,30.640478513167583,30.910024642944336,8952800,0.0,0.0
2017-04-05 00:00:00-04:00,30.9852363570107,31.060457786184937,30.72195776803169,30.728227615356445,14327600,0.0,0.0
2017-04-06 00:00:00-04:00,30.777703297564628,30.828448458088396,30.555686263411935,30.720613479614258,18456100,0.578,0.0
2017-04-07 00:00:00-04:00,30.75234025218376,31.031444782027247,30.612786777372687,30.866519927978516,17269600,0.0,0.0
2017-04-10 00:00:00-04:00,30.904586879683816,31.006079676506292,30.733317331337293,30.790407180786133,10859400,0.0,0.0
2017-04-11 00:00:00-04:00,30.771378552265443,30.923618971906986,30.6381696974412,30.891902923583984,13096200,0.0,0.0
2017-04-12 00:00:00-04:00,30.784050384022716,31.044125724588362,30.66352849148973,31.03143882751465,10455800,0.0,0.0
2017-04-13 00:00:00-04:00,30.955316574120317,31.031435528692516,30.80942090294946,30.841136932373047,9487000,0.0,0.0
2017-04-17 00:00:00-04:00,30.879210090943438,31.145627749435008,30.879210090943438,30.961673736572266,10507100,0.0,0.0
2017-04-18 00:00:00-04:00,30.84114859570088,31.393017879441405,30.790403413388205,31.22174835205078,19691300,0.0,0.0
2017-04-19 00:00:00-04:00,31.361293612994178,31.431070343064317,31.012412382421886,31.04412841796875,18837300,0.0,0.0
2017-04-20 00:00:00-04:00,30.397110476753,30.841142224205594,30.26390167845073,30.70793342590332,30398200,0.0,0.0
2017-04-21 00:00:00-04:00,30.397107076767103,30.555689653135325,29.895987974474867,29.97210693359375,31278300,0.0,0.0
2017-04-24 00:00:00-04:00,29.895996776898563,30.041892499740744,29.788159334932466,29.84524917602539,23161900,0.0,0.0
2017-04-25 00:00:00-04:00,29.788152900777053,29.984796182018023,29.547109108030632,29.623228073120117,30033500,0.0,0.0
2017-04-26 00:00:00-04:00,29.654941597517222,30.149718458398155,29.572477980777713,30.04188346862793,29343800,0.0,0.0
2017-04-27 00:00:00-04:00,30.04188991378899,30.060919052589036,29.59785812348536,29.60420036315918,16838500,0.0,0.0
2017-04-28 00:00:00-04:00,29.585171297062907,29.585171297062907,29.10942346766388,29.12211036682129,25922800,0.0,0.0
2017-05-01 00:00:00-04:00,29.21726233510433,29.27435217422632,29.103082656860348,29.10308265686035,14455200,0.0,0.0
2017-05-02 00:00:00-04:00,29.179200203140315,29.242632279148747,29.026959833030045,29.12211036682129,13397800,0.0,0.0
2017-05-03 00:00:00-04:00,29.191879876379115,29.337775550907566,29.071357993884654,29.274343490600586,19568100,0.0,0.0
2017-05-04 00:00:00-04:00,29.293381314007412,29.293381314007412,29.026961258178556,29.10308265686035,20767700,0.0,0.0
2017-05-05 00:00:00-04:00,29.229940971957976,29.64225420925787,29.17919338718247,29.616880416870117,17133000,0.0,0.0
2017-05-08 00:00:00-04:00,29.635918647490254,29.648605546542264,29.363156367318517,29.578828811645508,15561700,0.0,0.0
2017-05-09 00:00:00-04:00,29.50904643687156,29.55344936517785,29.28068713713743,29.44561195373535,14349000,0.0,0.0
2017-05-10 00:00:00-04:00,29.432929206943285,29.578824897065097,29.375839378654035,29.420242309570312,12669600,0.0,0.0
2017-05-11 00:00:00-04:00,29.375839469970774,29.41389774242975,29.166509292333384,29.191883087158203,12435800,0.0,0.0
2017-05-12 00:00:00-04:00,29.255309443451534,29.280683233323085,29.05866862139148,29.07769775390625,14470900,0.0,0.0
2017-05-15 00:00:00-04:00,29.122119373925898,29.141148518658184,28.703461251360213,28.785924911499023,20379700,0.0,0.0
2017-05-16 00:00:00-04:00,28.76053761969636,28.95718089558274,28.703447792489232,28.74150848388672,14813500,0.0,0.0
2017-05-17 00:00:00-04:00,28.741518567482387,28.741518567482387,28.20233613918795,28.215023040771484,21333500,0.0,0.0
2017-05-18 00:00:00-04:00,28.22770292977891,28.72882452882968,28.208673792020523,28.570241928100586,15648700,0.0,0.0
2017-05-19 00:00:00-04:00,28.646365872278047,28.82397764160114,28.392632699148876,28.811290740966797,12787800,0.0,0.0
2017-05-22 00:00:00-04:00,28.79225061765347,28.900088022023464,28.722473900668994,28.849340438842773,9290100,0.0,0.0
2017-05-23 00:00:00-04:00,28.849340438842773,28.912774917818638,28.798595275440032,28.849340438842773,8066300,0.0,0.0
2017-05-24 00:00:00-04:00,28.83031729650516,28.855691093368645,28.44971760288826,28.570241928100586,15846000,0.0,0.0
2017-05-25 00:00:00-04:00,28.576581240942478,28.785911413961355,28.551207446677488,28.74150848388672,11206400,0.0,0.0
2017-05-26 00:00:00-04:00,28.703449392889077,28.823971292700342,28.697107153858312,28.747852325439453,5999900,0.0,0.0
2017-05-30 00:00:00-04:00,28.709792488343627,29.388528234242802,28.709792488343627,29.30606460571289,16442300,0.0,0.0
2017-05-31 00:00:00-04:00,29.45196193684661,29.78181404945776,29.34412450590713,29.58517074584961,22811100,0.0,0.0
2017-06-01 00:00:00-04:00,29.629569263524836,29.629569263524836,29.242627373362986,29.502702713012695,14219400,0.0,0.0
2017-06-02 00:00:00-04:00,29.57882011782378,29.934043507758275,29.382176869983,29.458295822143555,18552800,0.0,0.0
2017-06-05 00:00:00-04:00,29.287039507029963,29.445622140062905,29.191891379077568,29.41390609741211,8538200,0.0,0.0
2017-06-06 00:00:00-04:00,29.41389289840174,29.692999755953544,29.331431708468585,29.458295822143555,11610500,0.0,0.0
2017-06-07 00:00:00-04:00,29.509047675968567,29.623227330630083,29.40755491846702,29.496360778808594,8648100,0.0,0.0
2017-06-08 00:00:00-04:00,29.49636982281189,29.534430525961746,29.179204555899933,29.299726486206055,11717800,0.0,0.0
2017-06-09 00:00:00-04:00,29.287035885568116,29.67397784948617,29.185543109768187,29.63591957092285,11698800,0.0,0.0
2017-06-12 00:00:00-04:00,29.635914086361815,30.130690974348404,29.635914086361815,29.93404769897461,18929100,0.0,0.0
2017-06-13 00:00:00-04:00,30.003826849672695,30.010171508624627,29.43293095269691,29.470989227294922,15194600,0.0,0.0
2017-06-14 00:00:00-04:00,29.57882214806651,29.67397023985355,29.439268709711886,29.616880416870117,9817600,0.0,0.0
2017-06-15 00:00:00-04:00,29.547112468865066,29.705695075710125,29.496364873180944,29.58517074584961,10984100,0.0,0.0
2017-06-16 00:00:00-04:00,29.72472452107574,29.81353039466122,29.38853016542253,29.578828811645508,22573900,0.0,0.0
2017-06-19 00:00:00-04:00,29.5788226368424,29.5788226368424,29.363150237538655,29.540761947631836,9773500,0.0,0.0
2017-06-20 00:00:00-04:00,29.432924197749145,29.43926643546712,29.014266334805495,29.141130447387695,16756100,0.0,0.0
2017-06-21 00:00:00-04:00,29.14748207810432,29.191885012086583,28.601957552289768,28.804943084716797,15027200,0.0,0.0
2017-06-22 00:00:00-04:00,28.843009202442097,28.919128186469298,28.659052772912393,28.811290740966797,10511300,0.0,0.0
2017-06-23 00:00:00-04:00,28.817627288388113,28.836656424093082,28.735163667369594,28.792253494262695,10069700,0.0,0.0
2017-06-26 00:00:00-04:00,28.830317890531887,29.16651223667549,28.830317890531887,29.02061653137207,10105500,0.0,0.0
2017-06-27 00:00:00-04:00,28.525840174468843,28.64001984530319,28.424347402591486,28.443376541137695,20187200,0.0,0.0
2017-06-28 00:00:00-04:00,28.53218241405806,28.69076502135259,28.34188376926034,28.443376541137695,18703600,0.0,0.0
2017-06-29 00:00:00-04:00,28.417995026194685,28.48142950375372,28.15791971764737,28.17060661315918,17913000,0.0,0.0
2017-06-30 00:00:00-04:00,28.303825037604522,28.38628867666136,28.138900179269573,28.329198837280273,13368900,0.0,0.0
2017-07-03 00:00:00-04:00,28.29748188715441,28.595617974305707,28.234047390005923,28.544870376586914,9732000,0.0,0.0
2017-07-05 00:00:00-04:00,28.576585718801628,28.582930378251167,28.189643764851663,28.32285499572754,14853400,0.0,0.0
2017-07-06 00:00:00-04:00,28.257309631295083,28.334426913068004,27.96811676025391,27.968116760253906,16854300,0.578,0.0
2017-07-07 00:00:00-04:00,27.97453960151763,28.019524882699987,27.7688919013943,27.942407608032227,12198500,0.0,0.0
2017-07-10 00:00:00-04:00,27.942397956497192,27.96167665562662,27.749603610663577,27.7624568939209,12272500,0.0,0.0
2017-07-11 00:00:00-04:00,27.7688857988507,27.77531366704356,27.5053995877523,27.5632381439209,13249500,0.0,0.0
2017-07-12 00:00:00-04:00,27.65964101476208,27.878141989796973,27.63393444087237,27.775318145751953,11388900,0.0,0.0
2017-07-13 00:00:00-04:00,27.730330601048784,27.980963547206905,27.65963875438601,27.94883155822754,12140500,0.0,0.0
2017-07-14 00:00:00-04:00,28.03879973945759,28.16090226787028,27.897416058075123,27.99381446838379,11986800,0.0,0.0
2017-07-17 00:00:00-04:00,28.038805782303776,28.186614912189313,27.99382050153487,28.05808448791504,10804200,0.0,0.0
2017-07-18 00:00:00-04:00,28.05808025498194,28.141625385883422,27.801019445214422,27.865285873413086,15417100,0.0,0.0
2017-07-19 00:00:00-04:00,27.858859788390056,27.980964784028025,27.76246381719104,27.923126220703125,13940800,0.0,0.0
2017-07-20 00:00:00-04:00,27.955265839188517,28.649328788474588,27.942412549218655,28.4179744720459,19309100,0.0,0.0
2017-07-21 00:00:00-04:00,28.424388885498047,28.47580202547059,28.160902671922397,28.424388885498047,11426600,0.0,0.0
2017-07-24 00:00:00-04:00,28.372981172106606,28.411538579615527,28.070935071880307,28.090213775634766,11895200,0.0,0.0
2017-07-25 00:00:00-04:00,28.212320306158723,28.385833552423346,28.154481740232573,28.263731002807617,9818800,0.0,0.0
2017-07-26 00:00:00-04:00,28.790700171615974,28.80998132569558,28.45652210189422,28.533641815185547,19045200,0.0,0.0
2017-07-27 00:00:00-04:00,29.728977113090657,30.744364920664392,29.529757254488594,30.725086212158203,44702500,0.0,0.0
2017-07-28 00:00:00-04:00,30.654399208774695,31.091401315347877,30.28166110842681,30.80863380432129,25296500,0.0,0.0
2017-07-31 00:00:00-04:00,30.750784961289675,31.213493496623947,30.513005275749062,31.104244232177734,28456800,0.0,0.0
2017-08-01 00:00:00-04:00,31.284187827107484,31.894705536996106,31.18778939077778,31.419143676757812,33498200,0.0,0.0
2017-08-02 00:00:00-04:00,31.425569422732544,31.444848128089887,30.782919761339354,30.982139587402344,19233400,0.0,0.0
2017-08-03 00:00:00-04:00,30.90501492444904,31.239192962646488,30.808616517685298,31.239192962646484,15190100,0.0,0.0
2017-08-04 00:00:00-04:00,31.200637330825796,31.431991577148438,30.937151095072487,31.431991577148438,13841700,0.0,0.0
2017-08-07 00:00:00-04:00,31.35487701005242,31.464126273819456,31.284185156314287,31.39986228942871,10448700,0.0,0.0
2017-08-08 00:00:00-04:00,31.32916551807123,31.457695918191654,31.123517858483943,31.23276710510254,10901200,0.0,0.0
2017-08-09 00:00:00-04:00,31.181356002114093,31.258473260557434,30.898591086812885,30.988561630249023,18887100,0.0,0.0
2017-08-10 00:00:00-04:00,30.962856869716223,30.982135572575334,30.757209200840414,30.86003303527832,13005200,0.0,0.0
2017-08-11 00:00:00-04:00,30.975714656616443,30.99499336227699,30.654389820866303,30.885744094848633,10420500,0.0,0.0
2017-08-14 00:00:00-04:00,30.95643867172061,31.361308718836387,30.943587833475725,31.34845542907715,11064600,0.0,0.0
2017-08-15 00:00:00-04:00,31.20705468275976,31.22633337961846,30.969272647775973,31.155641555786133,11164800,0.0,0.0
2017-08-16 00:00:00-04:00,31.084959703291528,31.187783538709468,30.98856373656361,31.110666275024414,9447000,0.0,0.0
2017-08-17 00:00:00-04:00,31.084951142368872,31.136364271675266,30.776479721069332,30.776479721069336,10638000,0.0,0.0
2017-08-18 00:00:00-04:00,30.750776852907364,30.815043272265697,30.532275930115503,30.647953033447266,16919100,0.0,0.0
2017-08-21 00:00:00-04:00,30.737925465523798,31.16849943564033,30.647952480046747,30.937145233154297,10556800,0.0,0.0
2017-08-22 00:00:00-04:00,30.930724170805462,31.129943966477533,30.705795352722326,31.072105407714844,11005500,0.0,0.0
2017-08-23 00:00:00-04:00,31.014273024247856,31.277759299626887,30.969287741976853,31.02712631225586,8909200,0.0,0.0
2017-08-24 00:00:00-04:00,31.072113733204784,31.20707204082093,30.96286445488821,31.046409606933594,8898200,0.0,0.0
2017-08-25 00:00:00-04:00,31.155653088697818,31.47697789668956,31.12352109820139,31.284183502197266,9846700,0.0,0.0
2017-08-28 00:00:00-04:00,31.264899531318594,31.329163501485546,31.046398600632315,31.239192962646484,6329400,0.0,0.0
2017-08-29 00:00:00-04:00,31.07853270334249,31.335591053039032,31.059254001281456,31.174928665161133,6044100,0.0,0.0
2017-08-30 00:00:00-04:00,31.059259440061133,31.084963563472392,30.847183874199334,30.924301147460938,10758400,0.0,0.0
2017-08-31 00:00:00-04:00,31.014274116148158,31.10424713537181,30.802200985334817,30.82790756225586,14237700,0.0,0.0
2017-09-01 00:00:00-04:00,30.86002943697323,30.892161421829666,30.699367061177774,30.79576301574707,11455200,0.0,0.0
2017-09-05 00:00:00-04:00,30.705796122356816,30.79576667123975,30.39732461839521,30.435884475708008,10005100,0.0,0.0
2017-09-06 00:00:00-04:00,30.50658272057959,30.564421292923882,29.96032899254703,30.146697998046875,14081900,0.0,0.0
2017-09-07 00:00:00-04:00,30.204535600661643,30.339491447960807,29.6068711894636,29.69041633605957,16591100,0.0,0.0
2017-09-08 00:00:00-04:00,29.677559358261036,29.812515188781443,29.37551325532264,29.6325740814209,14152000,0.0,0.0
2017-09-11 00:00:00-04:00,29.709693446180143,29.78038530092377,29.639001591436518,29.75467872619629,11073700,0.0,0.0
2017-09-12 00:00:00-04:00,29.88321107659576,30.172403932155948,29.80609379895106,30.069580078125,11173200,0.0,0.0
2017-09-13 00:00:00-04:00,30.063150105401675,30.37162164591743,29.998886120445267,30.365196228027344,12772700,0.0,0.0
2017-09-14 00:00:00-04:00,30.35876554366959,30.58369190351195,30.210953991186376,30.320205688476562,11808500,0.0,0.0
2017-09-15 00:00:00-04:00,30.474442389188013,30.78291634980215,30.243090595997863,30.75720977783203,24626500,0.0,0.0
2017-09-18 00:00:00-04:00,30.789342634520768,31.00784359939571,30.532281810604232,30.905019760131836,18810200,0.0,0.0
2017-09-19 00:00:00-04:00,30.90501074890555,31.843278315049268,30.853597618507706,31.708322525024414,30818000,0.0,0.0
2017-09-20 00:00:00-04:00,31.682624573445814,31.90112553401497,31.541243329440114,31.798301696777344,18755900,0.0,0.0
2017-09-21 00:00:00-04:00,31.727604813459486,31.77259008189163,31.38700136632659,31.451265335083008,14315800,0.0,0.0
2017-09-22 00:00:00-04:00,31.61192759975771,32.183887706380936,31.50267836294491,32.06821060180664,20646400,0.0,0.0
2017-09-25 00:00:00-04:00,32.04892945003542,32.33812221147115,31.971812197490312,32.06821060180664,13698600,0.0,0.0
2017-09-26 00:00:00-04:00,32.10676051935235,32.18388020543679,31.746878457009004,31.817567825317383,12007500,0.0,0.0
2017-09-27 00:00:00-04:00,31.611920232117562,31.95895146495952,31.566934974324646,31.817567825317383,14270800,0.0,0.0
2017-09-28 00:00:00-04:00,31.644069523954983,31.856142631518424,31.579803088698004,31.753318786621094,8231800,0.0,0.0
2017-09-29 00:00:00-04:00,31.682626369959465,32.02323234197747,31.496257388300496,31.804731369018555,13021700,0.0,0.0
2017-10-02 00:00:00-04:00,31.740468205365005,31.939690494374087,31.650497639849306,31.721189498901367,9525800,0.0,0.0
2017-10-03 00:00:00-04:00,31.7790172709919,32.145327278409624,31.76616398721246,32.036075592041016,10218600,0.0,0.0
2017-10-04 00:00:00-04:00,31.90112036119344,32.183887706380936,31.734032572093493,32.06821060180664,9887500,0.0,0.0
2017-10-05 00:00:00-04:00,32.10676935028969,32.15175462045576,31.926828269625386,31.98466682434082,12230600,0.0,0.0
2017-10-06 00:00:00-04:00,31.89361613350144,31.997673507471937,31.646478939975193,31.744033813476562,13239600,0.59,0.0
2017-10-09 00:00:00-04:00,31.79606810716118,31.926140472865757,31.6399832530549,31.90012550354004,10702900,0.0,0.0
2017-10-10 00:00:00-04:00,32.049700479750726,32.186277796816384,31.906623143235613,31.958650588989258,10843900,0.0,0.0
2017-10-11 00:00:00-04:00,31.958659662938043,32.07572455027603,31.5489325572551,31.776559829711914,10335100,0.0,0.0
2017-10-12 00:00:00-04:00,31.503404340079925,31.770051560116652,31.301794540127705,31.44487190246582,17087900,0.0,0.0
2017-10-13 00:00:00-04:00,31.438366141513292,31.529416039268003,31.106684016703458,31.12619400024414,20105100,0.0,0.0
2017-10-16 00:00:00-04:00,31.15221234674574,31.444872055314942,31.022139986868364,31.275779724121094,10394700,0.0,0.0
2017-10-17 00:00:00-04:00,31.275781808709944,31.535926545803825,31.1327019552159,31.477394104003906,14842800,0.0,0.0
2017-10-18 00:00:00-04:00,31.431873121933577,31.77005784962776,31.061165956372825,31.63998794555664,20410400,0.0,0.0
2017-10-19 00:00:00-04:00,32.550486705238164,33.285393504544444,31.90012732059435,32.00418472290039,29173900,0.0,0.0
2017-10-20 00:00:00-04:00,32.16026426945259,32.25131416427949,31.822077173721556,32.2122917175293,16259600,0.0,0.0
2017-10-23 00:00:00-04:00,32.17327522277146,32.316352581111204,31.809073123247725,31.861103057861328,15660000,0.0,0.0
2017-10-24 00:00:00-04:00,31.971656853618036,32.04969925973945,31.685499710557274,31.828577041625977,11527900,0.0,0.0
2017-10-25 00:00:00-04:00,31.65949504282895,31.7310349720874,31.314805362864618,31.633480072021484,19256800,0.0,0.0
2017-10-26 00:00:00-04:00,31.776560111122564,32.14726476400106,31.70502018145756,31.796070098876953,14420100,0.0,0.0
2017-10-27 00:00:00-04:00,31.685503858962356,32.121243371189486,31.561934012091506,31.783056259155273,12423400,0.0,0.0
2017-10-30 00:00:00-04:00,31.78956238811301,31.94564722642313,30.84003595121071,31.106685638427734,24587400,0.0,0.0
2017-10-31 00:00:00-04:00,31.178221100099854,31.33430840944458,31.028638772478118,31.1326961517334,15910000,0.0,0.0
2017-11-01 00:00:00-04:00,31.314800410123745,31.327805412546443,30.931088334636016,31.106685638427734,11046600,0.0,0.0
2017-11-02 00:00:00-04:00,31.139199058437942,31.17821902248124,30.6839471241863,30.866046905517578,13126900,0.0,0.0
2017-11-03 00:00:00-04:00,30.996121796675713,31.048151727587744,30.72297210215853,30.84003448486328,8038200,0.0,0.0
2017-11-06 00:00:00-05:00,30.11813699161452,30.14414947544836,29.162108124629604,29.610855102539062,36443300,0.0,0.0
2017-11-07 00:00:00-05:00,29.402743499164018,29.649880729012757,29.05805386239983,29.636873245239258,25789600,0.0,0.0
2017-11-08 00:00:00-05:00,29.532807323747893,29.60434722337184,29.357210064922693,29.565324783325195,17414800,0.0,0.0
2017-11-09 00:00:00-05:00,29.454778780126986,29.54582870214264,29.142606555677194,29.31169891357422,21078700,0.0,0.0
2017-11-10 00:00:00-05:00,29.337700280747335,29.337700280747335,29.103570600754455,29.18811798095703,17075000,0.0,0.0
2017-11-13 00:00:00-05:00,29.214134628064382,29.31819448372747,29.071057288374654,29.103574752807617,16673900,0.0,0.0
2017-11-14 00:00:00-05:00,29.064565058253653,29.168622478645712,28.713372815008334,28.75889778137207,20829900,0.0,0.0
2017-11-15 00:00:00-05:00,28.830429160348704,28.862946629390084,28.596299413772602,28.687349319458008,15726500,0.0,0.0
2017-11-16 00:00:00-05:00,28.75237704349982,29.188118958281947,28.68734212173448,29.116579055786133,13818000,0.0,0.0
2017-11-17 00:00:00-05:00,29.02553987383532,29.766949171358917,29.019034890706642,29.539321899414062,18933200,0.0,0.0
2017-11-20 00:00:00-05:00,29.786461300324486,30.14415848946888,29.59135396814794,30.046606063842773,18227400,0.0,0.0
2017-11-21 00:00:00-05:00,30.137655353201804,30.209195285711537,29.923035555672598,30.033597946166992,13598000,0.0,0.0
2017-11-22 00:00:00-05:00,30.07911923334787,30.840038464191217,30.07261673160667,30.63192367553711,15825100,0.0,0.0
2017-11-24 00:00:00-05:00,30.605916640010534,30.683959079427886,30.469339269874652,30.573396682739258,5097200,0.0,0.0
2017-11-27 00:00:00-05:00,30.807519474372594,31.152211591833293,30.794511990607674,30.996124267578125,17548300,0.0,0.0
2017-11-28 00:00:00-05:00,31.022145536726775,31.763554895464786,30.911583142728038,31.750547409057617,20982500,0.0,0.0
2017-11-29 00:00:00-05:00,31.76354122373626,32.83663482166299,31.76354122373626,32.45292282104492,31034500,0.0,0.0
2017-11-30 00:00:00-05:00,32.51796708191323,33.226858863535895,32.5114645801034,33.09678649902344,33268500,0.0,0.0
2017-12-01 00:00:00-05:00,33.10328878504054,33.52602083411369,32.73258418897962,33.33091354370117,23909000,0.0,0.0
2017-12-04 00:00:00-05:00,33.50651667376629,34.033308682283426,33.4935091880212,33.63658905029297,19371000,0.0,0.0
2017-12-05 00:00:00-05:00,33.33091846331522,33.74714807254339,33.025248758633964,33.11629867553711,17574100,0.0,0.0
2017-12-06 00:00:00-05:00,32.77810908619662,33.06426627959746,32.67405169942142,32.960208892822266,17296600,0.0,0.0
2017-12-07 00:00:00-05:00,32.90168483363811,32.99923974397902,32.64804504386104,32.79112243652344,11986700,0.0,0.0
2017-12-08 00:00:00-05:00,32.86916289193673,33.28539248845483,32.7520980078005,33.22686004638672,13639900,0.0,0.0
2017-12-11 00:00:00-05:00,33.35692919236887,33.773158748668195,33.1488144142192,33.71462631225586,13542500,0.0,0.0
2017-12-12 00:00:00-05:00,34.56659691967267,34.690164290438275,34.03330250553343,34.59260940551758,22901200,0.0,0.0
2017-12-13 00:00:00-05:00,34.462544139481246,34.59261402886113,34.00078710085586,34.39750671386719,17705500,0.0,0.0
2017-12-14 00:00:00-05:00,34.20889102757409,34.2999433944925,33.87720894560296,34.039798736572266,18775400,0.0,0.0
2017-12-15 00:00:00-05:00,34.189382492664414,34.39749723543391,34.07231763974114,34.254417419433594,28935600,0.0,0.0
2017-12-18 00:00:00-05:00,34.43002526888497,34.722687491040865,34.247925433287605,34.63163757324219,15874300,0.0,0.0
2017-12-19 00:00:00-05:00,34.64464340077024,34.852758197471445,34.27393876408847,34.35848617553711,14239500,0.0,0.0
2017-12-20 00:00:00-05:00,34.54058793116503,34.69667279694467,34.26093319230861,34.31946563720703,11643500,0.0,0.0
2017-12-21 00:00:00-05:00,34.34547790625266,34.85925990335531,34.215405541053954,34.475547790527344,12778100,0.0,0.0
2017-12-22 00:00:00-05:00,34.54058195290398,34.87876907812561,34.508064484905006,34.59260940551758,13657800,0.0,0.0
2017-12-26 00:00:00-05:00,34.553589147752355,34.917788755777686,34.553589147752355,34.61212158203125,6595800,0.0,0.0
2017-12-27 00:00:00-05:00,34.73568569857608,34.794218127373085,34.52757094750306,34.65113830566406,8361900,0.0,0.0
2017-12-28 00:00:00-05:00,34.7356955171954,34.82674543641118,34.573105666903174,34.74870300292969,6726300,0.0,0.0
2017-12-29 00:00:00-05:00,34.709668650440165,34.7682010757228,34.42351150512695,34.42351150512695,9994700,0.0,0.0
2018-01-02 00:00:00-05:00,34.573099903556546,34.83974711434867,34.33897016121736,34.8137321472168,16045300,0.0,0.0
2018-01-03 00:00:00-05:00,34.66415099015019,34.69016595816955,33.93574925207539,34.09833908081055,16662400,0.0,0.0
2018-01-04 00:00:00-05:00,34.059310504437164,34.39749758510634,33.70811842302068,34.208892822265625,12062800,0.0,0.0
2018-01-05 00:00:00-05:00,34.33897417453041,34.39100411487506,34.04631196240199,34.130859375,13348900,0.0,0.0
2018-01-08 00:00:00-05:00,34.18287756081551,34.306444905256576,33.844690507640586,34.07231521606445,16212700,0.0,0.0
2018-01-09 00:00:00-05:00,34.28280570535187,34.49329088547952,33.90787882142566,33.94734573364258,14677800,0.59,0.0
2018-01-10 00:00:00-05:00,33.802636125619884,34.02627694245357,33.64477349560861,33.99996566772461,12593400,0.0,0.0
2018-01-11 00:00:00-05:00,34.1315241516821,34.32227715551247,33.96708242614177,34.2762336730957,15568200,0.0,0.0
2018-01-12 00:00:00-05:00,34.16441356788751,34.361745654966384,34.05917095906358,34.111793518066406,17673700,0.0,0.0
2018-01-16 00:00:00-05:00,33.99338405948463,34.217024843133125,33.82236330830473,33.980228424072266,14739200,0.0,0.0
2018-01-17 00:00:00-05:00,34.078913493340444,34.13811263121214,33.684251737801716,34.01971435546875,11591500,0.0,0.0
2018-01-18 00:00:00-05:00,34.13810644812271,35.05897869256024,33.80264389121461,33.90788650512695,29442600,0.0,0.0
2018-01-19 00:00:00-05:00,34.032857051267484,34.151252772787814,33.65135108363292,34.144676208496094,23761300,0.0,0.0
2018-01-22 00:00:00-05:00,34.23676393268301,35.18394979957174,34.21045265656245,35.164215087890625,27691300,0.0,0.0
2018-01-23 00:00:00-05:00,35.91406003650098,35.91406003650098,34.73665957604411,35.01292037963867,33000500,0.0,0.0
2018-01-24 00:00:00-05:00,35.401004401386004,35.808819062124805,35.19051925331559,35.66411209106445,21080400,0.0,0.0
2018-01-25 00:00:00-05:00,35.70359167076046,36.025898602216,35.525994281082745,35.71017074584961,18638700,0.0,0.0
2018-01-26 00:00:00-05:00,35.84172536389681,36.0127436819078,35.743059309040696,35.993011474609375,13077600,0.0,0.0
2018-01-29 00:00:00-05:00,35.24314817666293,35.900915010784914,35.12474994578646,35.60491943359375,17052600,0.0,0.0
2018-01-30 00:00:00-05:00,35.716749104414646,35.848303011798954,35.381289024307655,35.453643798828125,15401500,0.0,0.0
2018-01-31 00:00:00-05:00,35.51282872459279,35.79566612492259,35.21025410590088,35.56544876098633,17827000,0.0,0.0
2018-02-01 00:00:00-05:00,35.84171696262176,36.01273524054617,35.52598666476198,35.716739654541016,18646100,0.0,0.0
2018-02-02 00:00:00-05:00,35.6970077034722,35.6970077034722,34.79586781011067,34.848487854003906,15574000,0.0,0.0
2018-02-05 00:00:00-05:00,34.545917354324445,34.98661996609512,33.217227935791016,33.217227935791016,22239600,0.0,0.0
2018-02-06 00:00:00-05:00,32.51999376527454,33.546111005209845,32.27662072133699,33.43429183959961,34543900,0.0,0.0
2018-02-07 00:00:00-05:00,33.30273898224777,34.15783545381812,33.217228582336254,33.55268859863281,16066600,0.0,0.0
2018-02-08 00:00:00-05:00,33.47375710327093,33.598734420011766,32.23057806508664,32.25688934326172,23308900,0.0,0.0
2018-02-09 00:00:00-05:00,32.62523747034753,33.085674805486555,31.816184478646,32.80941390991211,27707900,0.0,0.0
2018-02-12 00:00:00-05:00,33.03305575193493,33.32247229541484,32.612085321716265,32.96070098876953,16903000,0.0,0.0
2018-02-13 00:00:00-05:00,32.829149683776315,33.0593671217876,32.34240101731861,32.94097137451172,11871700,0.0,0.0
2018-02-14 00:00:00-05:00,32.73047410585918,32.954114913046475,32.44105762386786,32.56603240966797,17559200,0.0,0.0
2018-02-15 00:00:00-05:00,32.592338399109266,32.74362443397564,32.19767939590836,32.717315673828125,18902700,0.0,0.0
2018-02-16 00:00:00-05:00,32.68443627559259,33.19091708842212,32.68443627559259,32.98701095581055,12264000,0.0,0.0
2018-02-20 00:00:00-05:00,32.78309859535528,32.815986434705806,32.07270922131368,32.17795181274414,21330400,0.0,0.0
2018-02-21 00:00:00-05:00,32.09902741847114,32.13849433971141,31.533347426603182,31.5465030670166,20889900,0.0,0.0
2018-02-22 00:00:00-05:00,31.737245307989998,32.03324084378672,31.42809413624886,31.487293243408203,21198300,0.0,0.0
2018-02-23 00:00:00-05:00,31.63201497697537,31.770145444101868,31.27024363056609,31.763568878173828,26371400,0.0,0.0
2018-02-26 00:00:00-05:00,32.04641038019847,32.329250402735624,31.8688129816857,32.2897834777832,20853900,0.0,0.0
2018-02-27 00:00:00-05:00,32.243730380147944,32.34239389936082,31.59911918640137,31.599119186401367,23234700,0.0,0.0
2018-02-28 00:00:00-05:00,32.07271254796529,32.20426642819375,31.388636887304116,31.401792526245117,22159100,0.0,0.0
2018-03-01 00:00:00-05:00,31.368905685208162,31.967473523518755,31.250507430669202,31.5465030670166,28950200,0.0,0.0
2018-03-02 00:00:00-05:00,31.460992266506356,31.78987571896401,31.4149462747152,31.74382972717285,17449900,0.0,0.0
2018-03-05 00:00:00-05:00,31.671470035707255,32.19110386155018,31.585959655583824,32.039817810058594,15348400,0.0,0.0
2018-03-06 00:00:00-05:00,32.06613904099649,32.158226013183594,31.77014340955093,32.158226013183594,13526900,0.0,0.0
2018-03-07 00:00:00-05:00,31.928002332720148,32.36870490168448,31.875379782238923,32.12533187866211,16738200,0.0,0.0
2018-03-08 00:00:00-05:00,32.15822078046138,32.25030773766427,31.783293878031632,32.237152099609375,17038500,0.0,0.0
2018-03-09 00:00:00-05:00,32.36212940654022,32.381861609031866,31.803026080523285,32.237152099609375,14927100,0.0,0.0
2018-03-12 00:00:00-04:00,32.25030798664832,32.40159406167555,32.013511518194775,32.099021911621094,12526300,0.0,0.0
2018-03-13 00:00:00-04:00,32.23058366199321,32.40160198146573,31.901700155238178,32.0003662109375,12840200,0.0,0.0
2018-03-14 00:00:00-04:00,32.18453465020601,32.296353818911655,31.809607717562265,31.868806838989258,11930400,0.0,0.0
2018-03-15 00:00:00-04:00,31.9214315522664,32.07929673554094,31.664902824979492,31.763568878173828,9537400,0.0,0.0
2018-03-16 00:00:00-04:00,31.842494167571065,32.08586720759759,31.71751936521831,31.941160202026367,26838100,0.0,0.0
2018-03-19 00:00:00-04:00,31.921421311582378,31.974043858852752,31.651737029774612,31.776714324951172,12980800,0.0,0.0
2018-03-20 00:00:00-04:00,31.83591860716919,31.96089341346433,31.29654995594365,31.3689022064209,10765500,0.0,0.0
2018-03-21 00:00:00-04:00,31.368910393927095,31.5465078023943,31.09264943132182,31.099225997924805,11062500,0.0,0.0
2018-03-22 00:00:00-04:00,30.980816155238998,31.25707952385069,30.763754409855288,30.836109161376953,14270800,0.0,0.0
2018-03-23 00:00:00-04:00,30.954505469816667,31.217610675455557,30.388825639380414,30.44802474975586,15955100,0.0,0.0
2018-03-26 00:00:00-04:00,30.770331383689904,31.02686004491403,30.645356589785703,30.961084365844727,15435500,0.0,0.0
2018-03-27 00:00:00-04:00,30.98081694770688,31.50703242344057,30.809798674520376,31.11894989013672,14544700,0.0,0.0
2018-03-28 00:00:00-04:00,31.500452560452686,31.94115763395712,31.460988157188694,31.57280731201172,17728000,0.0,0.0
2018-03-29 00:00:00-04:00,31.704366503454438,32.052982173148195,31.289972635302245,31.45441436767578,17305500,0.0,0.0
2018-04-02 00:00:00-04:00,31.32286450636257,31.533349750123154,30.7308756992292,31.020292282104492,16511200,0.0,0.0
2018-04-03 00:00:00-04:00,31.05975497340612,31.263661114095807,30.724292436817134,31.243928909301758,14841300,0.0,0.0
2018-04-04 00:00:00-04:00,31.02027940957509,31.56622700908909,30.849261160930563,31.52676010131836,12376400,0.0,0.0
2018-04-05 00:00:00-04:00,31.559659644428027,31.80303272634742,31.36233005073171,31.730680465698242,13201300,0.0,0.0
2018-04-06 00:00:00-04:00,31.638579063634364,31.756977277094727,31.09263397639465,31.230764389038086,16071600,0.0,0.0
2018-04-09 00:00:00-04:00,31.32402049105191,31.637061704112817,31.170830812954048,31.250755310058594,13475300,0.59,0.0
2018-04-10 00:00:00-04:00,31.437236394501845,32.61613304513037,31.29736794631361,32.14990234375,24309300,0.0,0.0
2018-04-11 00:00:00-04:00,31.923458013335523,31.963421529062675,31.62373799726627,31.690343856811523,11695600,0.0,0.0
2018-04-12 00:00:00-04:00,31.883493134852852,32.063325136808075,31.59709430293383,31.79690933227539,8837900,0.0,0.0
2018-04-13 00:00:00-04:00,31.910136476698447,31.956759307470357,31.643718123070066,31.74362564086914,7302000,0.0,0.0
2018-04-16 00:00:00-04:00,31.936766027165376,32.27644687825812,31.87682204864869,32.22982406616211,8885500,0.0,0.0
2018-04-17 00:00:00-04:00,32.36305037660854,32.66277042836381,32.17655902918485,32.53622055053711,11575500,0.0,0.0
2018-04-18 00:00:00-04:00,32.63611561184897,32.67607911706521,32.34971684301536,32.383018493652344,8347700,0.0,0.0
2018-04-19 00:00:00-04:00,32.36969584168952,32.60947178049141,32.22316807745179,32.2564697265625,11174200,0.0,0.0
2018-04-20 00:00:00-04:00,32.17655438039934,32.383026187858185,31.44390518854285,31.90347671508789,18224700,0.0,0.0
2018-04-23 00:00:00-04:00,32.10328109293288,32.44962384396613,31.95009146972159,32.40966033935547,14211600,0.0,0.0
2018-04-24 00:00:00-04:00,33.24888158943181,33.5619227654583,32.729368608582455,33.08237075805664,20920400,0.0,0.0
2018-04-25 00:00:00-04:00,33.34213079651318,33.4087341147739,32.79597545636337,33.368770599365234,19893200,0.0,0.0
2018-04-26 00:00:00-04:00,33.03574047508753,33.32880109827053,32.92917366868091,33.14230728149414,14121900,0.0,0.0
2018-04-27 00:00:00-04:00,33.4686701803996,34.42777145597276,33.408726191879204,34.34784698486328,25986200,0.0,0.0
2018-04-30 00:00:00-04:00,34.234626796420564,34.40113762219936,32.86257667733206,32.86923599243164,28938900,0.0,0.0
2018-05-01 00:00:00-04:00,32.96248183933279,33.06904865860433,32.1299277697884,32.516231536865234,16101400,0.0,0.0
2018-05-02 00:00:00-04:00,32.49625353491469,32.542876363110835,31.630397744588794,31.80356788635254,18515900,0.0,0.0
2018-05-03 00:00:00-04:00,31.78358184573473,31.87682748583152,31.543805890769768,31.863506317138672,16114100,0.0,0.0
2018-05-04 00:00:00-04:00,31.637053551179285,32.18320879869727,31.63039423678417,32.096622467041016,10669300,0.0,0.0
2018-05-07 00:00:00-04:00,32.08997273791928,32.18321841182313,31.683685838120468,31.790252685546875,12892100,0.0,0.0
2018-05-08 00:00:00-04:00,31.663695071841534,31.70365603868592,31.124199152663234,31.317352294921875,16716900,0.0,0.0
2018-05-09 00:00:00-04:00,31.304042345277143,31.423930370285344,30.69794290362641,30.891096115112305,23083300,0.0,0.0
2018-05-10 00:00:00-04:00,31.090903479107276,31.497190325179428,30.984336645773084,31.437246322631836,15727500,0.0,0.0
2018-05-11 00:00:00-04:00,32.016695255139346,32.68273843089137,31.916787762475312,32.383018493652344,22872800,0.0,0.0
2018-05-14 00:00:00-04:00,32.41633323646764,32.569525464623986,32.15657669953543,32.29644775390625,10362600,0.0,0.0
2018-05-15 00:00:00-04:00,32.06998380346807,32.16322945281883,31.716979149957258,31.83020782470703,12655400,0.0,0.0
2018-05-16 00:00:00-04:00,31.830208229419323,32.03002070067629,31.743621893598384,31.8768310546875,9798800,0.0,0.0
2018-05-17 00:00:00-04:00,31.8768286335273,31.996716615326235,31.743619482555896,31.870166778564453,8907500,0.0,0.0
2018-05-18 00:00:00-04:00,31.86351264822015,31.89681430619253,31.51716981564939,31.79690933227539,11384400,0.0,0.0
2018-05-21 00:00:00-04:00,31.830202520138243,32.3030925434681,31.79690087102753,32.2564697265625,8588800,0.0,0.0
2018-05-22 00:00:00-04:00,32.189874406085885,32.842596545283875,32.14324903687197,32.50957489013672,18539800,0.0,0.0
2018-05-23 00:00:00-04:00,32.46295990514861,32.62280891541882,32.18988218357896,32.36305236816406,14027800,0.0,0.0
2018-05-24 00:00:00-04:00,32.56285787778793,32.63612305033989,32.28312089977534,32.39634704589844,13580400,0.0,0.0
2018-05-25 00:00:00-04:00,32.36304433694413,32.40300784997143,32.12993019616879,32.31642150878906,7948000,0.0,0.0
2018-05-29 00:00:00-04:00,32.16988623253962,32.276453043508056,31.87682813756473,32.1032829284668,13035300,0.0,0.0
2018-05-30 00:00:00-04:00,32.29644256727174,32.44963223007254,32.12993173282474,32.36970520019531,10459100,0.0,0.0
2018-05-31 00:00:00-04:00,32.31642448899974,32.32308380474162,31.65038112164382,31.750286102294922,27288300,0.0,0.0
2018-06-01 00:00:00-04:00,31.89681661807146,31.970081795373133,31.71032528730634,31.843534469604492,9967100,0.0,0.0
2018-06-04 00:00:00-04:00,32.003380773874746,32.0766459450368,31.79024711635984,31.850191116333008,9012600,0.0,0.0
2018-06-05 00:00:00-04:00,31.82355008394147,32.09662775267053,31.81689076844971,31.95009994506836,10378000,0.0,0.0
2018-06-06 00:00:00-04:00,32.07664940113142,32.26314073636205,31.830214059468965,32.243160247802734,12924800,0.0,0.0
2018-06-07 00:00:00-04:00,31.943431629370327,32.80928729117166,31.870166470007725,32.64277648925781,19674300,0.0,0.0
2018-06-08 00:00:00-04:00,32.26979686707724,32.76932931845381,32.256475696816786,32.75600814819336,15399300,0.0,0.0
2018-06-11 00:00:00-04:00,32.96247970707219,33.168951476880885,32.809287532322664,32.83592987060547,14143700,0.0,0.0
2018-06-12 00:00:00-04:00,33.02242854395377,33.062389516489134,32.409667377291136,32.50957489013672,15597900,0.0,0.0
2018-06-13 00:00:00-04:00,32.26979665564458,32.33639996575703,31.557130566277024,31.570451736450195,30809400,0.0,0.0
2018-06-14 00:00:00-04:00,31.81022760276636,31.896813945117295,31.50384828768288,31.850191116333008,17568400,0.0,0.0
2018-06-15 00:00:00-04:00,31.816890917933552,32.01004409790039,31.716983399811745,32.01004409790039,31398000,0.0,0.0
2018-06-18 00:00:00-04:00,31.903461708762602,31.97006499453355,31.39060827791833,31.610401153564453,15330400,0.0,0.0
2018-06-19 00:00:00-04:00,31.750279668789382,32.489588063270254,31.650374708381857,32.303096771240234,25070000,0.0,0.0
2018-06-20 00:00:00-04:00,32.396344965967685,32.40966613655403,31.843530360778644,32.03002166748047,11996800,0.0,0.0
2018-06-21 00:00:00-04:00,32.549527887561425,32.636114208095776,32.22316816830213,32.389678955078125,14854600,0.0,0.0
2018-06-22 00:00:00-04:00,32.60947324946107,33.25553594247478,32.529548779844376,33.14230728149414,31911000,0.0,0.0
2018-06-25 00:00:00-04:00,33.19560287534585,33.328812062363866,32.82927951661173,33.03575134277344,19301900,0.0,0.0
2018-06-26 00:00:00-04:00,33.04906349536148,33.13564982440399,32.68274023660916,32.83592987060547,13597000,0.0,0.0
2018-06-27 00:00:00-04:00,32.75600781130281,33.122331097060695,32.64277913563021,32.842594146728516,14144300,0.0,0.0
2018-06-28 00:00:00-04:00,32.92253458278779,34.001524478190866,32.90921340620817,33.874977111816406,21605500,0.0,0.0
2018-06-29 00:00:00-04:00,33.78837341714624,33.8682978949063,33.35544683358871,33.508636474609375,18023100,0.0,0.0
2018-07-02 00:00:00-04:00,33.46867921209324,33.59522653722879,33.102355868171344,33.581905364990234,13141200,0.0,0.0
2018-07-03 00:00:00-04:00,33.60854296666408,34.02815094032555,33.50197614454807,33.768394470214844,8441100,0.0,0.0
2018-07-05 00:00:00-04:00,33.96154680458594,34.168018588248096,33.64850566064218,34.15469741821289,11279600,0.0,0.0
2018-07-06 00:00:00-04:00,34.24793932629146,34.407790808497516,34.121392035911775,34.28790283203125,10203800,0.0,0.0
2018-07-09 00:00:00-04:00,34.382241479667,34.436143935867996,34.1464246593141,34.186851501464844,10491200,0.59,0.0
2018-07-10 00:00:00-04:00,34.22727635458926,34.645010116397835,34.186852081962684,34.59111022949219,9614600,0.0,0.0
2018-07-11 00:00:00-04:00,34.510259114028415,34.867353896686495,34.46309574915699,34.59111022949219,14348100,0.0,0.0
2018-07-12 00:00:00-04:00,34.69890522510026,34.75280767080125,34.33507142724879,34.52372741699219,10583900,0.0,0.0
2018-07-13 00:00:00-04:00,34.42939559603139,34.665214923254,34.314856762685174,34.63826370239258,11175100,0.0,0.0
2018-07-16 00:00:00-04:00,34.60457869567575,34.84713456217415,34.44961301879291,34.759544372558594,9633400,0.0,0.0
2018-07-17 00:00:00-04:00,34.72585942662043,34.99536396761237,34.64500575113358,34.6517448425293,10636100,0.0,0.0
2018-07-18 00:00:00-04:00,34.63827298282369,34.692175438988315,34.28117820647013,34.456356048583984,11734900,0.0,0.0
2018-07-19 00:00:00-04:00,34.42939739678803,34.42939739678803,34.09251482902999,34.193580627441406,9524200,0.0,0.0
2018-07-20 00:00:00-04:00,34.04535239687885,34.35528632096678,33.92407446358577,34.10599136352539,12026500,0.0,0.0
2018-07-23 00:00:00-04:00,34.153153794034836,34.34854630018491,33.870173670818886,34.193580627441406,11703200,0.0,0.0
2018-07-24 00:00:00-04:00,34.53045729638451,34.94819088938453,33.72193875784188,34.70563507080078,23265200,0.0,0.0
2018-07-25 00:00:00-04:00,34.82692384426327,35.06947973851172,34.23401229188973,34.301387786865234,15702800,0.0,0.0
2018-07-26 00:00:00-04:00,34.44961532418031,34.77302231108405,34.436139711783035,34.48330307006836,11162000,0.0,0.0
2018-07-27 00:00:00-04:00,34.68542774264878,35.29181737302425,34.68542774264878,35.04252243041992,14073700,0.0,0.0
2018-07-30 00:00:00-04:00,35.21770711366616,35.70955539846507,35.08969265166433,35.365936279296875,16725000,0.0,0.0
2018-07-31 00:00:00-04:00,35.44005366303311,35.48721702829798,34.69217634088571,34.79323959350586,16924200,0.0,0.0
2018-08-01 00:00:00-04:00,35.04926289934136,35.1099018647638,34.66521697506923,34.8538703918457,12789400,0.0,0.0
2018-08-02 00:00:00-04:00,34.860606170651984,35.04252047942661,34.651738071771405,35.022308349609375,12337500,0.0,0.0
2018-08-03 00:00:00-04:00,35.035791668634104,35.33898653365474,34.948201469803614,35.217708587646484,7769900,0.0,0.0
2018-08-06 00:00:00-04:00,35.12337134999307,35.52089281616031,34.87407644106458,35.359188079833984,10768400,0.0,0.0
2018-08-07 00:00:00-04:00,35.359193994921334,35.52763527875968,35.18401619062186,35.34571838378906,7106900,0.0,0.0
2018-08-08 00:00:00-04:00,35.40636520944851,35.628708987179124,35.31203848079088,35.50743103027344,9457300,0.0,0.0
2018-08-09 00:00:00-04:00,35.480480324541304,35.89147756563986,35.480480324541304,35.7162971496582,10768100,0.0,0.0
2018-08-10 00:00:00-04:00,35.66238261595866,35.66238261595866,35.21769780679225,35.35245132446289,7979600,0.0,0.0
2018-08-13 00:00:00-04:00,35.53438307543859,35.561331734095596,35.170549196357186,35.184024810791016,9919400,0.0,0.0
2018-08-14 00:00:00-04:00,35.24465665407152,35.669126856839696,35.24465665407152,35.62196350097656,11454400,0.0,0.0
2018-08-15 00:00:00-04:00,35.52762478107589,35.95883392905502,35.34570793985797,35.871246337890625,16473300,0.0,0.0
2018-08-16 00:00:00-04:00,35.87799437390148,36.66629836869763,35.84430663031542,36.56523513793945,16265400,0.0,0.0
2018-08-17 00:00:00-04:00,36.55849114815779,37.19856847136114,36.450688841002155,36.91558837890625,19102700,0.0,0.0
2018-08-20 00:00:00-04:00,37.00991959230564,37.110985392062766,36.5180713452551,36.821266174316406,10747400,0.0,0.0
2018-08-21 00:00:00-04:00,36.98970818146468,37.104247024559356,36.69998895807093,36.99644470214844,11961200,0.0,0.0
2018-08-22 00:00:00-04:00,36.949285870844946,37.0638247279639,36.34289612665515,36.4776496887207,13911400,0.0,0.0
2018-08-23 00:00:00-04:00,36.49112079414304,36.75388879409501,36.41700621565196,36.57197189331055,8354400,0.0,0.0
2018-08-24 00:00:00-04:00,36.558497239052116,36.94254575312701,36.53154858543068,36.90885543823242,8499900,0.0,0.0
2018-08-27 00:00:00-04:00,37.04360672753199,37.09750917190716,36.821265570009444,36.956016540527344,9539600,0.0,0.0
2018-08-28 00:00:00-04:00,36.93580501517843,36.98970746043824,36.69324915192938,36.821266174316406,11864600,0.0,0.0
2018-08-29 00:00:00-04:00,36.90885839779653,37.03013634455333,36.72020495626835,36.76736831665039,9801900,0.0,0.0
2018-08-30 00:00:00-04:00,36.65283216749633,36.922336736689196,36.54502982577707,36.888648986816406,9696500,0.0,0.0
2018-08-31 00:00:00-04:00,36.72693703038697,36.82800283051635,36.410269159054394,36.63261032104492,14605400,0.0,0.0
2018-09-04 00:00:00-04:00,36.08012607452767,36.19466749544517,35.60175339767348,35.83757019042969,19898600,0.0,0.0
2018-09-05 00:00:00-04:00,35.7230275932212,36.363104982415145,35.64217649707133,36.26203918457031,15301200,0.0,0.0
2018-09-06 00:00:00-04:00,36.34289310680657,36.69999040213949,36.181190901932595,36.578712463378906,10521900,0.0,0.0
2018-09-07 00:00:00-04:00,36.47091004811955,36.64608786467579,36.30246875249577,36.38331985473633,11746500,0.0,0.0
2018-09-10 00:00:00-04:00,36.59892591901932,36.84148180530578,36.37658473673026,36.46417236328125,10781900,0.0,0.0
2018-09-11 00:00:00-04:00,36.57872321544577,37.03014478780564,36.45744524103635,36.86844253540039,12298800,0.0,0.0
2018-09-12 00:00:00-04:00,36.88864370131525,37.340065139393005,36.76062924205667,37.03687286376953,13130800,0.0,0.0
2018-09-13 00:00:00-04:00,37.110988068967856,37.110988068967856,36.56523733729118,37.016658782958984,12559900,0.0,0.0
2018-09-14 00:00:00-04:00,36.99644687342333,37.05034932289731,36.50459858791942,36.75389099121094,13454700,0.0,0.0
2018-09-17 00:00:00-04:00,36.91559655240567,37.070562242614805,36.67304066504864,36.854957580566406,11013700,0.0,0.0
2018-09-18 00:00:00-04:00,36.646087646484375,36.92907035795674,36.578712156720094,36.646087646484375,13891100,0.0,0.0
2018-09-19 00:00:00-04:00,36.80105257458538,36.854955021459794,35.95884611874859,36.04643630981445,17471000,0.0,0.0
2018-09-20 00:00:00-04:00,36.113801536340254,36.48437432777705,35.925148166306535,36.3496208190918,14473400,0.0,0.0
2018-09-21 00:00:00-04:00,36.53828346047899,36.929068477804464,36.46416888338554,36.666297912597656,48954100,0.0,0.0
2018-09-24 00:00:00-04:00,36.592190495206744,36.71346844198703,36.06665186908869,36.07339096069336,14029600,0.0,0.0
2018-09-25 00:00:00-04:00,36.046439032184324,36.154241363864685,35.655653973461554,35.74324417114258,13604900,0.0,0.0
2018-09-26 00:00:00-04:00,35.904944582292146,36.100337087864226,35.763454521102716,35.80387878417969,13308300,0.0,0.0
2018-09-27 00:00:00-04:00,35.81061521142586,36.29572432373975,35.81061521142586,36.10707092285156,13348100,0.0,0.0
2018-09-28 00:00:00-04:00,36.0262268221695,36.0868657942499,35.891473265300796,35.97232437133789,12634500,0.0,0.0
2018-10-01 00:00:00-04:00,36.12054323400889,36.329408745856334,36.04642867036899,36.275508880615234,10682000,0.0,0.0
2018-10-02 00:00:00-04:00,36.24856424286461,36.67977352390647,36.113810699986516,36.666297912597656,12482900,0.0,0.0
2018-10-03 00:00:00-04:00,36.88190731028037,37.01665829093861,36.47764665767502,36.578712463378906,14939100,0.0,0.0
2018-10-04 00:00:00-04:00,36.61914021714753,37.07730079160996,36.35637218154329,37.07056427001953,15788400,0.0,0.0
2018-10-05 00:00:00-04:00,37.097512456680874,37.3535413795028,36.90885645487337,37.016658782958984,14044900,0.0,0.0
2018-10-08 00:00:00-04:00,37.05708865662823,37.19857874192121,36.68651828410404,37.07056427001953,16703700,0.0,0.0
2018-10-09 00:00:00-04:00,37.11347003656962,37.563082458869296,36.80691552166294,37.460899353027344,16962400,0.603,0.0
2018-10-10 00:00:00-04:00,37.460907842798946,38.08082818068493,36.98404544472719,37.011295318603516,22025500,0.0,0.0
2018-10-11 00:00:00-04:00,37.13391722863796,37.57671861560738,35.99626219860478,36.3300666809082,26336200,0.0,0.0
2018-10-12 00:00:00-04:00,36.66386523701749,36.71155121606283,35.98263399500871,36.60255432128906,18866600,0.0,0.0
2018-10-15 00:00:00-04:00,36.70473881805572,36.95679364152577,36.51399230957031,36.51399230957031,13022000,0.0,0.0
2018-10-16 00:00:00-04:00,36.41861854543055,36.650237252399116,36.282371788621255,36.582115173339844,15981200,0.0,0.0
2018-10-17 00:00:00-04:00,36.616173652148525,37.045349996541944,36.46630197027038,36.75923156738281,14528100,0.0,0.0
2018-10-18 00:00:00-04:00,36.69110916153342,37.249718481516176,36.63660942363728,37.22928237915039,16865100,0.0,0.0
2018-10-19 00:00:00-04:00,37.20885064829095,37.80833488399499,37.14072856185025,37.39959716796875,19103300,0.0,0.0
2018-10-22 00:00:00-04:00,37.522218617538236,37.651651619923996,37.20203909743173,37.45409393310547,21737500,0.0,0.0
2018-10-23 00:00:00-04:00,38.210269092452094,39.15036914624255,38.210269092452094,38.97324752807617,29328700,0.0,0.0
2018-10-24 00:00:00-04:00,38.83018278658662,39.81115488987685,38.43506739857945,39.11629867553711,37435600,0.0,0.0
2018-10-25 00:00:00-04:00,39.14355050589849,39.259361180086515,38.264761491033276,38.4418830871582,25270000,0.0,0.0
2018-10-26 00:00:00-04:00,38.326063130000676,38.571306758347745,37.59714601168611,37.81513977050781,24973300,0.0,0.0
2018-10-29 00:00:00-04:00,38.019520783470476,38.93237085330671,37.95820986091837,38.47594451904297,22103700,0.0,0.0
2018-10-30 00:00:00-04:00,38.77567293316043,40.05638812775439,38.77567293316043,39.63402557373047,25231200,0.0,0.0
2018-10-31 00:00:00-04:00,39.729408932317114,39.729408932317114,38.66668717616533,38.89149475097656,24214400,0.0,0.0
2018-11-01 00:00:00-04:00,38.81655535609289,39.02092420631576,37.84239448471661,38.18301010131836,22533200,0.0,0.0
2018-11-02 00:00:00-04:00,38.38057491138561,38.884687261013305,38.09445638897761,38.57813262939453,14734400,0.0,0.0
2018-11-05 00:00:00-05:00,38.4963850313018,39.13674420648425,38.4963850313018,38.97324752807617,12733800,0.0,0.0
2018-11-06 00:00:00-05:00,38.84381449840963,39.068619507692745,38.59175960960991,38.97324752807617,12371200,0.0,0.0
2018-11-07 00:00:00-05:00,39.2048512490043,39.36153409800958,38.85742451402573,39.27297592163086,14891300,0.0,0.0
2018-11-08 00:00:00-05:00,39.30704521218635,39.8111549020218,39.27979533741387,39.69534683227539,12482400,0.0,0.0
2018-11-09 00:00:00-05:00,39.729403742711256,40.328887931876466,39.470535156689095,39.82477569580078,17365500,0.0,0.0
2018-11-12 00:00:00-05:00,40.083654386361026,40.46514489357846,39.87928549269476,40.00190734863281,13236800,0.0,0.0
2018-11-13 00:00:00-05:00,40.25395488502297,40.288015927969724,39.729406507831804,39.96102523803711,13047900,0.0,0.0
2018-11-14 00:00:00-05:00,40.28119950048395,40.41063248626161,39.79071223026853,40.151763916015625,18288700,0.0,0.0
2018-11-15 00:00:00-05:00,40.0904535203007,40.253950145361756,39.81796261011986,40.24713897705078,17147100,0.0,0.0
2018-11-16 00:00:00-05:00,40.23351156960719,41.13954762335625,40.13132586038645,41.01692581176758,19471000,0.0,0.0
2018-11-19 00:00:00-05:00,41.04418310887009,41.77310034373814,40.996497128921035,41.29623794555664,18405700,0.0,0.0
2018-11-20 00:00:00-05:00,41.57553705164819,41.95021627029883,40.30844667251497,40.506004333496094,22028900,0.0,0.0
2018-11-21 00:00:00-05:00,40.36976164056734,40.805751811684964,40.11089564362081,40.301639556884766,18482200,0.0,0.0
2018-11-23 00:00:00-05:00,40.0972670134318,40.19263896127822,39.708965455090976,39.94739532470703,7009100,0.0,0.0
2018-11-26 00:00:00-05:00,39.94739330714012,40.540063666460206,39.722588384097556,40.30844497680664,12308900,0.0,0.0
2018-11-27 00:00:00-05:00,40.335709860988764,41.350745772563094,40.31527375092944,41.31668472290039,14115000,0.0,0.0
2018-11-28 00:00:00-05:00,41.35074057797747,41.37117668546956,40.62863446185995,40.91475296020508,18663000,0.0,0.0
2018-11-29 00:00:00-05:00,40.47876402144307,40.730821482360454,40.36976711355951,40.499202728271484,14763700,0.0,0.0
2018-11-30 00:00:00-05:00,40.5809409937015,41.125925415398264,40.51963008384244,41.07823944091797,31142800,0.0,0.0
2018-12-03 00:00:00-05:00,40.533260933230004,40.70356875227719,39.30023138779959,39.62041091918945,27800800,0.0,0.0
2018-12-04 00:00:00-05:00,39.579526927035374,40.465129459627434,39.48415498628004,39.572715759277344,21727400,0.0,0.0
2018-12-06 00:00:00-05:00,39.634036242859146,39.9474020092744,38.93918002253111,39.565914154052734,26880400,0.0,0.0
2018-12-07 00:00:00-05:00,39.450094100820934,39.80433459547297,39.06179256986765,39.29341125488281,16948100,0.0,0.0
2018-12-10 00:00:00-05:00,39.37516730042646,39.7634689205155,38.74162200476728,39.69534683227539,16603400,0.0,0.0
2018-12-11 00:00:00-05:00,40.03595314870073,40.46512948101707,39.94739237565661,40.090450286865234,14991400,0.0,0.0
2018-12-12 00:00:00-05:00,39.36835377256683,39.64084470789375,38.98686334468001,39.00048828125,18892200,0.0,0.0
2018-12-13 00:00:00-05:00,38.830183830454516,39.17079947809008,38.70075081988181,38.89149475097656,15454700,0.0,0.0
2018-12-14 00:00:00-05:00,38.79612090992264,39.17079758447068,38.65987413771671,38.884681701660156,13960900,0.0,0.0
2018-12-17 00:00:00-05:00,38.87105430672221,39.04136211153816,37.82876877413877,38.11488723754883,18902500,0.0,0.0
2018-12-18 00:00:00-05:00,38.108073726149115,38.61899714403003,37.67889992618659,37.910518646240234,18895800,0.0,0.0
2018-12-19 00:00:00-05:00,37.95820546543436,38.77568087321211,37.80833376128599,38.0535774230957,20968400,0.0,0.0
2018-12-20 00:00:00-05:00,38.094441508271174,38.155752410645256,36.963597996797354,37.51539611816406,26897000,0.0,0.0
2018-12-21 00:00:00-05:00,37.35872611170985,38.51000611989211,36.94998835460253,37.41322326660156,55406300,0.0,0.0
2018-12-24 00:00:00-05:00,37.2497202695143,37.494963904437626,36.06437690028176,36.139312744140625,15077200,0.0,0.0
2018-12-26 00:00:00-05:00,36.26193451821495,37.106662304307854,35.6965140038766,37.08622360229492,17970500,0.0,0.0
2018-12-27 00:00:00-05:00,36.997669975723284,37.583526665490275,36.343686003321956,37.56990432739258,17531000,0.0,0.0
2018-12-28 00:00:00-05:00,37.71976773535976,38.053572139518074,37.39959086462203,37.65164566040039,14771600,0.0,0.0
2018-12-31 00:00:00-05:00,37.82877682056287,38.30563929521744,37.51541101673241,38.298828125,15331800,0.0,0.0
2019-01-02 00:00:00-05:00,38.25794672685406,38.25794672685406,37.65846250187184,38.162574768066406,13969700,0.0,0.0
2019-01-03 00:00:00-05:00,38.35332528281375,38.82337658725088,38.18983121068108,38.298828125,19245400,0.0,0.0
2019-01-04 00:00:00-05:00,38.48275252763925,38.75524345477075,38.11488704738633,38.39419174194336,17035800,0.0,0.0
2019-01-07 00:00:00-05:00,38.666678270285715,39.0072938394692,38.523620354914385,38.63943099975586,16349000,0.0,0.0
2019-01-08 00:00:00-05:00,39.014115610836974,39.98146277842198,38.86424389806535,39.77028274536133,21424600,0.0,0.0
2019-01-09 00:00:00-05:00,39.70350722947582,39.73104149838051,39.13218296585925,39.26985168457031,18136000,0.603,0.0
2019-01-10 00:00:00-05:00,39.435061075266944,39.71728081283313,39.145956456450484,39.64844512939453,14259900,0.0,0.0
2019-01-11 00:00:00-05:00,39.81364798717533,40.1027499790414,39.524543369496435,39.93754959106445,15801500,0.0,0.0
2019-01-14 00:00:00-05:00,39.80676139053806,40.02703030102722,39.70350918995327,39.944427490234375,11342300,0.0,0.0
2019-01-15 00:00:00-05:00,39.74481795993348,40.12340505587438,39.63468348428134,39.992618560791016,10058000,0.0,0.0
2019-01-16 00:00:00-05:00,39.8755932390869,39.8755932390869,39.23543591669686,39.290504455566406,13411700,0.0,0.0
2019-01-17 00:00:00-05:00,39.345570808059534,39.51077380070083,38.69164634364866,39.1184196472168,15223900,0.0,0.0
2019-01-18 00:00:00-05:00,39.18037444552757,39.55896415401795,39.125308522537196,39.297393798828125,16802500,0.0,0.0
2019-01-22 00:00:00-05:00,39.393761798942144,39.503896272596435,38.82244003742704,39.22856140136719,18284800,0.0,0.0
2019-01-23 00:00:00-05:00,39.22167029384139,39.834293370411196,39.18725376862751,39.758575439453125,15109000,0.0,0.0
2019-01-24 00:00:00-05:00,39.65532368079981,39.682857949780185,38.891264784375025,39.28361892700195,12494100,0.0,0.0
2019-01-25 00:00:00-05:00,39.35933861171501,39.55895813201982,38.70541413619281,38.82243347167969,17800300,0.0,0.0
2019-01-28 00:00:00-05:00,38.62969413193697,38.69852980376647,37.72108427028676,37.90693664550781,25955700,0.0,0.0
2019-01-29 00:00:00-05:00,36.90884839177375,37.37692054153219,36.461428260201586,36.67481231689453,33789200,0.0,0.0
2019-01-30 00:00:00-05:00,36.550906021106464,37.184181106034,35.986466611612634,37.170413970947266,27260000,0.0,0.0
2019-01-31 00:00:00-05:00,37.20483282293952,37.989541191280104,36.846895165732604,37.90005874633789,28585400,0.0,0.0
2019-02-01 00:00:00-05:00,38.00330858721158,38.065259386494525,37.49393768271866,37.54900360107422,13778000,0.0,0.0
2019-02-04 00:00:00-05:00,37.583421591441635,37.6453723931364,36.943264182533326,37.19795227050781,15818900,0.0,0.0
2019-02-05 00:00:00-05:00,37.23924658342122,37.404449576710306,36.90196096809922,37.266780853271484,14124600,0.0,0.0
2019-02-06 00:00:00-05:00,37.246132561127574,37.425100068802,36.950145716048176,37.02586364746094,11391400,0.0,0.0
2019-02-07 00:00:00-05:00,36.901962066079676,36.98456225227566,36.49584076404829,36.874427795410156,12436200,0.0,0.0
2019-02-08 00:00:00-05:00,36.7298764739357,37.142880026914334,36.68857506831281,37.1359977722168,12011700,0.0,0.0
2019-02-11 00:00:00-05:00,37.259902529885636,37.42510291479198,37.07405012750642,37.204833984375,9802800,0.0,0.0
2019-02-12 00:00:00-05:00,37.48017044953312,37.700439374009854,37.301200307262825,37.45951843261719,11227600,0.0,0.0
2019-02-13 00:00:00-05:00,37.411331282420534,37.70043585998198,37.3631476237957,37.500816345214844,11884800,0.0,0.0
2019-02-14 00:00:00-05:00,37.43198384973761,37.52835116840922,37.13599701335339,37.191062927246094,11190100,0.0,0.0
2019-02-15 00:00:00-05:00,37.50082280058481,37.989544351229185,37.3906883296535,37.968894958496094,15719400,0.0,0.0
2019-02-19 00:00:00-05:00,37.900057213454744,38.31306077193642,37.734854214574526,38.161624908447266,12272700,0.0,0.0
2019-02-20 00:00:00-05:00,38.113440587016655,38.485145358696435,38.02395814724424,38.381893157958984,11379000,0.0,0.0
2019-02-21 00:00:00-05:00,38.23734625682957,39.0427066813869,38.17539545494054,38.650352478027344,14680500,0.0,0.0
2019-02-22 00:00:00-05:00,38.84307713144065,39.32491628578903,38.82242774473543,39.180362701416016,12534300,0.0,0.0
2019-02-25 00:00:00-05:00,39.23543165873629,39.42128401853303,38.92567772574173,39.0839958190918,15051200,0.0,0.0
2019-02-26 00:00:00-05:00,39.11153816495475,39.297390563143715,38.86373496736947,38.98763656616211,12005600,0.0,0.0
2019-02-27 00:00:00-05:00,38.92567858442051,39.04958016035154,38.788009874962455,39.04269790649414,8962800,0.0,0.0
2019-02-28 00:00:00-05:00,39.05646375537252,39.65531960213336,39.042696622298315,39.180362701416016,15743000,0.0,0.0
2019-03-01 00:00:00-05:00,39.24921004187923,39.33869512057373,38.78802013705027,39.207908630371094,10942700,0.0,0.0
2019-03-04 00:00:00-05:00,39.33868568115835,39.47635176819297,38.31305652755174,38.71229553222656,13674400,0.0,0.0
2019-03-05 00:00:00-05:00,38.609047476932005,38.664113392482044,38.20980842949077,38.60216522216797,15749500,0.0,0.0
2019-03-06 00:00:00-05:00,38.6778730666579,38.83619115381617,38.16850228637689,38.326820373535156,13935500,0.0,0.0
2019-03-07 00:00:00-05:00,38.38189627237776,38.82243675556676,38.35436462565131,38.75360107421875,12644200,0.0,0.0
2019-03-08 00:00:00-05:00,38.79489811903006,39.01516702294036,38.54709494567785,38.91191482543945,10617300,0.0,0.0
2019-03-11 00:00:00-04:00,39.07022830417467,39.66220189793388,39.063346050536325,39.63467025756836,13627400,0.0,0.0
2019-03-12 00:00:00-04:00,39.66908272298815,39.99948600591476,39.483230384002205,39.53141403198242,12813000,0.0,0.0
2019-03-13 00:00:00-04:00,39.49012351632999,39.74481158389042,39.46947412602445,39.68974304199219,14168300,0.0,0.0
2019-03-14 00:00:00-04:00,39.72416693408283,39.98573730497894,39.58649817962104,39.88936996459961,12148300,0.0,0.0
2019-03-15 00:00:00-04:00,39.95130813517254,40.274826586135354,39.87559021287946,40.19222640991211,23715300,0.0,0.0
2019-03-18 00:00:00-04:00,40.10963070134562,40.14404722645448,39.62090921768726,39.971961975097656,12168100,0.0,0.0
2019-03-19 00:00:00-04:00,39.99260477269443,40.06144043737795,39.44881746366129,39.5796012878418,13462700,0.0,0.0
2019-03-20 00:00:00-04:00,39.58649029937636,39.965079955236,39.311155471075104,39.696624755859375,11902900,0.0,0.0
2019-03-21 00:00:00-04:00,39.634672575372115,40.261062725578135,39.627787695519,40.12339401245117,10920100,0.0,0.0
2019-03-22 00:00:00-04:00,40.03391315209412,41.30046071918153,40.01326376199456,41.135257720947266,25125400,0.0,0.0
2019-03-25 00:00:00-04:00,41.04577580067041,41.43124509175269,40.976940123111,41.35552978515625,15463400,0.0,0.0
2019-03-26 00:00:00-04:00,41.50695801606914,41.77541056162874,41.42435783877672,41.73411178588867,12316900,0.0,0.0
2019-03-27 00:00:00-04:00,41.68592011719717,42.11957293398224,41.630851592379635,41.90618896484375,13290300,0.0,0.0
2019-03-28 00:00:00-04:00,41.906196056502665,41.91307831036363,40.226642526707025,40.66718292236328,20547100,0.0,0.0
2019-03-29 00:00:00-04:00,40.74978659438896,40.79797025298689,40.144045795970264,40.701602935791016,17283900,0.0,0.0
2019-04-01 00:00:00-04:00,40.88057405300566,40.8943411889394,40.46757047824433,40.674072265625,16331100,0.0,0.0
2019-04-02 00:00:00-04:00,40.76355792789344,40.77044018305384,40.15781706708132,40.28860092163086,11408100,0.0,0.0
2019-04-03 00:00:00-04:00,40.460685614752144,40.660305147158034,40.206000164400336,40.52263641357422,15491700,0.0,0.0
2019-04-04 00:00:00-04:00,40.50198385490114,40.68095135649412,40.45380019578717,40.6052360534668,8776000,0.0,0.0
2019-04-05 00:00:00-04:00,40.62588860276327,40.680954520685525,40.4882198692386,40.674072265625,11497800,0.0,0.0
2019-04-08 00:00:00-04:00,40.62588500776212,40.701602935791016,40.41938323865489,40.701602935791016,11680500,0.0,0.0
2019-04-09 00:00:00-04:00,40.592416459652796,40.72455040467674,40.36292498876085,40.61328125,10414400,0.603,0.0
2019-04-10 00:00:00-04:00,40.61327144318859,40.82190072622191,40.58545349802007,40.75931167602539,8782100,0.0,0.0
2019-04-11 00:00:00-04:00,40.78714122254015,40.84277447583603,40.474195882544485,40.724552154541016,9219900,0.0,0.0
2019-04-12 00:00:00-04:00,40.85668842269286,40.88450637915793,40.696739152318194,40.849735260009766,10847500,0.0,0.0
2019-04-15 00:00:00-04:00,40.96795981766677,40.995777775640605,40.745421459609034,40.82887268066406,7741500,0.0,0.0
2019-04-16 00:00:00-04:00,40.88449478149414,41.01662605792218,40.794087775061485,40.88449478149414,10239300,0.0,0.0
2019-04-17 00:00:00-04:00,40.61328397198894,40.65500824974798,40.08475346220173,40.18211364746094,15498000,0.0,0.0
2019-04-18 00:00:00-04:00,39.994345239187716,40.474195641950665,39.834395989222074,40.3629264831543,13189000,0.0,0.0
2019-04-22 00:00:00-04:00,40.432469417898425,40.67587253085687,40.258611188442124,40.5924186706543,11950400,0.0,0.0
2019-04-23 00:00:00-04:00,40.070843515427484,40.14038839811938,39.15287228682262,39.74399185180664,23488700,0.0,0.0
2019-04-24 00:00:00-04:00,39.8761277247091,40.036076993952804,39.45191317664842,39.695316314697266,13227100,0.0,0.0
2019-04-25 00:00:00-04:00,39.514506219207,39.570142137329796,38.77039305794747,38.839935302734375,17425500,0.0,0.0
2019-04-26 00:00:00-04:00,38.985969784277074,39.514497627187744,38.82602053375324,39.34759521484375,16329700,0.0,0.0
2019-04-29 00:00:00-04:00,39.465822789057775,39.75790337597098,39.43800483234232,39.528411865234375,13985000,0.0,0.0
2019-04-30 00:00:00-04:00,39.63272035811024,39.952618841053784,39.47276846377261,39.77180480957031,15469000,0.0,0.0
2019-05-01 00:00:00-04:00,39.79962294385802,39.84830303266586,39.30586624145508,39.30586624145508,11627400,0.0,0.0
2019-05-02 00:00:00-04:00,39.50755042209549,40.49506402714296,39.41714338760625,39.632728576660156,14435400,0.0,0.0
2019-05-03 00:00:00-04:00,39.74399052394517,39.89003079341987,39.549267511779654,39.80657958984375,9388200,0.0,0.0
2019-05-06 00:00:00-04:00,39.52145795752513,39.70226936703465,39.458868882528314,39.577091217041016,10066100,0.0,0.0
2019-05-07 00:00:00-04:00,39.4240980943924,39.51450513242214,39.173744428325186,39.38237380981445,12963800,0.0,0.0
2019-05-08 00:00:00-04:00,39.4032317340356,39.431049689354026,39.118104324187286,39.20851135253906,12086700,0.0,0.0
2019-05-09 00:00:00-04:00,39.02770078388004,39.33369301399791,38.895569463607806,39.27805709838867,14834900,0.0,0.0
2019-05-10 00:00:00-04:00,39.28501063563341,39.66749824822894,39.125058713967746,39.577091217041016,10707100,0.0,0.0
2019-05-13 00:00:00-04:00,39.4449619853865,39.87612971762992,39.4032350488985,39.465824127197266,13759000,0.0,0.0
2019-05-14 00:00:00-04:00,39.47277674659245,39.77181315513884,39.29196533003405,39.32673645019531,12776200,0.0,0.0
2019-05-15 00:00:00-04:00,39.2989058820457,39.528399976625764,39.06245862681121,39.507537841796875,10806300,0.0,0.0
2019-05-16 00:00:00-04:00,39.63967306356417,40.19601882160243,39.514494936397334,39.90393829345703,11695100,0.0,0.0
2019-05-17 00:00:00-04:00,39.68140615448588,40.668919696799264,39.64663238375312,40.397701263427734,14436700,0.0,0.0
2019-05-20 00:00:00-04:00,41.13486131852254,42.101512724287986,40.33511234028419,41.037498474121094,20910600,0.0,0.0
2019-05-21 00:00:00-04:00,41.10007973991192,41.468660948675534,40.86363246844433,41.37825393676758,14016300,0.0,0.0
2019-05-22 00:00:00-04:00,41.093129951584956,41.28785031364655,41.00272293225666,41.20439910888672,11487100,0.0,0.0
2019-05-23 00:00:00-04:00,41.03054680287605,41.22526719302331,40.71064826110087,40.94013977050781,11706700,0.0,0.0
2019-05-24 00:00:00-04:00,41.079212642477486,41.28088877819794,40.80103847921716,41.25307083129883,8755200,0.0,0.0
2019-05-28 00:00:00-04:00,41.176580907387056,41.63556651009001,40.794093347278924,40.8427734375,21860500,0.0,0.0
2019-05-29 00:00:00-04:00,40.80104965932362,40.98186371084825,40.272521787742875,40.460289001464844,13418700,0.0,0.0
2019-05-30 00:00:00-04:00,40.070836108984416,40.070836108984416,39.33367905876397,39.521446228027344,17484900,0.0,0.0
2019-05-31 00:00:00-04:00,38.31139731430362,38.55479776019786,37.73418675280316,37.796775817871094,29916600,0.0,0.0
2019-06-03 00:00:00-04:00,38.02627478016815,39.285009403231626,37.9428235670791,39.20851135253906,19518300,0.0,0.0
2019-06-04 00:00:00-04:00,39.36151073415216,39.62577604377838,38.89557185023397,39.09724807739258,15201200,0.0,0.0
2019-06-05 00:00:00-04:00,39.30587566663662,39.903948504392,39.29196668751829,39.660545349121094,11522900,0.0,0.0
2019-06-06 00:00:00-04:00,39.64662418213791,40.20992572536485,39.64662418213791,40.01520538330078,9906900,0.0,0.0
2019-06-07 00:00:00-04:00,40.33510741631375,40.43246759596354,39.74399052394517,39.80657958984375,11656600,0.0,0.0
2019-06-10 00:00:00-04:00,39.89698748890768,39.89698748890768,38.90947397600092,39.048561096191406,14955400,0.0,0.0
2019-06-11 00:00:00-04:00,39.291952136861376,39.91784270107264,39.06941385911193,39.521446228027344,15378600,0.0,0.0
2019-06-12 00:00:00-04:00,39.639681230705385,40.03607783078313,39.639681230705385,39.890037536621094,11911000,0.0,0.0
2019-06-13 00:00:00-04:00,39.98739534491729,40.1543004231833,39.89698831698711,40.07084655761719,9218700,0.0,0.0
2019-06-14 00:00:00-04:00,40.112572229368986,40.724553959950335,40.001303064978394,40.52983093261719,11826600,0.0,0.0
2019-06-17 00:00:00-04:00,40.44637935703308,40.56460433536691,39.80658233078543,40.07780075073242,11027000,0.0,0.0
2019-06-18 00:00:00-04:00,40.20993563990869,40.335113791490905,39.750949968396036,39.86917495727539,12257500,0.0,0.0
2019-06-19 00:00:00-04:00,39.91089567922175,40.23079419234558,39.764855399691236,40.07780075073242,10516400,0.0,0.0
2019-06-20 00:00:00-04:00,40.26556874151981,40.30033985833895,39.59099793319051,39.87612533569336,15302800,0.0,0.0
2019-06-21 00:00:00-04:00,39.70226863399083,40.27947662353413,39.70226863399083,40.17516326904297,22474300,0.0,0.0
2019-06-24 00:00:00-04:00,40.32119675944221,40.801044476084755,40.286425647140426,40.52287292480469,9141800,0.0,0.0
2019-06-25 00:00:00-04:00,40.460280196538996,40.51591344060931,40.27251302367874,40.33510208129883,10571700,0.0,0.0
2019-06-26 00:00:00-04:00,40.4533370913326,40.48811086427444,39.58404582511486,39.632728576660156,15042100,0.0,0.0
2019-06-27 00:00:00-04:00,39.75094471543882,39.896984988697206,39.53535956001026,39.813533782958984,9123300,0.0,0.0
2019-06-28 00:00:00-04:00,39.79267635520259,39.93871664574851,39.52145791479837,39.73008728027344,14604000,0.0,0.0
2019-07-01 00:00:00-04:00,39.93175660658979,39.93175660658979,39.36150182993765,39.403228759765625,15796800,0.0,0.0
2019-07-02 00:00:00-04:00,39.55621938499724,40.43941938118197,39.50753930002267,40.42551040649414,14985700,0.0,0.0
2019-07-03 00:00:00-04:00,40.41855459271739,40.50896160175546,40.098656133494295,40.42551040649414,8437800,0.0,0.0
2019-07-05 00:00:00-04:00,40.39074806233433,40.68978179799305,40.17516288718235,40.550697326660156,6938500,0.0,0.0
2019-07-08 00:00:00-04:00,40.307289862033926,40.54373715188848,40.2029765197506,40.258609771728516,12048200,0.0,0.0
2019-07-09 00:00:00-04:00,40.02179079570289,40.04990156394565,39.53688942628174,39.642303466796875,16733700,0.603,0.0
2019-07-10 00:00:00-04:00,39.846097538689364,40.13422617521505,39.76879427607198,40.056922912597656,10901500,0.0,0.0
2019-07-11 00:00:00-04:00,40.21152612693904,40.33099284602752,39.80392811425865,40.00069808959961,10045700,0.0,0.0
2019-07-12 00:00:00-04:00,40.09908517624607,40.24666265561053,39.9515050160918,40.1904411315918,9669500,0.0,0.0
2019-07-15 00:00:00-04:00,40.260720484955776,40.619123339606105,40.19044357565867,40.46451950073242,11734300,0.0,0.0
2019-07-16 00:00:00-04:00,40.49966116349233,40.56993539989194,40.338028275141,40.345054626464844,10556000,0.0,0.0
2019-07-17 00:00:00-04:00,40.45046875016012,40.54885375365046,40.12017394062228,40.21153259277344,7916700,0.0,0.0
2019-07-18 00:00:00-04:00,40.21153495295219,40.2818091936299,39.90232186007323,40.204505920410156,7549200,0.0,0.0
2019-07-19 00:00:00-04:00,40.323974431569575,40.38019328667806,39.754743444150286,39.768798828125,12240300,0.0,0.0
2019-07-22 00:00:00-04:00,39.74771540743212,39.76177079081095,38.890355786855324,39.0027961730957,15255800,0.0,0.0
2019-07-23 00:00:00-04:00,38.96765727995909,39.10117939479028,38.342207492438575,38.988739013671875,14093500,0.0,0.0
2019-07-24 00:00:00-04:00,39.08010398190423,39.522839227011765,38.94657916468656,39.33309555053711,11173900,0.0,0.0
2019-07-25 00:00:00-04:00,39.47364148171613,39.78285457036374,39.31200858573688,39.6071662902832,11006100,0.0,0.0
2019-07-26 00:00:00-04:00,39.69149427236873,40.21855909080973,39.35417311026132,40.1131477355957,12333100,0.0,0.0
2019-07-29 00:00:00-04:00,40.12017411448107,40.366136624272805,39.937459490177254,40.31694412231445,10165700,0.0,0.0
2019-07-30 00:00:00-04:00,40.27477394007999,40.478570265317096,39.7406801781328,39.79690170288086,13329300,0.0,0.0
2019-07-31 00:00:00-04:00,39.74069063632052,39.86016006745489,38.595202235634794,38.84116744995117,24396200,0.0,0.0
2019-08-01 00:00:00-04:00,40.13422398303286,40.26071973662649,38.8130476014938,38.834129333496094,18677000,0.0,0.0
2019-08-02 00:00:00-04:00,38.72871891504262,39.56499403412586,38.489782783763125,39.0660400390625,17458800,0.0,0.0
2019-08-05 00:00:00-04:00,38.86223767144005,39.283891050701584,38.60221983007545,38.8060188293457,18941500,0.0,0.0
2019-08-06 00:00:00-04:00,38.80601953829731,39.0379266224566,38.2789548151837,38.68655014038086,18747900,0.0,0.0
2019-08-07 00:00:00-04:00,38.47573211338729,39.01685232051241,38.236795952848794,38.71466827392578,11865500,0.0,0.0
2019-08-08 00:00:00-04:00,38.904410620824436,39.23470542358685,38.64439273396373,39.22767639160156,11335900,0.0,0.0
2019-08-09 00:00:00-04:00,39.10820611154624,39.39633473865578,38.98171035517717,39.199562072753906,8948000,0.0,0.0
2019-08-12 00:00:00-04:00,39.248754767119834,39.276865531074826,38.70060827394739,39.136314392089844,10635600,0.0,0.0
2019-08-13 00:00:00-04:00,39.10117597176016,39.705543972659775,39.01684636350135,39.61418533325195,11016500,0.0,0.0
2019-08-14 00:00:00-04:00,39.38227897059695,39.719600090676956,38.99576535472132,39.15739822387695,15041200,0.0,0.0
2019-08-15 00:00:00-04:00,39.02387842303533,39.76177131582051,38.94657515382619,39.564998626708984,12124000,0.0,0.0
2019-08-16 00:00:00-04:00,39.68447451449043,39.83907839731614,39.40337215896792,39.810970306396484,11923500,0.0,0.0
2019-08-19 00:00:00-04:00,40.03584117944385,40.40829942937483,39.83906850711138,40.056922912597656,11011900,0.0,0.0
2019-08-20 00:00:00-04:00,39.986661543178954,40.05693579682192,39.52284449907897,39.54392623901367,9892600,0.0,0.0
2019-08-21 00:00:00-04:00,39.902320954699235,39.902320954699235,39.43147765510296,39.768798828125,7637300,0.0,0.0
2019-08-22 00:00:00-04:00,39.81096108141542,40.02881280971364,39.586080321423,39.90231704711914,9272200,0.0,0.0
2019-08-23 00:00:00-04:00,39.90934785125219,39.993677469797035,39.08712535787168,39.297950744628906,13203000,0.0,0.0
2019-08-26 00:00:00-04:00,39.36118753085891,39.86717046104671,39.22766544907691,39.85311508178711,9486900,0.0,0.0
2019-08-27 00:00:00-04:00,40.40829902796604,40.520739404986166,40.18341827392578,40.18341827392578,16953900,0.0,0.0
2019-08-28 00:00:00-04:00,40.19747967628123,40.84401127077653,40.13423178718579,40.724544525146484,15238900,0.0,0.0
2019-08-29 00:00:00-04:00,40.92834211473326,40.977534617740204,40.3169449817206,40.71751403808594,8538000,0.0,0.0
2019-08-30 00:00:00-04:00,40.75264555708317,41.04780051514912,40.68939768309907,40.87211227416992,9962200,0.0,0.0
2019-09-03 00:00:00-04:00,40.689407196784934,40.89320356657066,40.47155276194933,40.78779220581055,10470100,0.0,0.0
2019-09-04 00:00:00-04:00,40.92834321560999,41.14619496884607,40.73157051749912,40.88617706298828,9232200,0.0,0.0
2019-09-05 00:00:00-04:00,41.16727861058207,41.20241573004349,40.89320264488608,41.1743049621582,9232300,0.0,0.0
2019-09-06 00:00:00-04:00,41.24457993850004,41.5327086124998,41.08997607394752,41.504600524902344,8920200,0.0,0.0
2019-09-09 00:00:00-04:00,41.80678956276074,41.82787130116752,41.20944772692487,41.22350311279297,12848700,0.0,0.0
2019-09-10 00:00:00-04:00,41.638121846454055,42.024635521528886,41.31485605863077,41.961387634277344,13987000,0.0,0.0
2019-09-11 00:00:00-04:00,42.09491692408017,42.2916869583556,41.82786996271303,42.25654983520508,12241500,0.0,0.0
2019-09-12 00:00:00-04:00,42.23545168736472,42.55169105450199,42.15112208305805,42.46736145019531,9491400,0.0,0.0
2019-09-13 00:00:00-04:00,42.22140963791277,42.48142754724349,41.97544443218655,42.13707733154297,10719300,0.0,0.0
2019-09-16 00:00:00-04:00,42.11598863906888,42.15815478528922,41.59595022551146,41.813804626464844,10950500,0.0,0.0
2019-09-17 00:00:00-04:00,41.687308401559896,42.09490643475334,41.687308401559896,42.073822021484375,8801700,0.0,0.0
2019-09-18 00:00:00-04:00,41.89111651653531,42.151134436479545,41.7294836105813,42.115997314453125,8451900,0.0,0.0
2019-09-19 00:00:00-04:00,42.1511344909668,42.446292214109576,42.02463870687569,42.1511344909668,7651700,0.0,0.0
2019-09-20 00:00:00-04:00,42.35492883898929,42.43223210741967,42.144103449227515,42.36898422241211,21019900,0.0,0.0
2019-09-23 00:00:00-04:00,42.25654436051225,42.650084378076684,42.11599320532911,42.31276321411133,8437000,0.0,0.0
2019-09-24 00:00:00-04:00,42.551697038845596,42.867936450457826,42.45331203985294,42.52358627319336,12846300,0.0,0.0
2019-09-25 00:00:00-04:00,42.57277764140335,42.62899648688367,42.24248287654044,42.354923248291016,8088100,0.0,0.0
2019-09-26 00:00:00-04:00,42.263555178271716,42.636013323941164,42.214362694156485,42.47438049316406,7438800,0.0,0.0
2019-09-27 00:00:00-04:00,42.55872053757506,42.65710552377664,42.1792332929777,42.37600326538086,7799000,0.0,0.0
2019-09-30 00:00:00-04:00,42.50953339124035,42.79766203598088,42.397093009897475,42.418174743652344,9709400,0.0,0.0
2019-10-01 00:00:00-04:00,42.446277296687114,42.46735902636309,42.03165296805852,42.05976104736328,8381600,0.0,0.0
2019-10-02 00:00:00-04:00,41.954364641145375,41.968420026192,41.26566685860427,41.39918899536133,12011700,0.0,0.0
2019-10-03 00:00:00-04:00,41.46244081029318,41.54677044776048,40.991597430244035,41.46946716308594,9769300,0.0,0.0
2019-10-04 00:00:00-04:00,41.44135285849284,42.15113233895262,41.434323825963,42.094913482666016,9824900,0.0,0.0
2019-10-07 00:00:00-04:00,42.10896391153173,42.579809876351575,42.094911208812,42.34087371826172,13744600,0.0,0.0
2019-10-08 00:00:00-04:00,42.249517767140134,42.29871027217529,41.666234058527394,41.96841812133789,13832800,0.0,0.0
2019-10-09 00:00:00-04:00,42.17787604591922,42.21337876593534,41.84414451866311,42.05006408691406,10609200,0.615,0.0
2019-10-10 00:00:00-04:00,42.078467994377775,42.618119132933614,42.035865810433556,42.48320770263672,11832100,0.0,0.0
2019-10-11 00:00:00-04:00,42.60392647112179,42.87375209720395,42.52581883920185,42.554222106933594,11349000,0.0,0.0
2019-10-14 00:00:00-04:00,42.55422341566159,42.58972614707578,42.29149995277483,42.31990051269531,6876100,0.0,0.0
2019-10-15 00:00:00-04:00,42.376693616902955,43.09385831540057,42.31988709769954,42.994449615478516,11679200,0.0,0.0
2019-10-16 00:00:00-04:00,42.70332646344642,42.89504441838785,42.56841503234726,42.809837341308594,9298100,0.0,0.0
2019-10-17 00:00:00-04:00,42.76724186542129,42.90925549761304,42.71753750045689,42.89505386352539,7323700,0.0,0.0
2019-10-18 00:00:00-04:00,42.85244858017354,43.52701129557187,42.82404802093554,43.34949493408203,12339700,0.0,0.0
2019-10-21 00:00:00-04:00,43.32109042822763,43.477305688653836,43.07256861271743,43.136474609375,10882300,0.0,0.0
2019-10-22 00:00:00-04:00,43.47729848953932,43.47729848953932,42.96605060093287,43.15066909790039,9603600,0.0,0.0
2019-10-23 00:00:00-04:00,43.029958701171324,43.54120661489659,42.994455975759145,43.22877883911133,10375600,0.0,0.0
2019-10-24 00:00:00-04:00,43.228781402892565,43.328190123416064,42.895049805119825,43.01576232910156,11143800,0.0,0.0
2019-10-25 00:00:00-04:00,43.029956694518525,43.22877682318678,42.04296634719167,42.866641998291016,15036400,0.0,0.0
2019-10-28 00:00:00-04:00,42.92344554550396,43.072558600147524,42.632318897001944,42.731727600097656,14621400,0.0,0.0
2019-10-29 00:00:00-04:00,42.68203436866848,42.83114746216107,42.65363110075997,42.73883819580078,10619900,0.0,0.0
2019-10-30 00:00:00-04:00,42.93054474500169,43.363684984725936,42.89504202392416,43.1861686706543,12136500,0.0,0.0
2019-10-31 00:00:00-04:00,43.17197658042574,43.186178213731765,42.6749302494534,42.93765640258789,12226600,0.0,0.0
2019-11-01 00:00:00-04:00,43.51990349188523,43.55540621564178,42.71752893330297,42.866641998291016,9629100,0.0,0.0
2019-11-04 00:00:00-05:00,42.376708101674815,43.0370692153708,42.28439883075902,42.511619567871094,10133300,0.0,0.0
2019-11-05 00:00:00-05:00,42.390899712684515,42.51160951568295,42.142375228012824,42.24888610839844,10645400,0.0,0.0
2019-11-06 00:00:00-05:00,42.39089593865404,42.696224212646484,42.34119158788169,42.696224212646484,9287600,0.0,0.0
2019-11-07 00:00:00-05:00,42.78852956045026,43.01575292599946,42.57551053322452,42.980247497558594,14604400,0.0,0.0
2019-11-08 00:00:00-05:00,42.63942993455196,42.71753756781482,41.86545848200549,42.14238357543945,17644600,0.0,0.0
2019-11-11 00:00:00-05:00,42.10687461648891,42.38379966896296,42.042968626788415,42.326995849609375,7754000,0.0,0.0
2019-11-12 00:00:00-05:00,42.540017177401616,42.561318272207835,41.99326650500466,42.12107849121094,7709400,0.0,0.0
2019-11-13 00:00:00-05:00,42.00037029878335,42.263093743389106,41.75184577880746,42.18498611450195,10255600,0.0,0.0
2019-11-14 00:00:00-05:00,41.84415011745411,42.135276794433594,41.78024412940085,42.135276794433594,9530200,0.0,0.0
2019-11-15 00:00:00-05:00,42.23468798033673,42.27019070718204,41.93646182441482,42.25598907470703,11758800,0.0,0.0
2019-11-18 00:00:00-05:00,42.22048138544448,42.22048138544448,41.92935472563566,42.20627975463867,10165100,0.0,0.0
2019-11-19 00:00:00-05:00,42.19918175320094,42.426402436584986,42.092670872815326,42.24888610839844,10492700,0.0,0.0
2019-11-20 00:00:00-05:00,42.24178997572604,42.362499788236356,41.957762744772666,42.23468780517578,12362100,0.0,0.0
2019-11-21 00:00:00-05:00,42.326995849609375,42.38379966896296,42.08557352281686,42.326995849609375,8056000,0.0,0.0
2019-11-22 00:00:00-05:00,42.36250086719361,42.62522430187208,42.36250086719361,42.42640686035156,10741300,0.0,0.0
2019-11-25 00:00:00-05:00,42.48321866512262,42.497417590978536,42.050078292026846,42.16368865966797,10644500,0.0,0.0
2019-11-26 00:00:00-05:00,42.284391725198425,42.54001568866512,41.986165573610215,42.525814056396484,11936900,0.0,0.0
2019-11-27 00:00:00-05:00,42.611013149537,42.7956316257193,42.59681422861579,42.67491912841797,8795300,0.0,0.0
2019-11-29 00:00:00-05:00,42.717519811635206,42.98024316175422,42.717519811635206,42.77432632446289,6791400,0.0,0.0
2019-12-02 00:00:00-05:00,42.74593261493068,42.767233707656644,42.341195601032055,42.57551574707031,9142000,0.0,0.0
2019-12-03 00:00:00-05:00,42.596819007992465,42.74593207255064,42.3056923401333,42.70332717895508,10289400,0.0,0.0
2019-12-04 00:00:00-05:00,42.61811542214323,43.051255645756434,42.497402924548844,42.980247497558594,8237500,0.0,0.0
2019-12-05 00:00:00-05:00,43.051257247086085,43.25717411280935,42.83113604251101,43.1861686706543,9812500,0.0,0.0
2019-12-06 00:00:00-05:00,43.31398306957642,43.51280048573982,43.25007708456903,43.44889450073242,9296900,0.0,0.0
2019-12-09 00:00:00-05:00,43.29978197647531,43.392091224562456,43.22167435953112,43.321083068847656,9370200,0.0,0.0
2019-12-10 00:00:00-05:00,43.42049111040449,43.477294921875,43.16486718707728,43.477294921875,8290900,0.0,0.0
2019-12-11 00:00:00-05:00,43.56962131444725,43.61222351264996,43.3068978270187,43.37080383300781,9657500,0.0,0.0
2019-12-12 00:00:00-05:00,43.38499183966083,43.76132831739697,43.38499183966083,43.434696197509766,8571600,0.0,0.0
2019-12-13 00:00:00-05:00,43.399191850653786,43.448896206646154,42.781435777117046,43.179073333740234,10585900,0.0,0.0
2019-12-16 00:00:00-05:00,43.122262296961416,43.50569818195224,43.1080606669228,43.477294921875,11493000,0.0,0.0
2019-12-17 00:00:00-05:00,43.598012651640566,43.818131171928414,43.56250721794381,43.66191864013672,13648700,0.0,0.0
2019-12-18 00:00:00-05:00,43.67612141916669,43.81103557828303,43.186177269897385,43.21458053588867,17292600,0.0,0.0
2019-12-19 00:00:00-05:00,43.242978523742764,43.40629322023206,43.0938627498315,43.17197036743164,11901600,0.0,0.0
2019-12-20 00:00:00-05:00,43.64061308658725,44.18026423638027,43.413392405206245,44.073753356933594,42977900,0.0,0.0
2019-12-23 00:00:00-05:00,44.031152432246785,44.130563859410266,43.54120830173527,43.59801483154297,9477500,0.0,0.0
2019-12-24 00:00:00-05:00,43.64061792475277,43.64061792475277,43.328190130387995,43.5128059387207,6640100,0.0,0.0
2019-12-26 00:00:00-05:00,43.512802920109344,43.57670890869203,43.39209311316666,43.51990509033203,8117800,0.0,0.0
2019-12-27 00:00:00-05:00,43.59091034807479,43.75422504957995,43.49150163487029,43.6903190612793,8166800,0.0,0.0
2019-12-30 00:00:00-05:00,43.77552708604854,43.803927639615694,43.37788954058255,43.463096618652344,6765400,0.0,0.0
2019-12-31 00:00:00-05:00,43.46310067759189,43.59801483154297,43.271382702517535,43.59801483154297,8466700,0.0,0.0
2020-01-02 00:00:00-05:00,43.58381783141728,43.63352219593966,43.17908074391522,43.34949493408203,11447900,0.0,0.0
2020-01-03 00:00:00-05:00,43.0228585203041,43.16487212826296,42.65362422308477,42.88794708251953,13263200,0.0,0.0
2020-01-06 00:00:00-05:00,42.682021081110705,43.02285206385281,42.66071999115304,42.795631408691406,15094500,0.0,0.0
2020-01-07 00:00:00-05:00,42.6749332442068,42.73173978141733,42.30570158707746,42.31990051269531,14293100,0.0,0.0
2020-01-08 00:00:00-05:00,42.369595547464364,42.67492384601736,42.34119499379846,42.39799880981445,15926500,0.0,0.0
2020-01-09 00:00:00-05:00,42.25092404574188,42.61682762435233,42.186352986979664,42.222225189208984,20134600,0.615,0.0
2020-01-10 00:00:00-05:00,42.34419275626067,42.545079272528135,42.215050642410574,42.322669982910156,11786700,0.0,0.0
2020-01-13 00:00:00-05:00,42.34419955480558,42.59530774045642,42.17200912973503,42.437469482421875,14158400,0.0,0.0
2020-01-14 00:00:00-05:00,42.32984072734594,42.423110634256155,42.15765034050195,42.35853958129883,12697100,0.0,0.0
2020-01-15 00:00:00-05:00,42.509203957861466,42.63116998041268,42.236570322271334,42.40158462524414,10291300,0.0,0.0
2020-01-16 00:00:00-05:00,42.60247557602442,42.93967754049038,42.4876828938262,42.8105354309082,10689600,0.0,0.0
2020-01-17 00:00:00-05:00,42.824882056794706,43.154913391289,42.7890098591182,43.14056396484375,15615700,0.0,0.0
2020-01-21 00:00:00-05:00,43.1907883443402,43.38450150839925,43.1190412075368,43.27688217163086,12857600,0.0,0.0
2020-01-22 00:00:00-05:00,43.37016270796184,43.63562033699553,43.24819391394695,43.391685485839844,8847100,0.0,0.0
2020-01-23 00:00:00-05:00,43.31992939346911,43.42754599073019,43.04729575403568,43.4131965637207,11109000,0.0,0.0
2020-01-24 00:00:00-05:00,43.40602517143356,43.52081785580043,43.12621817434391,43.24818420410156,10182800,0.0,0.0
2020-01-27 00:00:00-05:00,42.93251304241938,43.30559002066263,42.7746720455427,42.98273468017578,11482300,0.0,0.0
2020-01-28 00:00:00-05:00,43.032950114887605,43.76475453554616,42.95402962782537,43.54951858520508,15367500,0.0,0.0
2020-01-29 00:00:00-05:00,43.65713481472107,43.70735644480426,42.64552339367253,42.7100944519043,13408900,0.0,0.0
2020-01-30 00:00:00-05:00,42.11460696907303,42.60964990936879,41.85632274391924,42.58812713623047,16719600,0.0,0.0
2020-01-31 00:00:00-05:00,42.57377485968253,43.08316719360893,42.40876055729257,42.6455192565918,14283600,0.0,0.0
2020-02-03 00:00:00-05:00,42.76749280439802,42.817714435232645,41.619563167199246,41.64826202392578,15566400,0.0,0.0
2020-02-04 00:00:00-05:00,41.662605063486296,42.02133250693762,41.361275324686325,41.8204460144043,13924600,0.0,0.0
2020-02-05 00:00:00-05:00,41.99264013590485,42.466160324870444,41.91371964826498,42.42311477661133,10271900,0.0,0.0
2020-02-06 00:00:00-05:00,42.47333160926023,42.81053355898175,42.37288835883793,42.6455192565918,10283700,0.0,0.0
2020-02-07 00:00:00-05:00,42.80335926168169,43.154913367211094,42.71726543993147,43.00424575805664,9418100,0.0,0.0
2020-02-10 00:00:00-05:00,42.997066632612075,43.219478607177734,42.882273973420446,43.219478607177734,8270200,0.0,0.0
2020-02-11 00:00:00-05:00,43.1836158281487,43.29840851963982,41.798927447545594,42.1074333190918,22488200,0.0,0.0
2020-02-12 00:00:00-05:00,42.028519517693084,42.229406062465614,41.69848810387177,41.777408599853516,20938000,0.0,0.0
2020-02-13 00:00:00-05:00,41.8778460976171,42.20787746592971,41.57651632200929,42.0787353515625,19460100,0.0,0.0
2020-02-14 00:00:00-05:00,42.114612585610416,42.19353308014066,41.813280037119846,41.978294372558594,9138900,0.0,0.0
2020-02-18 00:00:00-05:00,42.157652860371506,42.157652860371506,41.476072827927396,41.54781723022461,12427300,0.0,0.0
2020-02-19 00:00:00-05:00,41.70566590025454,42.028521243952554,41.44020554161727,41.77023696899414,13642800,0.0,0.0
2020-02-20 00:00:00-05:00,41.676963806152344,41.870676997343644,41.56934445431035,41.676963806152344,16748600,0.0,0.0
2020-02-21 00:00:00-05:00,41.54781585707791,41.79175064844937,41.46889537503516,41.75587844848633,15704300,0.0,0.0
2020-02-24 00:00:00-05:00,41.73435636306785,42.10743329441377,41.59804089727505,41.60521697998047,18520900,0.0,0.0
2020-02-25 00:00:00-05:00,41.64109342071217,41.89937768691989,40.79449620897525,40.98103332519531,19384900,0.0,0.0
2020-02-26 00:00:00-05:00,41.167570814822184,41.5191222505201,40.82319272527424,40.99538040161133,16803600,0.0,0.0
2020-02-27 00:00:00-05:00,40.73709149356599,41.1675661089486,39.481545321561946,39.50307083129883,25907200,0.0,0.0
2020-02-28 00:00:00-05:00,38.55602728277951,38.87170645147918,37.43679666068814,38.857357025146484,45828300,0.0,0.0
2020-03-02 00:00:00-05:00,39.574813025595304,41.282356490641135,39.37392652507461,41.124515533447266,30736200,0.0,0.0
2020-03-03 00:00:00-05:00,41.04559400205383,41.648256225031275,39.6178602896195,39.96223831176758,27500200,0.0,0.0
2020-03-04 00:00:00-05:00,40.61511927077557,41.79174478033953,40.25639184776837,41.6984748840332,17626400,0.0,0.0
2020-03-05 00:00:00-05:00,40.80166487225578,41.26801171458879,40.52903394421747,41.009727478027344,21249900,0.0,0.0
2020-03-06 00:00:00-05:00,39.668092458979984,41.04560491377551,39.53177424070666,40.80167007446289,22510800,0.0,0.0
2020-03-09 00:00:00-04:00,39.00802144473765,41.31105371231893,38.749737247485676,40.05550765991211,31862200,0.0,0.0
2020-03-10 00:00:00-04:00,40.22770846007347,40.816021440995115,38.68517885346544,40.55056381225586,34330900,0.0,0.0
2020-03-11 00:00:00-04:00,39.71830874112416,39.84027477589933,38.878884978448944,39.33805847167969,21147400,0.0,0.0
2020-03-12 00:00:00-04:00,37.27178335505588,38.742565382382786,36.41083691029493,36.73369216918945,45610600,0.0,0.0
2020-03-13 00:00:00-04:00,38.02511524371952,39.00802783369482,36.9130605339666,38.86453628540039,45744000,0.0,0.0
2020-03-16 00:00:00-04:00,36.51846725881993,38.16861351257206,35.16965084635663,36.583038330078125,36990400,0.0,0.0
2020-03-17 00:00:00-04:00,36.94893521062417,39.80440599168056,36.941761864322324,38.96498489379883,33898000,0.0,0.0
2020-03-18 00:00:00-04:00,38.73539779088499,40.1272595464536,36.50411223750984,38.9721565246582,38417400,0.0,0.0
2020-03-19 00:00:00-04:00,38.57038345770415,39.4026312315595,37.86727781572928,38.469940185546875,33024900,0.0,0.0
2020-03-20 00:00:00-04:00,37.82422934995232,38.053814736308354,36.38214323397515,37.16416931152344,46013800,0.0,0.0
2020-03-23 00:00:00-04:00,36.31040122449629,38.218831585132904,35.24856805827261,36.09516525268555,39225100,0.0,0.0
2020-03-24 00:00:00-04:00,37.27896619282927,37.27896619282927,35.284441898457516,35.86558151245117,40626900,0.0,0.0
2020-03-25 00:00:00-04:00,35.413581777995205,37.24309161184498,35.04050482281083,35.82970428466797,38551300,0.0,0.0
2020-03-26 00:00:00-04:00,35.578596239630656,38.67082850784476,35.52119852160751,38.41254425048828,32610900,0.0,0.0
2020-03-27 00:00:00-04:00,37.41527469933603,38.62777251351997,36.977626765773834,37.8600959777832,25363600,0.0,0.0
2020-03-30 00:00:00-04:00,38.37667183928137,39.48155053656121,37.98206937217377,39.295013427734375,20660200,0.0,0.0
2020-03-31 00:00:00-04:00,38.79279346357627,39.129998205304986,38.41971651752771,38.548858642578125,21251800,0.0,0.0
2020-04-01 00:00:00-04:00,37.66639022364853,38.34797307030836,37.42245539653471,37.96772003173828,18672600,0.0,0.0
2020-04-02 00:00:00-04:00,38.42689106454841,39.81875278938949,38.08968633629816,39.63938903808594,20159400,0.0,0.0
2020-04-03 00:00:00-04:00,39.46001740534059,39.63220777642442,38.94344902896219,39.244781494140625,17612500,0.0,0.0
2020-04-06 00:00:00-04:00,40.0124693289641,40.85189044184938,39.44567917040331,40.67970275878906,20284400,0.0,0.0
2020-04-07 00:00:00-04:00,40.923636819885516,41.526299172995635,40.47163937083447,40.88058853149414,21786000,0.0,0.0
2020-04-08 00:00:00-04:00,41.081472413348756,41.62673975021308,40.622301647699,41.46889877319336,18234200,0.0,0.0
2020-04-09 00:00:00-04:00,41.269476524691655,42.13242891479985,41.247722282532436,41.65381622314453,19689500,0.615,0.0
2020-04-13 00:00:00-04:00,41.617563924603324,41.76984917316747,40.870638667667656,41.09543991088867,12977700,0.0,0.0
2020-04-14 00:00:00-04:00,41.55954378661764,42.3499801499643,41.30573232092219,42.161434173583984,16765600,0.0,0.0
2020-04-15 00:00:00-04:00,41.740835927427874,42.067160603179815,41.12443903324766,41.28397750854492,18372800,0.0,0.0
2020-04-16 00:00:00-04:00,41.54504582070711,42.0599165490314,41.22596882127751,41.813358306884766,17825800,0.0,0.0
2020-04-17 00:00:00-04:00,42.10342313956875,42.553028319689076,41.87136867458358,42.393489837646484,15054300,0.0,0.0
2020-04-20 00:00:00-04:00,42.13243305287296,42.71982254563035,42.03090955774872,42.15419006347656,14002200,0.0,0.0
2020-04-21 00:00:00-04:00,41.617563252160714,42.08892550873787,41.131700009932786,41.20421600341797,14234500,0.0,0.0
2020-04-22 00:00:00-04:00,41.632061444048276,42.47325958114816,41.50153046016145,42.05266189575195,12701100,0.0,0.0
2020-04-23 00:00:00-04:00,42.14693200813666,42.538524958744524,41.67557258208568,41.76259231567383,15684400,0.0,0.0
2020-04-24 00:00:00-04:00,41.79884363761686,42.0526550723504,41.21145707174205,42.0091438293457,15371500,0.0,0.0
2020-04-27 00:00:00-04:00,42.00914649524418,42.2702084372253,41.47977212014121,41.92212677001953,16050100,0.0,0.0
2020-04-28 00:00:00-04:00,41.92938461969712,42.335481352526735,41.784349874664564,41.93663787841797,13392600,0.0,0.0
2020-04-29 00:00:00-04:00,42.335469008645255,42.49500469198785,41.8423526790986,42.14692306518555,17818100,0.0,0.0
2020-04-30 00:00:00-04:00,41.9366259940911,42.03089620028571,41.487018135272784,41.66106033325195,17532400,0.0,0.0
2020-05-01 00:00:00-04:00,41.88586644887994,41.90762345514166,40.99390664875149,41.21146011352539,13857400,0.0,0.0
2020-05-04 00:00:00-04:00,41.22597092056852,41.35650192401698,40.464541911324446,40.78361892700195,11833600,0.0,0.0
2020-05-05 00:00:00-04:00,40.609568524716586,41.29122814336798,40.609568524716586,40.97940444946289,10902400,0.0,0.0
2020-05-06 00:00:00-04:00,40.87063470528253,41.08818543446959,40.27599475456101,40.3485107421875,12460400,0.0,0.0
2020-05-07 00:00:00-04:00,40.6820828917629,40.71834364669663,40.01492704885199,40.304996490478516,14083100,0.0,0.0
2020-05-08 00:00:00-04:00,40.76911105287237,41.3564977426952,40.63132680410298,41.33474349975586,11097900,0.0,0.0
2020-05-11 00:00:00-04:00,41.24047141189517,41.269478913991854,40.78361570225686,40.89964294433594,12636800,0.0,0.0
2020-05-12 00:00:00-04:00,41.15346231242743,41.15346231242743,40.210740380999134,40.21799087524414,13117700,0.0,0.0
2020-05-13 00:00:00-04:00,40.0004196270718,40.28323578521889,39.565318270892725,39.77561569213867,20604500,0.0,0.0
2020-05-14 00:00:00-04:00,39.52181758827627,39.833641324497556,39.05045535455356,39.81913757324219,15859200,0.0,0.0
2020-05-15 00:00:00-04:00,39.61608673543402,39.71035695996419,39.311513521307724,39.67409896850586,10174000,0.0,0.0
2020-05-18 00:00:00-04:00,40.355770534778706,40.75461406391675,39.91341574623526,40.406532287597656,15735900,0.0,0.0
2020-05-19 00:00:00-04:00,40.19622040355002,40.283240130912,39.39128031810679,39.434791564941406,18467100,0.0,0.0
2020-05-20 00:00:00-04:00,39.550824252579496,39.8118862370281,39.19548927012276,39.347774505615234,21405400,0.0,0.0
2020-05-21 00:00:00-04:00,39.471048160392684,39.62333336947563,39.05770101213488,39.13747024536133,18201000,0.0,0.0
2020-05-22 00:00:00-04:00,39.13022698961005,39.36953475045604,38.919926733043795,39.23175048828125,19960000,0.0,0.0
2020-05-26 00:00:00-04:00,39.81188954397887,40.065698290882125,39.28976553171175,39.37678527832031,20830500,0.0,0.0
2020-05-27 00:00:00-04:00,39.60158784580628,40.04394258828643,39.47105684749057,39.98592758178711,17063800,0.0,0.0
2020-05-28 00:00:00-04:00,40.30500878195976,40.4572940404166,40.00043549873802,40.406532287597656,15427900,0.0,0.0
2020-05-29 00:00:00-04:00,40.123706038353646,41.90762573568865,39.80462908135211,41.61030578613281,34227800,0.0,0.0
2020-06-01 00:00:00-04:00,41.11718218127408,41.26221688489882,40.428269413786744,40.45002365112305,18156100,0.0,0.0
2020-06-02 00:00:00-04:00,40.479042462856995,40.943151431173305,40.27599548079552,40.89964294433594,17300400,0.0,0.0
2020-06-03 00:00:00-04:00,40.98665615753573,41.32023407960512,40.82711768771679,41.21146011352539,16086700,0.0,0.0
2020-06-04 00:00:00-04:00,41.14619626940231,41.60305192452221,40.97940453540413,41.49427795410156,16147300,0.0,0.0
2020-06-05 00:00:00-04:00,41.878618899928284,42.14693135467777,41.39275573142767,41.871368408203125,17105600,0.0,0.0
2020-06-08 00:00:00-04:00,41.80610507852975,42.2049485354088,41.53053935150288,42.125179290771484,14963000,0.0,0.0
2020-06-09 00:00:00-04:00,41.87862003954204,42.15418575982287,41.60305431926121,41.95838928222656,14530800,0.0,0.0
2020-06-10 00:00:00-04:00,41.98739454717554,42.22669949618131,41.84235981968039,42.096168518066406,13649100,0.0,0.0
2020-06-11 00:00:00-04:00,41.68282296836236,42.01640091819503,40.89963983543748,40.93589782714844,23412500,0.0,0.0
2020-06-12 00:00:00-04:00,41.06643049586985,41.196961484432705,40.45728680467905,40.99391174316406,17129000,0.0,0.0
2020-06-15 00:00:00-04:00,40.413776222989064,41.00116568125898,40.08744874617244,40.71834945678711,14826800,0.0,0.0
2020-06-16 00:00:00-04:00,41.211463044537886,41.56679523183347,40.783612108390976,41.27672576904297,15021300,0.0,0.0
2020-06-17 00:00:00-04:00,41.43626865697006,41.458022900785316,40.97941017269555,41.080936431884766,10652100,0.0,0.0
2020-06-18 00:00:00-04:00,40.97215435248312,41.305732290377186,40.87788136436268,41.25497055053711,9019500,0.0,0.0
2020-06-19 00:00:00-04:00,41.58855754244363,41.675580057949546,40.60957775661973,40.72560501098633,28868200,0.0,0.0
2020-06-22 00:00:00-04:00,40.544314619006876,40.79812338827295,40.32676385016337,40.36302185058594,12333900,0.0,0.0
2020-06-23 00:00:00-04:00,40.42827067076114,40.500786641674694,39.81912710964358,39.84088134765625,20716400,0.0,0.0
2020-06-24 00:00:00-04:00,39.550821796416976,39.565325546464265,38.76763589170814,39.10846710205078,24794600,0.0,0.0
2020-06-25 00:00:00-04:00,39.093961721009634,39.44204340870027,38.6806145439828,39.362274169921875,17122500,0.0,0.0
2020-06-26 00:00:00-04:00,39.18823429761743,39.20273804690728,38.32527919586861,38.55008316040039,30211900,0.0,0.0
2020-06-29 00:00:00-04:00,38.658854203260915,39.67409160726117,38.658854203260915,39.65958786010742,15930300,0.0,0.0
2020-06-30 00:00:00-04:00,39.82638403796163,40.09469925958902,39.42029010911138,39.97867202758789,17414800,0.0,0.0
2020-07-01 00:00:00-04:00,39.94966907278946,40.123711323744374,39.57983309318342,39.64509582519531,12831600,0.0,0.0
2020-07-02 00:00:00-04:00,39.920659927547675,40.18172191008589,39.69585870526791,39.73211669921875,15814500,0.0,0.0
2020-07-06 00:00:00-04:00,40.13821145856727,40.196226463092465,39.819137232601726,40.05844497680664,11231100,0.0,0.0
2020-07-07 00:00:00-04:00,39.82638387369783,40.12370659367605,39.73936414163274,39.91340637207031,13319700,0.0,0.0
2020-07-08 00:00:00-04:00,39.9641728348232,40.20347781785345,39.75387258837002,40.159969329833984,15320800,0.0,0.0
2020-07-09 00:00:00-04:00,40.07563662779851,40.07563662779851,39.41565249040544,39.55498123168945,17618400,0.615,0.0
2020-07-10 00:00:00-04:00,39.48164985044919,40.02430377086465,39.48164985044919,39.95830535888672,15652200,0.0,0.0
2020-07-13 00:00:00-04:00,40.14896793699704,40.16363456233912,39.7016456548682,39.92897415161133,15285100,0.0,0.0
2020-07-14 00:00:00-04:00,39.91431036804306,40.808954995996615,39.796980154325624,40.65495681762695,15683600,0.0,0.0
2020-07-15 00:00:00-04:00,40.77961940880006,40.86028445062057,40.34696374597689,40.37629699707031,13903600,0.0,0.0
2020-07-16 00:00:00-04:00,40.236954280585856,40.94093812449083,40.15628926116337,40.90427017211914,13477400,0.0,0.0
2020-07-17 00:00:00-04:00,41.06561638495839,41.50560401299084,40.98495133376537,41.28561019897461,13506300,0.0,0.0
2020-07-20 00:00:00-04:00,41.270934679334424,41.270934679334424,40.81628052201262,40.97027587890625,10572900,0.0,0.0
2020-07-21 00:00:00-04:00,40.94827651977539,41.43226391556676,40.918943272182595,40.94827651977539,12619700,0.0,0.0
2020-07-22 00:00:00-04:00,40.94828449302581,41.02894954092648,40.60362576013129,40.882286071777344,11223500,0.0,0.0
2020-07-23 00:00:00-04:00,40.92628172971154,41.13160888691465,40.62562290779012,40.95561218261719,16718700,0.0,0.0
2020-07-24 00:00:00-04:00,41.322269460051515,42.2169140128218,41.168274091996125,41.688926696777344,17981700,0.0,0.0
2020-07-27 00:00:00-04:00,41.798933521436524,42.040928689826124,41.43960812523256,41.7036018371582,12306700,0.0,0.0
2020-07-28 00:00:00-04:00,41.83558402264463,42.31223947951428,41.77692032799568,42.150909423828125,13454700,0.0,0.0
2020-07-29 00:00:00-04:00,42.0702435738225,42.30490394257704,41.916248231334635,42.128910064697266,9341800,0.0,0.0
2020-07-30 00:00:00-04:00,41.952918671882166,42.136247282890956,41.90158688458951,42.018917083740234,12635800,0.0,0.0
2020-07-31 00:00:00-04:00,41.68892058996379,42.16557604683344,41.54225995465526,42.150909423828125,16202900,0.0,0.0
2020-08-03 00:00:00-04:00,42.436900576358084,42.436900576358084,41.8869148148285,41.97491455078125,13493400,0.0,0.0
2020-08-04 00:00:00-04:00,41.94558357017902,42.63489808812604,41.93091694672835,42.46623611450195,11601000,0.0,0.0
2020-08-05 00:00:00-04:00,42.64956610916687,42.67156464637755,42.09958029992003,42.19491195678711,9809300,0.0,0.0
2020-08-06 00:00:00-04:00,42.16558239468784,42.495574468555596,42.12891723034092,42.40757751464844,10369900,0.0,0.0
2020-08-07 00:00:00-04:00,42.40024579388252,42.93556506374777,42.27558366683591,42.9208984375,12783900,0.0,0.0
2020-08-10 00:00:00-04:00,43.008889854792976,43.37554704776692,42.87689304153256,43.258216857910156,12114500,0.0,0.0
2020-08-11 00:00:00-04:00,43.48555006317649,43.712878569269876,42.71557038397006,42.90623092651367,12833100,0.0,0.0
2020-08-12 00:00:00-04:00,42.97221755981445,43.243545869334355,42.913553869494,42.97221755981445,10802100,0.0,0.0
2020-08-13 00:00:00-04:00,42.752236497753756,42.97223029706422,42.67157145195291,42.91356658935547,7428600,0.0,0.0
2020-08-14 00:00:00-04:00,42.88422852123111,43.22155249545302,42.71556653412016,43.11155700683594,8715900,0.0,0.0
2020-08-17 00:00:00-04:00,43.06755999338385,43.21422345198686,42.93556316037843,43.104225158691406,8371900,0.0,0.0
2020-08-18 00:00:00-04:00,43.1628958672486,43.61021820076098,43.10422935914131,43.39755630493164,10130600,0.0,0.0
2020-08-19 00:00:00-04:00,43.52955555567907,43.58821926965428,43.214230050614226,43.30222702026367,10816300,0.0,0.0
2020-08-20 00:00:00-04:00,42.972227651606815,43.33155297967903,42.96489573760944,43.23622131347656,8061500,0.0,0.0
2020-08-21 00:00:00-04:00,43.26554877092578,43.29488201773307,42.92822482475913,43.258216857910156,11059300,0.0,0.0
2020-08-24 00:00:00-04:00,43.33887788259297,43.7128697755307,43.26554756499105,43.683536529541016,10931500,0.0,0.0
2020-08-25 00:00:00-04:00,43.778877330753744,43.81554249721826,43.397553445302414,43.57354736328125,11316800,0.0,0.0
2020-08-26 00:00:00-04:00,43.48555216938125,43.63221563856532,43.192228028386126,43.602882385253906,15096400,0.0,0.0
2020-08-27 00:00:00-04:00,43.70553750307941,43.84486903061566,43.56620877291562,43.580875396728516,11405300,0.0,0.0
2020-08-28 00:00:00-04:00,43.566209371509714,43.566209371509714,43.133553753888364,43.45621109008789,11873900,0.0,0.0
2020-08-31 00:00:00-04:00,43.29489616881042,43.588220340640106,43.28022954061294,43.463558197021484,14555500,0.0,0.0
2020-09-01 00:00:00-04:00,43.35354791625342,43.48554473621902,43.1042209004709,43.38288116455078,13358400,0.0,0.0
2020-09-02 00:00:00-04:00,43.37554424853591,44.54151415884235,43.26554597879348,44.387516021728516,21711900,0.0,0.0
2020-09-03 00:00:00-04:00,44.607519956774595,44.93750922596698,44.1015311889173,44.446189880371094,23126800,0.0,0.0
2020-09-04 00:00:00-04:00,44.350868225097656,45.09884947897025,44.04287742505363,44.350868225097656,22250100,0.0,0.0
2020-09-08 00:00:00-04:00,44.58552010662911,44.58552010662911,43.72020879096426,43.96953582763672,18469700,0.0,0.0
2020-09-09 00:00:00-04:00,44.08686958043937,44.548858526197705,43.97687407731699,44.02820587158203,15896200,0.0,0.0
2020-09-10 00:00:00-04:00,44.16752596156873,44.18219258524852,43.56620837755929,43.654205322265625,15811200,0.0,0.0
2020-09-11 00:00:00-04:00,43.69086855567453,43.96952598334094,43.529538510014504,43.84486389160156,13924800,0.0,0.0
2020-09-14 00:00:00-04:00,44.013530562291116,44.570848274669856,43.99886393862688,44.233524322509766,11932500,0.0,0.0
2020-09-15 00:00:00-04:00,44.07953549010724,44.805515285949134,44.07220077850399,44.43885803222656,9444300,0.0,0.0
2020-09-16 00:00:00-04:00,44.3875213890995,44.680848278967126,44.233526030736634,44.27019119262695,12699000,0.0,0.0
2020-09-17 00:00:00-04:00,44.438861913650086,44.72485694632655,44.072204627902565,44.4315299987793,14996200,0.0,0.0
2020-09-18 00:00:00-04:00,44.130857770285154,44.68817544498036,44.108859234962466,44.25551986694336,22584500,0.0,0.0
2020-09-21 00:00:00-04:00,43.99887139741171,44.05753790201392,43.28022350027207,43.7128791809082,15871400,0.0,0.0
2020-09-22 00:00:00-04:00,43.8008686577135,44.270189424863105,43.64687330549987,43.86686706542969,12198900,0.0,0.0
2020-09-23 00:00:00-04:00,43.874209071039814,44.10153478190407,43.155558379805704,43.19955825805664,15416200,0.0,0.0
2020-09-24 00:00:00-04:00,43.26555559014283,43.67621271805264,43.008896633557214,43.404884338378906,10875300,0.0,0.0
2020-09-25 00:00:00-04:00,43.15554616004601,43.59553642585069,43.12621571355671,43.551536560058594,10676300,0.0,0.0
2020-09-28 00:00:00-04:00,43.67620827518338,43.85220217111867,43.39754800968453,43.529544830322266,11910500,0.0,0.0
2020-09-29 00:00:00-04:00,43.470889296361676,43.62488749085757,43.338892442435615,43.441558837890625,10005900,0.0,0.0
2020-09-30 00:00:00-04:00,43.60288803225984,43.78621669313955,43.30222914031206,43.6248893737793,16348400,0.0,0.0
2020-10-01 00:00:00-04:00,43.55887012314472,43.705530743847085,43.287541820626885,43.59553527832031,14547100,0.0,0.0
2020-10-02 00:00:00-04:00,43.47822400900937,43.66888457725076,43.34622715508331,43.441558837890625,10741800,0.0,0.0
2020-10-05 00:00:00-04:00,43.72754750962949,43.881542894146875,43.45621911133921,43.74954605102539,10457400,0.0,0.0
2020-10-06 00:00:00-04:00,43.8228761903435,43.97687437154192,43.507553508051316,43.602882385253906,12524900,0.0,0.0
2020-10-07 00:00:00-04:00,43.720211095297024,43.83754130712854,43.41222033825414,43.7128791809082,13674700,0.0,0.0
2020-10-08 00:00:00-04:00,43.81514894864017,44.26723399742559,43.703982301547526,43.867027282714844,14266400,0.628,0.0
2020-10-09 00:00:00-04:00,43.911499717353635,44.126425879720074,43.78551027351241,43.97079086303711,9846200,0.0,0.0
2020-10-12 00:00:00-04:00,43.97077844450898,44.23017006572143,43.83737623155497,44.13382339477539,20211200,0.0,0.0
2020-10-13 00:00:00-04:00,44.24499695637821,44.25981973998911,43.61504137512084,43.99301528930664,22109600,0.0,0.0
2020-10-14 00:00:00-04:00,44.067126962179245,44.11159531359923,43.27412640504292,43.30377197265625,16591900,0.0,0.0
2020-10-15 00:00:00-04:00,43.06661647873057,43.19260591027689,42.77757923962346,43.10367202758789,13644500,0.0,0.0
2020-10-16 00:00:00-04:00,43.04437990669988,43.30377155290982,42.99249875030099,43.02214431762695,13364200,0.0,0.0
2020-10-19 00:00:00-04:00,43.09626039406968,43.20001705774947,42.30325980490895,42.466304779052734,16075100,0.0,0.0
2020-10-20 00:00:00-04:00,42.64417494081853,42.74051879775938,42.06609766338835,42.42924880981445,18696200,0.0,0.0
2020-10-21 00:00:00-04:00,42.32549358884771,42.770165823103085,42.01422076314326,42.05868911743164,21498300,0.0,0.0
2020-10-22 00:00:00-04:00,42.19209061366808,42.73310952582099,41.88081779341909,42.48854064941406,16636100,0.0,0.0
2020-10-23 00:00:00-04:00,42.7998131449889,42.962860956898226,42.584886997864295,42.955448150634766,12879600,0.0,0.0
2020-10-26 00:00:00-04:00,42.629350306545874,42.87391916829502,42.22173365219269,42.844276428222656,15196800,0.0,0.0
2020-10-27 00:00:00-04:00,42.762751682766016,42.873918316932915,42.47371447591249,42.52559280395508,12253000,0.0,0.0
2020-10-28 00:00:00-04:00,42.184679575148905,42.50336238742196,41.5917823059748,41.73259735107422,18720200,0.0,0.0
2020-10-29 00:00:00-04:00,41.62142881905451,42.473720606469435,41.51767214799333,42.06610107421875,19146100,0.0,0.0
2020-10-30 00:00:00-04:00,41.947520751770156,42.29584913499116,41.7770629632374,42.2365608215332,17632800,0.0,0.0
2020-11-02 00:00:00-05:00,42.740524569385485,43.14073131692125,42.24397395189872,42.762760162353516,16086400,0.0,0.0
2020-11-03 00:00:00-05:00,42.84427685348253,43.266716295643356,42.621937924213114,42.799808502197266,10693500,0.0,0.0
2020-11-04 00:00:00-05:00,42.384781163814246,42.87392174385351,41.93269895861621,42.40701675415039,20785700,0.0,0.0
2020-11-05 00:00:00-05:00,42.992496775229334,43.703976222582696,42.83686179465323,43.096256256103516,20156400,0.0,0.0
2020-11-06 00:00:00-05:00,43.04438873476062,43.54093936710306,42.99250756772132,43.377891540527344,11986200,0.0,0.0
2020-11-09 00:00:00-05:00,44.496976068556705,44.89718272160165,44.104179393313295,44.348751068115234,24265900,0.0,0.0
2020-11-10 00:00:00-05:00,44.67484231874039,45.51231114024598,44.6155540168334,45.282562255859375,22051800,0.0,0.0
2020-11-11 00:00:00-05:00,45.423384081107585,45.46784960741242,44.81566405291364,45.208457946777344,12196900,0.0,0.0
2020-11-12 00:00:00-05:00,45.14175216892346,45.215863256550335,44.71931274970533,45.052818298339844,13293300,0.0,0.0
2020-11-13 00:00:00-05:00,44.9342392893954,45.34926590750578,44.748958741408465,45.25292205810547,10652800,0.0,0.0
2020-11-16 00:00:00-05:00,45.06765336008481,45.549381215220976,44.986129445189796,45.1269416809082,14289400,0.0,0.0
2020-11-17 00:00:00-05:00,44.88236968920958,45.22328528527668,44.7341446565673,45.0231819152832,11698200,0.0,0.0
2020-11-18 00:00:00-05:00,45.304800658494244,45.31962344168137,44.68966787843396,44.704490661621094,11698800,0.0,0.0
2020-11-19 00:00:00-05:00,44.76378944652294,44.79343219080767,44.39322828496947,44.62297439575195,12663000,0.0,0.0
2020-11-20 00:00:00-05:00,44.62297583110544,44.7119125482923,44.43028526484871,44.496986389160156,14225400,0.0,0.0
2020-11-23 00:00:00-05:00,44.474746688669235,44.75637394610218,44.467336709833404,44.637794494628906,11601400,0.0,0.0
2020-11-24 00:00:00-05:00,44.91201244805034,45.06023748073895,44.73414467054989,44.94165802001953,15481400,0.0,0.0
2020-11-25 00:00:00-05:00,44.96388882780085,45.015769990066836,44.71190995850531,44.77119827270508,10604300,0.0,0.0
2020-11-27 00:00:00-05:00,44.85272554933171,45.015773373159824,44.77120163741765,44.897193908691406,5763700,0.0,0.0
2020-11-30 00:00:00-05:00,44.704497152257076,44.9120104926921,44.60815046113057,44.77119827270508,21839100,0.0,0.0
2020-12-01 00:00:00-05:00,44.78602442387088,45.14917279692404,44.674854939050356,44.897193908691406,14282600,0.0,0.0
2020-12-02 00:00:00-05:00,45.504914891102565,45.91253163134096,45.215874790451615,45.47526931762695,14169900,0.0,0.0
2020-12-03 00:00:00-05:00,45.28998530600791,45.82359427966628,45.238106969919706,45.756893157958984,11937200,0.0,0.0
2020-12-04 00:00:00-05:00,45.61608123779297,45.80136183000752,45.408567879203055,45.61608123779297,10495800,0.0,0.0
2020-12-07 00:00:00-05:00,45.593841986352516,45.72724421994506,45.34186030369517,45.46784973144531,12537500,0.0,0.0
2020-12-08 00:00:00-05:00,45.34186212618729,45.72724605792747,45.11952600364872,45.54196548461914,13421100,0.0,0.0
2020-12-09 00:00:00-05:00,45.54197127617802,45.81618576794211,45.275166764339424,45.549381256103516,14949500,0.0,0.0
2020-12-10 00:00:00-05:00,45.40114422563609,45.467845335984244,44.711903188247604,44.84530258178711,15464400,0.0,0.0
2020-12-11 00:00:00-05:00,44.52662221530739,44.860124936708175,44.445098322642565,44.726722717285156,13673000,0.0,0.0
2020-12-14 00:00:00-05:00,44.919422483093335,45.252928079276074,44.29687964593794,44.4525146484375,15706500,0.0,0.0
2020-12-15 00:00:00-05:00,44.51920829375074,45.01576161518483,44.445097207999595,44.87494659423828,15876000,0.0,0.0
2020-12-16 00:00:00-05:00,44.615564734071015,44.80084531616669,44.2227679775612,44.400638580322266,17165900,0.0,0.0
2020-12-17 00:00:00-05:00,44.452510127638895,44.578502374342214,44.17829569962375,44.4747428894043,12095500,0.0,0.0
2020-12-18 00:00:00-05:00,44.467338657420875,45.045413155277025,44.31170365063764,44.80825424194336,31909400,0.0,0.0
2020-12-21 00:00:00-05:00,44.51181410056571,44.56369244441965,43.93373668351679,44.08937454223633,18567500,0.0,0.0
2020-12-22 00:00:00-05:00,43.963368445651305,44.03747953439718,43.62245291396936,43.71879959106445,12951500,0.0,0.0
2020-12-23 00:00:00-05:00,43.87444195101545,43.93373026654985,43.64469301382107,43.696571350097656,14012100,0.0,0.0
2020-12-24 00:00:00-05:00,43.72621495092921,43.778093284867914,43.47423326015961,43.607635498046875,7751100,0.0,0.0
2020-12-28 00:00:00-05:00,43.84479368467384,43.85961646943565,43.466822568297445,43.71139144897461,15355600,0.0,0.0
2020-12-29 00:00:00-05:00,43.74844459680494,43.90408241468553,43.45940737770192,43.58539962768555,15686100,0.0,0.0
2020-12-30 00:00:00-05:00,43.60022428718484,43.681745361672846,43.02955980282629,43.08884811401367,18259800,0.0,0.0
2020-12-31 00:00:00-05:00,43.02956214253766,43.577991066259045,42.99991657175347,43.54093551635742,12906300,0.0,0.0
2021-01-04 00:00:00-05:00,43.69656754065194,43.83738257868988,43.311183628225386,43.61504364013672,19129800,0.0,0.0
2021-01-05 00:00:00-05:00,43.62245702483779,43.79291480674227,43.32600698760396,43.41494369506836,16220000,0.0,0.0
2021-01-06 00:00:00-05:00,43.58539709388201,44.12641595434359,43.38529376294578,43.94113540649414,22678500,0.0,0.0
2021-01-07 00:00:00-05:00,43.64751649197176,44.0145525254692,43.505196805553645,43.84226989746094,19079900,0.628,0.0
2021-01-08 00:00:00-05:00,43.61755038779865,43.71492851219432,42.97336147743572,43.29545593261719,28411600,0.0,0.0
2021-01-11 00:00:00-05:00,43.25800231683444,43.48271864050221,42.913437096715654,43.040775299072266,15688000,0.0,0.0
2021-01-12 00:00:00-05:00,42.89845667156766,43.03328704053452,42.46400262546932,42.89096450805664,22699300,0.0,0.0
2021-01-13 00:00:00-05:00,42.86100261133398,42.88347338606922,42.60632335378355,42.741153717041016,16985400,0.0,0.0
2021-01-14 00:00:00-05:00,42.61381380932508,43.018304910011125,42.44153119771949,42.726173400878906,18341100,0.0,0.0
2021-01-15 00:00:00-05:00,42.53141096169853,43.07073235072637,42.47897725525668,42.9808464050293,15785300,0.0,0.0
2021-01-19 00:00:00-05:00,43.02578931275491,43.130659586384894,42.68122412881046,42.73365783691406,18821300,0.0,0.0
2021-01-20 00:00:00-05:00,42.703700424205245,42.988342631737844,42.44153184978256,42.89096450805664,19923100,0.0,0.0
2021-01-21 00:00:00-05:00,42.83852688585935,43.07822466273239,42.733659465655265,42.89845275878906,13601500,0.0,0.0
2021-01-22 00:00:00-05:00,42.82355197870606,43.21306164015799,42.51643897644517,43.04827117919922,16364500,0.0,0.0
2021-01-25 00:00:00-05:00,43.048267407358615,43.90968045655416,42.83104038987418,43.75986862182617,22444300,0.0,0.0
2021-01-26 00:00:00-05:00,42.688716281508945,42.90594041899257,42.25426229169612,42.37411117553711,37892700,0.0,0.0
2021-01-27 00:00:00-05:00,42.42654485325695,42.666242620767335,41.243037483352275,41.29547119140625,37239000,0.0,0.0
2021-01-28 00:00:00-05:00,41.19809639919991,42.19434264732543,41.19809639919991,41.47524642944336,24000800,0.0,0.0
2021-01-29 00:00:00-05:00,41.19809398912403,41.40033952068866,40.80858439397248,41.01082992553711,26231200,0.0,0.0
2021-02-01 00:00:00-05:00,41.40033844468946,41.40033844468946,40.61382996955037,40.65877151489258,20541100,0.0,0.0
2021-02-02 00:00:00-05:00,40.77114034641412,41.32544048587095,40.57638408098724,40.82357406616211,18974500,0.0,0.0
2021-02-03 00:00:00-05:00,40.681247700124416,41.12319102075823,40.63630329453653,41.040794372558594,13909300,0.0,0.0
2021-02-04 00:00:00-05:00,41.018321067360894,41.47524586015892,40.89098286998334,41.30296325683594,14761700,0.0,0.0
2021-02-05 00:00:00-05:00,41.347907776973344,41.70745445326075,41.325434145227085,41.43779373168945,12069500,0.0,0.0
2021-02-08 00:00:00-05:00,41.47524388417034,41.557640529099864,41.0407927437549,41.23554611206055,17887700,0.0,0.0
2021-02-09 00:00:00-05:00,41.21307869815977,41.42281355149568,40.95839943735628,41.198097229003906,19605600,0.0,0.0
2021-02-10 00:00:00-05:00,41.362892849191866,41.52768330429075,41.138173656689624,41.16813659667969,16232800,0.0,0.0
2021-02-11 00:00:00-05:00,41.21307695640644,41.243039893451865,40.80858587856207,40.89847183227539,17398800,0.0,0.0
2021-02-12 00:00:00-05:00,40.76363685578535,40.95839306709804,40.58386496872108,40.598846435546875,18357300,0.0,0.0
2021-02-16 00:00:00-05:00,40.5314384282394,40.68873957158224,40.32170357044894,40.5614013671875,22095700,0.0,0.0
2021-02-17 00:00:00-05:00,41.94714994464037,42.88347025590466,41.66999993258453,42.688716888427734,40531300,0.0,0.0
2021-02-18 00:00:00-05:00,42.651261887187864,43.15313106102853,42.344148938690566,42.68122482299805,20759900,0.0,0.0
2021-02-19 00:00:00-05:00,42.94340350572579,42.995837223571684,42.20932574103664,42.28423309326172,18689400,0.0,0.0
2021-02-22 00:00:00-05:00,42.34415611761846,42.57636462338122,42.05951675143313,42.28423309326172,17854900,0.0,0.0
2021-02-23 00:00:00-05:00,42.55388708687984,43.093205650114804,42.16437748945173,42.71867752075195,21062000,0.0,0.0
2021-02-24 00:00:00-05:00,42.756146021520514,43.010822486189525,42.44903011605169,42.78610610961914,17136900,0.0,0.0
2021-02-25 00:00:00-05:00,42.03703219725558,42.59133503003874,41.7523929050099,42.32167434692383,24165300,0.0,0.0
2021-02-26 00:00:00-05:00,42.29921078501851,42.40407821134224,41.41532410968553,41.422813415527344,23935200,0.0,0.0
2021-03-01 00:00:00-05:00,41.56513630002853,41.90970152017005,41.407832301769936,41.46775817871094,20550400,0.0,0.0
2021-03-02 00:00:00-05:00,41.43029919951161,41.58760031477658,41.13816488304758,41.183109283447266,17184600,0.0,0.0
2021-03-03 00:00:00-05:00,40.86851256041648,41.924681824047695,40.74866366728893,41.48273849487305,22838700,0.0,0.0
2021-03-04 00:00:00-05:00,41.6100748202998,41.66250853009346,40.8460370894771,41.048282623291016,23692000,0.0,0.0
2021-03-05 00:00:00-05:00,41.160638927693334,42.09695918147424,41.13816529855519,41.947147369384766,23598100,0.0,0.0
2021-03-08 00:00:00-05:00,41.909702476979284,42.92092738534904,41.81232435343853,42.538909912109375,23648800,0.0,0.0
2021-03-09 00:00:00-05:00,42.621305785706895,42.771114763890516,42.0744921571289,42.09696578979492,20956400,0.0,0.0
2021-03-10 00:00:00-05:00,42.46399968240653,42.91343516695463,41.83479228997756,42.756134033203125,18848600,0.0,0.0
2021-03-11 00:00:00-05:00,42.70369686678381,42.83852722451865,41.55015237799658,41.58011245727539,30312900,0.0,0.0
2021-03-12 00:00:00-05:00,41.74491029081592,42.074494058103205,41.65502432835998,41.670005798339844,22002400,0.0,0.0
2021-03-15 00:00:00-04:00,41.80483128561171,41.90220654296714,41.272999164455406,41.677490234375,18970600,0.0,0.0
2021-03-16 00:00:00-04:00,41.722434639062584,41.88722507473795,41.52767840950594,41.677490234375,19044700,0.0,0.0
2021-03-17 00:00:00-04:00,41.774872979899655,42.03704155941474,41.41532627481188,41.759891510009766,17867000,0.0,0.0
2021-03-18 00:00:00-04:00,41.75989067447789,42.22430480207969,41.69247549003382,42.17936325073242,19970700,0.0,0.0
2021-03-19 00:00:00-04:00,42.269234603817395,42.33664976496472,41.9096880301724,42.126914978027344,39055000,0.0,0.0
2021-03-22 00:00:00-04:00,41.84977386651642,42.4490183233704,41.77486938094329,42.389095306396484,20656600,0.0,0.0
2021-03-23 00:00:00-04:00,42.26174920112771,43.01080539702792,42.23178912493289,42.628787994384766,20084100,0.0,0.0
2021-03-24 00:00:00-04:00,42.501454523810665,43.01830232760079,42.41905787594058,42.703697204589844,14819800,0.0,0.0
2021-03-25 00:00:00-04:00,42.733656482583974,43.100695285099626,42.471487950374716,42.9808464050293,18047400,0.0,0.0
2021-03-26 00:00:00-04:00,43.0183011894543,43.632527093333145,42.98084894798322,43.58009338378906,19632700,0.0,0.0
2021-03-29 00:00:00-04:00,43.51267559879522,44.17933517227041,43.407808185990945,44.066978454589844,18577300,0.0,0.0
2021-03-30 00:00:00-04:00,44.096938039822675,44.17184537486384,43.61754252524987,43.887203216552734,13239700,0.0,0.0
2021-03-31 00:00:00-04:00,43.74489272225656,43.83477868569713,43.49021344465556,43.5576286315918,19531700,0.0,0.0
2021-04-01 00:00:00-04:00,43.46023666567951,43.737386631534235,43.25050186529456,43.66997146606445,12885100,0.0,0.0
2021-04-05 00:00:00-04:00,43.842259856572014,44.29169530522296,43.78982614950948,44.09693908691406,14326300,0.0,0.0
2021-04-06 00:00:00-04:00,44.051998026864936,44.27671432495117,43.954619916639224,44.27671432495117,12198300,0.0,0.0
2021-04-07 00:00:00-04:00,44.291691149333865,44.53887819408901,44.03701194288836,44.194313049316406,13218400,0.0,0.0
2021-04-08 00:00:00-04:00,43.942957600192294,44.011098069296295,43.55682731254809,43.609825134277344,16472400,0.628,0.0
2021-04-09 00:00:00-04:00,43.60982288759788,43.761246465379614,43.34483379260323,43.52654266357422,13872000,0.0,0.0
2021-04-12 00:00:00-04:00,43.65525271456903,43.829388825688234,43.48111660344983,43.56439971923828,19564600,0.0,0.0
2021-04-13 00:00:00-04:00,43.43569071510537,43.730965130012756,43.276697243719056,43.624969482421875,15489100,0.0,0.0
2021-04-14 00:00:00-04:00,43.53411185551699,44.01109510714175,43.37511840103023,43.6855354309082,13890100,0.0,0.0
2021-04-15 00:00:00-04:00,43.579539794583695,43.844528885394965,43.564397148228124,43.6855354309082,13338400,0.0,0.0
2021-04-16 00:00:00-04:00,43.9656708388791,44.276087894674575,43.76124942825797,44.124664306640625,19866200,0.0,0.0
2021-04-19 00:00:00-04:00,44.29122607206779,44.45021952378242,43.9808090476021,44.207942962646484,11955400,0.0,0.0
2021-04-20 00:00:00-04:00,44.00352157265721,44.321511364250895,43.88995605921723,44.207942962646484,16673600,0.0,0.0
2021-04-21 00:00:00-04:00,44.215512997886535,44.548642526824686,43.950521039903784,44.01866149902344,18310100,0.0,0.0
2021-04-22 00:00:00-04:00,43.86724958108128,43.980818005817824,43.2615580548714,43.3675537109375,20921900,0.0,0.0
2021-04-23 00:00:00-04:00,43.25397845815475,43.51139765999008,42.988986489350054,43.382686614990234,18099400,0.0,0.0
2021-04-26 00:00:00-04:00,43.42812397871068,43.45083650821996,43.041993648063034,43.11013412475586,15073600,0.0,0.0
2021-04-27 00:00:00-04:00,42.83757190233953,42.94356754967543,42.549867368024415,42.64072036743164,21858600,0.0,0.0
2021-04-28 00:00:00-04:00,42.67858251632093,42.89814661491348,42.655869984799374,42.7240104675293,12862500,0.0,0.0
2021-04-29 00:00:00-04:00,42.814852074693114,43.54925453865387,42.79970942832476,43.397830963134766,18169200,0.0,0.0
2021-04-30 00:00:00-04:00,43.4205486991102,43.80667900742813,43.12527427990521,43.75368118286133,16861500,0.0,0.0
2021-05-03 00:00:00-04:00,44.08681473741334,44.162527985139796,43.8142528219283,43.852108001708984,17559100,0.0,0.0
2021-05-04 00:00:00-04:00,43.897525261041025,44.40479378870758,43.87481273633627,44.36693572998047,22067700,0.0,0.0
2021-05-05 00:00:00-04:00,44.389656427116556,44.71521613140741,44.32908583647419,44.435081481933594,17882200,0.0,0.0
2021-05-06 00:00:00-04:00,44.601642580335195,44.94991477191681,44.435076363420336,44.889347076416016,14593100,0.0,0.0
2021-05-07 00:00:00-04:00,44.51837334792422,44.722794799264264,44.36694972972804,44.45780563354492,15678600,0.0,0.0
2021-05-10 00:00:00-04:00,44.73035842518853,45.31333447060307,44.68493048256616,45.0634880065918,22563000,0.0,0.0
2021-05-11 00:00:00-04:00,45.267907908176404,45.267907908176404,44.132235373931124,44.32151412963867,17971900,0.0,0.0
2021-05-12 00:00:00-04:00,44.10195663405637,44.59408262729898,44.02624627578752,44.22309494018555,14718600,0.0,0.0
2021-05-13 00:00:00-04:00,43.91267191029151,44.81363775974614,43.882386615814546,44.525936126708984,13305100,0.0,0.0
2021-05-14 00:00:00-04:00,44.677358068173575,44.86663683168385,44.419938834273005,44.435081481933594,13770000,0.0,0.0
2021-05-17 00:00:00-04:00,44.58650459170926,44.72278553102677,43.81424689829825,43.867244720458984,22387000,0.0,0.0
2021-05-18 00:00:00-04:00,43.53411618908676,43.53411618908676,42.88299677180449,43.291839599609375,26579000,0.0,0.0
2021-05-19 00:00:00-04:00,42.792141683932776,43.11012860903782,42.66343062746314,43.09498596191406,20213500,0.0,0.0
2021-05-20 00:00:00-04:00,43.08742359758237,43.344842867255124,42.96628528762844,42.9965705871582,20768900,0.0,0.0
2021-05-21 00:00:00-04:00,43.200993665395416,43.382699693136054,42.95871703629774,43.087425231933594,15474400,0.0,0.0
2021-05-24 00:00:00-04:00,43.22369830923596,43.38269177653673,42.98899160405525,43.14041519165039,12970700,0.0,0.0
2021-05-25 00:00:00-04:00,43.155556236965914,43.178268763404276,42.618005264717596,42.76185607910156,15935100,0.0,0.0
2021-05-26 00:00:00-04:00,42.754280723454976,42.82242118220683,42.60285716087705,42.670997619628906,14045200,0.0,0.0
2021-05-27 00:00:00-04:00,42.64072782108743,42.814863970459164,42.413593838783655,42.61801528930664,30754300,0.0,0.0
2021-05-28 00:00:00-04:00,42.66343733603441,42.88300142160711,42.61801227568495,42.76943588256836,14027800,0.0,0.0
2021-06-01 00:00:00-04:00,42.96627753214397,43.049560646735515,42.580150141414045,42.6861457824707,14922800,0.0,0.0
2021-06-02 00:00:00-04:00,42.63315234456781,43.03442242357932,42.52715380445005,42.89057159423828,13681100,0.0,0.0
2021-06-03 00:00:00-04:00,42.92842390191603,43.3221240743975,42.837570904624826,43.14041519165039,14212500,0.0,0.0
2021-06-04 00:00:00-04:00,43.094982121606186,43.4356844311183,43.07984236399619,43.382686614990234,11868100,0.0,0.0
2021-06-07 00:00:00-04:00,43.32969647635764,43.40540971864489,43.20855817686292,43.306983947753906,11144100,0.0,0.0
2021-06-08 00:00:00-04:00,43.33727118381217,43.34484106429717,42.99656879868687,43.26913070678711,15858400,0.0,0.0
2021-06-09 00:00:00-04:00,43.269126018232654,43.556827656128135,43.163127485773344,43.19341278076172,14705100,0.0,0.0
2021-06-10 00:00:00-04:00,43.405405431880624,43.61739671301868,43.32212231767222,43.4129753112793,12013600,0.0,0.0
2021-06-11 00:00:00-04:00,43.52654906902098,43.57197412732517,43.16313127359777,43.40541076660156,12929000,0.0,0.0
2021-06-14 00:00:00-04:00,43.299409479458454,43.35998007091019,43.04199024211814,43.291839599609375,11907600,0.0,0.0
2021-06-15 00:00:00-04:00,43.29184275976664,43.49626418859114,43.27670011079834,43.375125885009766,12602700,0.0,0.0
2021-06-16 00:00:00-04:00,43.435685376829476,43.45082802293353,42.87542191180167,42.882991790771484,15678400,0.0,0.0
2021-06-17 00:00:00-04:00,42.89057666643419,43.09499522613766,42.77700823267427,42.799720764160156,14761100,0.0,0.0
2021-06-18 00:00:00-04:00,42.6331527430475,42.6331527430475,42.07288629270516,42.26216506958008,38210500,0.0,0.0
2021-06-21 00:00:00-04:00,42.451441367344906,42.769431195770345,42.38330089612265,42.69371795654297,13628200,0.0,0.0
2021-06-22 00:00:00-04:00,42.920846351591855,42.98898681400888,42.610429331284145,42.67856979370117,13866600,0.0,0.0
2021-06-23 00:00:00-04:00,42.73914726039752,42.96628120897942,42.43630007017842,42.45144271850586,16524500,0.0,0.0
2021-06-24 00:00:00-04:00,42.51957634411623,42.7088550854786,42.44386600283704,42.67856979370117,15386200,0.0,0.0
2021-06-25 00:00:00-04:00,42.60286266787915,42.79214142352737,42.54229207975271,42.6861457824707,14540300,0.0,0.0
2021-06-28 00:00:00-04:00,42.68614112544575,42.776994109558814,42.52714479304253,42.53471755981445,13754900,0.0,0.0
2021-06-29 00:00:00-04:00,42.54987132948702,42.678579516616466,42.26216676838614,42.27730941772461,15313000,0.0,0.0
2021-06-30 00:00:00-04:00,42.216736414740765,42.50444095944743,42.216736414740765,42.42115783691406,14559700,0.0,0.0
2021-07-01 00:00:00-04:00,42.53473215522335,42.72401095517071,42.413593838783655,42.61801528930664,11672200,0.0,0.0
2021-07-02 00:00:00-04:00,42.68614614419461,42.82999695996699,42.595290261235036,42.731571197509766,11387100,0.0,0.0
2021-07-06 00:00:00-04:00,42.761867769036115,42.78458030168346,42.39845280585152,42.70886993408203,13815900,0.0,0.0
2021-07-07 00:00:00-04:00,42.66343979891435,42.837578834190296,42.55744413442655,42.799720764160156,14393300,0.0,0.0
2021-07-08 00:00:00-04:00,42.68334249897473,42.85943486195017,42.53021781620162,42.6297492980957,18384000,0.628,0.0
2021-07-09 00:00:00-04:00,42.645065936070985,43.05084389979753,42.58381488914814,42.9283447265625,13757000,0.0,0.0
2021-07-12 00:00:00-04:00,42.867090535258704,43.150369285670905,42.78287181796069,42.98958969116211,13451500,0.0,0.0
2021-07-13 00:00:00-04:00,43.08146502759404,43.242244628445945,42.874747146237155,42.94365310668945,12511900,0.0,0.0
2021-07-14 00:00:00-04:00,42.94365859304523,43.20396970794266,42.897720306671296,43.1197509765625,14821700,0.0,0.0
2021-07-15 00:00:00-04:00,43.11974504305771,43.33411784208239,43.05849692359795,43.29583740234375,12813900,0.0,0.0
2021-07-16 00:00:00-04:00,43.39536996943747,43.47958869133881,43.18865208493699,43.226932525634766,11637900,0.0,0.0
2021-07-19 00:00:00-04:00,43.00490392851102,43.211621822854845,42.34647272356952,42.75225067138672,21958500,0.0,0.0
2021-07-20 00:00:00-04:00,42.83647092818063,43.46427955390851,42.5225666153167,42.553192138671875,20258900,0.0,0.0
2021-07-21 00:00:00-04:00,43.288180101758755,43.525520567450656,42.813493329154596,42.836463928222656,25264100,0.0,0.0
2021-07-22 00:00:00-04:00,42.989588599365604,43.089117153089866,42.58380778274526,42.836463928222656,16231400,0.0,0.0
2021-07-23 00:00:00-04:00,42.74459461952799,42.897716385556656,42.59912485294608,42.782875061035156,14894300,0.0,0.0
2021-07-26 00:00:00-04:00,42.782870252539105,42.828805608940705,42.530214109889734,42.70630645751953,15330500,0.0,0.0
2021-07-27 00:00:00-04:00,42.62209312956202,43.13506039888259,42.47662628155704,43.02787399291992,15225800,0.0,0.0
2021-07-28 00:00:00-04:00,43.058500534452364,43.11974865904835,42.63740690018365,42.660377502441406,14595900,0.0,0.0
2021-07-29 00:00:00-04:00,42.79053007205268,43.012560722120895,42.78287515197917,42.85943603515625,12841900,0.0,0.0
2021-07-30 00:00:00-04:00,42.89771156415325,43.01255579637754,42.69099369851562,42.70630645751953,13856900,0.0,0.0
2021-08-02 00:00:00-04:00,42.92068273017932,43.073804481021746,42.62974614648038,42.69099426269531,13833400,0.0,0.0
2021-08-03 00:00:00-04:00,42.69100128213429,42.83647105820762,42.54553442667162,42.668033599853516,12573100,0.0,0.0
2021-08-04 00:00:00-04:00,42.56849499842259,42.652713713531966,42.32349669298267,42.39240264892578,16446100,0.0,0.0
2021-08-05 00:00:00-04:00,42.42303632774523,42.49194229694308,42.30053715146135,42.33881759643555,12776600,0.0,0.0
2021-08-06 00:00:00-04:00,42.361779902558,42.56083992980062,42.26990334788279,42.27756118774414,12660300,0.0,0.0
2021-08-09 00:00:00-04:00,42.323499374103115,42.43068577444688,42.19334529386008,42.20100021362305,13452400,0.0,0.0
2021-08-10 00:00:00-04:00,42.1856869373468,42.51490397472347,42.10912605821236,42.47662353515625,11756900,0.0,0.0
2021-08-11 00:00:00-04:00,42.57615393098374,42.75990120447427,42.50724797327223,42.545528411865234,11727300,0.0,0.0
2021-08-12 00:00:00-04:00,42.58381214770235,42.721624073796086,42.51490618465549,42.599124908447266,10744800,0.0,0.0
2021-08-13 00:00:00-04:00,42.645057266892074,42.85943004632155,42.62974450827424,42.775211334228516,8384600,0.0,0.0
2021-08-16 00:00:00-04:00,42.81349775288371,42.92834199825982,42.553189581837444,42.85943603515625,12964200,0.0,0.0
2021-08-17 00:00:00-04:00,42.77521079403723,43.02786692712562,42.698649922525014,43.01255416870117,11847600,0.0,0.0
2021-08-18 00:00:00-04:00,42.91302192692392,42.92833468507278,42.453650864898016,42.468963623046875,15093500,0.0,0.0
2021-08-19 00:00:00-04:00,42.338809452148936,42.614433275921385,42.25459073703956,42.39240264892578,12679900,0.0,0.0
2021-08-20 00:00:00-04:00,42.36177348678755,42.652707104032764,42.26224202793538,42.507240295410156,10645100,0.0,0.0
2021-08-23 00:00:00-04:00,42.53021843402354,42.652717597899446,42.42303203070842,42.430686950683594,11963700,0.0,0.0
2021-08-24 00:00:00-04:00,42.42303251558514,42.430687435647805,42.109128222027174,42.116783142089844,15478400,0.0,0.0
2021-08-25 00:00:00-04:00,42.1244288618801,42.17036713086926,41.96364930133249,42.05552291870117,14666300,0.0,0.0
2021-08-26 00:00:00-04:00,42.04022274673895,42.155066993284635,41.77991165243116,41.802879333496094,15256200,0.0,0.0
2021-08-27 00:00:00-04:00,41.84115173929579,41.978963630818114,41.749275197874404,41.93302536010742,13213800,0.0,0.0
2021-08-30 00:00:00-04:00,41.91005768505695,42.07849216977666,41.864119414346256,41.93302536010742,11621200,0.0,0.0
2021-08-31 00:00:00-04:00,41.88709640113203,42.216313446221065,41.78756784004773,42.109127044677734,18405600,0.0,0.0
2021-09-01 00:00:00-04:00,42.109121105254054,42.22396533105783,41.955996444385676,42.06318283081055,12647300,0.0,0.0
2021-09-02 00:00:00-04:00,42.055537629893436,42.34647426070962,42.03256994766949,42.33116149902344,12875900,0.0,0.0
2021-09-03 00:00:00-04:00,42.292876209658935,42.4919362475519,42.23928008959242,42.4383430480957,11006200,0.0,0.0
2021-09-07 00:00:00-04:00,42.40005813286688,42.49193176214938,41.95599690354981,41.971309661865234,15500900,0.0,0.0
2021-09-08 00:00:00-04:00,41.94834852436333,42.17803409368211,41.94834852436333,42.04022216796875,11835900,0.0,0.0
2021-09-09 00:00:00-04:00,41.97896855926852,42.00959115606108,41.6727192264622,41.68037414550781,19403300,0.0,0.0
2021-09-10 00:00:00-04:00,41.77224840896968,41.85646419629756,41.511937366530056,41.51959228515625,15944100,0.0,0.0
2021-09-13 00:00:00-04:00,41.64975700177337,42.09381537981046,41.64975700177337,41.81819152832031,20749000,0.0,0.0
2021-09-14 00:00:00-04:00,41.841159865890624,41.93303350454641,41.557878189068965,41.65740966796875,16937500,0.0,0.0
2021-09-15 00:00:00-04:00,41.58084719699557,41.8488131830684,41.58084719699557,41.7799072265625,15330000,0.0,0.0
2021-09-16 00:00:00-04:00,41.81819635476949,41.94835337548879,41.611478442293524,41.6727294921875,14431400,0.0,0.0
2021-09-17 00:00:00-04:00,41.45069399737125,41.69569232723727,41.38944587520999,41.55788040161133,30787600,0.0,0.0
2021-09-20 00:00:00-04:00,41.3894426383563,41.78756562340605,41.35115927931267,41.542564392089844,20440500,0.0,0.0
2021-09-21 00:00:00-04:00,41.56553711460852,41.8335031179389,41.351161391333825,41.36647415161133,16906900,0.0,0.0
2021-09-22 00:00:00-04:00,41.45069438127345,41.64209951079216,41.35882073687541,41.38944625854492,15907900,0.0,0.0
2021-09-23 00:00:00-04:00,41.49663504246174,41.81053935604173,41.351165266498136,41.665069580078125,14714100,0.0,0.0
2021-09-24 00:00:00-04:00,41.619126544483045,41.77990613191426,41.53490783089237,41.62678146362305,12663900,0.0,0.0
2021-09-27 00:00:00-04:00,41.68803349318616,41.841158165128455,41.634440296097885,41.703346252441406,13118200,0.0,0.0
2021-09-28 00:00:00-04:00,41.688037884339124,41.871785173536495,41.36647574732798,41.466007232666016,19528200,0.0,0.0
2021-09-29 00:00:00-04:00,41.41240315298103,41.84880650096673,41.41240315298103,41.63443374633789,14823000,0.0,0.0
2021-09-30 00:00:00-04:00,41.726317287190064,41.733972207128296,41.34350703684887,41.35116195678711,18736600,0.0,0.0
2021-10-01 00:00:00-04:00,41.35882358590003,41.77225939508671,41.282259776452115,41.57319641113281,18618400,0.0,0.0
2021-10-04 00:00:00-04:00,41.68803791747932,41.99428437325522,41.55788091030143,41.726318359375,18159200,0.0,0.0
2021-10-05 00:00:00-04:00,41.83349829742206,41.96365528447755,41.588500002434145,41.73396682739258,13218200,0.0,0.0
2021-10-06 00:00:00-04:00,41.60381600062816,41.79522111603027,41.35115984640443,41.74928283691406,21339800,0.0,0.0
2021-10-07 00:00:00-04:00,41.86549365519527,42.1056528077223,41.702804625039086,41.75703430175781,18069600,0.64,0.0
2021-10-08 00:00:00-04:00,41.73379467365361,41.81126775832395,41.23023292212843,41.2457275390625,21384600,0.0,0.0
2021-10-11 00:00:00-04:00,41.26120696444785,41.28445036060399,40.26957541710971,40.42451858520508,32088400,0.0,0.0
2021-10-12 00:00:00-04:00,40.42452275198043,40.42452275198043,39.59558011581599,39.76601791381836,42154000,0.0,0.0
2021-10-13 00:00:00-04:00,39.67305005762814,39.82799324102035,39.40190170316332,39.78150939941406,27246900,0.0,0.0
2021-10-14 00:00:00-04:00,39.71953706286902,40.27733138539078,39.634318157450906,40.22309875488281,27764900,0.0,0.0
2021-10-15 00:00:00-04:00,40.347056836452,40.912597005147425,40.300572989806,40.4942512512207,27005500,0.0,0.0
2021-10-18 00:00:00-04:00,40.4090331848817,40.53298715655666,40.00618203811414,40.215354919433594,20853500,0.0,0.0
2021-10-19 00:00:00-04:00,40.28507645207348,40.61045449718296,40.2230979928361,40.55622482299805,16094800,0.0,0.0
2021-10-20 00:00:00-04:00,40.89710323219404,41.63308123179226,40.842873554304305,41.53236770629883,30659500,0.0,0.0
2021-10-21 00:00:00-04:00,41.65632264490003,41.780276619424704,41.11402289811861,41.36193084716797,17771100,0.0,0.0
2021-10-22 00:00:00-04:00,41.38517726683513,41.38517726683513,40.96683438949633,41.00556945800781,16074000,0.0,0.0
2021-10-25 00:00:00-04:00,41.036550760357514,41.13726132795532,40.641445454165215,40.734413146972656,15987400,0.0,0.0
2021-10-26 00:00:00-04:00,40.82737717324573,41.19149028686342,40.71891782215554,41.121768951416016,15185200,0.0,0.0
2021-10-27 00:00:00-04:00,41.19149037304587,41.21473377353931,40.6491936164603,40.77314758300781,15007400,0.0,0.0
2021-10-28 00:00:00-04:00,40.86611494318811,41.17600135710314,40.765401415371336,40.904850006103516,18374700,0.0,0.0
2021-10-29 00:00:00-04:00,40.67243323758076,41.098524804248676,40.602708948104514,41.05204391479492,17763200,0.0,0.0
2021-11-01 00:00:00-04:00,41.24572079004673,41.34643135069496,40.959074856614215,41.021053314208984,14177700,0.0,0.0
2021-11-02 00:00:00-04:00,41.09851586395015,41.12950508704187,40.68017021809679,40.726654052734375,16913800,0.0,0.0
2021-11-03 00:00:00-04:00,40.74215729282243,41.11401918279264,40.68792761857441,41.0133056640625,12240000,0.0,0.0
2021-11-04 00:00:00-04:00,40.990065885985004,40.990065885985004,39.665307327307055,40.16886901855469,30807500,0.0,0.0
2021-11-05 00:00:00-04:00,40.30056669695791,40.90484183252085,40.30056669695791,40.471004486083984,17442800,0.0,0.0
2021-11-08 00:00:00-05:00,40.51748612493065,40.610450850142385,40.215348551521,40.54072952270508,15985200,0.0,0.0
2021-11-09 00:00:00-05:00,40.517485370176345,40.57171503848095,40.27732625491173,40.471004486083984,16014100,0.0,0.0
2021-11-10 00:00:00-05:00,40.61045224760719,40.87385477418396,40.44776323406445,40.749900817871094,16261100,0.0,0.0
2021-11-11 00:00:00-05:00,40.858361153627364,40.858361153627364,40.56396941328437,40.63369369506836,10983700,0.0,0.0
2021-11-12 00:00:00-05:00,40.6801807869623,40.68792957239589,40.509745926268145,40.54848098754883,14378500,0.0,0.0
2021-11-15 00:00:00-05:00,40.62594171301568,40.70341477295267,40.33929877948645,40.59495544433594,14282700,0.0,0.0
2021-11-16 00:00:00-05:00,40.68018054700183,40.7653994544941,40.316067426756305,40.33156204223633,15876100,0.0,0.0
2021-11-17 00:00:00-05:00,40.29281971441195,40.33155772661476,39.98293630385728,40.07590103149414,17679200,0.0,0.0
2021-11-18 00:00:00-05:00,39.89772461207009,40.013932759077996,39.611081592825464,39.6963005065918,19490300,0.0,0.0
2021-11-19 00:00:00-05:00,39.727279266692456,39.75826849406973,39.25470389272281,39.40190124511719,21105200,0.0,0.0
2021-11-22 00:00:00-05:00,39.39416081017493,40.30832252449254,39.239220551039885,39.928714752197266,22751600,0.0,0.0
2021-11-23 00:00:00-05:00,39.94420193090044,40.40128270294326,39.94420193090044,40.09139633178711,21501600,0.0,0.0
2021-11-24 00:00:00-05:00,39.998442289565,40.37030426113126,39.96745305311042,40.02168273925781,15474500,0.0,0.0
2021-11-26 00:00:00-05:00,39.62657288344161,40.44002097833339,39.587834867493115,40.13013458251953,17048100,0.0,0.0
2021-11-29 00:00:00-05:00,39.98294767133771,40.168877179472716,39.76602892674812,40.02168273925781,18652500,0.0,0.0
2021-11-30 00:00:00-05:00,39.711784570629455,39.78925763891195,38.76663677994606,38.944820404052734,47766200,0.0,0.0
2021-12-01 00:00:00-05:00,39.12300470908546,39.44838273564891,38.53422415636782,38.557464599609375,26295500,0.0,0.0
2021-12-02 00:00:00-05:00,38.603949508429736,39.64206207251903,38.565211494895834,39.30118942260742,27364400,0.0,0.0
2021-12-03 00:00:00-05:00,39.19273266637925,39.88997558191027,39.13850299020413,39.83574295043945,24711700,0.0,0.0
2021-12-06 00:00:00-05:00,40.006184317453354,40.2308518274445,39.47937916899628,39.564598083496094,22433100,0.0,0.0
2021-12-07 00:00:00-05:00,39.51036434977326,39.51811017970783,38.8363648442305,39.34767532348633,27754700,0.0,0.0
2021-12-08 00:00:00-05:00,39.29345237925101,39.39416296213103,38.8518661149427,39.11526870727539,20452700,0.0,0.0
2021-12-09 00:00:00-05:00,39.045536301783436,39.045536301783436,38.63493640302725,38.85960388183594,23628300,0.0,0.0
2021-12-10 00:00:00-05:00,38.991309141491406,38.991309141491406,38.727906586844,38.88284683227539,18498700,0.0,0.0
2021-12-13 00:00:00-05:00,38.81311567902632,39.1539912514313,38.495483503564095,38.95256423950195,27618800,0.0,0.0
2021-12-14 00:00:00-05:00,39.022286607274005,39.626564658151416,38.8750922252282,39.23920822143555,31555900,0.0,0.0
2021-12-15 00:00:00-05:00,39.378660986727105,39.54134999827697,39.107509678848615,39.161739349365234,24115700,0.0,0.0
2021-12-16 00:00:00-05:00,39.24695410021422,40.997803896087355,39.16173521118013,40.86610412597656,40091300,0.0,0.0
2021-12-17 00:00:00-05:00,41.09852163161594,41.23022437059112,40.563970757093514,41.19148635864258,54501100,0.0,0.0
2021-12-20 00:00:00-05:00,40.850615637417555,41.323191034504404,40.81962640852436,41.129512786865234,23418000,0.0,0.0
2021-12-21 00:00:00-05:00,41.261216623109924,41.31544925663924,40.78864413497451,40.88935470581055,23905300,0.0,0.0
2021-12-22 00:00:00-05:00,40.734405041557046,40.98231292912288,40.33155398543879,40.88159942626953,16486500,0.0,0.0
2021-12-23 00:00:00-05:00,40.94358181354293,41.129514238167395,40.80413323389848,40.81188201904297,14921400,0.0,0.0
2021-12-27 00:00:00-05:00,40.81962784889182,40.920341368700726,40.63369837956298,40.81188201904297,19705800,0.0,0.0
2021-12-28 00:00:00-05:00,40.77314451928182,41.129511776916246,40.7576499052157,40.84286880493164,12126500,0.0,0.0
2021-12-29 00:00:00-05:00,40.88160852417824,40.96682743361169,40.548481672008826,40.5639762878418,15109500,0.0,0.0
2021-12-30 00:00:00-05:00,40.57946564845405,40.72666004686126,40.3470523516496,40.47875213623047,15615500,0.0,0.0
2021-12-31 00:00:00-05:00,40.440021787737635,40.525240696056876,40.192113848242954,40.25408935546875,15911400,0.0,0.0
2022-01-03 00:00:00-05:00,40.33930686861023,40.71891755018607,40.26958257833285,40.62594985961914,18240100,0.0,0.0
2022-01-04 00:00:00-05:00,40.78089122028755,41.60983388112178,40.711166933147496,41.42390441894531,26376800,0.0,0.0
2022-01-05 00:00:00-05:00,41.71054228752886,42.33031201102135,41.45488561423468,41.84999084472656,28697300,0.0,0.0
2022-01-06 00:00:00-05:00,42.20636920510115,42.26059888551267,41.57110470145537,41.64857482910156,21563800,0.0,0.0
2022-01-07 00:00:00-05:00,41.75833807403572,42.62079148947488,41.75833807403572,42.52670669555664,26512500,0.64,0.0
2022-01-10 00:00:00-05:00,42.72271398147866,42.989290028922824,42.18956188659033,42.236602783203125,24929400,0.0,0.0
2022-01-11 00:00:00-05:00,42.275812351618306,42.40126274154068,41.67993795399662,42.0170783996582,18598500,0.0,0.0
2022-01-12 00:00:00-05:00,41.86026659165478,42.071959629134895,41.62505310253302,41.907310485839844,12778300,0.0,0.0
2022-01-13 00:00:00-05:00,41.962188720703125,42.362051307257225,41.69561266603324,41.962188720703125,18178200,0.0,0.0
2022-01-14 00:00:00-05:00,42.01708062034662,42.10332627252555,41.61721794949221,41.774024963378906,18695800,0.0,0.0
2022-01-18 00:00:00-05:00,41.63287996600352,42.00138288441593,41.225178300361115,41.89161682128906,21570300,0.0,0.0
2022-01-19 00:00:00-05:00,41.922989864376696,42.08763900013297,41.452559916770944,41.946510314941406,18374200,0.0,0.0
2022-01-20 00:00:00-05:00,41.93866736354887,42.29148605367314,41.61720827437026,41.86810302734375,24297100,0.0,0.0
2022-01-21 00:00:00-05:00,42.12683811887261,42.260127642524445,41.60936730243319,41.679931640625,25294800,0.0,0.0
2022-01-24 00:00:00-05:00,41.6407291051826,42.11115602360236,40.9272465840685,41.52312088012695,32500600,0.0,0.0
2022-01-25 00:00:00-05:00,41.656412274678885,42.220924003990305,40.97428932412104,41.47608184814453,32075900,0.0,0.0
2022-01-26 00:00:00-05:00,41.25655303594929,41.44472563529121,39.83742985489933,40.002079010009766,41504700,0.0,0.0
2022-01-27 00:00:00-05:00,39.915828537482405,40.82532284413307,39.83742504192179,40.13536071777344,35339600,0.0,0.0
2022-01-28 00:00:00-05:00,40.33137111094585,41.49960229785289,40.135359387638744,41.47608184814453,29490800,0.0,0.0
2022-01-31 00:00:00-05:00,41.17814114151951,41.80537802669965,40.93508553999285,41.73481369018555,25182400,0.0,0.0
2022-02-01 00:00:00-05:00,41.868106061239686,42.02491305003481,40.935088327040084,41.71129608154297,33045600,0.0,0.0
2022-02-02 00:00:00-05:00,41.993551160970476,42.55806286988822,41.78969730119069,42.18172073364258,24160200,0.0,0.0
2022-02-03 00:00:00-05:00,42.33853448396913,42.78544099758333,42.10332100168297,42.173885345458984,21219800,0.0,0.0
2022-02-04 00:00:00-05:00,41.96219553787807,42.205251183090816,41.73482119147601,41.79754638671875,16199800,0.0,0.0
2022-02-07 00:00:00-05:00,41.734819578743796,41.836746521623596,41.17030480698098,41.55448913574219,15438900,0.0,0.0
2022-02-08 00:00:00-05:00,41.562320786007085,41.68776815809563,41.22518340362642,41.413352966308594,13911700,0.0,0.0
2022-02-09 00:00:00-05:00,41.672095088680955,42.07195770278928,41.460402060893614,41.946510314941406,16449300,0.0,0.0
2022-02-10 00:00:00-05:00,41.82106324208655,41.97787322580289,41.47608367063196,41.58584976196289,18644400,0.0,0.0
2022-02-11 00:00:00-05:00,41.51528525029095,41.91514786578764,41.31927351916673,41.805381774902344,18833100,0.0,0.0
2022-02-14 00:00:00-05:00,41.75049683441715,41.9073068103793,41.162461667735215,41.766178131103516,16081700,0.0,0.0
2022-02-15 00:00:00-05:00,41.78969470073445,42.017068995224015,41.672089472857984,41.83673858642578,12824100,0.0,0.0
2022-02-16 00:00:00-05:00,41.70345091559753,42.181719973109914,41.62504742688134,41.86810302734375,17277700,0.0,0.0
2022-02-17 00:00:00-05:00,41.632890228729885,42.01707453527828,41.381995453764176,42.00923538208008,17462500,0.0,0.0
2022-02-18 00:00:00-05:00,41.99355674579122,42.30717373892052,41.77402156060869,42.20524978637695,20298500,0.0,0.0
2022-02-22 00:00:00-05:00,42.33852769109191,42.36204813827635,42.0170686189993,42.26012420654297,19858400,0.0,0.0
2022-02-23 00:00:00-05:00,42.26012650355939,42.283646952022266,41.74265570106648,41.87594223022461,17841900,0.0,0.0
2022-02-24 00:00:00-05:00,41.53096708447738,41.6799349253326,40.54306627193773,41.233028411865234,30079700,0.0,0.0
2022-02-25 00:00:00-05:00,41.61720694709493,42.761914594891564,41.61720694709493,42.432613372802734,31444200,0.0,0.0
2022-02-28 00:00:00-05:00,42.18172659615554,42.4169400901369,41.86810960114769,42.07979965209961,30593900,0.0,0.0
2022-03-01 00:00:00-05:00,41.946503549995235,42.48749476204645,41.75833100312024,42.03274917602539,24693100,0.0,0.0
2022-03-02 00:00:00-05:00,42.07980018319668,42.65999626718184,41.970034084013456,42.44830322265625,20712900,0.0,0.0
2022-03-03 00:00:00-05:00,42.63647063591623,43.24018709899538,42.47966066002918,42.85600280761719,27577700,0.0,0.0
2022-03-04 00:00:00-05:00,42.675675806160655,43.42836016172679,42.54238626914691,43.20882797241211,26913800,0.0,0.0
2022-03-07 00:00:00-05:00,42.926568072184004,43.31075237184043,42.730556345827,42.87168502807617,24962800,0.0,0.0
2022-03-08 00:00:00-05:00,43.091219280395514,43.38915795626358,41.70345583202524,41.7504997253418,36526700,0.0,0.0
2022-03-09 00:00:00-05:00,42.11899605892529,42.18956039224647,41.56232054454651,41.61720657348633,23049800,0.0,0.0
2022-03-10 00:00:00-05:00,41.55448327262759,41.82105932269183,41.38199200761503,41.73481369018555,17501800,0.0,0.0
2022-03-11 00:00:00-05:00,41.836744539548356,42.00923582072649,41.56232632031936,41.58584976196289,20838500,0.0,0.0
2022-03-14 00:00:00-04:00,41.89162414935861,42.079793721663634,41.11541643862147,41.16246032714844,23124100,0.0,0.0
2022-03-15 00:00:00-04:00,41.3114308895285,41.55448650999077,40.935088729100926,41.36631393432617,20477600,0.0,0.0
2022-03-16 00:00:00-04:00,41.45255677853703,41.554483708103646,40.73123510074603,41.15462112426758,28500700,0.0,0.0
2022-03-17 00:00:00-04:00,41.14677337184536,41.19381725390214,40.77043128809415,41.05268859863281,22931500,0.0,0.0
2022-03-18 00:00:00-04:00,40.864527804503965,40.997817346517614,39.829586029052734,39.829586029052734,70390600,0.0,0.0
2022-03-21 00:00:00-04:00,40.27648947523179,40.621472034485365,39.96287250152139,40.064796447753906,39892800,0.0,0.0
2022-03-22 00:00:00-04:00,40.13536081313328,40.34705384073188,39.94719122698007,39.986392974853516,28676600,0.0,0.0
2022-03-23 00:00:00-04:00,40.02559374840405,40.347052858583844,39.955029407588896,39.96287155151367,25988800,0.0,0.0
2022-03-24 00:00:00-04:00,40.017755569512936,40.13536081313328,39.93150992965036,39.986392974853516,21087300,0.0,0.0
2022-03-25 00:00:00-04:00,40.033432901357905,40.34704984418203,39.962868565814745,40.2059211730957,18765800,0.0,0.0
2022-03-28 00:00:00-04:00,40.26865698043775,40.29217743485718,39.94719780946293,40.119686126708984,21688600,0.0,0.0
2022-03-29 00:00:00-04:00,40.23729042800586,40.252971726379116,39.95503303909095,40.18240737915039,28193400,0.0,0.0
2022-03-30 00:00:00-04:00,40.15887904879665,40.48033812513093,40.04911297261928,40.464656829833984,23821200,0.0,0.0
2022-03-31 00:00:00-04:00,40.50386101459613,40.57442535223608,39.93150716080609,39.93934631347656,31027600,0.0,0.0
2022-04-01 00:00:00-04:00,40.00207068708412,40.919404066895716,39.84526071874243,40.86452102661133,30550300,0.0,0.0
2022-04-04 00:00:00-04:00,40.78611635857482,41.162458477172244,40.48817772643055,41.13109588623047,25793000,0.0,0.0
2022-04-05 00:00:00-04:00,40.92725048904443,41.47608394016739,40.872367443022306,41.381996154785156,23150600,0.0,0.0
2022-04-06 00:00:00-04:00,41.405518266130244,41.89162651137864,41.217345692313856,41.71129608154297,28661700,0.0,0.0
2022-04-07 00:00:00-04:00,41.62399920575187,42.04460298930969,41.29862583921612,41.798587799072266,22790600,0.64,0.0
2022-04-08 00:00:00-04:00,41.84620460790003,42.600119393576875,41.66367838017959,42.4810791015625,24852200,0.0,0.0
2022-04-11 00:00:00-04:00,42.75089410861305,43.40957836873788,42.62391923076392,42.77470397949219,33614900,0.0,0.0
2022-04-12 00:00:00-04:00,42.75090537007242,42.89375252369653,42.39378748601212,42.592185974121094,21136400,0.0,0.0
2022-04-13 00:00:00-04:00,42.52869578913552,43.147698041536366,42.52869578913552,42.965171813964844,19798000,0.0,0.0
2022-04-14 00:00:00-04:00,42.85406767327994,43.004849414146925,42.67947605846113,42.71915817260742,16915100,0.0,0.0
2022-04-18 00:00:00-04:00,42.663604926626235,43.07627410044219,42.23506653952383,42.36997604370117,14394300,0.0,0.0
2022-04-19 00:00:00-04:00,42.520760662325245,42.782645063091415,42.42552721902815,42.655670166015625,12890000,0.0,0.0
2022-04-20 00:00:00-04:00,42.66361365908705,43.2429399641918,42.61599995484132,43.17945098876953,19563400,0.0,0.0
2022-04-21 00:00:00-04:00,43.33816574044595,44.05239847322894,43.22706307272331,43.655601501464844,32821100,0.0,0.0
2022-04-22 00:00:00-04:00,42.4096511774699,42.48901237310465,40.83833583174261,41.19545364379883,44958400,0.0,0.0
2022-04-25 00:00:00-04:00,40.74311578350577,40.822473971997795,39.31464719940345,39.90190505981445,46028400,0.0,0.0
2022-04-26 00:00:00-04:00,39.88602511145135,40.195529252350106,39.17972707742445,39.21147155761719,29507700,0.0,0.0
2022-04-27 00:00:00-04:00,39.290838419360654,39.290838419360654,38.42582082040463,38.45756530761719,30582000,0.0,0.0
2022-04-28 00:00:00-04:00,38.64008637470724,39.0210110880971,38.330585234285515,38.40994644165039,33011700,0.0,0.0
2022-04-29 00:00:00-04:00,38.21947792120452,38.251222400288185,36.64022490097411,36.74339294433594,41014200,0.0,0.0
2022-05-02 00:00:00-04:00,36.910048632014636,37.3465276713772,36.14819926256045,36.687843322753906,33309400,0.0,0.0
2022-05-03 00:00:00-04:00,36.81481660990493,37.62428266484452,36.552932225044565,37.43381881713867,33263100,0.0,0.0
2022-05-04 00:00:00-04:00,37.489376197211215,38.42581418982675,37.29891233412238,38.38613510131836,29564600,0.0,0.0
2022-05-05 00:00:00-04:00,38.11631213912021,38.35439271905182,37.62428479341419,37.96553039550781,20664300,0.0,0.0
2022-05-06 00:00:00-04:00,37.775068466369916,38.44168746412094,37.71158252851388,38.30677795410156,19322000,0.0,0.0
2022-05-09 00:00:00-04:00,38.1956706083115,38.77499372156089,37.894104115346025,38.584529876708984,24391300,0.0,0.0
2022-05-10 00:00:00-04:00,38.806742556784734,39.235280957999976,37.90998061054977,38.195674896240234,23007300,0.0,0.0
2022-05-11 00:00:00-04:00,38.23535386772148,38.50517591145195,37.7909401994241,37.997276306152344,20133200,0.0,0.0
2022-05-12 00:00:00-04:00,37.94172679263145,38.23535569838128,37.62428801046041,38.1401252746582,21623900,0.0,0.0
2022-05-13 00:00:00-04:00,38.290910529752026,38.44962993533952,37.783010853728726,38.23535919189453,21080500,0.0,0.0
2022-05-16 00:00:00-04:00,38.07663229989516,39.04481775903098,37.90204068534404,38.917842864990234,22754700,0.0,0.0
2022-05-17 00:00:00-04:00,38.8464195368702,39.05275260571067,38.51310854588754,38.83848190307617,22043100,0.0,0.0
2022-05-18 00:00:00-04:00,38.84642196059065,39.251153517050014,38.59247215510232,38.798805236816406,22365100,0.0,0.0
2022-05-19 00:00:00-04:00,38.45756208736894,39.02895070006588,38.19567765809662,38.96546173095703,23186400,0.0,0.0
2022-05-20 00:00:00-04:00,38.91784615344875,39.36225680648277,38.82261270438101,39.306705474853516,24181800,0.0,0.0
2022-05-23 00:00:00-04:00,39.51304198273595,39.893966700858684,39.28289901949912,39.417808532714844,16761800,0.0,0.0
2022-05-24 00:00:00-04:00,39.43367820221467,40.33044012050266,38.77499686612941,40.219337463378906,25414700,0.0,0.0
2022-05-25 00:00:00-04:00,40.076496440397705,40.687564175143656,39.98920061724531,40.66375732421875,19831500,0.0,0.0
2022-05-26 00:00:00-04:00,40.71930856781645,40.95738615848158,40.40186976204906,40.46535873413086,15500400,0.0,0.0
2022-05-27 00:00:00-04:00,40.2748884869026,40.81453255511963,40.1002968685617,40.79072570800781,13347300,0.0,0.0
2022-05-31 00:00:00-04:00,40.67962030118709,40.917700883206514,40.35424693672362,40.70343017578125,25016600,0.0,0.0
2022-06-01 00:00:00-04:00,40.822467161716794,40.97325193294587,40.5129660399818,40.79072570800781,15358100,0.0,0.0
2022-06-02 00:00:00-04:00,40.90976324923501,40.94150773048031,39.98919448436369,40.70343017578125,13527800,0.0,0.0
2022-06-03 00:00:00-04:00,40.42567479964931,40.671690014450206,40.22727631177394,40.322509765625,10819800,0.0,0.0
2022-06-06 00:00:00-04:00,40.41774209781844,40.75105012005033,40.251088086702495,40.66375732421875,12898100,0.0,0.0
2022-06-07 00:00:00-04:00,40.59233114375265,41.028807204232876,40.417739508632316,40.98912811279297,15383000,0.0,0.0
2022-06-08 00:00:00-04:00,41.052614302786026,41.23514054637387,40.82247133278893,40.909767150878906,13249700,0.0,0.0
2022-06-09 00:00:00-04:00,40.96531083162225,41.08435111174615,40.409794569910844,40.42566680908203,12078400,0.0,0.0
2022-06-10 00:00:00-04:00,40.195531015483844,40.790726422264036,40.052683875670965,40.330440521240234,19868500,0.0,0.0
2022-06-13 00:00:00-04:00,40.17172903947616,40.30664159908038,39.203546379320855,39.35432815551758,23762500,0.0,0.0
2022-06-14 00:00:00-04:00,39.35433010435737,39.552728622119346,38.806751285169945,39.013084411621094,20278700,0.0,0.0
2022-06-15 00:00:00-04:00,39.06862815103553,39.54478631738903,38.56866313592655,39.00514221191406,22005600,0.0,0.0
2022-06-16 00:00:00-04:00,38.505178749191344,38.862296631523996,38.10044414010744,38.75912857055664,22029300,0.0,0.0
2022-06-17 00:00:00-04:00,38.576592742784065,39.27495609171739,38.513103789553796,38.9099006652832,36469500,0.0,0.0
2022-06-21 00:00:00-04:00,39.132114051716805,40.40186300787468,39.06069048372541,40.19552993774414,34258500,0.0,0.0
2022-06-22 00:00:00-04:00,39.88602996486932,40.60820032686783,39.846350873460295,40.306636810302734,23650600,0.0,0.0
2022-06-23 00:00:00-04:00,40.49709206497883,41.40972617790141,40.49709206497883,41.33830261230469,21736400,0.0,0.0
2022-06-24 00:00:00-04:00,41.29068879231339,41.385922238009975,40.13204244888871,40.44154357910156,28490700,0.0,0.0
2022-06-27 00:00:00-04:00,40.70343101378654,40.862150395960434,40.195531412686435,40.44154357910156,16974900,0.0,0.0
2022-06-28 00:00:00-04:00,40.52883914937997,40.71136537823115,40.02093955130358,40.04474639892578,16615700,0.0,0.0
2022-06-29 00:00:00-04:00,40.06061439010485,40.47328352659561,39.93363950405539,40.42566680908203,13901400,0.0,0.0
2022-06-30 00:00:00-04:00,40.211401933796125,40.64788100579662,40.04474793938895,40.2748908996582,18880500,0.0,0.0
2022-07-01 00:00:00-04:00,40.44154561758313,41.08435778549455,40.13998210630471,40.9811897277832,14189300,0.0,0.0
2022-07-05 00:00:00-04:00,40.80659103393555,40.83833551194086,40.06061396473097,40.80659103393555,19675600,0.0,0.0
2022-07-06 00:00:00-04:00,40.80659766677302,41.17958777566237,40.576457732126926,40.878021240234375,14938900,0.0,0.0
2022-07-07 00:00:00-04:00,40.95033757100999,41.03069721697853,40.46819195682696,40.74944305419922,13617100,0.64,0.0
2022-07-08 00:00:00-04:00,40.59676871721077,40.91819813963983,40.50837462978538,40.572662353515625,13959200,0.0,0.0
2022-07-11 00:00:00-04:00,40.476230089350416,40.773556208507145,40.38783600340692,40.58069610595703,12259000,0.0,0.0
2022-07-12 00:00:00-04:00,40.7012316350852,41.27177134539607,40.40390553359321,40.805694580078125,20528700,0.0,0.0
2022-07-13 00:00:00-04:00,40.53247582531319,41.05480278509531,40.33961880952782,40.58872604370117,13362500,0.0,0.0
2022-07-14 00:00:00-04:00,40.1146199854561,40.628912579075894,39.961941239707855,40.572662353515625,10271700,0.0,0.0
2022-07-15 00:00:00-04:00,40.98248611340298,41.01462997546421,40.4601590838339,40.998558044433594,13021300,0.0,0.0
2022-07-18 00:00:00-04:00,41.030700807657226,41.11909182784731,40.31551369028149,40.403907775878906,16173100,0.0,0.0
2022-07-19 00:00:00-04:00,40.56462226181209,40.628909981432045,40.37176523376661,40.5405158996582,14638500,0.0,0.0
2022-07-20 00:00:00-04:00,40.55659414995583,40.620878814186796,39.38336760731203,39.431583404541016,29611400,0.0,0.0
2022-07-21 00:00:00-04:00,38.27442802981208,38.47532256671895,37.51102817648447,38.29853439331055,32321000,0.0,0.0
2022-07-22 00:00:00-04:00,36.92441865291759,37.1092412698165,35.172617943553476,35.719051361083984,58265000,0.0,0.0
2022-07-25 00:00:00-04:00,35.662804996698405,36.00030640358386,35.397622692367364,35.968162536621094,27180700,0.0,0.0
2022-07-26 00:00:00-04:00,35.75922414557402,36.29761998153895,35.57440155716484,36.09672546386719,20571800,0.0,0.0
2022-07-27 00:00:00-04:00,36.00833512900693,36.23333601210541,35.71904652764766,36.08869171142578,21560500,0.0,0.0
2022-07-28 00:00:00-04:00,36.032441856359796,36.739591437369924,35.96011970528595,36.60298156738281,22051900,0.0,0.0
2022-07-29 00:00:00-04:00,36.73156562744192,37.3663932593744,36.627102649079454,37.11728286743164,23129800,0.0,0.0
2022-08-01 00:00:00-04:00,37.19764382911246,37.366394552684675,36.900317622352006,37.17353439331055,18612100,0.0,0.0
2022-08-02 00:00:00-04:00,37.165490636617776,37.31013495351721,36.41012825479321,36.434234619140625,18710300,0.0,0.0
2022-08-03 00:00:00-04:00,36.530663824427975,36.65120177923197,36.305662911895226,36.42620086669922,17314100,0.0,0.0
2022-08-04 00:00:00-04:00,36.33781144431107,36.33781144431107,35.64673362084034,35.70298385620117,29704300,0.0,0.0
2022-08-05 00:00:00-04:00,35.743159231698684,36.14494834590223,35.646730702603975,36.12084197998047,17297500,0.0,0.0
2022-08-08 00:00:00-04:00,36.12083730019081,36.16905002578792,35.63868858636879,35.7913703918457,20597000,0.0,0.0
2022-08-09 00:00:00-04:00,35.84762321605442,36.040480263249165,35.670835034952994,35.903873443603516,14554000,0.0,0.0
2022-08-10 00:00:00-04:00,36.16904698379241,36.20922833895359,35.87976145831827,36.032440185546875,16402700,0.0,0.0
2022-08-11 00:00:00-04:00,36.128862869533904,36.36993563460139,35.95207781003456,35.98421859741211,15407300,0.0,0.0
2022-08-12 00:00:00-04:00,36.12083513278697,36.36994237451061,36.00833469260119,36.281551361083984,15090900,0.0,0.0
2022-08-15 00:00:00-04:00,36.1851244297503,36.67530760954518,36.112802271003396,36.61102294921875,15713600,0.0,0.0
2022-08-16 00:00:00-04:00,36.56280216171735,37.0047694868545,36.46637365169273,36.80387496948242,14112800,0.0,0.0
2022-08-17 00:00:00-04:00,36.50655677759034,36.73959518430693,36.369946893670885,36.434234619140625,11294400,0.0,0.0
2022-08-18 00:00:00-04:00,35.694943014355246,35.783337108904945,35.285119471470196,35.5101203918457,25957400,0.0,0.0
2022-08-19 00:00:00-04:00,35.43779769342397,35.75119576901575,35.32529723493811,35.694942474365234,19485400,0.0,0.0
2022-08-22 00:00:00-04:00,35.678870928811726,35.73512115383106,35.4297605998637,35.49404525756836,15031400,0.0,0.0
2022-08-23 00:00:00-04:00,35.357440721694715,35.461906745777476,34.891363895331295,34.93154525756836,19014200,0.0,0.0
2022-08-24 00:00:00-04:00,34.99583053588867,35.060118264274394,34.73065131981658,34.99583053588867,17384400,0.0,0.0
2022-08-25 00:00:00-04:00,35.07619162926076,35.21279845954951,34.89136593530534,35.14851379394531,14327600,0.0,0.0
2022-08-26 00:00:00-04:00,35.02796210230037,35.11635616509314,34.746711052874794,34.75474548339844,16795700,0.0,0.0
2022-08-29 00:00:00-04:00,34.569935666782776,35.01190307821109,34.569935666782776,34.81904602050781,15039500,0.0,0.0
2022-08-30 00:00:00-04:00,34.859225140993196,34.859225140993196,34.152075426783284,34.17618179321289,20705100,0.0,0.0
2022-08-31 00:00:00-04:00,34.12796428940138,34.224392807047224,33.55742148526248,33.59760284423828,28368200,0.0,0.0
2022-09-01 00:00:00-04:00,33.46099296761664,33.79045987952997,33.46099296761664,33.59760284423828,21641700,0.0,0.0
2022-09-02 00:00:00-04:00,33.750283816252775,33.91903449963623,33.06724358422971,33.18777847290039,21155700,0.0,0.0
2022-09-06 00:00:00-04:00,33.227952166402574,33.50116883444745,33.0190232157363,33.02705764770508,23898600,0.0,0.0
2022-09-07 00:00:00-04:00,33.05920286743404,33.46902941907735,32.94670242279695,33.010990142822266,25548300,0.0,0.0
2022-09-08 00:00:00-04:00,32.94670880805481,33.52528613878529,32.713670375909714,33.203853607177734,28753200,0.0,0.0
2022-09-09 00:00:00-04:00,33.493140840030954,34.00743041628048,33.32439014758802,33.943145751953125,20259500,0.0,0.0
2022-09-12 00:00:00-04:00,34.22439324806051,34.4333222165533,34.07974893702421,34.361000061035156,18553200,0.0,0.0
2022-09-13 00:00:00-04:00,34.07171205255694,34.24046271482014,33.40474077017314,33.54938507080078,21284500,0.0,0.0
2022-09-14 00:00:00-04:00,33.5493821724258,33.69402646055743,32.930626732175355,33.17169952392578,23152200,0.0,0.0
2022-09-15 00:00:00-04:00,32.9708137512207,33.163673874938326,32.713668963202316,32.9708137512207,22763400,0.0,0.0
2022-09-16 00:00:00-04:00,32.93063559073595,33.38064050435611,32.67349080164092,33.14760208129883,45069300,0.0,0.0
2022-09-19 00:00:00-04:00,32.99492020079545,33.1475989469438,32.69759407587499,33.139564514160156,18960900,0.0,0.0
2022-09-20 00:00:00-04:00,32.938669575847236,32.938669575847236,32.52080857179256,32.61723709106445,15561200,0.0,0.0
2022-09-21 00:00:00-04:00,32.697596310131,32.86635006419252,31.717232976945677,31.72526741027832,25612100,0.0,0.0
2022-09-22 00:00:00-04:00,31.71723447135457,32.464562488213595,31.54848070934194,32.08687973022461,19806400,0.0,0.0
2022-09-23 00:00:00-04:00,31.789550093785977,32.03865733786511,31.42793934305016,31.75740623474121,19439700,0.0,0.0
2022-09-26 00:00:00-04:00,31.524371331036757,31.644909283043045,31.04222565382652,31.28329849243164,21345700,0.0,0.0
2022-09-27 00:00:00-04:00,31.500266199979908,31.90205530185361,31.162761760394055,31.251155853271484,20357700,0.0,0.0
2022-09-28 00:00:00-04:00,31.387765354864666,31.7493730897658,31.34758399284673,31.652944564819336,20567400,0.0,0.0
2022-09-29 00:00:00-04:00,31.427943271288726,31.500265430475572,30.897581792387676,31.050260543823242,17806900,0.0,0.0
2022-09-30 00:00:00-04:00,30.96990495033035,31.170799502838342,30.495793683795174,30.511865615844727,23523600,0.0,0.0
2022-10-03 00:00:00-04:00,30.937759112777005,31.636871252595817,30.849365024846744,31.468120574951172,21495300,0.0,0.0
2022-10-04 00:00:00-04:00,31.741337662214463,32.02258879508376,31.540443120048547,31.990447998046875,25922500,0.0,0.0
2022-10-05 00:00:00-04:00,31.612764432232602,31.83776533250948,31.235081722132964,31.660980224609375,17797900,0.0,0.0
2022-10-06 00:00:00-04:00,32.251761073973675,32.407012913940356,30.86265500008946,30.91985321044922,36663300,0.653,0.0
2022-10-07 00:00:00-04:00,30.748253340738213,30.80545154135302,30.078214604620634,30.110897064208984,31838700,0.0,0.0
2022-10-10 00:00:00-04:00,30.339697467354487,30.49494930381386,29.718683887379765,29.922964096069336,21622200,0.0,0.0
2022-10-11 00:00:00-04:00,29.87394010503009,29.980163573754133,29.35915308456983,29.36732292175293,27708900,0.0,0.0
2022-10-12 00:00:00-04:00,29.334634725841823,29.57977031534475,29.089496019270758,29.15486717224121,23336800,0.0,0.0
2022-10-13 00:00:00-04:00,28.697279809909134,29.898448307472115,28.631911770915192,29.743196487426758,33118100,0.0,0.0
2022-10-14 00:00:00-04:00,30.07004547905736,30.15992926776854,29.694170650872923,29.726856231689453,26019000,0.0,0.0
2022-10-17 00:00:00-04:00,30.0046774633245,30.478605917345376,29.89845088410298,30.380552291870117,21962900,0.0,0.0
2022-10-18 00:00:00-04:00,30.780931978861904,30.80544771684472,30.094553656698363,30.290660858154297,27488600,0.0,0.0
2022-10-19 00:00:00-04:00,29.882110595703125,30.535806682052964,29.87394075834136,29.882110595703125,29563600,0.0,0.0
2022-10-20 00:00:00-04:00,29.882106822897676,30.666542027477565,29.86576403316871,30.233469009399414,35523700,0.0,0.0
2022-10-21 00:00:00-04:00,29.024129816929715,29.17121180333681,28.231521680965734,28.885217666625977,51671100,0.0,0.0
2022-10-24 00:00:00-04:00,29.1385275962982,29.735025406106296,29.064986599633176,29.391836166381836,28844800,0.0,0.0
2022-10-25 00:00:00-04:00,29.342806560011336,29.80856514691085,29.25292277708891,29.767709732055664,25496500,0.0,0.0
2022-10-26 00:00:00-04:00,29.726854317200473,29.9965025488994,29.57977233006712,29.767709732055664,20328200,0.0,0.0
2022-10-27 00:00:00-04:00,29.980162956755613,30.00467870193787,29.52257727426926,29.563432693481445,20268000,0.0,0.0
2022-10-28 00:00:00-04:00,30.070041150915888,31.083272190908694,29.8821037638745,30.780935287475586,31824300,0.0,0.0
2022-10-31 00:00:00-04:00,30.65019925227509,30.67471499541437,30.24981181346511,30.535802841186523,26630600,0.0,0.0
2022-11-01 00:00:00-04:00,31.034247018416778,31.124130803434486,30.47860463564224,30.535802841186523,22968900,0.0,0.0
2022-11-02 00:00:00-04:00,30.437756159304836,31.336587980268735,30.364215147257305,30.813631057739258,30648900,0.0,0.0
2022-11-03 00:00:00-04:00,30.5276298313386,30.674711806610613,30.331519491953213,30.356035232543945,22329800,0.0,0.0
2022-11-04 00:00:00-04:00,30.51945944729797,30.535802236711167,30.07004364817432,30.42957878112793,17599400,0.0,0.0
2022-11-07 00:00:00-05:00,30.494949956986144,30.601176540559205,30.21712874253492,30.388723373413086,19697600,0.0,0.0
2022-11-08 00:00:00-05:00,30.39689884231174,31.042425117099935,30.36421325742068,30.944368362426758,17392700,0.0,0.0
2022-11-09 00:00:00-05:00,30.985225079288522,31.156822848599916,30.715576785346165,30.740089416503906,17574600,0.0,0.0
2022-11-10 00:00:00-05:00,31.295724910309705,31.50000510308858,30.903507314222473,31.475492477416992,23049000,0.0,0.0
2022-11-11 00:00:00-05:00,31.50000506128217,31.614401470355574,30.8953374370175,31.295724868774414,22981000,0.0,0.0
2022-11-14 00:00:00-05:00,31.418294266869633,31.859540231285063,31.295724904398114,31.303897857666016,23028500,0.0,0.0
2022-11-15 00:00:00-05:00,31.450976528522165,31.728797686028585,30.609340103597045,30.805450439453125,25074100,0.0,0.0
2022-11-16 00:00:00-05:00,30.77277185501718,31.107791287203177,30.748259226366834,30.952539443969727,18962200,0.0,0.0
2022-11-17 00:00:00-05:00,30.682883661603007,31.19767060893767,30.470433637264744,31.18132781982422,18780400,0.0,0.0
2022-11-18 00:00:00-05:00,31.287559477860682,31.679777129152903,31.287559477860682,31.500009536743164,17821700,0.0,0.0
2022-11-21 00:00:00-05:00,31.540866222466434,31.973942429086932,31.47549816983079,31.557209014892578,19184200,0.0,0.0
2022-11-22 00:00:00-05:00,31.736971576248003,32.129189181003895,31.736971576248003,32.03113555908203,19809500,0.0,0.0
2022-11-23 00:00:00-05:00,31.89222716466929,32.03113933608471,31.54903788894084,31.802343368530273,14170000,0.0,0.0
2022-11-25 00:00:00-05:00,31.949420316222866,32.16187345836406,31.84319686222058,31.884052276611328,7725700,0.0,0.0
2022-11-28 00:00:00-05:00,31.875882496002102,31.941253659188146,31.156818403367367,31.246702194213867,21560900,0.0,0.0
2022-11-29 00:00:00-05:00,31.066936482645144,31.352927546128218,31.00973826994853,31.328414916992188,14008800,0.0,0.0
2022-11-30 00:00:00-05:00,31.22218269979694,31.98210523669291,31.173157450363814,31.85136604309082,31358800,0.0,0.0
2022-12-01 00:00:00-05:00,32.014793364996684,32.05564878180201,30.895338735774466,31.320241928100586,26276600,0.0,0.0
2022-12-02 00:00:00-05:00,30.99339548327199,31.295729338585137,30.805458053370906,31.197675704956055,21677100,0.0,0.0
2022-12-05 00:00:00-05:00,31.034240490899236,31.140467043310732,30.15175185021199,30.290660858154297,27561000,0.0,0.0
2022-12-06 00:00:00-05:00,30.225295328632278,30.290663362165386,29.931131385063217,30.14358139038086,26293700,0.0,0.0
2022-12-07 00:00:00-05:00,30.021020219009703,30.48677883581392,29.963818894057727,30.372379302978516,23065900,0.0,0.0
2022-12-08 00:00:00-05:00,30.323358501812,30.429585096509957,30.12724810522108,30.315185546875,19549100,0.0,0.0
2022-12-09 00:00:00-05:00,30.40507254049662,30.748264991289606,30.200792284593682,30.560327529907227,20671200,0.0,0.0
2022-12-12 00:00:00-05:00,30.797280058732873,31.017903036093273,30.462260674682263,31.009733200073242,19629600,0.0,0.0
2022-12-13 00:00:00-05:00,31.36926261733868,31.557200000953866,30.919846863731237,30.936189651489258,30176800,0.0,0.0
2022-12-14 00:00:00-05:00,30.94436648490275,31.12413407382739,30.429582580912886,30.601177215576172,23329800,0.0,0.0
2022-12-15 00:00:00-05:00,30.846305222842652,31.328406541736687,30.772764238026003,30.862648010253906,33007200,0.0,0.0
2022-12-16 00:00:00-05:00,30.650202442981595,30.699230817295618,29.963820787928995,30.331525802612305,62763800,0.0,0.0
2022-12-19 00:00:00-05:00,30.503124833508323,30.61752126130353,29.890284155689237,30.257986068725586,26127200,0.0,0.0
2022-12-20 00:00:00-05:00,30.225297927856445,30.405062373332356,29.922961005928773,30.225297927856445,24147300,0.0,0.0
2022-12-21 00:00:00-05:00,30.45409643212698,30.928024935042036,30.42958380249639,30.870826721191406,24504300,0.0,0.0
2022-12-22 00:00:00-05:00,30.78911089918135,31.312067693865544,30.53580233803878,31.303897857666016,26865300,0.0,0.0
2022-12-23 00:00:00-05:00,31.303901647631466,31.49183907365792,30.98522189003661,31.38561248779297,16918300,0.0,0.0
2022-12-27 00:00:00-05:00,31.450980538695124,32.194560331968695,31.31206838369583,32.071990966796875,25315900,0.0,0.0
2022-12-28 00:00:00-05:00,32.02296515184371,32.407012950754385,31.53269388618348,31.712461471557617,21793200,0.0,0.0
2022-12-29 00:00:00-05:00,31.78600495095125,32.300788884903206,31.71246394366255,32.08016586303711,17347000,0.0,0.0
2022-12-30 00:00:00-05:00,32.121023813396185,32.4315275121917,31.92491342520055,32.19456481933594,44007200,0.0,0.0
2023-01-03 00:00:00-05:00,32.49689168284214,32.87276646911955,32.178215098082234,32.78288269042969,31330700,0.0,0.0
2023-01-04 00:00:00-05:00,33.12607581981557,33.845139832633286,32.89727989112968,33.608177185058594,28779500,0.0,0.0
2023-01-05 00:00:00-05:00,33.66537608063989,34.27821665328357,33.35486931772129,34.073936462402344,29987200,0.0,0.0
2023-01-06 00:00:00-05:00,34.25370029646183,34.793002983101964,34.221017835478904,34.47432327270508,26010400,0.0,0.0
2023-01-09 00:00:00-05:00,34.34402150191021,34.58470942866994,34.285924088615985,34.33572006225586,23062200,0.653,0.0
2023-01-10 00:00:00-05:00,34.32741632884412,34.841994693064954,34.16972066120874,34.81709671020508,16695300,0.0,0.0
2023-01-11 00:00:00-05:00,34.97479535895629,35.00799478598532,34.04523356464498,34.17802810668945,20674800,0.0,0.0
2023-01-12 00:00:00-05:00,34.34402272872051,34.81710349162776,34.12822961500076,34.70090866088867,16980300,0.0,0.0
2023-01-13 00:00:00-05:00,34.56811269878272,34.7922009111208,34.33571988076261,34.74240493774414,17229800,0.0,0.0
2023-01-17 00:00:00-05:00,34.73410722244493,34.79220464166148,33.85434449369615,33.90414047241211,28697000,0.0,0.0
2023-01-18 00:00:00-05:00,33.91244078084029,33.91244078084029,33.049274629763296,33.173770904541016,22976500,0.0,0.0
2023-01-19 00:00:00-05:00,32.95796868999909,33.431049337907524,32.75877850460128,33.24845886230469,24812600,0.0,0.0
2023-01-20 00:00:00-05:00,33.23187268139664,33.29826838153567,32.75049039958176,33.198673248291016,23377900,0.0,0.0
2023-01-23 00:00:00-05:00,33.19036716987633,33.480854226075444,32.71728327452548,32.891578674316406,34249300,0.0,0.0
2023-01-24 00:00:00-05:00,32.11140698565198,33.80453962909383,31.87901734810672,33.54724884033203,32143900,0.0,0.0
2023-01-25 00:00:00-05:00,33.6468531419573,34.1033342258163,33.123973197718556,33.47256088256836,26527000,0.0,0.0
2023-01-26 00:00:00-05:00,33.51405302991556,33.671745548060734,33.140567417391296,33.42275619506836,19568100,0.0,0.0
2023-01-27 00:00:00-05:00,33.38125867679844,33.7630425645117,33.00777306226529,33.72984313964844,17254000,0.0,0.0
2023-01-30 00:00:00-05:00,33.895837162772644,34.244421626289856,33.77964234160024,34.07012939453125,22272600,0.0,0.0
2023-01-31 00:00:00-05:00,34.09503092050492,34.5100142384308,34.03693034320955,34.501712799072266,18665200,0.0,0.0
2023-02-01 00:00:00-05:00,34.850299431745974,34.85859770479476,34.13652763883828,34.6013069152832,19542000,0.0,0.0
2023-02-02 00:00:00-05:00,34.642809283721796,34.800501807070304,34.19462653390414,34.717506408691406,18443800,0.0,0.0
2023-02-03 00:00:00-05:00,34.67600712610354,34.83370282272106,34.144828953663094,34.4519157409668,18314400,0.0,0.0
2023-02-06 00:00:00-05:00,34.451908764891236,34.51830760603719,33.94563184847286,34.261016845703125,15530700,0.0,0.0
2023-02-07 00:00:00-05:00,34.0203387665975,34.20292930023057,33.29826540834878,33.6551513671875,21668500,0.0,0.0
2023-02-08 00:00:00-05:00,33.638551112501005,33.77964710530198,33.298264874191645,33.630252838134766,14080200,0.0,0.0
2023-02-09 00:00:00-05:00,33.71324462735002,33.74644405339513,32.99117452426242,33.04097366333008,17485700,0.0,0.0
2023-02-10 00:00:00-05:00,33.19866812618649,33.25676554212158,32.966278462446134,33.206966400146484,15398500,0.0,0.0
2023-02-13 00:00:00-05:00,33.20696547601757,33.58875255505833,33.0990720871817,33.464256286621094,14486000,0.0,0.0
2023-02-14 00:00:00-05:00,33.58045428157756,33.68005257214717,33.123973197718556,33.47256088256836,12292400,0.0,0.0
2023-02-15 00:00:00-05:00,33.38956468507848,33.53066069039825,33.281668112313035,33.514060974121094,11265200,0.0,0.0
2023-02-16 00:00:00-05:00,33.24846587255541,33.372958973159975,32.94967736538992,33.06587219238281,16625900,0.0,0.0
2023-02-17 00:00:00-05:00,33.065871702425774,33.52235273002172,32.91647745105669,33.38125991821289,15029200,0.0,0.0
2023-02-21 00:00:00-05:00,33.115671984102626,33.18206767251765,32.50149524438753,32.53469467163086,17805500,0.0,0.0
2023-02-22 00:00:00-05:00,32.68408421899159,32.8583764377994,32.393594021574074,32.6010856628418,15086800,0.0,0.0
2023-02-23 00:00:00-05:00,32.46829333290184,32.634287290346194,31.97031462664019,31.978612899780273,16738200,0.0,0.0
2023-02-24 00:00:00-05:00,31.72962357503004,32.16950487149033,31.613428754536482,32.15290832519531,16431500,0.0,0.0
2023-02-27 00:00:00-05:00,32.36040466680391,32.49319921889397,32.061616133083305,32.269107818603516,14210900,0.0,0.0
2023-02-28 00:00:00-05:00,32.11971693612518,32.34380836002764,31.995220645266414,32.21101379394531,16685300,0.0,0.0
2023-03-01 00:00:00-05:00,32.128005901421176,32.128005901421176,31.66322663785105,31.7877197265625,18411700,0.0,0.0
2023-03-02 00:00:00-05:00,31.621731767131546,31.920520302366608,31.488937214368395,31.8790225982666,18818900,0.0,0.0
2023-03-03 00:00:00-05:00,31.903914656102696,31.962012064255916,31.588529630719872,31.754520416259766,23407500,0.0,0.0
2023-03-06 00:00:00-05:00,31.845827172251898,32.06162032641671,31.58023803333542,31.663236618041992,22925600,0.0,0.0
2023-03-07 00:00:00-05:00,31.621719887552366,31.6632207421333,31.065643896159553,31.464027404785156,23713500,0.0,0.0
2023-03-08 00:00:00-05:00,31.37274060446743,31.38104204446168,30.999254956518786,31.148649215698242,20295600,0.0,0.0
2023-03-09 00:00:00-05:00,31.20673986215633,31.248240720982,30.31037766758582,30.335275650024414,26506900,0.0,0.0
2023-03-10 00:00:00-05:00,30.409980654980934,30.642370327570337,30.219088685915096,30.443180084228516,23940700,0.0,0.0
2023-03-13 00:00:00-04:00,30.326982498168945,30.982656919035044,30.20248623281458,30.326982498168945,21834500,0.0,0.0
2023-03-14 00:00:00-04:00,30.426582925613396,30.658972617724874,30.293788363539395,30.609176635742188,22433200,0.0,0.0
2023-03-15 00:00:00-04:00,30.45147406720485,30.924554786063716,30.31038126189354,30.758563995361328,21722200,0.0,0.0
2023-03-16 00:00:00-04:00,30.5593758727173,30.609175018140355,30.24398761718182,30.360185623168945,29164400,0.0,0.0
2023-03-17 00:00:00-04:00,30.335280032689365,30.567672844618045,30.011593549939256,30.534473419189453,47352500,0.0,0.0
2023-03-20 00:00:00-04:00,30.675571264337464,31.29804634599726,30.65067327421411,31.065656661987305,19247800,0.0,0.0
2023-03-21 00:00:00-04:00,31.306341114514304,31.34783881123293,31.00755263242609,31.322940826416016,16648100,0.0,0.0
2023-03-22 00:00:00-04:00,31.364444299221383,31.497238852819265,30.94946092346901,30.966060638427734,15321800,0.0,0.0
2023-03-23 00:00:00-04:00,30.957760275191927,31.231650832433946,30.841565432509377,31.015857696533203,15799000,0.0,0.0
2023-03-24 00:00:00-04:00,31.148658966053166,31.28975499547687,30.916269230617292,31.256555557250977,14957700,0.0,0.0
2023-03-27 00:00:00-04:00,31.530438548364117,31.721330522889744,31.289747428542793,31.58023452758789,14472800,0.0,0.0
2023-03-28 00:00:00-04:00,31.55532842481989,31.7960194827574,31.472329870666726,31.538728713989258,13092600,0.0,0.0
2023-03-29 00:00:00-04:00,31.796021911843543,31.962012700688668,31.671525654138346,31.937114715576172,12308900,0.0,0.0
2023-03-30 00:00:00-04:00,31.995212868959037,32.161206827735825,31.90391603332823,32.086509704589844,13918700,0.0,0.0
2023-03-31 00:00:00-04:00,32.19440557585119,32.41019550147427,31.995212196292595,32.277400970458984,22801500,0.0,0.0
2023-04-03 00:00:00-04:00,32.410200243368415,32.85008476414844,32.38530225455755,32.55129623413086,19354900,0.0,0.0
2023-04-04 00:00:00-04:00,32.60939172446085,32.908180236816406,32.54299287012777,32.908180236816406,18577100,0.0,0.0
2023-04-05 00:00:00-04:00,32.97457455571326,33.3978593193294,32.84178001863343,33.28996276855469,23561300,0.0,0.0
2023-04-06 00:00:00-04:00,33.326242566630384,33.56247819288882,33.03938364111556,33.30936813354492,21546600,0.653,0.0
2023-04-10 00:00:00-04:00,33.08157013741199,33.19968795776367,32.895957799060426,33.19968795776367,16114300,0.0,0.0
2023-04-11 00:00:00-04:00,33.18281043549781,33.49497936116448,33.132187142767286,33.284053802490234,12539700,0.0,0.0
2023-04-12 00:00:00-04:00,33.21656324194008,33.43592767260925,32.988763203230995,33.07313537597656,13095200,0.0,0.0
2023-04-13 00:00:00-04:00,33.064695230447114,33.17437744140625,32.83689520082546,33.17437744140625,13515800,0.0,0.0
2023-04-14 00:00:00-04:00,33.216557376351965,33.2587418460409,32.81158067409447,33.090003967285156,11008400,0.0,0.0
2023-04-17 00:00:00-04:00,33.09000895512275,33.33468020358669,33.02251121867116,33.29249572753906,11572900,0.0,0.0
2023-04-18 00:00:00-04:00,33.3009318160757,33.31780624880131,32.82002174803728,32.85376739501953,16588500,0.0,0.0
2023-04-19 00:00:00-04:00,32.83689813392923,32.8959602670053,32.49941908167283,32.56691360473633,17701200,0.0,0.0
2023-04-20 00:00:00-04:00,31.773829947468002,31.891947759933803,31.20011209966067,31.377288818359375,31521300,0.0,0.0
2023-04-21 00:00:00-04:00,31.579778673343714,31.579778673343714,31.259170884701675,31.486970901489258,23823800,0.0,0.0
2023-04-24 00:00:00-04:00,31.377292524829024,31.630405831119546,31.200115785201163,31.301359176635742,20362500,0.0,0.0
2023-04-25 00:00:00-04:00,30.972310202410835,31.52071797668608,30.854192397113106,31.470094680786133,24959400,0.0,0.0
2023-04-26 00:00:00-04:00,31.301358959125196,31.58821791492096,31.065123307929632,31.149492263793945,21499300,0.0,0.0
2023-04-27 00:00:00-04:00,31.385727952736204,32.74408924638905,31.326669045922518,32.72721481323242,28841000,0.0,0.0
2023-04-28 00:00:00-04:00,32.53316720986868,32.904395124418265,32.44879503487828,32.76096725463867,19197500,0.0,0.0
2023-05-01 00:00:00-04:00,33.04781601267625,33.056254837627236,32.63440370720164,32.65971374511719,17043500,0.0,0.0
2023-05-02 00:00:00-04:00,32.45723303298381,32.49097868364906,31.630405050003034,31.782268524169922,17268700,0.0,0.0
2023-05-03 00:00:00-04:00,32.0269373664954,32.31379626676301,31.731642859662013,32.0438117980957,16703200,0.0,0.0
2023-05-04 00:00:00-04:00,31.942573351163716,32.02694230370261,31.461663241059664,31.512283325195312,16163100,0.0,0.0
2023-05-05 00:00:00-04:00,31.655712239144634,31.92569673094582,31.351978881251046,31.917261123657227,15817400,0.0,0.0
2023-05-08 00:00:00-04:00,31.79070448504523,31.984755637373016,31.58821450695983,31.917261123657227,10672400,0.0,0.0
2023-05-09 00:00:00-04:00,31.908826384482083,31.908826384482083,31.579782944112914,31.697900772094727,12226800,0.0,0.0
2023-05-10 00:00:00-04:00,31.90038657586145,31.91726100884695,31.46166097364542,31.748519897460938,14427500,0.0,0.0
2023-05-11 00:00:00-04:00,31.56290708158721,31.756958249991985,31.486973735822794,31.723209381103516,11068700,0.0,0.0
2023-05-12 00:00:00-04:00,31.75695765418509,31.84132982482332,31.562906489421,31.714773178100586,10670700,0.0,0.0
2023-05-15 00:00:00-04:00,31.748524308856968,31.748524308856968,30.980755202916132,31.022939682006836,20408700,0.0,0.0
2023-05-16 00:00:00-04:00,30.896376346894442,31.031368581882905,30.40703070198705,30.41546630859375,20244700,0.0,0.0
2023-05-17 00:00:00-04:00,30.55889916441979,30.660142541993405,30.407032488824886,30.525150299072266,16741100,0.0,0.0
2023-05-18 00:00:00-04:00,30.3817188745044,30.516711115843428,30.13704764977479,30.48296546936035,20365900,0.0,0.0
2023-05-19 00:00:00-04:00,30.558897368657664,30.812007406952436,30.3985918769116,30.41546630859375,16829200,0.0,0.0
2023-05-22 00:00:00-04:00,30.584205360137773,30.651703082349183,30.29734647767636,30.33953094482422,16634300,0.0,0.0
2023-05-23 00:00:00-04:00,30.322659970461533,31.14105224397862,30.204542161596983,30.575773239135742,21539700,0.0,0.0
2023-05-24 00:00:00-04:00,30.5673365796051,30.584211013277,30.24672877677732,30.26360321044922,16044200,0.0,0.0
2023-05-25 00:00:00-04:00,29.9851827965973,30.002057230097872,29.31022154891994,29.377716064453125,32465900,0.0,0.0
2023-05-26 00:00:00-04:00,29.394588828079577,29.58020436757215,29.25115776070743,29.52958106994629,18216700,0.0,0.0
2023-05-30 00:00:00-04:00,29.504270313750382,29.63926255233832,29.343964817729876,29.44521141052246,19353300,0.0,0.0
2023-05-31 00:00:00-04:00,29.411460344844965,30.356405944232474,29.411460344844965,30.061111450195312,53756700,0.0,0.0
2023-06-01 00:00:00-04:00,30.03580022191683,30.288913483568045,29.88393355231363,30.137046813964844,20565300,0.0,0.0
2023-06-02 00:00:00-04:00,29.023359544585013,29.44521068204428,28.44964174016291,29.17522621154785,61527900,0.0,0.0
2023-06-05 00:00:00-04:00,29.343964808511966,29.656136975154446,29.06554472459192,29.0739803314209,30125600,0.0,0.0
2023-06-06 00:00:00-04:00,29.107727185829727,29.310217138900825,28.964299350358694,29.27646827697754,18406700,0.0,0.0
2023-06-07 00:00:00-04:00,29.29334275139442,29.76581394514683,29.217409421188695,29.748939514160156,25494100,0.0,0.0
2023-06-08 00:00:00-04:00,29.73206985629517,29.90080773804777,29.512705460466723,29.892372131347656,17749700,0.0,0.0
2023-06-09 00:00:00-04:00,29.917687653386924,30.052679914612366,29.748946522237777,29.92612648010254,14953900,0.0,0.0
2023-06-12 00:00:00-04:00,30.086425424997586,30.18766880499419,29.83331536577157,30.044240951538086,14044500,0.0,0.0
2023-06-13 00:00:00-04:00,29.95142948470729,30.196103906451455,29.883931760721886,29.934555053710938,17706700,0.0,0.0
2023-06-14 00:00:00-04:00,30.061114073727886,30.356408593536372,30.05267524832257,30.145483016967773,16538700,0.0,0.0
2023-06-15 00:00:00-04:00,30.17079282920795,30.769823908191352,30.103298318817718,30.744510650634766,18890900,0.0,0.0
2023-06-16 00:00:00-04:00,30.81201208141299,30.955439944767456,30.516714309879124,30.761388778686523,36102100,0.0,0.0
2023-06-20 00:00:00-04:00,30.44077643224819,30.51670653929967,30.18766320153623,30.212976455688477,17687900,0.0,0.0
2023-06-21 00:00:00-04:00,30.120172384911868,30.34797238933902,29.951431283284112,30.229854583740234,17121200,0.0,0.0
2023-06-22 00:00:00-04:00,30.221418855720767,30.30578780594673,30.01049326168672,30.246728897094727,12431200,0.0,0.0
2023-06-23 00:00:00-04:00,30.33110241393477,30.440784628878948,29.934561249615328,29.959871292114258,18991500,0.0,0.0
2023-06-26 00:00:00-04:00,30.086426353563194,30.491403104517538,29.95143410324508,30.466093063354492,15840000,0.0,0.0
2023-06-27 00:00:00-04:00,30.68545174893706,30.947000620578248,30.55889833502205,30.837318420410156,17757800,0.0,0.0
2023-06-28 00:00:00-04:00,30.795134308011633,31.09886765449773,30.575773123587727,31.06511878967285,16756400,0.0,0.0
2023-06-29 00:00:00-04:00,31.03980839578342,31.23385953860686,30.9301261955897,31.20854949951172,16740800,0.0,0.0
2023-06-30 00:00:00-04:00,31.216986532651358,31.427912117331434,31.09042989445571,31.377288818359375,19098300,0.0,0.0
2023-07-03 00:00:00-04:00,31.360420207382273,31.53760017744317,31.18324345579098,31.453227996826172,10367100,0.0,0.0
2023-07-05 00:00:00-04:00,31.453226182642215,31.790708448705438,31.41104170400167,31.621967315673828,19868300,0.0,0.0
2023-07-06 00:00:00-04:00,31.554473560046283,31.56290916859154,31.26761459246515,31.32667350769043,21558200,0.0,0.0
2023-07-07 00:00:00-04:00,31.105954361342533,31.217596782536265,30.805370295759282,30.83113670349121,20482700,0.653,0.0
2023-07-10 00:00:00-04:00,30.848305726643353,30.88265874820336,30.05820588726994,30.178438186645508,30326400,0.0,0.0
2023-07-11 00:00:00-04:00,30.161263996564696,30.247146557072774,29.809153688693332,30.04962158203125,28340300,0.0,0.0
2023-07-12 00:00:00-04:00,30.144088436719283,30.264324025228852,29.809154630368926,29.937976837158203,27299600,0.0,0.0
2023-07-13 00:00:00-04:00,29.903624035156543,29.937977060701503,29.560100331876622,29.749038696289062,25641900,0.0,0.0
2023-07-14 00:00:00-04:00,29.568690870270256,29.628807028240765,29.156464383007528,29.207990646362305,31576000,0.0,0.0
2023-07-17 00:00:00-04:00,28.89882515956798,28.89882515956798,26.83768931011695,27.018037796020508,97510600,0.0,0.0
2023-07-18 00:00:00-04:00,27.498971117604704,28.469422906821624,27.456029830712193,27.713672637939453,79722200,0.0,0.0
2023-07-19 00:00:00-04:00,28.950347914900988,29.336811249308752,28.478005295551373,29.17363929748535,61881000,0.0,0.0
2023-07-20 00:00:00-04:00,29.113525393375763,29.19940468495635,28.77858829360753,28.890233993530273,32839900,0.0,0.0
2023-07-21 00:00:00-04:00,28.77858723429919,29.14787407145563,28.649768301669997,29.09634780883789,25179400,0.0,0.0
2023-07-24 00:00:00-04:00,29.096352600513843,29.714690786350484,28.950353854855408,29.182231903076172,30784200,0.0,0.0
2023-07-25 00:00:00-04:00,29.74904378613991,30.015274865536345,28.958943719934325,29.4055233001709,35719500,0.0,0.0
2023-07-26 00:00:00-04:00,29.07057960052784,29.72327394598697,29.001876829265363,29.491395950317383,27916000,0.0,0.0
2023-07-27 00:00:00-04:00,29.396928938663322,29.723276135431934,28.804353979025617,28.81294059753418,28097500,0.0,0.0
2023-07-28 00:00:00-04:00,28.91600319388892,29.47422853456276,28.907416573362923,29.225173950195312,30642100,0.0,0.0
2023-07-31 00:00:00-04:00,29.199406125096093,29.302461935292595,29.061997286139047,29.268112182617188,24500400,0.0,0.0
2023-08-01 00:00:00-04:00,29.448462235452887,29.45704885505706,28.615419262179465,28.709888458251953,27289500,0.0,0.0
2023-08-02 00:00:00-04:00,28.744237783172352,28.94176276945686,28.529536283808557,28.615415573120117,20481600,0.0,0.0
2023-08-03 00:00:00-04:00,28.383540002750138,28.555301872236264,28.108722322006408,28.39212989807129,20465700,0.0,0.0
2023-08-04 00:00:00-04:00,28.340600846413757,28.366363980654132,27.936960937526653,28.014253616333008,24584000,0.0,0.0
2023-08-07 00:00:00-04:00,28.04001930682317,28.19460466046741,27.636379408298193,27.936960220336914,24314000,0.0,0.0
2023-08-08 00:00:00-04:00,27.86825766532358,28.17742837512551,27.851081150769566,27.9713134765625,22178900,0.0,0.0
2023-08-09 00:00:00-04:00,27.919783239789492,28.19460418974611,27.77378778383247,28.09154510498047,20798500,0.0,0.0
2023-08-10 00:00:00-04:00,28.211776009793223,28.61541588129129,28.18601287793928,28.35777473449707,19031600,0.0,0.0
2023-08-11 00:00:00-04:00,28.306241348213746,28.701291271354506,28.297654730790896,28.649765014648438,15271400,0.0,0.0
2023-08-14 00:00:00-04:00,28.503774481295807,28.84729824621249,28.460834829702577,28.821535110473633,17934000,0.0,0.0
2023-08-15 00:00:00-04:00,28.641179314917192,28.778588146394217,28.520946996885414,28.563886642456055,15528600,0.0,0.0
2023-08-16 00:00:00-04:00,28.598236655411224,28.8902308010376,28.460827838415554,28.572473526000977,17395100,0.0,0.0
2023-08-17 00:00:00-04:00,28.64977106425789,28.752826875515495,28.211778133264012,28.39212989807129,19128000,0.0,0.0
2023-08-18 00:00:00-04:00,28.220366280977103,28.70129555445345,28.220366280977103,28.49518394470215,21722700,0.0,0.0
2023-08-21 00:00:00-04:00,28.46942319132954,28.52953935553722,28.143075959855526,28.340600967407227,27074400,0.0,0.0
2023-08-22 00:00:00-04:00,28.40930381729768,28.615415420983574,28.246128581954398,28.512359619140625,21722000,0.0,0.0
2023-08-23 00:00:00-04:00,28.512362631039515,28.658358092732158,28.349187378459245,28.503772735595703,15766400,0.0,0.0
2023-08-24 00:00:00-04:00,28.349187705103425,28.838710192399382,28.340601085645893,28.666948318481445,18561400,0.0,0.0
2023-08-25 00:00:00-04:00,28.624002988248055,28.787174934239783,28.357771972707717,28.641176223754883,14912100,0.0,0.0
2023-08-28 00:00:00-04:00,28.752824439719554,28.87305675534881,28.563886071682216,28.81294059753418,16050400,0.0,0.0
2023-08-29 00:00:00-04:00,29.190820997162604,29.843512196530043,29.15646796664713,29.791982650756836,28782800,0.0,0.0
2023-08-30 00:00:00-04:00,29.963740191817806,30.015269730135245,29.67174602685532,29.749038696289062,15021400,0.0,0.0
2023-08-31 00:00:00-04:00,29.929392797199828,30.178447365130747,29.85210011322421,30.041038513183594,24333200,0.0,0.0
2023-09-01 00:00:00-04:00,30.04962253130326,30.187031356372245,29.92080032451398,29.937976837158203,14748700,0.0,0.0
2023-09-05 00:00:00-04:00,29.929387237510973,30.118325602373123,29.45704460144043,29.45704460144043,17486000,0.0,0.0
2023-09-06 00:00:00-04:00,29.2852864023346,29.577280604414412,29.19082048420502,29.353992462158203,19187100,0.0,0.0
2023-09-07 00:00:00-04:00,29.353989296835284,29.64598346742855,28.984702455317777,29.036231994628906,26605800,0.0,0.0
2023-09-08 00:00:00-04:00,29.03623099100378,29.053407503513792,28.538121956467833,28.727060317993164,24872400,0.0,0.0
2023-09-11 00:00:00-04:00,28.941768905717527,29.276702791564464,28.838713081476683,29.14788055419922,18883900,0.0,0.0
2023-09-12 00:00:00-04:00,29.31105351485043,29.35399316522602,29.027645925417946,29.233760833740234,15784400,0.0,0.0
2023-09-13 00:00:00-04:00,29.45704753299332,29.45704753299332,28.778589951727454,29.079174041748047,21027900,0.0,0.0
2023-09-14 00:00:00-04:00,29.43128584633621,29.525755042813707,29.147878256903727,29.233760833740234,26570100,0.0,0.0
2023-09-15 00:00:00-04:00,29.165049854719413,29.34539832153933,28.907408719821706,29.019054412841797,38205200,0.0,0.0
2023-09-18 00:00:00-04:00,29.113525510610383,29.173641670175865,28.787178304337058,28.795764923095703,16233700,0.0,0.0
2023-09-19 00:00:00-04:00,28.838707429679783,28.967526365713564,28.55529987345256,28.68412208557129,23379300,0.0,0.0
2023-09-20 00:00:00-04:00,28.838705593779437,29.14787298622958,28.64976723498929,28.855878829956055,23742000,0.0,0.0
2023-09-21 00:00:00-04:00,28.787179925910603,29.070584226099818,28.563888512588022,28.58965492248535,17993800,0.0,0.0
2023-09-22 00:00:00-04:00,28.563885803953507,28.778587301589035,28.280481530638735,28.58106231689453,22740000,0.0,0.0
2023-09-25 00:00:00-04:00,28.486596797144625,28.555302857744348,28.228955622066245,28.478010177612305,17616900,0.0,0.0
2023-09-26 00:00:00-04:00,28.24613151001965,28.48659616460866,28.17742872703074,28.332014083862305,18841600,0.0,0.0
2023-09-27 00:00:00-04:00,28.2976581162582,28.349184379128754,27.748022805073166,27.825315475463867,22083500,0.0,0.0
2023-09-28 00:00:00-04:00,27.825316954666086,28.01425205537674,27.825316954666086,27.95413589477539,18772100,0.0,0.0
2023-09-29 00:00:00-04:00,28.014254672357552,28.125900385083156,27.79955314270043,27.833906173706055,19787600,0.0,0.0
2023-10-02 00:00:00-04:00,27.859667284263466,27.88543369368783,27.24991577061038,27.275680541992188,24722600,0.0,0.0
2023-10-03 00:00:00-04:00,27.22415024192827,27.49037799923652,27.146857572626075,27.464614868164062,21389400,0.0,0.0
2023-10-04 00:00:00-04:00,27.301445826561498,27.45602954363039,26.966510344472425,27.08674430847168,23694100,0.0,0.0
2023-10-05 00:00:00-04:00,27.103917801328233,27.413088495767767,26.949332454108465,27.327207565307617,22774400,0.0,0.0
2023-10-06 00:00:00-04:00,27.138623414680193,27.191251174317753,26.43691270315208,27.059680938720703,31291800,0.665,0.0
2023-10-09 00:00:00-04:00,26.963197816955187,27.629822301823452,26.963197816955187,27.585966110229492,20344300,0.0,0.0
2023-10-10 00:00:00-04:00,27.612276821991454,27.892960439682874,27.471935013145742,27.85787582397461,19151900,0.0,0.0
2023-10-11 00:00:00-04:00,27.919275676527402,28.042074343304314,27.55087800319031,27.59473419189453,15694200,0.0,0.0
2023-10-12 00:00:00-04:00,27.48070422974201,27.515790515449083,26.88425075677119,27.112306594848633,21718300,0.0,0.0
2023-10-13 00:00:00-04:00,27.261422437044786,27.533334483925703,26.875481624274034,26.901796340942383,24528400,0.0,0.0
2023-10-16 00:00:00-04:00,27.05090971636004,27.471935144916642,26.857940146523177,27.41053581237793,21087900,0.0,0.0
2023-10-17 00:00:00-04:00,27.28773724135099,27.664906483110283,27.278965669100035,27.638591766357422,21186000,0.0,0.0
2023-10-18 00:00:00-04:00,27.559650828612735,27.61227859205195,27.182481565784418,27.235109329223633,22024300,0.0,0.0
2023-10-19 00:00:00-04:00,27.559651313234887,28.042076111424823,27.542108167444514,27.699993133544922,28806600,0.0,0.0
2023-10-20 00:00:00-04:00,27.691219329833984,28.191187233536677,27.6736761854569,27.691219329833984,27271200,0.0,0.0
2023-10-23 00:00:00-04:00,27.6122772097658,27.770162165186072,27.419307638144556,27.533334732055664,31725800,0.0,0.0
2023-10-24 00:00:00-04:00,29.077100100363502,30.226147713912667,28.919215133522513,30.085805892944336,61617900,0.0,0.0
2023-10-25 00:00:00-04:00,30.261229154614817,30.357714768440793,29.471804446959034,29.55074691772461,30832800,0.0,0.0
2023-10-26 00:00:00-04:00,29.52443816169039,30.43666165716819,29.50689501608356,30.234920501708984,34367000,0.0,0.0
2023-10-27 00:00:00-04:00,30.15597385983264,30.340171844277126,29.243750490185025,29.331462860107422,23924800,0.0,0.0
2023-10-30 00:00:00-04:00,29.68232345423598,30.524374376594167,29.68232345423598,30.36648941040039,31497700,0.0,0.0
2023-10-31 00:00:00-04:00,30.44543195876614,30.88400056668618,30.41034566708943,30.813831329345703,28903400,0.0,0.0
2023-11-01 00:00:00-04:00,31.059427171825995,31.19099908622235,30.831372979020127,31.050657272338867,26071200,0.0,0.0
2023-11-02 00:00:00-04:00,30.971719957254482,31.524314059430303,30.971719957254482,31.48923110961914,24946000,0.0,0.0
2023-11-03 00:00:00-04:00,31.568173188055777,31.901482955975602,31.524313645843907,31.594486236572266,23323200,0.0,0.0
2023-11-06 00:00:00-05:00,31.55939621696976,31.60325240799299,31.24362628798188,31.26116943359375,15544000,0.0,0.0
2023-11-07 00:00:00-05:00,31.313801897356896,31.66465480547058,31.269945702094336,31.52431297302246,17654600,0.0,0.0
2023-11-08 00:00:00-05:00,31.524310083686437,31.559396375085964,31.226083298816278,31.375198364257812,16971500,0.0,0.0
2023-11-09 00:00:00-05:00,31.4629099374564,31.620794898680252,31.103283824893808,31.24362564086914,15685800,0.0,0.0
2023-11-10 00:00:00-05:00,31.497997004228456,31.506766904062438,31.050658500411334,31.322568893432617,12791200,0.0,0.0
2023-11-13 00:00:00-05:00,31.261167170956973,31.73482203015636,31.05942603004153,31.419052124023438,17236700,0.0,0.0
2023-11-14 00:00:00-05:00,31.585708928449577,31.664651409861946,31.410284166211294,31.471683502197266,17667100,0.0,0.0
2023-11-15 00:00:00-05:00,31.471681202945952,31.673422341591507,31.436594914656478,31.576936721801758,22855500,0.0,0.0
2023-11-16 00:00:00-05:00,31.647108945846085,31.910249413060644,31.51553703923252,31.734821319580078,19110800,0.0,0.0
2023-11-17 00:00:00-05:00,31.910246975910447,31.910246975910447,31.647106528793284,31.778675079345703,19355200,0.0,0.0
2023-11-20 00:00:00-05:00,31.822534623906567,32.34004567450099,31.752365392069915,32.217247009277344,18656400,0.0,0.0
2023-11-21 00:00:00-05:00,32.331275963263536,32.84878701686698,32.32250271797502,32.67335891723633,22946400,0.0,0.0
2023-11-22 00:00:00-05:00,32.74353426612632,32.91018913457016,32.64704863586458,32.76107406616211,14613100,0.0,0.0
2023-11-24 00:00:00-05:00,32.848787919731706,32.95404344399802,32.717216004889224,32.81370162963867,6766700,0.0,0.0
2023-11-27 00:00:00-05:00,32.84878979640595,32.927732280618926,32.708447974028786,32.76107406616211,15245300,0.0,0.0
2023-11-28 00:00:00-05:00,32.76107413131057,32.901415953966826,32.62950555470263,32.8663330078125,14521700,0.0,0.0
2023-11-29 00:00:00-05:00,32.91896346319716,33.23473344252978,32.91896346319716,33.120704650878906,16387400,0.0,0.0
2023-11-30 00:00:00-05:00,33.182101720736085,33.71715259948355,33.17332847501153,33.620670318603516,36623500,0.0,0.0
2023-12-01 00:00:00-05:00,33.682073211332565,33.86627123884446,33.56804442696239,33.83995819091797,20762500,0.0,0.0
2023-12-04 00:00:00-05:00,33.68206859139594,33.831180303877744,33.357525430089495,33.36629867553711,22109200,0.0,0.0
2023-12-05 00:00:00-05:00,33.638204708277755,33.81363278841468,33.41015054630838,33.69960403442383,23003300,0.0,0.0
2023-12-06 00:00:00-05:00,33.550498714694726,34.10309610099686,33.40138699316008,33.76978302001953,20218500,0.0,0.0
2023-12-07 00:00:00-05:00,33.813636206768784,33.971521160251996,33.5943519209324,33.90135192871094,15223200,0.0,0.0
2023-12-08 00:00:00-05:00,33.91012123636285,33.92766438044526,33.339980764728836,33.55049514770508,21850400,0.0,0.0
2023-12-11 00:00:00-05:00,33.585579254772014,33.67329162347526,32.87509702263115,33.041751861572266,21914500,0.0,0.0
2023-12-12 00:00:00-05:00,32.95404393433185,33.015443269901844,32.603187720206584,32.71721649169922,17096700,0.0,0.0
2023-12-13 00:00:00-05:00,32.5242511724597,32.58565051291366,31.9804236627059,32.445308685302734,32473200,0.0,0.0
2023-12-14 00:00:00-05:00,32.673361828226206,33.31367160481485,32.61196248978709,33.217185974121094,28551600,0.0,0.0
2023-12-15 00:00:00-05:00,32.93649899735597,33.182099672288686,32.57687290314617,32.77861404418945,51721600,0.0,0.0
2023-12-18 00:00:00-05:00,33.085611391936276,33.155780617696394,32.690899040746906,33.041751861572266,22057200,0.0,0.0
2023-12-19 00:00:00-05:00,32.98035738732146,33.1031594059936,32.883875105955525,32.954044342041016,17642500,0.0,0.0
2023-12-20 00:00:00-05:00,32.89264459876185,33.09438575077938,32.69967334639168,32.71721649169922,18134600,0.0,0.0
2023-12-21 00:00:00-05:00,32.76106903424905,32.936497121779006,32.63827037678181,32.831241607666016,15421000,0.0,0.0
2023-12-22 00:00:00-05:00,32.822470307456136,33.138240214514454,32.80493050907526,32.883872985839844,13171600,0.0,0.0
2023-12-26 00:00:00-05:00,32.8400167045639,33.015444819862275,32.725991273731005,32.87510299682617,11856600,0.0,0.0
2023-12-27 00:00:00-05:00,32.74353344101685,32.85755886844104,32.62950466757977,32.725990295410156,15267600,0.0,0.0
2023-12-28 00:00:00-05:00,32.61195926675903,33.08561412734651,32.58564622317506,32.883872985839844,14931700,0.0,0.0
2023-12-29 00:00:00-05:00,32.78738963499829,33.12069936351704,32.73476019817343,33.06807327270508,16222700,0.0,0.0
2024-01-02 00:00:00-05:00,33.094383166278014,34.18203466831606,33.050526979440505,34.103092193603516,23810900,0.0,0.0
2024-01-03 00:00:00-05:00,34.6732298356494,34.83988803255437,34.32237698966352,34.348690032958984,26263900,0.0,0.0
2024-01-04 00:00:00-05:00,34.804800209234834,34.953911909350055,34.52411660641943,34.53288650512695,24214600,0.0,0.0
2024-01-05 00:00:00-05:00,34.620600390018744,35.410021726403386,34.47148535178274,35.26091003417969,30276700,0.0,0.0
2024-01-08 00:00:00-05:00,35.217058234664535,35.313540511400866,34.62937459883521,35.17319869995117,28483000,0.0,0.0
2024-01-09 00:00:00-05:00,35.00819651787719,35.00819651787719,34.58007121079183,34.820892333984375,17880100,0.665,0.0
2024-01-10 00:00:00-05:00,34.856571197509766,34.87440677530141,34.481959417571225,34.856571197509766,16354700,0.0,0.0
2024-01-11 00:00:00-05:00,34.811969189193725,34.811969189193725,33.50083657308882,33.80409240722656,31289800,0.0,0.0
2024-01-12 00:00:00-05:00,34.06274904215632,34.580069218266246,34.04491006341764,34.392765045166016,18774800,0.0,0.0
2024-01-16 00:00:00-05:00,34.41060064645545,35.09738254708101,34.20545411231466,35.04386901855469,31039400,0.0,0.0
2024-01-17 00:00:00-05:00,34.53547089079343,35.16873927770621,34.49087174606227,34.66925811767578,21377100,0.0,0.0
2024-01-18 00:00:00-05:00,34.36600273257905,34.79412798829522,34.30356801210609,34.731693267822266,17112800,0.0,0.0
2024-01-19 00:00:00-05:00,34.84764836714242,35.16874319129083,34.50871456360383,35.079551696777344,20561700,0.0,0.0
2024-01-22 00:00:00-05:00,35.14198479142656,35.42740164353982,35.06171108911738,35.30253219604492,26039200,0.0,0.0
2024-01-23 00:00:00-05:00,36.63150454865922,37.6839804889479,36.203379261455964,37.666141510009766,49713700,0.0,0.0
2024-01-24 00:00:00-05:00,37.66614231350888,37.76425499854291,36.738535803561994,36.818809509277344,27910400,0.0,0.0
2024-01-25 00:00:00-05:00,36.970441544562895,37.728579501669,36.86341106410456,37.719661712646484,24613200,0.0,0.0
2024-01-26 00:00:00-05:00,37.719655421851016,37.89804179448913,37.550186836748125,37.81776809692383,20367200,0.0,0.0
2024-01-29 00:00:00-05:00,37.56802324728584,37.80884432352678,37.1577369999584,37.50558853149414,23905700,0.0,0.0
2024-01-30 00:00:00-05:00,37.46099577697665,37.996151498530054,37.291530592386735,37.88020324707031,20044600,0.0,0.0
2024-01-31 00:00:00-05:00,37.63046204782853,38.54022952268084,37.49667481479675,37.773170471191406,23392300,0.0,0.0
2024-02-01 00:00:00-05:00,38.06750978133082,38.103187738974015,37.43424134413212,37.89804458618164,19586500,0.0,0.0
2024-02-02 00:00:00-05:00,37.639380977363736,37.88020206528074,37.309368406116135,37.57694625854492,21548600,0.0,0.0
2024-02-05 00:00:00-05:00,37.460995643335586,37.62154303971628,36.81880605781282,36.90800094604492,20466200,0.0,0.0
2024-02-06 00:00:00-05:00,36.91692427117261,37.07747169163535,36.5244769113957,36.65826416015625,17517600,0.0,0.0
2024-02-07 00:00:00-05:00,36.6582579874877,36.69393594212462,35.99823283888985,36.0517463684082,21815600,0.0,0.0
2024-02-08 00:00:00-05:00,35.944722033267674,36.00715676330499,35.17766289002333,35.59687042236328,19523500,0.0,0.0
2024-02-09 00:00:00-05:00,35.5879499048209,35.757415101580825,35.017112784416106,35.42740249633789,18479400,0.0,0.0
2024-02-12 00:00:00-05:00,35.43632191328098,35.82876926181129,35.257935517608104,35.766334533691406,15060500,0.0,0.0
2024-02-13 00:00:00-05:00,35.85552554165688,36.08742544915927,35.39172232421497,35.7930908203125,14483600,0.0,0.0
2024-02-14 00:00:00-05:00,36.01606764175888,36.158776041328885,35.65037715520847,35.8109245300293,12443200,0.0,0.0
2024-02-15 00:00:00-05:00,35.864446777378596,36.23013735288331,35.837690009212075,36.2033805847168,12081400,0.0,0.0
2024-02-16 00:00:00-05:00,35.9357951624858,36.274725496336266,35.44523523512392,36.11418151855469,12645500,0.0,0.0
2024-02-20 00:00:00-05:00,36.04282658848477,36.48879078948183,35.91795715659549,36.12310028076172,12069500,0.0,0.0
2024-02-21 00:00:00-05:00,36.11419057129653,36.67610314047851,36.00715668936297,36.65826416015625,16268200,0.0,0.0
2024-02-22 00:00:00-05:00,36.34608223187422,36.50662961576824,35.77524860133406,36.328243255615234,22068900,0.0,0.0
2024-02-23 00:00:00-05:00,36.239058966384825,36.70286223382389,36.08742933931941,36.26581573486328,15228600,0.0,0.0
2024-02-26 00:00:00-05:00,36.212297227279464,36.239057397036554,35.16874247256127,35.40064239501953,25108400,0.0,0.0
2024-02-27 00:00:00-05:00,35.391722014249595,35.65929987515876,35.16873989641911,35.61470413208008,17074100,0.0,0.0
2024-02-28 00:00:00-05:00,35.64146507745165,35.86444722143336,35.55227358083396,35.766334533691406,12437000,0.0,0.0
2024-02-29 00:00:00-05:00,35.76632549070959,35.88227712894594,35.543343403105574,35.69497299194336,20486500,0.0,0.0
2024-03-01 00:00:00-05:00,35.66822180418584,35.935799670638495,35.471996447649886,35.855525970458984,12130900,0.0,0.0
2024-03-04 00:00:00-05:00,35.60578500214136,35.97147896288191,35.24009444383811,35.95363998413086,18753900,0.0,0.0
2024-03-05 00:00:00-05:00,35.989315032958984,36.53339198380001,35.605785490642766,35.989315032958984,20640100,0.0,0.0
2024-03-06 00:00:00-05:00,35.989312456865484,36.00715143458438,35.47199571276605,35.61470413208008,16331100,0.0,0.0
2024-03-07 00:00:00-05:00,35.76633357273635,35.92688098428466,35.12414732898051,35.2579345703125,17100600,0.0,0.0
2024-03-08 00:00:00-05:00,35.32928812188715,35.570109223083534,35.13306276481517,35.24009323120117,17807900,0.0,0.0
2024-03-11 00:00:00-04:00,35.293609647120334,35.882282307251,35.28469185940134,35.7930908203125,12344600,0.0,0.0
2024-03-12 00:00:00-04:00,35.703895930936866,35.90903907284513,35.587947678404234,35.7930908203125,12452700,0.0,0.0
2024-03-13 00:00:00-04:00,35.935802528878156,36.12310671004898,35.7306593682,35.90904235839844,13751800,0.0,0.0
2024-03-14 00:00:00-04:00,35.67714328768198,35.730660227491015,35.177662056776924,35.47200012207031,17475400,0.0,0.0
2024-03-15 00:00:00-04:00,35.320364977457906,35.61470299678127,34.91007871031351,35.22225570678711,54893900,0.0,0.0
2024-03-18 00:00:00-04:00,35.213335639497785,35.64146089743986,35.01711028702709,35.61470413208008,16200800,0.0,0.0
2024-03-19 00:00:00-04:00,35.570109295044276,35.721735505861425,35.50767457265637,35.65038299560547,15226900,0.0,0.0
2024-03-20 00:00:00-04:00,35.641459828374714,35.917958871068286,35.498751413341225,35.7841682434082,15198800,0.0,0.0
2024-03-21 00:00:00-04:00,35.78417121192203,36.20337870442489,35.65930176371367,36.158782958984375,21868300,0.0,0.0
2024-03-22 00:00:00-04:00,36.33717240146763,36.399607130826574,35.68606153397431,36.00715637207031,17816400,0.0,0.0
2024-03-25 00:00:00-04:00,36.14985775715056,36.462034745468756,36.10526201665851,36.4531135559082,14587200,0.0,0.0
2024-03-26 00:00:00-04:00,36.41744426936585,36.56907048944482,36.31041039378816,36.435279846191406,17854100,0.0,0.0
2024-03-27 00:00:00-04:00,36.65826184798799,37.26477353093954,36.65826184798799,37.05071258544922,19260100,0.0,0.0
2024-03-28 00:00:00-04:00,37.13990281903487,37.59478826703535,37.130985030957554,37.42531967163086,19771400,0.0,0.0
2024-04-01 00:00:00-04:00,37.452078645808015,37.764252255113156,37.041788956159195,37.71073532104492,15031600,0.0,0.0
2024-04-02 00:00:00-04:00,37.728570271535155,38.067504012911755,37.692892319298295,37.94263458251953,17260800,0.0,0.0
2024-04-03 00:00:00-04:00,37.9783166126507,38.263733456318434,37.933717466347424,38.2102165222168,18211800,0.0,0.0
2024-04-04 00:00:00-04:00,38.344007932003755,38.72753405896133,37.85344453224024,37.86236572265625,16461400,0.0,0.0
2024-04-05 00:00:00-04:00,37.683982980581,37.85344818804219,37.11314922656694,37.568031311035156,14338700,0.0,0.0
2024-04-08 00:00:00-04:00,37.56803212521325,37.594792297188434,37.202341530970365,37.22018051147461,14457800,0.0,0.0
2024-04-09 00:00:00-04:00,37.21564598319081,37.324409685529346,36.744331996342815,37.01624298095703,17224100,0.665,0.0
2024-04-10 00:00:00-04:00,36.807777559110875,36.85309548002173,36.21863421466249,36.72620391845703,17900400,0.0,0.0
2024-04-11 00:00:00-04:00,36.66275875943518,36.68088661961409,36.33646419128621,36.39990997314453,14782200,0.0,0.0
2024-04-12 00:00:00-04:00,36.418036660285324,36.4905446411297,35.964850543017,36.00110626220703,21555000,0.0,0.0
2024-04-15 00:00:00-04:00,36.354591369628906,36.57211877262459,36.11893264925856,36.354591369628906,16442800,0.0,0.0
2024-04-16 00:00:00-04:00,36.354591569608154,36.38178163074825,35.86514972387194,36.046424865722656,14016800,0.0,0.0
2024-04-17 00:00:00-04:00,36.11893054870712,36.23675990203974,35.76544594624477,36.055484771728516,21009200,0.0,0.0
2024-04-18 00:00:00-04:00,36.11892844566481,36.40896725426091,35.99203689909593,36.37271499633789,20173700,0.0,0.0
2024-04-19 00:00:00-04:00,36.25489261519297,36.86216040688018,36.236764753981056,36.69901657104492,24706500,0.0,0.0
2024-04-22 00:00:00-04:00,37.52381476011066,37.74134217680123,34.94971727903257,34.98596954345703,51243200,0.0,0.0
2024-04-23 00:00:00-04:00,35.26694391738661,36.24582760167976,35.058478715924714,35.98297882080078,25972800,0.0,0.0
2024-04-24 00:00:00-04:00,35.80170288696934,35.94672230466576,35.29413319626403,35.792640686035156,15946600,0.0,0.0
2024-04-25 00:00:00-04:00,35.611369828517766,36.09174605907023,35.31226529871532,35.54792404174805,16837700,0.0,0.0
2024-04-26 00:00:00-04:00,35.402897793930705,36.21863066293983,35.25787838671561,35.964847564697266,18246200,0.0,0.0
2024-04-29 00:00:00-04:00,36.16425444407335,36.99811526105203,36.13706092523394,36.336463928222656,19438600,0.0,0.0
2024-04-30 00:00:00-04:00,36.1733153609124,36.18237756184658,35.747319308757305,35.792640686035156,20222200,0.0,0.0
2024-05-01 00:00:00-04:00,35.64762214590346,35.94672318959369,35.46634700493643,35.52979278564453,17754000,0.0,0.0
2024-05-02 00:00:00-04:00,35.638553101623664,35.783572509113604,35.121921246344776,35.28506851196289,17394900,0.0,0.0
2024-05-03 00:00:00-04:00,35.39383687046082,35.529794095582595,35.12192587775313,35.248817443847656,13195600,0.0,0.0
2024-05-06 00:00:00-04:00,35.45728036041721,35.66574555659578,35.402900239914054,35.647621154785156,13348800,0.0,0.0
2024-05-07 00:00:00-04:00,35.828893253455526,35.87421463112063,35.43009071576661,35.629493713378906,11935200,0.0,0.0
2024-05-08 00:00:00-04:00,35.566049555775585,35.86515060829966,35.43915453307585,35.78357696533203,10438000,0.0,0.0
2024-05-09 00:00:00-04:00,35.810765728468816,36.10080802658545,35.69293982653862,36.064552307128906,12881000,0.0,0.0
2024-05-10 00:00:00-04:00,36.08268327799941,36.63556748847209,35.99204397154289,36.6174430847168,16888500,0.0,0.0
2024-05-13 00:00:00-04:00,36.56305622074857,36.84403285925316,36.33646316123911,36.74433135986328,21365700,0.0,0.0
2024-05-14 00:00:00-04:00,36.78965241956851,36.880288268092094,36.63556732803522,36.69901657104492,17664400,0.0,0.0
2024-05-15 00:00:00-04:00,36.93467185172784,37.07969128388717,36.65369518924714,36.69901657104492,14926000,0.0,0.0
2024-05-16 00:00:00-04:00,36.51773917967575,36.65369294413368,36.38178195768204,36.481483459472656,12913200,0.0,0.0
2024-05-17 00:00:00-04:00,36.60837765011378,36.626505511516406,36.1008113609844,36.30927658081055,14670400,0.0,0.0
2024-05-20 00:00:00-04:00,36.300205498970854,36.53586420446725,36.26394978158133,36.363651275634766,8665000,0.0,0.0
2024-05-21 00:00:00-04:00,36.34552347726841,36.36365133599326,35.60229855722707,35.910465240478516,18327000,0.0,0.0
2024-05-22 00:00:00-04:00,35.98297866711954,36.41803692799092,35.91046722820646,36.064552307128906,12374100,0.0,0.0
2024-05-23 00:00:00-04:00,35.89233998585347,36.073615128718544,35.4482195162466,35.738258361816406,14105000,0.0,0.0
2024-05-24 00:00:00-04:00,35.8107650494588,36.01923370361328,35.801702848534354,36.01923370361328,10420000,0.0,0.0
2024-05-28 00:00:00-04:00,36.00111072972184,36.06455651740978,35.50260317283643,35.6748161315918,15071300,0.0,0.0
2024-05-29 00:00:00-04:00,35.584171178134,35.774511968542754,35.348515926605614,35.439151763916016,17652000,0.0,0.0
2024-05-30 00:00:00-04:00,35.54791950953928,36.58118328523633,35.5116637909973,36.553993225097656,19633200,0.0,0.0
2024-05-31 00:00:00-04:00,36.381780442204985,37.415044222202276,36.34552472351211,37.297218322753906,38917400,0.0,0.0
2024-06-03 00:00:00-04:00,37.32440638231538,37.623507401659815,37.07062328014004,37.143131256103516,20688100,0.0,0.0
2024-06-04 00:00:00-04:00,37.05250123498284,37.6688346862793,36.907481802768146,37.6688346862793,16040200,0.0,0.0
2024-06-05 00:00:00-04:00,37.70508197112236,37.8138491240695,37.27908939012047,37.47848892211914,11964000,0.0,0.0
2024-06-06 00:00:00-04:00,37.4422374362108,37.81384990595862,37.288152361784064,37.460365295410156,10259100,0.0,0.0
2024-06-07 00:00:00-04:00,37.306283197555466,37.42411256298479,36.98905428009484,37.10688018798828,10410200,0.0,0.0
2024-06-10 00:00:00-04:00,37.079689121989965,37.097816982144955,36.5539950076385,36.626502990722656,15210700,0.0,0.0
2024-06-11 00:00:00-04:00,36.51774460426402,36.78965563110713,36.45429881325183,36.63557052612305,12083300,0.0,0.0
2024-06-12 00:00:00-04:00,36.9527971174405,36.979987178580586,35.87421538260914,36.046424865722656,15065300,0.0,0.0
2024-06-13 00:00:00-04:00,36.028294712319266,36.073612630513196,35.62042653350289,36.055484771728516,12297400,0.0,0.0
2024-06-14 00:00:00-04:00,35.78357816555513,36.10987274836993,35.756388102832545,35.955787658691406,10480600,0.0,0.0
2024-06-17 00:00:00-04:00,35.892341090576174,35.892341090576174,35.30320118005139,35.76544952392578,22286600,0.0,0.0
2024-06-18 00:00:00-04:00,35.99204377644952,36.41803987064601,35.98298157462099,36.3274040222168,17125700,0.0,0.0
2024-06-20 00:00:00-04:00,36.10987702046912,36.68089260795092,36.08268695452973,36.47242736816406,17704700,0.0,0.0
2024-06-21 00:00:00-04:00,36.590253292259014,36.599318952596384,36.164260609884266,36.47242736816406,30375300,0.0,0.0
2024-06-24 00:00:00-04:00,36.60837273731507,37.360663325655395,36.54492695968824,37.31534194946289,20773800,0.0,0.0
2024-06-25 00:00:00-04:00,37.35160200320755,37.732280170693514,37.00718301540593,37.2337760925293,17475700,0.0,0.0
2024-06-26 00:00:00-04:00,37.1612620937852,37.31534371602033,36.89841331258156,37.17938995361328,19709900,0.0,0.0
2024-06-27 00:00:00-04:00,37.1612628236722,37.19751854404048,36.76246027222861,36.99811553955078,15560800,0.0,0.0
2024-06-28 00:00:00-04:00,37.03437317751849,37.68696234779455,36.88028808674288,37.3787956237793,27639200,0.0,0.0
2024-07-01 00:00:00-04:00,37.541939339429426,38.04950907664518,37.47849355446945,37.83198165893555,16412100,0.0,0.0
2024-07-02 00:00:00-04:00,37.73228324773619,37.79572903790182,36.90748451804678,37.25190353393555,21659400,0.0,0.0
2024-07-03 00:00:00-04:00,37.279092819658565,37.5147480909857,37.11594553276446,37.27002716064453,6653900,0.0,0.0
2024-07-05 00:00:00-04:00,37.31534747761131,37.505688296225735,37.11594791447327,37.40598678588867,17552200,0.0,0.0
2024-07-08 00:00:00-04:00,37.43317449982475,37.69602329102528,37.23377494920354,37.641639709472656,15380400,0.0,0.0
2024-07-09 00:00:00-04:00,37.587263047822816,37.868236267886985,37.35160429692286,37.43317794799805,20475200,0.0,0.0
2024-07-10 00:00:00-04:00,37.65887499086002,37.88917632407251,37.483843728582066,37.843116760253906,13826800,0.665,0.0
2024-07-11 00:00:00-04:00,37.84311739486048,38.10105376786568,37.53911794314475,38.045780181884766,12487800,0.0,0.0
2024-07-12 00:00:00-04:00,38.05499132366703,38.29450314988816,37.95365818076297,38.16553497314453,11129100,0.0,0.0
2024-07-15 00:00:00-04:00,38.1655367244402,38.193171759547845,37.49305726190531,37.575965881347656,15874900,0.0,0.0
2024-07-16 00:00:00-04:00,37.631234678645214,38.2760790842599,37.603599644472354,38.1839599609375,16016900,0.0,0.0
2024-07-17 00:00:00-04:00,38.27607600753656,38.865646783295105,38.248440975585076,38.71825408935547,20401700,0.0,0.0
2024-07-18 00:00:00-04:00,38.598500861325604,39.16964712468778,38.432683637427054,38.755104064941406,15752800,0.0,0.0
2024-07-19 00:00:00-04:00,38.96697687725946,38.96697687725946,38.16552938616135,38.34055709838867,17608000,0.0,0.0
2024-07-22 00:00:00-04:00,36.8021514982258,36.84821105922598,35.65064490262499,36.00991439819336,54985800,0.0,0.0
2024-07-23 00:00:00-04:00,35.68749346854917,36.17573113388231,35.669068941577464,35.8256721496582,25257700,0.0,0.0
2024-07-24 00:00:00-04:00,36.14809729771463,36.69160856196407,35.97306604274591,36.544212341308594,22889000,0.0,0.0
2024-07-25 00:00:00-04:00,36.7192421126093,37.74178051031465,36.65475802573771,36.80215072631836,19740300,0.0,0.0
2024-07-26 00:00:00-04:00,36.75609028190862,37.004812602932205,36.52578897316012,36.93111801147461,15911500,0.0,0.0
2024-07-29 00:00:00-04:00,36.92190993887397,36.95875547997173,36.54421239407792,36.87584686279297,12937200,0.0,0.0
2024-07-30 00:00:00-04:00,36.85742462120002,37.08772595941179,36.69161089067752,36.88506317138672,16089200,0.0,0.0
2024-07-31 00:00:00-04:00,36.87584406862919,37.575962008226895,36.829784510157545,37.32723617553711,23605400,0.0,0.0
2024-08-01 00:00:00-04:00,37.46541598850418,37.935232635889484,37.106146501750224,37.63123321533203,18166800,0.0,0.0
2024-08-02 00:00:00-04:00,37.95365610820406,38.63534600922897,37.2259031344696,37.74177932739258,26124900,0.0,0.0
2024-08-05 00:00:00-04:00,36.84820887979112,37.096934711424,36.516574437613954,36.66396713256836,26855000,0.0,0.0
2024-08-06 00:00:00-04:00,36.820575919639246,37.29038906308182,36.62712014140361,37.08772277832031,18104200,0.0,0.0
2024-08-07 00:00:00-04:00,37.17984587571205,37.511480340667944,37.0324531706338,37.10614776611328,12176300,0.0,0.0
2024-08-08 00:00:00-04:00,37.10614537510651,37.575962008226895,37.07851034284732,37.32723617553711,13237100,0.0,0.0
2024-08-09 00:00:00-04:00,37.29960407441599,37.5851754678529,36.87584696646688,37.53911590576172,11818700,0.0,0.0
2024-08-12 00:00:00-04:00,37.723352858028974,37.76941241424696,37.133782104553404,37.33644485473633,11099000,0.0,0.0
2024-08-13 00:00:00-04:00,37.4469916159629,37.58517028317541,37.170627253300175,37.56674575805664,15349400,0.0,0.0
2024-08-14 00:00:00-04:00,37.400931301789335,37.86153392133905,37.29960167734845,37.67729568481445,10931100,0.0,0.0
2024-08-15 00:00:00-04:00,37.62202675084049,37.6957213517261,36.84821411388414,36.88506317138672,17489600,0.0,0.0
2024-08-16 00:00:00-04:00,36.94032817254324,37.419355311959706,36.90348263421817,37.4101448059082,13377500,0.0,0.0
2024-08-19 00:00:00-04:00,37.42857027215841,37.640447057854885,37.36408618582118,37.529903411865234,9401400,0.0,0.0
2024-08-20 00:00:00-04:00,37.456205482177815,37.732566355517854,37.428570449079565,37.63123321533203,8784000,0.0,0.0
2024-08-21 00:00:00-04:00,37.68650728889516,37.83389999088022,37.52069005989706,37.81547546386719,13683400,0.0,0.0
2024-08-22 00:00:00-04:00,37.861531156252624,37.91680473164475,37.410142589966206,37.649654388427734,13529600,0.0,0.0
2024-08-23 00:00:00-04:00,37.76020117586913,37.98128844707256,37.695713581472745,37.96286392211914,11757300,0.0,0.0
2024-08-26 00:00:00-04:00,38.110258965266794,38.451107426813,37.99050481683935,38.22080612182617,10309500,0.0,0.0
2024-08-27 00:00:00-04:00,38.2760790842599,38.35898770089777,37.93523411102387,38.1839599609375,9778200,0.0,0.0
2024-08-28 00:00:00-04:00,38.22080612182617,38.42346888061364,38.101048459279696,38.22080612182617,12732700,0.0,0.0
2024-08-29 00:00:00-04:00,38.266868086375126,38.29450312019326,37.898384569576855,37.999717712402344,17338100,0.0,0.0
2024-08-30 00:00:00-04:00,38.045778870485144,38.589290147811475,37.92602119538086,38.48795700073242,20009900,0.0,0.0
2024-09-03 00:00:00-04:00,38.65377393326096,39.54734420776367,38.616924877501816,39.54734420776367,23319900,0.0,0.0
2024-09-04 00:00:00-04:00,39.61182208538687,39.86054790157076,37.95365349161304,38.21158981323242,31272700,0.0,0.0
2024-09-05 00:00:00-04:00,38.05498504638672,38.51558760970436,37.677291085030994,38.05498504638672,28199800,0.0,0.0
2024-09-06 00:00:00-04:00,38.10104884288282,38.49716737257782,37.88917206185604,37.907596588134766,18100300,0.0,0.0
2024-09-09 00:00:00-04:00,38.00892536327665,39.40915770214067,38.00892536327665,39.36309814453125,27850300,0.0,0.0
2024-09-10 00:00:00-04:00,39.418372381081184,40.247454974267235,39.04067837977976,40.210609436035156,36980400,0.0,0.0
2024-09-11 00:00:00-04:00,40.08163884941175,40.367213741767536,39.55655213845887,40.34878921508789,22395500,0.0,0.0
2024-09-12 00:00:00-04:00,40.07242971511709,40.422488705777255,40.00794562659012,40.4040641784668,18397000,0.0,0.0
2024-09-13 00:00:00-04:00,40.46854700168334,40.96599868115432,40.18297210847908,40.92914962768555,20029700,0.0,0.0
2024-09-16 00:00:00-04:00,41.094965601830175,41.50029463527705,40.95678341259288,41.4542350769043,24714500,0.0,0.0
2024-09-17 00:00:00-04:00,41.22392953524043,41.22392953524043,40.45932759116179,40.60672378540039,18769600,0.0,0.0
2024-09-18 00:00:00-04:00,40.62515194074495,40.99363546291324,40.33036652865804,40.422489166259766,16897900,0.0,0.0
2024-09-19 00:00:00-04:00,40.49618102651983,40.505395046717204,39.91582426237158,40.47775650024414,23097200,0.0,0.0
2024-09-20 00:00:00-04:00,40.33036659576101,40.96600049685293,40.210612437858465,40.837032318115234,52671900,0.0,0.0
2024-09-23 00:00:00-04:00,40.855449655602776,41.021266874523164,40.48696968009446,40.77254104614258,18083200,0.0,0.0
2024-09-24 00:00:00-04:00,40.726482485760776,41.26078320739219,40.65278789450211,41.14102554321289,15154000,0.0,0.0
2024-09-25 00:00:00-04:00,41.26998939437611,41.34368749204096,40.91993045870555,41.03968811035156,21990100,0.0,0.0
2024-09-26 00:00:00-04:00,41.0857510416962,41.343690890607796,40.86466375876511,41.10417556762695,15779600,0.0,0.0
2024-09-27 00:00:00-04:00,41.19629825927165,41.50029415228908,40.98442148192762,41.352901458740234,15659300,0.0,0.0
2024-09-30 00:00:00-04:00,41.57399655360427,41.78587335284989,41.26078660817175,41.37133026123047,13509700,0.0,0.0
2024-10-01 00:00:00-04:00,41.41738849959072,41.67532836730646,41.14102761872032,41.64768981933594,17536400,0.0,0.0
2024-10-02 00:00:00-04:00,41.57399565624804,41.712174341059075,41.334480313318046,41.50029754638672,12040800,0.0,0.0
2024-10-03 00:00:00-04:00,41.3897522709714,41.41738730402494,40.892300591292695,41.01205825805664,12258400,0.0,0.0
2024-10-04 00:00:00-04:00,40.32115092851021,40.76332899078377,40.11848466550692,40.69884490966797,14531200,0.0,0.0
2024-10-07 00:00:00-04:00,40.606730001759146,40.66200006894106,40.321155102882116,40.38563919067383,12885000,0.0,0.0
2024-10-08 00:00:00-04:00,40.53303345067508,40.671215652177395,40.24745854082599,40.54224395751953,10855100,0.0,0.0
2024-10-09 00:00:00-04:00,40.58830171066988,40.763329430713306,40.35800041445116,40.634361267089844,12614200,0.0,0.0
2024-10-10 00:00:00-04:00,40.64184568585922,40.85702999062205,40.052429204151835,40.18341064453125,12352800,0.678,0.0
2024-10-11 00:00:00-04:00,40.37052957774993,40.454732444344785,40.04307239922474,40.23019027709961,10658700,0.0,0.0
2024-10-14 00:00:00-04:00,40.230191329287344,40.50151208085324,40.127276315315676,40.40795135498047,9923500,0.0,0.0
2024-10-15 00:00:00-04:00,40.66991870135716,41.137711633946125,40.38924008662231,40.92252731323242,15444500,0.0,0.0
2024-10-16 00:00:00-04:00,40.92252940890905,41.259337339680776,40.84768082275288,41.08157730102539,9459000,0.0,0.0
2024-10-17 00:00:00-04:00,41.053510219919986,41.165779528411186,40.72605301410326,41.02544021606445,10539500,0.0,0.0
2024-10-18 00:00:00-04:00,41.006728073411665,41.324823824983326,40.85703091646972,41.15642166137695,13058400,0.0,0.0
2024-10-21 00:00:00-04:00,41.212554929935685,41.352894231455075,40.791540594354224,40.885101318359375,18760000,0.0,0.0
2024-10-22 00:00:00-04:00,39.201048511433896,39.89338004125664,38.125123357198326,38.826812744140625,42576300,0.0,0.0
2024-10-23 00:00:00-04:00,39.16361928573068,40.13662930289853,39.07005857120897,40.099205017089844,27174700,0.0,0.0
2024-10-24 00:00:00-04:00,39.650128874598224,39.71561959784058,38.95779378306604,39.16362380981445,23506400,0.0,0.0
2024-10-25 00:00:00-04:00,39.20104358294421,39.46300644572857,38.70518071827569,38.71453857421875,19717400,0.0,0.0
2024-10-28 00:00:00-04:00,38.780035213801014,39.088776696533806,38.72389877649647,38.939083099365234,13575000,0.0,0.0
2024-10-29 00:00:00-04:00,38.658408713511974,38.99522020515939,38.630342278867005,38.66776657104492,15072300,0.0,0.0
2024-10-30 00:00:00-04:00,38.66776527191842,38.83616744310736,38.47128952907383,38.6209831237793,16372600,0.0,0.0
2024-10-31 00:00:00-04:00,38.60226706346813,39.902734273744926,38.59291277617506,39.416229248046875,31077900,0.0,0.0
2024-11-01 00:00:00-04:00,39.40687497396001,39.622059291025934,38.639694863037406,38.695831298828125,16682400,0.0,0.0
2024-11-04 00:00:00-05:00,38.96715312720741,39.07942243291079,38.26546372085177,38.415157318115234,14760900,0.0,0.0
2024-11-05 00:00:00-05:00,38.368371770924924,38.61162607554379,38.199969611773525,38.60226821899414,12322800,0.0,0.0
2024-11-06 00:00:00-05:00,38.77067565989243,38.985859973345114,38.293528455102006,38.50871276855469,21957100,0.0,0.0
2024-11-07 00:00:00-05:00,38.433865374304176,38.536776811678706,37.90057819876007,37.95671463012695,24225500,0.0,0.0
2024-11-08 00:00:00-05:00,38.11576712440574,38.21867856463296,37.81637638445984,37.87251281738281,21305900,0.0,0.0
2024-11-11 00:00:00-05:00,37.86316063972107,38.24675069696289,37.80702420366978,37.83509063720703,17116400,0.0,0.0
2024-11-12 00:00:00-05:00,37.89122561119663,37.984782765362006,37.48892342412752,37.79766845703125,16984600,0.0,0.0
2024-11-13 00:00:00-05:00,37.79767014124957,38.73325600049855,37.71346727115809,38.4900016784668,19953500,0.0,0.0
2024-11-14 00:00:00-05:00,38.48999719166758,38.60226648237665,38.22803432368759,38.237388610839844,13636600,0.0,0.0
2024-11-15 00:00:00-05:00,38.17190527374952,39.07942476895746,38.17190527374952,38.96715545654297,21482500,0.0,0.0
2024-11-18 00:00:00-05:00,38.985854369965686,39.83724078239829,38.985854369965686,39.52849578857422,17405400,0.0,0.0
2024-11-19 00:00:00-05:00,39.491077425436224,39.509789570501866,39.10748737403239,39.2291145324707,10520600,0.0,0.0
2024-11-20 00:00:00-05:00,39.29460485086359,39.55656774113014,39.060708393417976,39.50043487548828,14706500,0.0,0.0
2024-11-21 00:00:00-05:00,39.50043487584438,39.99629422356101,39.30395913916599,39.76239776611328,12534100,0.0,0.0
2024-11-22 00:00:00-05:00,39.85595788961467,40.548293025568576,39.61270712610366,40.37053298950195,17017400,0.0,0.0
2024-11-25 00:00:00-05:00,40.5482898512383,41.21255493130181,40.520223418524175,41.147064208984375,28365900,0.0,0.0
2024-11-26 00:00:00-05:00,41.14706590094449,41.633570978862345,40.93188158034219,41.51194381713867,17247000,0.0,0.0
2024-11-27 00:00:00-05:00,41.61485460420491,41.8487510466087,41.511939598511006,41.521297454833984,12372400,0.0,0.0
2024-11-29 00:00:00-05:00,41.521299563898125,41.65228100726118,41.21255453113378,41.4838752746582,9023100,0.0,0.0
2024-12-02 00:00:00-05:00,41.41838814924913,41.46516673037239,40.71669872546939,41.02544021606445,12783900,0.0,0.0
2024-12-03 00:00:00-05:00,41.08157413739201,41.55872134597362,40.88510196732762,41.00672912597656,15415900,0.0,0.0
2024-12-04 00:00:00-05:00,40.91317074693032,40.9599493278699,39.67819765144518,39.78111267089844,21431600,0.0,0.0
2024-12-05 00:00:00-05:00,39.846597871135934,40.10856074324392,39.781107153108934,39.809173583984375,16176900,0.0,0.0
2024-12-06 00:00:00-05:00,39.79046737514991,39.92144883073976,39.31332013421873,39.64077377319336,15685900,0.0,0.0
2024-12-09 00:00:00-05:00,39.734331333113595,40.323747836215986,39.444298441048105,39.63141632080078,15570300,0.0,0.0
2024-12-10 00:00:00-05:00,39.64076995733056,39.902736412270094,39.36009492680224,39.575279235839844,16337200,0.0,0.0
2024-12-11 00:00:00-05:00,39.47236210036286,39.72497068493305,39.19168708494368,39.285247802734375,13986100,0.0,0.0
2024-12-12 00:00:00-05:00,39.35074128530301,39.44429844069015,39.11684482785846,39.36945343017578,11232300,0.0,0.0
2024-12-13 00:00:00-05:00,39.2946052528058,39.668841016137506,39.11684522816045,39.55656814575195,13360400,0.0,0.0
2024-12-16 00:00:00-05:00,39.44429860289796,39.52850147068334,38.18125915509403,38.24674987792969,30228300,0.0,0.0
2024-12-17 00:00:00-05:00,38.04092130777633,38.471289951154155,37.90058199977289,38.15319061279297,15374000,0.0,0.0
2024-12-18 00:00:00-05:00,38.078344553187506,38.4057981708987,37.619905919415075,37.64797592163086,19199600,0.0,0.0
2024-12-19 00:00:00-05:00,37.470207856704,37.85379786410486,37.35793856816569,37.395362854003906,17859100,0.0,0.0
2024-12-20 00:00:00-05:00,37.35794448852539,37.78831313693921,37.34858663109467,37.35794448852539,47590900,0.0,0.0
2024-12-23 00:00:00-05:00,37.35794383792979,37.545061724539636,37.26438667911328,37.3672981262207,21292300,0.0,0.0
2024-12-24 00:00:00-05:00,37.32987740871316,37.3860102764193,36.927575201593946,37.2363166809082,11712200,0.0,0.0
2024-12-26 00:00:00-05:00,37.264385627076145,37.58248138566262,37.18018275892774,37.386009216308594,12946400,0.0,0.0
2024-12-27 00:00:00-05:00,37.29245035788334,37.573125382574084,37.09597819749748,37.34858322143555,15168100,0.0,0.0
2024-12-30 00:00:00-05:00,37.23631603401712,37.27374032448895,36.86208383622919,37.049198150634766,15672000,0.0,0.0
